op_id,h1,h2,op_type,input_shape,weight_shape,weight_pos,output_shape,depends_on,layer_idx,block,sub_block,depth,module_path,raw_op,params,phase,unmapped
0,model,embed_tokens,embedding,"[[V, d_model], [B, T]]","[V, d_model]",0,"[[B, T, d_model]]",[],,other,,2,model.embed_tokens,aten.embedding.default,[model.embed_tokens.weight],prefill,False
1,model,embed_tokens,elementwise_mul,"[[B, T, d_model], []]",,,"[[B, T, d_model]]",[0],,other,,2,model.embed_tokens,aten.mul.Tensor,[model.embed_tokens.embed_scale],prefill,False
2,model,,lift_fresh,[[]],,,[[]],[],,other,,1,model,aten.lift_fresh.default,[],prefill,True
3,model,,lift_fresh,[[]],,,[[]],[],,other,,1,model,aten.lift_fresh.default,[],prefill,True
4,model,,lift_fresh,[[]],,,[[]],[],,other,,1,model,aten.lift_fresh.default,[],prefill,True
5,model,,lift_fresh,[[]],,,[[]],[],,other,,1,model,aten.lift_fresh.default,[],prefill,True
6,model,,lift_fresh,[[]],,,[[]],[],,other,,1,model,aten.lift_fresh.default,[],prefill,True
7,model,,lift_fresh,[[]],,,[[]],[],,other,,1,model,aten.lift_fresh.default,[],prefill,True
8,model,,lift_fresh,[[]],,,[[]],[],,other,,1,model,aten.lift_fresh.default,[],prefill,True
9,model,,lift_fresh,[[]],,,[[]],[],,other,,1,model,aten.lift_fresh.default,[],prefill,True
10,model,,lift_fresh,[[]],,,[[]],[],,other,,1,model,aten.lift_fresh.default,[],prefill,True
11,model,,lift_fresh,[[]],,,[[]],[],,other,,1,model,aten.lift_fresh.default,[],prefill,True
12,model,,lift_fresh,[[]],,,[[]],[],,other,,1,model,aten.lift_fresh.default,[],prefill,True
13,model,,lift_fresh,[[]],,,[[]],[],,other,,1,model,aten.lift_fresh.default,[],prefill,True
14,model,,lift_fresh,[[]],,,[[]],[],,other,,1,model,aten.lift_fresh.default,[],prefill,True
15,model,,arange,[],,,[[B]],[],,other,,1,model,aten.arange.default,[],prefill,True
16,model,,arange,[],,,[[B]],[],,other,,1,model,aten.arange.default,[],prefill,True
17,model,,arange,[],,,[[T]],[],,other,,1,model,aten.arange.default,[],prefill,True
18,model,,elementwise_add,[[T]],,,[[T]],[17],,other,,1,model,aten.add.Tensor,[],prefill,False
19,model,,arange,[],,,[[T]],[],,other,,1,model,aten.arange.default,[],prefill,True
20,model,,elementwise_add,[[T]],,,[[T]],[19],,other,,1,model,aten.add.Tensor,[],prefill,False
21,model,,unsqueeze,[[B]],,,"[[B, 1]]",[15],,other,,1,model,aten.unsqueeze.default,[],prefill,True
22,model,,unsqueeze,"[[B, 1]]",,,"[[B, 1, 1]]",[21],,other,,1,model,aten.unsqueeze.default,[],prefill,True
23,model,,unsqueeze,"[[B, 1, 1]]",,,"[[B, 1, 1, 1]]",[22],,other,,1,model,aten.unsqueeze.default,[],prefill,True
24,model,,unsqueeze,[[B]],,,"[[B, 1]]",[16],,other,,1,model,aten.unsqueeze.default,[],prefill,True
25,model,,unsqueeze,"[[B, 1]]",,,"[[B, 1, 1]]",[24],,other,,1,model,aten.unsqueeze.default,[],prefill,True
26,model,,unsqueeze,"[[B, 1, 1]]",,,"[[B, 1, 1, 1]]",[25],,other,,1,model,aten.unsqueeze.default,[],prefill,True
27,model,,unsqueeze,[[T]],,,"[[B, T]]",[18],,other,,1,model,aten.unsqueeze.default,[],prefill,True
28,model,,unsqueeze,"[[B, T]]",,,"[[B, 1, T]]",[27],,other,,1,model,aten.unsqueeze.default,[],prefill,True
29,model,,unsqueeze,"[[B, 1, T]]",,,"[[B, 1, T, 1]]",[28],,other,,1,model,aten.unsqueeze.default,[],prefill,True
30,model,,unsqueeze,[[T]],,,"[[B, T]]",[20],,other,,1,model,aten.unsqueeze.default,[],prefill,True
31,model,,unsqueeze,"[[B, T]]",,,"[[B, 1, T]]",[30],,other,,1,model,aten.unsqueeze.default,[],prefill,True
32,model,,unsqueeze,"[[B, 1, T]]",,,"[[B, 1, 1, T]]",[31],,other,,1,model,aten.unsqueeze.default,[],prefill,True
33,model,,le,"[[B, 1, 1, T], [B, 1, T, 1]]",,,"[[B, 1, T, T]]","[29, 32]",,other,,1,model,aten.le.Tensor,[],prefill,True
34,model,,expand,"[[B, 1, T, T]]",,,"[[B, 1, T, T]]",[33],,other,,1,model,aten.expand.default,[],prefill,True
35,model,,scalar_tensor,[],,,[[]],[],,other,,1,model,aten.scalar_tensor.default,[],prefill,True
36,model,,where,"[[B, 1, T, T], [], []]",,,"[[B, 1, T, T]]","[34, 35]",,other,,1,model,aten.where.self,[],prefill,True
37,model,,arange,[],,,[[B]],[],,other,,1,model,aten.arange.default,[],prefill,True
38,model,,arange,[],,,[[B]],[],,other,,1,model,aten.arange.default,[],prefill,True
39,model,,arange,[],,,[[T]],[],,other,,1,model,aten.arange.default,[],prefill,True
40,model,,elementwise_add,[[T]],,,[[T]],[39],,other,,1,model,aten.add.Tensor,[],prefill,False
41,model,,arange,[],,,[[T]],[],,other,,1,model,aten.arange.default,[],prefill,True
42,model,,elementwise_add,[[T]],,,[[T]],[41],,other,,1,model,aten.add.Tensor,[],prefill,False
43,model,,unsqueeze,[[B]],,,"[[B, 1]]",[37],,other,,1,model,aten.unsqueeze.default,[],prefill,True
44,model,,unsqueeze,"[[B, 1]]",,,"[[B, 1, 1]]",[43],,other,,1,model,aten.unsqueeze.default,[],prefill,True
45,model,,unsqueeze,"[[B, 1, 1]]",,,"[[B, 1, 1, 1]]",[44],,other,,1,model,aten.unsqueeze.default,[],prefill,True
46,model,,unsqueeze,[[B]],,,"[[B, 1]]",[38],,other,,1,model,aten.unsqueeze.default,[],prefill,True
47,model,,unsqueeze,"[[B, 1]]",,,"[[B, 1, 1]]",[46],,other,,1,model,aten.unsqueeze.default,[],prefill,True
48,model,,unsqueeze,"[[B, 1, 1]]",,,"[[B, 1, 1, 1]]",[47],,other,,1,model,aten.unsqueeze.default,[],prefill,True
49,model,,unsqueeze,[[T]],,,"[[B, T]]",[40],,other,,1,model,aten.unsqueeze.default,[],prefill,True
50,model,,unsqueeze,"[[B, T]]",,,"[[B, 1, T]]",[49],,other,,1,model,aten.unsqueeze.default,[],prefill,True
51,model,,unsqueeze,"[[B, 1, T]]",,,"[[B, 1, T, 1]]",[50],,other,,1,model,aten.unsqueeze.default,[],prefill,True
52,model,,unsqueeze,[[T]],,,"[[B, T]]",[42],,other,,1,model,aten.unsqueeze.default,[],prefill,True
53,model,,unsqueeze,"[[B, T]]",,,"[[B, 1, T]]",[52],,other,,1,model,aten.unsqueeze.default,[],prefill,True
54,model,,unsqueeze,"[[B, 1, T]]",,,"[[B, 1, 1, T]]",[53],,other,,1,model,aten.unsqueeze.default,[],prefill,True
55,model,,new_ones,"[[B, 1, T, 1]]",,,[[]],[51],,other,,1,model,aten.new_ones.default,[],prefill,True
56,model,,sub,"[[B, 1, T, 1]]",,,"[[B, 1, T, 1]]",[51],,other,,1,model,aten.sub.Tensor,[],prefill,True
57,model,,gt,"[[B, 1, 1, T], [B, 1, T, 1]]",,,"[[B, 1, T, T]]","[54, 56]",,other,,1,model,aten.gt.Tensor,[],prefill,True
58,model,,bitwise_and,"[[], [B, 1, T, T]]",,,"[[B, 1, T, T]]","[55, 57]",,other,,1,model,aten.bitwise_and.Tensor,[],prefill,True
59,model,,le,"[[B, 1, 1, T], [B, 1, T, 1]]",,,"[[B, 1, T, T]]","[51, 54]",,other,,1,model,aten.le.Tensor,[],prefill,True
60,model,,bitwise_and,"[[B, 1, T, T], [B, 1, T, T]]",,,"[[B, 1, T, T]]","[58, 59]",,other,,1,model,aten.bitwise_and.Tensor,[],prefill,True
61,model,,expand,"[[B, 1, T, T]]",,,"[[B, 1, T, T]]",[60],,other,,1,model,aten.expand.default,[],prefill,True
62,model,,scalar_tensor,[],,,[[]],[],,other,,1,model,aten.scalar_tensor.default,[],prefill,True
63,model,,where,"[[B, 1, T, T], [], []]",,,"[[B, 1, T, T]]","[61, 62]",,other,,1,model,aten.where.self,[],prefill,True
64,model,rotary_emb,unsqueeze,[[d_head/2]],,,"[[B, d_head/2]]",[],,other,,2,model.rotary_emb,aten.unsqueeze.default,[model.rotary_emb.inv_freq],prefill,True
65,model,rotary_emb,unsqueeze,"[[B, d_head/2]]",,,"[[B, d_head/2, 1]]",[64],,other,,2,model.rotary_emb,aten.unsqueeze.default,[],prefill,True
66,model,rotary_emb,expand,"[[B, d_head/2, 1]]",,,"[[B, d_head/2, 1]]",[65],,other,,2,model.rotary_emb,aten.expand.default,[],prefill,True
67,model,rotary_emb,unsqueeze,"[[B, T]]",,,"[[B, 1, T]]",[],,other,,2,model.rotary_emb,aten.unsqueeze.default,[],prefill,True
68,model,rotary_emb,_to_copy,"[[B, 1, T]]",,,"[[B, 1, T]]",[67],,other,,2,model.rotary_emb,aten._to_copy.default,[],prefill,True
69,model,rotary_emb,expand,"[[B, d_head/2, 1]]",,,"[[B, d_head/2, 1]]",[66],,other,,2,model.rotary_emb,aten.expand.default,[],prefill,True
70,model,rotary_emb,view,"[[B, d_head/2, 1]]",,,"[[B, d_head/2, 1]]",[69],,other,,2,model.rotary_emb,aten.view.default,[],prefill,True
71,model,rotary_emb,expand,"[[B, 1, T]]",,,"[[B, 1, T]]",[68],,other,,2,model.rotary_emb,aten.expand.default,[],prefill,True
72,model,rotary_emb,view,"[[B, 1, T]]",,,"[[B, 1, T]]",[71],,other,,2,model.rotary_emb,aten.view.default,[],prefill,True
73,model,rotary_emb,batched_matmul,"[[B, d_head/2, 1], [B, 1, T]]",,,"[[B, d_head/2, T]]","[70, 72]",,other,,2,model.rotary_emb,aten.bmm.default,[],prefill,False
74,model,rotary_emb,_unsafe_view,"[[B, d_head/2, T]]",,,"[[B, d_head/2, T]]",[73],,other,,2,model.rotary_emb,aten._unsafe_view.default,[],prefill,True
75,model,rotary_emb,transpose,"[[B, d_head/2, T]]",,,"[[B, T, d_head/2]]",[74],,other,,2,model.rotary_emb,aten.transpose.int,[],prefill,True
76,model,rotary_emb,concat,"[[B, T, d_head/2], [B, T, d_head/2]]",,,"[[B, T, d_head]]",[75],,other,,2,model.rotary_emb,aten.cat.default,[],prefill,False
77,model,rotary_emb,cos,"[[B, T, d_head]]",,,"[[B, T, d_head]]",[76],,other,,2,model.rotary_emb,aten.cos.default,[],prefill,False
78,model,rotary_emb,elementwise_mul,"[[B, T, d_head]]",,,"[[B, T, d_head]]",[77],,other,,2,model.rotary_emb,aten.mul.Tensor,[],prefill,False
79,model,rotary_emb,sin,"[[B, T, d_head]]",,,"[[B, T, d_head]]",[76],,other,,2,model.rotary_emb,aten.sin.default,[],prefill,False
80,model,rotary_emb,elementwise_mul,"[[B, T, d_head]]",,,"[[B, T, d_head]]",[79],,other,,2,model.rotary_emb,aten.mul.Tensor,[],prefill,False
81,input_layernorm,,pow,"[[B, T, d_model]]",,,"[[B, T, d_model]]",[1],0,input_layernorm,,1,model.layers.0.input_layernorm,aten.pow.Tensor_Scalar,[],prefill,False
82,input_layernorm,,mean,"[[B, T, d_model]]",,,"[[B, T, 1]]",[81],0,input_layernorm,,1,model.layers.0.input_layernorm,aten.mean.dim,[],prefill,False
83,input_layernorm,,elementwise_add,"[[B, T, 1]]",,,"[[B, T, 1]]",[82],0,input_layernorm,,1,model.layers.0.input_layernorm,aten.add.Tensor,[],prefill,False
84,input_layernorm,,rsqrt,"[[B, T, 1]]",,,"[[B, T, 1]]",[83],0,input_layernorm,,1,model.layers.0.input_layernorm,aten.rsqrt.default,[],prefill,False
85,input_layernorm,,elementwise_mul,"[[B, T, d_model], [B, T, 1]]",,,"[[B, T, d_model]]","[1, 84]",0,input_layernorm,,1,model.layers.0.input_layernorm,aten.mul.Tensor,[],prefill,False
86,input_layernorm,,elementwise_add,[[d_model]],,,[[d_model]],[],0,input_layernorm,,1,model.layers.0.input_layernorm,aten.add.Tensor,[model.layers.0.input_layernorm.weight],prefill,False
87,input_layernorm,,elementwise_mul,"[[B, T, d_model], [d_model]]",,,"[[B, T, d_model]]","[85, 86]",0,input_layernorm,,1,model.layers.0.input_layernorm,aten.mul.Tensor,[],prefill,False
88,self_attn,q_proj,t,"[[n_h*d_head, d_model]]","[n_h*d_head, d_model]",0,"[[d_model, n_h*d_head]]",[],0,self_attn,q_proj,2,model.layers.0.self_attn.q_proj,aten.t.default,[model.layers.0.self_attn.q_proj.weight],prefill,True
89,self_attn,q_proj,view,"[[B, T, d_model]]",,,"[[T, d_model]]",[87],0,self_attn,q_proj,2,model.layers.0.self_attn.q_proj,aten.view.default,[],prefill,True
90,self_attn,q_proj,matmul,"[[T, d_model], [d_model, n_h*d_head]]","[n_h*d_head, d_model]",1,"[[T, n_h*d_head]]","[88, 89]",0,self_attn,q_proj,2,model.layers.0.self_attn.q_proj,aten.mm.default,[model.layers.0.self_attn.q_proj.weight],prefill,False
91,self_attn,q_proj,_unsafe_view,"[[T, n_h*d_head]]",,,"[[B, T, n_h*d_head]]",[90],0,self_attn,q_proj,2,model.layers.0.self_attn.q_proj,aten._unsafe_view.default,[],prefill,True
92,self_attn,,view,"[[B, T, n_h*d_head]]",,,"[[B, T, n_h, d_head]]",[91],0,self_attn,,1,model.layers.0.self_attn,aten.view.default,[],prefill,True
93,self_attn,,transpose,"[[B, T, n_h, d_head]]",,,"[[B, n_h, T, d_head]]",[92],0,self_attn,,1,model.layers.0.self_attn,aten.transpose.int,[],prefill,True
94,self_attn,k_proj,t,"[[n_kv*d_head, d_model]]","[n_kv*d_head, d_model]",0,"[[d_model, n_kv*d_head]]",[],0,self_attn,k_proj,2,model.layers.0.self_attn.k_proj,aten.t.default,[model.layers.0.self_attn.k_proj.weight],prefill,True
95,self_attn,k_proj,view,"[[B, T, d_model]]",,,"[[T, d_model]]",[87],0,self_attn,k_proj,2,model.layers.0.self_attn.k_proj,aten.view.default,[],prefill,True
96,self_attn,k_proj,matmul,"[[T, d_model], [d_model, n_kv*d_head]]","[n_kv*d_head, d_model]",1,"[[T, n_kv*d_head]]","[94, 95]",0,self_attn,k_proj,2,model.layers.0.self_attn.k_proj,aten.mm.default,[model.layers.0.self_attn.k_proj.weight],prefill,False
97,self_attn,k_proj,_unsafe_view,"[[T, n_kv*d_head]]",,,"[[B, T, n_kv*d_head]]",[96],0,self_attn,k_proj,2,model.layers.0.self_attn.k_proj,aten._unsafe_view.default,[],prefill,True
98,self_attn,,view,"[[B, T, n_kv*d_head]]",,,"[[B, T, n_kv, d_head]]",[97],0,self_attn,,1,model.layers.0.self_attn,aten.view.default,[],prefill,True
99,self_attn,,transpose,"[[B, T, n_kv, d_head]]",,,"[[B, n_kv, T, d_head]]",[98],0,self_attn,,1,model.layers.0.self_attn,aten.transpose.int,[],prefill,True
100,self_attn,v_proj,t,"[[n_kv*d_head, d_model]]","[n_kv*d_head, d_model]",0,"[[d_model, n_kv*d_head]]",[],0,self_attn,v_proj,2,model.layers.0.self_attn.v_proj,aten.t.default,[model.layers.0.self_attn.v_proj.weight],prefill,True
101,self_attn,v_proj,view,"[[B, T, d_model]]",,,"[[T, d_model]]",[87],0,self_attn,v_proj,2,model.layers.0.self_attn.v_proj,aten.view.default,[],prefill,True
102,self_attn,v_proj,matmul,"[[T, d_model], [d_model, n_kv*d_head]]","[n_kv*d_head, d_model]",1,"[[T, n_kv*d_head]]","[100, 101]",0,self_attn,v_proj,2,model.layers.0.self_attn.v_proj,aten.mm.default,[model.layers.0.self_attn.v_proj.weight],prefill,False
103,self_attn,v_proj,_unsafe_view,"[[T, n_kv*d_head]]",,,"[[B, T, n_kv*d_head]]",[102],0,self_attn,v_proj,2,model.layers.0.self_attn.v_proj,aten._unsafe_view.default,[],prefill,True
104,self_attn,,view,"[[B, T, n_kv*d_head]]",,,"[[B, T, n_kv, d_head]]",[103],0,self_attn,,1,model.layers.0.self_attn,aten.view.default,[],prefill,True
105,self_attn,,transpose,"[[B, T, n_kv, d_head]]",,,"[[B, n_kv, T, d_head]]",[104],0,self_attn,,1,model.layers.0.self_attn,aten.transpose.int,[],prefill,True
106,self_attn,,unsqueeze,"[[B, T, d_head]]",,,"[[B, 1, T, d_head]]",[78],0,self_attn,,1,model.layers.0.self_attn,aten.unsqueeze.default,[],prefill,True
107,self_attn,,unsqueeze,"[[B, T, d_head]]",,,"[[B, 1, T, d_head]]",[80],0,self_attn,,1,model.layers.0.self_attn,aten.unsqueeze.default,[],prefill,True
108,self_attn,,elementwise_mul,"[[B, n_h, T, d_head], [B, 1, T, d_head]]",,,"[[B, n_h, T, d_head]]","[93, 106]",0,self_attn,,1,model.layers.0.self_attn,aten.mul.Tensor,[],prefill,False
109,self_attn,,slice,"[[B, n_h, T, d_head]]",,,"[[B, n_h, T, d_head/2]]",[93],0,self_attn,,1,model.layers.0.self_attn,aten.slice.Tensor,[],prefill,True
110,self_attn,,slice,"[[B, n_h, T, d_head]]",,,"[[B, n_h, T, d_head/2]]",[93],0,self_attn,,1,model.layers.0.self_attn,aten.slice.Tensor,[],prefill,True
111,self_attn,,neg,"[[B, n_h, T, d_head/2]]",,,"[[B, n_h, T, d_head/2]]",[110],0,self_attn,,1,model.layers.0.self_attn,aten.neg.default,[],prefill,False
112,self_attn,,concat,"[[B, n_h, T, d_head/2], [B, n_h, T, d_head/2]]",,,"[[B, n_h, T, d_head]]","[109, 111]",0,self_attn,,1,model.layers.0.self_attn,aten.cat.default,[],prefill,False
113,self_attn,,elementwise_mul,"[[B, n_h, T, d_head], [B, 1, T, d_head]]",,,"[[B, n_h, T, d_head]]","[107, 112]",0,self_attn,,1,model.layers.0.self_attn,aten.mul.Tensor,[],prefill,False
114,self_attn,,elementwise_add,"[[B, n_h, T, d_head], [B, n_h, T, d_head]]",,,"[[B, n_h, T, d_head]]","[108, 113]",0,self_attn,,1,model.layers.0.self_attn,aten.add.Tensor,[],prefill,False
115,self_attn,,elementwise_mul,"[[B, n_kv, T, d_head], [B, 1, T, d_head]]",,,"[[B, n_kv, T, d_head]]","[99, 106]",0,self_attn,,1,model.layers.0.self_attn,aten.mul.Tensor,[],prefill,False
116,self_attn,,slice,"[[B, n_kv, T, d_head]]",,,"[[B, n_kv, T, d_head/2]]",[99],0,self_attn,,1,model.layers.0.self_attn,aten.slice.Tensor,[],prefill,True
117,self_attn,,slice,"[[B, n_kv, T, d_head]]",,,"[[B, n_kv, T, d_head/2]]",[99],0,self_attn,,1,model.layers.0.self_attn,aten.slice.Tensor,[],prefill,True
118,self_attn,,neg,"[[B, n_kv, T, d_head/2]]",,,"[[B, n_kv, T, d_head/2]]",[117],0,self_attn,,1,model.layers.0.self_attn,aten.neg.default,[],prefill,False
119,self_attn,,concat,"[[B, n_kv, T, d_head/2], [B, n_kv, T, d_head/2]]",,,"[[B, n_kv, T, d_head]]","[116, 118]",0,self_attn,,1,model.layers.0.self_attn,aten.cat.default,[],prefill,False
120,self_attn,,elementwise_mul,"[[B, n_kv, T, d_head], [B, 1, T, d_head]]",,,"[[B, n_kv, T, d_head]]","[107, 119]",0,self_attn,,1,model.layers.0.self_attn,aten.mul.Tensor,[],prefill,False
121,self_attn,,elementwise_add,"[[B, n_kv, T, d_head], [B, n_kv, T, d_head]]",,,"[[B, n_kv, T, d_head]]","[115, 120]",0,self_attn,,1,model.layers.0.self_attn,aten.add.Tensor,[],prefill,False
122,self_attn,,_to_copy,[[]],,,[[]],[2],0,self_attn,,1,model.layers.0.self_attn,aten._to_copy.default,[],prefill,True
123,self_attn,,concat,"[[0], [B, n_kv, T, d_head]]",,,"[[B, n_kv, T, d_head]]",[121],0,self_attn,,1,model.layers.0.self_attn,aten.cat.default,[],prefill,False
124,self_attn,,concat,"[[0], [B, n_kv, T, d_head]]",,,"[[B, n_kv, T, d_head]]",[105],0,self_attn,,1,model.layers.0.self_attn,aten.cat.default,[],prefill,False
125,self_attn,,slice,"[[B, n_kv, T, d_head]]",,,"[[B, n_kv, T, d_head]]",[123],0,self_attn,,1,model.layers.0.self_attn,aten.slice.Tensor,[],prefill,True
126,self_attn,,slice,"[[B, n_kv, T, d_head]]",,,"[[B, n_kv, T, d_head]]",[124],0,self_attn,,1,model.layers.0.self_attn,aten.slice.Tensor,[],prefill,True
127,self_attn,,unsqueeze,"[[B, n_kv, T, d_head]]",,,"[[B, n_kv, 1, T, d_head]]",[123],0,self_attn,,1,model.layers.0.self_attn,aten.unsqueeze.default,[],prefill,True
128,self_attn,,expand,"[[B, n_kv, 1, T, d_head]]",,,"[[B, n_kv, n_h/n_kv, T, d_head]]",[127],0,self_attn,,1,model.layers.0.self_attn,aten.expand.default,[],prefill,True
129,self_attn,,clone,"[[B, n_kv, n_h/n_kv, T, d_head]]",,,"[[B, n_kv, n_h/n_kv, T, d_head]]",[128],0,self_attn,,1,model.layers.0.self_attn,aten.clone.default,[],prefill,True
130,self_attn,,_unsafe_view,"[[B, n_kv, n_h/n_kv, T, d_head]]",,,"[[B, n_h, T, d_head]]",[129],0,self_attn,,1,model.layers.0.self_attn,aten._unsafe_view.default,[],prefill,True
131,self_attn,,unsqueeze,"[[B, n_kv, T, d_head]]",,,"[[B, n_kv, 1, T, d_head]]",[124],0,self_attn,,1,model.layers.0.self_attn,aten.unsqueeze.default,[],prefill,True
132,self_attn,,expand,"[[B, n_kv, 1, T, d_head]]",,,"[[B, n_kv, n_h/n_kv, T, d_head]]",[131],0,self_attn,,1,model.layers.0.self_attn,aten.expand.default,[],prefill,True
133,self_attn,,clone,"[[B, n_kv, n_h/n_kv, T, d_head]]",,,"[[B, n_kv, n_h/n_kv, T, d_head]]",[132],0,self_attn,,1,model.layers.0.self_attn,aten.clone.default,[],prefill,True
134,self_attn,,_unsafe_view,"[[B, n_kv, n_h/n_kv, T, d_head]]",,,"[[B, n_h, T, d_head]]",[133],0,self_attn,,1,model.layers.0.self_attn,aten._unsafe_view.default,[],prefill,True
135,self_attn,,transpose,"[[B, n_h, T, d_head]]",,,"[[B, n_h, d_head, T]]",[130],0,self_attn,,1,model.layers.0.self_attn,aten.transpose.int,[],prefill,True
136,self_attn,,expand,"[[B, n_h, T, d_head]]",,,"[[B, n_h, T, d_head]]",[114],0,self_attn,,1,model.layers.0.self_attn,aten.expand.default,[],prefill,True
137,self_attn,,view,"[[B, n_h, T, d_head]]",,,"[[n_h, T, d_head]]",[136],0,self_attn,,1,model.layers.0.self_attn,aten.view.default,[],prefill,True
138,self_attn,,expand,"[[B, n_h, d_head, T]]",,,"[[B, n_h, d_head, T]]",[135],0,self_attn,,1,model.layers.0.self_attn,aten.expand.default,[],prefill,True
139,self_attn,,view,"[[B, n_h, d_head, T]]",,,"[[n_h, d_head, T]]",[138],0,self_attn,,1,model.layers.0.self_attn,aten.view.default,[],prefill,True
140,self_attn,,batched_matmul,"[[n_h, T, d_head], [n_h, d_head, T]]",,,"[[n_h, T, T]]","[137, 139]",0,self_attn,,1,model.layers.0.self_attn,aten.bmm.default,[],prefill,False
141,self_attn,,_unsafe_view,"[[n_h, T, T]]",,,"[[B, n_h, T, T]]",[140],0,self_attn,,1,model.layers.0.self_attn,aten._unsafe_view.default,[],prefill,True
142,self_attn,,elementwise_mul,"[[B, n_h, T, T]]",,,"[[B, n_h, T, T]]",[141],0,self_attn,,1,model.layers.0.self_attn,aten.mul.Tensor,[],prefill,False
143,self_attn,,div,"[[B, n_h, T, T]]",,,"[[B, n_h, T, T]]",[142],0,self_attn,,1,model.layers.0.self_attn,aten.div.Tensor,[],prefill,True
144,self_attn,,tanh,"[[B, n_h, T, T]]",,,"[[B, n_h, T, T]]",[143],0,self_attn,,1,model.layers.0.self_attn,aten.tanh.default,[],prefill,False
145,self_attn,,elementwise_mul,"[[B, n_h, T, T]]",,,"[[B, n_h, T, T]]",[144],0,self_attn,,1,model.layers.0.self_attn,aten.mul.Tensor,[],prefill,False
146,self_attn,,elementwise_add,"[[B, n_h, T, T], [B, 1, T, T]]",,,"[[B, n_h, T, T]]","[63, 145]",0,self_attn,,1,model.layers.0.self_attn,aten.add.Tensor,[],prefill,False
147,self_attn,,softmax,"[[B, n_h, T, T]]",,,"[[B, n_h, T, T]]",[146],0,self_attn,,1,model.layers.0.self_attn,aten._softmax.default,[],prefill,False
148,self_attn,,expand,"[[B, n_h, T, T]]",,,"[[B, n_h, T, T]]",[147],0,self_attn,,1,model.layers.0.self_attn,aten.expand.default,[],prefill,True
149,self_attn,,view,"[[B, n_h, T, T]]",,,"[[n_h, T, T]]",[148],0,self_attn,,1,model.layers.0.self_attn,aten.view.default,[],prefill,True
150,self_attn,,expand,"[[B, n_h, T, d_head]]",,,"[[B, n_h, T, d_head]]",[134],0,self_attn,,1,model.layers.0.self_attn,aten.expand.default,[],prefill,True
151,self_attn,,view,"[[B, n_h, T, d_head]]",,,"[[n_h, T, d_head]]",[150],0,self_attn,,1,model.layers.0.self_attn,aten.view.default,[],prefill,True
152,self_attn,,batched_matmul,"[[n_h, T, T], [n_h, T, d_head]]",,,"[[n_h, T, d_head]]","[149, 151]",0,self_attn,,1,model.layers.0.self_attn,aten.bmm.default,[],prefill,False
153,self_attn,,_unsafe_view,"[[n_h, T, d_head]]",,,"[[B, n_h, T, d_head]]",[152],0,self_attn,,1,model.layers.0.self_attn,aten._unsafe_view.default,[],prefill,True
154,self_attn,,transpose,"[[B, n_h, T, d_head]]",,,"[[B, T, n_h, d_head]]",[153],0,self_attn,,1,model.layers.0.self_attn,aten.transpose.int,[],prefill,True
155,self_attn,,clone,"[[B, T, n_h, d_head]]",,,"[[B, T, n_h, d_head]]",[154],0,self_attn,,1,model.layers.0.self_attn,aten.clone.default,[],prefill,True
156,self_attn,,view,"[[B, T, n_h, d_head]]",,,"[[B, T, n_h*d_head]]",[155],0,self_attn,,1,model.layers.0.self_attn,aten.view.default,[],prefill,True
157,self_attn,o_proj,t,"[[d_model, n_h*d_head]]","[d_model, n_h*d_head]",0,"[[n_h*d_head, d_model]]",[],0,self_attn,o_proj,2,model.layers.0.self_attn.o_proj,aten.t.default,[model.layers.0.self_attn.o_proj.weight],prefill,True
158,self_attn,o_proj,view,"[[B, T, n_h*d_head]]",,,"[[T, n_h*d_head]]",[156],0,self_attn,o_proj,2,model.layers.0.self_attn.o_proj,aten.view.default,[],prefill,True
159,self_attn,o_proj,matmul,"[[T, n_h*d_head], [n_h*d_head, d_model]]","[d_model, n_h*d_head]",1,"[[T, d_model]]","[157, 158]",0,self_attn,o_proj,2,model.layers.0.self_attn.o_proj,aten.mm.default,[model.layers.0.self_attn.o_proj.weight],prefill,False
160,self_attn,o_proj,_unsafe_view,"[[T, d_model]]",,,"[[B, T, d_model]]",[159],0,self_attn,o_proj,2,model.layers.0.self_attn.o_proj,aten._unsafe_view.default,[],prefill,True
161,post_attention_layernorm,,pow,"[[B, T, d_model]]",,,"[[B, T, d_model]]",[160],0,post_attention_layernorm,,1,model.layers.0.post_attention_layernorm,aten.pow.Tensor_Scalar,[],prefill,False
162,post_attention_layernorm,,mean,"[[B, T, d_model]]",,,"[[B, T, 1]]",[161],0,post_attention_layernorm,,1,model.layers.0.post_attention_layernorm,aten.mean.dim,[],prefill,False
163,post_attention_layernorm,,elementwise_add,"[[B, T, 1]]",,,"[[B, T, 1]]",[162],0,post_attention_layernorm,,1,model.layers.0.post_attention_layernorm,aten.add.Tensor,[],prefill,False
164,post_attention_layernorm,,rsqrt,"[[B, T, 1]]",,,"[[B, T, 1]]",[163],0,post_attention_layernorm,,1,model.layers.0.post_attention_layernorm,aten.rsqrt.default,[],prefill,False
165,post_attention_layernorm,,elementwise_mul,"[[B, T, d_model], [B, T, 1]]",,,"[[B, T, d_model]]","[160, 164]",0,post_attention_layernorm,,1,model.layers.0.post_attention_layernorm,aten.mul.Tensor,[],prefill,False
166,post_attention_layernorm,,elementwise_add,[[d_model]],,,[[d_model]],[],0,post_attention_layernorm,,1,model.layers.0.post_attention_layernorm,aten.add.Tensor,[model.layers.0.post_attention_layernorm.weight],prefill,False
167,post_attention_layernorm,,elementwise_mul,"[[B, T, d_model], [d_model]]",,,"[[B, T, d_model]]","[165, 166]",0,post_attention_layernorm,,1,model.layers.0.post_attention_layernorm,aten.mul.Tensor,[],prefill,False
168,,,elementwise_add,"[[B, T, d_model], [B, T, d_model]]",,,"[[B, T, d_model]]","[1, 167]",0,,,0,model.layers.0,aten.add.Tensor,[],prefill,False
169,pre_feedforward_layernorm,,pow,"[[B, T, d_model]]",,,"[[B, T, d_model]]",[168],0,pre_feedforward_layernorm,,1,model.layers.0.pre_feedforward_layernorm,aten.pow.Tensor_Scalar,[],prefill,False
170,pre_feedforward_layernorm,,mean,"[[B, T, d_model]]",,,"[[B, T, 1]]",[169],0,pre_feedforward_layernorm,,1,model.layers.0.pre_feedforward_layernorm,aten.mean.dim,[],prefill,False
171,pre_feedforward_layernorm,,elementwise_add,"[[B, T, 1]]",,,"[[B, T, 1]]",[170],0,pre_feedforward_layernorm,,1,model.layers.0.pre_feedforward_layernorm,aten.add.Tensor,[],prefill,False
172,pre_feedforward_layernorm,,rsqrt,"[[B, T, 1]]",,,"[[B, T, 1]]",[171],0,pre_feedforward_layernorm,,1,model.layers.0.pre_feedforward_layernorm,aten.rsqrt.default,[],prefill,False
173,pre_feedforward_layernorm,,elementwise_mul,"[[B, T, d_model], [B, T, 1]]",,,"[[B, T, d_model]]","[168, 172]",0,pre_feedforward_layernorm,,1,model.layers.0.pre_feedforward_layernorm,aten.mul.Tensor,[],prefill,False
174,pre_feedforward_layernorm,,elementwise_add,[[d_model]],,,[[d_model]],[],0,pre_feedforward_layernorm,,1,model.layers.0.pre_feedforward_layernorm,aten.add.Tensor,[model.layers.0.pre_feedforward_layernorm.weight],prefill,False
175,pre_feedforward_layernorm,,elementwise_mul,"[[B, T, d_model], [d_model]]",,,"[[B, T, d_model]]","[173, 174]",0,pre_feedforward_layernorm,,1,model.layers.0.pre_feedforward_layernorm,aten.mul.Tensor,[],prefill,False
176,mlp,gate_proj,t,"[[d_ff, d_model]]","[d_ff, d_model]",0,"[[d_model, d_ff]]",[],0,mlp,gate_proj,2,model.layers.0.mlp.gate_proj,aten.t.default,[model.layers.0.mlp.gate_proj.weight],prefill,True
177,mlp,gate_proj,view,"[[B, T, d_model]]",,,"[[T, d_model]]",[175],0,mlp,gate_proj,2,model.layers.0.mlp.gate_proj,aten.view.default,[],prefill,True
178,mlp,gate_proj,matmul,"[[T, d_model], [d_model, d_ff]]","[d_ff, d_model]",1,"[[T, d_ff]]","[176, 177]",0,mlp,gate_proj,2,model.layers.0.mlp.gate_proj,aten.mm.default,[model.layers.0.mlp.gate_proj.weight],prefill,False
179,mlp,gate_proj,_unsafe_view,"[[T, d_ff]]",,,"[[B, T, d_ff]]",[178],0,mlp,gate_proj,2,model.layers.0.mlp.gate_proj,aten._unsafe_view.default,[],prefill,True
180,mlp,act_fn,gelu,"[[B, T, d_ff]]",,,"[[B, T, d_ff]]",[179],0,mlp,act_fn,2,model.layers.0.mlp.act_fn,aten.gelu.default,[],prefill,False
181,mlp,up_proj,t,"[[d_ff, d_model]]","[d_ff, d_model]",0,"[[d_model, d_ff]]",[],0,mlp,up_proj,2,model.layers.0.mlp.up_proj,aten.t.default,[model.layers.0.mlp.up_proj.weight],prefill,True
182,mlp,up_proj,view,"[[B, T, d_model]]",,,"[[T, d_model]]",[175],0,mlp,up_proj,2,model.layers.0.mlp.up_proj,aten.view.default,[],prefill,True
183,mlp,up_proj,matmul,"[[T, d_model], [d_model, d_ff]]","[d_ff, d_model]",1,"[[T, d_ff]]","[181, 182]",0,mlp,up_proj,2,model.layers.0.mlp.up_proj,aten.mm.default,[model.layers.0.mlp.up_proj.weight],prefill,False
184,mlp,up_proj,_unsafe_view,"[[T, d_ff]]",,,"[[B, T, d_ff]]",[183],0,mlp,up_proj,2,model.layers.0.mlp.up_proj,aten._unsafe_view.default,[],prefill,True
185,mlp,,elementwise_mul,"[[B, T, d_ff], [B, T, d_ff]]",,,"[[B, T, d_ff]]","[180, 184]",0,mlp,,1,model.layers.0.mlp,aten.mul.Tensor,[],prefill,False
186,mlp,down_proj,t,"[[d_model, d_ff]]","[d_model, d_ff]",0,"[[d_ff, d_model]]",[],0,mlp,down_proj,2,model.layers.0.mlp.down_proj,aten.t.default,[model.layers.0.mlp.down_proj.weight],prefill,True
187,mlp,down_proj,view,"[[B, T, d_ff]]",,,"[[T, d_ff]]",[185],0,mlp,down_proj,2,model.layers.0.mlp.down_proj,aten.view.default,[],prefill,True
188,mlp,down_proj,matmul,"[[T, d_ff], [d_ff, d_model]]","[d_model, d_ff]",1,"[[T, d_model]]","[186, 187]",0,mlp,down_proj,2,model.layers.0.mlp.down_proj,aten.mm.default,[model.layers.0.mlp.down_proj.weight],prefill,False
189,mlp,down_proj,_unsafe_view,"[[T, d_model]]",,,"[[B, T, d_model]]",[188],0,mlp,down_proj,2,model.layers.0.mlp.down_proj,aten._unsafe_view.default,[],prefill,True
190,post_feedforward_layernorm,,pow,"[[B, T, d_model]]",,,"[[B, T, d_model]]",[189],0,post_feedforward_layernorm,,1,model.layers.0.post_feedforward_layernorm,aten.pow.Tensor_Scalar,[],prefill,False
191,post_feedforward_layernorm,,mean,"[[B, T, d_model]]",,,"[[B, T, 1]]",[190],0,post_feedforward_layernorm,,1,model.layers.0.post_feedforward_layernorm,aten.mean.dim,[],prefill,False
192,post_feedforward_layernorm,,elementwise_add,"[[B, T, 1]]",,,"[[B, T, 1]]",[191],0,post_feedforward_layernorm,,1,model.layers.0.post_feedforward_layernorm,aten.add.Tensor,[],prefill,False
193,post_feedforward_layernorm,,rsqrt,"[[B, T, 1]]",,,"[[B, T, 1]]",[192],0,post_feedforward_layernorm,,1,model.layers.0.post_feedforward_layernorm,aten.rsqrt.default,[],prefill,False
194,post_feedforward_layernorm,,elementwise_mul,"[[B, T, d_model], [B, T, 1]]",,,"[[B, T, d_model]]","[189, 193]",0,post_feedforward_layernorm,,1,model.layers.0.post_feedforward_layernorm,aten.mul.Tensor,[],prefill,False
195,post_feedforward_layernorm,,elementwise_add,[[d_model]],,,[[d_model]],[],0,post_feedforward_layernorm,,1,model.layers.0.post_feedforward_layernorm,aten.add.Tensor,[model.layers.0.post_feedforward_layernorm.weight],prefill,False
196,post_feedforward_layernorm,,elementwise_mul,"[[B, T, d_model], [d_model]]",,,"[[B, T, d_model]]","[194, 195]",0,post_feedforward_layernorm,,1,model.layers.0.post_feedforward_layernorm,aten.mul.Tensor,[],prefill,False
197,,,elementwise_add,"[[B, T, d_model], [B, T, d_model]]",,,"[[B, T, d_model]]","[168, 196]",0,,,0,model.layers.0,aten.add.Tensor,[],prefill,False
198,input_layernorm,,pow,"[[B, T, d_model]]",,,"[[B, T, d_model]]",[197],1,input_layernorm,,1,model.layers.1.input_layernorm,aten.pow.Tensor_Scalar,[],prefill,False
199,input_layernorm,,mean,"[[B, T, d_model]]",,,"[[B, T, 1]]",[198],1,input_layernorm,,1,model.layers.1.input_layernorm,aten.mean.dim,[],prefill,False
200,input_layernorm,,elementwise_add,"[[B, T, 1]]",,,"[[B, T, 1]]",[199],1,input_layernorm,,1,model.layers.1.input_layernorm,aten.add.Tensor,[],prefill,False
201,input_layernorm,,rsqrt,"[[B, T, 1]]",,,"[[B, T, 1]]",[200],1,input_layernorm,,1,model.layers.1.input_layernorm,aten.rsqrt.default,[],prefill,False
202,input_layernorm,,elementwise_mul,"[[B, T, d_model], [B, T, 1]]",,,"[[B, T, d_model]]","[197, 201]",1,input_layernorm,,1,model.layers.1.input_layernorm,aten.mul.Tensor,[],prefill,False
203,input_layernorm,,elementwise_add,[[d_model]],,,[[d_model]],[],1,input_layernorm,,1,model.layers.1.input_layernorm,aten.add.Tensor,[model.layers.1.input_layernorm.weight],prefill,False
204,input_layernorm,,elementwise_mul,"[[B, T, d_model], [d_model]]",,,"[[B, T, d_model]]","[202, 203]",1,input_layernorm,,1,model.layers.1.input_layernorm,aten.mul.Tensor,[],prefill,False
205,self_attn,q_proj,t,"[[n_h*d_head, d_model]]","[n_h*d_head, d_model]",0,"[[d_model, n_h*d_head]]",[],1,self_attn,q_proj,2,model.layers.1.self_attn.q_proj,aten.t.default,[model.layers.1.self_attn.q_proj.weight],prefill,True
206,self_attn,q_proj,view,"[[B, T, d_model]]",,,"[[T, d_model]]",[204],1,self_attn,q_proj,2,model.layers.1.self_attn.q_proj,aten.view.default,[],prefill,True
207,self_attn,q_proj,matmul,"[[T, d_model], [d_model, n_h*d_head]]","[n_h*d_head, d_model]",1,"[[T, n_h*d_head]]","[205, 206]",1,self_attn,q_proj,2,model.layers.1.self_attn.q_proj,aten.mm.default,[model.layers.1.self_attn.q_proj.weight],prefill,False
208,self_attn,q_proj,_unsafe_view,"[[T, n_h*d_head]]",,,"[[B, T, n_h*d_head]]",[207],1,self_attn,q_proj,2,model.layers.1.self_attn.q_proj,aten._unsafe_view.default,[],prefill,True
209,self_attn,,view,"[[B, T, n_h*d_head]]",,,"[[B, T, n_h, d_head]]",[208],1,self_attn,,1,model.layers.1.self_attn,aten.view.default,[],prefill,True
210,self_attn,,transpose,"[[B, T, n_h, d_head]]",,,"[[B, n_h, T, d_head]]",[209],1,self_attn,,1,model.layers.1.self_attn,aten.transpose.int,[],prefill,True
211,self_attn,k_proj,t,"[[n_kv*d_head, d_model]]","[n_kv*d_head, d_model]",0,"[[d_model, n_kv*d_head]]",[],1,self_attn,k_proj,2,model.layers.1.self_attn.k_proj,aten.t.default,[model.layers.1.self_attn.k_proj.weight],prefill,True
212,self_attn,k_proj,view,"[[B, T, d_model]]",,,"[[T, d_model]]",[204],1,self_attn,k_proj,2,model.layers.1.self_attn.k_proj,aten.view.default,[],prefill,True
213,self_attn,k_proj,matmul,"[[T, d_model], [d_model, n_kv*d_head]]","[n_kv*d_head, d_model]",1,"[[T, n_kv*d_head]]","[211, 212]",1,self_attn,k_proj,2,model.layers.1.self_attn.k_proj,aten.mm.default,[model.layers.1.self_attn.k_proj.weight],prefill,False
214,self_attn,k_proj,_unsafe_view,"[[T, n_kv*d_head]]",,,"[[B, T, n_kv*d_head]]",[213],1,self_attn,k_proj,2,model.layers.1.self_attn.k_proj,aten._unsafe_view.default,[],prefill,True
215,self_attn,,view,"[[B, T, n_kv*d_head]]",,,"[[B, T, n_kv, d_head]]",[214],1,self_attn,,1,model.layers.1.self_attn,aten.view.default,[],prefill,True
216,self_attn,,transpose,"[[B, T, n_kv, d_head]]",,,"[[B, n_kv, T, d_head]]",[215],1,self_attn,,1,model.layers.1.self_attn,aten.transpose.int,[],prefill,True
217,self_attn,v_proj,t,"[[n_kv*d_head, d_model]]","[n_kv*d_head, d_model]",0,"[[d_model, n_kv*d_head]]",[],1,self_attn,v_proj,2,model.layers.1.self_attn.v_proj,aten.t.default,[model.layers.1.self_attn.v_proj.weight],prefill,True
218,self_attn,v_proj,view,"[[B, T, d_model]]",,,"[[T, d_model]]",[204],1,self_attn,v_proj,2,model.layers.1.self_attn.v_proj,aten.view.default,[],prefill,True
219,self_attn,v_proj,matmul,"[[T, d_model], [d_model, n_kv*d_head]]","[n_kv*d_head, d_model]",1,"[[T, n_kv*d_head]]","[217, 218]",1,self_attn,v_proj,2,model.layers.1.self_attn.v_proj,aten.mm.default,[model.layers.1.self_attn.v_proj.weight],prefill,False
220,self_attn,v_proj,_unsafe_view,"[[T, n_kv*d_head]]",,,"[[B, T, n_kv*d_head]]",[219],1,self_attn,v_proj,2,model.layers.1.self_attn.v_proj,aten._unsafe_view.default,[],prefill,True
221,self_attn,,view,"[[B, T, n_kv*d_head]]",,,"[[B, T, n_kv, d_head]]",[220],1,self_attn,,1,model.layers.1.self_attn,aten.view.default,[],prefill,True
222,self_attn,,transpose,"[[B, T, n_kv, d_head]]",,,"[[B, n_kv, T, d_head]]",[221],1,self_attn,,1,model.layers.1.self_attn,aten.transpose.int,[],prefill,True
223,self_attn,,unsqueeze,"[[B, T, d_head]]",,,"[[B, 1, T, d_head]]",[78],1,self_attn,,1,model.layers.1.self_attn,aten.unsqueeze.default,[],prefill,True
224,self_attn,,unsqueeze,"[[B, T, d_head]]",,,"[[B, 1, T, d_head]]",[80],1,self_attn,,1,model.layers.1.self_attn,aten.unsqueeze.default,[],prefill,True
225,self_attn,,elementwise_mul,"[[B, n_h, T, d_head], [B, 1, T, d_head]]",,,"[[B, n_h, T, d_head]]","[210, 223]",1,self_attn,,1,model.layers.1.self_attn,aten.mul.Tensor,[],prefill,False
226,self_attn,,slice,"[[B, n_h, T, d_head]]",,,"[[B, n_h, T, d_head/2]]",[210],1,self_attn,,1,model.layers.1.self_attn,aten.slice.Tensor,[],prefill,True
227,self_attn,,slice,"[[B, n_h, T, d_head]]",,,"[[B, n_h, T, d_head/2]]",[210],1,self_attn,,1,model.layers.1.self_attn,aten.slice.Tensor,[],prefill,True
228,self_attn,,neg,"[[B, n_h, T, d_head/2]]",,,"[[B, n_h, T, d_head/2]]",[227],1,self_attn,,1,model.layers.1.self_attn,aten.neg.default,[],prefill,False
229,self_attn,,concat,"[[B, n_h, T, d_head/2], [B, n_h, T, d_head/2]]",,,"[[B, n_h, T, d_head]]","[226, 228]",1,self_attn,,1,model.layers.1.self_attn,aten.cat.default,[],prefill,False
230,self_attn,,elementwise_mul,"[[B, n_h, T, d_head], [B, 1, T, d_head]]",,,"[[B, n_h, T, d_head]]","[224, 229]",1,self_attn,,1,model.layers.1.self_attn,aten.mul.Tensor,[],prefill,False
231,self_attn,,elementwise_add,"[[B, n_h, T, d_head], [B, n_h, T, d_head]]",,,"[[B, n_h, T, d_head]]","[225, 230]",1,self_attn,,1,model.layers.1.self_attn,aten.add.Tensor,[],prefill,False
232,self_attn,,elementwise_mul,"[[B, n_kv, T, d_head], [B, 1, T, d_head]]",,,"[[B, n_kv, T, d_head]]","[216, 223]",1,self_attn,,1,model.layers.1.self_attn,aten.mul.Tensor,[],prefill,False
233,self_attn,,slice,"[[B, n_kv, T, d_head]]",,,"[[B, n_kv, T, d_head/2]]",[216],1,self_attn,,1,model.layers.1.self_attn,aten.slice.Tensor,[],prefill,True
234,self_attn,,slice,"[[B, n_kv, T, d_head]]",,,"[[B, n_kv, T, d_head/2]]",[216],1,self_attn,,1,model.layers.1.self_attn,aten.slice.Tensor,[],prefill,True
235,self_attn,,neg,"[[B, n_kv, T, d_head/2]]",,,"[[B, n_kv, T, d_head/2]]",[234],1,self_attn,,1,model.layers.1.self_attn,aten.neg.default,[],prefill,False
236,self_attn,,concat,"[[B, n_kv, T, d_head/2], [B, n_kv, T, d_head/2]]",,,"[[B, n_kv, T, d_head]]","[233, 235]",1,self_attn,,1,model.layers.1.self_attn,aten.cat.default,[],prefill,False
237,self_attn,,elementwise_mul,"[[B, n_kv, T, d_head], [B, 1, T, d_head]]",,,"[[B, n_kv, T, d_head]]","[224, 236]",1,self_attn,,1,model.layers.1.self_attn,aten.mul.Tensor,[],prefill,False
238,self_attn,,elementwise_add,"[[B, n_kv, T, d_head], [B, n_kv, T, d_head]]",,,"[[B, n_kv, T, d_head]]","[232, 237]",1,self_attn,,1,model.layers.1.self_attn,aten.add.Tensor,[],prefill,False
239,self_attn,,concat,"[[0], [B, n_kv, T, d_head]]",,,"[[B, n_kv, T, d_head]]",[238],1,self_attn,,1,model.layers.1.self_attn,aten.cat.default,[],prefill,False
240,self_attn,,concat,"[[0], [B, n_kv, T, d_head]]",,,"[[B, n_kv, T, d_head]]",[222],1,self_attn,,1,model.layers.1.self_attn,aten.cat.default,[],prefill,False
241,self_attn,,unsqueeze,"[[B, n_kv, T, d_head]]",,,"[[B, n_kv, 1, T, d_head]]",[239],1,self_attn,,1,model.layers.1.self_attn,aten.unsqueeze.default,[],prefill,True
242,self_attn,,expand,"[[B, n_kv, 1, T, d_head]]",,,"[[B, n_kv, n_h/n_kv, T, d_head]]",[241],1,self_attn,,1,model.layers.1.self_attn,aten.expand.default,[],prefill,True
243,self_attn,,clone,"[[B, n_kv, n_h/n_kv, T, d_head]]",,,"[[B, n_kv, n_h/n_kv, T, d_head]]",[242],1,self_attn,,1,model.layers.1.self_attn,aten.clone.default,[],prefill,True
244,self_attn,,_unsafe_view,"[[B, n_kv, n_h/n_kv, T, d_head]]",,,"[[B, n_h, T, d_head]]",[243],1,self_attn,,1,model.layers.1.self_attn,aten._unsafe_view.default,[],prefill,True
245,self_attn,,unsqueeze,"[[B, n_kv, T, d_head]]",,,"[[B, n_kv, 1, T, d_head]]",[240],1,self_attn,,1,model.layers.1.self_attn,aten.unsqueeze.default,[],prefill,True
246,self_attn,,expand,"[[B, n_kv, 1, T, d_head]]",,,"[[B, n_kv, n_h/n_kv, T, d_head]]",[245],1,self_attn,,1,model.layers.1.self_attn,aten.expand.default,[],prefill,True
247,self_attn,,clone,"[[B, n_kv, n_h/n_kv, T, d_head]]",,,"[[B, n_kv, n_h/n_kv, T, d_head]]",[246],1,self_attn,,1,model.layers.1.self_attn,aten.clone.default,[],prefill,True
248,self_attn,,_unsafe_view,"[[B, n_kv, n_h/n_kv, T, d_head]]",,,"[[B, n_h, T, d_head]]",[247],1,self_attn,,1,model.layers.1.self_attn,aten._unsafe_view.default,[],prefill,True
249,self_attn,,transpose,"[[B, n_h, T, d_head]]",,,"[[B, n_h, d_head, T]]",[244],1,self_attn,,1,model.layers.1.self_attn,aten.transpose.int,[],prefill,True
250,self_attn,,expand,"[[B, n_h, T, d_head]]",,,"[[B, n_h, T, d_head]]",[231],1,self_attn,,1,model.layers.1.self_attn,aten.expand.default,[],prefill,True
251,self_attn,,view,"[[B, n_h, T, d_head]]",,,"[[n_h, T, d_head]]",[250],1,self_attn,,1,model.layers.1.self_attn,aten.view.default,[],prefill,True
252,self_attn,,expand,"[[B, n_h, d_head, T]]",,,"[[B, n_h, d_head, T]]",[249],1,self_attn,,1,model.layers.1.self_attn,aten.expand.default,[],prefill,True
253,self_attn,,view,"[[B, n_h, d_head, T]]",,,"[[n_h, d_head, T]]",[252],1,self_attn,,1,model.layers.1.self_attn,aten.view.default,[],prefill,True
254,self_attn,,batched_matmul,"[[n_h, T, d_head], [n_h, d_head, T]]",,,"[[n_h, T, T]]","[251, 253]",1,self_attn,,1,model.layers.1.self_attn,aten.bmm.default,[],prefill,False
255,self_attn,,_unsafe_view,"[[n_h, T, T]]",,,"[[B, n_h, T, T]]",[254],1,self_attn,,1,model.layers.1.self_attn,aten._unsafe_view.default,[],prefill,True
256,self_attn,,elementwise_mul,"[[B, n_h, T, T]]",,,"[[B, n_h, T, T]]",[255],1,self_attn,,1,model.layers.1.self_attn,aten.mul.Tensor,[],prefill,False
257,self_attn,,div,"[[B, n_h, T, T]]",,,"[[B, n_h, T, T]]",[256],1,self_attn,,1,model.layers.1.self_attn,aten.div.Tensor,[],prefill,True
258,self_attn,,tanh,"[[B, n_h, T, T]]",,,"[[B, n_h, T, T]]",[257],1,self_attn,,1,model.layers.1.self_attn,aten.tanh.default,[],prefill,False
259,self_attn,,elementwise_mul,"[[B, n_h, T, T]]",,,"[[B, n_h, T, T]]",[258],1,self_attn,,1,model.layers.1.self_attn,aten.mul.Tensor,[],prefill,False
260,self_attn,,elementwise_add,"[[B, n_h, T, T], [B, 1, T, T]]",,,"[[B, n_h, T, T]]","[36, 259]",1,self_attn,,1,model.layers.1.self_attn,aten.add.Tensor,[],prefill,False
261,self_attn,,softmax,"[[B, n_h, T, T]]",,,"[[B, n_h, T, T]]",[260],1,self_attn,,1,model.layers.1.self_attn,aten._softmax.default,[],prefill,False
262,self_attn,,expand,"[[B, n_h, T, T]]",,,"[[B, n_h, T, T]]",[261],1,self_attn,,1,model.layers.1.self_attn,aten.expand.default,[],prefill,True
263,self_attn,,view,"[[B, n_h, T, T]]",,,"[[n_h, T, T]]",[262],1,self_attn,,1,model.layers.1.self_attn,aten.view.default,[],prefill,True
264,self_attn,,expand,"[[B, n_h, T, d_head]]",,,"[[B, n_h, T, d_head]]",[248],1,self_attn,,1,model.layers.1.self_attn,aten.expand.default,[],prefill,True
265,self_attn,,view,"[[B, n_h, T, d_head]]",,,"[[n_h, T, d_head]]",[264],1,self_attn,,1,model.layers.1.self_attn,aten.view.default,[],prefill,True
266,self_attn,,batched_matmul,"[[n_h, T, T], [n_h, T, d_head]]",,,"[[n_h, T, d_head]]","[263, 265]",1,self_attn,,1,model.layers.1.self_attn,aten.bmm.default,[],prefill,False
267,self_attn,,_unsafe_view,"[[n_h, T, d_head]]",,,"[[B, n_h, T, d_head]]",[266],1,self_attn,,1,model.layers.1.self_attn,aten._unsafe_view.default,[],prefill,True
268,self_attn,,transpose,"[[B, n_h, T, d_head]]",,,"[[B, T, n_h, d_head]]",[267],1,self_attn,,1,model.layers.1.self_attn,aten.transpose.int,[],prefill,True
269,self_attn,,clone,"[[B, T, n_h, d_head]]",,,"[[B, T, n_h, d_head]]",[268],1,self_attn,,1,model.layers.1.self_attn,aten.clone.default,[],prefill,True
270,self_attn,,view,"[[B, T, n_h, d_head]]",,,"[[B, T, n_h*d_head]]",[269],1,self_attn,,1,model.layers.1.self_attn,aten.view.default,[],prefill,True
271,self_attn,o_proj,t,"[[d_model, n_h*d_head]]","[d_model, n_h*d_head]",0,"[[n_h*d_head, d_model]]",[],1,self_attn,o_proj,2,model.layers.1.self_attn.o_proj,aten.t.default,[model.layers.1.self_attn.o_proj.weight],prefill,True
272,self_attn,o_proj,view,"[[B, T, n_h*d_head]]",,,"[[T, n_h*d_head]]",[270],1,self_attn,o_proj,2,model.layers.1.self_attn.o_proj,aten.view.default,[],prefill,True
273,self_attn,o_proj,matmul,"[[T, n_h*d_head], [n_h*d_head, d_model]]","[d_model, n_h*d_head]",1,"[[T, d_model]]","[271, 272]",1,self_attn,o_proj,2,model.layers.1.self_attn.o_proj,aten.mm.default,[model.layers.1.self_attn.o_proj.weight],prefill,False
274,self_attn,o_proj,_unsafe_view,"[[T, d_model]]",,,"[[B, T, d_model]]",[273],1,self_attn,o_proj,2,model.layers.1.self_attn.o_proj,aten._unsafe_view.default,[],prefill,True
275,post_attention_layernorm,,pow,"[[B, T, d_model]]",,,"[[B, T, d_model]]",[274],1,post_attention_layernorm,,1,model.layers.1.post_attention_layernorm,aten.pow.Tensor_Scalar,[],prefill,False
276,post_attention_layernorm,,mean,"[[B, T, d_model]]",,,"[[B, T, 1]]",[275],1,post_attention_layernorm,,1,model.layers.1.post_attention_layernorm,aten.mean.dim,[],prefill,False
277,post_attention_layernorm,,elementwise_add,"[[B, T, 1]]",,,"[[B, T, 1]]",[276],1,post_attention_layernorm,,1,model.layers.1.post_attention_layernorm,aten.add.Tensor,[],prefill,False
278,post_attention_layernorm,,rsqrt,"[[B, T, 1]]",,,"[[B, T, 1]]",[277],1,post_attention_layernorm,,1,model.layers.1.post_attention_layernorm,aten.rsqrt.default,[],prefill,False
279,post_attention_layernorm,,elementwise_mul,"[[B, T, d_model], [B, T, 1]]",,,"[[B, T, d_model]]","[274, 278]",1,post_attention_layernorm,,1,model.layers.1.post_attention_layernorm,aten.mul.Tensor,[],prefill,False
280,post_attention_layernorm,,elementwise_add,[[d_model]],,,[[d_model]],[],1,post_attention_layernorm,,1,model.layers.1.post_attention_layernorm,aten.add.Tensor,[model.layers.1.post_attention_layernorm.weight],prefill,False
281,post_attention_layernorm,,elementwise_mul,"[[B, T, d_model], [d_model]]",,,"[[B, T, d_model]]","[279, 280]",1,post_attention_layernorm,,1,model.layers.1.post_attention_layernorm,aten.mul.Tensor,[],prefill,False
282,,,elementwise_add,"[[B, T, d_model], [B, T, d_model]]",,,"[[B, T, d_model]]","[197, 281]",1,,,0,model.layers.1,aten.add.Tensor,[],prefill,False
283,pre_feedforward_layernorm,,pow,"[[B, T, d_model]]",,,"[[B, T, d_model]]",[282],1,pre_feedforward_layernorm,,1,model.layers.1.pre_feedforward_layernorm,aten.pow.Tensor_Scalar,[],prefill,False
284,pre_feedforward_layernorm,,mean,"[[B, T, d_model]]",,,"[[B, T, 1]]",[283],1,pre_feedforward_layernorm,,1,model.layers.1.pre_feedforward_layernorm,aten.mean.dim,[],prefill,False
285,pre_feedforward_layernorm,,elementwise_add,"[[B, T, 1]]",,,"[[B, T, 1]]",[284],1,pre_feedforward_layernorm,,1,model.layers.1.pre_feedforward_layernorm,aten.add.Tensor,[],prefill,False
286,pre_feedforward_layernorm,,rsqrt,"[[B, T, 1]]",,,"[[B, T, 1]]",[285],1,pre_feedforward_layernorm,,1,model.layers.1.pre_feedforward_layernorm,aten.rsqrt.default,[],prefill,False
287,pre_feedforward_layernorm,,elementwise_mul,"[[B, T, d_model], [B, T, 1]]",,,"[[B, T, d_model]]","[282, 286]",1,pre_feedforward_layernorm,,1,model.layers.1.pre_feedforward_layernorm,aten.mul.Tensor,[],prefill,False
288,pre_feedforward_layernorm,,elementwise_add,[[d_model]],,,[[d_model]],[],1,pre_feedforward_layernorm,,1,model.layers.1.pre_feedforward_layernorm,aten.add.Tensor,[model.layers.1.pre_feedforward_layernorm.weight],prefill,False
289,pre_feedforward_layernorm,,elementwise_mul,"[[B, T, d_model], [d_model]]",,,"[[B, T, d_model]]","[287, 288]",1,pre_feedforward_layernorm,,1,model.layers.1.pre_feedforward_layernorm,aten.mul.Tensor,[],prefill,False
290,mlp,gate_proj,t,"[[d_ff, d_model]]","[d_ff, d_model]",0,"[[d_model, d_ff]]",[],1,mlp,gate_proj,2,model.layers.1.mlp.gate_proj,aten.t.default,[model.layers.1.mlp.gate_proj.weight],prefill,True
291,mlp,gate_proj,view,"[[B, T, d_model]]",,,"[[T, d_model]]",[289],1,mlp,gate_proj,2,model.layers.1.mlp.gate_proj,aten.view.default,[],prefill,True
292,mlp,gate_proj,matmul,"[[T, d_model], [d_model, d_ff]]","[d_ff, d_model]",1,"[[T, d_ff]]","[290, 291]",1,mlp,gate_proj,2,model.layers.1.mlp.gate_proj,aten.mm.default,[model.layers.1.mlp.gate_proj.weight],prefill,False
293,mlp,gate_proj,_unsafe_view,"[[T, d_ff]]",,,"[[B, T, d_ff]]",[292],1,mlp,gate_proj,2,model.layers.1.mlp.gate_proj,aten._unsafe_view.default,[],prefill,True
294,mlp,act_fn,gelu,"[[B, T, d_ff]]",,,"[[B, T, d_ff]]",[293],1,mlp,act_fn,2,model.layers.1.mlp.act_fn,aten.gelu.default,[],prefill,False
295,mlp,up_proj,t,"[[d_ff, d_model]]","[d_ff, d_model]",0,"[[d_model, d_ff]]",[],1,mlp,up_proj,2,model.layers.1.mlp.up_proj,aten.t.default,[model.layers.1.mlp.up_proj.weight],prefill,True
296,mlp,up_proj,view,"[[B, T, d_model]]",,,"[[T, d_model]]",[289],1,mlp,up_proj,2,model.layers.1.mlp.up_proj,aten.view.default,[],prefill,True
297,mlp,up_proj,matmul,"[[T, d_model], [d_model, d_ff]]","[d_ff, d_model]",1,"[[T, d_ff]]","[295, 296]",1,mlp,up_proj,2,model.layers.1.mlp.up_proj,aten.mm.default,[model.layers.1.mlp.up_proj.weight],prefill,False
298,mlp,up_proj,_unsafe_view,"[[T, d_ff]]",,,"[[B, T, d_ff]]",[297],1,mlp,up_proj,2,model.layers.1.mlp.up_proj,aten._unsafe_view.default,[],prefill,True
299,mlp,,elementwise_mul,"[[B, T, d_ff], [B, T, d_ff]]",,,"[[B, T, d_ff]]","[294, 298]",1,mlp,,1,model.layers.1.mlp,aten.mul.Tensor,[],prefill,False
300,mlp,down_proj,t,"[[d_model, d_ff]]","[d_model, d_ff]",0,"[[d_ff, d_model]]",[],1,mlp,down_proj,2,model.layers.1.mlp.down_proj,aten.t.default,[model.layers.1.mlp.down_proj.weight],prefill,True
301,mlp,down_proj,view,"[[B, T, d_ff]]",,,"[[T, d_ff]]",[299],1,mlp,down_proj,2,model.layers.1.mlp.down_proj,aten.view.default,[],prefill,True
302,mlp,down_proj,matmul,"[[T, d_ff], [d_ff, d_model]]","[d_model, d_ff]",1,"[[T, d_model]]","[300, 301]",1,mlp,down_proj,2,model.layers.1.mlp.down_proj,aten.mm.default,[model.layers.1.mlp.down_proj.weight],prefill,False
303,mlp,down_proj,_unsafe_view,"[[T, d_model]]",,,"[[B, T, d_model]]",[302],1,mlp,down_proj,2,model.layers.1.mlp.down_proj,aten._unsafe_view.default,[],prefill,True
304,post_feedforward_layernorm,,pow,"[[B, T, d_model]]",,,"[[B, T, d_model]]",[303],1,post_feedforward_layernorm,,1,model.layers.1.post_feedforward_layernorm,aten.pow.Tensor_Scalar,[],prefill,False
305,post_feedforward_layernorm,,mean,"[[B, T, d_model]]",,,"[[B, T, 1]]",[304],1,post_feedforward_layernorm,,1,model.layers.1.post_feedforward_layernorm,aten.mean.dim,[],prefill,False
306,post_feedforward_layernorm,,elementwise_add,"[[B, T, 1]]",,,"[[B, T, 1]]",[305],1,post_feedforward_layernorm,,1,model.layers.1.post_feedforward_layernorm,aten.add.Tensor,[],prefill,False
307,post_feedforward_layernorm,,rsqrt,"[[B, T, 1]]",,,"[[B, T, 1]]",[306],1,post_feedforward_layernorm,,1,model.layers.1.post_feedforward_layernorm,aten.rsqrt.default,[],prefill,False
308,post_feedforward_layernorm,,elementwise_mul,"[[B, T, d_model], [B, T, 1]]",,,"[[B, T, d_model]]","[303, 307]",1,post_feedforward_layernorm,,1,model.layers.1.post_feedforward_layernorm,aten.mul.Tensor,[],prefill,False
309,post_feedforward_layernorm,,elementwise_add,[[d_model]],,,[[d_model]],[],1,post_feedforward_layernorm,,1,model.layers.1.post_feedforward_layernorm,aten.add.Tensor,[model.layers.1.post_feedforward_layernorm.weight],prefill,False
310,post_feedforward_layernorm,,elementwise_mul,"[[B, T, d_model], [d_model]]",,,"[[B, T, d_model]]","[308, 309]",1,post_feedforward_layernorm,,1,model.layers.1.post_feedforward_layernorm,aten.mul.Tensor,[],prefill,False
311,,,elementwise_add,"[[B, T, d_model], [B, T, d_model]]",,,"[[B, T, d_model]]","[282, 310]",1,,,0,model.layers.1,aten.add.Tensor,[],prefill,False
312,input_layernorm,,pow,"[[B, T, d_model]]",,,"[[B, T, d_model]]",[311],2,input_layernorm,,1,model.layers.2.input_layernorm,aten.pow.Tensor_Scalar,[],prefill,False
313,input_layernorm,,mean,"[[B, T, d_model]]",,,"[[B, T, 1]]",[312],2,input_layernorm,,1,model.layers.2.input_layernorm,aten.mean.dim,[],prefill,False
314,input_layernorm,,elementwise_add,"[[B, T, 1]]",,,"[[B, T, 1]]",[313],2,input_layernorm,,1,model.layers.2.input_layernorm,aten.add.Tensor,[],prefill,False
315,input_layernorm,,rsqrt,"[[B, T, 1]]",,,"[[B, T, 1]]",[314],2,input_layernorm,,1,model.layers.2.input_layernorm,aten.rsqrt.default,[],prefill,False
316,input_layernorm,,elementwise_mul,"[[B, T, d_model], [B, T, 1]]",,,"[[B, T, d_model]]","[311, 315]",2,input_layernorm,,1,model.layers.2.input_layernorm,aten.mul.Tensor,[],prefill,False
317,input_layernorm,,elementwise_add,[[d_model]],,,[[d_model]],[],2,input_layernorm,,1,model.layers.2.input_layernorm,aten.add.Tensor,[model.layers.2.input_layernorm.weight],prefill,False
318,input_layernorm,,elementwise_mul,"[[B, T, d_model], [d_model]]",,,"[[B, T, d_model]]","[316, 317]",2,input_layernorm,,1,model.layers.2.input_layernorm,aten.mul.Tensor,[],prefill,False
319,self_attn,q_proj,t,"[[n_h*d_head, d_model]]","[n_h*d_head, d_model]",0,"[[d_model, n_h*d_head]]",[],2,self_attn,q_proj,2,model.layers.2.self_attn.q_proj,aten.t.default,[model.layers.2.self_attn.q_proj.weight],prefill,True
320,self_attn,q_proj,view,"[[B, T, d_model]]",,,"[[T, d_model]]",[318],2,self_attn,q_proj,2,model.layers.2.self_attn.q_proj,aten.view.default,[],prefill,True
321,self_attn,q_proj,matmul,"[[T, d_model], [d_model, n_h*d_head]]","[n_h*d_head, d_model]",1,"[[T, n_h*d_head]]","[319, 320]",2,self_attn,q_proj,2,model.layers.2.self_attn.q_proj,aten.mm.default,[model.layers.2.self_attn.q_proj.weight],prefill,False
322,self_attn,q_proj,_unsafe_view,"[[T, n_h*d_head]]",,,"[[B, T, n_h*d_head]]",[321],2,self_attn,q_proj,2,model.layers.2.self_attn.q_proj,aten._unsafe_view.default,[],prefill,True
323,self_attn,,view,"[[B, T, n_h*d_head]]",,,"[[B, T, n_h, d_head]]",[322],2,self_attn,,1,model.layers.2.self_attn,aten.view.default,[],prefill,True
324,self_attn,,transpose,"[[B, T, n_h, d_head]]",,,"[[B, n_h, T, d_head]]",[323],2,self_attn,,1,model.layers.2.self_attn,aten.transpose.int,[],prefill,True
325,self_attn,k_proj,t,"[[n_kv*d_head, d_model]]","[n_kv*d_head, d_model]",0,"[[d_model, n_kv*d_head]]",[],2,self_attn,k_proj,2,model.layers.2.self_attn.k_proj,aten.t.default,[model.layers.2.self_attn.k_proj.weight],prefill,True
326,self_attn,k_proj,view,"[[B, T, d_model]]",,,"[[T, d_model]]",[318],2,self_attn,k_proj,2,model.layers.2.self_attn.k_proj,aten.view.default,[],prefill,True
327,self_attn,k_proj,matmul,"[[T, d_model], [d_model, n_kv*d_head]]","[n_kv*d_head, d_model]",1,"[[T, n_kv*d_head]]","[325, 326]",2,self_attn,k_proj,2,model.layers.2.self_attn.k_proj,aten.mm.default,[model.layers.2.self_attn.k_proj.weight],prefill,False
328,self_attn,k_proj,_unsafe_view,"[[T, n_kv*d_head]]",,,"[[B, T, n_kv*d_head]]",[327],2,self_attn,k_proj,2,model.layers.2.self_attn.k_proj,aten._unsafe_view.default,[],prefill,True
329,self_attn,,view,"[[B, T, n_kv*d_head]]",,,"[[B, T, n_kv, d_head]]",[328],2,self_attn,,1,model.layers.2.self_attn,aten.view.default,[],prefill,True
330,self_attn,,transpose,"[[B, T, n_kv, d_head]]",,,"[[B, n_kv, T, d_head]]",[329],2,self_attn,,1,model.layers.2.self_attn,aten.transpose.int,[],prefill,True
331,self_attn,v_proj,t,"[[n_kv*d_head, d_model]]","[n_kv*d_head, d_model]",0,"[[d_model, n_kv*d_head]]",[],2,self_attn,v_proj,2,model.layers.2.self_attn.v_proj,aten.t.default,[model.layers.2.self_attn.v_proj.weight],prefill,True
332,self_attn,v_proj,view,"[[B, T, d_model]]",,,"[[T, d_model]]",[318],2,self_attn,v_proj,2,model.layers.2.self_attn.v_proj,aten.view.default,[],prefill,True
333,self_attn,v_proj,matmul,"[[T, d_model], [d_model, n_kv*d_head]]","[n_kv*d_head, d_model]",1,"[[T, n_kv*d_head]]","[331, 332]",2,self_attn,v_proj,2,model.layers.2.self_attn.v_proj,aten.mm.default,[model.layers.2.self_attn.v_proj.weight],prefill,False
334,self_attn,v_proj,_unsafe_view,"[[T, n_kv*d_head]]",,,"[[B, T, n_kv*d_head]]",[333],2,self_attn,v_proj,2,model.layers.2.self_attn.v_proj,aten._unsafe_view.default,[],prefill,True
335,self_attn,,view,"[[B, T, n_kv*d_head]]",,,"[[B, T, n_kv, d_head]]",[334],2,self_attn,,1,model.layers.2.self_attn,aten.view.default,[],prefill,True
336,self_attn,,transpose,"[[B, T, n_kv, d_head]]",,,"[[B, n_kv, T, d_head]]",[335],2,self_attn,,1,model.layers.2.self_attn,aten.transpose.int,[],prefill,True
337,self_attn,,unsqueeze,"[[B, T, d_head]]",,,"[[B, 1, T, d_head]]",[78],2,self_attn,,1,model.layers.2.self_attn,aten.unsqueeze.default,[],prefill,True
338,self_attn,,unsqueeze,"[[B, T, d_head]]",,,"[[B, 1, T, d_head]]",[80],2,self_attn,,1,model.layers.2.self_attn,aten.unsqueeze.default,[],prefill,True
339,self_attn,,elementwise_mul,"[[B, n_h, T, d_head], [B, 1, T, d_head]]",,,"[[B, n_h, T, d_head]]","[324, 337]",2,self_attn,,1,model.layers.2.self_attn,aten.mul.Tensor,[],prefill,False
340,self_attn,,slice,"[[B, n_h, T, d_head]]",,,"[[B, n_h, T, d_head/2]]",[324],2,self_attn,,1,model.layers.2.self_attn,aten.slice.Tensor,[],prefill,True
341,self_attn,,slice,"[[B, n_h, T, d_head]]",,,"[[B, n_h, T, d_head/2]]",[324],2,self_attn,,1,model.layers.2.self_attn,aten.slice.Tensor,[],prefill,True
342,self_attn,,neg,"[[B, n_h, T, d_head/2]]",,,"[[B, n_h, T, d_head/2]]",[341],2,self_attn,,1,model.layers.2.self_attn,aten.neg.default,[],prefill,False
343,self_attn,,concat,"[[B, n_h, T, d_head/2], [B, n_h, T, d_head/2]]",,,"[[B, n_h, T, d_head]]","[340, 342]",2,self_attn,,1,model.layers.2.self_attn,aten.cat.default,[],prefill,False
344,self_attn,,elementwise_mul,"[[B, n_h, T, d_head], [B, 1, T, d_head]]",,,"[[B, n_h, T, d_head]]","[338, 343]",2,self_attn,,1,model.layers.2.self_attn,aten.mul.Tensor,[],prefill,False
345,self_attn,,elementwise_add,"[[B, n_h, T, d_head], [B, n_h, T, d_head]]",,,"[[B, n_h, T, d_head]]","[339, 344]",2,self_attn,,1,model.layers.2.self_attn,aten.add.Tensor,[],prefill,False
346,self_attn,,elementwise_mul,"[[B, n_kv, T, d_head], [B, 1, T, d_head]]",,,"[[B, n_kv, T, d_head]]","[330, 337]",2,self_attn,,1,model.layers.2.self_attn,aten.mul.Tensor,[],prefill,False
347,self_attn,,slice,"[[B, n_kv, T, d_head]]",,,"[[B, n_kv, T, d_head/2]]",[330],2,self_attn,,1,model.layers.2.self_attn,aten.slice.Tensor,[],prefill,True
348,self_attn,,slice,"[[B, n_kv, T, d_head]]",,,"[[B, n_kv, T, d_head/2]]",[330],2,self_attn,,1,model.layers.2.self_attn,aten.slice.Tensor,[],prefill,True
349,self_attn,,neg,"[[B, n_kv, T, d_head/2]]",,,"[[B, n_kv, T, d_head/2]]",[348],2,self_attn,,1,model.layers.2.self_attn,aten.neg.default,[],prefill,False
350,self_attn,,concat,"[[B, n_kv, T, d_head/2], [B, n_kv, T, d_head/2]]",,,"[[B, n_kv, T, d_head]]","[347, 349]",2,self_attn,,1,model.layers.2.self_attn,aten.cat.default,[],prefill,False
351,self_attn,,elementwise_mul,"[[B, n_kv, T, d_head], [B, 1, T, d_head]]",,,"[[B, n_kv, T, d_head]]","[338, 350]",2,self_attn,,1,model.layers.2.self_attn,aten.mul.Tensor,[],prefill,False
352,self_attn,,elementwise_add,"[[B, n_kv, T, d_head], [B, n_kv, T, d_head]]",,,"[[B, n_kv, T, d_head]]","[346, 351]",2,self_attn,,1,model.layers.2.self_attn,aten.add.Tensor,[],prefill,False
353,self_attn,,_to_copy,[[]],,,[[]],[3],2,self_attn,,1,model.layers.2.self_attn,aten._to_copy.default,[],prefill,True
354,self_attn,,concat,"[[0], [B, n_kv, T, d_head]]",,,"[[B, n_kv, T, d_head]]",[352],2,self_attn,,1,model.layers.2.self_attn,aten.cat.default,[],prefill,False
355,self_attn,,concat,"[[0], [B, n_kv, T, d_head]]",,,"[[B, n_kv, T, d_head]]",[336],2,self_attn,,1,model.layers.2.self_attn,aten.cat.default,[],prefill,False
356,self_attn,,slice,"[[B, n_kv, T, d_head]]",,,"[[B, n_kv, T, d_head]]",[354],2,self_attn,,1,model.layers.2.self_attn,aten.slice.Tensor,[],prefill,True
357,self_attn,,slice,"[[B, n_kv, T, d_head]]",,,"[[B, n_kv, T, d_head]]",[355],2,self_attn,,1,model.layers.2.self_attn,aten.slice.Tensor,[],prefill,True
358,self_attn,,unsqueeze,"[[B, n_kv, T, d_head]]",,,"[[B, n_kv, 1, T, d_head]]",[354],2,self_attn,,1,model.layers.2.self_attn,aten.unsqueeze.default,[],prefill,True
359,self_attn,,expand,"[[B, n_kv, 1, T, d_head]]",,,"[[B, n_kv, n_h/n_kv, T, d_head]]",[358],2,self_attn,,1,model.layers.2.self_attn,aten.expand.default,[],prefill,True
360,self_attn,,clone,"[[B, n_kv, n_h/n_kv, T, d_head]]",,,"[[B, n_kv, n_h/n_kv, T, d_head]]",[359],2,self_attn,,1,model.layers.2.self_attn,aten.clone.default,[],prefill,True
361,self_attn,,_unsafe_view,"[[B, n_kv, n_h/n_kv, T, d_head]]",,,"[[B, n_h, T, d_head]]",[360],2,self_attn,,1,model.layers.2.self_attn,aten._unsafe_view.default,[],prefill,True
362,self_attn,,unsqueeze,"[[B, n_kv, T, d_head]]",,,"[[B, n_kv, 1, T, d_head]]",[355],2,self_attn,,1,model.layers.2.self_attn,aten.unsqueeze.default,[],prefill,True
363,self_attn,,expand,"[[B, n_kv, 1, T, d_head]]",,,"[[B, n_kv, n_h/n_kv, T, d_head]]",[362],2,self_attn,,1,model.layers.2.self_attn,aten.expand.default,[],prefill,True
364,self_attn,,clone,"[[B, n_kv, n_h/n_kv, T, d_head]]",,,"[[B, n_kv, n_h/n_kv, T, d_head]]",[363],2,self_attn,,1,model.layers.2.self_attn,aten.clone.default,[],prefill,True
365,self_attn,,_unsafe_view,"[[B, n_kv, n_h/n_kv, T, d_head]]",,,"[[B, n_h, T, d_head]]",[364],2,self_attn,,1,model.layers.2.self_attn,aten._unsafe_view.default,[],prefill,True
366,self_attn,,transpose,"[[B, n_h, T, d_head]]",,,"[[B, n_h, d_head, T]]",[361],2,self_attn,,1,model.layers.2.self_attn,aten.transpose.int,[],prefill,True
367,self_attn,,expand,"[[B, n_h, T, d_head]]",,,"[[B, n_h, T, d_head]]",[345],2,self_attn,,1,model.layers.2.self_attn,aten.expand.default,[],prefill,True
368,self_attn,,view,"[[B, n_h, T, d_head]]",,,"[[n_h, T, d_head]]",[367],2,self_attn,,1,model.layers.2.self_attn,aten.view.default,[],prefill,True
369,self_attn,,expand,"[[B, n_h, d_head, T]]",,,"[[B, n_h, d_head, T]]",[366],2,self_attn,,1,model.layers.2.self_attn,aten.expand.default,[],prefill,True
370,self_attn,,view,"[[B, n_h, d_head, T]]",,,"[[n_h, d_head, T]]",[369],2,self_attn,,1,model.layers.2.self_attn,aten.view.default,[],prefill,True
371,self_attn,,batched_matmul,"[[n_h, T, d_head], [n_h, d_head, T]]",,,"[[n_h, T, T]]","[368, 370]",2,self_attn,,1,model.layers.2.self_attn,aten.bmm.default,[],prefill,False
372,self_attn,,_unsafe_view,"[[n_h, T, T]]",,,"[[B, n_h, T, T]]",[371],2,self_attn,,1,model.layers.2.self_attn,aten._unsafe_view.default,[],prefill,True
373,self_attn,,elementwise_mul,"[[B, n_h, T, T]]",,,"[[B, n_h, T, T]]",[372],2,self_attn,,1,model.layers.2.self_attn,aten.mul.Tensor,[],prefill,False
374,self_attn,,div,"[[B, n_h, T, T]]",,,"[[B, n_h, T, T]]",[373],2,self_attn,,1,model.layers.2.self_attn,aten.div.Tensor,[],prefill,True
375,self_attn,,tanh,"[[B, n_h, T, T]]",,,"[[B, n_h, T, T]]",[374],2,self_attn,,1,model.layers.2.self_attn,aten.tanh.default,[],prefill,False
376,self_attn,,elementwise_mul,"[[B, n_h, T, T]]",,,"[[B, n_h, T, T]]",[375],2,self_attn,,1,model.layers.2.self_attn,aten.mul.Tensor,[],prefill,False
377,self_attn,,elementwise_add,"[[B, n_h, T, T], [B, 1, T, T]]",,,"[[B, n_h, T, T]]","[63, 376]",2,self_attn,,1,model.layers.2.self_attn,aten.add.Tensor,[],prefill,False
378,self_attn,,softmax,"[[B, n_h, T, T]]",,,"[[B, n_h, T, T]]",[377],2,self_attn,,1,model.layers.2.self_attn,aten._softmax.default,[],prefill,False
379,self_attn,,expand,"[[B, n_h, T, T]]",,,"[[B, n_h, T, T]]",[378],2,self_attn,,1,model.layers.2.self_attn,aten.expand.default,[],prefill,True
380,self_attn,,view,"[[B, n_h, T, T]]",,,"[[n_h, T, T]]",[379],2,self_attn,,1,model.layers.2.self_attn,aten.view.default,[],prefill,True
381,self_attn,,expand,"[[B, n_h, T, d_head]]",,,"[[B, n_h, T, d_head]]",[365],2,self_attn,,1,model.layers.2.self_attn,aten.expand.default,[],prefill,True
382,self_attn,,view,"[[B, n_h, T, d_head]]",,,"[[n_h, T, d_head]]",[381],2,self_attn,,1,model.layers.2.self_attn,aten.view.default,[],prefill,True
383,self_attn,,batched_matmul,"[[n_h, T, T], [n_h, T, d_head]]",,,"[[n_h, T, d_head]]","[380, 382]",2,self_attn,,1,model.layers.2.self_attn,aten.bmm.default,[],prefill,False
384,self_attn,,_unsafe_view,"[[n_h, T, d_head]]",,,"[[B, n_h, T, d_head]]",[383],2,self_attn,,1,model.layers.2.self_attn,aten._unsafe_view.default,[],prefill,True
385,self_attn,,transpose,"[[B, n_h, T, d_head]]",,,"[[B, T, n_h, d_head]]",[384],2,self_attn,,1,model.layers.2.self_attn,aten.transpose.int,[],prefill,True
386,self_attn,,clone,"[[B, T, n_h, d_head]]",,,"[[B, T, n_h, d_head]]",[385],2,self_attn,,1,model.layers.2.self_attn,aten.clone.default,[],prefill,True
387,self_attn,,view,"[[B, T, n_h, d_head]]",,,"[[B, T, n_h*d_head]]",[386],2,self_attn,,1,model.layers.2.self_attn,aten.view.default,[],prefill,True
388,self_attn,o_proj,t,"[[d_model, n_h*d_head]]","[d_model, n_h*d_head]",0,"[[n_h*d_head, d_model]]",[],2,self_attn,o_proj,2,model.layers.2.self_attn.o_proj,aten.t.default,[model.layers.2.self_attn.o_proj.weight],prefill,True
389,self_attn,o_proj,view,"[[B, T, n_h*d_head]]",,,"[[T, n_h*d_head]]",[387],2,self_attn,o_proj,2,model.layers.2.self_attn.o_proj,aten.view.default,[],prefill,True
390,self_attn,o_proj,matmul,"[[T, n_h*d_head], [n_h*d_head, d_model]]","[d_model, n_h*d_head]",1,"[[T, d_model]]","[388, 389]",2,self_attn,o_proj,2,model.layers.2.self_attn.o_proj,aten.mm.default,[model.layers.2.self_attn.o_proj.weight],prefill,False
391,self_attn,o_proj,_unsafe_view,"[[T, d_model]]",,,"[[B, T, d_model]]",[390],2,self_attn,o_proj,2,model.layers.2.self_attn.o_proj,aten._unsafe_view.default,[],prefill,True
392,post_attention_layernorm,,pow,"[[B, T, d_model]]",,,"[[B, T, d_model]]",[391],2,post_attention_layernorm,,1,model.layers.2.post_attention_layernorm,aten.pow.Tensor_Scalar,[],prefill,False
393,post_attention_layernorm,,mean,"[[B, T, d_model]]",,,"[[B, T, 1]]",[392],2,post_attention_layernorm,,1,model.layers.2.post_attention_layernorm,aten.mean.dim,[],prefill,False
394,post_attention_layernorm,,elementwise_add,"[[B, T, 1]]",,,"[[B, T, 1]]",[393],2,post_attention_layernorm,,1,model.layers.2.post_attention_layernorm,aten.add.Tensor,[],prefill,False
395,post_attention_layernorm,,rsqrt,"[[B, T, 1]]",,,"[[B, T, 1]]",[394],2,post_attention_layernorm,,1,model.layers.2.post_attention_layernorm,aten.rsqrt.default,[],prefill,False
396,post_attention_layernorm,,elementwise_mul,"[[B, T, d_model], [B, T, 1]]",,,"[[B, T, d_model]]","[391, 395]",2,post_attention_layernorm,,1,model.layers.2.post_attention_layernorm,aten.mul.Tensor,[],prefill,False
397,post_attention_layernorm,,elementwise_add,[[d_model]],,,[[d_model]],[],2,post_attention_layernorm,,1,model.layers.2.post_attention_layernorm,aten.add.Tensor,[model.layers.2.post_attention_layernorm.weight],prefill,False
398,post_attention_layernorm,,elementwise_mul,"[[B, T, d_model], [d_model]]",,,"[[B, T, d_model]]","[396, 397]",2,post_attention_layernorm,,1,model.layers.2.post_attention_layernorm,aten.mul.Tensor,[],prefill,False
399,,,elementwise_add,"[[B, T, d_model], [B, T, d_model]]",,,"[[B, T, d_model]]","[311, 398]",2,,,0,model.layers.2,aten.add.Tensor,[],prefill,False
400,pre_feedforward_layernorm,,pow,"[[B, T, d_model]]",,,"[[B, T, d_model]]",[399],2,pre_feedforward_layernorm,,1,model.layers.2.pre_feedforward_layernorm,aten.pow.Tensor_Scalar,[],prefill,False
401,pre_feedforward_layernorm,,mean,"[[B, T, d_model]]",,,"[[B, T, 1]]",[400],2,pre_feedforward_layernorm,,1,model.layers.2.pre_feedforward_layernorm,aten.mean.dim,[],prefill,False
402,pre_feedforward_layernorm,,elementwise_add,"[[B, T, 1]]",,,"[[B, T, 1]]",[401],2,pre_feedforward_layernorm,,1,model.layers.2.pre_feedforward_layernorm,aten.add.Tensor,[],prefill,False
403,pre_feedforward_layernorm,,rsqrt,"[[B, T, 1]]",,,"[[B, T, 1]]",[402],2,pre_feedforward_layernorm,,1,model.layers.2.pre_feedforward_layernorm,aten.rsqrt.default,[],prefill,False
404,pre_feedforward_layernorm,,elementwise_mul,"[[B, T, d_model], [B, T, 1]]",,,"[[B, T, d_model]]","[399, 403]",2,pre_feedforward_layernorm,,1,model.layers.2.pre_feedforward_layernorm,aten.mul.Tensor,[],prefill,False
405,pre_feedforward_layernorm,,elementwise_add,[[d_model]],,,[[d_model]],[],2,pre_feedforward_layernorm,,1,model.layers.2.pre_feedforward_layernorm,aten.add.Tensor,[model.layers.2.pre_feedforward_layernorm.weight],prefill,False
406,pre_feedforward_layernorm,,elementwise_mul,"[[B, T, d_model], [d_model]]",,,"[[B, T, d_model]]","[404, 405]",2,pre_feedforward_layernorm,,1,model.layers.2.pre_feedforward_layernorm,aten.mul.Tensor,[],prefill,False
407,mlp,gate_proj,t,"[[d_ff, d_model]]","[d_ff, d_model]",0,"[[d_model, d_ff]]",[],2,mlp,gate_proj,2,model.layers.2.mlp.gate_proj,aten.t.default,[model.layers.2.mlp.gate_proj.weight],prefill,True
408,mlp,gate_proj,view,"[[B, T, d_model]]",,,"[[T, d_model]]",[406],2,mlp,gate_proj,2,model.layers.2.mlp.gate_proj,aten.view.default,[],prefill,True
409,mlp,gate_proj,matmul,"[[T, d_model], [d_model, d_ff]]","[d_ff, d_model]",1,"[[T, d_ff]]","[407, 408]",2,mlp,gate_proj,2,model.layers.2.mlp.gate_proj,aten.mm.default,[model.layers.2.mlp.gate_proj.weight],prefill,False
410,mlp,gate_proj,_unsafe_view,"[[T, d_ff]]",,,"[[B, T, d_ff]]",[409],2,mlp,gate_proj,2,model.layers.2.mlp.gate_proj,aten._unsafe_view.default,[],prefill,True
411,mlp,act_fn,gelu,"[[B, T, d_ff]]",,,"[[B, T, d_ff]]",[410],2,mlp,act_fn,2,model.layers.2.mlp.act_fn,aten.gelu.default,[],prefill,False
412,mlp,up_proj,t,"[[d_ff, d_model]]","[d_ff, d_model]",0,"[[d_model, d_ff]]",[],2,mlp,up_proj,2,model.layers.2.mlp.up_proj,aten.t.default,[model.layers.2.mlp.up_proj.weight],prefill,True
413,mlp,up_proj,view,"[[B, T, d_model]]",,,"[[T, d_model]]",[406],2,mlp,up_proj,2,model.layers.2.mlp.up_proj,aten.view.default,[],prefill,True
414,mlp,up_proj,matmul,"[[T, d_model], [d_model, d_ff]]","[d_ff, d_model]",1,"[[T, d_ff]]","[412, 413]",2,mlp,up_proj,2,model.layers.2.mlp.up_proj,aten.mm.default,[model.layers.2.mlp.up_proj.weight],prefill,False
415,mlp,up_proj,_unsafe_view,"[[T, d_ff]]",,,"[[B, T, d_ff]]",[414],2,mlp,up_proj,2,model.layers.2.mlp.up_proj,aten._unsafe_view.default,[],prefill,True
416,mlp,,elementwise_mul,"[[B, T, d_ff], [B, T, d_ff]]",,,"[[B, T, d_ff]]","[411, 415]",2,mlp,,1,model.layers.2.mlp,aten.mul.Tensor,[],prefill,False
417,mlp,down_proj,t,"[[d_model, d_ff]]","[d_model, d_ff]",0,"[[d_ff, d_model]]",[],2,mlp,down_proj,2,model.layers.2.mlp.down_proj,aten.t.default,[model.layers.2.mlp.down_proj.weight],prefill,True
418,mlp,down_proj,view,"[[B, T, d_ff]]",,,"[[T, d_ff]]",[416],2,mlp,down_proj,2,model.layers.2.mlp.down_proj,aten.view.default,[],prefill,True
419,mlp,down_proj,matmul,"[[T, d_ff], [d_ff, d_model]]","[d_model, d_ff]",1,"[[T, d_model]]","[417, 418]",2,mlp,down_proj,2,model.layers.2.mlp.down_proj,aten.mm.default,[model.layers.2.mlp.down_proj.weight],prefill,False
420,mlp,down_proj,_unsafe_view,"[[T, d_model]]",,,"[[B, T, d_model]]",[419],2,mlp,down_proj,2,model.layers.2.mlp.down_proj,aten._unsafe_view.default,[],prefill,True
421,post_feedforward_layernorm,,pow,"[[B, T, d_model]]",,,"[[B, T, d_model]]",[420],2,post_feedforward_layernorm,,1,model.layers.2.post_feedforward_layernorm,aten.pow.Tensor_Scalar,[],prefill,False
422,post_feedforward_layernorm,,mean,"[[B, T, d_model]]",,,"[[B, T, 1]]",[421],2,post_feedforward_layernorm,,1,model.layers.2.post_feedforward_layernorm,aten.mean.dim,[],prefill,False
423,post_feedforward_layernorm,,elementwise_add,"[[B, T, 1]]",,,"[[B, T, 1]]",[422],2,post_feedforward_layernorm,,1,model.layers.2.post_feedforward_layernorm,aten.add.Tensor,[],prefill,False
424,post_feedforward_layernorm,,rsqrt,"[[B, T, 1]]",,,"[[B, T, 1]]",[423],2,post_feedforward_layernorm,,1,model.layers.2.post_feedforward_layernorm,aten.rsqrt.default,[],prefill,False
425,post_feedforward_layernorm,,elementwise_mul,"[[B, T, d_model], [B, T, 1]]",,,"[[B, T, d_model]]","[420, 424]",2,post_feedforward_layernorm,,1,model.layers.2.post_feedforward_layernorm,aten.mul.Tensor,[],prefill,False
426,post_feedforward_layernorm,,elementwise_add,[[d_model]],,,[[d_model]],[],2,post_feedforward_layernorm,,1,model.layers.2.post_feedforward_layernorm,aten.add.Tensor,[model.layers.2.post_feedforward_layernorm.weight],prefill,False
427,post_feedforward_layernorm,,elementwise_mul,"[[B, T, d_model], [d_model]]",,,"[[B, T, d_model]]","[425, 426]",2,post_feedforward_layernorm,,1,model.layers.2.post_feedforward_layernorm,aten.mul.Tensor,[],prefill,False
428,,,elementwise_add,"[[B, T, d_model], [B, T, d_model]]",,,"[[B, T, d_model]]","[399, 427]",2,,,0,model.layers.2,aten.add.Tensor,[],prefill,False
429,input_layernorm,,pow,"[[B, T, d_model]]",,,"[[B, T, d_model]]",[428],3,input_layernorm,,1,model.layers.3.input_layernorm,aten.pow.Tensor_Scalar,[],prefill,False
430,input_layernorm,,mean,"[[B, T, d_model]]",,,"[[B, T, 1]]",[429],3,input_layernorm,,1,model.layers.3.input_layernorm,aten.mean.dim,[],prefill,False
431,input_layernorm,,elementwise_add,"[[B, T, 1]]",,,"[[B, T, 1]]",[430],3,input_layernorm,,1,model.layers.3.input_layernorm,aten.add.Tensor,[],prefill,False
432,input_layernorm,,rsqrt,"[[B, T, 1]]",,,"[[B, T, 1]]",[431],3,input_layernorm,,1,model.layers.3.input_layernorm,aten.rsqrt.default,[],prefill,False
433,input_layernorm,,elementwise_mul,"[[B, T, d_model], [B, T, 1]]",,,"[[B, T, d_model]]","[428, 432]",3,input_layernorm,,1,model.layers.3.input_layernorm,aten.mul.Tensor,[],prefill,False
434,input_layernorm,,elementwise_add,[[d_model]],,,[[d_model]],[],3,input_layernorm,,1,model.layers.3.input_layernorm,aten.add.Tensor,[model.layers.3.input_layernorm.weight],prefill,False
435,input_layernorm,,elementwise_mul,"[[B, T, d_model], [d_model]]",,,"[[B, T, d_model]]","[433, 434]",3,input_layernorm,,1,model.layers.3.input_layernorm,aten.mul.Tensor,[],prefill,False
436,self_attn,q_proj,t,"[[n_h*d_head, d_model]]","[n_h*d_head, d_model]",0,"[[d_model, n_h*d_head]]",[],3,self_attn,q_proj,2,model.layers.3.self_attn.q_proj,aten.t.default,[model.layers.3.self_attn.q_proj.weight],prefill,True
437,self_attn,q_proj,view,"[[B, T, d_model]]",,,"[[T, d_model]]",[435],3,self_attn,q_proj,2,model.layers.3.self_attn.q_proj,aten.view.default,[],prefill,True
438,self_attn,q_proj,matmul,"[[T, d_model], [d_model, n_h*d_head]]","[n_h*d_head, d_model]",1,"[[T, n_h*d_head]]","[436, 437]",3,self_attn,q_proj,2,model.layers.3.self_attn.q_proj,aten.mm.default,[model.layers.3.self_attn.q_proj.weight],prefill,False
439,self_attn,q_proj,_unsafe_view,"[[T, n_h*d_head]]",,,"[[B, T, n_h*d_head]]",[438],3,self_attn,q_proj,2,model.layers.3.self_attn.q_proj,aten._unsafe_view.default,[],prefill,True
440,self_attn,,view,"[[B, T, n_h*d_head]]",,,"[[B, T, n_h, d_head]]",[439],3,self_attn,,1,model.layers.3.self_attn,aten.view.default,[],prefill,True
441,self_attn,,transpose,"[[B, T, n_h, d_head]]",,,"[[B, n_h, T, d_head]]",[440],3,self_attn,,1,model.layers.3.self_attn,aten.transpose.int,[],prefill,True
442,self_attn,k_proj,t,"[[n_kv*d_head, d_model]]","[n_kv*d_head, d_model]",0,"[[d_model, n_kv*d_head]]",[],3,self_attn,k_proj,2,model.layers.3.self_attn.k_proj,aten.t.default,[model.layers.3.self_attn.k_proj.weight],prefill,True
443,self_attn,k_proj,view,"[[B, T, d_model]]",,,"[[T, d_model]]",[435],3,self_attn,k_proj,2,model.layers.3.self_attn.k_proj,aten.view.default,[],prefill,True
444,self_attn,k_proj,matmul,"[[T, d_model], [d_model, n_kv*d_head]]","[n_kv*d_head, d_model]",1,"[[T, n_kv*d_head]]","[442, 443]",3,self_attn,k_proj,2,model.layers.3.self_attn.k_proj,aten.mm.default,[model.layers.3.self_attn.k_proj.weight],prefill,False
445,self_attn,k_proj,_unsafe_view,"[[T, n_kv*d_head]]",,,"[[B, T, n_kv*d_head]]",[444],3,self_attn,k_proj,2,model.layers.3.self_attn.k_proj,aten._unsafe_view.default,[],prefill,True
446,self_attn,,view,"[[B, T, n_kv*d_head]]",,,"[[B, T, n_kv, d_head]]",[445],3,self_attn,,1,model.layers.3.self_attn,aten.view.default,[],prefill,True
447,self_attn,,transpose,"[[B, T, n_kv, d_head]]",,,"[[B, n_kv, T, d_head]]",[446],3,self_attn,,1,model.layers.3.self_attn,aten.transpose.int,[],prefill,True
448,self_attn,v_proj,t,"[[n_kv*d_head, d_model]]","[n_kv*d_head, d_model]",0,"[[d_model, n_kv*d_head]]",[],3,self_attn,v_proj,2,model.layers.3.self_attn.v_proj,aten.t.default,[model.layers.3.self_attn.v_proj.weight],prefill,True
449,self_attn,v_proj,view,"[[B, T, d_model]]",,,"[[T, d_model]]",[435],3,self_attn,v_proj,2,model.layers.3.self_attn.v_proj,aten.view.default,[],prefill,True
450,self_attn,v_proj,matmul,"[[T, d_model], [d_model, n_kv*d_head]]","[n_kv*d_head, d_model]",1,"[[T, n_kv*d_head]]","[448, 449]",3,self_attn,v_proj,2,model.layers.3.self_attn.v_proj,aten.mm.default,[model.layers.3.self_attn.v_proj.weight],prefill,False
451,self_attn,v_proj,_unsafe_view,"[[T, n_kv*d_head]]",,,"[[B, T, n_kv*d_head]]",[450],3,self_attn,v_proj,2,model.layers.3.self_attn.v_proj,aten._unsafe_view.default,[],prefill,True
452,self_attn,,view,"[[B, T, n_kv*d_head]]",,,"[[B, T, n_kv, d_head]]",[451],3,self_attn,,1,model.layers.3.self_attn,aten.view.default,[],prefill,True
453,self_attn,,transpose,"[[B, T, n_kv, d_head]]",,,"[[B, n_kv, T, d_head]]",[452],3,self_attn,,1,model.layers.3.self_attn,aten.transpose.int,[],prefill,True
454,self_attn,,unsqueeze,"[[B, T, d_head]]",,,"[[B, 1, T, d_head]]",[78],3,self_attn,,1,model.layers.3.self_attn,aten.unsqueeze.default,[],prefill,True
455,self_attn,,unsqueeze,"[[B, T, d_head]]",,,"[[B, 1, T, d_head]]",[80],3,self_attn,,1,model.layers.3.self_attn,aten.unsqueeze.default,[],prefill,True
456,self_attn,,elementwise_mul,"[[B, n_h, T, d_head], [B, 1, T, d_head]]",,,"[[B, n_h, T, d_head]]","[441, 454]",3,self_attn,,1,model.layers.3.self_attn,aten.mul.Tensor,[],prefill,False
457,self_attn,,slice,"[[B, n_h, T, d_head]]",,,"[[B, n_h, T, d_head/2]]",[441],3,self_attn,,1,model.layers.3.self_attn,aten.slice.Tensor,[],prefill,True
458,self_attn,,slice,"[[B, n_h, T, d_head]]",,,"[[B, n_h, T, d_head/2]]",[441],3,self_attn,,1,model.layers.3.self_attn,aten.slice.Tensor,[],prefill,True
459,self_attn,,neg,"[[B, n_h, T, d_head/2]]",,,"[[B, n_h, T, d_head/2]]",[458],3,self_attn,,1,model.layers.3.self_attn,aten.neg.default,[],prefill,False
460,self_attn,,concat,"[[B, n_h, T, d_head/2], [B, n_h, T, d_head/2]]",,,"[[B, n_h, T, d_head]]","[457, 459]",3,self_attn,,1,model.layers.3.self_attn,aten.cat.default,[],prefill,False
461,self_attn,,elementwise_mul,"[[B, n_h, T, d_head], [B, 1, T, d_head]]",,,"[[B, n_h, T, d_head]]","[455, 460]",3,self_attn,,1,model.layers.3.self_attn,aten.mul.Tensor,[],prefill,False
462,self_attn,,elementwise_add,"[[B, n_h, T, d_head], [B, n_h, T, d_head]]",,,"[[B, n_h, T, d_head]]","[456, 461]",3,self_attn,,1,model.layers.3.self_attn,aten.add.Tensor,[],prefill,False
463,self_attn,,elementwise_mul,"[[B, n_kv, T, d_head], [B, 1, T, d_head]]",,,"[[B, n_kv, T, d_head]]","[447, 454]",3,self_attn,,1,model.layers.3.self_attn,aten.mul.Tensor,[],prefill,False
464,self_attn,,slice,"[[B, n_kv, T, d_head]]",,,"[[B, n_kv, T, d_head/2]]",[447],3,self_attn,,1,model.layers.3.self_attn,aten.slice.Tensor,[],prefill,True
465,self_attn,,slice,"[[B, n_kv, T, d_head]]",,,"[[B, n_kv, T, d_head/2]]",[447],3,self_attn,,1,model.layers.3.self_attn,aten.slice.Tensor,[],prefill,True
466,self_attn,,neg,"[[B, n_kv, T, d_head/2]]",,,"[[B, n_kv, T, d_head/2]]",[465],3,self_attn,,1,model.layers.3.self_attn,aten.neg.default,[],prefill,False
467,self_attn,,concat,"[[B, n_kv, T, d_head/2], [B, n_kv, T, d_head/2]]",,,"[[B, n_kv, T, d_head]]","[464, 466]",3,self_attn,,1,model.layers.3.self_attn,aten.cat.default,[],prefill,False
468,self_attn,,elementwise_mul,"[[B, n_kv, T, d_head], [B, 1, T, d_head]]",,,"[[B, n_kv, T, d_head]]","[455, 467]",3,self_attn,,1,model.layers.3.self_attn,aten.mul.Tensor,[],prefill,False
469,self_attn,,elementwise_add,"[[B, n_kv, T, d_head], [B, n_kv, T, d_head]]",,,"[[B, n_kv, T, d_head]]","[463, 468]",3,self_attn,,1,model.layers.3.self_attn,aten.add.Tensor,[],prefill,False
470,self_attn,,concat,"[[0], [B, n_kv, T, d_head]]",,,"[[B, n_kv, T, d_head]]",[469],3,self_attn,,1,model.layers.3.self_attn,aten.cat.default,[],prefill,False
471,self_attn,,concat,"[[0], [B, n_kv, T, d_head]]",,,"[[B, n_kv, T, d_head]]",[453],3,self_attn,,1,model.layers.3.self_attn,aten.cat.default,[],prefill,False
472,self_attn,,unsqueeze,"[[B, n_kv, T, d_head]]",,,"[[B, n_kv, 1, T, d_head]]",[470],3,self_attn,,1,model.layers.3.self_attn,aten.unsqueeze.default,[],prefill,True
473,self_attn,,expand,"[[B, n_kv, 1, T, d_head]]",,,"[[B, n_kv, n_h/n_kv, T, d_head]]",[472],3,self_attn,,1,model.layers.3.self_attn,aten.expand.default,[],prefill,True
474,self_attn,,clone,"[[B, n_kv, n_h/n_kv, T, d_head]]",,,"[[B, n_kv, n_h/n_kv, T, d_head]]",[473],3,self_attn,,1,model.layers.3.self_attn,aten.clone.default,[],prefill,True
475,self_attn,,_unsafe_view,"[[B, n_kv, n_h/n_kv, T, d_head]]",,,"[[B, n_h, T, d_head]]",[474],3,self_attn,,1,model.layers.3.self_attn,aten._unsafe_view.default,[],prefill,True
476,self_attn,,unsqueeze,"[[B, n_kv, T, d_head]]",,,"[[B, n_kv, 1, T, d_head]]",[471],3,self_attn,,1,model.layers.3.self_attn,aten.unsqueeze.default,[],prefill,True
477,self_attn,,expand,"[[B, n_kv, 1, T, d_head]]",,,"[[B, n_kv, n_h/n_kv, T, d_head]]",[476],3,self_attn,,1,model.layers.3.self_attn,aten.expand.default,[],prefill,True
478,self_attn,,clone,"[[B, n_kv, n_h/n_kv, T, d_head]]",,,"[[B, n_kv, n_h/n_kv, T, d_head]]",[477],3,self_attn,,1,model.layers.3.self_attn,aten.clone.default,[],prefill,True
479,self_attn,,_unsafe_view,"[[B, n_kv, n_h/n_kv, T, d_head]]",,,"[[B, n_h, T, d_head]]",[478],3,self_attn,,1,model.layers.3.self_attn,aten._unsafe_view.default,[],prefill,True
480,self_attn,,transpose,"[[B, n_h, T, d_head]]",,,"[[B, n_h, d_head, T]]",[475],3,self_attn,,1,model.layers.3.self_attn,aten.transpose.int,[],prefill,True
481,self_attn,,expand,"[[B, n_h, T, d_head]]",,,"[[B, n_h, T, d_head]]",[462],3,self_attn,,1,model.layers.3.self_attn,aten.expand.default,[],prefill,True
482,self_attn,,view,"[[B, n_h, T, d_head]]",,,"[[n_h, T, d_head]]",[481],3,self_attn,,1,model.layers.3.self_attn,aten.view.default,[],prefill,True
483,self_attn,,expand,"[[B, n_h, d_head, T]]",,,"[[B, n_h, d_head, T]]",[480],3,self_attn,,1,model.layers.3.self_attn,aten.expand.default,[],prefill,True
484,self_attn,,view,"[[B, n_h, d_head, T]]",,,"[[n_h, d_head, T]]",[483],3,self_attn,,1,model.layers.3.self_attn,aten.view.default,[],prefill,True
485,self_attn,,batched_matmul,"[[n_h, T, d_head], [n_h, d_head, T]]",,,"[[n_h, T, T]]","[482, 484]",3,self_attn,,1,model.layers.3.self_attn,aten.bmm.default,[],prefill,False
486,self_attn,,_unsafe_view,"[[n_h, T, T]]",,,"[[B, n_h, T, T]]",[485],3,self_attn,,1,model.layers.3.self_attn,aten._unsafe_view.default,[],prefill,True
487,self_attn,,elementwise_mul,"[[B, n_h, T, T]]",,,"[[B, n_h, T, T]]",[486],3,self_attn,,1,model.layers.3.self_attn,aten.mul.Tensor,[],prefill,False
488,self_attn,,div,"[[B, n_h, T, T]]",,,"[[B, n_h, T, T]]",[487],3,self_attn,,1,model.layers.3.self_attn,aten.div.Tensor,[],prefill,True
489,self_attn,,tanh,"[[B, n_h, T, T]]",,,"[[B, n_h, T, T]]",[488],3,self_attn,,1,model.layers.3.self_attn,aten.tanh.default,[],prefill,False
490,self_attn,,elementwise_mul,"[[B, n_h, T, T]]",,,"[[B, n_h, T, T]]",[489],3,self_attn,,1,model.layers.3.self_attn,aten.mul.Tensor,[],prefill,False
491,self_attn,,elementwise_add,"[[B, n_h, T, T], [B, 1, T, T]]",,,"[[B, n_h, T, T]]","[36, 490]",3,self_attn,,1,model.layers.3.self_attn,aten.add.Tensor,[],prefill,False
492,self_attn,,softmax,"[[B, n_h, T, T]]",,,"[[B, n_h, T, T]]",[491],3,self_attn,,1,model.layers.3.self_attn,aten._softmax.default,[],prefill,False
493,self_attn,,expand,"[[B, n_h, T, T]]",,,"[[B, n_h, T, T]]",[492],3,self_attn,,1,model.layers.3.self_attn,aten.expand.default,[],prefill,True
494,self_attn,,view,"[[B, n_h, T, T]]",,,"[[n_h, T, T]]",[493],3,self_attn,,1,model.layers.3.self_attn,aten.view.default,[],prefill,True
495,self_attn,,expand,"[[B, n_h, T, d_head]]",,,"[[B, n_h, T, d_head]]",[479],3,self_attn,,1,model.layers.3.self_attn,aten.expand.default,[],prefill,True
496,self_attn,,view,"[[B, n_h, T, d_head]]",,,"[[n_h, T, d_head]]",[495],3,self_attn,,1,model.layers.3.self_attn,aten.view.default,[],prefill,True
497,self_attn,,batched_matmul,"[[n_h, T, T], [n_h, T, d_head]]",,,"[[n_h, T, d_head]]","[494, 496]",3,self_attn,,1,model.layers.3.self_attn,aten.bmm.default,[],prefill,False
498,self_attn,,_unsafe_view,"[[n_h, T, d_head]]",,,"[[B, n_h, T, d_head]]",[497],3,self_attn,,1,model.layers.3.self_attn,aten._unsafe_view.default,[],prefill,True
499,self_attn,,transpose,"[[B, n_h, T, d_head]]",,,"[[B, T, n_h, d_head]]",[498],3,self_attn,,1,model.layers.3.self_attn,aten.transpose.int,[],prefill,True
500,self_attn,,clone,"[[B, T, n_h, d_head]]",,,"[[B, T, n_h, d_head]]",[499],3,self_attn,,1,model.layers.3.self_attn,aten.clone.default,[],prefill,True
501,self_attn,,view,"[[B, T, n_h, d_head]]",,,"[[B, T, n_h*d_head]]",[500],3,self_attn,,1,model.layers.3.self_attn,aten.view.default,[],prefill,True
502,self_attn,o_proj,t,"[[d_model, n_h*d_head]]","[d_model, n_h*d_head]",0,"[[n_h*d_head, d_model]]",[],3,self_attn,o_proj,2,model.layers.3.self_attn.o_proj,aten.t.default,[model.layers.3.self_attn.o_proj.weight],prefill,True
503,self_attn,o_proj,view,"[[B, T, n_h*d_head]]",,,"[[T, n_h*d_head]]",[501],3,self_attn,o_proj,2,model.layers.3.self_attn.o_proj,aten.view.default,[],prefill,True
504,self_attn,o_proj,matmul,"[[T, n_h*d_head], [n_h*d_head, d_model]]","[d_model, n_h*d_head]",1,"[[T, d_model]]","[502, 503]",3,self_attn,o_proj,2,model.layers.3.self_attn.o_proj,aten.mm.default,[model.layers.3.self_attn.o_proj.weight],prefill,False
505,self_attn,o_proj,_unsafe_view,"[[T, d_model]]",,,"[[B, T, d_model]]",[504],3,self_attn,o_proj,2,model.layers.3.self_attn.o_proj,aten._unsafe_view.default,[],prefill,True
506,post_attention_layernorm,,pow,"[[B, T, d_model]]",,,"[[B, T, d_model]]",[505],3,post_attention_layernorm,,1,model.layers.3.post_attention_layernorm,aten.pow.Tensor_Scalar,[],prefill,False
507,post_attention_layernorm,,mean,"[[B, T, d_model]]",,,"[[B, T, 1]]",[506],3,post_attention_layernorm,,1,model.layers.3.post_attention_layernorm,aten.mean.dim,[],prefill,False
508,post_attention_layernorm,,elementwise_add,"[[B, T, 1]]",,,"[[B, T, 1]]",[507],3,post_attention_layernorm,,1,model.layers.3.post_attention_layernorm,aten.add.Tensor,[],prefill,False
509,post_attention_layernorm,,rsqrt,"[[B, T, 1]]",,,"[[B, T, 1]]",[508],3,post_attention_layernorm,,1,model.layers.3.post_attention_layernorm,aten.rsqrt.default,[],prefill,False
510,post_attention_layernorm,,elementwise_mul,"[[B, T, d_model], [B, T, 1]]",,,"[[B, T, d_model]]","[505, 509]",3,post_attention_layernorm,,1,model.layers.3.post_attention_layernorm,aten.mul.Tensor,[],prefill,False
511,post_attention_layernorm,,elementwise_add,[[d_model]],,,[[d_model]],[],3,post_attention_layernorm,,1,model.layers.3.post_attention_layernorm,aten.add.Tensor,[model.layers.3.post_attention_layernorm.weight],prefill,False
512,post_attention_layernorm,,elementwise_mul,"[[B, T, d_model], [d_model]]",,,"[[B, T, d_model]]","[510, 511]",3,post_attention_layernorm,,1,model.layers.3.post_attention_layernorm,aten.mul.Tensor,[],prefill,False
513,,,elementwise_add,"[[B, T, d_model], [B, T, d_model]]",,,"[[B, T, d_model]]","[428, 512]",3,,,0,model.layers.3,aten.add.Tensor,[],prefill,False
514,pre_feedforward_layernorm,,pow,"[[B, T, d_model]]",,,"[[B, T, d_model]]",[513],3,pre_feedforward_layernorm,,1,model.layers.3.pre_feedforward_layernorm,aten.pow.Tensor_Scalar,[],prefill,False
515,pre_feedforward_layernorm,,mean,"[[B, T, d_model]]",,,"[[B, T, 1]]",[514],3,pre_feedforward_layernorm,,1,model.layers.3.pre_feedforward_layernorm,aten.mean.dim,[],prefill,False
516,pre_feedforward_layernorm,,elementwise_add,"[[B, T, 1]]",,,"[[B, T, 1]]",[515],3,pre_feedforward_layernorm,,1,model.layers.3.pre_feedforward_layernorm,aten.add.Tensor,[],prefill,False
517,pre_feedforward_layernorm,,rsqrt,"[[B, T, 1]]",,,"[[B, T, 1]]",[516],3,pre_feedforward_layernorm,,1,model.layers.3.pre_feedforward_layernorm,aten.rsqrt.default,[],prefill,False
518,pre_feedforward_layernorm,,elementwise_mul,"[[B, T, d_model], [B, T, 1]]",,,"[[B, T, d_model]]","[513, 517]",3,pre_feedforward_layernorm,,1,model.layers.3.pre_feedforward_layernorm,aten.mul.Tensor,[],prefill,False
519,pre_feedforward_layernorm,,elementwise_add,[[d_model]],,,[[d_model]],[],3,pre_feedforward_layernorm,,1,model.layers.3.pre_feedforward_layernorm,aten.add.Tensor,[model.layers.3.pre_feedforward_layernorm.weight],prefill,False
520,pre_feedforward_layernorm,,elementwise_mul,"[[B, T, d_model], [d_model]]",,,"[[B, T, d_model]]","[518, 519]",3,pre_feedforward_layernorm,,1,model.layers.3.pre_feedforward_layernorm,aten.mul.Tensor,[],prefill,False
521,mlp,gate_proj,t,"[[d_ff, d_model]]","[d_ff, d_model]",0,"[[d_model, d_ff]]",[],3,mlp,gate_proj,2,model.layers.3.mlp.gate_proj,aten.t.default,[model.layers.3.mlp.gate_proj.weight],prefill,True
522,mlp,gate_proj,view,"[[B, T, d_model]]",,,"[[T, d_model]]",[520],3,mlp,gate_proj,2,model.layers.3.mlp.gate_proj,aten.view.default,[],prefill,True
523,mlp,gate_proj,matmul,"[[T, d_model], [d_model, d_ff]]","[d_ff, d_model]",1,"[[T, d_ff]]","[521, 522]",3,mlp,gate_proj,2,model.layers.3.mlp.gate_proj,aten.mm.default,[model.layers.3.mlp.gate_proj.weight],prefill,False
524,mlp,gate_proj,_unsafe_view,"[[T, d_ff]]",,,"[[B, T, d_ff]]",[523],3,mlp,gate_proj,2,model.layers.3.mlp.gate_proj,aten._unsafe_view.default,[],prefill,True
525,mlp,act_fn,gelu,"[[B, T, d_ff]]",,,"[[B, T, d_ff]]",[524],3,mlp,act_fn,2,model.layers.3.mlp.act_fn,aten.gelu.default,[],prefill,False
526,mlp,up_proj,t,"[[d_ff, d_model]]","[d_ff, d_model]",0,"[[d_model, d_ff]]",[],3,mlp,up_proj,2,model.layers.3.mlp.up_proj,aten.t.default,[model.layers.3.mlp.up_proj.weight],prefill,True
527,mlp,up_proj,view,"[[B, T, d_model]]",,,"[[T, d_model]]",[520],3,mlp,up_proj,2,model.layers.3.mlp.up_proj,aten.view.default,[],prefill,True
528,mlp,up_proj,matmul,"[[T, d_model], [d_model, d_ff]]","[d_ff, d_model]",1,"[[T, d_ff]]","[526, 527]",3,mlp,up_proj,2,model.layers.3.mlp.up_proj,aten.mm.default,[model.layers.3.mlp.up_proj.weight],prefill,False
529,mlp,up_proj,_unsafe_view,"[[T, d_ff]]",,,"[[B, T, d_ff]]",[528],3,mlp,up_proj,2,model.layers.3.mlp.up_proj,aten._unsafe_view.default,[],prefill,True
530,mlp,,elementwise_mul,"[[B, T, d_ff], [B, T, d_ff]]",,,"[[B, T, d_ff]]","[525, 529]",3,mlp,,1,model.layers.3.mlp,aten.mul.Tensor,[],prefill,False
531,mlp,down_proj,t,"[[d_model, d_ff]]","[d_model, d_ff]",0,"[[d_ff, d_model]]",[],3,mlp,down_proj,2,model.layers.3.mlp.down_proj,aten.t.default,[model.layers.3.mlp.down_proj.weight],prefill,True
532,mlp,down_proj,view,"[[B, T, d_ff]]",,,"[[T, d_ff]]",[530],3,mlp,down_proj,2,model.layers.3.mlp.down_proj,aten.view.default,[],prefill,True
533,mlp,down_proj,matmul,"[[T, d_ff], [d_ff, d_model]]","[d_model, d_ff]",1,"[[T, d_model]]","[531, 532]",3,mlp,down_proj,2,model.layers.3.mlp.down_proj,aten.mm.default,[model.layers.3.mlp.down_proj.weight],prefill,False
534,mlp,down_proj,_unsafe_view,"[[T, d_model]]",,,"[[B, T, d_model]]",[533],3,mlp,down_proj,2,model.layers.3.mlp.down_proj,aten._unsafe_view.default,[],prefill,True
535,post_feedforward_layernorm,,pow,"[[B, T, d_model]]",,,"[[B, T, d_model]]",[534],3,post_feedforward_layernorm,,1,model.layers.3.post_feedforward_layernorm,aten.pow.Tensor_Scalar,[],prefill,False
536,post_feedforward_layernorm,,mean,"[[B, T, d_model]]",,,"[[B, T, 1]]",[535],3,post_feedforward_layernorm,,1,model.layers.3.post_feedforward_layernorm,aten.mean.dim,[],prefill,False
537,post_feedforward_layernorm,,elementwise_add,"[[B, T, 1]]",,,"[[B, T, 1]]",[536],3,post_feedforward_layernorm,,1,model.layers.3.post_feedforward_layernorm,aten.add.Tensor,[],prefill,False
538,post_feedforward_layernorm,,rsqrt,"[[B, T, 1]]",,,"[[B, T, 1]]",[537],3,post_feedforward_layernorm,,1,model.layers.3.post_feedforward_layernorm,aten.rsqrt.default,[],prefill,False
539,post_feedforward_layernorm,,elementwise_mul,"[[B, T, d_model], [B, T, 1]]",,,"[[B, T, d_model]]","[534, 538]",3,post_feedforward_layernorm,,1,model.layers.3.post_feedforward_layernorm,aten.mul.Tensor,[],prefill,False
540,post_feedforward_layernorm,,elementwise_add,[[d_model]],,,[[d_model]],[],3,post_feedforward_layernorm,,1,model.layers.3.post_feedforward_layernorm,aten.add.Tensor,[model.layers.3.post_feedforward_layernorm.weight],prefill,False
541,post_feedforward_layernorm,,elementwise_mul,"[[B, T, d_model], [d_model]]",,,"[[B, T, d_model]]","[539, 540]",3,post_feedforward_layernorm,,1,model.layers.3.post_feedforward_layernorm,aten.mul.Tensor,[],prefill,False
542,,,elementwise_add,"[[B, T, d_model], [B, T, d_model]]",,,"[[B, T, d_model]]","[513, 541]",3,,,0,model.layers.3,aten.add.Tensor,[],prefill,False
543,input_layernorm,,pow,"[[B, T, d_model]]",,,"[[B, T, d_model]]",[542],4,input_layernorm,,1,model.layers.4.input_layernorm,aten.pow.Tensor_Scalar,[],prefill,False
544,input_layernorm,,mean,"[[B, T, d_model]]",,,"[[B, T, 1]]",[543],4,input_layernorm,,1,model.layers.4.input_layernorm,aten.mean.dim,[],prefill,False
545,input_layernorm,,elementwise_add,"[[B, T, 1]]",,,"[[B, T, 1]]",[544],4,input_layernorm,,1,model.layers.4.input_layernorm,aten.add.Tensor,[],prefill,False
546,input_layernorm,,rsqrt,"[[B, T, 1]]",,,"[[B, T, 1]]",[545],4,input_layernorm,,1,model.layers.4.input_layernorm,aten.rsqrt.default,[],prefill,False
547,input_layernorm,,elementwise_mul,"[[B, T, d_model], [B, T, 1]]",,,"[[B, T, d_model]]","[542, 546]",4,input_layernorm,,1,model.layers.4.input_layernorm,aten.mul.Tensor,[],prefill,False
548,input_layernorm,,elementwise_add,[[d_model]],,,[[d_model]],[],4,input_layernorm,,1,model.layers.4.input_layernorm,aten.add.Tensor,[model.layers.4.input_layernorm.weight],prefill,False
549,input_layernorm,,elementwise_mul,"[[B, T, d_model], [d_model]]",,,"[[B, T, d_model]]","[547, 548]",4,input_layernorm,,1,model.layers.4.input_layernorm,aten.mul.Tensor,[],prefill,False
550,self_attn,q_proj,t,"[[n_h*d_head, d_model]]","[n_h*d_head, d_model]",0,"[[d_model, n_h*d_head]]",[],4,self_attn,q_proj,2,model.layers.4.self_attn.q_proj,aten.t.default,[model.layers.4.self_attn.q_proj.weight],prefill,True
551,self_attn,q_proj,view,"[[B, T, d_model]]",,,"[[T, d_model]]",[549],4,self_attn,q_proj,2,model.layers.4.self_attn.q_proj,aten.view.default,[],prefill,True
552,self_attn,q_proj,matmul,"[[T, d_model], [d_model, n_h*d_head]]","[n_h*d_head, d_model]",1,"[[T, n_h*d_head]]","[550, 551]",4,self_attn,q_proj,2,model.layers.4.self_attn.q_proj,aten.mm.default,[model.layers.4.self_attn.q_proj.weight],prefill,False
553,self_attn,q_proj,_unsafe_view,"[[T, n_h*d_head]]",,,"[[B, T, n_h*d_head]]",[552],4,self_attn,q_proj,2,model.layers.4.self_attn.q_proj,aten._unsafe_view.default,[],prefill,True
554,self_attn,,view,"[[B, T, n_h*d_head]]",,,"[[B, T, n_h, d_head]]",[553],4,self_attn,,1,model.layers.4.self_attn,aten.view.default,[],prefill,True
555,self_attn,,transpose,"[[B, T, n_h, d_head]]",,,"[[B, n_h, T, d_head]]",[554],4,self_attn,,1,model.layers.4.self_attn,aten.transpose.int,[],prefill,True
556,self_attn,k_proj,t,"[[n_kv*d_head, d_model]]","[n_kv*d_head, d_model]",0,"[[d_model, n_kv*d_head]]",[],4,self_attn,k_proj,2,model.layers.4.self_attn.k_proj,aten.t.default,[model.layers.4.self_attn.k_proj.weight],prefill,True
557,self_attn,k_proj,view,"[[B, T, d_model]]",,,"[[T, d_model]]",[549],4,self_attn,k_proj,2,model.layers.4.self_attn.k_proj,aten.view.default,[],prefill,True
558,self_attn,k_proj,matmul,"[[T, d_model], [d_model, n_kv*d_head]]","[n_kv*d_head, d_model]",1,"[[T, n_kv*d_head]]","[556, 557]",4,self_attn,k_proj,2,model.layers.4.self_attn.k_proj,aten.mm.default,[model.layers.4.self_attn.k_proj.weight],prefill,False
559,self_attn,k_proj,_unsafe_view,"[[T, n_kv*d_head]]",,,"[[B, T, n_kv*d_head]]",[558],4,self_attn,k_proj,2,model.layers.4.self_attn.k_proj,aten._unsafe_view.default,[],prefill,True
560,self_attn,,view,"[[B, T, n_kv*d_head]]",,,"[[B, T, n_kv, d_head]]",[559],4,self_attn,,1,model.layers.4.self_attn,aten.view.default,[],prefill,True
561,self_attn,,transpose,"[[B, T, n_kv, d_head]]",,,"[[B, n_kv, T, d_head]]",[560],4,self_attn,,1,model.layers.4.self_attn,aten.transpose.int,[],prefill,True
562,self_attn,v_proj,t,"[[n_kv*d_head, d_model]]","[n_kv*d_head, d_model]",0,"[[d_model, n_kv*d_head]]",[],4,self_attn,v_proj,2,model.layers.4.self_attn.v_proj,aten.t.default,[model.layers.4.self_attn.v_proj.weight],prefill,True
563,self_attn,v_proj,view,"[[B, T, d_model]]",,,"[[T, d_model]]",[549],4,self_attn,v_proj,2,model.layers.4.self_attn.v_proj,aten.view.default,[],prefill,True
564,self_attn,v_proj,matmul,"[[T, d_model], [d_model, n_kv*d_head]]","[n_kv*d_head, d_model]",1,"[[T, n_kv*d_head]]","[562, 563]",4,self_attn,v_proj,2,model.layers.4.self_attn.v_proj,aten.mm.default,[model.layers.4.self_attn.v_proj.weight],prefill,False
565,self_attn,v_proj,_unsafe_view,"[[T, n_kv*d_head]]",,,"[[B, T, n_kv*d_head]]",[564],4,self_attn,v_proj,2,model.layers.4.self_attn.v_proj,aten._unsafe_view.default,[],prefill,True
566,self_attn,,view,"[[B, T, n_kv*d_head]]",,,"[[B, T, n_kv, d_head]]",[565],4,self_attn,,1,model.layers.4.self_attn,aten.view.default,[],prefill,True
567,self_attn,,transpose,"[[B, T, n_kv, d_head]]",,,"[[B, n_kv, T, d_head]]",[566],4,self_attn,,1,model.layers.4.self_attn,aten.transpose.int,[],prefill,True
568,self_attn,,unsqueeze,"[[B, T, d_head]]",,,"[[B, 1, T, d_head]]",[78],4,self_attn,,1,model.layers.4.self_attn,aten.unsqueeze.default,[],prefill,True
569,self_attn,,unsqueeze,"[[B, T, d_head]]",,,"[[B, 1, T, d_head]]",[80],4,self_attn,,1,model.layers.4.self_attn,aten.unsqueeze.default,[],prefill,True
570,self_attn,,elementwise_mul,"[[B, n_h, T, d_head], [B, 1, T, d_head]]",,,"[[B, n_h, T, d_head]]","[555, 568]",4,self_attn,,1,model.layers.4.self_attn,aten.mul.Tensor,[],prefill,False
571,self_attn,,slice,"[[B, n_h, T, d_head]]",,,"[[B, n_h, T, d_head/2]]",[555],4,self_attn,,1,model.layers.4.self_attn,aten.slice.Tensor,[],prefill,True
572,self_attn,,slice,"[[B, n_h, T, d_head]]",,,"[[B, n_h, T, d_head/2]]",[555],4,self_attn,,1,model.layers.4.self_attn,aten.slice.Tensor,[],prefill,True
573,self_attn,,neg,"[[B, n_h, T, d_head/2]]",,,"[[B, n_h, T, d_head/2]]",[572],4,self_attn,,1,model.layers.4.self_attn,aten.neg.default,[],prefill,False
574,self_attn,,concat,"[[B, n_h, T, d_head/2], [B, n_h, T, d_head/2]]",,,"[[B, n_h, T, d_head]]","[571, 573]",4,self_attn,,1,model.layers.4.self_attn,aten.cat.default,[],prefill,False
575,self_attn,,elementwise_mul,"[[B, n_h, T, d_head], [B, 1, T, d_head]]",,,"[[B, n_h, T, d_head]]","[569, 574]",4,self_attn,,1,model.layers.4.self_attn,aten.mul.Tensor,[],prefill,False
576,self_attn,,elementwise_add,"[[B, n_h, T, d_head], [B, n_h, T, d_head]]",,,"[[B, n_h, T, d_head]]","[570, 575]",4,self_attn,,1,model.layers.4.self_attn,aten.add.Tensor,[],prefill,False
577,self_attn,,elementwise_mul,"[[B, n_kv, T, d_head], [B, 1, T, d_head]]",,,"[[B, n_kv, T, d_head]]","[561, 568]",4,self_attn,,1,model.layers.4.self_attn,aten.mul.Tensor,[],prefill,False
578,self_attn,,slice,"[[B, n_kv, T, d_head]]",,,"[[B, n_kv, T, d_head/2]]",[561],4,self_attn,,1,model.layers.4.self_attn,aten.slice.Tensor,[],prefill,True
579,self_attn,,slice,"[[B, n_kv, T, d_head]]",,,"[[B, n_kv, T, d_head/2]]",[561],4,self_attn,,1,model.layers.4.self_attn,aten.slice.Tensor,[],prefill,True
580,self_attn,,neg,"[[B, n_kv, T, d_head/2]]",,,"[[B, n_kv, T, d_head/2]]",[579],4,self_attn,,1,model.layers.4.self_attn,aten.neg.default,[],prefill,False
581,self_attn,,concat,"[[B, n_kv, T, d_head/2], [B, n_kv, T, d_head/2]]",,,"[[B, n_kv, T, d_head]]","[578, 580]",4,self_attn,,1,model.layers.4.self_attn,aten.cat.default,[],prefill,False
582,self_attn,,elementwise_mul,"[[B, n_kv, T, d_head], [B, 1, T, d_head]]",,,"[[B, n_kv, T, d_head]]","[569, 581]",4,self_attn,,1,model.layers.4.self_attn,aten.mul.Tensor,[],prefill,False
583,self_attn,,elementwise_add,"[[B, n_kv, T, d_head], [B, n_kv, T, d_head]]",,,"[[B, n_kv, T, d_head]]","[577, 582]",4,self_attn,,1,model.layers.4.self_attn,aten.add.Tensor,[],prefill,False
584,self_attn,,_to_copy,[[]],,,[[]],[4],4,self_attn,,1,model.layers.4.self_attn,aten._to_copy.default,[],prefill,True
585,self_attn,,concat,"[[0], [B, n_kv, T, d_head]]",,,"[[B, n_kv, T, d_head]]",[583],4,self_attn,,1,model.layers.4.self_attn,aten.cat.default,[],prefill,False
586,self_attn,,concat,"[[0], [B, n_kv, T, d_head]]",,,"[[B, n_kv, T, d_head]]",[567],4,self_attn,,1,model.layers.4.self_attn,aten.cat.default,[],prefill,False
587,self_attn,,slice,"[[B, n_kv, T, d_head]]",,,"[[B, n_kv, T, d_head]]",[585],4,self_attn,,1,model.layers.4.self_attn,aten.slice.Tensor,[],prefill,True
588,self_attn,,slice,"[[B, n_kv, T, d_head]]",,,"[[B, n_kv, T, d_head]]",[586],4,self_attn,,1,model.layers.4.self_attn,aten.slice.Tensor,[],prefill,True
589,self_attn,,unsqueeze,"[[B, n_kv, T, d_head]]",,,"[[B, n_kv, 1, T, d_head]]",[585],4,self_attn,,1,model.layers.4.self_attn,aten.unsqueeze.default,[],prefill,True
590,self_attn,,expand,"[[B, n_kv, 1, T, d_head]]",,,"[[B, n_kv, n_h/n_kv, T, d_head]]",[589],4,self_attn,,1,model.layers.4.self_attn,aten.expand.default,[],prefill,True
591,self_attn,,clone,"[[B, n_kv, n_h/n_kv, T, d_head]]",,,"[[B, n_kv, n_h/n_kv, T, d_head]]",[590],4,self_attn,,1,model.layers.4.self_attn,aten.clone.default,[],prefill,True
592,self_attn,,_unsafe_view,"[[B, n_kv, n_h/n_kv, T, d_head]]",,,"[[B, n_h, T, d_head]]",[591],4,self_attn,,1,model.layers.4.self_attn,aten._unsafe_view.default,[],prefill,True
593,self_attn,,unsqueeze,"[[B, n_kv, T, d_head]]",,,"[[B, n_kv, 1, T, d_head]]",[586],4,self_attn,,1,model.layers.4.self_attn,aten.unsqueeze.default,[],prefill,True
594,self_attn,,expand,"[[B, n_kv, 1, T, d_head]]",,,"[[B, n_kv, n_h/n_kv, T, d_head]]",[593],4,self_attn,,1,model.layers.4.self_attn,aten.expand.default,[],prefill,True
595,self_attn,,clone,"[[B, n_kv, n_h/n_kv, T, d_head]]",,,"[[B, n_kv, n_h/n_kv, T, d_head]]",[594],4,self_attn,,1,model.layers.4.self_attn,aten.clone.default,[],prefill,True
596,self_attn,,_unsafe_view,"[[B, n_kv, n_h/n_kv, T, d_head]]",,,"[[B, n_h, T, d_head]]",[595],4,self_attn,,1,model.layers.4.self_attn,aten._unsafe_view.default,[],prefill,True
597,self_attn,,transpose,"[[B, n_h, T, d_head]]",,,"[[B, n_h, d_head, T]]",[592],4,self_attn,,1,model.layers.4.self_attn,aten.transpose.int,[],prefill,True
598,self_attn,,expand,"[[B, n_h, T, d_head]]",,,"[[B, n_h, T, d_head]]",[576],4,self_attn,,1,model.layers.4.self_attn,aten.expand.default,[],prefill,True
599,self_attn,,view,"[[B, n_h, T, d_head]]",,,"[[n_h, T, d_head]]",[598],4,self_attn,,1,model.layers.4.self_attn,aten.view.default,[],prefill,True
600,self_attn,,expand,"[[B, n_h, d_head, T]]",,,"[[B, n_h, d_head, T]]",[597],4,self_attn,,1,model.layers.4.self_attn,aten.expand.default,[],prefill,True
601,self_attn,,view,"[[B, n_h, d_head, T]]",,,"[[n_h, d_head, T]]",[600],4,self_attn,,1,model.layers.4.self_attn,aten.view.default,[],prefill,True
602,self_attn,,batched_matmul,"[[n_h, T, d_head], [n_h, d_head, T]]",,,"[[n_h, T, T]]","[599, 601]",4,self_attn,,1,model.layers.4.self_attn,aten.bmm.default,[],prefill,False
603,self_attn,,_unsafe_view,"[[n_h, T, T]]",,,"[[B, n_h, T, T]]",[602],4,self_attn,,1,model.layers.4.self_attn,aten._unsafe_view.default,[],prefill,True
604,self_attn,,elementwise_mul,"[[B, n_h, T, T]]",,,"[[B, n_h, T, T]]",[603],4,self_attn,,1,model.layers.4.self_attn,aten.mul.Tensor,[],prefill,False
605,self_attn,,div,"[[B, n_h, T, T]]",,,"[[B, n_h, T, T]]",[604],4,self_attn,,1,model.layers.4.self_attn,aten.div.Tensor,[],prefill,True
606,self_attn,,tanh,"[[B, n_h, T, T]]",,,"[[B, n_h, T, T]]",[605],4,self_attn,,1,model.layers.4.self_attn,aten.tanh.default,[],prefill,False
607,self_attn,,elementwise_mul,"[[B, n_h, T, T]]",,,"[[B, n_h, T, T]]",[606],4,self_attn,,1,model.layers.4.self_attn,aten.mul.Tensor,[],prefill,False
608,self_attn,,elementwise_add,"[[B, n_h, T, T], [B, 1, T, T]]",,,"[[B, n_h, T, T]]","[63, 607]",4,self_attn,,1,model.layers.4.self_attn,aten.add.Tensor,[],prefill,False
609,self_attn,,softmax,"[[B, n_h, T, T]]",,,"[[B, n_h, T, T]]",[608],4,self_attn,,1,model.layers.4.self_attn,aten._softmax.default,[],prefill,False
610,self_attn,,expand,"[[B, n_h, T, T]]",,,"[[B, n_h, T, T]]",[609],4,self_attn,,1,model.layers.4.self_attn,aten.expand.default,[],prefill,True
611,self_attn,,view,"[[B, n_h, T, T]]",,,"[[n_h, T, T]]",[610],4,self_attn,,1,model.layers.4.self_attn,aten.view.default,[],prefill,True
612,self_attn,,expand,"[[B, n_h, T, d_head]]",,,"[[B, n_h, T, d_head]]",[596],4,self_attn,,1,model.layers.4.self_attn,aten.expand.default,[],prefill,True
613,self_attn,,view,"[[B, n_h, T, d_head]]",,,"[[n_h, T, d_head]]",[612],4,self_attn,,1,model.layers.4.self_attn,aten.view.default,[],prefill,True
614,self_attn,,batched_matmul,"[[n_h, T, T], [n_h, T, d_head]]",,,"[[n_h, T, d_head]]","[611, 613]",4,self_attn,,1,model.layers.4.self_attn,aten.bmm.default,[],prefill,False
615,self_attn,,_unsafe_view,"[[n_h, T, d_head]]",,,"[[B, n_h, T, d_head]]",[614],4,self_attn,,1,model.layers.4.self_attn,aten._unsafe_view.default,[],prefill,True
616,self_attn,,transpose,"[[B, n_h, T, d_head]]",,,"[[B, T, n_h, d_head]]",[615],4,self_attn,,1,model.layers.4.self_attn,aten.transpose.int,[],prefill,True
617,self_attn,,clone,"[[B, T, n_h, d_head]]",,,"[[B, T, n_h, d_head]]",[616],4,self_attn,,1,model.layers.4.self_attn,aten.clone.default,[],prefill,True
618,self_attn,,view,"[[B, T, n_h, d_head]]",,,"[[B, T, n_h*d_head]]",[617],4,self_attn,,1,model.layers.4.self_attn,aten.view.default,[],prefill,True
619,self_attn,o_proj,t,"[[d_model, n_h*d_head]]","[d_model, n_h*d_head]",0,"[[n_h*d_head, d_model]]",[],4,self_attn,o_proj,2,model.layers.4.self_attn.o_proj,aten.t.default,[model.layers.4.self_attn.o_proj.weight],prefill,True
620,self_attn,o_proj,view,"[[B, T, n_h*d_head]]",,,"[[T, n_h*d_head]]",[618],4,self_attn,o_proj,2,model.layers.4.self_attn.o_proj,aten.view.default,[],prefill,True
621,self_attn,o_proj,matmul,"[[T, n_h*d_head], [n_h*d_head, d_model]]","[d_model, n_h*d_head]",1,"[[T, d_model]]","[619, 620]",4,self_attn,o_proj,2,model.layers.4.self_attn.o_proj,aten.mm.default,[model.layers.4.self_attn.o_proj.weight],prefill,False
622,self_attn,o_proj,_unsafe_view,"[[T, d_model]]",,,"[[B, T, d_model]]",[621],4,self_attn,o_proj,2,model.layers.4.self_attn.o_proj,aten._unsafe_view.default,[],prefill,True
623,post_attention_layernorm,,pow,"[[B, T, d_model]]",,,"[[B, T, d_model]]",[622],4,post_attention_layernorm,,1,model.layers.4.post_attention_layernorm,aten.pow.Tensor_Scalar,[],prefill,False
624,post_attention_layernorm,,mean,"[[B, T, d_model]]",,,"[[B, T, 1]]",[623],4,post_attention_layernorm,,1,model.layers.4.post_attention_layernorm,aten.mean.dim,[],prefill,False
625,post_attention_layernorm,,elementwise_add,"[[B, T, 1]]",,,"[[B, T, 1]]",[624],4,post_attention_layernorm,,1,model.layers.4.post_attention_layernorm,aten.add.Tensor,[],prefill,False
626,post_attention_layernorm,,rsqrt,"[[B, T, 1]]",,,"[[B, T, 1]]",[625],4,post_attention_layernorm,,1,model.layers.4.post_attention_layernorm,aten.rsqrt.default,[],prefill,False
627,post_attention_layernorm,,elementwise_mul,"[[B, T, d_model], [B, T, 1]]",,,"[[B, T, d_model]]","[622, 626]",4,post_attention_layernorm,,1,model.layers.4.post_attention_layernorm,aten.mul.Tensor,[],prefill,False
628,post_attention_layernorm,,elementwise_add,[[d_model]],,,[[d_model]],[],4,post_attention_layernorm,,1,model.layers.4.post_attention_layernorm,aten.add.Tensor,[model.layers.4.post_attention_layernorm.weight],prefill,False
629,post_attention_layernorm,,elementwise_mul,"[[B, T, d_model], [d_model]]",,,"[[B, T, d_model]]","[627, 628]",4,post_attention_layernorm,,1,model.layers.4.post_attention_layernorm,aten.mul.Tensor,[],prefill,False
630,,,elementwise_add,"[[B, T, d_model], [B, T, d_model]]",,,"[[B, T, d_model]]","[542, 629]",4,,,0,model.layers.4,aten.add.Tensor,[],prefill,False
631,pre_feedforward_layernorm,,pow,"[[B, T, d_model]]",,,"[[B, T, d_model]]",[630],4,pre_feedforward_layernorm,,1,model.layers.4.pre_feedforward_layernorm,aten.pow.Tensor_Scalar,[],prefill,False
632,pre_feedforward_layernorm,,mean,"[[B, T, d_model]]",,,"[[B, T, 1]]",[631],4,pre_feedforward_layernorm,,1,model.layers.4.pre_feedforward_layernorm,aten.mean.dim,[],prefill,False
633,pre_feedforward_layernorm,,elementwise_add,"[[B, T, 1]]",,,"[[B, T, 1]]",[632],4,pre_feedforward_layernorm,,1,model.layers.4.pre_feedforward_layernorm,aten.add.Tensor,[],prefill,False
634,pre_feedforward_layernorm,,rsqrt,"[[B, T, 1]]",,,"[[B, T, 1]]",[633],4,pre_feedforward_layernorm,,1,model.layers.4.pre_feedforward_layernorm,aten.rsqrt.default,[],prefill,False
635,pre_feedforward_layernorm,,elementwise_mul,"[[B, T, d_model], [B, T, 1]]",,,"[[B, T, d_model]]","[630, 634]",4,pre_feedforward_layernorm,,1,model.layers.4.pre_feedforward_layernorm,aten.mul.Tensor,[],prefill,False
636,pre_feedforward_layernorm,,elementwise_add,[[d_model]],,,[[d_model]],[],4,pre_feedforward_layernorm,,1,model.layers.4.pre_feedforward_layernorm,aten.add.Tensor,[model.layers.4.pre_feedforward_layernorm.weight],prefill,False
637,pre_feedforward_layernorm,,elementwise_mul,"[[B, T, d_model], [d_model]]",,,"[[B, T, d_model]]","[635, 636]",4,pre_feedforward_layernorm,,1,model.layers.4.pre_feedforward_layernorm,aten.mul.Tensor,[],prefill,False
638,mlp,gate_proj,t,"[[d_ff, d_model]]","[d_ff, d_model]",0,"[[d_model, d_ff]]",[],4,mlp,gate_proj,2,model.layers.4.mlp.gate_proj,aten.t.default,[model.layers.4.mlp.gate_proj.weight],prefill,True
639,mlp,gate_proj,view,"[[B, T, d_model]]",,,"[[T, d_model]]",[637],4,mlp,gate_proj,2,model.layers.4.mlp.gate_proj,aten.view.default,[],prefill,True
640,mlp,gate_proj,matmul,"[[T, d_model], [d_model, d_ff]]","[d_ff, d_model]",1,"[[T, d_ff]]","[638, 639]",4,mlp,gate_proj,2,model.layers.4.mlp.gate_proj,aten.mm.default,[model.layers.4.mlp.gate_proj.weight],prefill,False
641,mlp,gate_proj,_unsafe_view,"[[T, d_ff]]",,,"[[B, T, d_ff]]",[640],4,mlp,gate_proj,2,model.layers.4.mlp.gate_proj,aten._unsafe_view.default,[],prefill,True
642,mlp,act_fn,gelu,"[[B, T, d_ff]]",,,"[[B, T, d_ff]]",[641],4,mlp,act_fn,2,model.layers.4.mlp.act_fn,aten.gelu.default,[],prefill,False
643,mlp,up_proj,t,"[[d_ff, d_model]]","[d_ff, d_model]",0,"[[d_model, d_ff]]",[],4,mlp,up_proj,2,model.layers.4.mlp.up_proj,aten.t.default,[model.layers.4.mlp.up_proj.weight],prefill,True
644,mlp,up_proj,view,"[[B, T, d_model]]",,,"[[T, d_model]]",[637],4,mlp,up_proj,2,model.layers.4.mlp.up_proj,aten.view.default,[],prefill,True
645,mlp,up_proj,matmul,"[[T, d_model], [d_model, d_ff]]","[d_ff, d_model]",1,"[[T, d_ff]]","[643, 644]",4,mlp,up_proj,2,model.layers.4.mlp.up_proj,aten.mm.default,[model.layers.4.mlp.up_proj.weight],prefill,False
646,mlp,up_proj,_unsafe_view,"[[T, d_ff]]",,,"[[B, T, d_ff]]",[645],4,mlp,up_proj,2,model.layers.4.mlp.up_proj,aten._unsafe_view.default,[],prefill,True
647,mlp,,elementwise_mul,"[[B, T, d_ff], [B, T, d_ff]]",,,"[[B, T, d_ff]]","[642, 646]",4,mlp,,1,model.layers.4.mlp,aten.mul.Tensor,[],prefill,False
648,mlp,down_proj,t,"[[d_model, d_ff]]","[d_model, d_ff]",0,"[[d_ff, d_model]]",[],4,mlp,down_proj,2,model.layers.4.mlp.down_proj,aten.t.default,[model.layers.4.mlp.down_proj.weight],prefill,True
649,mlp,down_proj,view,"[[B, T, d_ff]]",,,"[[T, d_ff]]",[647],4,mlp,down_proj,2,model.layers.4.mlp.down_proj,aten.view.default,[],prefill,True
650,mlp,down_proj,matmul,"[[T, d_ff], [d_ff, d_model]]","[d_model, d_ff]",1,"[[T, d_model]]","[648, 649]",4,mlp,down_proj,2,model.layers.4.mlp.down_proj,aten.mm.default,[model.layers.4.mlp.down_proj.weight],prefill,False
651,mlp,down_proj,_unsafe_view,"[[T, d_model]]",,,"[[B, T, d_model]]",[650],4,mlp,down_proj,2,model.layers.4.mlp.down_proj,aten._unsafe_view.default,[],prefill,True
652,post_feedforward_layernorm,,pow,"[[B, T, d_model]]",,,"[[B, T, d_model]]",[651],4,post_feedforward_layernorm,,1,model.layers.4.post_feedforward_layernorm,aten.pow.Tensor_Scalar,[],prefill,False
653,post_feedforward_layernorm,,mean,"[[B, T, d_model]]",,,"[[B, T, 1]]",[652],4,post_feedforward_layernorm,,1,model.layers.4.post_feedforward_layernorm,aten.mean.dim,[],prefill,False
654,post_feedforward_layernorm,,elementwise_add,"[[B, T, 1]]",,,"[[B, T, 1]]",[653],4,post_feedforward_layernorm,,1,model.layers.4.post_feedforward_layernorm,aten.add.Tensor,[],prefill,False
655,post_feedforward_layernorm,,rsqrt,"[[B, T, 1]]",,,"[[B, T, 1]]",[654],4,post_feedforward_layernorm,,1,model.layers.4.post_feedforward_layernorm,aten.rsqrt.default,[],prefill,False
656,post_feedforward_layernorm,,elementwise_mul,"[[B, T, d_model], [B, T, 1]]",,,"[[B, T, d_model]]","[651, 655]",4,post_feedforward_layernorm,,1,model.layers.4.post_feedforward_layernorm,aten.mul.Tensor,[],prefill,False
657,post_feedforward_layernorm,,elementwise_add,[[d_model]],,,[[d_model]],[],4,post_feedforward_layernorm,,1,model.layers.4.post_feedforward_layernorm,aten.add.Tensor,[model.layers.4.post_feedforward_layernorm.weight],prefill,False
658,post_feedforward_layernorm,,elementwise_mul,"[[B, T, d_model], [d_model]]",,,"[[B, T, d_model]]","[656, 657]",4,post_feedforward_layernorm,,1,model.layers.4.post_feedforward_layernorm,aten.mul.Tensor,[],prefill,False
659,,,elementwise_add,"[[B, T, d_model], [B, T, d_model]]",,,"[[B, T, d_model]]","[630, 658]",4,,,0,model.layers.4,aten.add.Tensor,[],prefill,False
660,input_layernorm,,pow,"[[B, T, d_model]]",,,"[[B, T, d_model]]",[659],5,input_layernorm,,1,model.layers.5.input_layernorm,aten.pow.Tensor_Scalar,[],prefill,False
661,input_layernorm,,mean,"[[B, T, d_model]]",,,"[[B, T, 1]]",[660],5,input_layernorm,,1,model.layers.5.input_layernorm,aten.mean.dim,[],prefill,False
662,input_layernorm,,elementwise_add,"[[B, T, 1]]",,,"[[B, T, 1]]",[661],5,input_layernorm,,1,model.layers.5.input_layernorm,aten.add.Tensor,[],prefill,False
663,input_layernorm,,rsqrt,"[[B, T, 1]]",,,"[[B, T, 1]]",[662],5,input_layernorm,,1,model.layers.5.input_layernorm,aten.rsqrt.default,[],prefill,False
664,input_layernorm,,elementwise_mul,"[[B, T, d_model], [B, T, 1]]",,,"[[B, T, d_model]]","[659, 663]",5,input_layernorm,,1,model.layers.5.input_layernorm,aten.mul.Tensor,[],prefill,False
665,input_layernorm,,elementwise_add,[[d_model]],,,[[d_model]],[],5,input_layernorm,,1,model.layers.5.input_layernorm,aten.add.Tensor,[model.layers.5.input_layernorm.weight],prefill,False
666,input_layernorm,,elementwise_mul,"[[B, T, d_model], [d_model]]",,,"[[B, T, d_model]]","[664, 665]",5,input_layernorm,,1,model.layers.5.input_layernorm,aten.mul.Tensor,[],prefill,False
667,self_attn,q_proj,t,"[[n_h*d_head, d_model]]","[n_h*d_head, d_model]",0,"[[d_model, n_h*d_head]]",[],5,self_attn,q_proj,2,model.layers.5.self_attn.q_proj,aten.t.default,[model.layers.5.self_attn.q_proj.weight],prefill,True
668,self_attn,q_proj,view,"[[B, T, d_model]]",,,"[[T, d_model]]",[666],5,self_attn,q_proj,2,model.layers.5.self_attn.q_proj,aten.view.default,[],prefill,True
669,self_attn,q_proj,matmul,"[[T, d_model], [d_model, n_h*d_head]]","[n_h*d_head, d_model]",1,"[[T, n_h*d_head]]","[667, 668]",5,self_attn,q_proj,2,model.layers.5.self_attn.q_proj,aten.mm.default,[model.layers.5.self_attn.q_proj.weight],prefill,False
670,self_attn,q_proj,_unsafe_view,"[[T, n_h*d_head]]",,,"[[B, T, n_h*d_head]]",[669],5,self_attn,q_proj,2,model.layers.5.self_attn.q_proj,aten._unsafe_view.default,[],prefill,True
671,self_attn,,view,"[[B, T, n_h*d_head]]",,,"[[B, T, n_h, d_head]]",[670],5,self_attn,,1,model.layers.5.self_attn,aten.view.default,[],prefill,True
672,self_attn,,transpose,"[[B, T, n_h, d_head]]",,,"[[B, n_h, T, d_head]]",[671],5,self_attn,,1,model.layers.5.self_attn,aten.transpose.int,[],prefill,True
673,self_attn,k_proj,t,"[[n_kv*d_head, d_model]]","[n_kv*d_head, d_model]",0,"[[d_model, n_kv*d_head]]",[],5,self_attn,k_proj,2,model.layers.5.self_attn.k_proj,aten.t.default,[model.layers.5.self_attn.k_proj.weight],prefill,True
674,self_attn,k_proj,view,"[[B, T, d_model]]",,,"[[T, d_model]]",[666],5,self_attn,k_proj,2,model.layers.5.self_attn.k_proj,aten.view.default,[],prefill,True
675,self_attn,k_proj,matmul,"[[T, d_model], [d_model, n_kv*d_head]]","[n_kv*d_head, d_model]",1,"[[T, n_kv*d_head]]","[673, 674]",5,self_attn,k_proj,2,model.layers.5.self_attn.k_proj,aten.mm.default,[model.layers.5.self_attn.k_proj.weight],prefill,False
676,self_attn,k_proj,_unsafe_view,"[[T, n_kv*d_head]]",,,"[[B, T, n_kv*d_head]]",[675],5,self_attn,k_proj,2,model.layers.5.self_attn.k_proj,aten._unsafe_view.default,[],prefill,True
677,self_attn,,view,"[[B, T, n_kv*d_head]]",,,"[[B, T, n_kv, d_head]]",[676],5,self_attn,,1,model.layers.5.self_attn,aten.view.default,[],prefill,True
678,self_attn,,transpose,"[[B, T, n_kv, d_head]]",,,"[[B, n_kv, T, d_head]]",[677],5,self_attn,,1,model.layers.5.self_attn,aten.transpose.int,[],prefill,True
679,self_attn,v_proj,t,"[[n_kv*d_head, d_model]]","[n_kv*d_head, d_model]",0,"[[d_model, n_kv*d_head]]",[],5,self_attn,v_proj,2,model.layers.5.self_attn.v_proj,aten.t.default,[model.layers.5.self_attn.v_proj.weight],prefill,True
680,self_attn,v_proj,view,"[[B, T, d_model]]",,,"[[T, d_model]]",[666],5,self_attn,v_proj,2,model.layers.5.self_attn.v_proj,aten.view.default,[],prefill,True
681,self_attn,v_proj,matmul,"[[T, d_model], [d_model, n_kv*d_head]]","[n_kv*d_head, d_model]",1,"[[T, n_kv*d_head]]","[679, 680]",5,self_attn,v_proj,2,model.layers.5.self_attn.v_proj,aten.mm.default,[model.layers.5.self_attn.v_proj.weight],prefill,False
682,self_attn,v_proj,_unsafe_view,"[[T, n_kv*d_head]]",,,"[[B, T, n_kv*d_head]]",[681],5,self_attn,v_proj,2,model.layers.5.self_attn.v_proj,aten._unsafe_view.default,[],prefill,True
683,self_attn,,view,"[[B, T, n_kv*d_head]]",,,"[[B, T, n_kv, d_head]]",[682],5,self_attn,,1,model.layers.5.self_attn,aten.view.default,[],prefill,True
684,self_attn,,transpose,"[[B, T, n_kv, d_head]]",,,"[[B, n_kv, T, d_head]]",[683],5,self_attn,,1,model.layers.5.self_attn,aten.transpose.int,[],prefill,True
685,self_attn,,unsqueeze,"[[B, T, d_head]]",,,"[[B, 1, T, d_head]]",[78],5,self_attn,,1,model.layers.5.self_attn,aten.unsqueeze.default,[],prefill,True
686,self_attn,,unsqueeze,"[[B, T, d_head]]",,,"[[B, 1, T, d_head]]",[80],5,self_attn,,1,model.layers.5.self_attn,aten.unsqueeze.default,[],prefill,True
687,self_attn,,elementwise_mul,"[[B, n_h, T, d_head], [B, 1, T, d_head]]",,,"[[B, n_h, T, d_head]]","[672, 685]",5,self_attn,,1,model.layers.5.self_attn,aten.mul.Tensor,[],prefill,False
688,self_attn,,slice,"[[B, n_h, T, d_head]]",,,"[[B, n_h, T, d_head/2]]",[672],5,self_attn,,1,model.layers.5.self_attn,aten.slice.Tensor,[],prefill,True
689,self_attn,,slice,"[[B, n_h, T, d_head]]",,,"[[B, n_h, T, d_head/2]]",[672],5,self_attn,,1,model.layers.5.self_attn,aten.slice.Tensor,[],prefill,True
690,self_attn,,neg,"[[B, n_h, T, d_head/2]]",,,"[[B, n_h, T, d_head/2]]",[689],5,self_attn,,1,model.layers.5.self_attn,aten.neg.default,[],prefill,False
691,self_attn,,concat,"[[B, n_h, T, d_head/2], [B, n_h, T, d_head/2]]",,,"[[B, n_h, T, d_head]]","[688, 690]",5,self_attn,,1,model.layers.5.self_attn,aten.cat.default,[],prefill,False
692,self_attn,,elementwise_mul,"[[B, n_h, T, d_head], [B, 1, T, d_head]]",,,"[[B, n_h, T, d_head]]","[686, 691]",5,self_attn,,1,model.layers.5.self_attn,aten.mul.Tensor,[],prefill,False
693,self_attn,,elementwise_add,"[[B, n_h, T, d_head], [B, n_h, T, d_head]]",,,"[[B, n_h, T, d_head]]","[687, 692]",5,self_attn,,1,model.layers.5.self_attn,aten.add.Tensor,[],prefill,False
694,self_attn,,elementwise_mul,"[[B, n_kv, T, d_head], [B, 1, T, d_head]]",,,"[[B, n_kv, T, d_head]]","[678, 685]",5,self_attn,,1,model.layers.5.self_attn,aten.mul.Tensor,[],prefill,False
695,self_attn,,slice,"[[B, n_kv, T, d_head]]",,,"[[B, n_kv, T, d_head/2]]",[678],5,self_attn,,1,model.layers.5.self_attn,aten.slice.Tensor,[],prefill,True
696,self_attn,,slice,"[[B, n_kv, T, d_head]]",,,"[[B, n_kv, T, d_head/2]]",[678],5,self_attn,,1,model.layers.5.self_attn,aten.slice.Tensor,[],prefill,True
697,self_attn,,neg,"[[B, n_kv, T, d_head/2]]",,,"[[B, n_kv, T, d_head/2]]",[696],5,self_attn,,1,model.layers.5.self_attn,aten.neg.default,[],prefill,False
698,self_attn,,concat,"[[B, n_kv, T, d_head/2], [B, n_kv, T, d_head/2]]",,,"[[B, n_kv, T, d_head]]","[695, 697]",5,self_attn,,1,model.layers.5.self_attn,aten.cat.default,[],prefill,False
699,self_attn,,elementwise_mul,"[[B, n_kv, T, d_head], [B, 1, T, d_head]]",,,"[[B, n_kv, T, d_head]]","[686, 698]",5,self_attn,,1,model.layers.5.self_attn,aten.mul.Tensor,[],prefill,False
700,self_attn,,elementwise_add,"[[B, n_kv, T, d_head], [B, n_kv, T, d_head]]",,,"[[B, n_kv, T, d_head]]","[694, 699]",5,self_attn,,1,model.layers.5.self_attn,aten.add.Tensor,[],prefill,False
701,self_attn,,concat,"[[0], [B, n_kv, T, d_head]]",,,"[[B, n_kv, T, d_head]]",[700],5,self_attn,,1,model.layers.5.self_attn,aten.cat.default,[],prefill,False
702,self_attn,,concat,"[[0], [B, n_kv, T, d_head]]",,,"[[B, n_kv, T, d_head]]",[684],5,self_attn,,1,model.layers.5.self_attn,aten.cat.default,[],prefill,False
703,self_attn,,unsqueeze,"[[B, n_kv, T, d_head]]",,,"[[B, n_kv, 1, T, d_head]]",[701],5,self_attn,,1,model.layers.5.self_attn,aten.unsqueeze.default,[],prefill,True
704,self_attn,,expand,"[[B, n_kv, 1, T, d_head]]",,,"[[B, n_kv, n_h/n_kv, T, d_head]]",[703],5,self_attn,,1,model.layers.5.self_attn,aten.expand.default,[],prefill,True
705,self_attn,,clone,"[[B, n_kv, n_h/n_kv, T, d_head]]",,,"[[B, n_kv, n_h/n_kv, T, d_head]]",[704],5,self_attn,,1,model.layers.5.self_attn,aten.clone.default,[],prefill,True
706,self_attn,,_unsafe_view,"[[B, n_kv, n_h/n_kv, T, d_head]]",,,"[[B, n_h, T, d_head]]",[705],5,self_attn,,1,model.layers.5.self_attn,aten._unsafe_view.default,[],prefill,True
707,self_attn,,unsqueeze,"[[B, n_kv, T, d_head]]",,,"[[B, n_kv, 1, T, d_head]]",[702],5,self_attn,,1,model.layers.5.self_attn,aten.unsqueeze.default,[],prefill,True
708,self_attn,,expand,"[[B, n_kv, 1, T, d_head]]",,,"[[B, n_kv, n_h/n_kv, T, d_head]]",[707],5,self_attn,,1,model.layers.5.self_attn,aten.expand.default,[],prefill,True
709,self_attn,,clone,"[[B, n_kv, n_h/n_kv, T, d_head]]",,,"[[B, n_kv, n_h/n_kv, T, d_head]]",[708],5,self_attn,,1,model.layers.5.self_attn,aten.clone.default,[],prefill,True
710,self_attn,,_unsafe_view,"[[B, n_kv, n_h/n_kv, T, d_head]]",,,"[[B, n_h, T, d_head]]",[709],5,self_attn,,1,model.layers.5.self_attn,aten._unsafe_view.default,[],prefill,True
711,self_attn,,transpose,"[[B, n_h, T, d_head]]",,,"[[B, n_h, d_head, T]]",[706],5,self_attn,,1,model.layers.5.self_attn,aten.transpose.int,[],prefill,True
712,self_attn,,expand,"[[B, n_h, T, d_head]]",,,"[[B, n_h, T, d_head]]",[693],5,self_attn,,1,model.layers.5.self_attn,aten.expand.default,[],prefill,True
713,self_attn,,view,"[[B, n_h, T, d_head]]",,,"[[n_h, T, d_head]]",[712],5,self_attn,,1,model.layers.5.self_attn,aten.view.default,[],prefill,True
714,self_attn,,expand,"[[B, n_h, d_head, T]]",,,"[[B, n_h, d_head, T]]",[711],5,self_attn,,1,model.layers.5.self_attn,aten.expand.default,[],prefill,True
715,self_attn,,view,"[[B, n_h, d_head, T]]",,,"[[n_h, d_head, T]]",[714],5,self_attn,,1,model.layers.5.self_attn,aten.view.default,[],prefill,True
716,self_attn,,batched_matmul,"[[n_h, T, d_head], [n_h, d_head, T]]",,,"[[n_h, T, T]]","[713, 715]",5,self_attn,,1,model.layers.5.self_attn,aten.bmm.default,[],prefill,False
717,self_attn,,_unsafe_view,"[[n_h, T, T]]",,,"[[B, n_h, T, T]]",[716],5,self_attn,,1,model.layers.5.self_attn,aten._unsafe_view.default,[],prefill,True
718,self_attn,,elementwise_mul,"[[B, n_h, T, T]]",,,"[[B, n_h, T, T]]",[717],5,self_attn,,1,model.layers.5.self_attn,aten.mul.Tensor,[],prefill,False
719,self_attn,,div,"[[B, n_h, T, T]]",,,"[[B, n_h, T, T]]",[718],5,self_attn,,1,model.layers.5.self_attn,aten.div.Tensor,[],prefill,True
720,self_attn,,tanh,"[[B, n_h, T, T]]",,,"[[B, n_h, T, T]]",[719],5,self_attn,,1,model.layers.5.self_attn,aten.tanh.default,[],prefill,False
721,self_attn,,elementwise_mul,"[[B, n_h, T, T]]",,,"[[B, n_h, T, T]]",[720],5,self_attn,,1,model.layers.5.self_attn,aten.mul.Tensor,[],prefill,False
722,self_attn,,elementwise_add,"[[B, n_h, T, T], [B, 1, T, T]]",,,"[[B, n_h, T, T]]","[36, 721]",5,self_attn,,1,model.layers.5.self_attn,aten.add.Tensor,[],prefill,False
723,self_attn,,softmax,"[[B, n_h, T, T]]",,,"[[B, n_h, T, T]]",[722],5,self_attn,,1,model.layers.5.self_attn,aten._softmax.default,[],prefill,False
724,self_attn,,expand,"[[B, n_h, T, T]]",,,"[[B, n_h, T, T]]",[723],5,self_attn,,1,model.layers.5.self_attn,aten.expand.default,[],prefill,True
725,self_attn,,view,"[[B, n_h, T, T]]",,,"[[n_h, T, T]]",[724],5,self_attn,,1,model.layers.5.self_attn,aten.view.default,[],prefill,True
726,self_attn,,expand,"[[B, n_h, T, d_head]]",,,"[[B, n_h, T, d_head]]",[710],5,self_attn,,1,model.layers.5.self_attn,aten.expand.default,[],prefill,True
727,self_attn,,view,"[[B, n_h, T, d_head]]",,,"[[n_h, T, d_head]]",[726],5,self_attn,,1,model.layers.5.self_attn,aten.view.default,[],prefill,True
728,self_attn,,batched_matmul,"[[n_h, T, T], [n_h, T, d_head]]",,,"[[n_h, T, d_head]]","[725, 727]",5,self_attn,,1,model.layers.5.self_attn,aten.bmm.default,[],prefill,False
729,self_attn,,_unsafe_view,"[[n_h, T, d_head]]",,,"[[B, n_h, T, d_head]]",[728],5,self_attn,,1,model.layers.5.self_attn,aten._unsafe_view.default,[],prefill,True
730,self_attn,,transpose,"[[B, n_h, T, d_head]]",,,"[[B, T, n_h, d_head]]",[729],5,self_attn,,1,model.layers.5.self_attn,aten.transpose.int,[],prefill,True
731,self_attn,,clone,"[[B, T, n_h, d_head]]",,,"[[B, T, n_h, d_head]]",[730],5,self_attn,,1,model.layers.5.self_attn,aten.clone.default,[],prefill,True
732,self_attn,,view,"[[B, T, n_h, d_head]]",,,"[[B, T, n_h*d_head]]",[731],5,self_attn,,1,model.layers.5.self_attn,aten.view.default,[],prefill,True
733,self_attn,o_proj,t,"[[d_model, n_h*d_head]]","[d_model, n_h*d_head]",0,"[[n_h*d_head, d_model]]",[],5,self_attn,o_proj,2,model.layers.5.self_attn.o_proj,aten.t.default,[model.layers.5.self_attn.o_proj.weight],prefill,True
734,self_attn,o_proj,view,"[[B, T, n_h*d_head]]",,,"[[T, n_h*d_head]]",[732],5,self_attn,o_proj,2,model.layers.5.self_attn.o_proj,aten.view.default,[],prefill,True
735,self_attn,o_proj,matmul,"[[T, n_h*d_head], [n_h*d_head, d_model]]","[d_model, n_h*d_head]",1,"[[T, d_model]]","[733, 734]",5,self_attn,o_proj,2,model.layers.5.self_attn.o_proj,aten.mm.default,[model.layers.5.self_attn.o_proj.weight],prefill,False
736,self_attn,o_proj,_unsafe_view,"[[T, d_model]]",,,"[[B, T, d_model]]",[735],5,self_attn,o_proj,2,model.layers.5.self_attn.o_proj,aten._unsafe_view.default,[],prefill,True
737,post_attention_layernorm,,pow,"[[B, T, d_model]]",,,"[[B, T, d_model]]",[736],5,post_attention_layernorm,,1,model.layers.5.post_attention_layernorm,aten.pow.Tensor_Scalar,[],prefill,False
738,post_attention_layernorm,,mean,"[[B, T, d_model]]",,,"[[B, T, 1]]",[737],5,post_attention_layernorm,,1,model.layers.5.post_attention_layernorm,aten.mean.dim,[],prefill,False
739,post_attention_layernorm,,elementwise_add,"[[B, T, 1]]",,,"[[B, T, 1]]",[738],5,post_attention_layernorm,,1,model.layers.5.post_attention_layernorm,aten.add.Tensor,[],prefill,False
740,post_attention_layernorm,,rsqrt,"[[B, T, 1]]",,,"[[B, T, 1]]",[739],5,post_attention_layernorm,,1,model.layers.5.post_attention_layernorm,aten.rsqrt.default,[],prefill,False
741,post_attention_layernorm,,elementwise_mul,"[[B, T, d_model], [B, T, 1]]",,,"[[B, T, d_model]]","[736, 740]",5,post_attention_layernorm,,1,model.layers.5.post_attention_layernorm,aten.mul.Tensor,[],prefill,False
742,post_attention_layernorm,,elementwise_add,[[d_model]],,,[[d_model]],[],5,post_attention_layernorm,,1,model.layers.5.post_attention_layernorm,aten.add.Tensor,[model.layers.5.post_attention_layernorm.weight],prefill,False
743,post_attention_layernorm,,elementwise_mul,"[[B, T, d_model], [d_model]]",,,"[[B, T, d_model]]","[741, 742]",5,post_attention_layernorm,,1,model.layers.5.post_attention_layernorm,aten.mul.Tensor,[],prefill,False
744,,,elementwise_add,"[[B, T, d_model], [B, T, d_model]]",,,"[[B, T, d_model]]","[659, 743]",5,,,0,model.layers.5,aten.add.Tensor,[],prefill,False
745,pre_feedforward_layernorm,,pow,"[[B, T, d_model]]",,,"[[B, T, d_model]]",[744],5,pre_feedforward_layernorm,,1,model.layers.5.pre_feedforward_layernorm,aten.pow.Tensor_Scalar,[],prefill,False
746,pre_feedforward_layernorm,,mean,"[[B, T, d_model]]",,,"[[B, T, 1]]",[745],5,pre_feedforward_layernorm,,1,model.layers.5.pre_feedforward_layernorm,aten.mean.dim,[],prefill,False
747,pre_feedforward_layernorm,,elementwise_add,"[[B, T, 1]]",,,"[[B, T, 1]]",[746],5,pre_feedforward_layernorm,,1,model.layers.5.pre_feedforward_layernorm,aten.add.Tensor,[],prefill,False
748,pre_feedforward_layernorm,,rsqrt,"[[B, T, 1]]",,,"[[B, T, 1]]",[747],5,pre_feedforward_layernorm,,1,model.layers.5.pre_feedforward_layernorm,aten.rsqrt.default,[],prefill,False
749,pre_feedforward_layernorm,,elementwise_mul,"[[B, T, d_model], [B, T, 1]]",,,"[[B, T, d_model]]","[744, 748]",5,pre_feedforward_layernorm,,1,model.layers.5.pre_feedforward_layernorm,aten.mul.Tensor,[],prefill,False
750,pre_feedforward_layernorm,,elementwise_add,[[d_model]],,,[[d_model]],[],5,pre_feedforward_layernorm,,1,model.layers.5.pre_feedforward_layernorm,aten.add.Tensor,[model.layers.5.pre_feedforward_layernorm.weight],prefill,False
751,pre_feedforward_layernorm,,elementwise_mul,"[[B, T, d_model], [d_model]]",,,"[[B, T, d_model]]","[749, 750]",5,pre_feedforward_layernorm,,1,model.layers.5.pre_feedforward_layernorm,aten.mul.Tensor,[],prefill,False
752,mlp,gate_proj,t,"[[d_ff, d_model]]","[d_ff, d_model]",0,"[[d_model, d_ff]]",[],5,mlp,gate_proj,2,model.layers.5.mlp.gate_proj,aten.t.default,[model.layers.5.mlp.gate_proj.weight],prefill,True
753,mlp,gate_proj,view,"[[B, T, d_model]]",,,"[[T, d_model]]",[751],5,mlp,gate_proj,2,model.layers.5.mlp.gate_proj,aten.view.default,[],prefill,True
754,mlp,gate_proj,matmul,"[[T, d_model], [d_model, d_ff]]","[d_ff, d_model]",1,"[[T, d_ff]]","[752, 753]",5,mlp,gate_proj,2,model.layers.5.mlp.gate_proj,aten.mm.default,[model.layers.5.mlp.gate_proj.weight],prefill,False
755,mlp,gate_proj,_unsafe_view,"[[T, d_ff]]",,,"[[B, T, d_ff]]",[754],5,mlp,gate_proj,2,model.layers.5.mlp.gate_proj,aten._unsafe_view.default,[],prefill,True
756,mlp,act_fn,gelu,"[[B, T, d_ff]]",,,"[[B, T, d_ff]]",[755],5,mlp,act_fn,2,model.layers.5.mlp.act_fn,aten.gelu.default,[],prefill,False
757,mlp,up_proj,t,"[[d_ff, d_model]]","[d_ff, d_model]",0,"[[d_model, d_ff]]",[],5,mlp,up_proj,2,model.layers.5.mlp.up_proj,aten.t.default,[model.layers.5.mlp.up_proj.weight],prefill,True
758,mlp,up_proj,view,"[[B, T, d_model]]",,,"[[T, d_model]]",[751],5,mlp,up_proj,2,model.layers.5.mlp.up_proj,aten.view.default,[],prefill,True
759,mlp,up_proj,matmul,"[[T, d_model], [d_model, d_ff]]","[d_ff, d_model]",1,"[[T, d_ff]]","[757, 758]",5,mlp,up_proj,2,model.layers.5.mlp.up_proj,aten.mm.default,[model.layers.5.mlp.up_proj.weight],prefill,False
760,mlp,up_proj,_unsafe_view,"[[T, d_ff]]",,,"[[B, T, d_ff]]",[759],5,mlp,up_proj,2,model.layers.5.mlp.up_proj,aten._unsafe_view.default,[],prefill,True
761,mlp,,elementwise_mul,"[[B, T, d_ff], [B, T, d_ff]]",,,"[[B, T, d_ff]]","[756, 760]",5,mlp,,1,model.layers.5.mlp,aten.mul.Tensor,[],prefill,False
762,mlp,down_proj,t,"[[d_model, d_ff]]","[d_model, d_ff]",0,"[[d_ff, d_model]]",[],5,mlp,down_proj,2,model.layers.5.mlp.down_proj,aten.t.default,[model.layers.5.mlp.down_proj.weight],prefill,True
763,mlp,down_proj,view,"[[B, T, d_ff]]",,,"[[T, d_ff]]",[761],5,mlp,down_proj,2,model.layers.5.mlp.down_proj,aten.view.default,[],prefill,True
764,mlp,down_proj,matmul,"[[T, d_ff], [d_ff, d_model]]","[d_model, d_ff]",1,"[[T, d_model]]","[762, 763]",5,mlp,down_proj,2,model.layers.5.mlp.down_proj,aten.mm.default,[model.layers.5.mlp.down_proj.weight],prefill,False
765,mlp,down_proj,_unsafe_view,"[[T, d_model]]",,,"[[B, T, d_model]]",[764],5,mlp,down_proj,2,model.layers.5.mlp.down_proj,aten._unsafe_view.default,[],prefill,True
766,post_feedforward_layernorm,,pow,"[[B, T, d_model]]",,,"[[B, T, d_model]]",[765],5,post_feedforward_layernorm,,1,model.layers.5.post_feedforward_layernorm,aten.pow.Tensor_Scalar,[],prefill,False
767,post_feedforward_layernorm,,mean,"[[B, T, d_model]]",,,"[[B, T, 1]]",[766],5,post_feedforward_layernorm,,1,model.layers.5.post_feedforward_layernorm,aten.mean.dim,[],prefill,False
768,post_feedforward_layernorm,,elementwise_add,"[[B, T, 1]]",,,"[[B, T, 1]]",[767],5,post_feedforward_layernorm,,1,model.layers.5.post_feedforward_layernorm,aten.add.Tensor,[],prefill,False
769,post_feedforward_layernorm,,rsqrt,"[[B, T, 1]]",,,"[[B, T, 1]]",[768],5,post_feedforward_layernorm,,1,model.layers.5.post_feedforward_layernorm,aten.rsqrt.default,[],prefill,False
770,post_feedforward_layernorm,,elementwise_mul,"[[B, T, d_model], [B, T, 1]]",,,"[[B, T, d_model]]","[765, 769]",5,post_feedforward_layernorm,,1,model.layers.5.post_feedforward_layernorm,aten.mul.Tensor,[],prefill,False
771,post_feedforward_layernorm,,elementwise_add,[[d_model]],,,[[d_model]],[],5,post_feedforward_layernorm,,1,model.layers.5.post_feedforward_layernorm,aten.add.Tensor,[model.layers.5.post_feedforward_layernorm.weight],prefill,False
772,post_feedforward_layernorm,,elementwise_mul,"[[B, T, d_model], [d_model]]",,,"[[B, T, d_model]]","[770, 771]",5,post_feedforward_layernorm,,1,model.layers.5.post_feedforward_layernorm,aten.mul.Tensor,[],prefill,False
773,,,elementwise_add,"[[B, T, d_model], [B, T, d_model]]",,,"[[B, T, d_model]]","[744, 772]",5,,,0,model.layers.5,aten.add.Tensor,[],prefill,False
774,input_layernorm,,pow,"[[B, T, d_model]]",,,"[[B, T, d_model]]",[773],6,input_layernorm,,1,model.layers.6.input_layernorm,aten.pow.Tensor_Scalar,[],prefill,False
775,input_layernorm,,mean,"[[B, T, d_model]]",,,"[[B, T, 1]]",[774],6,input_layernorm,,1,model.layers.6.input_layernorm,aten.mean.dim,[],prefill,False
776,input_layernorm,,elementwise_add,"[[B, T, 1]]",,,"[[B, T, 1]]",[775],6,input_layernorm,,1,model.layers.6.input_layernorm,aten.add.Tensor,[],prefill,False
777,input_layernorm,,rsqrt,"[[B, T, 1]]",,,"[[B, T, 1]]",[776],6,input_layernorm,,1,model.layers.6.input_layernorm,aten.rsqrt.default,[],prefill,False
778,input_layernorm,,elementwise_mul,"[[B, T, d_model], [B, T, 1]]",,,"[[B, T, d_model]]","[773, 777]",6,input_layernorm,,1,model.layers.6.input_layernorm,aten.mul.Tensor,[],prefill,False
779,input_layernorm,,elementwise_add,[[d_model]],,,[[d_model]],[],6,input_layernorm,,1,model.layers.6.input_layernorm,aten.add.Tensor,[model.layers.6.input_layernorm.weight],prefill,False
780,input_layernorm,,elementwise_mul,"[[B, T, d_model], [d_model]]",,,"[[B, T, d_model]]","[778, 779]",6,input_layernorm,,1,model.layers.6.input_layernorm,aten.mul.Tensor,[],prefill,False
781,self_attn,q_proj,t,"[[n_h*d_head, d_model]]","[n_h*d_head, d_model]",0,"[[d_model, n_h*d_head]]",[],6,self_attn,q_proj,2,model.layers.6.self_attn.q_proj,aten.t.default,[model.layers.6.self_attn.q_proj.weight],prefill,True
782,self_attn,q_proj,view,"[[B, T, d_model]]",,,"[[T, d_model]]",[780],6,self_attn,q_proj,2,model.layers.6.self_attn.q_proj,aten.view.default,[],prefill,True
783,self_attn,q_proj,matmul,"[[T, d_model], [d_model, n_h*d_head]]","[n_h*d_head, d_model]",1,"[[T, n_h*d_head]]","[781, 782]",6,self_attn,q_proj,2,model.layers.6.self_attn.q_proj,aten.mm.default,[model.layers.6.self_attn.q_proj.weight],prefill,False
784,self_attn,q_proj,_unsafe_view,"[[T, n_h*d_head]]",,,"[[B, T, n_h*d_head]]",[783],6,self_attn,q_proj,2,model.layers.6.self_attn.q_proj,aten._unsafe_view.default,[],prefill,True
785,self_attn,,view,"[[B, T, n_h*d_head]]",,,"[[B, T, n_h, d_head]]",[784],6,self_attn,,1,model.layers.6.self_attn,aten.view.default,[],prefill,True
786,self_attn,,transpose,"[[B, T, n_h, d_head]]",,,"[[B, n_h, T, d_head]]",[785],6,self_attn,,1,model.layers.6.self_attn,aten.transpose.int,[],prefill,True
787,self_attn,k_proj,t,"[[n_kv*d_head, d_model]]","[n_kv*d_head, d_model]",0,"[[d_model, n_kv*d_head]]",[],6,self_attn,k_proj,2,model.layers.6.self_attn.k_proj,aten.t.default,[model.layers.6.self_attn.k_proj.weight],prefill,True
788,self_attn,k_proj,view,"[[B, T, d_model]]",,,"[[T, d_model]]",[780],6,self_attn,k_proj,2,model.layers.6.self_attn.k_proj,aten.view.default,[],prefill,True
789,self_attn,k_proj,matmul,"[[T, d_model], [d_model, n_kv*d_head]]","[n_kv*d_head, d_model]",1,"[[T, n_kv*d_head]]","[787, 788]",6,self_attn,k_proj,2,model.layers.6.self_attn.k_proj,aten.mm.default,[model.layers.6.self_attn.k_proj.weight],prefill,False
790,self_attn,k_proj,_unsafe_view,"[[T, n_kv*d_head]]",,,"[[B, T, n_kv*d_head]]",[789],6,self_attn,k_proj,2,model.layers.6.self_attn.k_proj,aten._unsafe_view.default,[],prefill,True
791,self_attn,,view,"[[B, T, n_kv*d_head]]",,,"[[B, T, n_kv, d_head]]",[790],6,self_attn,,1,model.layers.6.self_attn,aten.view.default,[],prefill,True
792,self_attn,,transpose,"[[B, T, n_kv, d_head]]",,,"[[B, n_kv, T, d_head]]",[791],6,self_attn,,1,model.layers.6.self_attn,aten.transpose.int,[],prefill,True
793,self_attn,v_proj,t,"[[n_kv*d_head, d_model]]","[n_kv*d_head, d_model]",0,"[[d_model, n_kv*d_head]]",[],6,self_attn,v_proj,2,model.layers.6.self_attn.v_proj,aten.t.default,[model.layers.6.self_attn.v_proj.weight],prefill,True
794,self_attn,v_proj,view,"[[B, T, d_model]]",,,"[[T, d_model]]",[780],6,self_attn,v_proj,2,model.layers.6.self_attn.v_proj,aten.view.default,[],prefill,True
795,self_attn,v_proj,matmul,"[[T, d_model], [d_model, n_kv*d_head]]","[n_kv*d_head, d_model]",1,"[[T, n_kv*d_head]]","[793, 794]",6,self_attn,v_proj,2,model.layers.6.self_attn.v_proj,aten.mm.default,[model.layers.6.self_attn.v_proj.weight],prefill,False
796,self_attn,v_proj,_unsafe_view,"[[T, n_kv*d_head]]",,,"[[B, T, n_kv*d_head]]",[795],6,self_attn,v_proj,2,model.layers.6.self_attn.v_proj,aten._unsafe_view.default,[],prefill,True
797,self_attn,,view,"[[B, T, n_kv*d_head]]",,,"[[B, T, n_kv, d_head]]",[796],6,self_attn,,1,model.layers.6.self_attn,aten.view.default,[],prefill,True
798,self_attn,,transpose,"[[B, T, n_kv, d_head]]",,,"[[B, n_kv, T, d_head]]",[797],6,self_attn,,1,model.layers.6.self_attn,aten.transpose.int,[],prefill,True
799,self_attn,,unsqueeze,"[[B, T, d_head]]",,,"[[B, 1, T, d_head]]",[78],6,self_attn,,1,model.layers.6.self_attn,aten.unsqueeze.default,[],prefill,True
800,self_attn,,unsqueeze,"[[B, T, d_head]]",,,"[[B, 1, T, d_head]]",[80],6,self_attn,,1,model.layers.6.self_attn,aten.unsqueeze.default,[],prefill,True
801,self_attn,,elementwise_mul,"[[B, n_h, T, d_head], [B, 1, T, d_head]]",,,"[[B, n_h, T, d_head]]","[786, 799]",6,self_attn,,1,model.layers.6.self_attn,aten.mul.Tensor,[],prefill,False
802,self_attn,,slice,"[[B, n_h, T, d_head]]",,,"[[B, n_h, T, d_head/2]]",[786],6,self_attn,,1,model.layers.6.self_attn,aten.slice.Tensor,[],prefill,True
803,self_attn,,slice,"[[B, n_h, T, d_head]]",,,"[[B, n_h, T, d_head/2]]",[786],6,self_attn,,1,model.layers.6.self_attn,aten.slice.Tensor,[],prefill,True
804,self_attn,,neg,"[[B, n_h, T, d_head/2]]",,,"[[B, n_h, T, d_head/2]]",[803],6,self_attn,,1,model.layers.6.self_attn,aten.neg.default,[],prefill,False
805,self_attn,,concat,"[[B, n_h, T, d_head/2], [B, n_h, T, d_head/2]]",,,"[[B, n_h, T, d_head]]","[802, 804]",6,self_attn,,1,model.layers.6.self_attn,aten.cat.default,[],prefill,False
806,self_attn,,elementwise_mul,"[[B, n_h, T, d_head], [B, 1, T, d_head]]",,,"[[B, n_h, T, d_head]]","[800, 805]",6,self_attn,,1,model.layers.6.self_attn,aten.mul.Tensor,[],prefill,False
807,self_attn,,elementwise_add,"[[B, n_h, T, d_head], [B, n_h, T, d_head]]",,,"[[B, n_h, T, d_head]]","[801, 806]",6,self_attn,,1,model.layers.6.self_attn,aten.add.Tensor,[],prefill,False
808,self_attn,,elementwise_mul,"[[B, n_kv, T, d_head], [B, 1, T, d_head]]",,,"[[B, n_kv, T, d_head]]","[792, 799]",6,self_attn,,1,model.layers.6.self_attn,aten.mul.Tensor,[],prefill,False
809,self_attn,,slice,"[[B, n_kv, T, d_head]]",,,"[[B, n_kv, T, d_head/2]]",[792],6,self_attn,,1,model.layers.6.self_attn,aten.slice.Tensor,[],prefill,True
810,self_attn,,slice,"[[B, n_kv, T, d_head]]",,,"[[B, n_kv, T, d_head/2]]",[792],6,self_attn,,1,model.layers.6.self_attn,aten.slice.Tensor,[],prefill,True
811,self_attn,,neg,"[[B, n_kv, T, d_head/2]]",,,"[[B, n_kv, T, d_head/2]]",[810],6,self_attn,,1,model.layers.6.self_attn,aten.neg.default,[],prefill,False
812,self_attn,,concat,"[[B, n_kv, T, d_head/2], [B, n_kv, T, d_head/2]]",,,"[[B, n_kv, T, d_head]]","[809, 811]",6,self_attn,,1,model.layers.6.self_attn,aten.cat.default,[],prefill,False
813,self_attn,,elementwise_mul,"[[B, n_kv, T, d_head], [B, 1, T, d_head]]",,,"[[B, n_kv, T, d_head]]","[800, 812]",6,self_attn,,1,model.layers.6.self_attn,aten.mul.Tensor,[],prefill,False
814,self_attn,,elementwise_add,"[[B, n_kv, T, d_head], [B, n_kv, T, d_head]]",,,"[[B, n_kv, T, d_head]]","[808, 813]",6,self_attn,,1,model.layers.6.self_attn,aten.add.Tensor,[],prefill,False
815,self_attn,,_to_copy,[[]],,,[[]],[5],6,self_attn,,1,model.layers.6.self_attn,aten._to_copy.default,[],prefill,True
816,self_attn,,concat,"[[0], [B, n_kv, T, d_head]]",,,"[[B, n_kv, T, d_head]]",[814],6,self_attn,,1,model.layers.6.self_attn,aten.cat.default,[],prefill,False
817,self_attn,,concat,"[[0], [B, n_kv, T, d_head]]",,,"[[B, n_kv, T, d_head]]",[798],6,self_attn,,1,model.layers.6.self_attn,aten.cat.default,[],prefill,False
818,self_attn,,slice,"[[B, n_kv, T, d_head]]",,,"[[B, n_kv, T, d_head]]",[816],6,self_attn,,1,model.layers.6.self_attn,aten.slice.Tensor,[],prefill,True
819,self_attn,,slice,"[[B, n_kv, T, d_head]]",,,"[[B, n_kv, T, d_head]]",[817],6,self_attn,,1,model.layers.6.self_attn,aten.slice.Tensor,[],prefill,True
820,self_attn,,unsqueeze,"[[B, n_kv, T, d_head]]",,,"[[B, n_kv, 1, T, d_head]]",[816],6,self_attn,,1,model.layers.6.self_attn,aten.unsqueeze.default,[],prefill,True
821,self_attn,,expand,"[[B, n_kv, 1, T, d_head]]",,,"[[B, n_kv, n_h/n_kv, T, d_head]]",[820],6,self_attn,,1,model.layers.6.self_attn,aten.expand.default,[],prefill,True
822,self_attn,,clone,"[[B, n_kv, n_h/n_kv, T, d_head]]",,,"[[B, n_kv, n_h/n_kv, T, d_head]]",[821],6,self_attn,,1,model.layers.6.self_attn,aten.clone.default,[],prefill,True
823,self_attn,,_unsafe_view,"[[B, n_kv, n_h/n_kv, T, d_head]]",,,"[[B, n_h, T, d_head]]",[822],6,self_attn,,1,model.layers.6.self_attn,aten._unsafe_view.default,[],prefill,True
824,self_attn,,unsqueeze,"[[B, n_kv, T, d_head]]",,,"[[B, n_kv, 1, T, d_head]]",[817],6,self_attn,,1,model.layers.6.self_attn,aten.unsqueeze.default,[],prefill,True
825,self_attn,,expand,"[[B, n_kv, 1, T, d_head]]",,,"[[B, n_kv, n_h/n_kv, T, d_head]]",[824],6,self_attn,,1,model.layers.6.self_attn,aten.expand.default,[],prefill,True
826,self_attn,,clone,"[[B, n_kv, n_h/n_kv, T, d_head]]",,,"[[B, n_kv, n_h/n_kv, T, d_head]]",[825],6,self_attn,,1,model.layers.6.self_attn,aten.clone.default,[],prefill,True
827,self_attn,,_unsafe_view,"[[B, n_kv, n_h/n_kv, T, d_head]]",,,"[[B, n_h, T, d_head]]",[826],6,self_attn,,1,model.layers.6.self_attn,aten._unsafe_view.default,[],prefill,True
828,self_attn,,transpose,"[[B, n_h, T, d_head]]",,,"[[B, n_h, d_head, T]]",[823],6,self_attn,,1,model.layers.6.self_attn,aten.transpose.int,[],prefill,True
829,self_attn,,expand,"[[B, n_h, T, d_head]]",,,"[[B, n_h, T, d_head]]",[807],6,self_attn,,1,model.layers.6.self_attn,aten.expand.default,[],prefill,True
830,self_attn,,view,"[[B, n_h, T, d_head]]",,,"[[n_h, T, d_head]]",[829],6,self_attn,,1,model.layers.6.self_attn,aten.view.default,[],prefill,True
831,self_attn,,expand,"[[B, n_h, d_head, T]]",,,"[[B, n_h, d_head, T]]",[828],6,self_attn,,1,model.layers.6.self_attn,aten.expand.default,[],prefill,True
832,self_attn,,view,"[[B, n_h, d_head, T]]",,,"[[n_h, d_head, T]]",[831],6,self_attn,,1,model.layers.6.self_attn,aten.view.default,[],prefill,True
833,self_attn,,batched_matmul,"[[n_h, T, d_head], [n_h, d_head, T]]",,,"[[n_h, T, T]]","[830, 832]",6,self_attn,,1,model.layers.6.self_attn,aten.bmm.default,[],prefill,False
834,self_attn,,_unsafe_view,"[[n_h, T, T]]",,,"[[B, n_h, T, T]]",[833],6,self_attn,,1,model.layers.6.self_attn,aten._unsafe_view.default,[],prefill,True
835,self_attn,,elementwise_mul,"[[B, n_h, T, T]]",,,"[[B, n_h, T, T]]",[834],6,self_attn,,1,model.layers.6.self_attn,aten.mul.Tensor,[],prefill,False
836,self_attn,,div,"[[B, n_h, T, T]]",,,"[[B, n_h, T, T]]",[835],6,self_attn,,1,model.layers.6.self_attn,aten.div.Tensor,[],prefill,True
837,self_attn,,tanh,"[[B, n_h, T, T]]",,,"[[B, n_h, T, T]]",[836],6,self_attn,,1,model.layers.6.self_attn,aten.tanh.default,[],prefill,False
838,self_attn,,elementwise_mul,"[[B, n_h, T, T]]",,,"[[B, n_h, T, T]]",[837],6,self_attn,,1,model.layers.6.self_attn,aten.mul.Tensor,[],prefill,False
839,self_attn,,elementwise_add,"[[B, n_h, T, T], [B, 1, T, T]]",,,"[[B, n_h, T, T]]","[63, 838]",6,self_attn,,1,model.layers.6.self_attn,aten.add.Tensor,[],prefill,False
840,self_attn,,softmax,"[[B, n_h, T, T]]",,,"[[B, n_h, T, T]]",[839],6,self_attn,,1,model.layers.6.self_attn,aten._softmax.default,[],prefill,False
841,self_attn,,expand,"[[B, n_h, T, T]]",,,"[[B, n_h, T, T]]",[840],6,self_attn,,1,model.layers.6.self_attn,aten.expand.default,[],prefill,True
842,self_attn,,view,"[[B, n_h, T, T]]",,,"[[n_h, T, T]]",[841],6,self_attn,,1,model.layers.6.self_attn,aten.view.default,[],prefill,True
843,self_attn,,expand,"[[B, n_h, T, d_head]]",,,"[[B, n_h, T, d_head]]",[827],6,self_attn,,1,model.layers.6.self_attn,aten.expand.default,[],prefill,True
844,self_attn,,view,"[[B, n_h, T, d_head]]",,,"[[n_h, T, d_head]]",[843],6,self_attn,,1,model.layers.6.self_attn,aten.view.default,[],prefill,True
845,self_attn,,batched_matmul,"[[n_h, T, T], [n_h, T, d_head]]",,,"[[n_h, T, d_head]]","[842, 844]",6,self_attn,,1,model.layers.6.self_attn,aten.bmm.default,[],prefill,False
846,self_attn,,_unsafe_view,"[[n_h, T, d_head]]",,,"[[B, n_h, T, d_head]]",[845],6,self_attn,,1,model.layers.6.self_attn,aten._unsafe_view.default,[],prefill,True
847,self_attn,,transpose,"[[B, n_h, T, d_head]]",,,"[[B, T, n_h, d_head]]",[846],6,self_attn,,1,model.layers.6.self_attn,aten.transpose.int,[],prefill,True
848,self_attn,,clone,"[[B, T, n_h, d_head]]",,,"[[B, T, n_h, d_head]]",[847],6,self_attn,,1,model.layers.6.self_attn,aten.clone.default,[],prefill,True
849,self_attn,,view,"[[B, T, n_h, d_head]]",,,"[[B, T, n_h*d_head]]",[848],6,self_attn,,1,model.layers.6.self_attn,aten.view.default,[],prefill,True
850,self_attn,o_proj,t,"[[d_model, n_h*d_head]]","[d_model, n_h*d_head]",0,"[[n_h*d_head, d_model]]",[],6,self_attn,o_proj,2,model.layers.6.self_attn.o_proj,aten.t.default,[model.layers.6.self_attn.o_proj.weight],prefill,True
851,self_attn,o_proj,view,"[[B, T, n_h*d_head]]",,,"[[T, n_h*d_head]]",[849],6,self_attn,o_proj,2,model.layers.6.self_attn.o_proj,aten.view.default,[],prefill,True
852,self_attn,o_proj,matmul,"[[T, n_h*d_head], [n_h*d_head, d_model]]","[d_model, n_h*d_head]",1,"[[T, d_model]]","[850, 851]",6,self_attn,o_proj,2,model.layers.6.self_attn.o_proj,aten.mm.default,[model.layers.6.self_attn.o_proj.weight],prefill,False
853,self_attn,o_proj,_unsafe_view,"[[T, d_model]]",,,"[[B, T, d_model]]",[852],6,self_attn,o_proj,2,model.layers.6.self_attn.o_proj,aten._unsafe_view.default,[],prefill,True
854,post_attention_layernorm,,pow,"[[B, T, d_model]]",,,"[[B, T, d_model]]",[853],6,post_attention_layernorm,,1,model.layers.6.post_attention_layernorm,aten.pow.Tensor_Scalar,[],prefill,False
855,post_attention_layernorm,,mean,"[[B, T, d_model]]",,,"[[B, T, 1]]",[854],6,post_attention_layernorm,,1,model.layers.6.post_attention_layernorm,aten.mean.dim,[],prefill,False
856,post_attention_layernorm,,elementwise_add,"[[B, T, 1]]",,,"[[B, T, 1]]",[855],6,post_attention_layernorm,,1,model.layers.6.post_attention_layernorm,aten.add.Tensor,[],prefill,False
857,post_attention_layernorm,,rsqrt,"[[B, T, 1]]",,,"[[B, T, 1]]",[856],6,post_attention_layernorm,,1,model.layers.6.post_attention_layernorm,aten.rsqrt.default,[],prefill,False
858,post_attention_layernorm,,elementwise_mul,"[[B, T, d_model], [B, T, 1]]",,,"[[B, T, d_model]]","[853, 857]",6,post_attention_layernorm,,1,model.layers.6.post_attention_layernorm,aten.mul.Tensor,[],prefill,False
859,post_attention_layernorm,,elementwise_add,[[d_model]],,,[[d_model]],[],6,post_attention_layernorm,,1,model.layers.6.post_attention_layernorm,aten.add.Tensor,[model.layers.6.post_attention_layernorm.weight],prefill,False
860,post_attention_layernorm,,elementwise_mul,"[[B, T, d_model], [d_model]]",,,"[[B, T, d_model]]","[858, 859]",6,post_attention_layernorm,,1,model.layers.6.post_attention_layernorm,aten.mul.Tensor,[],prefill,False
861,,,elementwise_add,"[[B, T, d_model], [B, T, d_model]]",,,"[[B, T, d_model]]","[773, 860]",6,,,0,model.layers.6,aten.add.Tensor,[],prefill,False
862,pre_feedforward_layernorm,,pow,"[[B, T, d_model]]",,,"[[B, T, d_model]]",[861],6,pre_feedforward_layernorm,,1,model.layers.6.pre_feedforward_layernorm,aten.pow.Tensor_Scalar,[],prefill,False
863,pre_feedforward_layernorm,,mean,"[[B, T, d_model]]",,,"[[B, T, 1]]",[862],6,pre_feedforward_layernorm,,1,model.layers.6.pre_feedforward_layernorm,aten.mean.dim,[],prefill,False
864,pre_feedforward_layernorm,,elementwise_add,"[[B, T, 1]]",,,"[[B, T, 1]]",[863],6,pre_feedforward_layernorm,,1,model.layers.6.pre_feedforward_layernorm,aten.add.Tensor,[],prefill,False
865,pre_feedforward_layernorm,,rsqrt,"[[B, T, 1]]",,,"[[B, T, 1]]",[864],6,pre_feedforward_layernorm,,1,model.layers.6.pre_feedforward_layernorm,aten.rsqrt.default,[],prefill,False
866,pre_feedforward_layernorm,,elementwise_mul,"[[B, T, d_model], [B, T, 1]]",,,"[[B, T, d_model]]","[861, 865]",6,pre_feedforward_layernorm,,1,model.layers.6.pre_feedforward_layernorm,aten.mul.Tensor,[],prefill,False
867,pre_feedforward_layernorm,,elementwise_add,[[d_model]],,,[[d_model]],[],6,pre_feedforward_layernorm,,1,model.layers.6.pre_feedforward_layernorm,aten.add.Tensor,[model.layers.6.pre_feedforward_layernorm.weight],prefill,False
868,pre_feedforward_layernorm,,elementwise_mul,"[[B, T, d_model], [d_model]]",,,"[[B, T, d_model]]","[866, 867]",6,pre_feedforward_layernorm,,1,model.layers.6.pre_feedforward_layernorm,aten.mul.Tensor,[],prefill,False
869,mlp,gate_proj,t,"[[d_ff, d_model]]","[d_ff, d_model]",0,"[[d_model, d_ff]]",[],6,mlp,gate_proj,2,model.layers.6.mlp.gate_proj,aten.t.default,[model.layers.6.mlp.gate_proj.weight],prefill,True
870,mlp,gate_proj,view,"[[B, T, d_model]]",,,"[[T, d_model]]",[868],6,mlp,gate_proj,2,model.layers.6.mlp.gate_proj,aten.view.default,[],prefill,True
871,mlp,gate_proj,matmul,"[[T, d_model], [d_model, d_ff]]","[d_ff, d_model]",1,"[[T, d_ff]]","[869, 870]",6,mlp,gate_proj,2,model.layers.6.mlp.gate_proj,aten.mm.default,[model.layers.6.mlp.gate_proj.weight],prefill,False
872,mlp,gate_proj,_unsafe_view,"[[T, d_ff]]",,,"[[B, T, d_ff]]",[871],6,mlp,gate_proj,2,model.layers.6.mlp.gate_proj,aten._unsafe_view.default,[],prefill,True
873,mlp,act_fn,gelu,"[[B, T, d_ff]]",,,"[[B, T, d_ff]]",[872],6,mlp,act_fn,2,model.layers.6.mlp.act_fn,aten.gelu.default,[],prefill,False
874,mlp,up_proj,t,"[[d_ff, d_model]]","[d_ff, d_model]",0,"[[d_model, d_ff]]",[],6,mlp,up_proj,2,model.layers.6.mlp.up_proj,aten.t.default,[model.layers.6.mlp.up_proj.weight],prefill,True
875,mlp,up_proj,view,"[[B, T, d_model]]",,,"[[T, d_model]]",[868],6,mlp,up_proj,2,model.layers.6.mlp.up_proj,aten.view.default,[],prefill,True
876,mlp,up_proj,matmul,"[[T, d_model], [d_model, d_ff]]","[d_ff, d_model]",1,"[[T, d_ff]]","[874, 875]",6,mlp,up_proj,2,model.layers.6.mlp.up_proj,aten.mm.default,[model.layers.6.mlp.up_proj.weight],prefill,False
877,mlp,up_proj,_unsafe_view,"[[T, d_ff]]",,,"[[B, T, d_ff]]",[876],6,mlp,up_proj,2,model.layers.6.mlp.up_proj,aten._unsafe_view.default,[],prefill,True
878,mlp,,elementwise_mul,"[[B, T, d_ff], [B, T, d_ff]]",,,"[[B, T, d_ff]]","[873, 877]",6,mlp,,1,model.layers.6.mlp,aten.mul.Tensor,[],prefill,False
879,mlp,down_proj,t,"[[d_model, d_ff]]","[d_model, d_ff]",0,"[[d_ff, d_model]]",[],6,mlp,down_proj,2,model.layers.6.mlp.down_proj,aten.t.default,[model.layers.6.mlp.down_proj.weight],prefill,True
880,mlp,down_proj,view,"[[B, T, d_ff]]",,,"[[T, d_ff]]",[878],6,mlp,down_proj,2,model.layers.6.mlp.down_proj,aten.view.default,[],prefill,True
881,mlp,down_proj,matmul,"[[T, d_ff], [d_ff, d_model]]","[d_model, d_ff]",1,"[[T, d_model]]","[879, 880]",6,mlp,down_proj,2,model.layers.6.mlp.down_proj,aten.mm.default,[model.layers.6.mlp.down_proj.weight],prefill,False
882,mlp,down_proj,_unsafe_view,"[[T, d_model]]",,,"[[B, T, d_model]]",[881],6,mlp,down_proj,2,model.layers.6.mlp.down_proj,aten._unsafe_view.default,[],prefill,True
883,post_feedforward_layernorm,,pow,"[[B, T, d_model]]",,,"[[B, T, d_model]]",[882],6,post_feedforward_layernorm,,1,model.layers.6.post_feedforward_layernorm,aten.pow.Tensor_Scalar,[],prefill,False
884,post_feedforward_layernorm,,mean,"[[B, T, d_model]]",,,"[[B, T, 1]]",[883],6,post_feedforward_layernorm,,1,model.layers.6.post_feedforward_layernorm,aten.mean.dim,[],prefill,False
885,post_feedforward_layernorm,,elementwise_add,"[[B, T, 1]]",,,"[[B, T, 1]]",[884],6,post_feedforward_layernorm,,1,model.layers.6.post_feedforward_layernorm,aten.add.Tensor,[],prefill,False
886,post_feedforward_layernorm,,rsqrt,"[[B, T, 1]]",,,"[[B, T, 1]]",[885],6,post_feedforward_layernorm,,1,model.layers.6.post_feedforward_layernorm,aten.rsqrt.default,[],prefill,False
887,post_feedforward_layernorm,,elementwise_mul,"[[B, T, d_model], [B, T, 1]]",,,"[[B, T, d_model]]","[882, 886]",6,post_feedforward_layernorm,,1,model.layers.6.post_feedforward_layernorm,aten.mul.Tensor,[],prefill,False
888,post_feedforward_layernorm,,elementwise_add,[[d_model]],,,[[d_model]],[],6,post_feedforward_layernorm,,1,model.layers.6.post_feedforward_layernorm,aten.add.Tensor,[model.layers.6.post_feedforward_layernorm.weight],prefill,False
889,post_feedforward_layernorm,,elementwise_mul,"[[B, T, d_model], [d_model]]",,,"[[B, T, d_model]]","[887, 888]",6,post_feedforward_layernorm,,1,model.layers.6.post_feedforward_layernorm,aten.mul.Tensor,[],prefill,False
890,,,elementwise_add,"[[B, T, d_model], [B, T, d_model]]",,,"[[B, T, d_model]]","[861, 889]",6,,,0,model.layers.6,aten.add.Tensor,[],prefill,False
891,input_layernorm,,pow,"[[B, T, d_model]]",,,"[[B, T, d_model]]",[890],7,input_layernorm,,1,model.layers.7.input_layernorm,aten.pow.Tensor_Scalar,[],prefill,False
892,input_layernorm,,mean,"[[B, T, d_model]]",,,"[[B, T, 1]]",[891],7,input_layernorm,,1,model.layers.7.input_layernorm,aten.mean.dim,[],prefill,False
893,input_layernorm,,elementwise_add,"[[B, T, 1]]",,,"[[B, T, 1]]",[892],7,input_layernorm,,1,model.layers.7.input_layernorm,aten.add.Tensor,[],prefill,False
894,input_layernorm,,rsqrt,"[[B, T, 1]]",,,"[[B, T, 1]]",[893],7,input_layernorm,,1,model.layers.7.input_layernorm,aten.rsqrt.default,[],prefill,False
895,input_layernorm,,elementwise_mul,"[[B, T, d_model], [B, T, 1]]",,,"[[B, T, d_model]]","[890, 894]",7,input_layernorm,,1,model.layers.7.input_layernorm,aten.mul.Tensor,[],prefill,False
896,input_layernorm,,elementwise_add,[[d_model]],,,[[d_model]],[],7,input_layernorm,,1,model.layers.7.input_layernorm,aten.add.Tensor,[model.layers.7.input_layernorm.weight],prefill,False
897,input_layernorm,,elementwise_mul,"[[B, T, d_model], [d_model]]",,,"[[B, T, d_model]]","[895, 896]",7,input_layernorm,,1,model.layers.7.input_layernorm,aten.mul.Tensor,[],prefill,False
898,self_attn,q_proj,t,"[[n_h*d_head, d_model]]","[n_h*d_head, d_model]",0,"[[d_model, n_h*d_head]]",[],7,self_attn,q_proj,2,model.layers.7.self_attn.q_proj,aten.t.default,[model.layers.7.self_attn.q_proj.weight],prefill,True
899,self_attn,q_proj,view,"[[B, T, d_model]]",,,"[[T, d_model]]",[897],7,self_attn,q_proj,2,model.layers.7.self_attn.q_proj,aten.view.default,[],prefill,True
900,self_attn,q_proj,matmul,"[[T, d_model], [d_model, n_h*d_head]]","[n_h*d_head, d_model]",1,"[[T, n_h*d_head]]","[898, 899]",7,self_attn,q_proj,2,model.layers.7.self_attn.q_proj,aten.mm.default,[model.layers.7.self_attn.q_proj.weight],prefill,False
901,self_attn,q_proj,_unsafe_view,"[[T, n_h*d_head]]",,,"[[B, T, n_h*d_head]]",[900],7,self_attn,q_proj,2,model.layers.7.self_attn.q_proj,aten._unsafe_view.default,[],prefill,True
902,self_attn,,view,"[[B, T, n_h*d_head]]",,,"[[B, T, n_h, d_head]]",[901],7,self_attn,,1,model.layers.7.self_attn,aten.view.default,[],prefill,True
903,self_attn,,transpose,"[[B, T, n_h, d_head]]",,,"[[B, n_h, T, d_head]]",[902],7,self_attn,,1,model.layers.7.self_attn,aten.transpose.int,[],prefill,True
904,self_attn,k_proj,t,"[[n_kv*d_head, d_model]]","[n_kv*d_head, d_model]",0,"[[d_model, n_kv*d_head]]",[],7,self_attn,k_proj,2,model.layers.7.self_attn.k_proj,aten.t.default,[model.layers.7.self_attn.k_proj.weight],prefill,True
905,self_attn,k_proj,view,"[[B, T, d_model]]",,,"[[T, d_model]]",[897],7,self_attn,k_proj,2,model.layers.7.self_attn.k_proj,aten.view.default,[],prefill,True
906,self_attn,k_proj,matmul,"[[T, d_model], [d_model, n_kv*d_head]]","[n_kv*d_head, d_model]",1,"[[T, n_kv*d_head]]","[904, 905]",7,self_attn,k_proj,2,model.layers.7.self_attn.k_proj,aten.mm.default,[model.layers.7.self_attn.k_proj.weight],prefill,False
907,self_attn,k_proj,_unsafe_view,"[[T, n_kv*d_head]]",,,"[[B, T, n_kv*d_head]]",[906],7,self_attn,k_proj,2,model.layers.7.self_attn.k_proj,aten._unsafe_view.default,[],prefill,True
908,self_attn,,view,"[[B, T, n_kv*d_head]]",,,"[[B, T, n_kv, d_head]]",[907],7,self_attn,,1,model.layers.7.self_attn,aten.view.default,[],prefill,True
909,self_attn,,transpose,"[[B, T, n_kv, d_head]]",,,"[[B, n_kv, T, d_head]]",[908],7,self_attn,,1,model.layers.7.self_attn,aten.transpose.int,[],prefill,True
910,self_attn,v_proj,t,"[[n_kv*d_head, d_model]]","[n_kv*d_head, d_model]",0,"[[d_model, n_kv*d_head]]",[],7,self_attn,v_proj,2,model.layers.7.self_attn.v_proj,aten.t.default,[model.layers.7.self_attn.v_proj.weight],prefill,True
911,self_attn,v_proj,view,"[[B, T, d_model]]",,,"[[T, d_model]]",[897],7,self_attn,v_proj,2,model.layers.7.self_attn.v_proj,aten.view.default,[],prefill,True
912,self_attn,v_proj,matmul,"[[T, d_model], [d_model, n_kv*d_head]]","[n_kv*d_head, d_model]",1,"[[T, n_kv*d_head]]","[910, 911]",7,self_attn,v_proj,2,model.layers.7.self_attn.v_proj,aten.mm.default,[model.layers.7.self_attn.v_proj.weight],prefill,False
913,self_attn,v_proj,_unsafe_view,"[[T, n_kv*d_head]]",,,"[[B, T, n_kv*d_head]]",[912],7,self_attn,v_proj,2,model.layers.7.self_attn.v_proj,aten._unsafe_view.default,[],prefill,True
914,self_attn,,view,"[[B, T, n_kv*d_head]]",,,"[[B, T, n_kv, d_head]]",[913],7,self_attn,,1,model.layers.7.self_attn,aten.view.default,[],prefill,True
915,self_attn,,transpose,"[[B, T, n_kv, d_head]]",,,"[[B, n_kv, T, d_head]]",[914],7,self_attn,,1,model.layers.7.self_attn,aten.transpose.int,[],prefill,True
916,self_attn,,unsqueeze,"[[B, T, d_head]]",,,"[[B, 1, T, d_head]]",[78],7,self_attn,,1,model.layers.7.self_attn,aten.unsqueeze.default,[],prefill,True
917,self_attn,,unsqueeze,"[[B, T, d_head]]",,,"[[B, 1, T, d_head]]",[80],7,self_attn,,1,model.layers.7.self_attn,aten.unsqueeze.default,[],prefill,True
918,self_attn,,elementwise_mul,"[[B, n_h, T, d_head], [B, 1, T, d_head]]",,,"[[B, n_h, T, d_head]]","[903, 916]",7,self_attn,,1,model.layers.7.self_attn,aten.mul.Tensor,[],prefill,False
919,self_attn,,slice,"[[B, n_h, T, d_head]]",,,"[[B, n_h, T, d_head/2]]",[903],7,self_attn,,1,model.layers.7.self_attn,aten.slice.Tensor,[],prefill,True
920,self_attn,,slice,"[[B, n_h, T, d_head]]",,,"[[B, n_h, T, d_head/2]]",[903],7,self_attn,,1,model.layers.7.self_attn,aten.slice.Tensor,[],prefill,True
921,self_attn,,neg,"[[B, n_h, T, d_head/2]]",,,"[[B, n_h, T, d_head/2]]",[920],7,self_attn,,1,model.layers.7.self_attn,aten.neg.default,[],prefill,False
922,self_attn,,concat,"[[B, n_h, T, d_head/2], [B, n_h, T, d_head/2]]",,,"[[B, n_h, T, d_head]]","[919, 921]",7,self_attn,,1,model.layers.7.self_attn,aten.cat.default,[],prefill,False
923,self_attn,,elementwise_mul,"[[B, n_h, T, d_head], [B, 1, T, d_head]]",,,"[[B, n_h, T, d_head]]","[917, 922]",7,self_attn,,1,model.layers.7.self_attn,aten.mul.Tensor,[],prefill,False
924,self_attn,,elementwise_add,"[[B, n_h, T, d_head], [B, n_h, T, d_head]]",,,"[[B, n_h, T, d_head]]","[918, 923]",7,self_attn,,1,model.layers.7.self_attn,aten.add.Tensor,[],prefill,False
925,self_attn,,elementwise_mul,"[[B, n_kv, T, d_head], [B, 1, T, d_head]]",,,"[[B, n_kv, T, d_head]]","[909, 916]",7,self_attn,,1,model.layers.7.self_attn,aten.mul.Tensor,[],prefill,False
926,self_attn,,slice,"[[B, n_kv, T, d_head]]",,,"[[B, n_kv, T, d_head/2]]",[909],7,self_attn,,1,model.layers.7.self_attn,aten.slice.Tensor,[],prefill,True
927,self_attn,,slice,"[[B, n_kv, T, d_head]]",,,"[[B, n_kv, T, d_head/2]]",[909],7,self_attn,,1,model.layers.7.self_attn,aten.slice.Tensor,[],prefill,True
928,self_attn,,neg,"[[B, n_kv, T, d_head/2]]",,,"[[B, n_kv, T, d_head/2]]",[927],7,self_attn,,1,model.layers.7.self_attn,aten.neg.default,[],prefill,False
929,self_attn,,concat,"[[B, n_kv, T, d_head/2], [B, n_kv, T, d_head/2]]",,,"[[B, n_kv, T, d_head]]","[926, 928]",7,self_attn,,1,model.layers.7.self_attn,aten.cat.default,[],prefill,False
930,self_attn,,elementwise_mul,"[[B, n_kv, T, d_head], [B, 1, T, d_head]]",,,"[[B, n_kv, T, d_head]]","[917, 929]",7,self_attn,,1,model.layers.7.self_attn,aten.mul.Tensor,[],prefill,False
931,self_attn,,elementwise_add,"[[B, n_kv, T, d_head], [B, n_kv, T, d_head]]",,,"[[B, n_kv, T, d_head]]","[925, 930]",7,self_attn,,1,model.layers.7.self_attn,aten.add.Tensor,[],prefill,False
932,self_attn,,concat,"[[0], [B, n_kv, T, d_head]]",,,"[[B, n_kv, T, d_head]]",[931],7,self_attn,,1,model.layers.7.self_attn,aten.cat.default,[],prefill,False
933,self_attn,,concat,"[[0], [B, n_kv, T, d_head]]",,,"[[B, n_kv, T, d_head]]",[915],7,self_attn,,1,model.layers.7.self_attn,aten.cat.default,[],prefill,False
934,self_attn,,unsqueeze,"[[B, n_kv, T, d_head]]",,,"[[B, n_kv, 1, T, d_head]]",[932],7,self_attn,,1,model.layers.7.self_attn,aten.unsqueeze.default,[],prefill,True
935,self_attn,,expand,"[[B, n_kv, 1, T, d_head]]",,,"[[B, n_kv, n_h/n_kv, T, d_head]]",[934],7,self_attn,,1,model.layers.7.self_attn,aten.expand.default,[],prefill,True
936,self_attn,,clone,"[[B, n_kv, n_h/n_kv, T, d_head]]",,,"[[B, n_kv, n_h/n_kv, T, d_head]]",[935],7,self_attn,,1,model.layers.7.self_attn,aten.clone.default,[],prefill,True
937,self_attn,,_unsafe_view,"[[B, n_kv, n_h/n_kv, T, d_head]]",,,"[[B, n_h, T, d_head]]",[936],7,self_attn,,1,model.layers.7.self_attn,aten._unsafe_view.default,[],prefill,True
938,self_attn,,unsqueeze,"[[B, n_kv, T, d_head]]",,,"[[B, n_kv, 1, T, d_head]]",[933],7,self_attn,,1,model.layers.7.self_attn,aten.unsqueeze.default,[],prefill,True
939,self_attn,,expand,"[[B, n_kv, 1, T, d_head]]",,,"[[B, n_kv, n_h/n_kv, T, d_head]]",[938],7,self_attn,,1,model.layers.7.self_attn,aten.expand.default,[],prefill,True
940,self_attn,,clone,"[[B, n_kv, n_h/n_kv, T, d_head]]",,,"[[B, n_kv, n_h/n_kv, T, d_head]]",[939],7,self_attn,,1,model.layers.7.self_attn,aten.clone.default,[],prefill,True
941,self_attn,,_unsafe_view,"[[B, n_kv, n_h/n_kv, T, d_head]]",,,"[[B, n_h, T, d_head]]",[940],7,self_attn,,1,model.layers.7.self_attn,aten._unsafe_view.default,[],prefill,True
942,self_attn,,transpose,"[[B, n_h, T, d_head]]",,,"[[B, n_h, d_head, T]]",[937],7,self_attn,,1,model.layers.7.self_attn,aten.transpose.int,[],prefill,True
943,self_attn,,expand,"[[B, n_h, T, d_head]]",,,"[[B, n_h, T, d_head]]",[924],7,self_attn,,1,model.layers.7.self_attn,aten.expand.default,[],prefill,True
944,self_attn,,view,"[[B, n_h, T, d_head]]",,,"[[n_h, T, d_head]]",[943],7,self_attn,,1,model.layers.7.self_attn,aten.view.default,[],prefill,True
945,self_attn,,expand,"[[B, n_h, d_head, T]]",,,"[[B, n_h, d_head, T]]",[942],7,self_attn,,1,model.layers.7.self_attn,aten.expand.default,[],prefill,True
946,self_attn,,view,"[[B, n_h, d_head, T]]",,,"[[n_h, d_head, T]]",[945],7,self_attn,,1,model.layers.7.self_attn,aten.view.default,[],prefill,True
947,self_attn,,batched_matmul,"[[n_h, T, d_head], [n_h, d_head, T]]",,,"[[n_h, T, T]]","[944, 946]",7,self_attn,,1,model.layers.7.self_attn,aten.bmm.default,[],prefill,False
948,self_attn,,_unsafe_view,"[[n_h, T, T]]",,,"[[B, n_h, T, T]]",[947],7,self_attn,,1,model.layers.7.self_attn,aten._unsafe_view.default,[],prefill,True
949,self_attn,,elementwise_mul,"[[B, n_h, T, T]]",,,"[[B, n_h, T, T]]",[948],7,self_attn,,1,model.layers.7.self_attn,aten.mul.Tensor,[],prefill,False
950,self_attn,,div,"[[B, n_h, T, T]]",,,"[[B, n_h, T, T]]",[949],7,self_attn,,1,model.layers.7.self_attn,aten.div.Tensor,[],prefill,True
951,self_attn,,tanh,"[[B, n_h, T, T]]",,,"[[B, n_h, T, T]]",[950],7,self_attn,,1,model.layers.7.self_attn,aten.tanh.default,[],prefill,False
952,self_attn,,elementwise_mul,"[[B, n_h, T, T]]",,,"[[B, n_h, T, T]]",[951],7,self_attn,,1,model.layers.7.self_attn,aten.mul.Tensor,[],prefill,False
953,self_attn,,elementwise_add,"[[B, n_h, T, T], [B, 1, T, T]]",,,"[[B, n_h, T, T]]","[36, 952]",7,self_attn,,1,model.layers.7.self_attn,aten.add.Tensor,[],prefill,False
954,self_attn,,softmax,"[[B, n_h, T, T]]",,,"[[B, n_h, T, T]]",[953],7,self_attn,,1,model.layers.7.self_attn,aten._softmax.default,[],prefill,False
955,self_attn,,expand,"[[B, n_h, T, T]]",,,"[[B, n_h, T, T]]",[954],7,self_attn,,1,model.layers.7.self_attn,aten.expand.default,[],prefill,True
956,self_attn,,view,"[[B, n_h, T, T]]",,,"[[n_h, T, T]]",[955],7,self_attn,,1,model.layers.7.self_attn,aten.view.default,[],prefill,True
957,self_attn,,expand,"[[B, n_h, T, d_head]]",,,"[[B, n_h, T, d_head]]",[941],7,self_attn,,1,model.layers.7.self_attn,aten.expand.default,[],prefill,True
958,self_attn,,view,"[[B, n_h, T, d_head]]",,,"[[n_h, T, d_head]]",[957],7,self_attn,,1,model.layers.7.self_attn,aten.view.default,[],prefill,True
959,self_attn,,batched_matmul,"[[n_h, T, T], [n_h, T, d_head]]",,,"[[n_h, T, d_head]]","[956, 958]",7,self_attn,,1,model.layers.7.self_attn,aten.bmm.default,[],prefill,False
960,self_attn,,_unsafe_view,"[[n_h, T, d_head]]",,,"[[B, n_h, T, d_head]]",[959],7,self_attn,,1,model.layers.7.self_attn,aten._unsafe_view.default,[],prefill,True
961,self_attn,,transpose,"[[B, n_h, T, d_head]]",,,"[[B, T, n_h, d_head]]",[960],7,self_attn,,1,model.layers.7.self_attn,aten.transpose.int,[],prefill,True
962,self_attn,,clone,"[[B, T, n_h, d_head]]",,,"[[B, T, n_h, d_head]]",[961],7,self_attn,,1,model.layers.7.self_attn,aten.clone.default,[],prefill,True
963,self_attn,,view,"[[B, T, n_h, d_head]]",,,"[[B, T, n_h*d_head]]",[962],7,self_attn,,1,model.layers.7.self_attn,aten.view.default,[],prefill,True
964,self_attn,o_proj,t,"[[d_model, n_h*d_head]]","[d_model, n_h*d_head]",0,"[[n_h*d_head, d_model]]",[],7,self_attn,o_proj,2,model.layers.7.self_attn.o_proj,aten.t.default,[model.layers.7.self_attn.o_proj.weight],prefill,True
965,self_attn,o_proj,view,"[[B, T, n_h*d_head]]",,,"[[T, n_h*d_head]]",[963],7,self_attn,o_proj,2,model.layers.7.self_attn.o_proj,aten.view.default,[],prefill,True
966,self_attn,o_proj,matmul,"[[T, n_h*d_head], [n_h*d_head, d_model]]","[d_model, n_h*d_head]",1,"[[T, d_model]]","[964, 965]",7,self_attn,o_proj,2,model.layers.7.self_attn.o_proj,aten.mm.default,[model.layers.7.self_attn.o_proj.weight],prefill,False
967,self_attn,o_proj,_unsafe_view,"[[T, d_model]]",,,"[[B, T, d_model]]",[966],7,self_attn,o_proj,2,model.layers.7.self_attn.o_proj,aten._unsafe_view.default,[],prefill,True
968,post_attention_layernorm,,pow,"[[B, T, d_model]]",,,"[[B, T, d_model]]",[967],7,post_attention_layernorm,,1,model.layers.7.post_attention_layernorm,aten.pow.Tensor_Scalar,[],prefill,False
969,post_attention_layernorm,,mean,"[[B, T, d_model]]",,,"[[B, T, 1]]",[968],7,post_attention_layernorm,,1,model.layers.7.post_attention_layernorm,aten.mean.dim,[],prefill,False
970,post_attention_layernorm,,elementwise_add,"[[B, T, 1]]",,,"[[B, T, 1]]",[969],7,post_attention_layernorm,,1,model.layers.7.post_attention_layernorm,aten.add.Tensor,[],prefill,False
971,post_attention_layernorm,,rsqrt,"[[B, T, 1]]",,,"[[B, T, 1]]",[970],7,post_attention_layernorm,,1,model.layers.7.post_attention_layernorm,aten.rsqrt.default,[],prefill,False
972,post_attention_layernorm,,elementwise_mul,"[[B, T, d_model], [B, T, 1]]",,,"[[B, T, d_model]]","[967, 971]",7,post_attention_layernorm,,1,model.layers.7.post_attention_layernorm,aten.mul.Tensor,[],prefill,False
973,post_attention_layernorm,,elementwise_add,[[d_model]],,,[[d_model]],[],7,post_attention_layernorm,,1,model.layers.7.post_attention_layernorm,aten.add.Tensor,[model.layers.7.post_attention_layernorm.weight],prefill,False
974,post_attention_layernorm,,elementwise_mul,"[[B, T, d_model], [d_model]]",,,"[[B, T, d_model]]","[972, 973]",7,post_attention_layernorm,,1,model.layers.7.post_attention_layernorm,aten.mul.Tensor,[],prefill,False
975,,,elementwise_add,"[[B, T, d_model], [B, T, d_model]]",,,"[[B, T, d_model]]","[890, 974]",7,,,0,model.layers.7,aten.add.Tensor,[],prefill,False
976,pre_feedforward_layernorm,,pow,"[[B, T, d_model]]",,,"[[B, T, d_model]]",[975],7,pre_feedforward_layernorm,,1,model.layers.7.pre_feedforward_layernorm,aten.pow.Tensor_Scalar,[],prefill,False
977,pre_feedforward_layernorm,,mean,"[[B, T, d_model]]",,,"[[B, T, 1]]",[976],7,pre_feedforward_layernorm,,1,model.layers.7.pre_feedforward_layernorm,aten.mean.dim,[],prefill,False
978,pre_feedforward_layernorm,,elementwise_add,"[[B, T, 1]]",,,"[[B, T, 1]]",[977],7,pre_feedforward_layernorm,,1,model.layers.7.pre_feedforward_layernorm,aten.add.Tensor,[],prefill,False
979,pre_feedforward_layernorm,,rsqrt,"[[B, T, 1]]",,,"[[B, T, 1]]",[978],7,pre_feedforward_layernorm,,1,model.layers.7.pre_feedforward_layernorm,aten.rsqrt.default,[],prefill,False
980,pre_feedforward_layernorm,,elementwise_mul,"[[B, T, d_model], [B, T, 1]]",,,"[[B, T, d_model]]","[975, 979]",7,pre_feedforward_layernorm,,1,model.layers.7.pre_feedforward_layernorm,aten.mul.Tensor,[],prefill,False
981,pre_feedforward_layernorm,,elementwise_add,[[d_model]],,,[[d_model]],[],7,pre_feedforward_layernorm,,1,model.layers.7.pre_feedforward_layernorm,aten.add.Tensor,[model.layers.7.pre_feedforward_layernorm.weight],prefill,False
982,pre_feedforward_layernorm,,elementwise_mul,"[[B, T, d_model], [d_model]]",,,"[[B, T, d_model]]","[980, 981]",7,pre_feedforward_layernorm,,1,model.layers.7.pre_feedforward_layernorm,aten.mul.Tensor,[],prefill,False
983,mlp,gate_proj,t,"[[d_ff, d_model]]","[d_ff, d_model]",0,"[[d_model, d_ff]]",[],7,mlp,gate_proj,2,model.layers.7.mlp.gate_proj,aten.t.default,[model.layers.7.mlp.gate_proj.weight],prefill,True
984,mlp,gate_proj,view,"[[B, T, d_model]]",,,"[[T, d_model]]",[982],7,mlp,gate_proj,2,model.layers.7.mlp.gate_proj,aten.view.default,[],prefill,True
985,mlp,gate_proj,matmul,"[[T, d_model], [d_model, d_ff]]","[d_ff, d_model]",1,"[[T, d_ff]]","[983, 984]",7,mlp,gate_proj,2,model.layers.7.mlp.gate_proj,aten.mm.default,[model.layers.7.mlp.gate_proj.weight],prefill,False
986,mlp,gate_proj,_unsafe_view,"[[T, d_ff]]",,,"[[B, T, d_ff]]",[985],7,mlp,gate_proj,2,model.layers.7.mlp.gate_proj,aten._unsafe_view.default,[],prefill,True
987,mlp,act_fn,gelu,"[[B, T, d_ff]]",,,"[[B, T, d_ff]]",[986],7,mlp,act_fn,2,model.layers.7.mlp.act_fn,aten.gelu.default,[],prefill,False
988,mlp,up_proj,t,"[[d_ff, d_model]]","[d_ff, d_model]",0,"[[d_model, d_ff]]",[],7,mlp,up_proj,2,model.layers.7.mlp.up_proj,aten.t.default,[model.layers.7.mlp.up_proj.weight],prefill,True
989,mlp,up_proj,view,"[[B, T, d_model]]",,,"[[T, d_model]]",[982],7,mlp,up_proj,2,model.layers.7.mlp.up_proj,aten.view.default,[],prefill,True
990,mlp,up_proj,matmul,"[[T, d_model], [d_model, d_ff]]","[d_ff, d_model]",1,"[[T, d_ff]]","[988, 989]",7,mlp,up_proj,2,model.layers.7.mlp.up_proj,aten.mm.default,[model.layers.7.mlp.up_proj.weight],prefill,False
991,mlp,up_proj,_unsafe_view,"[[T, d_ff]]",,,"[[B, T, d_ff]]",[990],7,mlp,up_proj,2,model.layers.7.mlp.up_proj,aten._unsafe_view.default,[],prefill,True
992,mlp,,elementwise_mul,"[[B, T, d_ff], [B, T, d_ff]]",,,"[[B, T, d_ff]]","[987, 991]",7,mlp,,1,model.layers.7.mlp,aten.mul.Tensor,[],prefill,False
993,mlp,down_proj,t,"[[d_model, d_ff]]","[d_model, d_ff]",0,"[[d_ff, d_model]]",[],7,mlp,down_proj,2,model.layers.7.mlp.down_proj,aten.t.default,[model.layers.7.mlp.down_proj.weight],prefill,True
994,mlp,down_proj,view,"[[B, T, d_ff]]",,,"[[T, d_ff]]",[992],7,mlp,down_proj,2,model.layers.7.mlp.down_proj,aten.view.default,[],prefill,True
995,mlp,down_proj,matmul,"[[T, d_ff], [d_ff, d_model]]","[d_model, d_ff]",1,"[[T, d_model]]","[993, 994]",7,mlp,down_proj,2,model.layers.7.mlp.down_proj,aten.mm.default,[model.layers.7.mlp.down_proj.weight],prefill,False
996,mlp,down_proj,_unsafe_view,"[[T, d_model]]",,,"[[B, T, d_model]]",[995],7,mlp,down_proj,2,model.layers.7.mlp.down_proj,aten._unsafe_view.default,[],prefill,True
997,post_feedforward_layernorm,,pow,"[[B, T, d_model]]",,,"[[B, T, d_model]]",[996],7,post_feedforward_layernorm,,1,model.layers.7.post_feedforward_layernorm,aten.pow.Tensor_Scalar,[],prefill,False
998,post_feedforward_layernorm,,mean,"[[B, T, d_model]]",,,"[[B, T, 1]]",[997],7,post_feedforward_layernorm,,1,model.layers.7.post_feedforward_layernorm,aten.mean.dim,[],prefill,False
999,post_feedforward_layernorm,,elementwise_add,"[[B, T, 1]]",,,"[[B, T, 1]]",[998],7,post_feedforward_layernorm,,1,model.layers.7.post_feedforward_layernorm,aten.add.Tensor,[],prefill,False
1000,post_feedforward_layernorm,,rsqrt,"[[B, T, 1]]",,,"[[B, T, 1]]",[999],7,post_feedforward_layernorm,,1,model.layers.7.post_feedforward_layernorm,aten.rsqrt.default,[],prefill,False
1001,post_feedforward_layernorm,,elementwise_mul,"[[B, T, d_model], [B, T, 1]]",,,"[[B, T, d_model]]","[996, 1000]",7,post_feedforward_layernorm,,1,model.layers.7.post_feedforward_layernorm,aten.mul.Tensor,[],prefill,False
1002,post_feedforward_layernorm,,elementwise_add,[[d_model]],,,[[d_model]],[],7,post_feedforward_layernorm,,1,model.layers.7.post_feedforward_layernorm,aten.add.Tensor,[model.layers.7.post_feedforward_layernorm.weight],prefill,False
1003,post_feedforward_layernorm,,elementwise_mul,"[[B, T, d_model], [d_model]]",,,"[[B, T, d_model]]","[1001, 1002]",7,post_feedforward_layernorm,,1,model.layers.7.post_feedforward_layernorm,aten.mul.Tensor,[],prefill,False
1004,,,elementwise_add,"[[B, T, d_model], [B, T, d_model]]",,,"[[B, T, d_model]]","[975, 1003]",7,,,0,model.layers.7,aten.add.Tensor,[],prefill,False
1005,input_layernorm,,pow,"[[B, T, d_model]]",,,"[[B, T, d_model]]",[1004],8,input_layernorm,,1,model.layers.8.input_layernorm,aten.pow.Tensor_Scalar,[],prefill,False
1006,input_layernorm,,mean,"[[B, T, d_model]]",,,"[[B, T, 1]]",[1005],8,input_layernorm,,1,model.layers.8.input_layernorm,aten.mean.dim,[],prefill,False
1007,input_layernorm,,elementwise_add,"[[B, T, 1]]",,,"[[B, T, 1]]",[1006],8,input_layernorm,,1,model.layers.8.input_layernorm,aten.add.Tensor,[],prefill,False
1008,input_layernorm,,rsqrt,"[[B, T, 1]]",,,"[[B, T, 1]]",[1007],8,input_layernorm,,1,model.layers.8.input_layernorm,aten.rsqrt.default,[],prefill,False
1009,input_layernorm,,elementwise_mul,"[[B, T, d_model], [B, T, 1]]",,,"[[B, T, d_model]]","[1004, 1008]",8,input_layernorm,,1,model.layers.8.input_layernorm,aten.mul.Tensor,[],prefill,False
1010,input_layernorm,,elementwise_add,[[d_model]],,,[[d_model]],[],8,input_layernorm,,1,model.layers.8.input_layernorm,aten.add.Tensor,[model.layers.8.input_layernorm.weight],prefill,False
1011,input_layernorm,,elementwise_mul,"[[B, T, d_model], [d_model]]",,,"[[B, T, d_model]]","[1009, 1010]",8,input_layernorm,,1,model.layers.8.input_layernorm,aten.mul.Tensor,[],prefill,False
1012,self_attn,q_proj,t,"[[n_h*d_head, d_model]]","[n_h*d_head, d_model]",0,"[[d_model, n_h*d_head]]",[],8,self_attn,q_proj,2,model.layers.8.self_attn.q_proj,aten.t.default,[model.layers.8.self_attn.q_proj.weight],prefill,True
1013,self_attn,q_proj,view,"[[B, T, d_model]]",,,"[[T, d_model]]",[1011],8,self_attn,q_proj,2,model.layers.8.self_attn.q_proj,aten.view.default,[],prefill,True
1014,self_attn,q_proj,matmul,"[[T, d_model], [d_model, n_h*d_head]]","[n_h*d_head, d_model]",1,"[[T, n_h*d_head]]","[1012, 1013]",8,self_attn,q_proj,2,model.layers.8.self_attn.q_proj,aten.mm.default,[model.layers.8.self_attn.q_proj.weight],prefill,False
1015,self_attn,q_proj,_unsafe_view,"[[T, n_h*d_head]]",,,"[[B, T, n_h*d_head]]",[1014],8,self_attn,q_proj,2,model.layers.8.self_attn.q_proj,aten._unsafe_view.default,[],prefill,True
1016,self_attn,,view,"[[B, T, n_h*d_head]]",,,"[[B, T, n_h, d_head]]",[1015],8,self_attn,,1,model.layers.8.self_attn,aten.view.default,[],prefill,True
1017,self_attn,,transpose,"[[B, T, n_h, d_head]]",,,"[[B, n_h, T, d_head]]",[1016],8,self_attn,,1,model.layers.8.self_attn,aten.transpose.int,[],prefill,True
1018,self_attn,k_proj,t,"[[n_kv*d_head, d_model]]","[n_kv*d_head, d_model]",0,"[[d_model, n_kv*d_head]]",[],8,self_attn,k_proj,2,model.layers.8.self_attn.k_proj,aten.t.default,[model.layers.8.self_attn.k_proj.weight],prefill,True
1019,self_attn,k_proj,view,"[[B, T, d_model]]",,,"[[T, d_model]]",[1011],8,self_attn,k_proj,2,model.layers.8.self_attn.k_proj,aten.view.default,[],prefill,True
1020,self_attn,k_proj,matmul,"[[T, d_model], [d_model, n_kv*d_head]]","[n_kv*d_head, d_model]",1,"[[T, n_kv*d_head]]","[1018, 1019]",8,self_attn,k_proj,2,model.layers.8.self_attn.k_proj,aten.mm.default,[model.layers.8.self_attn.k_proj.weight],prefill,False
1021,self_attn,k_proj,_unsafe_view,"[[T, n_kv*d_head]]",,,"[[B, T, n_kv*d_head]]",[1020],8,self_attn,k_proj,2,model.layers.8.self_attn.k_proj,aten._unsafe_view.default,[],prefill,True
1022,self_attn,,view,"[[B, T, n_kv*d_head]]",,,"[[B, T, n_kv, d_head]]",[1021],8,self_attn,,1,model.layers.8.self_attn,aten.view.default,[],prefill,True
1023,self_attn,,transpose,"[[B, T, n_kv, d_head]]",,,"[[B, n_kv, T, d_head]]",[1022],8,self_attn,,1,model.layers.8.self_attn,aten.transpose.int,[],prefill,True
1024,self_attn,v_proj,t,"[[n_kv*d_head, d_model]]","[n_kv*d_head, d_model]",0,"[[d_model, n_kv*d_head]]",[],8,self_attn,v_proj,2,model.layers.8.self_attn.v_proj,aten.t.default,[model.layers.8.self_attn.v_proj.weight],prefill,True
1025,self_attn,v_proj,view,"[[B, T, d_model]]",,,"[[T, d_model]]",[1011],8,self_attn,v_proj,2,model.layers.8.self_attn.v_proj,aten.view.default,[],prefill,True
1026,self_attn,v_proj,matmul,"[[T, d_model], [d_model, n_kv*d_head]]","[n_kv*d_head, d_model]",1,"[[T, n_kv*d_head]]","[1024, 1025]",8,self_attn,v_proj,2,model.layers.8.self_attn.v_proj,aten.mm.default,[model.layers.8.self_attn.v_proj.weight],prefill,False
1027,self_attn,v_proj,_unsafe_view,"[[T, n_kv*d_head]]",,,"[[B, T, n_kv*d_head]]",[1026],8,self_attn,v_proj,2,model.layers.8.self_attn.v_proj,aten._unsafe_view.default,[],prefill,True
1028,self_attn,,view,"[[B, T, n_kv*d_head]]",,,"[[B, T, n_kv, d_head]]",[1027],8,self_attn,,1,model.layers.8.self_attn,aten.view.default,[],prefill,True
1029,self_attn,,transpose,"[[B, T, n_kv, d_head]]",,,"[[B, n_kv, T, d_head]]",[1028],8,self_attn,,1,model.layers.8.self_attn,aten.transpose.int,[],prefill,True
1030,self_attn,,unsqueeze,"[[B, T, d_head]]",,,"[[B, 1, T, d_head]]",[78],8,self_attn,,1,model.layers.8.self_attn,aten.unsqueeze.default,[],prefill,True
1031,self_attn,,unsqueeze,"[[B, T, d_head]]",,,"[[B, 1, T, d_head]]",[80],8,self_attn,,1,model.layers.8.self_attn,aten.unsqueeze.default,[],prefill,True
1032,self_attn,,elementwise_mul,"[[B, n_h, T, d_head], [B, 1, T, d_head]]",,,"[[B, n_h, T, d_head]]","[1017, 1030]",8,self_attn,,1,model.layers.8.self_attn,aten.mul.Tensor,[],prefill,False
1033,self_attn,,slice,"[[B, n_h, T, d_head]]",,,"[[B, n_h, T, d_head/2]]",[1017],8,self_attn,,1,model.layers.8.self_attn,aten.slice.Tensor,[],prefill,True
1034,self_attn,,slice,"[[B, n_h, T, d_head]]",,,"[[B, n_h, T, d_head/2]]",[1017],8,self_attn,,1,model.layers.8.self_attn,aten.slice.Tensor,[],prefill,True
1035,self_attn,,neg,"[[B, n_h, T, d_head/2]]",,,"[[B, n_h, T, d_head/2]]",[1034],8,self_attn,,1,model.layers.8.self_attn,aten.neg.default,[],prefill,False
1036,self_attn,,concat,"[[B, n_h, T, d_head/2], [B, n_h, T, d_head/2]]",,,"[[B, n_h, T, d_head]]","[1033, 1035]",8,self_attn,,1,model.layers.8.self_attn,aten.cat.default,[],prefill,False
1037,self_attn,,elementwise_mul,"[[B, n_h, T, d_head], [B, 1, T, d_head]]",,,"[[B, n_h, T, d_head]]","[1031, 1036]",8,self_attn,,1,model.layers.8.self_attn,aten.mul.Tensor,[],prefill,False
1038,self_attn,,elementwise_add,"[[B, n_h, T, d_head], [B, n_h, T, d_head]]",,,"[[B, n_h, T, d_head]]","[1032, 1037]",8,self_attn,,1,model.layers.8.self_attn,aten.add.Tensor,[],prefill,False
1039,self_attn,,elementwise_mul,"[[B, n_kv, T, d_head], [B, 1, T, d_head]]",,,"[[B, n_kv, T, d_head]]","[1023, 1030]",8,self_attn,,1,model.layers.8.self_attn,aten.mul.Tensor,[],prefill,False
1040,self_attn,,slice,"[[B, n_kv, T, d_head]]",,,"[[B, n_kv, T, d_head/2]]",[1023],8,self_attn,,1,model.layers.8.self_attn,aten.slice.Tensor,[],prefill,True
1041,self_attn,,slice,"[[B, n_kv, T, d_head]]",,,"[[B, n_kv, T, d_head/2]]",[1023],8,self_attn,,1,model.layers.8.self_attn,aten.slice.Tensor,[],prefill,True
1042,self_attn,,neg,"[[B, n_kv, T, d_head/2]]",,,"[[B, n_kv, T, d_head/2]]",[1041],8,self_attn,,1,model.layers.8.self_attn,aten.neg.default,[],prefill,False
1043,self_attn,,concat,"[[B, n_kv, T, d_head/2], [B, n_kv, T, d_head/2]]",,,"[[B, n_kv, T, d_head]]","[1040, 1042]",8,self_attn,,1,model.layers.8.self_attn,aten.cat.default,[],prefill,False
1044,self_attn,,elementwise_mul,"[[B, n_kv, T, d_head], [B, 1, T, d_head]]",,,"[[B, n_kv, T, d_head]]","[1031, 1043]",8,self_attn,,1,model.layers.8.self_attn,aten.mul.Tensor,[],prefill,False
1045,self_attn,,elementwise_add,"[[B, n_kv, T, d_head], [B, n_kv, T, d_head]]",,,"[[B, n_kv, T, d_head]]","[1039, 1044]",8,self_attn,,1,model.layers.8.self_attn,aten.add.Tensor,[],prefill,False
1046,self_attn,,_to_copy,[[]],,,[[]],[6],8,self_attn,,1,model.layers.8.self_attn,aten._to_copy.default,[],prefill,True
1047,self_attn,,concat,"[[0], [B, n_kv, T, d_head]]",,,"[[B, n_kv, T, d_head]]",[1045],8,self_attn,,1,model.layers.8.self_attn,aten.cat.default,[],prefill,False
1048,self_attn,,concat,"[[0], [B, n_kv, T, d_head]]",,,"[[B, n_kv, T, d_head]]",[1029],8,self_attn,,1,model.layers.8.self_attn,aten.cat.default,[],prefill,False
1049,self_attn,,slice,"[[B, n_kv, T, d_head]]",,,"[[B, n_kv, T, d_head]]",[1047],8,self_attn,,1,model.layers.8.self_attn,aten.slice.Tensor,[],prefill,True
1050,self_attn,,slice,"[[B, n_kv, T, d_head]]",,,"[[B, n_kv, T, d_head]]",[1048],8,self_attn,,1,model.layers.8.self_attn,aten.slice.Tensor,[],prefill,True
1051,self_attn,,unsqueeze,"[[B, n_kv, T, d_head]]",,,"[[B, n_kv, 1, T, d_head]]",[1047],8,self_attn,,1,model.layers.8.self_attn,aten.unsqueeze.default,[],prefill,True
1052,self_attn,,expand,"[[B, n_kv, 1, T, d_head]]",,,"[[B, n_kv, n_h/n_kv, T, d_head]]",[1051],8,self_attn,,1,model.layers.8.self_attn,aten.expand.default,[],prefill,True
1053,self_attn,,clone,"[[B, n_kv, n_h/n_kv, T, d_head]]",,,"[[B, n_kv, n_h/n_kv, T, d_head]]",[1052],8,self_attn,,1,model.layers.8.self_attn,aten.clone.default,[],prefill,True
1054,self_attn,,_unsafe_view,"[[B, n_kv, n_h/n_kv, T, d_head]]",,,"[[B, n_h, T, d_head]]",[1053],8,self_attn,,1,model.layers.8.self_attn,aten._unsafe_view.default,[],prefill,True
1055,self_attn,,unsqueeze,"[[B, n_kv, T, d_head]]",,,"[[B, n_kv, 1, T, d_head]]",[1048],8,self_attn,,1,model.layers.8.self_attn,aten.unsqueeze.default,[],prefill,True
1056,self_attn,,expand,"[[B, n_kv, 1, T, d_head]]",,,"[[B, n_kv, n_h/n_kv, T, d_head]]",[1055],8,self_attn,,1,model.layers.8.self_attn,aten.expand.default,[],prefill,True
1057,self_attn,,clone,"[[B, n_kv, n_h/n_kv, T, d_head]]",,,"[[B, n_kv, n_h/n_kv, T, d_head]]",[1056],8,self_attn,,1,model.layers.8.self_attn,aten.clone.default,[],prefill,True
1058,self_attn,,_unsafe_view,"[[B, n_kv, n_h/n_kv, T, d_head]]",,,"[[B, n_h, T, d_head]]",[1057],8,self_attn,,1,model.layers.8.self_attn,aten._unsafe_view.default,[],prefill,True
1059,self_attn,,transpose,"[[B, n_h, T, d_head]]",,,"[[B, n_h, d_head, T]]",[1054],8,self_attn,,1,model.layers.8.self_attn,aten.transpose.int,[],prefill,True
1060,self_attn,,expand,"[[B, n_h, T, d_head]]",,,"[[B, n_h, T, d_head]]",[1038],8,self_attn,,1,model.layers.8.self_attn,aten.expand.default,[],prefill,True
1061,self_attn,,view,"[[B, n_h, T, d_head]]",,,"[[n_h, T, d_head]]",[1060],8,self_attn,,1,model.layers.8.self_attn,aten.view.default,[],prefill,True
1062,self_attn,,expand,"[[B, n_h, d_head, T]]",,,"[[B, n_h, d_head, T]]",[1059],8,self_attn,,1,model.layers.8.self_attn,aten.expand.default,[],prefill,True
1063,self_attn,,view,"[[B, n_h, d_head, T]]",,,"[[n_h, d_head, T]]",[1062],8,self_attn,,1,model.layers.8.self_attn,aten.view.default,[],prefill,True
1064,self_attn,,batched_matmul,"[[n_h, T, d_head], [n_h, d_head, T]]",,,"[[n_h, T, T]]","[1061, 1063]",8,self_attn,,1,model.layers.8.self_attn,aten.bmm.default,[],prefill,False
1065,self_attn,,_unsafe_view,"[[n_h, T, T]]",,,"[[B, n_h, T, T]]",[1064],8,self_attn,,1,model.layers.8.self_attn,aten._unsafe_view.default,[],prefill,True
1066,self_attn,,elementwise_mul,"[[B, n_h, T, T]]",,,"[[B, n_h, T, T]]",[1065],8,self_attn,,1,model.layers.8.self_attn,aten.mul.Tensor,[],prefill,False
1067,self_attn,,div,"[[B, n_h, T, T]]",,,"[[B, n_h, T, T]]",[1066],8,self_attn,,1,model.layers.8.self_attn,aten.div.Tensor,[],prefill,True
1068,self_attn,,tanh,"[[B, n_h, T, T]]",,,"[[B, n_h, T, T]]",[1067],8,self_attn,,1,model.layers.8.self_attn,aten.tanh.default,[],prefill,False
1069,self_attn,,elementwise_mul,"[[B, n_h, T, T]]",,,"[[B, n_h, T, T]]",[1068],8,self_attn,,1,model.layers.8.self_attn,aten.mul.Tensor,[],prefill,False
1070,self_attn,,elementwise_add,"[[B, n_h, T, T], [B, 1, T, T]]",,,"[[B, n_h, T, T]]","[63, 1069]",8,self_attn,,1,model.layers.8.self_attn,aten.add.Tensor,[],prefill,False
1071,self_attn,,softmax,"[[B, n_h, T, T]]",,,"[[B, n_h, T, T]]",[1070],8,self_attn,,1,model.layers.8.self_attn,aten._softmax.default,[],prefill,False
1072,self_attn,,expand,"[[B, n_h, T, T]]",,,"[[B, n_h, T, T]]",[1071],8,self_attn,,1,model.layers.8.self_attn,aten.expand.default,[],prefill,True
1073,self_attn,,view,"[[B, n_h, T, T]]",,,"[[n_h, T, T]]",[1072],8,self_attn,,1,model.layers.8.self_attn,aten.view.default,[],prefill,True
1074,self_attn,,expand,"[[B, n_h, T, d_head]]",,,"[[B, n_h, T, d_head]]",[1058],8,self_attn,,1,model.layers.8.self_attn,aten.expand.default,[],prefill,True
1075,self_attn,,view,"[[B, n_h, T, d_head]]",,,"[[n_h, T, d_head]]",[1074],8,self_attn,,1,model.layers.8.self_attn,aten.view.default,[],prefill,True
1076,self_attn,,batched_matmul,"[[n_h, T, T], [n_h, T, d_head]]",,,"[[n_h, T, d_head]]","[1073, 1075]",8,self_attn,,1,model.layers.8.self_attn,aten.bmm.default,[],prefill,False
1077,self_attn,,_unsafe_view,"[[n_h, T, d_head]]",,,"[[B, n_h, T, d_head]]",[1076],8,self_attn,,1,model.layers.8.self_attn,aten._unsafe_view.default,[],prefill,True
1078,self_attn,,transpose,"[[B, n_h, T, d_head]]",,,"[[B, T, n_h, d_head]]",[1077],8,self_attn,,1,model.layers.8.self_attn,aten.transpose.int,[],prefill,True
1079,self_attn,,clone,"[[B, T, n_h, d_head]]",,,"[[B, T, n_h, d_head]]",[1078],8,self_attn,,1,model.layers.8.self_attn,aten.clone.default,[],prefill,True
1080,self_attn,,view,"[[B, T, n_h, d_head]]",,,"[[B, T, n_h*d_head]]",[1079],8,self_attn,,1,model.layers.8.self_attn,aten.view.default,[],prefill,True
1081,self_attn,o_proj,t,"[[d_model, n_h*d_head]]","[d_model, n_h*d_head]",0,"[[n_h*d_head, d_model]]",[],8,self_attn,o_proj,2,model.layers.8.self_attn.o_proj,aten.t.default,[model.layers.8.self_attn.o_proj.weight],prefill,True
1082,self_attn,o_proj,view,"[[B, T, n_h*d_head]]",,,"[[T, n_h*d_head]]",[1080],8,self_attn,o_proj,2,model.layers.8.self_attn.o_proj,aten.view.default,[],prefill,True
1083,self_attn,o_proj,matmul,"[[T, n_h*d_head], [n_h*d_head, d_model]]","[d_model, n_h*d_head]",1,"[[T, d_model]]","[1081, 1082]",8,self_attn,o_proj,2,model.layers.8.self_attn.o_proj,aten.mm.default,[model.layers.8.self_attn.o_proj.weight],prefill,False
1084,self_attn,o_proj,_unsafe_view,"[[T, d_model]]",,,"[[B, T, d_model]]",[1083],8,self_attn,o_proj,2,model.layers.8.self_attn.o_proj,aten._unsafe_view.default,[],prefill,True
1085,post_attention_layernorm,,pow,"[[B, T, d_model]]",,,"[[B, T, d_model]]",[1084],8,post_attention_layernorm,,1,model.layers.8.post_attention_layernorm,aten.pow.Tensor_Scalar,[],prefill,False
1086,post_attention_layernorm,,mean,"[[B, T, d_model]]",,,"[[B, T, 1]]",[1085],8,post_attention_layernorm,,1,model.layers.8.post_attention_layernorm,aten.mean.dim,[],prefill,False
1087,post_attention_layernorm,,elementwise_add,"[[B, T, 1]]",,,"[[B, T, 1]]",[1086],8,post_attention_layernorm,,1,model.layers.8.post_attention_layernorm,aten.add.Tensor,[],prefill,False
1088,post_attention_layernorm,,rsqrt,"[[B, T, 1]]",,,"[[B, T, 1]]",[1087],8,post_attention_layernorm,,1,model.layers.8.post_attention_layernorm,aten.rsqrt.default,[],prefill,False
1089,post_attention_layernorm,,elementwise_mul,"[[B, T, d_model], [B, T, 1]]",,,"[[B, T, d_model]]","[1084, 1088]",8,post_attention_layernorm,,1,model.layers.8.post_attention_layernorm,aten.mul.Tensor,[],prefill,False
1090,post_attention_layernorm,,elementwise_add,[[d_model]],,,[[d_model]],[],8,post_attention_layernorm,,1,model.layers.8.post_attention_layernorm,aten.add.Tensor,[model.layers.8.post_attention_layernorm.weight],prefill,False
1091,post_attention_layernorm,,elementwise_mul,"[[B, T, d_model], [d_model]]",,,"[[B, T, d_model]]","[1089, 1090]",8,post_attention_layernorm,,1,model.layers.8.post_attention_layernorm,aten.mul.Tensor,[],prefill,False
1092,,,elementwise_add,"[[B, T, d_model], [B, T, d_model]]",,,"[[B, T, d_model]]","[1004, 1091]",8,,,0,model.layers.8,aten.add.Tensor,[],prefill,False
1093,pre_feedforward_layernorm,,pow,"[[B, T, d_model]]",,,"[[B, T, d_model]]",[1092],8,pre_feedforward_layernorm,,1,model.layers.8.pre_feedforward_layernorm,aten.pow.Tensor_Scalar,[],prefill,False
1094,pre_feedforward_layernorm,,mean,"[[B, T, d_model]]",,,"[[B, T, 1]]",[1093],8,pre_feedforward_layernorm,,1,model.layers.8.pre_feedforward_layernorm,aten.mean.dim,[],prefill,False
1095,pre_feedforward_layernorm,,elementwise_add,"[[B, T, 1]]",,,"[[B, T, 1]]",[1094],8,pre_feedforward_layernorm,,1,model.layers.8.pre_feedforward_layernorm,aten.add.Tensor,[],prefill,False
1096,pre_feedforward_layernorm,,rsqrt,"[[B, T, 1]]",,,"[[B, T, 1]]",[1095],8,pre_feedforward_layernorm,,1,model.layers.8.pre_feedforward_layernorm,aten.rsqrt.default,[],prefill,False
1097,pre_feedforward_layernorm,,elementwise_mul,"[[B, T, d_model], [B, T, 1]]",,,"[[B, T, d_model]]","[1092, 1096]",8,pre_feedforward_layernorm,,1,model.layers.8.pre_feedforward_layernorm,aten.mul.Tensor,[],prefill,False
1098,pre_feedforward_layernorm,,elementwise_add,[[d_model]],,,[[d_model]],[],8,pre_feedforward_layernorm,,1,model.layers.8.pre_feedforward_layernorm,aten.add.Tensor,[model.layers.8.pre_feedforward_layernorm.weight],prefill,False
1099,pre_feedforward_layernorm,,elementwise_mul,"[[B, T, d_model], [d_model]]",,,"[[B, T, d_model]]","[1097, 1098]",8,pre_feedforward_layernorm,,1,model.layers.8.pre_feedforward_layernorm,aten.mul.Tensor,[],prefill,False
1100,mlp,gate_proj,t,"[[d_ff, d_model]]","[d_ff, d_model]",0,"[[d_model, d_ff]]",[],8,mlp,gate_proj,2,model.layers.8.mlp.gate_proj,aten.t.default,[model.layers.8.mlp.gate_proj.weight],prefill,True
1101,mlp,gate_proj,view,"[[B, T, d_model]]",,,"[[T, d_model]]",[1099],8,mlp,gate_proj,2,model.layers.8.mlp.gate_proj,aten.view.default,[],prefill,True
1102,mlp,gate_proj,matmul,"[[T, d_model], [d_model, d_ff]]","[d_ff, d_model]",1,"[[T, d_ff]]","[1100, 1101]",8,mlp,gate_proj,2,model.layers.8.mlp.gate_proj,aten.mm.default,[model.layers.8.mlp.gate_proj.weight],prefill,False
1103,mlp,gate_proj,_unsafe_view,"[[T, d_ff]]",,,"[[B, T, d_ff]]",[1102],8,mlp,gate_proj,2,model.layers.8.mlp.gate_proj,aten._unsafe_view.default,[],prefill,True
1104,mlp,act_fn,gelu,"[[B, T, d_ff]]",,,"[[B, T, d_ff]]",[1103],8,mlp,act_fn,2,model.layers.8.mlp.act_fn,aten.gelu.default,[],prefill,False
1105,mlp,up_proj,t,"[[d_ff, d_model]]","[d_ff, d_model]",0,"[[d_model, d_ff]]",[],8,mlp,up_proj,2,model.layers.8.mlp.up_proj,aten.t.default,[model.layers.8.mlp.up_proj.weight],prefill,True
1106,mlp,up_proj,view,"[[B, T, d_model]]",,,"[[T, d_model]]",[1099],8,mlp,up_proj,2,model.layers.8.mlp.up_proj,aten.view.default,[],prefill,True
1107,mlp,up_proj,matmul,"[[T, d_model], [d_model, d_ff]]","[d_ff, d_model]",1,"[[T, d_ff]]","[1105, 1106]",8,mlp,up_proj,2,model.layers.8.mlp.up_proj,aten.mm.default,[model.layers.8.mlp.up_proj.weight],prefill,False
1108,mlp,up_proj,_unsafe_view,"[[T, d_ff]]",,,"[[B, T, d_ff]]",[1107],8,mlp,up_proj,2,model.layers.8.mlp.up_proj,aten._unsafe_view.default,[],prefill,True
1109,mlp,,elementwise_mul,"[[B, T, d_ff], [B, T, d_ff]]",,,"[[B, T, d_ff]]","[1104, 1108]",8,mlp,,1,model.layers.8.mlp,aten.mul.Tensor,[],prefill,False
1110,mlp,down_proj,t,"[[d_model, d_ff]]","[d_model, d_ff]",0,"[[d_ff, d_model]]",[],8,mlp,down_proj,2,model.layers.8.mlp.down_proj,aten.t.default,[model.layers.8.mlp.down_proj.weight],prefill,True
1111,mlp,down_proj,view,"[[B, T, d_ff]]",,,"[[T, d_ff]]",[1109],8,mlp,down_proj,2,model.layers.8.mlp.down_proj,aten.view.default,[],prefill,True
1112,mlp,down_proj,matmul,"[[T, d_ff], [d_ff, d_model]]","[d_model, d_ff]",1,"[[T, d_model]]","[1110, 1111]",8,mlp,down_proj,2,model.layers.8.mlp.down_proj,aten.mm.default,[model.layers.8.mlp.down_proj.weight],prefill,False
1113,mlp,down_proj,_unsafe_view,"[[T, d_model]]",,,"[[B, T, d_model]]",[1112],8,mlp,down_proj,2,model.layers.8.mlp.down_proj,aten._unsafe_view.default,[],prefill,True
1114,post_feedforward_layernorm,,pow,"[[B, T, d_model]]",,,"[[B, T, d_model]]",[1113],8,post_feedforward_layernorm,,1,model.layers.8.post_feedforward_layernorm,aten.pow.Tensor_Scalar,[],prefill,False
1115,post_feedforward_layernorm,,mean,"[[B, T, d_model]]",,,"[[B, T, 1]]",[1114],8,post_feedforward_layernorm,,1,model.layers.8.post_feedforward_layernorm,aten.mean.dim,[],prefill,False
1116,post_feedforward_layernorm,,elementwise_add,"[[B, T, 1]]",,,"[[B, T, 1]]",[1115],8,post_feedforward_layernorm,,1,model.layers.8.post_feedforward_layernorm,aten.add.Tensor,[],prefill,False
1117,post_feedforward_layernorm,,rsqrt,"[[B, T, 1]]",,,"[[B, T, 1]]",[1116],8,post_feedforward_layernorm,,1,model.layers.8.post_feedforward_layernorm,aten.rsqrt.default,[],prefill,False
1118,post_feedforward_layernorm,,elementwise_mul,"[[B, T, d_model], [B, T, 1]]",,,"[[B, T, d_model]]","[1113, 1117]",8,post_feedforward_layernorm,,1,model.layers.8.post_feedforward_layernorm,aten.mul.Tensor,[],prefill,False
1119,post_feedforward_layernorm,,elementwise_add,[[d_model]],,,[[d_model]],[],8,post_feedforward_layernorm,,1,model.layers.8.post_feedforward_layernorm,aten.add.Tensor,[model.layers.8.post_feedforward_layernorm.weight],prefill,False
1120,post_feedforward_layernorm,,elementwise_mul,"[[B, T, d_model], [d_model]]",,,"[[B, T, d_model]]","[1118, 1119]",8,post_feedforward_layernorm,,1,model.layers.8.post_feedforward_layernorm,aten.mul.Tensor,[],prefill,False
1121,,,elementwise_add,"[[B, T, d_model], [B, T, d_model]]",,,"[[B, T, d_model]]","[1092, 1120]",8,,,0,model.layers.8,aten.add.Tensor,[],prefill,False
1122,input_layernorm,,pow,"[[B, T, d_model]]",,,"[[B, T, d_model]]",[1121],9,input_layernorm,,1,model.layers.9.input_layernorm,aten.pow.Tensor_Scalar,[],prefill,False
1123,input_layernorm,,mean,"[[B, T, d_model]]",,,"[[B, T, 1]]",[1122],9,input_layernorm,,1,model.layers.9.input_layernorm,aten.mean.dim,[],prefill,False
1124,input_layernorm,,elementwise_add,"[[B, T, 1]]",,,"[[B, T, 1]]",[1123],9,input_layernorm,,1,model.layers.9.input_layernorm,aten.add.Tensor,[],prefill,False
1125,input_layernorm,,rsqrt,"[[B, T, 1]]",,,"[[B, T, 1]]",[1124],9,input_layernorm,,1,model.layers.9.input_layernorm,aten.rsqrt.default,[],prefill,False
1126,input_layernorm,,elementwise_mul,"[[B, T, d_model], [B, T, 1]]",,,"[[B, T, d_model]]","[1121, 1125]",9,input_layernorm,,1,model.layers.9.input_layernorm,aten.mul.Tensor,[],prefill,False
1127,input_layernorm,,elementwise_add,[[d_model]],,,[[d_model]],[],9,input_layernorm,,1,model.layers.9.input_layernorm,aten.add.Tensor,[model.layers.9.input_layernorm.weight],prefill,False
1128,input_layernorm,,elementwise_mul,"[[B, T, d_model], [d_model]]",,,"[[B, T, d_model]]","[1126, 1127]",9,input_layernorm,,1,model.layers.9.input_layernorm,aten.mul.Tensor,[],prefill,False
1129,self_attn,q_proj,t,"[[n_h*d_head, d_model]]","[n_h*d_head, d_model]",0,"[[d_model, n_h*d_head]]",[],9,self_attn,q_proj,2,model.layers.9.self_attn.q_proj,aten.t.default,[model.layers.9.self_attn.q_proj.weight],prefill,True
1130,self_attn,q_proj,view,"[[B, T, d_model]]",,,"[[T, d_model]]",[1128],9,self_attn,q_proj,2,model.layers.9.self_attn.q_proj,aten.view.default,[],prefill,True
1131,self_attn,q_proj,matmul,"[[T, d_model], [d_model, n_h*d_head]]","[n_h*d_head, d_model]",1,"[[T, n_h*d_head]]","[1129, 1130]",9,self_attn,q_proj,2,model.layers.9.self_attn.q_proj,aten.mm.default,[model.layers.9.self_attn.q_proj.weight],prefill,False
1132,self_attn,q_proj,_unsafe_view,"[[T, n_h*d_head]]",,,"[[B, T, n_h*d_head]]",[1131],9,self_attn,q_proj,2,model.layers.9.self_attn.q_proj,aten._unsafe_view.default,[],prefill,True
1133,self_attn,,view,"[[B, T, n_h*d_head]]",,,"[[B, T, n_h, d_head]]",[1132],9,self_attn,,1,model.layers.9.self_attn,aten.view.default,[],prefill,True
1134,self_attn,,transpose,"[[B, T, n_h, d_head]]",,,"[[B, n_h, T, d_head]]",[1133],9,self_attn,,1,model.layers.9.self_attn,aten.transpose.int,[],prefill,True
1135,self_attn,k_proj,t,"[[n_kv*d_head, d_model]]","[n_kv*d_head, d_model]",0,"[[d_model, n_kv*d_head]]",[],9,self_attn,k_proj,2,model.layers.9.self_attn.k_proj,aten.t.default,[model.layers.9.self_attn.k_proj.weight],prefill,True
1136,self_attn,k_proj,view,"[[B, T, d_model]]",,,"[[T, d_model]]",[1128],9,self_attn,k_proj,2,model.layers.9.self_attn.k_proj,aten.view.default,[],prefill,True
1137,self_attn,k_proj,matmul,"[[T, d_model], [d_model, n_kv*d_head]]","[n_kv*d_head, d_model]",1,"[[T, n_kv*d_head]]","[1135, 1136]",9,self_attn,k_proj,2,model.layers.9.self_attn.k_proj,aten.mm.default,[model.layers.9.self_attn.k_proj.weight],prefill,False
1138,self_attn,k_proj,_unsafe_view,"[[T, n_kv*d_head]]",,,"[[B, T, n_kv*d_head]]",[1137],9,self_attn,k_proj,2,model.layers.9.self_attn.k_proj,aten._unsafe_view.default,[],prefill,True
1139,self_attn,,view,"[[B, T, n_kv*d_head]]",,,"[[B, T, n_kv, d_head]]",[1138],9,self_attn,,1,model.layers.9.self_attn,aten.view.default,[],prefill,True
1140,self_attn,,transpose,"[[B, T, n_kv, d_head]]",,,"[[B, n_kv, T, d_head]]",[1139],9,self_attn,,1,model.layers.9.self_attn,aten.transpose.int,[],prefill,True
1141,self_attn,v_proj,t,"[[n_kv*d_head, d_model]]","[n_kv*d_head, d_model]",0,"[[d_model, n_kv*d_head]]",[],9,self_attn,v_proj,2,model.layers.9.self_attn.v_proj,aten.t.default,[model.layers.9.self_attn.v_proj.weight],prefill,True
1142,self_attn,v_proj,view,"[[B, T, d_model]]",,,"[[T, d_model]]",[1128],9,self_attn,v_proj,2,model.layers.9.self_attn.v_proj,aten.view.default,[],prefill,True
1143,self_attn,v_proj,matmul,"[[T, d_model], [d_model, n_kv*d_head]]","[n_kv*d_head, d_model]",1,"[[T, n_kv*d_head]]","[1141, 1142]",9,self_attn,v_proj,2,model.layers.9.self_attn.v_proj,aten.mm.default,[model.layers.9.self_attn.v_proj.weight],prefill,False
1144,self_attn,v_proj,_unsafe_view,"[[T, n_kv*d_head]]",,,"[[B, T, n_kv*d_head]]",[1143],9,self_attn,v_proj,2,model.layers.9.self_attn.v_proj,aten._unsafe_view.default,[],prefill,True
1145,self_attn,,view,"[[B, T, n_kv*d_head]]",,,"[[B, T, n_kv, d_head]]",[1144],9,self_attn,,1,model.layers.9.self_attn,aten.view.default,[],prefill,True
1146,self_attn,,transpose,"[[B, T, n_kv, d_head]]",,,"[[B, n_kv, T, d_head]]",[1145],9,self_attn,,1,model.layers.9.self_attn,aten.transpose.int,[],prefill,True
1147,self_attn,,unsqueeze,"[[B, T, d_head]]",,,"[[B, 1, T, d_head]]",[78],9,self_attn,,1,model.layers.9.self_attn,aten.unsqueeze.default,[],prefill,True
1148,self_attn,,unsqueeze,"[[B, T, d_head]]",,,"[[B, 1, T, d_head]]",[80],9,self_attn,,1,model.layers.9.self_attn,aten.unsqueeze.default,[],prefill,True
1149,self_attn,,elementwise_mul,"[[B, n_h, T, d_head], [B, 1, T, d_head]]",,,"[[B, n_h, T, d_head]]","[1134, 1147]",9,self_attn,,1,model.layers.9.self_attn,aten.mul.Tensor,[],prefill,False
1150,self_attn,,slice,"[[B, n_h, T, d_head]]",,,"[[B, n_h, T, d_head/2]]",[1134],9,self_attn,,1,model.layers.9.self_attn,aten.slice.Tensor,[],prefill,True
1151,self_attn,,slice,"[[B, n_h, T, d_head]]",,,"[[B, n_h, T, d_head/2]]",[1134],9,self_attn,,1,model.layers.9.self_attn,aten.slice.Tensor,[],prefill,True
1152,self_attn,,neg,"[[B, n_h, T, d_head/2]]",,,"[[B, n_h, T, d_head/2]]",[1151],9,self_attn,,1,model.layers.9.self_attn,aten.neg.default,[],prefill,False
1153,self_attn,,concat,"[[B, n_h, T, d_head/2], [B, n_h, T, d_head/2]]",,,"[[B, n_h, T, d_head]]","[1150, 1152]",9,self_attn,,1,model.layers.9.self_attn,aten.cat.default,[],prefill,False
1154,self_attn,,elementwise_mul,"[[B, n_h, T, d_head], [B, 1, T, d_head]]",,,"[[B, n_h, T, d_head]]","[1148, 1153]",9,self_attn,,1,model.layers.9.self_attn,aten.mul.Tensor,[],prefill,False
1155,self_attn,,elementwise_add,"[[B, n_h, T, d_head], [B, n_h, T, d_head]]",,,"[[B, n_h, T, d_head]]","[1149, 1154]",9,self_attn,,1,model.layers.9.self_attn,aten.add.Tensor,[],prefill,False
1156,self_attn,,elementwise_mul,"[[B, n_kv, T, d_head], [B, 1, T, d_head]]",,,"[[B, n_kv, T, d_head]]","[1140, 1147]",9,self_attn,,1,model.layers.9.self_attn,aten.mul.Tensor,[],prefill,False
1157,self_attn,,slice,"[[B, n_kv, T, d_head]]",,,"[[B, n_kv, T, d_head/2]]",[1140],9,self_attn,,1,model.layers.9.self_attn,aten.slice.Tensor,[],prefill,True
1158,self_attn,,slice,"[[B, n_kv, T, d_head]]",,,"[[B, n_kv, T, d_head/2]]",[1140],9,self_attn,,1,model.layers.9.self_attn,aten.slice.Tensor,[],prefill,True
1159,self_attn,,neg,"[[B, n_kv, T, d_head/2]]",,,"[[B, n_kv, T, d_head/2]]",[1158],9,self_attn,,1,model.layers.9.self_attn,aten.neg.default,[],prefill,False
1160,self_attn,,concat,"[[B, n_kv, T, d_head/2], [B, n_kv, T, d_head/2]]",,,"[[B, n_kv, T, d_head]]","[1157, 1159]",9,self_attn,,1,model.layers.9.self_attn,aten.cat.default,[],prefill,False
1161,self_attn,,elementwise_mul,"[[B, n_kv, T, d_head], [B, 1, T, d_head]]",,,"[[B, n_kv, T, d_head]]","[1148, 1160]",9,self_attn,,1,model.layers.9.self_attn,aten.mul.Tensor,[],prefill,False
1162,self_attn,,elementwise_add,"[[B, n_kv, T, d_head], [B, n_kv, T, d_head]]",,,"[[B, n_kv, T, d_head]]","[1156, 1161]",9,self_attn,,1,model.layers.9.self_attn,aten.add.Tensor,[],prefill,False
1163,self_attn,,concat,"[[0], [B, n_kv, T, d_head]]",,,"[[B, n_kv, T, d_head]]",[1162],9,self_attn,,1,model.layers.9.self_attn,aten.cat.default,[],prefill,False
1164,self_attn,,concat,"[[0], [B, n_kv, T, d_head]]",,,"[[B, n_kv, T, d_head]]",[1146],9,self_attn,,1,model.layers.9.self_attn,aten.cat.default,[],prefill,False
1165,self_attn,,unsqueeze,"[[B, n_kv, T, d_head]]",,,"[[B, n_kv, 1, T, d_head]]",[1163],9,self_attn,,1,model.layers.9.self_attn,aten.unsqueeze.default,[],prefill,True
1166,self_attn,,expand,"[[B, n_kv, 1, T, d_head]]",,,"[[B, n_kv, n_h/n_kv, T, d_head]]",[1165],9,self_attn,,1,model.layers.9.self_attn,aten.expand.default,[],prefill,True
1167,self_attn,,clone,"[[B, n_kv, n_h/n_kv, T, d_head]]",,,"[[B, n_kv, n_h/n_kv, T, d_head]]",[1166],9,self_attn,,1,model.layers.9.self_attn,aten.clone.default,[],prefill,True
1168,self_attn,,_unsafe_view,"[[B, n_kv, n_h/n_kv, T, d_head]]",,,"[[B, n_h, T, d_head]]",[1167],9,self_attn,,1,model.layers.9.self_attn,aten._unsafe_view.default,[],prefill,True
1169,self_attn,,unsqueeze,"[[B, n_kv, T, d_head]]",,,"[[B, n_kv, 1, T, d_head]]",[1164],9,self_attn,,1,model.layers.9.self_attn,aten.unsqueeze.default,[],prefill,True
1170,self_attn,,expand,"[[B, n_kv, 1, T, d_head]]",,,"[[B, n_kv, n_h/n_kv, T, d_head]]",[1169],9,self_attn,,1,model.layers.9.self_attn,aten.expand.default,[],prefill,True
1171,self_attn,,clone,"[[B, n_kv, n_h/n_kv, T, d_head]]",,,"[[B, n_kv, n_h/n_kv, T, d_head]]",[1170],9,self_attn,,1,model.layers.9.self_attn,aten.clone.default,[],prefill,True
1172,self_attn,,_unsafe_view,"[[B, n_kv, n_h/n_kv, T, d_head]]",,,"[[B, n_h, T, d_head]]",[1171],9,self_attn,,1,model.layers.9.self_attn,aten._unsafe_view.default,[],prefill,True
1173,self_attn,,transpose,"[[B, n_h, T, d_head]]",,,"[[B, n_h, d_head, T]]",[1168],9,self_attn,,1,model.layers.9.self_attn,aten.transpose.int,[],prefill,True
1174,self_attn,,expand,"[[B, n_h, T, d_head]]",,,"[[B, n_h, T, d_head]]",[1155],9,self_attn,,1,model.layers.9.self_attn,aten.expand.default,[],prefill,True
1175,self_attn,,view,"[[B, n_h, T, d_head]]",,,"[[n_h, T, d_head]]",[1174],9,self_attn,,1,model.layers.9.self_attn,aten.view.default,[],prefill,True
1176,self_attn,,expand,"[[B, n_h, d_head, T]]",,,"[[B, n_h, d_head, T]]",[1173],9,self_attn,,1,model.layers.9.self_attn,aten.expand.default,[],prefill,True
1177,self_attn,,view,"[[B, n_h, d_head, T]]",,,"[[n_h, d_head, T]]",[1176],9,self_attn,,1,model.layers.9.self_attn,aten.view.default,[],prefill,True
1178,self_attn,,batched_matmul,"[[n_h, T, d_head], [n_h, d_head, T]]",,,"[[n_h, T, T]]","[1175, 1177]",9,self_attn,,1,model.layers.9.self_attn,aten.bmm.default,[],prefill,False
1179,self_attn,,_unsafe_view,"[[n_h, T, T]]",,,"[[B, n_h, T, T]]",[1178],9,self_attn,,1,model.layers.9.self_attn,aten._unsafe_view.default,[],prefill,True
1180,self_attn,,elementwise_mul,"[[B, n_h, T, T]]",,,"[[B, n_h, T, T]]",[1179],9,self_attn,,1,model.layers.9.self_attn,aten.mul.Tensor,[],prefill,False
1181,self_attn,,div,"[[B, n_h, T, T]]",,,"[[B, n_h, T, T]]",[1180],9,self_attn,,1,model.layers.9.self_attn,aten.div.Tensor,[],prefill,True
1182,self_attn,,tanh,"[[B, n_h, T, T]]",,,"[[B, n_h, T, T]]",[1181],9,self_attn,,1,model.layers.9.self_attn,aten.tanh.default,[],prefill,False
1183,self_attn,,elementwise_mul,"[[B, n_h, T, T]]",,,"[[B, n_h, T, T]]",[1182],9,self_attn,,1,model.layers.9.self_attn,aten.mul.Tensor,[],prefill,False
1184,self_attn,,elementwise_add,"[[B, n_h, T, T], [B, 1, T, T]]",,,"[[B, n_h, T, T]]","[36, 1183]",9,self_attn,,1,model.layers.9.self_attn,aten.add.Tensor,[],prefill,False
1185,self_attn,,softmax,"[[B, n_h, T, T]]",,,"[[B, n_h, T, T]]",[1184],9,self_attn,,1,model.layers.9.self_attn,aten._softmax.default,[],prefill,False
1186,self_attn,,expand,"[[B, n_h, T, T]]",,,"[[B, n_h, T, T]]",[1185],9,self_attn,,1,model.layers.9.self_attn,aten.expand.default,[],prefill,True
1187,self_attn,,view,"[[B, n_h, T, T]]",,,"[[n_h, T, T]]",[1186],9,self_attn,,1,model.layers.9.self_attn,aten.view.default,[],prefill,True
1188,self_attn,,expand,"[[B, n_h, T, d_head]]",,,"[[B, n_h, T, d_head]]",[1172],9,self_attn,,1,model.layers.9.self_attn,aten.expand.default,[],prefill,True
1189,self_attn,,view,"[[B, n_h, T, d_head]]",,,"[[n_h, T, d_head]]",[1188],9,self_attn,,1,model.layers.9.self_attn,aten.view.default,[],prefill,True
1190,self_attn,,batched_matmul,"[[n_h, T, T], [n_h, T, d_head]]",,,"[[n_h, T, d_head]]","[1187, 1189]",9,self_attn,,1,model.layers.9.self_attn,aten.bmm.default,[],prefill,False
1191,self_attn,,_unsafe_view,"[[n_h, T, d_head]]",,,"[[B, n_h, T, d_head]]",[1190],9,self_attn,,1,model.layers.9.self_attn,aten._unsafe_view.default,[],prefill,True
1192,self_attn,,transpose,"[[B, n_h, T, d_head]]",,,"[[B, T, n_h, d_head]]",[1191],9,self_attn,,1,model.layers.9.self_attn,aten.transpose.int,[],prefill,True
1193,self_attn,,clone,"[[B, T, n_h, d_head]]",,,"[[B, T, n_h, d_head]]",[1192],9,self_attn,,1,model.layers.9.self_attn,aten.clone.default,[],prefill,True
1194,self_attn,,view,"[[B, T, n_h, d_head]]",,,"[[B, T, n_h*d_head]]",[1193],9,self_attn,,1,model.layers.9.self_attn,aten.view.default,[],prefill,True
1195,self_attn,o_proj,t,"[[d_model, n_h*d_head]]","[d_model, n_h*d_head]",0,"[[n_h*d_head, d_model]]",[],9,self_attn,o_proj,2,model.layers.9.self_attn.o_proj,aten.t.default,[model.layers.9.self_attn.o_proj.weight],prefill,True
1196,self_attn,o_proj,view,"[[B, T, n_h*d_head]]",,,"[[T, n_h*d_head]]",[1194],9,self_attn,o_proj,2,model.layers.9.self_attn.o_proj,aten.view.default,[],prefill,True
1197,self_attn,o_proj,matmul,"[[T, n_h*d_head], [n_h*d_head, d_model]]","[d_model, n_h*d_head]",1,"[[T, d_model]]","[1195, 1196]",9,self_attn,o_proj,2,model.layers.9.self_attn.o_proj,aten.mm.default,[model.layers.9.self_attn.o_proj.weight],prefill,False
1198,self_attn,o_proj,_unsafe_view,"[[T, d_model]]",,,"[[B, T, d_model]]",[1197],9,self_attn,o_proj,2,model.layers.9.self_attn.o_proj,aten._unsafe_view.default,[],prefill,True
1199,post_attention_layernorm,,pow,"[[B, T, d_model]]",,,"[[B, T, d_model]]",[1198],9,post_attention_layernorm,,1,model.layers.9.post_attention_layernorm,aten.pow.Tensor_Scalar,[],prefill,False
1200,post_attention_layernorm,,mean,"[[B, T, d_model]]",,,"[[B, T, 1]]",[1199],9,post_attention_layernorm,,1,model.layers.9.post_attention_layernorm,aten.mean.dim,[],prefill,False
1201,post_attention_layernorm,,elementwise_add,"[[B, T, 1]]",,,"[[B, T, 1]]",[1200],9,post_attention_layernorm,,1,model.layers.9.post_attention_layernorm,aten.add.Tensor,[],prefill,False
1202,post_attention_layernorm,,rsqrt,"[[B, T, 1]]",,,"[[B, T, 1]]",[1201],9,post_attention_layernorm,,1,model.layers.9.post_attention_layernorm,aten.rsqrt.default,[],prefill,False
1203,post_attention_layernorm,,elementwise_mul,"[[B, T, d_model], [B, T, 1]]",,,"[[B, T, d_model]]","[1198, 1202]",9,post_attention_layernorm,,1,model.layers.9.post_attention_layernorm,aten.mul.Tensor,[],prefill,False
1204,post_attention_layernorm,,elementwise_add,[[d_model]],,,[[d_model]],[],9,post_attention_layernorm,,1,model.layers.9.post_attention_layernorm,aten.add.Tensor,[model.layers.9.post_attention_layernorm.weight],prefill,False
1205,post_attention_layernorm,,elementwise_mul,"[[B, T, d_model], [d_model]]",,,"[[B, T, d_model]]","[1203, 1204]",9,post_attention_layernorm,,1,model.layers.9.post_attention_layernorm,aten.mul.Tensor,[],prefill,False
1206,,,elementwise_add,"[[B, T, d_model], [B, T, d_model]]",,,"[[B, T, d_model]]","[1121, 1205]",9,,,0,model.layers.9,aten.add.Tensor,[],prefill,False
1207,pre_feedforward_layernorm,,pow,"[[B, T, d_model]]",,,"[[B, T, d_model]]",[1206],9,pre_feedforward_layernorm,,1,model.layers.9.pre_feedforward_layernorm,aten.pow.Tensor_Scalar,[],prefill,False
1208,pre_feedforward_layernorm,,mean,"[[B, T, d_model]]",,,"[[B, T, 1]]",[1207],9,pre_feedforward_layernorm,,1,model.layers.9.pre_feedforward_layernorm,aten.mean.dim,[],prefill,False
1209,pre_feedforward_layernorm,,elementwise_add,"[[B, T, 1]]",,,"[[B, T, 1]]",[1208],9,pre_feedforward_layernorm,,1,model.layers.9.pre_feedforward_layernorm,aten.add.Tensor,[],prefill,False
1210,pre_feedforward_layernorm,,rsqrt,"[[B, T, 1]]",,,"[[B, T, 1]]",[1209],9,pre_feedforward_layernorm,,1,model.layers.9.pre_feedforward_layernorm,aten.rsqrt.default,[],prefill,False
1211,pre_feedforward_layernorm,,elementwise_mul,"[[B, T, d_model], [B, T, 1]]",,,"[[B, T, d_model]]","[1206, 1210]",9,pre_feedforward_layernorm,,1,model.layers.9.pre_feedforward_layernorm,aten.mul.Tensor,[],prefill,False
1212,pre_feedforward_layernorm,,elementwise_add,[[d_model]],,,[[d_model]],[],9,pre_feedforward_layernorm,,1,model.layers.9.pre_feedforward_layernorm,aten.add.Tensor,[model.layers.9.pre_feedforward_layernorm.weight],prefill,False
1213,pre_feedforward_layernorm,,elementwise_mul,"[[B, T, d_model], [d_model]]",,,"[[B, T, d_model]]","[1211, 1212]",9,pre_feedforward_layernorm,,1,model.layers.9.pre_feedforward_layernorm,aten.mul.Tensor,[],prefill,False
1214,mlp,gate_proj,t,"[[d_ff, d_model]]","[d_ff, d_model]",0,"[[d_model, d_ff]]",[],9,mlp,gate_proj,2,model.layers.9.mlp.gate_proj,aten.t.default,[model.layers.9.mlp.gate_proj.weight],prefill,True
1215,mlp,gate_proj,view,"[[B, T, d_model]]",,,"[[T, d_model]]",[1213],9,mlp,gate_proj,2,model.layers.9.mlp.gate_proj,aten.view.default,[],prefill,True
1216,mlp,gate_proj,matmul,"[[T, d_model], [d_model, d_ff]]","[d_ff, d_model]",1,"[[T, d_ff]]","[1214, 1215]",9,mlp,gate_proj,2,model.layers.9.mlp.gate_proj,aten.mm.default,[model.layers.9.mlp.gate_proj.weight],prefill,False
1217,mlp,gate_proj,_unsafe_view,"[[T, d_ff]]",,,"[[B, T, d_ff]]",[1216],9,mlp,gate_proj,2,model.layers.9.mlp.gate_proj,aten._unsafe_view.default,[],prefill,True
1218,mlp,act_fn,gelu,"[[B, T, d_ff]]",,,"[[B, T, d_ff]]",[1217],9,mlp,act_fn,2,model.layers.9.mlp.act_fn,aten.gelu.default,[],prefill,False
1219,mlp,up_proj,t,"[[d_ff, d_model]]","[d_ff, d_model]",0,"[[d_model, d_ff]]",[],9,mlp,up_proj,2,model.layers.9.mlp.up_proj,aten.t.default,[model.layers.9.mlp.up_proj.weight],prefill,True
1220,mlp,up_proj,view,"[[B, T, d_model]]",,,"[[T, d_model]]",[1213],9,mlp,up_proj,2,model.layers.9.mlp.up_proj,aten.view.default,[],prefill,True
1221,mlp,up_proj,matmul,"[[T, d_model], [d_model, d_ff]]","[d_ff, d_model]",1,"[[T, d_ff]]","[1219, 1220]",9,mlp,up_proj,2,model.layers.9.mlp.up_proj,aten.mm.default,[model.layers.9.mlp.up_proj.weight],prefill,False
1222,mlp,up_proj,_unsafe_view,"[[T, d_ff]]",,,"[[B, T, d_ff]]",[1221],9,mlp,up_proj,2,model.layers.9.mlp.up_proj,aten._unsafe_view.default,[],prefill,True
1223,mlp,,elementwise_mul,"[[B, T, d_ff], [B, T, d_ff]]",,,"[[B, T, d_ff]]","[1218, 1222]",9,mlp,,1,model.layers.9.mlp,aten.mul.Tensor,[],prefill,False
1224,mlp,down_proj,t,"[[d_model, d_ff]]","[d_model, d_ff]",0,"[[d_ff, d_model]]",[],9,mlp,down_proj,2,model.layers.9.mlp.down_proj,aten.t.default,[model.layers.9.mlp.down_proj.weight],prefill,True
1225,mlp,down_proj,view,"[[B, T, d_ff]]",,,"[[T, d_ff]]",[1223],9,mlp,down_proj,2,model.layers.9.mlp.down_proj,aten.view.default,[],prefill,True
1226,mlp,down_proj,matmul,"[[T, d_ff], [d_ff, d_model]]","[d_model, d_ff]",1,"[[T, d_model]]","[1224, 1225]",9,mlp,down_proj,2,model.layers.9.mlp.down_proj,aten.mm.default,[model.layers.9.mlp.down_proj.weight],prefill,False
1227,mlp,down_proj,_unsafe_view,"[[T, d_model]]",,,"[[B, T, d_model]]",[1226],9,mlp,down_proj,2,model.layers.9.mlp.down_proj,aten._unsafe_view.default,[],prefill,True
1228,post_feedforward_layernorm,,pow,"[[B, T, d_model]]",,,"[[B, T, d_model]]",[1227],9,post_feedforward_layernorm,,1,model.layers.9.post_feedforward_layernorm,aten.pow.Tensor_Scalar,[],prefill,False
1229,post_feedforward_layernorm,,mean,"[[B, T, d_model]]",,,"[[B, T, 1]]",[1228],9,post_feedforward_layernorm,,1,model.layers.9.post_feedforward_layernorm,aten.mean.dim,[],prefill,False
1230,post_feedforward_layernorm,,elementwise_add,"[[B, T, 1]]",,,"[[B, T, 1]]",[1229],9,post_feedforward_layernorm,,1,model.layers.9.post_feedforward_layernorm,aten.add.Tensor,[],prefill,False
1231,post_feedforward_layernorm,,rsqrt,"[[B, T, 1]]",,,"[[B, T, 1]]",[1230],9,post_feedforward_layernorm,,1,model.layers.9.post_feedforward_layernorm,aten.rsqrt.default,[],prefill,False
1232,post_feedforward_layernorm,,elementwise_mul,"[[B, T, d_model], [B, T, 1]]",,,"[[B, T, d_model]]","[1227, 1231]",9,post_feedforward_layernorm,,1,model.layers.9.post_feedforward_layernorm,aten.mul.Tensor,[],prefill,False
1233,post_feedforward_layernorm,,elementwise_add,[[d_model]],,,[[d_model]],[],9,post_feedforward_layernorm,,1,model.layers.9.post_feedforward_layernorm,aten.add.Tensor,[model.layers.9.post_feedforward_layernorm.weight],prefill,False
1234,post_feedforward_layernorm,,elementwise_mul,"[[B, T, d_model], [d_model]]",,,"[[B, T, d_model]]","[1232, 1233]",9,post_feedforward_layernorm,,1,model.layers.9.post_feedforward_layernorm,aten.mul.Tensor,[],prefill,False
1235,,,elementwise_add,"[[B, T, d_model], [B, T, d_model]]",,,"[[B, T, d_model]]","[1206, 1234]",9,,,0,model.layers.9,aten.add.Tensor,[],prefill,False
1236,input_layernorm,,pow,"[[B, T, d_model]]",,,"[[B, T, d_model]]",[1235],10,input_layernorm,,1,model.layers.10.input_layernorm,aten.pow.Tensor_Scalar,[],prefill,False
1237,input_layernorm,,mean,"[[B, T, d_model]]",,,"[[B, T, 1]]",[1236],10,input_layernorm,,1,model.layers.10.input_layernorm,aten.mean.dim,[],prefill,False
1238,input_layernorm,,elementwise_add,"[[B, T, 1]]",,,"[[B, T, 1]]",[1237],10,input_layernorm,,1,model.layers.10.input_layernorm,aten.add.Tensor,[],prefill,False
1239,input_layernorm,,rsqrt,"[[B, T, 1]]",,,"[[B, T, 1]]",[1238],10,input_layernorm,,1,model.layers.10.input_layernorm,aten.rsqrt.default,[],prefill,False
1240,input_layernorm,,elementwise_mul,"[[B, T, d_model], [B, T, 1]]",,,"[[B, T, d_model]]","[1235, 1239]",10,input_layernorm,,1,model.layers.10.input_layernorm,aten.mul.Tensor,[],prefill,False
1241,input_layernorm,,elementwise_add,[[d_model]],,,[[d_model]],[],10,input_layernorm,,1,model.layers.10.input_layernorm,aten.add.Tensor,[model.layers.10.input_layernorm.weight],prefill,False
1242,input_layernorm,,elementwise_mul,"[[B, T, d_model], [d_model]]",,,"[[B, T, d_model]]","[1240, 1241]",10,input_layernorm,,1,model.layers.10.input_layernorm,aten.mul.Tensor,[],prefill,False
1243,self_attn,q_proj,t,"[[n_h*d_head, d_model]]","[n_h*d_head, d_model]",0,"[[d_model, n_h*d_head]]",[],10,self_attn,q_proj,2,model.layers.10.self_attn.q_proj,aten.t.default,[model.layers.10.self_attn.q_proj.weight],prefill,True
1244,self_attn,q_proj,view,"[[B, T, d_model]]",,,"[[T, d_model]]",[1242],10,self_attn,q_proj,2,model.layers.10.self_attn.q_proj,aten.view.default,[],prefill,True
1245,self_attn,q_proj,matmul,"[[T, d_model], [d_model, n_h*d_head]]","[n_h*d_head, d_model]",1,"[[T, n_h*d_head]]","[1243, 1244]",10,self_attn,q_proj,2,model.layers.10.self_attn.q_proj,aten.mm.default,[model.layers.10.self_attn.q_proj.weight],prefill,False
1246,self_attn,q_proj,_unsafe_view,"[[T, n_h*d_head]]",,,"[[B, T, n_h*d_head]]",[1245],10,self_attn,q_proj,2,model.layers.10.self_attn.q_proj,aten._unsafe_view.default,[],prefill,True
1247,self_attn,,view,"[[B, T, n_h*d_head]]",,,"[[B, T, n_h, d_head]]",[1246],10,self_attn,,1,model.layers.10.self_attn,aten.view.default,[],prefill,True
1248,self_attn,,transpose,"[[B, T, n_h, d_head]]",,,"[[B, n_h, T, d_head]]",[1247],10,self_attn,,1,model.layers.10.self_attn,aten.transpose.int,[],prefill,True
1249,self_attn,k_proj,t,"[[n_kv*d_head, d_model]]","[n_kv*d_head, d_model]",0,"[[d_model, n_kv*d_head]]",[],10,self_attn,k_proj,2,model.layers.10.self_attn.k_proj,aten.t.default,[model.layers.10.self_attn.k_proj.weight],prefill,True
1250,self_attn,k_proj,view,"[[B, T, d_model]]",,,"[[T, d_model]]",[1242],10,self_attn,k_proj,2,model.layers.10.self_attn.k_proj,aten.view.default,[],prefill,True
1251,self_attn,k_proj,matmul,"[[T, d_model], [d_model, n_kv*d_head]]","[n_kv*d_head, d_model]",1,"[[T, n_kv*d_head]]","[1249, 1250]",10,self_attn,k_proj,2,model.layers.10.self_attn.k_proj,aten.mm.default,[model.layers.10.self_attn.k_proj.weight],prefill,False
1252,self_attn,k_proj,_unsafe_view,"[[T, n_kv*d_head]]",,,"[[B, T, n_kv*d_head]]",[1251],10,self_attn,k_proj,2,model.layers.10.self_attn.k_proj,aten._unsafe_view.default,[],prefill,True
1253,self_attn,,view,"[[B, T, n_kv*d_head]]",,,"[[B, T, n_kv, d_head]]",[1252],10,self_attn,,1,model.layers.10.self_attn,aten.view.default,[],prefill,True
1254,self_attn,,transpose,"[[B, T, n_kv, d_head]]",,,"[[B, n_kv, T, d_head]]",[1253],10,self_attn,,1,model.layers.10.self_attn,aten.transpose.int,[],prefill,True
1255,self_attn,v_proj,t,"[[n_kv*d_head, d_model]]","[n_kv*d_head, d_model]",0,"[[d_model, n_kv*d_head]]",[],10,self_attn,v_proj,2,model.layers.10.self_attn.v_proj,aten.t.default,[model.layers.10.self_attn.v_proj.weight],prefill,True
1256,self_attn,v_proj,view,"[[B, T, d_model]]",,,"[[T, d_model]]",[1242],10,self_attn,v_proj,2,model.layers.10.self_attn.v_proj,aten.view.default,[],prefill,True
1257,self_attn,v_proj,matmul,"[[T, d_model], [d_model, n_kv*d_head]]","[n_kv*d_head, d_model]",1,"[[T, n_kv*d_head]]","[1255, 1256]",10,self_attn,v_proj,2,model.layers.10.self_attn.v_proj,aten.mm.default,[model.layers.10.self_attn.v_proj.weight],prefill,False
1258,self_attn,v_proj,_unsafe_view,"[[T, n_kv*d_head]]",,,"[[B, T, n_kv*d_head]]",[1257],10,self_attn,v_proj,2,model.layers.10.self_attn.v_proj,aten._unsafe_view.default,[],prefill,True
1259,self_attn,,view,"[[B, T, n_kv*d_head]]",,,"[[B, T, n_kv, d_head]]",[1258],10,self_attn,,1,model.layers.10.self_attn,aten.view.default,[],prefill,True
1260,self_attn,,transpose,"[[B, T, n_kv, d_head]]",,,"[[B, n_kv, T, d_head]]",[1259],10,self_attn,,1,model.layers.10.self_attn,aten.transpose.int,[],prefill,True
1261,self_attn,,unsqueeze,"[[B, T, d_head]]",,,"[[B, 1, T, d_head]]",[78],10,self_attn,,1,model.layers.10.self_attn,aten.unsqueeze.default,[],prefill,True
1262,self_attn,,unsqueeze,"[[B, T, d_head]]",,,"[[B, 1, T, d_head]]",[80],10,self_attn,,1,model.layers.10.self_attn,aten.unsqueeze.default,[],prefill,True
1263,self_attn,,elementwise_mul,"[[B, n_h, T, d_head], [B, 1, T, d_head]]",,,"[[B, n_h, T, d_head]]","[1248, 1261]",10,self_attn,,1,model.layers.10.self_attn,aten.mul.Tensor,[],prefill,False
1264,self_attn,,slice,"[[B, n_h, T, d_head]]",,,"[[B, n_h, T, d_head/2]]",[1248],10,self_attn,,1,model.layers.10.self_attn,aten.slice.Tensor,[],prefill,True
1265,self_attn,,slice,"[[B, n_h, T, d_head]]",,,"[[B, n_h, T, d_head/2]]",[1248],10,self_attn,,1,model.layers.10.self_attn,aten.slice.Tensor,[],prefill,True
1266,self_attn,,neg,"[[B, n_h, T, d_head/2]]",,,"[[B, n_h, T, d_head/2]]",[1265],10,self_attn,,1,model.layers.10.self_attn,aten.neg.default,[],prefill,False
1267,self_attn,,concat,"[[B, n_h, T, d_head/2], [B, n_h, T, d_head/2]]",,,"[[B, n_h, T, d_head]]","[1264, 1266]",10,self_attn,,1,model.layers.10.self_attn,aten.cat.default,[],prefill,False
1268,self_attn,,elementwise_mul,"[[B, n_h, T, d_head], [B, 1, T, d_head]]",,,"[[B, n_h, T, d_head]]","[1262, 1267]",10,self_attn,,1,model.layers.10.self_attn,aten.mul.Tensor,[],prefill,False
1269,self_attn,,elementwise_add,"[[B, n_h, T, d_head], [B, n_h, T, d_head]]",,,"[[B, n_h, T, d_head]]","[1263, 1268]",10,self_attn,,1,model.layers.10.self_attn,aten.add.Tensor,[],prefill,False
1270,self_attn,,elementwise_mul,"[[B, n_kv, T, d_head], [B, 1, T, d_head]]",,,"[[B, n_kv, T, d_head]]","[1254, 1261]",10,self_attn,,1,model.layers.10.self_attn,aten.mul.Tensor,[],prefill,False
1271,self_attn,,slice,"[[B, n_kv, T, d_head]]",,,"[[B, n_kv, T, d_head/2]]",[1254],10,self_attn,,1,model.layers.10.self_attn,aten.slice.Tensor,[],prefill,True
1272,self_attn,,slice,"[[B, n_kv, T, d_head]]",,,"[[B, n_kv, T, d_head/2]]",[1254],10,self_attn,,1,model.layers.10.self_attn,aten.slice.Tensor,[],prefill,True
1273,self_attn,,neg,"[[B, n_kv, T, d_head/2]]",,,"[[B, n_kv, T, d_head/2]]",[1272],10,self_attn,,1,model.layers.10.self_attn,aten.neg.default,[],prefill,False
1274,self_attn,,concat,"[[B, n_kv, T, d_head/2], [B, n_kv, T, d_head/2]]",,,"[[B, n_kv, T, d_head]]","[1271, 1273]",10,self_attn,,1,model.layers.10.self_attn,aten.cat.default,[],prefill,False
1275,self_attn,,elementwise_mul,"[[B, n_kv, T, d_head], [B, 1, T, d_head]]",,,"[[B, n_kv, T, d_head]]","[1262, 1274]",10,self_attn,,1,model.layers.10.self_attn,aten.mul.Tensor,[],prefill,False
1276,self_attn,,elementwise_add,"[[B, n_kv, T, d_head], [B, n_kv, T, d_head]]",,,"[[B, n_kv, T, d_head]]","[1270, 1275]",10,self_attn,,1,model.layers.10.self_attn,aten.add.Tensor,[],prefill,False
1277,self_attn,,_to_copy,[[]],,,[[]],[7],10,self_attn,,1,model.layers.10.self_attn,aten._to_copy.default,[],prefill,True
1278,self_attn,,concat,"[[0], [B, n_kv, T, d_head]]",,,"[[B, n_kv, T, d_head]]",[1276],10,self_attn,,1,model.layers.10.self_attn,aten.cat.default,[],prefill,False
1279,self_attn,,concat,"[[0], [B, n_kv, T, d_head]]",,,"[[B, n_kv, T, d_head]]",[1260],10,self_attn,,1,model.layers.10.self_attn,aten.cat.default,[],prefill,False
1280,self_attn,,slice,"[[B, n_kv, T, d_head]]",,,"[[B, n_kv, T, d_head]]",[1278],10,self_attn,,1,model.layers.10.self_attn,aten.slice.Tensor,[],prefill,True
1281,self_attn,,slice,"[[B, n_kv, T, d_head]]",,,"[[B, n_kv, T, d_head]]",[1279],10,self_attn,,1,model.layers.10.self_attn,aten.slice.Tensor,[],prefill,True
1282,self_attn,,unsqueeze,"[[B, n_kv, T, d_head]]",,,"[[B, n_kv, 1, T, d_head]]",[1278],10,self_attn,,1,model.layers.10.self_attn,aten.unsqueeze.default,[],prefill,True
1283,self_attn,,expand,"[[B, n_kv, 1, T, d_head]]",,,"[[B, n_kv, n_h/n_kv, T, d_head]]",[1282],10,self_attn,,1,model.layers.10.self_attn,aten.expand.default,[],prefill,True
1284,self_attn,,clone,"[[B, n_kv, n_h/n_kv, T, d_head]]",,,"[[B, n_kv, n_h/n_kv, T, d_head]]",[1283],10,self_attn,,1,model.layers.10.self_attn,aten.clone.default,[],prefill,True
1285,self_attn,,_unsafe_view,"[[B, n_kv, n_h/n_kv, T, d_head]]",,,"[[B, n_h, T, d_head]]",[1284],10,self_attn,,1,model.layers.10.self_attn,aten._unsafe_view.default,[],prefill,True
1286,self_attn,,unsqueeze,"[[B, n_kv, T, d_head]]",,,"[[B, n_kv, 1, T, d_head]]",[1279],10,self_attn,,1,model.layers.10.self_attn,aten.unsqueeze.default,[],prefill,True
1287,self_attn,,expand,"[[B, n_kv, 1, T, d_head]]",,,"[[B, n_kv, n_h/n_kv, T, d_head]]",[1286],10,self_attn,,1,model.layers.10.self_attn,aten.expand.default,[],prefill,True
1288,self_attn,,clone,"[[B, n_kv, n_h/n_kv, T, d_head]]",,,"[[B, n_kv, n_h/n_kv, T, d_head]]",[1287],10,self_attn,,1,model.layers.10.self_attn,aten.clone.default,[],prefill,True
1289,self_attn,,_unsafe_view,"[[B, n_kv, n_h/n_kv, T, d_head]]",,,"[[B, n_h, T, d_head]]",[1288],10,self_attn,,1,model.layers.10.self_attn,aten._unsafe_view.default,[],prefill,True
1290,self_attn,,transpose,"[[B, n_h, T, d_head]]",,,"[[B, n_h, d_head, T]]",[1285],10,self_attn,,1,model.layers.10.self_attn,aten.transpose.int,[],prefill,True
1291,self_attn,,expand,"[[B, n_h, T, d_head]]",,,"[[B, n_h, T, d_head]]",[1269],10,self_attn,,1,model.layers.10.self_attn,aten.expand.default,[],prefill,True
1292,self_attn,,view,"[[B, n_h, T, d_head]]",,,"[[n_h, T, d_head]]",[1291],10,self_attn,,1,model.layers.10.self_attn,aten.view.default,[],prefill,True
1293,self_attn,,expand,"[[B, n_h, d_head, T]]",,,"[[B, n_h, d_head, T]]",[1290],10,self_attn,,1,model.layers.10.self_attn,aten.expand.default,[],prefill,True
1294,self_attn,,view,"[[B, n_h, d_head, T]]",,,"[[n_h, d_head, T]]",[1293],10,self_attn,,1,model.layers.10.self_attn,aten.view.default,[],prefill,True
1295,self_attn,,batched_matmul,"[[n_h, T, d_head], [n_h, d_head, T]]",,,"[[n_h, T, T]]","[1292, 1294]",10,self_attn,,1,model.layers.10.self_attn,aten.bmm.default,[],prefill,False
1296,self_attn,,_unsafe_view,"[[n_h, T, T]]",,,"[[B, n_h, T, T]]",[1295],10,self_attn,,1,model.layers.10.self_attn,aten._unsafe_view.default,[],prefill,True
1297,self_attn,,elementwise_mul,"[[B, n_h, T, T]]",,,"[[B, n_h, T, T]]",[1296],10,self_attn,,1,model.layers.10.self_attn,aten.mul.Tensor,[],prefill,False
1298,self_attn,,div,"[[B, n_h, T, T]]",,,"[[B, n_h, T, T]]",[1297],10,self_attn,,1,model.layers.10.self_attn,aten.div.Tensor,[],prefill,True
1299,self_attn,,tanh,"[[B, n_h, T, T]]",,,"[[B, n_h, T, T]]",[1298],10,self_attn,,1,model.layers.10.self_attn,aten.tanh.default,[],prefill,False
1300,self_attn,,elementwise_mul,"[[B, n_h, T, T]]",,,"[[B, n_h, T, T]]",[1299],10,self_attn,,1,model.layers.10.self_attn,aten.mul.Tensor,[],prefill,False
1301,self_attn,,elementwise_add,"[[B, n_h, T, T], [B, 1, T, T]]",,,"[[B, n_h, T, T]]","[63, 1300]",10,self_attn,,1,model.layers.10.self_attn,aten.add.Tensor,[],prefill,False
1302,self_attn,,softmax,"[[B, n_h, T, T]]",,,"[[B, n_h, T, T]]",[1301],10,self_attn,,1,model.layers.10.self_attn,aten._softmax.default,[],prefill,False
1303,self_attn,,expand,"[[B, n_h, T, T]]",,,"[[B, n_h, T, T]]",[1302],10,self_attn,,1,model.layers.10.self_attn,aten.expand.default,[],prefill,True
1304,self_attn,,view,"[[B, n_h, T, T]]",,,"[[n_h, T, T]]",[1303],10,self_attn,,1,model.layers.10.self_attn,aten.view.default,[],prefill,True
1305,self_attn,,expand,"[[B, n_h, T, d_head]]",,,"[[B, n_h, T, d_head]]",[1289],10,self_attn,,1,model.layers.10.self_attn,aten.expand.default,[],prefill,True
1306,self_attn,,view,"[[B, n_h, T, d_head]]",,,"[[n_h, T, d_head]]",[1305],10,self_attn,,1,model.layers.10.self_attn,aten.view.default,[],prefill,True
1307,self_attn,,batched_matmul,"[[n_h, T, T], [n_h, T, d_head]]",,,"[[n_h, T, d_head]]","[1304, 1306]",10,self_attn,,1,model.layers.10.self_attn,aten.bmm.default,[],prefill,False
1308,self_attn,,_unsafe_view,"[[n_h, T, d_head]]",,,"[[B, n_h, T, d_head]]",[1307],10,self_attn,,1,model.layers.10.self_attn,aten._unsafe_view.default,[],prefill,True
1309,self_attn,,transpose,"[[B, n_h, T, d_head]]",,,"[[B, T, n_h, d_head]]",[1308],10,self_attn,,1,model.layers.10.self_attn,aten.transpose.int,[],prefill,True
1310,self_attn,,clone,"[[B, T, n_h, d_head]]",,,"[[B, T, n_h, d_head]]",[1309],10,self_attn,,1,model.layers.10.self_attn,aten.clone.default,[],prefill,True
1311,self_attn,,view,"[[B, T, n_h, d_head]]",,,"[[B, T, n_h*d_head]]",[1310],10,self_attn,,1,model.layers.10.self_attn,aten.view.default,[],prefill,True
1312,self_attn,o_proj,t,"[[d_model, n_h*d_head]]","[d_model, n_h*d_head]",0,"[[n_h*d_head, d_model]]",[],10,self_attn,o_proj,2,model.layers.10.self_attn.o_proj,aten.t.default,[model.layers.10.self_attn.o_proj.weight],prefill,True
1313,self_attn,o_proj,view,"[[B, T, n_h*d_head]]",,,"[[T, n_h*d_head]]",[1311],10,self_attn,o_proj,2,model.layers.10.self_attn.o_proj,aten.view.default,[],prefill,True
1314,self_attn,o_proj,matmul,"[[T, n_h*d_head], [n_h*d_head, d_model]]","[d_model, n_h*d_head]",1,"[[T, d_model]]","[1312, 1313]",10,self_attn,o_proj,2,model.layers.10.self_attn.o_proj,aten.mm.default,[model.layers.10.self_attn.o_proj.weight],prefill,False
1315,self_attn,o_proj,_unsafe_view,"[[T, d_model]]",,,"[[B, T, d_model]]",[1314],10,self_attn,o_proj,2,model.layers.10.self_attn.o_proj,aten._unsafe_view.default,[],prefill,True
1316,post_attention_layernorm,,pow,"[[B, T, d_model]]",,,"[[B, T, d_model]]",[1315],10,post_attention_layernorm,,1,model.layers.10.post_attention_layernorm,aten.pow.Tensor_Scalar,[],prefill,False
1317,post_attention_layernorm,,mean,"[[B, T, d_model]]",,,"[[B, T, 1]]",[1316],10,post_attention_layernorm,,1,model.layers.10.post_attention_layernorm,aten.mean.dim,[],prefill,False
1318,post_attention_layernorm,,elementwise_add,"[[B, T, 1]]",,,"[[B, T, 1]]",[1317],10,post_attention_layernorm,,1,model.layers.10.post_attention_layernorm,aten.add.Tensor,[],prefill,False
1319,post_attention_layernorm,,rsqrt,"[[B, T, 1]]",,,"[[B, T, 1]]",[1318],10,post_attention_layernorm,,1,model.layers.10.post_attention_layernorm,aten.rsqrt.default,[],prefill,False
1320,post_attention_layernorm,,elementwise_mul,"[[B, T, d_model], [B, T, 1]]",,,"[[B, T, d_model]]","[1315, 1319]",10,post_attention_layernorm,,1,model.layers.10.post_attention_layernorm,aten.mul.Tensor,[],prefill,False
1321,post_attention_layernorm,,elementwise_add,[[d_model]],,,[[d_model]],[],10,post_attention_layernorm,,1,model.layers.10.post_attention_layernorm,aten.add.Tensor,[model.layers.10.post_attention_layernorm.weight],prefill,False
1322,post_attention_layernorm,,elementwise_mul,"[[B, T, d_model], [d_model]]",,,"[[B, T, d_model]]","[1320, 1321]",10,post_attention_layernorm,,1,model.layers.10.post_attention_layernorm,aten.mul.Tensor,[],prefill,False
1323,,,elementwise_add,"[[B, T, d_model], [B, T, d_model]]",,,"[[B, T, d_model]]","[1235, 1322]",10,,,0,model.layers.10,aten.add.Tensor,[],prefill,False
1324,pre_feedforward_layernorm,,pow,"[[B, T, d_model]]",,,"[[B, T, d_model]]",[1323],10,pre_feedforward_layernorm,,1,model.layers.10.pre_feedforward_layernorm,aten.pow.Tensor_Scalar,[],prefill,False
1325,pre_feedforward_layernorm,,mean,"[[B, T, d_model]]",,,"[[B, T, 1]]",[1324],10,pre_feedforward_layernorm,,1,model.layers.10.pre_feedforward_layernorm,aten.mean.dim,[],prefill,False
1326,pre_feedforward_layernorm,,elementwise_add,"[[B, T, 1]]",,,"[[B, T, 1]]",[1325],10,pre_feedforward_layernorm,,1,model.layers.10.pre_feedforward_layernorm,aten.add.Tensor,[],prefill,False
1327,pre_feedforward_layernorm,,rsqrt,"[[B, T, 1]]",,,"[[B, T, 1]]",[1326],10,pre_feedforward_layernorm,,1,model.layers.10.pre_feedforward_layernorm,aten.rsqrt.default,[],prefill,False
1328,pre_feedforward_layernorm,,elementwise_mul,"[[B, T, d_model], [B, T, 1]]",,,"[[B, T, d_model]]","[1323, 1327]",10,pre_feedforward_layernorm,,1,model.layers.10.pre_feedforward_layernorm,aten.mul.Tensor,[],prefill,False
1329,pre_feedforward_layernorm,,elementwise_add,[[d_model]],,,[[d_model]],[],10,pre_feedforward_layernorm,,1,model.layers.10.pre_feedforward_layernorm,aten.add.Tensor,[model.layers.10.pre_feedforward_layernorm.weight],prefill,False
1330,pre_feedforward_layernorm,,elementwise_mul,"[[B, T, d_model], [d_model]]",,,"[[B, T, d_model]]","[1328, 1329]",10,pre_feedforward_layernorm,,1,model.layers.10.pre_feedforward_layernorm,aten.mul.Tensor,[],prefill,False
1331,mlp,gate_proj,t,"[[d_ff, d_model]]","[d_ff, d_model]",0,"[[d_model, d_ff]]",[],10,mlp,gate_proj,2,model.layers.10.mlp.gate_proj,aten.t.default,[model.layers.10.mlp.gate_proj.weight],prefill,True
1332,mlp,gate_proj,view,"[[B, T, d_model]]",,,"[[T, d_model]]",[1330],10,mlp,gate_proj,2,model.layers.10.mlp.gate_proj,aten.view.default,[],prefill,True
1333,mlp,gate_proj,matmul,"[[T, d_model], [d_model, d_ff]]","[d_ff, d_model]",1,"[[T, d_ff]]","[1331, 1332]",10,mlp,gate_proj,2,model.layers.10.mlp.gate_proj,aten.mm.default,[model.layers.10.mlp.gate_proj.weight],prefill,False
1334,mlp,gate_proj,_unsafe_view,"[[T, d_ff]]",,,"[[B, T, d_ff]]",[1333],10,mlp,gate_proj,2,model.layers.10.mlp.gate_proj,aten._unsafe_view.default,[],prefill,True
1335,mlp,act_fn,gelu,"[[B, T, d_ff]]",,,"[[B, T, d_ff]]",[1334],10,mlp,act_fn,2,model.layers.10.mlp.act_fn,aten.gelu.default,[],prefill,False
1336,mlp,up_proj,t,"[[d_ff, d_model]]","[d_ff, d_model]",0,"[[d_model, d_ff]]",[],10,mlp,up_proj,2,model.layers.10.mlp.up_proj,aten.t.default,[model.layers.10.mlp.up_proj.weight],prefill,True
1337,mlp,up_proj,view,"[[B, T, d_model]]",,,"[[T, d_model]]",[1330],10,mlp,up_proj,2,model.layers.10.mlp.up_proj,aten.view.default,[],prefill,True
1338,mlp,up_proj,matmul,"[[T, d_model], [d_model, d_ff]]","[d_ff, d_model]",1,"[[T, d_ff]]","[1336, 1337]",10,mlp,up_proj,2,model.layers.10.mlp.up_proj,aten.mm.default,[model.layers.10.mlp.up_proj.weight],prefill,False
1339,mlp,up_proj,_unsafe_view,"[[T, d_ff]]",,,"[[B, T, d_ff]]",[1338],10,mlp,up_proj,2,model.layers.10.mlp.up_proj,aten._unsafe_view.default,[],prefill,True
1340,mlp,,elementwise_mul,"[[B, T, d_ff], [B, T, d_ff]]",,,"[[B, T, d_ff]]","[1335, 1339]",10,mlp,,1,model.layers.10.mlp,aten.mul.Tensor,[],prefill,False
1341,mlp,down_proj,t,"[[d_model, d_ff]]","[d_model, d_ff]",0,"[[d_ff, d_model]]",[],10,mlp,down_proj,2,model.layers.10.mlp.down_proj,aten.t.default,[model.layers.10.mlp.down_proj.weight],prefill,True
1342,mlp,down_proj,view,"[[B, T, d_ff]]",,,"[[T, d_ff]]",[1340],10,mlp,down_proj,2,model.layers.10.mlp.down_proj,aten.view.default,[],prefill,True
1343,mlp,down_proj,matmul,"[[T, d_ff], [d_ff, d_model]]","[d_model, d_ff]",1,"[[T, d_model]]","[1341, 1342]",10,mlp,down_proj,2,model.layers.10.mlp.down_proj,aten.mm.default,[model.layers.10.mlp.down_proj.weight],prefill,False
1344,mlp,down_proj,_unsafe_view,"[[T, d_model]]",,,"[[B, T, d_model]]",[1343],10,mlp,down_proj,2,model.layers.10.mlp.down_proj,aten._unsafe_view.default,[],prefill,True
1345,post_feedforward_layernorm,,pow,"[[B, T, d_model]]",,,"[[B, T, d_model]]",[1344],10,post_feedforward_layernorm,,1,model.layers.10.post_feedforward_layernorm,aten.pow.Tensor_Scalar,[],prefill,False
1346,post_feedforward_layernorm,,mean,"[[B, T, d_model]]",,,"[[B, T, 1]]",[1345],10,post_feedforward_layernorm,,1,model.layers.10.post_feedforward_layernorm,aten.mean.dim,[],prefill,False
1347,post_feedforward_layernorm,,elementwise_add,"[[B, T, 1]]",,,"[[B, T, 1]]",[1346],10,post_feedforward_layernorm,,1,model.layers.10.post_feedforward_layernorm,aten.add.Tensor,[],prefill,False
1348,post_feedforward_layernorm,,rsqrt,"[[B, T, 1]]",,,"[[B, T, 1]]",[1347],10,post_feedforward_layernorm,,1,model.layers.10.post_feedforward_layernorm,aten.rsqrt.default,[],prefill,False
1349,post_feedforward_layernorm,,elementwise_mul,"[[B, T, d_model], [B, T, 1]]",,,"[[B, T, d_model]]","[1344, 1348]",10,post_feedforward_layernorm,,1,model.layers.10.post_feedforward_layernorm,aten.mul.Tensor,[],prefill,False
1350,post_feedforward_layernorm,,elementwise_add,[[d_model]],,,[[d_model]],[],10,post_feedforward_layernorm,,1,model.layers.10.post_feedforward_layernorm,aten.add.Tensor,[model.layers.10.post_feedforward_layernorm.weight],prefill,False
1351,post_feedforward_layernorm,,elementwise_mul,"[[B, T, d_model], [d_model]]",,,"[[B, T, d_model]]","[1349, 1350]",10,post_feedforward_layernorm,,1,model.layers.10.post_feedforward_layernorm,aten.mul.Tensor,[],prefill,False
1352,,,elementwise_add,"[[B, T, d_model], [B, T, d_model]]",,,"[[B, T, d_model]]","[1323, 1351]",10,,,0,model.layers.10,aten.add.Tensor,[],prefill,False
1353,input_layernorm,,pow,"[[B, T, d_model]]",,,"[[B, T, d_model]]",[1352],11,input_layernorm,,1,model.layers.11.input_layernorm,aten.pow.Tensor_Scalar,[],prefill,False
1354,input_layernorm,,mean,"[[B, T, d_model]]",,,"[[B, T, 1]]",[1353],11,input_layernorm,,1,model.layers.11.input_layernorm,aten.mean.dim,[],prefill,False
1355,input_layernorm,,elementwise_add,"[[B, T, 1]]",,,"[[B, T, 1]]",[1354],11,input_layernorm,,1,model.layers.11.input_layernorm,aten.add.Tensor,[],prefill,False
1356,input_layernorm,,rsqrt,"[[B, T, 1]]",,,"[[B, T, 1]]",[1355],11,input_layernorm,,1,model.layers.11.input_layernorm,aten.rsqrt.default,[],prefill,False
1357,input_layernorm,,elementwise_mul,"[[B, T, d_model], [B, T, 1]]",,,"[[B, T, d_model]]","[1352, 1356]",11,input_layernorm,,1,model.layers.11.input_layernorm,aten.mul.Tensor,[],prefill,False
1358,input_layernorm,,elementwise_add,[[d_model]],,,[[d_model]],[],11,input_layernorm,,1,model.layers.11.input_layernorm,aten.add.Tensor,[model.layers.11.input_layernorm.weight],prefill,False
1359,input_layernorm,,elementwise_mul,"[[B, T, d_model], [d_model]]",,,"[[B, T, d_model]]","[1357, 1358]",11,input_layernorm,,1,model.layers.11.input_layernorm,aten.mul.Tensor,[],prefill,False
1360,self_attn,q_proj,t,"[[n_h*d_head, d_model]]","[n_h*d_head, d_model]",0,"[[d_model, n_h*d_head]]",[],11,self_attn,q_proj,2,model.layers.11.self_attn.q_proj,aten.t.default,[model.layers.11.self_attn.q_proj.weight],prefill,True
1361,self_attn,q_proj,view,"[[B, T, d_model]]",,,"[[T, d_model]]",[1359],11,self_attn,q_proj,2,model.layers.11.self_attn.q_proj,aten.view.default,[],prefill,True
1362,self_attn,q_proj,matmul,"[[T, d_model], [d_model, n_h*d_head]]","[n_h*d_head, d_model]",1,"[[T, n_h*d_head]]","[1360, 1361]",11,self_attn,q_proj,2,model.layers.11.self_attn.q_proj,aten.mm.default,[model.layers.11.self_attn.q_proj.weight],prefill,False
1363,self_attn,q_proj,_unsafe_view,"[[T, n_h*d_head]]",,,"[[B, T, n_h*d_head]]",[1362],11,self_attn,q_proj,2,model.layers.11.self_attn.q_proj,aten._unsafe_view.default,[],prefill,True
1364,self_attn,,view,"[[B, T, n_h*d_head]]",,,"[[B, T, n_h, d_head]]",[1363],11,self_attn,,1,model.layers.11.self_attn,aten.view.default,[],prefill,True
1365,self_attn,,transpose,"[[B, T, n_h, d_head]]",,,"[[B, n_h, T, d_head]]",[1364],11,self_attn,,1,model.layers.11.self_attn,aten.transpose.int,[],prefill,True
1366,self_attn,k_proj,t,"[[n_kv*d_head, d_model]]","[n_kv*d_head, d_model]",0,"[[d_model, n_kv*d_head]]",[],11,self_attn,k_proj,2,model.layers.11.self_attn.k_proj,aten.t.default,[model.layers.11.self_attn.k_proj.weight],prefill,True
1367,self_attn,k_proj,view,"[[B, T, d_model]]",,,"[[T, d_model]]",[1359],11,self_attn,k_proj,2,model.layers.11.self_attn.k_proj,aten.view.default,[],prefill,True
1368,self_attn,k_proj,matmul,"[[T, d_model], [d_model, n_kv*d_head]]","[n_kv*d_head, d_model]",1,"[[T, n_kv*d_head]]","[1366, 1367]",11,self_attn,k_proj,2,model.layers.11.self_attn.k_proj,aten.mm.default,[model.layers.11.self_attn.k_proj.weight],prefill,False
1369,self_attn,k_proj,_unsafe_view,"[[T, n_kv*d_head]]",,,"[[B, T, n_kv*d_head]]",[1368],11,self_attn,k_proj,2,model.layers.11.self_attn.k_proj,aten._unsafe_view.default,[],prefill,True
1370,self_attn,,view,"[[B, T, n_kv*d_head]]",,,"[[B, T, n_kv, d_head]]",[1369],11,self_attn,,1,model.layers.11.self_attn,aten.view.default,[],prefill,True
1371,self_attn,,transpose,"[[B, T, n_kv, d_head]]",,,"[[B, n_kv, T, d_head]]",[1370],11,self_attn,,1,model.layers.11.self_attn,aten.transpose.int,[],prefill,True
1372,self_attn,v_proj,t,"[[n_kv*d_head, d_model]]","[n_kv*d_head, d_model]",0,"[[d_model, n_kv*d_head]]",[],11,self_attn,v_proj,2,model.layers.11.self_attn.v_proj,aten.t.default,[model.layers.11.self_attn.v_proj.weight],prefill,True
1373,self_attn,v_proj,view,"[[B, T, d_model]]",,,"[[T, d_model]]",[1359],11,self_attn,v_proj,2,model.layers.11.self_attn.v_proj,aten.view.default,[],prefill,True
1374,self_attn,v_proj,matmul,"[[T, d_model], [d_model, n_kv*d_head]]","[n_kv*d_head, d_model]",1,"[[T, n_kv*d_head]]","[1372, 1373]",11,self_attn,v_proj,2,model.layers.11.self_attn.v_proj,aten.mm.default,[model.layers.11.self_attn.v_proj.weight],prefill,False
1375,self_attn,v_proj,_unsafe_view,"[[T, n_kv*d_head]]",,,"[[B, T, n_kv*d_head]]",[1374],11,self_attn,v_proj,2,model.layers.11.self_attn.v_proj,aten._unsafe_view.default,[],prefill,True
1376,self_attn,,view,"[[B, T, n_kv*d_head]]",,,"[[B, T, n_kv, d_head]]",[1375],11,self_attn,,1,model.layers.11.self_attn,aten.view.default,[],prefill,True
1377,self_attn,,transpose,"[[B, T, n_kv, d_head]]",,,"[[B, n_kv, T, d_head]]",[1376],11,self_attn,,1,model.layers.11.self_attn,aten.transpose.int,[],prefill,True
1378,self_attn,,unsqueeze,"[[B, T, d_head]]",,,"[[B, 1, T, d_head]]",[78],11,self_attn,,1,model.layers.11.self_attn,aten.unsqueeze.default,[],prefill,True
1379,self_attn,,unsqueeze,"[[B, T, d_head]]",,,"[[B, 1, T, d_head]]",[80],11,self_attn,,1,model.layers.11.self_attn,aten.unsqueeze.default,[],prefill,True
1380,self_attn,,elementwise_mul,"[[B, n_h, T, d_head], [B, 1, T, d_head]]",,,"[[B, n_h, T, d_head]]","[1365, 1378]",11,self_attn,,1,model.layers.11.self_attn,aten.mul.Tensor,[],prefill,False
1381,self_attn,,slice,"[[B, n_h, T, d_head]]",,,"[[B, n_h, T, d_head/2]]",[1365],11,self_attn,,1,model.layers.11.self_attn,aten.slice.Tensor,[],prefill,True
1382,self_attn,,slice,"[[B, n_h, T, d_head]]",,,"[[B, n_h, T, d_head/2]]",[1365],11,self_attn,,1,model.layers.11.self_attn,aten.slice.Tensor,[],prefill,True
1383,self_attn,,neg,"[[B, n_h, T, d_head/2]]",,,"[[B, n_h, T, d_head/2]]",[1382],11,self_attn,,1,model.layers.11.self_attn,aten.neg.default,[],prefill,False
1384,self_attn,,concat,"[[B, n_h, T, d_head/2], [B, n_h, T, d_head/2]]",,,"[[B, n_h, T, d_head]]","[1381, 1383]",11,self_attn,,1,model.layers.11.self_attn,aten.cat.default,[],prefill,False
1385,self_attn,,elementwise_mul,"[[B, n_h, T, d_head], [B, 1, T, d_head]]",,,"[[B, n_h, T, d_head]]","[1379, 1384]",11,self_attn,,1,model.layers.11.self_attn,aten.mul.Tensor,[],prefill,False
1386,self_attn,,elementwise_add,"[[B, n_h, T, d_head], [B, n_h, T, d_head]]",,,"[[B, n_h, T, d_head]]","[1380, 1385]",11,self_attn,,1,model.layers.11.self_attn,aten.add.Tensor,[],prefill,False
1387,self_attn,,elementwise_mul,"[[B, n_kv, T, d_head], [B, 1, T, d_head]]",,,"[[B, n_kv, T, d_head]]","[1371, 1378]",11,self_attn,,1,model.layers.11.self_attn,aten.mul.Tensor,[],prefill,False
1388,self_attn,,slice,"[[B, n_kv, T, d_head]]",,,"[[B, n_kv, T, d_head/2]]",[1371],11,self_attn,,1,model.layers.11.self_attn,aten.slice.Tensor,[],prefill,True
1389,self_attn,,slice,"[[B, n_kv, T, d_head]]",,,"[[B, n_kv, T, d_head/2]]",[1371],11,self_attn,,1,model.layers.11.self_attn,aten.slice.Tensor,[],prefill,True
1390,self_attn,,neg,"[[B, n_kv, T, d_head/2]]",,,"[[B, n_kv, T, d_head/2]]",[1389],11,self_attn,,1,model.layers.11.self_attn,aten.neg.default,[],prefill,False
1391,self_attn,,concat,"[[B, n_kv, T, d_head/2], [B, n_kv, T, d_head/2]]",,,"[[B, n_kv, T, d_head]]","[1388, 1390]",11,self_attn,,1,model.layers.11.self_attn,aten.cat.default,[],prefill,False
1392,self_attn,,elementwise_mul,"[[B, n_kv, T, d_head], [B, 1, T, d_head]]",,,"[[B, n_kv, T, d_head]]","[1379, 1391]",11,self_attn,,1,model.layers.11.self_attn,aten.mul.Tensor,[],prefill,False
1393,self_attn,,elementwise_add,"[[B, n_kv, T, d_head], [B, n_kv, T, d_head]]",,,"[[B, n_kv, T, d_head]]","[1387, 1392]",11,self_attn,,1,model.layers.11.self_attn,aten.add.Tensor,[],prefill,False
1394,self_attn,,concat,"[[0], [B, n_kv, T, d_head]]",,,"[[B, n_kv, T, d_head]]",[1393],11,self_attn,,1,model.layers.11.self_attn,aten.cat.default,[],prefill,False
1395,self_attn,,concat,"[[0], [B, n_kv, T, d_head]]",,,"[[B, n_kv, T, d_head]]",[1377],11,self_attn,,1,model.layers.11.self_attn,aten.cat.default,[],prefill,False
1396,self_attn,,unsqueeze,"[[B, n_kv, T, d_head]]",,,"[[B, n_kv, 1, T, d_head]]",[1394],11,self_attn,,1,model.layers.11.self_attn,aten.unsqueeze.default,[],prefill,True
1397,self_attn,,expand,"[[B, n_kv, 1, T, d_head]]",,,"[[B, n_kv, n_h/n_kv, T, d_head]]",[1396],11,self_attn,,1,model.layers.11.self_attn,aten.expand.default,[],prefill,True
1398,self_attn,,clone,"[[B, n_kv, n_h/n_kv, T, d_head]]",,,"[[B, n_kv, n_h/n_kv, T, d_head]]",[1397],11,self_attn,,1,model.layers.11.self_attn,aten.clone.default,[],prefill,True
1399,self_attn,,_unsafe_view,"[[B, n_kv, n_h/n_kv, T, d_head]]",,,"[[B, n_h, T, d_head]]",[1398],11,self_attn,,1,model.layers.11.self_attn,aten._unsafe_view.default,[],prefill,True
1400,self_attn,,unsqueeze,"[[B, n_kv, T, d_head]]",,,"[[B, n_kv, 1, T, d_head]]",[1395],11,self_attn,,1,model.layers.11.self_attn,aten.unsqueeze.default,[],prefill,True
1401,self_attn,,expand,"[[B, n_kv, 1, T, d_head]]",,,"[[B, n_kv, n_h/n_kv, T, d_head]]",[1400],11,self_attn,,1,model.layers.11.self_attn,aten.expand.default,[],prefill,True
1402,self_attn,,clone,"[[B, n_kv, n_h/n_kv, T, d_head]]",,,"[[B, n_kv, n_h/n_kv, T, d_head]]",[1401],11,self_attn,,1,model.layers.11.self_attn,aten.clone.default,[],prefill,True
1403,self_attn,,_unsafe_view,"[[B, n_kv, n_h/n_kv, T, d_head]]",,,"[[B, n_h, T, d_head]]",[1402],11,self_attn,,1,model.layers.11.self_attn,aten._unsafe_view.default,[],prefill,True
1404,self_attn,,transpose,"[[B, n_h, T, d_head]]",,,"[[B, n_h, d_head, T]]",[1399],11,self_attn,,1,model.layers.11.self_attn,aten.transpose.int,[],prefill,True
1405,self_attn,,expand,"[[B, n_h, T, d_head]]",,,"[[B, n_h, T, d_head]]",[1386],11,self_attn,,1,model.layers.11.self_attn,aten.expand.default,[],prefill,True
1406,self_attn,,view,"[[B, n_h, T, d_head]]",,,"[[n_h, T, d_head]]",[1405],11,self_attn,,1,model.layers.11.self_attn,aten.view.default,[],prefill,True
1407,self_attn,,expand,"[[B, n_h, d_head, T]]",,,"[[B, n_h, d_head, T]]",[1404],11,self_attn,,1,model.layers.11.self_attn,aten.expand.default,[],prefill,True
1408,self_attn,,view,"[[B, n_h, d_head, T]]",,,"[[n_h, d_head, T]]",[1407],11,self_attn,,1,model.layers.11.self_attn,aten.view.default,[],prefill,True
1409,self_attn,,batched_matmul,"[[n_h, T, d_head], [n_h, d_head, T]]",,,"[[n_h, T, T]]","[1406, 1408]",11,self_attn,,1,model.layers.11.self_attn,aten.bmm.default,[],prefill,False
1410,self_attn,,_unsafe_view,"[[n_h, T, T]]",,,"[[B, n_h, T, T]]",[1409],11,self_attn,,1,model.layers.11.self_attn,aten._unsafe_view.default,[],prefill,True
1411,self_attn,,elementwise_mul,"[[B, n_h, T, T]]",,,"[[B, n_h, T, T]]",[1410],11,self_attn,,1,model.layers.11.self_attn,aten.mul.Tensor,[],prefill,False
1412,self_attn,,div,"[[B, n_h, T, T]]",,,"[[B, n_h, T, T]]",[1411],11,self_attn,,1,model.layers.11.self_attn,aten.div.Tensor,[],prefill,True
1413,self_attn,,tanh,"[[B, n_h, T, T]]",,,"[[B, n_h, T, T]]",[1412],11,self_attn,,1,model.layers.11.self_attn,aten.tanh.default,[],prefill,False
1414,self_attn,,elementwise_mul,"[[B, n_h, T, T]]",,,"[[B, n_h, T, T]]",[1413],11,self_attn,,1,model.layers.11.self_attn,aten.mul.Tensor,[],prefill,False
1415,self_attn,,elementwise_add,"[[B, n_h, T, T], [B, 1, T, T]]",,,"[[B, n_h, T, T]]","[36, 1414]",11,self_attn,,1,model.layers.11.self_attn,aten.add.Tensor,[],prefill,False
1416,self_attn,,softmax,"[[B, n_h, T, T]]",,,"[[B, n_h, T, T]]",[1415],11,self_attn,,1,model.layers.11.self_attn,aten._softmax.default,[],prefill,False
1417,self_attn,,expand,"[[B, n_h, T, T]]",,,"[[B, n_h, T, T]]",[1416],11,self_attn,,1,model.layers.11.self_attn,aten.expand.default,[],prefill,True
1418,self_attn,,view,"[[B, n_h, T, T]]",,,"[[n_h, T, T]]",[1417],11,self_attn,,1,model.layers.11.self_attn,aten.view.default,[],prefill,True
1419,self_attn,,expand,"[[B, n_h, T, d_head]]",,,"[[B, n_h, T, d_head]]",[1403],11,self_attn,,1,model.layers.11.self_attn,aten.expand.default,[],prefill,True
1420,self_attn,,view,"[[B, n_h, T, d_head]]",,,"[[n_h, T, d_head]]",[1419],11,self_attn,,1,model.layers.11.self_attn,aten.view.default,[],prefill,True
1421,self_attn,,batched_matmul,"[[n_h, T, T], [n_h, T, d_head]]",,,"[[n_h, T, d_head]]","[1418, 1420]",11,self_attn,,1,model.layers.11.self_attn,aten.bmm.default,[],prefill,False
1422,self_attn,,_unsafe_view,"[[n_h, T, d_head]]",,,"[[B, n_h, T, d_head]]",[1421],11,self_attn,,1,model.layers.11.self_attn,aten._unsafe_view.default,[],prefill,True
1423,self_attn,,transpose,"[[B, n_h, T, d_head]]",,,"[[B, T, n_h, d_head]]",[1422],11,self_attn,,1,model.layers.11.self_attn,aten.transpose.int,[],prefill,True
1424,self_attn,,clone,"[[B, T, n_h, d_head]]",,,"[[B, T, n_h, d_head]]",[1423],11,self_attn,,1,model.layers.11.self_attn,aten.clone.default,[],prefill,True
1425,self_attn,,view,"[[B, T, n_h, d_head]]",,,"[[B, T, n_h*d_head]]",[1424],11,self_attn,,1,model.layers.11.self_attn,aten.view.default,[],prefill,True
1426,self_attn,o_proj,t,"[[d_model, n_h*d_head]]","[d_model, n_h*d_head]",0,"[[n_h*d_head, d_model]]",[],11,self_attn,o_proj,2,model.layers.11.self_attn.o_proj,aten.t.default,[model.layers.11.self_attn.o_proj.weight],prefill,True
1427,self_attn,o_proj,view,"[[B, T, n_h*d_head]]",,,"[[T, n_h*d_head]]",[1425],11,self_attn,o_proj,2,model.layers.11.self_attn.o_proj,aten.view.default,[],prefill,True
1428,self_attn,o_proj,matmul,"[[T, n_h*d_head], [n_h*d_head, d_model]]","[d_model, n_h*d_head]",1,"[[T, d_model]]","[1426, 1427]",11,self_attn,o_proj,2,model.layers.11.self_attn.o_proj,aten.mm.default,[model.layers.11.self_attn.o_proj.weight],prefill,False
1429,self_attn,o_proj,_unsafe_view,"[[T, d_model]]",,,"[[B, T, d_model]]",[1428],11,self_attn,o_proj,2,model.layers.11.self_attn.o_proj,aten._unsafe_view.default,[],prefill,True
1430,post_attention_layernorm,,pow,"[[B, T, d_model]]",,,"[[B, T, d_model]]",[1429],11,post_attention_layernorm,,1,model.layers.11.post_attention_layernorm,aten.pow.Tensor_Scalar,[],prefill,False
1431,post_attention_layernorm,,mean,"[[B, T, d_model]]",,,"[[B, T, 1]]",[1430],11,post_attention_layernorm,,1,model.layers.11.post_attention_layernorm,aten.mean.dim,[],prefill,False
1432,post_attention_layernorm,,elementwise_add,"[[B, T, 1]]",,,"[[B, T, 1]]",[1431],11,post_attention_layernorm,,1,model.layers.11.post_attention_layernorm,aten.add.Tensor,[],prefill,False
1433,post_attention_layernorm,,rsqrt,"[[B, T, 1]]",,,"[[B, T, 1]]",[1432],11,post_attention_layernorm,,1,model.layers.11.post_attention_layernorm,aten.rsqrt.default,[],prefill,False
1434,post_attention_layernorm,,elementwise_mul,"[[B, T, d_model], [B, T, 1]]",,,"[[B, T, d_model]]","[1429, 1433]",11,post_attention_layernorm,,1,model.layers.11.post_attention_layernorm,aten.mul.Tensor,[],prefill,False
1435,post_attention_layernorm,,elementwise_add,[[d_model]],,,[[d_model]],[],11,post_attention_layernorm,,1,model.layers.11.post_attention_layernorm,aten.add.Tensor,[model.layers.11.post_attention_layernorm.weight],prefill,False
1436,post_attention_layernorm,,elementwise_mul,"[[B, T, d_model], [d_model]]",,,"[[B, T, d_model]]","[1434, 1435]",11,post_attention_layernorm,,1,model.layers.11.post_attention_layernorm,aten.mul.Tensor,[],prefill,False
1437,,,elementwise_add,"[[B, T, d_model], [B, T, d_model]]",,,"[[B, T, d_model]]","[1352, 1436]",11,,,0,model.layers.11,aten.add.Tensor,[],prefill,False
1438,pre_feedforward_layernorm,,pow,"[[B, T, d_model]]",,,"[[B, T, d_model]]",[1437],11,pre_feedforward_layernorm,,1,model.layers.11.pre_feedforward_layernorm,aten.pow.Tensor_Scalar,[],prefill,False
1439,pre_feedforward_layernorm,,mean,"[[B, T, d_model]]",,,"[[B, T, 1]]",[1438],11,pre_feedforward_layernorm,,1,model.layers.11.pre_feedforward_layernorm,aten.mean.dim,[],prefill,False
1440,pre_feedforward_layernorm,,elementwise_add,"[[B, T, 1]]",,,"[[B, T, 1]]",[1439],11,pre_feedforward_layernorm,,1,model.layers.11.pre_feedforward_layernorm,aten.add.Tensor,[],prefill,False
1441,pre_feedforward_layernorm,,rsqrt,"[[B, T, 1]]",,,"[[B, T, 1]]",[1440],11,pre_feedforward_layernorm,,1,model.layers.11.pre_feedforward_layernorm,aten.rsqrt.default,[],prefill,False
1442,pre_feedforward_layernorm,,elementwise_mul,"[[B, T, d_model], [B, T, 1]]",,,"[[B, T, d_model]]","[1437, 1441]",11,pre_feedforward_layernorm,,1,model.layers.11.pre_feedforward_layernorm,aten.mul.Tensor,[],prefill,False
1443,pre_feedforward_layernorm,,elementwise_add,[[d_model]],,,[[d_model]],[],11,pre_feedforward_layernorm,,1,model.layers.11.pre_feedforward_layernorm,aten.add.Tensor,[model.layers.11.pre_feedforward_layernorm.weight],prefill,False
1444,pre_feedforward_layernorm,,elementwise_mul,"[[B, T, d_model], [d_model]]",,,"[[B, T, d_model]]","[1442, 1443]",11,pre_feedforward_layernorm,,1,model.layers.11.pre_feedforward_layernorm,aten.mul.Tensor,[],prefill,False
1445,mlp,gate_proj,t,"[[d_ff, d_model]]","[d_ff, d_model]",0,"[[d_model, d_ff]]",[],11,mlp,gate_proj,2,model.layers.11.mlp.gate_proj,aten.t.default,[model.layers.11.mlp.gate_proj.weight],prefill,True
1446,mlp,gate_proj,view,"[[B, T, d_model]]",,,"[[T, d_model]]",[1444],11,mlp,gate_proj,2,model.layers.11.mlp.gate_proj,aten.view.default,[],prefill,True
1447,mlp,gate_proj,matmul,"[[T, d_model], [d_model, d_ff]]","[d_ff, d_model]",1,"[[T, d_ff]]","[1445, 1446]",11,mlp,gate_proj,2,model.layers.11.mlp.gate_proj,aten.mm.default,[model.layers.11.mlp.gate_proj.weight],prefill,False
1448,mlp,gate_proj,_unsafe_view,"[[T, d_ff]]",,,"[[B, T, d_ff]]",[1447],11,mlp,gate_proj,2,model.layers.11.mlp.gate_proj,aten._unsafe_view.default,[],prefill,True
1449,mlp,act_fn,gelu,"[[B, T, d_ff]]",,,"[[B, T, d_ff]]",[1448],11,mlp,act_fn,2,model.layers.11.mlp.act_fn,aten.gelu.default,[],prefill,False
1450,mlp,up_proj,t,"[[d_ff, d_model]]","[d_ff, d_model]",0,"[[d_model, d_ff]]",[],11,mlp,up_proj,2,model.layers.11.mlp.up_proj,aten.t.default,[model.layers.11.mlp.up_proj.weight],prefill,True
1451,mlp,up_proj,view,"[[B, T, d_model]]",,,"[[T, d_model]]",[1444],11,mlp,up_proj,2,model.layers.11.mlp.up_proj,aten.view.default,[],prefill,True
1452,mlp,up_proj,matmul,"[[T, d_model], [d_model, d_ff]]","[d_ff, d_model]",1,"[[T, d_ff]]","[1450, 1451]",11,mlp,up_proj,2,model.layers.11.mlp.up_proj,aten.mm.default,[model.layers.11.mlp.up_proj.weight],prefill,False
1453,mlp,up_proj,_unsafe_view,"[[T, d_ff]]",,,"[[B, T, d_ff]]",[1452],11,mlp,up_proj,2,model.layers.11.mlp.up_proj,aten._unsafe_view.default,[],prefill,True
1454,mlp,,elementwise_mul,"[[B, T, d_ff], [B, T, d_ff]]",,,"[[B, T, d_ff]]","[1449, 1453]",11,mlp,,1,model.layers.11.mlp,aten.mul.Tensor,[],prefill,False
1455,mlp,down_proj,t,"[[d_model, d_ff]]","[d_model, d_ff]",0,"[[d_ff, d_model]]",[],11,mlp,down_proj,2,model.layers.11.mlp.down_proj,aten.t.default,[model.layers.11.mlp.down_proj.weight],prefill,True
1456,mlp,down_proj,view,"[[B, T, d_ff]]",,,"[[T, d_ff]]",[1454],11,mlp,down_proj,2,model.layers.11.mlp.down_proj,aten.view.default,[],prefill,True
1457,mlp,down_proj,matmul,"[[T, d_ff], [d_ff, d_model]]","[d_model, d_ff]",1,"[[T, d_model]]","[1455, 1456]",11,mlp,down_proj,2,model.layers.11.mlp.down_proj,aten.mm.default,[model.layers.11.mlp.down_proj.weight],prefill,False
1458,mlp,down_proj,_unsafe_view,"[[T, d_model]]",,,"[[B, T, d_model]]",[1457],11,mlp,down_proj,2,model.layers.11.mlp.down_proj,aten._unsafe_view.default,[],prefill,True
1459,post_feedforward_layernorm,,pow,"[[B, T, d_model]]",,,"[[B, T, d_model]]",[1458],11,post_feedforward_layernorm,,1,model.layers.11.post_feedforward_layernorm,aten.pow.Tensor_Scalar,[],prefill,False
1460,post_feedforward_layernorm,,mean,"[[B, T, d_model]]",,,"[[B, T, 1]]",[1459],11,post_feedforward_layernorm,,1,model.layers.11.post_feedforward_layernorm,aten.mean.dim,[],prefill,False
1461,post_feedforward_layernorm,,elementwise_add,"[[B, T, 1]]",,,"[[B, T, 1]]",[1460],11,post_feedforward_layernorm,,1,model.layers.11.post_feedforward_layernorm,aten.add.Tensor,[],prefill,False
1462,post_feedforward_layernorm,,rsqrt,"[[B, T, 1]]",,,"[[B, T, 1]]",[1461],11,post_feedforward_layernorm,,1,model.layers.11.post_feedforward_layernorm,aten.rsqrt.default,[],prefill,False
1463,post_feedforward_layernorm,,elementwise_mul,"[[B, T, d_model], [B, T, 1]]",,,"[[B, T, d_model]]","[1458, 1462]",11,post_feedforward_layernorm,,1,model.layers.11.post_feedforward_layernorm,aten.mul.Tensor,[],prefill,False
1464,post_feedforward_layernorm,,elementwise_add,[[d_model]],,,[[d_model]],[],11,post_feedforward_layernorm,,1,model.layers.11.post_feedforward_layernorm,aten.add.Tensor,[model.layers.11.post_feedforward_layernorm.weight],prefill,False
1465,post_feedforward_layernorm,,elementwise_mul,"[[B, T, d_model], [d_model]]",,,"[[B, T, d_model]]","[1463, 1464]",11,post_feedforward_layernorm,,1,model.layers.11.post_feedforward_layernorm,aten.mul.Tensor,[],prefill,False
1466,,,elementwise_add,"[[B, T, d_model], [B, T, d_model]]",,,"[[B, T, d_model]]","[1437, 1465]",11,,,0,model.layers.11,aten.add.Tensor,[],prefill,False
1467,input_layernorm,,pow,"[[B, T, d_model]]",,,"[[B, T, d_model]]",[1466],12,input_layernorm,,1,model.layers.12.input_layernorm,aten.pow.Tensor_Scalar,[],prefill,False
1468,input_layernorm,,mean,"[[B, T, d_model]]",,,"[[B, T, 1]]",[1467],12,input_layernorm,,1,model.layers.12.input_layernorm,aten.mean.dim,[],prefill,False
1469,input_layernorm,,elementwise_add,"[[B, T, 1]]",,,"[[B, T, 1]]",[1468],12,input_layernorm,,1,model.layers.12.input_layernorm,aten.add.Tensor,[],prefill,False
1470,input_layernorm,,rsqrt,"[[B, T, 1]]",,,"[[B, T, 1]]",[1469],12,input_layernorm,,1,model.layers.12.input_layernorm,aten.rsqrt.default,[],prefill,False
1471,input_layernorm,,elementwise_mul,"[[B, T, d_model], [B, T, 1]]",,,"[[B, T, d_model]]","[1466, 1470]",12,input_layernorm,,1,model.layers.12.input_layernorm,aten.mul.Tensor,[],prefill,False
1472,input_layernorm,,elementwise_add,[[d_model]],,,[[d_model]],[],12,input_layernorm,,1,model.layers.12.input_layernorm,aten.add.Tensor,[model.layers.12.input_layernorm.weight],prefill,False
1473,input_layernorm,,elementwise_mul,"[[B, T, d_model], [d_model]]",,,"[[B, T, d_model]]","[1471, 1472]",12,input_layernorm,,1,model.layers.12.input_layernorm,aten.mul.Tensor,[],prefill,False
1474,self_attn,q_proj,t,"[[n_h*d_head, d_model]]","[n_h*d_head, d_model]",0,"[[d_model, n_h*d_head]]",[],12,self_attn,q_proj,2,model.layers.12.self_attn.q_proj,aten.t.default,[model.layers.12.self_attn.q_proj.weight],prefill,True
1475,self_attn,q_proj,view,"[[B, T, d_model]]",,,"[[T, d_model]]",[1473],12,self_attn,q_proj,2,model.layers.12.self_attn.q_proj,aten.view.default,[],prefill,True
1476,self_attn,q_proj,matmul,"[[T, d_model], [d_model, n_h*d_head]]","[n_h*d_head, d_model]",1,"[[T, n_h*d_head]]","[1474, 1475]",12,self_attn,q_proj,2,model.layers.12.self_attn.q_proj,aten.mm.default,[model.layers.12.self_attn.q_proj.weight],prefill,False
1477,self_attn,q_proj,_unsafe_view,"[[T, n_h*d_head]]",,,"[[B, T, n_h*d_head]]",[1476],12,self_attn,q_proj,2,model.layers.12.self_attn.q_proj,aten._unsafe_view.default,[],prefill,True
1478,self_attn,,view,"[[B, T, n_h*d_head]]",,,"[[B, T, n_h, d_head]]",[1477],12,self_attn,,1,model.layers.12.self_attn,aten.view.default,[],prefill,True
1479,self_attn,,transpose,"[[B, T, n_h, d_head]]",,,"[[B, n_h, T, d_head]]",[1478],12,self_attn,,1,model.layers.12.self_attn,aten.transpose.int,[],prefill,True
1480,self_attn,k_proj,t,"[[n_kv*d_head, d_model]]","[n_kv*d_head, d_model]",0,"[[d_model, n_kv*d_head]]",[],12,self_attn,k_proj,2,model.layers.12.self_attn.k_proj,aten.t.default,[model.layers.12.self_attn.k_proj.weight],prefill,True
1481,self_attn,k_proj,view,"[[B, T, d_model]]",,,"[[T, d_model]]",[1473],12,self_attn,k_proj,2,model.layers.12.self_attn.k_proj,aten.view.default,[],prefill,True
1482,self_attn,k_proj,matmul,"[[T, d_model], [d_model, n_kv*d_head]]","[n_kv*d_head, d_model]",1,"[[T, n_kv*d_head]]","[1480, 1481]",12,self_attn,k_proj,2,model.layers.12.self_attn.k_proj,aten.mm.default,[model.layers.12.self_attn.k_proj.weight],prefill,False
1483,self_attn,k_proj,_unsafe_view,"[[T, n_kv*d_head]]",,,"[[B, T, n_kv*d_head]]",[1482],12,self_attn,k_proj,2,model.layers.12.self_attn.k_proj,aten._unsafe_view.default,[],prefill,True
1484,self_attn,,view,"[[B, T, n_kv*d_head]]",,,"[[B, T, n_kv, d_head]]",[1483],12,self_attn,,1,model.layers.12.self_attn,aten.view.default,[],prefill,True
1485,self_attn,,transpose,"[[B, T, n_kv, d_head]]",,,"[[B, n_kv, T, d_head]]",[1484],12,self_attn,,1,model.layers.12.self_attn,aten.transpose.int,[],prefill,True
1486,self_attn,v_proj,t,"[[n_kv*d_head, d_model]]","[n_kv*d_head, d_model]",0,"[[d_model, n_kv*d_head]]",[],12,self_attn,v_proj,2,model.layers.12.self_attn.v_proj,aten.t.default,[model.layers.12.self_attn.v_proj.weight],prefill,True
1487,self_attn,v_proj,view,"[[B, T, d_model]]",,,"[[T, d_model]]",[1473],12,self_attn,v_proj,2,model.layers.12.self_attn.v_proj,aten.view.default,[],prefill,True
1488,self_attn,v_proj,matmul,"[[T, d_model], [d_model, n_kv*d_head]]","[n_kv*d_head, d_model]",1,"[[T, n_kv*d_head]]","[1486, 1487]",12,self_attn,v_proj,2,model.layers.12.self_attn.v_proj,aten.mm.default,[model.layers.12.self_attn.v_proj.weight],prefill,False
1489,self_attn,v_proj,_unsafe_view,"[[T, n_kv*d_head]]",,,"[[B, T, n_kv*d_head]]",[1488],12,self_attn,v_proj,2,model.layers.12.self_attn.v_proj,aten._unsafe_view.default,[],prefill,True
1490,self_attn,,view,"[[B, T, n_kv*d_head]]",,,"[[B, T, n_kv, d_head]]",[1489],12,self_attn,,1,model.layers.12.self_attn,aten.view.default,[],prefill,True
1491,self_attn,,transpose,"[[B, T, n_kv, d_head]]",,,"[[B, n_kv, T, d_head]]",[1490],12,self_attn,,1,model.layers.12.self_attn,aten.transpose.int,[],prefill,True
1492,self_attn,,unsqueeze,"[[B, T, d_head]]",,,"[[B, 1, T, d_head]]",[78],12,self_attn,,1,model.layers.12.self_attn,aten.unsqueeze.default,[],prefill,True
1493,self_attn,,unsqueeze,"[[B, T, d_head]]",,,"[[B, 1, T, d_head]]",[80],12,self_attn,,1,model.layers.12.self_attn,aten.unsqueeze.default,[],prefill,True
1494,self_attn,,elementwise_mul,"[[B, n_h, T, d_head], [B, 1, T, d_head]]",,,"[[B, n_h, T, d_head]]","[1479, 1492]",12,self_attn,,1,model.layers.12.self_attn,aten.mul.Tensor,[],prefill,False
1495,self_attn,,slice,"[[B, n_h, T, d_head]]",,,"[[B, n_h, T, d_head/2]]",[1479],12,self_attn,,1,model.layers.12.self_attn,aten.slice.Tensor,[],prefill,True
1496,self_attn,,slice,"[[B, n_h, T, d_head]]",,,"[[B, n_h, T, d_head/2]]",[1479],12,self_attn,,1,model.layers.12.self_attn,aten.slice.Tensor,[],prefill,True
1497,self_attn,,neg,"[[B, n_h, T, d_head/2]]",,,"[[B, n_h, T, d_head/2]]",[1496],12,self_attn,,1,model.layers.12.self_attn,aten.neg.default,[],prefill,False
1498,self_attn,,concat,"[[B, n_h, T, d_head/2], [B, n_h, T, d_head/2]]",,,"[[B, n_h, T, d_head]]","[1495, 1497]",12,self_attn,,1,model.layers.12.self_attn,aten.cat.default,[],prefill,False
1499,self_attn,,elementwise_mul,"[[B, n_h, T, d_head], [B, 1, T, d_head]]",,,"[[B, n_h, T, d_head]]","[1493, 1498]",12,self_attn,,1,model.layers.12.self_attn,aten.mul.Tensor,[],prefill,False
1500,self_attn,,elementwise_add,"[[B, n_h, T, d_head], [B, n_h, T, d_head]]",,,"[[B, n_h, T, d_head]]","[1494, 1499]",12,self_attn,,1,model.layers.12.self_attn,aten.add.Tensor,[],prefill,False
1501,self_attn,,elementwise_mul,"[[B, n_kv, T, d_head], [B, 1, T, d_head]]",,,"[[B, n_kv, T, d_head]]","[1485, 1492]",12,self_attn,,1,model.layers.12.self_attn,aten.mul.Tensor,[],prefill,False
1502,self_attn,,slice,"[[B, n_kv, T, d_head]]",,,"[[B, n_kv, T, d_head/2]]",[1485],12,self_attn,,1,model.layers.12.self_attn,aten.slice.Tensor,[],prefill,True
1503,self_attn,,slice,"[[B, n_kv, T, d_head]]",,,"[[B, n_kv, T, d_head/2]]",[1485],12,self_attn,,1,model.layers.12.self_attn,aten.slice.Tensor,[],prefill,True
1504,self_attn,,neg,"[[B, n_kv, T, d_head/2]]",,,"[[B, n_kv, T, d_head/2]]",[1503],12,self_attn,,1,model.layers.12.self_attn,aten.neg.default,[],prefill,False
1505,self_attn,,concat,"[[B, n_kv, T, d_head/2], [B, n_kv, T, d_head/2]]",,,"[[B, n_kv, T, d_head]]","[1502, 1504]",12,self_attn,,1,model.layers.12.self_attn,aten.cat.default,[],prefill,False
1506,self_attn,,elementwise_mul,"[[B, n_kv, T, d_head], [B, 1, T, d_head]]",,,"[[B, n_kv, T, d_head]]","[1493, 1505]",12,self_attn,,1,model.layers.12.self_attn,aten.mul.Tensor,[],prefill,False
1507,self_attn,,elementwise_add,"[[B, n_kv, T, d_head], [B, n_kv, T, d_head]]",,,"[[B, n_kv, T, d_head]]","[1501, 1506]",12,self_attn,,1,model.layers.12.self_attn,aten.add.Tensor,[],prefill,False
1508,self_attn,,_to_copy,[[]],,,[[]],[8],12,self_attn,,1,model.layers.12.self_attn,aten._to_copy.default,[],prefill,True
1509,self_attn,,concat,"[[0], [B, n_kv, T, d_head]]",,,"[[B, n_kv, T, d_head]]",[1507],12,self_attn,,1,model.layers.12.self_attn,aten.cat.default,[],prefill,False
1510,self_attn,,concat,"[[0], [B, n_kv, T, d_head]]",,,"[[B, n_kv, T, d_head]]",[1491],12,self_attn,,1,model.layers.12.self_attn,aten.cat.default,[],prefill,False
1511,self_attn,,slice,"[[B, n_kv, T, d_head]]",,,"[[B, n_kv, T, d_head]]",[1509],12,self_attn,,1,model.layers.12.self_attn,aten.slice.Tensor,[],prefill,True
1512,self_attn,,slice,"[[B, n_kv, T, d_head]]",,,"[[B, n_kv, T, d_head]]",[1510],12,self_attn,,1,model.layers.12.self_attn,aten.slice.Tensor,[],prefill,True
1513,self_attn,,unsqueeze,"[[B, n_kv, T, d_head]]",,,"[[B, n_kv, 1, T, d_head]]",[1509],12,self_attn,,1,model.layers.12.self_attn,aten.unsqueeze.default,[],prefill,True
1514,self_attn,,expand,"[[B, n_kv, 1, T, d_head]]",,,"[[B, n_kv, n_h/n_kv, T, d_head]]",[1513],12,self_attn,,1,model.layers.12.self_attn,aten.expand.default,[],prefill,True
1515,self_attn,,clone,"[[B, n_kv, n_h/n_kv, T, d_head]]",,,"[[B, n_kv, n_h/n_kv, T, d_head]]",[1514],12,self_attn,,1,model.layers.12.self_attn,aten.clone.default,[],prefill,True
1516,self_attn,,_unsafe_view,"[[B, n_kv, n_h/n_kv, T, d_head]]",,,"[[B, n_h, T, d_head]]",[1515],12,self_attn,,1,model.layers.12.self_attn,aten._unsafe_view.default,[],prefill,True
1517,self_attn,,unsqueeze,"[[B, n_kv, T, d_head]]",,,"[[B, n_kv, 1, T, d_head]]",[1510],12,self_attn,,1,model.layers.12.self_attn,aten.unsqueeze.default,[],prefill,True
1518,self_attn,,expand,"[[B, n_kv, 1, T, d_head]]",,,"[[B, n_kv, n_h/n_kv, T, d_head]]",[1517],12,self_attn,,1,model.layers.12.self_attn,aten.expand.default,[],prefill,True
1519,self_attn,,clone,"[[B, n_kv, n_h/n_kv, T, d_head]]",,,"[[B, n_kv, n_h/n_kv, T, d_head]]",[1518],12,self_attn,,1,model.layers.12.self_attn,aten.clone.default,[],prefill,True
1520,self_attn,,_unsafe_view,"[[B, n_kv, n_h/n_kv, T, d_head]]",,,"[[B, n_h, T, d_head]]",[1519],12,self_attn,,1,model.layers.12.self_attn,aten._unsafe_view.default,[],prefill,True
1521,self_attn,,transpose,"[[B, n_h, T, d_head]]",,,"[[B, n_h, d_head, T]]",[1516],12,self_attn,,1,model.layers.12.self_attn,aten.transpose.int,[],prefill,True
1522,self_attn,,expand,"[[B, n_h, T, d_head]]",,,"[[B, n_h, T, d_head]]",[1500],12,self_attn,,1,model.layers.12.self_attn,aten.expand.default,[],prefill,True
1523,self_attn,,view,"[[B, n_h, T, d_head]]",,,"[[n_h, T, d_head]]",[1522],12,self_attn,,1,model.layers.12.self_attn,aten.view.default,[],prefill,True
1524,self_attn,,expand,"[[B, n_h, d_head, T]]",,,"[[B, n_h, d_head, T]]",[1521],12,self_attn,,1,model.layers.12.self_attn,aten.expand.default,[],prefill,True
1525,self_attn,,view,"[[B, n_h, d_head, T]]",,,"[[n_h, d_head, T]]",[1524],12,self_attn,,1,model.layers.12.self_attn,aten.view.default,[],prefill,True
1526,self_attn,,batched_matmul,"[[n_h, T, d_head], [n_h, d_head, T]]",,,"[[n_h, T, T]]","[1523, 1525]",12,self_attn,,1,model.layers.12.self_attn,aten.bmm.default,[],prefill,False
1527,self_attn,,_unsafe_view,"[[n_h, T, T]]",,,"[[B, n_h, T, T]]",[1526],12,self_attn,,1,model.layers.12.self_attn,aten._unsafe_view.default,[],prefill,True
1528,self_attn,,elementwise_mul,"[[B, n_h, T, T]]",,,"[[B, n_h, T, T]]",[1527],12,self_attn,,1,model.layers.12.self_attn,aten.mul.Tensor,[],prefill,False
1529,self_attn,,div,"[[B, n_h, T, T]]",,,"[[B, n_h, T, T]]",[1528],12,self_attn,,1,model.layers.12.self_attn,aten.div.Tensor,[],prefill,True
1530,self_attn,,tanh,"[[B, n_h, T, T]]",,,"[[B, n_h, T, T]]",[1529],12,self_attn,,1,model.layers.12.self_attn,aten.tanh.default,[],prefill,False
1531,self_attn,,elementwise_mul,"[[B, n_h, T, T]]",,,"[[B, n_h, T, T]]",[1530],12,self_attn,,1,model.layers.12.self_attn,aten.mul.Tensor,[],prefill,False
1532,self_attn,,elementwise_add,"[[B, n_h, T, T], [B, 1, T, T]]",,,"[[B, n_h, T, T]]","[63, 1531]",12,self_attn,,1,model.layers.12.self_attn,aten.add.Tensor,[],prefill,False
1533,self_attn,,softmax,"[[B, n_h, T, T]]",,,"[[B, n_h, T, T]]",[1532],12,self_attn,,1,model.layers.12.self_attn,aten._softmax.default,[],prefill,False
1534,self_attn,,expand,"[[B, n_h, T, T]]",,,"[[B, n_h, T, T]]",[1533],12,self_attn,,1,model.layers.12.self_attn,aten.expand.default,[],prefill,True
1535,self_attn,,view,"[[B, n_h, T, T]]",,,"[[n_h, T, T]]",[1534],12,self_attn,,1,model.layers.12.self_attn,aten.view.default,[],prefill,True
1536,self_attn,,expand,"[[B, n_h, T, d_head]]",,,"[[B, n_h, T, d_head]]",[1520],12,self_attn,,1,model.layers.12.self_attn,aten.expand.default,[],prefill,True
1537,self_attn,,view,"[[B, n_h, T, d_head]]",,,"[[n_h, T, d_head]]",[1536],12,self_attn,,1,model.layers.12.self_attn,aten.view.default,[],prefill,True
1538,self_attn,,batched_matmul,"[[n_h, T, T], [n_h, T, d_head]]",,,"[[n_h, T, d_head]]","[1535, 1537]",12,self_attn,,1,model.layers.12.self_attn,aten.bmm.default,[],prefill,False
1539,self_attn,,_unsafe_view,"[[n_h, T, d_head]]",,,"[[B, n_h, T, d_head]]",[1538],12,self_attn,,1,model.layers.12.self_attn,aten._unsafe_view.default,[],prefill,True
1540,self_attn,,transpose,"[[B, n_h, T, d_head]]",,,"[[B, T, n_h, d_head]]",[1539],12,self_attn,,1,model.layers.12.self_attn,aten.transpose.int,[],prefill,True
1541,self_attn,,clone,"[[B, T, n_h, d_head]]",,,"[[B, T, n_h, d_head]]",[1540],12,self_attn,,1,model.layers.12.self_attn,aten.clone.default,[],prefill,True
1542,self_attn,,view,"[[B, T, n_h, d_head]]",,,"[[B, T, n_h*d_head]]",[1541],12,self_attn,,1,model.layers.12.self_attn,aten.view.default,[],prefill,True
1543,self_attn,o_proj,t,"[[d_model, n_h*d_head]]","[d_model, n_h*d_head]",0,"[[n_h*d_head, d_model]]",[],12,self_attn,o_proj,2,model.layers.12.self_attn.o_proj,aten.t.default,[model.layers.12.self_attn.o_proj.weight],prefill,True
1544,self_attn,o_proj,view,"[[B, T, n_h*d_head]]",,,"[[T, n_h*d_head]]",[1542],12,self_attn,o_proj,2,model.layers.12.self_attn.o_proj,aten.view.default,[],prefill,True
1545,self_attn,o_proj,matmul,"[[T, n_h*d_head], [n_h*d_head, d_model]]","[d_model, n_h*d_head]",1,"[[T, d_model]]","[1543, 1544]",12,self_attn,o_proj,2,model.layers.12.self_attn.o_proj,aten.mm.default,[model.layers.12.self_attn.o_proj.weight],prefill,False
1546,self_attn,o_proj,_unsafe_view,"[[T, d_model]]",,,"[[B, T, d_model]]",[1545],12,self_attn,o_proj,2,model.layers.12.self_attn.o_proj,aten._unsafe_view.default,[],prefill,True
1547,post_attention_layernorm,,pow,"[[B, T, d_model]]",,,"[[B, T, d_model]]",[1546],12,post_attention_layernorm,,1,model.layers.12.post_attention_layernorm,aten.pow.Tensor_Scalar,[],prefill,False
1548,post_attention_layernorm,,mean,"[[B, T, d_model]]",,,"[[B, T, 1]]",[1547],12,post_attention_layernorm,,1,model.layers.12.post_attention_layernorm,aten.mean.dim,[],prefill,False
1549,post_attention_layernorm,,elementwise_add,"[[B, T, 1]]",,,"[[B, T, 1]]",[1548],12,post_attention_layernorm,,1,model.layers.12.post_attention_layernorm,aten.add.Tensor,[],prefill,False
1550,post_attention_layernorm,,rsqrt,"[[B, T, 1]]",,,"[[B, T, 1]]",[1549],12,post_attention_layernorm,,1,model.layers.12.post_attention_layernorm,aten.rsqrt.default,[],prefill,False
1551,post_attention_layernorm,,elementwise_mul,"[[B, T, d_model], [B, T, 1]]",,,"[[B, T, d_model]]","[1546, 1550]",12,post_attention_layernorm,,1,model.layers.12.post_attention_layernorm,aten.mul.Tensor,[],prefill,False
1552,post_attention_layernorm,,elementwise_add,[[d_model]],,,[[d_model]],[],12,post_attention_layernorm,,1,model.layers.12.post_attention_layernorm,aten.add.Tensor,[model.layers.12.post_attention_layernorm.weight],prefill,False
1553,post_attention_layernorm,,elementwise_mul,"[[B, T, d_model], [d_model]]",,,"[[B, T, d_model]]","[1551, 1552]",12,post_attention_layernorm,,1,model.layers.12.post_attention_layernorm,aten.mul.Tensor,[],prefill,False
1554,,,elementwise_add,"[[B, T, d_model], [B, T, d_model]]",,,"[[B, T, d_model]]","[1466, 1553]",12,,,0,model.layers.12,aten.add.Tensor,[],prefill,False
1555,pre_feedforward_layernorm,,pow,"[[B, T, d_model]]",,,"[[B, T, d_model]]",[1554],12,pre_feedforward_layernorm,,1,model.layers.12.pre_feedforward_layernorm,aten.pow.Tensor_Scalar,[],prefill,False
1556,pre_feedforward_layernorm,,mean,"[[B, T, d_model]]",,,"[[B, T, 1]]",[1555],12,pre_feedforward_layernorm,,1,model.layers.12.pre_feedforward_layernorm,aten.mean.dim,[],prefill,False
1557,pre_feedforward_layernorm,,elementwise_add,"[[B, T, 1]]",,,"[[B, T, 1]]",[1556],12,pre_feedforward_layernorm,,1,model.layers.12.pre_feedforward_layernorm,aten.add.Tensor,[],prefill,False
1558,pre_feedforward_layernorm,,rsqrt,"[[B, T, 1]]",,,"[[B, T, 1]]",[1557],12,pre_feedforward_layernorm,,1,model.layers.12.pre_feedforward_layernorm,aten.rsqrt.default,[],prefill,False
1559,pre_feedforward_layernorm,,elementwise_mul,"[[B, T, d_model], [B, T, 1]]",,,"[[B, T, d_model]]","[1554, 1558]",12,pre_feedforward_layernorm,,1,model.layers.12.pre_feedforward_layernorm,aten.mul.Tensor,[],prefill,False
1560,pre_feedforward_layernorm,,elementwise_add,[[d_model]],,,[[d_model]],[],12,pre_feedforward_layernorm,,1,model.layers.12.pre_feedforward_layernorm,aten.add.Tensor,[model.layers.12.pre_feedforward_layernorm.weight],prefill,False
1561,pre_feedforward_layernorm,,elementwise_mul,"[[B, T, d_model], [d_model]]",,,"[[B, T, d_model]]","[1559, 1560]",12,pre_feedforward_layernorm,,1,model.layers.12.pre_feedforward_layernorm,aten.mul.Tensor,[],prefill,False
1562,mlp,gate_proj,t,"[[d_ff, d_model]]","[d_ff, d_model]",0,"[[d_model, d_ff]]",[],12,mlp,gate_proj,2,model.layers.12.mlp.gate_proj,aten.t.default,[model.layers.12.mlp.gate_proj.weight],prefill,True
1563,mlp,gate_proj,view,"[[B, T, d_model]]",,,"[[T, d_model]]",[1561],12,mlp,gate_proj,2,model.layers.12.mlp.gate_proj,aten.view.default,[],prefill,True
1564,mlp,gate_proj,matmul,"[[T, d_model], [d_model, d_ff]]","[d_ff, d_model]",1,"[[T, d_ff]]","[1562, 1563]",12,mlp,gate_proj,2,model.layers.12.mlp.gate_proj,aten.mm.default,[model.layers.12.mlp.gate_proj.weight],prefill,False
1565,mlp,gate_proj,_unsafe_view,"[[T, d_ff]]",,,"[[B, T, d_ff]]",[1564],12,mlp,gate_proj,2,model.layers.12.mlp.gate_proj,aten._unsafe_view.default,[],prefill,True
1566,mlp,act_fn,gelu,"[[B, T, d_ff]]",,,"[[B, T, d_ff]]",[1565],12,mlp,act_fn,2,model.layers.12.mlp.act_fn,aten.gelu.default,[],prefill,False
1567,mlp,up_proj,t,"[[d_ff, d_model]]","[d_ff, d_model]",0,"[[d_model, d_ff]]",[],12,mlp,up_proj,2,model.layers.12.mlp.up_proj,aten.t.default,[model.layers.12.mlp.up_proj.weight],prefill,True
1568,mlp,up_proj,view,"[[B, T, d_model]]",,,"[[T, d_model]]",[1561],12,mlp,up_proj,2,model.layers.12.mlp.up_proj,aten.view.default,[],prefill,True
1569,mlp,up_proj,matmul,"[[T, d_model], [d_model, d_ff]]","[d_ff, d_model]",1,"[[T, d_ff]]","[1567, 1568]",12,mlp,up_proj,2,model.layers.12.mlp.up_proj,aten.mm.default,[model.layers.12.mlp.up_proj.weight],prefill,False
1570,mlp,up_proj,_unsafe_view,"[[T, d_ff]]",,,"[[B, T, d_ff]]",[1569],12,mlp,up_proj,2,model.layers.12.mlp.up_proj,aten._unsafe_view.default,[],prefill,True
1571,mlp,,elementwise_mul,"[[B, T, d_ff], [B, T, d_ff]]",,,"[[B, T, d_ff]]","[1566, 1570]",12,mlp,,1,model.layers.12.mlp,aten.mul.Tensor,[],prefill,False
1572,mlp,down_proj,t,"[[d_model, d_ff]]","[d_model, d_ff]",0,"[[d_ff, d_model]]",[],12,mlp,down_proj,2,model.layers.12.mlp.down_proj,aten.t.default,[model.layers.12.mlp.down_proj.weight],prefill,True
1573,mlp,down_proj,view,"[[B, T, d_ff]]",,,"[[T, d_ff]]",[1571],12,mlp,down_proj,2,model.layers.12.mlp.down_proj,aten.view.default,[],prefill,True
1574,mlp,down_proj,matmul,"[[T, d_ff], [d_ff, d_model]]","[d_model, d_ff]",1,"[[T, d_model]]","[1572, 1573]",12,mlp,down_proj,2,model.layers.12.mlp.down_proj,aten.mm.default,[model.layers.12.mlp.down_proj.weight],prefill,False
1575,mlp,down_proj,_unsafe_view,"[[T, d_model]]",,,"[[B, T, d_model]]",[1574],12,mlp,down_proj,2,model.layers.12.mlp.down_proj,aten._unsafe_view.default,[],prefill,True
1576,post_feedforward_layernorm,,pow,"[[B, T, d_model]]",,,"[[B, T, d_model]]",[1575],12,post_feedforward_layernorm,,1,model.layers.12.post_feedforward_layernorm,aten.pow.Tensor_Scalar,[],prefill,False
1577,post_feedforward_layernorm,,mean,"[[B, T, d_model]]",,,"[[B, T, 1]]",[1576],12,post_feedforward_layernorm,,1,model.layers.12.post_feedforward_layernorm,aten.mean.dim,[],prefill,False
1578,post_feedforward_layernorm,,elementwise_add,"[[B, T, 1]]",,,"[[B, T, 1]]",[1577],12,post_feedforward_layernorm,,1,model.layers.12.post_feedforward_layernorm,aten.add.Tensor,[],prefill,False
1579,post_feedforward_layernorm,,rsqrt,"[[B, T, 1]]",,,"[[B, T, 1]]",[1578],12,post_feedforward_layernorm,,1,model.layers.12.post_feedforward_layernorm,aten.rsqrt.default,[],prefill,False
1580,post_feedforward_layernorm,,elementwise_mul,"[[B, T, d_model], [B, T, 1]]",,,"[[B, T, d_model]]","[1575, 1579]",12,post_feedforward_layernorm,,1,model.layers.12.post_feedforward_layernorm,aten.mul.Tensor,[],prefill,False
1581,post_feedforward_layernorm,,elementwise_add,[[d_model]],,,[[d_model]],[],12,post_feedforward_layernorm,,1,model.layers.12.post_feedforward_layernorm,aten.add.Tensor,[model.layers.12.post_feedforward_layernorm.weight],prefill,False
1582,post_feedforward_layernorm,,elementwise_mul,"[[B, T, d_model], [d_model]]",,,"[[B, T, d_model]]","[1580, 1581]",12,post_feedforward_layernorm,,1,model.layers.12.post_feedforward_layernorm,aten.mul.Tensor,[],prefill,False
1583,,,elementwise_add,"[[B, T, d_model], [B, T, d_model]]",,,"[[B, T, d_model]]","[1554, 1582]",12,,,0,model.layers.12,aten.add.Tensor,[],prefill,False
1584,input_layernorm,,pow,"[[B, T, d_model]]",,,"[[B, T, d_model]]",[1583],13,input_layernorm,,1,model.layers.13.input_layernorm,aten.pow.Tensor_Scalar,[],prefill,False
1585,input_layernorm,,mean,"[[B, T, d_model]]",,,"[[B, T, 1]]",[1584],13,input_layernorm,,1,model.layers.13.input_layernorm,aten.mean.dim,[],prefill,False
1586,input_layernorm,,elementwise_add,"[[B, T, 1]]",,,"[[B, T, 1]]",[1585],13,input_layernorm,,1,model.layers.13.input_layernorm,aten.add.Tensor,[],prefill,False
1587,input_layernorm,,rsqrt,"[[B, T, 1]]",,,"[[B, T, 1]]",[1586],13,input_layernorm,,1,model.layers.13.input_layernorm,aten.rsqrt.default,[],prefill,False
1588,input_layernorm,,elementwise_mul,"[[B, T, d_model], [B, T, 1]]",,,"[[B, T, d_model]]","[1583, 1587]",13,input_layernorm,,1,model.layers.13.input_layernorm,aten.mul.Tensor,[],prefill,False
1589,input_layernorm,,elementwise_add,[[d_model]],,,[[d_model]],[],13,input_layernorm,,1,model.layers.13.input_layernorm,aten.add.Tensor,[model.layers.13.input_layernorm.weight],prefill,False
1590,input_layernorm,,elementwise_mul,"[[B, T, d_model], [d_model]]",,,"[[B, T, d_model]]","[1588, 1589]",13,input_layernorm,,1,model.layers.13.input_layernorm,aten.mul.Tensor,[],prefill,False
1591,self_attn,q_proj,t,"[[n_h*d_head, d_model]]","[n_h*d_head, d_model]",0,"[[d_model, n_h*d_head]]",[],13,self_attn,q_proj,2,model.layers.13.self_attn.q_proj,aten.t.default,[model.layers.13.self_attn.q_proj.weight],prefill,True
1592,self_attn,q_proj,view,"[[B, T, d_model]]",,,"[[T, d_model]]",[1590],13,self_attn,q_proj,2,model.layers.13.self_attn.q_proj,aten.view.default,[],prefill,True
1593,self_attn,q_proj,matmul,"[[T, d_model], [d_model, n_h*d_head]]","[n_h*d_head, d_model]",1,"[[T, n_h*d_head]]","[1591, 1592]",13,self_attn,q_proj,2,model.layers.13.self_attn.q_proj,aten.mm.default,[model.layers.13.self_attn.q_proj.weight],prefill,False
1594,self_attn,q_proj,_unsafe_view,"[[T, n_h*d_head]]",,,"[[B, T, n_h*d_head]]",[1593],13,self_attn,q_proj,2,model.layers.13.self_attn.q_proj,aten._unsafe_view.default,[],prefill,True
1595,self_attn,,view,"[[B, T, n_h*d_head]]",,,"[[B, T, n_h, d_head]]",[1594],13,self_attn,,1,model.layers.13.self_attn,aten.view.default,[],prefill,True
1596,self_attn,,transpose,"[[B, T, n_h, d_head]]",,,"[[B, n_h, T, d_head]]",[1595],13,self_attn,,1,model.layers.13.self_attn,aten.transpose.int,[],prefill,True
1597,self_attn,k_proj,t,"[[n_kv*d_head, d_model]]","[n_kv*d_head, d_model]",0,"[[d_model, n_kv*d_head]]",[],13,self_attn,k_proj,2,model.layers.13.self_attn.k_proj,aten.t.default,[model.layers.13.self_attn.k_proj.weight],prefill,True
1598,self_attn,k_proj,view,"[[B, T, d_model]]",,,"[[T, d_model]]",[1590],13,self_attn,k_proj,2,model.layers.13.self_attn.k_proj,aten.view.default,[],prefill,True
1599,self_attn,k_proj,matmul,"[[T, d_model], [d_model, n_kv*d_head]]","[n_kv*d_head, d_model]",1,"[[T, n_kv*d_head]]","[1597, 1598]",13,self_attn,k_proj,2,model.layers.13.self_attn.k_proj,aten.mm.default,[model.layers.13.self_attn.k_proj.weight],prefill,False
1600,self_attn,k_proj,_unsafe_view,"[[T, n_kv*d_head]]",,,"[[B, T, n_kv*d_head]]",[1599],13,self_attn,k_proj,2,model.layers.13.self_attn.k_proj,aten._unsafe_view.default,[],prefill,True
1601,self_attn,,view,"[[B, T, n_kv*d_head]]",,,"[[B, T, n_kv, d_head]]",[1600],13,self_attn,,1,model.layers.13.self_attn,aten.view.default,[],prefill,True
1602,self_attn,,transpose,"[[B, T, n_kv, d_head]]",,,"[[B, n_kv, T, d_head]]",[1601],13,self_attn,,1,model.layers.13.self_attn,aten.transpose.int,[],prefill,True
1603,self_attn,v_proj,t,"[[n_kv*d_head, d_model]]","[n_kv*d_head, d_model]",0,"[[d_model, n_kv*d_head]]",[],13,self_attn,v_proj,2,model.layers.13.self_attn.v_proj,aten.t.default,[model.layers.13.self_attn.v_proj.weight],prefill,True
1604,self_attn,v_proj,view,"[[B, T, d_model]]",,,"[[T, d_model]]",[1590],13,self_attn,v_proj,2,model.layers.13.self_attn.v_proj,aten.view.default,[],prefill,True
1605,self_attn,v_proj,matmul,"[[T, d_model], [d_model, n_kv*d_head]]","[n_kv*d_head, d_model]",1,"[[T, n_kv*d_head]]","[1603, 1604]",13,self_attn,v_proj,2,model.layers.13.self_attn.v_proj,aten.mm.default,[model.layers.13.self_attn.v_proj.weight],prefill,False
1606,self_attn,v_proj,_unsafe_view,"[[T, n_kv*d_head]]",,,"[[B, T, n_kv*d_head]]",[1605],13,self_attn,v_proj,2,model.layers.13.self_attn.v_proj,aten._unsafe_view.default,[],prefill,True
1607,self_attn,,view,"[[B, T, n_kv*d_head]]",,,"[[B, T, n_kv, d_head]]",[1606],13,self_attn,,1,model.layers.13.self_attn,aten.view.default,[],prefill,True
1608,self_attn,,transpose,"[[B, T, n_kv, d_head]]",,,"[[B, n_kv, T, d_head]]",[1607],13,self_attn,,1,model.layers.13.self_attn,aten.transpose.int,[],prefill,True
1609,self_attn,,unsqueeze,"[[B, T, d_head]]",,,"[[B, 1, T, d_head]]",[78],13,self_attn,,1,model.layers.13.self_attn,aten.unsqueeze.default,[],prefill,True
1610,self_attn,,unsqueeze,"[[B, T, d_head]]",,,"[[B, 1, T, d_head]]",[80],13,self_attn,,1,model.layers.13.self_attn,aten.unsqueeze.default,[],prefill,True
1611,self_attn,,elementwise_mul,"[[B, n_h, T, d_head], [B, 1, T, d_head]]",,,"[[B, n_h, T, d_head]]","[1596, 1609]",13,self_attn,,1,model.layers.13.self_attn,aten.mul.Tensor,[],prefill,False
1612,self_attn,,slice,"[[B, n_h, T, d_head]]",,,"[[B, n_h, T, d_head/2]]",[1596],13,self_attn,,1,model.layers.13.self_attn,aten.slice.Tensor,[],prefill,True
1613,self_attn,,slice,"[[B, n_h, T, d_head]]",,,"[[B, n_h, T, d_head/2]]",[1596],13,self_attn,,1,model.layers.13.self_attn,aten.slice.Tensor,[],prefill,True
1614,self_attn,,neg,"[[B, n_h, T, d_head/2]]",,,"[[B, n_h, T, d_head/2]]",[1613],13,self_attn,,1,model.layers.13.self_attn,aten.neg.default,[],prefill,False
1615,self_attn,,concat,"[[B, n_h, T, d_head/2], [B, n_h, T, d_head/2]]",,,"[[B, n_h, T, d_head]]","[1612, 1614]",13,self_attn,,1,model.layers.13.self_attn,aten.cat.default,[],prefill,False
1616,self_attn,,elementwise_mul,"[[B, n_h, T, d_head], [B, 1, T, d_head]]",,,"[[B, n_h, T, d_head]]","[1610, 1615]",13,self_attn,,1,model.layers.13.self_attn,aten.mul.Tensor,[],prefill,False
1617,self_attn,,elementwise_add,"[[B, n_h, T, d_head], [B, n_h, T, d_head]]",,,"[[B, n_h, T, d_head]]","[1611, 1616]",13,self_attn,,1,model.layers.13.self_attn,aten.add.Tensor,[],prefill,False
1618,self_attn,,elementwise_mul,"[[B, n_kv, T, d_head], [B, 1, T, d_head]]",,,"[[B, n_kv, T, d_head]]","[1602, 1609]",13,self_attn,,1,model.layers.13.self_attn,aten.mul.Tensor,[],prefill,False
1619,self_attn,,slice,"[[B, n_kv, T, d_head]]",,,"[[B, n_kv, T, d_head/2]]",[1602],13,self_attn,,1,model.layers.13.self_attn,aten.slice.Tensor,[],prefill,True
1620,self_attn,,slice,"[[B, n_kv, T, d_head]]",,,"[[B, n_kv, T, d_head/2]]",[1602],13,self_attn,,1,model.layers.13.self_attn,aten.slice.Tensor,[],prefill,True
1621,self_attn,,neg,"[[B, n_kv, T, d_head/2]]",,,"[[B, n_kv, T, d_head/2]]",[1620],13,self_attn,,1,model.layers.13.self_attn,aten.neg.default,[],prefill,False
1622,self_attn,,concat,"[[B, n_kv, T, d_head/2], [B, n_kv, T, d_head/2]]",,,"[[B, n_kv, T, d_head]]","[1619, 1621]",13,self_attn,,1,model.layers.13.self_attn,aten.cat.default,[],prefill,False
1623,self_attn,,elementwise_mul,"[[B, n_kv, T, d_head], [B, 1, T, d_head]]",,,"[[B, n_kv, T, d_head]]","[1610, 1622]",13,self_attn,,1,model.layers.13.self_attn,aten.mul.Tensor,[],prefill,False
1624,self_attn,,elementwise_add,"[[B, n_kv, T, d_head], [B, n_kv, T, d_head]]",,,"[[B, n_kv, T, d_head]]","[1618, 1623]",13,self_attn,,1,model.layers.13.self_attn,aten.add.Tensor,[],prefill,False
1625,self_attn,,concat,"[[0], [B, n_kv, T, d_head]]",,,"[[B, n_kv, T, d_head]]",[1624],13,self_attn,,1,model.layers.13.self_attn,aten.cat.default,[],prefill,False
1626,self_attn,,concat,"[[0], [B, n_kv, T, d_head]]",,,"[[B, n_kv, T, d_head]]",[1608],13,self_attn,,1,model.layers.13.self_attn,aten.cat.default,[],prefill,False
1627,self_attn,,unsqueeze,"[[B, n_kv, T, d_head]]",,,"[[B, n_kv, 1, T, d_head]]",[1625],13,self_attn,,1,model.layers.13.self_attn,aten.unsqueeze.default,[],prefill,True
1628,self_attn,,expand,"[[B, n_kv, 1, T, d_head]]",,,"[[B, n_kv, n_h/n_kv, T, d_head]]",[1627],13,self_attn,,1,model.layers.13.self_attn,aten.expand.default,[],prefill,True
1629,self_attn,,clone,"[[B, n_kv, n_h/n_kv, T, d_head]]",,,"[[B, n_kv, n_h/n_kv, T, d_head]]",[1628],13,self_attn,,1,model.layers.13.self_attn,aten.clone.default,[],prefill,True
1630,self_attn,,_unsafe_view,"[[B, n_kv, n_h/n_kv, T, d_head]]",,,"[[B, n_h, T, d_head]]",[1629],13,self_attn,,1,model.layers.13.self_attn,aten._unsafe_view.default,[],prefill,True
1631,self_attn,,unsqueeze,"[[B, n_kv, T, d_head]]",,,"[[B, n_kv, 1, T, d_head]]",[1626],13,self_attn,,1,model.layers.13.self_attn,aten.unsqueeze.default,[],prefill,True
1632,self_attn,,expand,"[[B, n_kv, 1, T, d_head]]",,,"[[B, n_kv, n_h/n_kv, T, d_head]]",[1631],13,self_attn,,1,model.layers.13.self_attn,aten.expand.default,[],prefill,True
1633,self_attn,,clone,"[[B, n_kv, n_h/n_kv, T, d_head]]",,,"[[B, n_kv, n_h/n_kv, T, d_head]]",[1632],13,self_attn,,1,model.layers.13.self_attn,aten.clone.default,[],prefill,True
1634,self_attn,,_unsafe_view,"[[B, n_kv, n_h/n_kv, T, d_head]]",,,"[[B, n_h, T, d_head]]",[1633],13,self_attn,,1,model.layers.13.self_attn,aten._unsafe_view.default,[],prefill,True
1635,self_attn,,transpose,"[[B, n_h, T, d_head]]",,,"[[B, n_h, d_head, T]]",[1630],13,self_attn,,1,model.layers.13.self_attn,aten.transpose.int,[],prefill,True
1636,self_attn,,expand,"[[B, n_h, T, d_head]]",,,"[[B, n_h, T, d_head]]",[1617],13,self_attn,,1,model.layers.13.self_attn,aten.expand.default,[],prefill,True
1637,self_attn,,view,"[[B, n_h, T, d_head]]",,,"[[n_h, T, d_head]]",[1636],13,self_attn,,1,model.layers.13.self_attn,aten.view.default,[],prefill,True
1638,self_attn,,expand,"[[B, n_h, d_head, T]]",,,"[[B, n_h, d_head, T]]",[1635],13,self_attn,,1,model.layers.13.self_attn,aten.expand.default,[],prefill,True
1639,self_attn,,view,"[[B, n_h, d_head, T]]",,,"[[n_h, d_head, T]]",[1638],13,self_attn,,1,model.layers.13.self_attn,aten.view.default,[],prefill,True
1640,self_attn,,batched_matmul,"[[n_h, T, d_head], [n_h, d_head, T]]",,,"[[n_h, T, T]]","[1637, 1639]",13,self_attn,,1,model.layers.13.self_attn,aten.bmm.default,[],prefill,False
1641,self_attn,,_unsafe_view,"[[n_h, T, T]]",,,"[[B, n_h, T, T]]",[1640],13,self_attn,,1,model.layers.13.self_attn,aten._unsafe_view.default,[],prefill,True
1642,self_attn,,elementwise_mul,"[[B, n_h, T, T]]",,,"[[B, n_h, T, T]]",[1641],13,self_attn,,1,model.layers.13.self_attn,aten.mul.Tensor,[],prefill,False
1643,self_attn,,div,"[[B, n_h, T, T]]",,,"[[B, n_h, T, T]]",[1642],13,self_attn,,1,model.layers.13.self_attn,aten.div.Tensor,[],prefill,True
1644,self_attn,,tanh,"[[B, n_h, T, T]]",,,"[[B, n_h, T, T]]",[1643],13,self_attn,,1,model.layers.13.self_attn,aten.tanh.default,[],prefill,False
1645,self_attn,,elementwise_mul,"[[B, n_h, T, T]]",,,"[[B, n_h, T, T]]",[1644],13,self_attn,,1,model.layers.13.self_attn,aten.mul.Tensor,[],prefill,False
1646,self_attn,,elementwise_add,"[[B, n_h, T, T], [B, 1, T, T]]",,,"[[B, n_h, T, T]]","[36, 1645]",13,self_attn,,1,model.layers.13.self_attn,aten.add.Tensor,[],prefill,False
1647,self_attn,,softmax,"[[B, n_h, T, T]]",,,"[[B, n_h, T, T]]",[1646],13,self_attn,,1,model.layers.13.self_attn,aten._softmax.default,[],prefill,False
1648,self_attn,,expand,"[[B, n_h, T, T]]",,,"[[B, n_h, T, T]]",[1647],13,self_attn,,1,model.layers.13.self_attn,aten.expand.default,[],prefill,True
1649,self_attn,,view,"[[B, n_h, T, T]]",,,"[[n_h, T, T]]",[1648],13,self_attn,,1,model.layers.13.self_attn,aten.view.default,[],prefill,True
1650,self_attn,,expand,"[[B, n_h, T, d_head]]",,,"[[B, n_h, T, d_head]]",[1634],13,self_attn,,1,model.layers.13.self_attn,aten.expand.default,[],prefill,True
1651,self_attn,,view,"[[B, n_h, T, d_head]]",,,"[[n_h, T, d_head]]",[1650],13,self_attn,,1,model.layers.13.self_attn,aten.view.default,[],prefill,True
1652,self_attn,,batched_matmul,"[[n_h, T, T], [n_h, T, d_head]]",,,"[[n_h, T, d_head]]","[1649, 1651]",13,self_attn,,1,model.layers.13.self_attn,aten.bmm.default,[],prefill,False
1653,self_attn,,_unsafe_view,"[[n_h, T, d_head]]",,,"[[B, n_h, T, d_head]]",[1652],13,self_attn,,1,model.layers.13.self_attn,aten._unsafe_view.default,[],prefill,True
1654,self_attn,,transpose,"[[B, n_h, T, d_head]]",,,"[[B, T, n_h, d_head]]",[1653],13,self_attn,,1,model.layers.13.self_attn,aten.transpose.int,[],prefill,True
1655,self_attn,,clone,"[[B, T, n_h, d_head]]",,,"[[B, T, n_h, d_head]]",[1654],13,self_attn,,1,model.layers.13.self_attn,aten.clone.default,[],prefill,True
1656,self_attn,,view,"[[B, T, n_h, d_head]]",,,"[[B, T, n_h*d_head]]",[1655],13,self_attn,,1,model.layers.13.self_attn,aten.view.default,[],prefill,True
1657,self_attn,o_proj,t,"[[d_model, n_h*d_head]]","[d_model, n_h*d_head]",0,"[[n_h*d_head, d_model]]",[],13,self_attn,o_proj,2,model.layers.13.self_attn.o_proj,aten.t.default,[model.layers.13.self_attn.o_proj.weight],prefill,True
1658,self_attn,o_proj,view,"[[B, T, n_h*d_head]]",,,"[[T, n_h*d_head]]",[1656],13,self_attn,o_proj,2,model.layers.13.self_attn.o_proj,aten.view.default,[],prefill,True
1659,self_attn,o_proj,matmul,"[[T, n_h*d_head], [n_h*d_head, d_model]]","[d_model, n_h*d_head]",1,"[[T, d_model]]","[1657, 1658]",13,self_attn,o_proj,2,model.layers.13.self_attn.o_proj,aten.mm.default,[model.layers.13.self_attn.o_proj.weight],prefill,False
1660,self_attn,o_proj,_unsafe_view,"[[T, d_model]]",,,"[[B, T, d_model]]",[1659],13,self_attn,o_proj,2,model.layers.13.self_attn.o_proj,aten._unsafe_view.default,[],prefill,True
1661,post_attention_layernorm,,pow,"[[B, T, d_model]]",,,"[[B, T, d_model]]",[1660],13,post_attention_layernorm,,1,model.layers.13.post_attention_layernorm,aten.pow.Tensor_Scalar,[],prefill,False
1662,post_attention_layernorm,,mean,"[[B, T, d_model]]",,,"[[B, T, 1]]",[1661],13,post_attention_layernorm,,1,model.layers.13.post_attention_layernorm,aten.mean.dim,[],prefill,False
1663,post_attention_layernorm,,elementwise_add,"[[B, T, 1]]",,,"[[B, T, 1]]",[1662],13,post_attention_layernorm,,1,model.layers.13.post_attention_layernorm,aten.add.Tensor,[],prefill,False
1664,post_attention_layernorm,,rsqrt,"[[B, T, 1]]",,,"[[B, T, 1]]",[1663],13,post_attention_layernorm,,1,model.layers.13.post_attention_layernorm,aten.rsqrt.default,[],prefill,False
1665,post_attention_layernorm,,elementwise_mul,"[[B, T, d_model], [B, T, 1]]",,,"[[B, T, d_model]]","[1660, 1664]",13,post_attention_layernorm,,1,model.layers.13.post_attention_layernorm,aten.mul.Tensor,[],prefill,False
1666,post_attention_layernorm,,elementwise_add,[[d_model]],,,[[d_model]],[],13,post_attention_layernorm,,1,model.layers.13.post_attention_layernorm,aten.add.Tensor,[model.layers.13.post_attention_layernorm.weight],prefill,False
1667,post_attention_layernorm,,elementwise_mul,"[[B, T, d_model], [d_model]]",,,"[[B, T, d_model]]","[1665, 1666]",13,post_attention_layernorm,,1,model.layers.13.post_attention_layernorm,aten.mul.Tensor,[],prefill,False
1668,,,elementwise_add,"[[B, T, d_model], [B, T, d_model]]",,,"[[B, T, d_model]]","[1583, 1667]",13,,,0,model.layers.13,aten.add.Tensor,[],prefill,False
1669,pre_feedforward_layernorm,,pow,"[[B, T, d_model]]",,,"[[B, T, d_model]]",[1668],13,pre_feedforward_layernorm,,1,model.layers.13.pre_feedforward_layernorm,aten.pow.Tensor_Scalar,[],prefill,False
1670,pre_feedforward_layernorm,,mean,"[[B, T, d_model]]",,,"[[B, T, 1]]",[1669],13,pre_feedforward_layernorm,,1,model.layers.13.pre_feedforward_layernorm,aten.mean.dim,[],prefill,False
1671,pre_feedforward_layernorm,,elementwise_add,"[[B, T, 1]]",,,"[[B, T, 1]]",[1670],13,pre_feedforward_layernorm,,1,model.layers.13.pre_feedforward_layernorm,aten.add.Tensor,[],prefill,False
1672,pre_feedforward_layernorm,,rsqrt,"[[B, T, 1]]",,,"[[B, T, 1]]",[1671],13,pre_feedforward_layernorm,,1,model.layers.13.pre_feedforward_layernorm,aten.rsqrt.default,[],prefill,False
1673,pre_feedforward_layernorm,,elementwise_mul,"[[B, T, d_model], [B, T, 1]]",,,"[[B, T, d_model]]","[1668, 1672]",13,pre_feedforward_layernorm,,1,model.layers.13.pre_feedforward_layernorm,aten.mul.Tensor,[],prefill,False
1674,pre_feedforward_layernorm,,elementwise_add,[[d_model]],,,[[d_model]],[],13,pre_feedforward_layernorm,,1,model.layers.13.pre_feedforward_layernorm,aten.add.Tensor,[model.layers.13.pre_feedforward_layernorm.weight],prefill,False
1675,pre_feedforward_layernorm,,elementwise_mul,"[[B, T, d_model], [d_model]]",,,"[[B, T, d_model]]","[1673, 1674]",13,pre_feedforward_layernorm,,1,model.layers.13.pre_feedforward_layernorm,aten.mul.Tensor,[],prefill,False
1676,mlp,gate_proj,t,"[[d_ff, d_model]]","[d_ff, d_model]",0,"[[d_model, d_ff]]",[],13,mlp,gate_proj,2,model.layers.13.mlp.gate_proj,aten.t.default,[model.layers.13.mlp.gate_proj.weight],prefill,True
1677,mlp,gate_proj,view,"[[B, T, d_model]]",,,"[[T, d_model]]",[1675],13,mlp,gate_proj,2,model.layers.13.mlp.gate_proj,aten.view.default,[],prefill,True
1678,mlp,gate_proj,matmul,"[[T, d_model], [d_model, d_ff]]","[d_ff, d_model]",1,"[[T, d_ff]]","[1676, 1677]",13,mlp,gate_proj,2,model.layers.13.mlp.gate_proj,aten.mm.default,[model.layers.13.mlp.gate_proj.weight],prefill,False
1679,mlp,gate_proj,_unsafe_view,"[[T, d_ff]]",,,"[[B, T, d_ff]]",[1678],13,mlp,gate_proj,2,model.layers.13.mlp.gate_proj,aten._unsafe_view.default,[],prefill,True
1680,mlp,act_fn,gelu,"[[B, T, d_ff]]",,,"[[B, T, d_ff]]",[1679],13,mlp,act_fn,2,model.layers.13.mlp.act_fn,aten.gelu.default,[],prefill,False
1681,mlp,up_proj,t,"[[d_ff, d_model]]","[d_ff, d_model]",0,"[[d_model, d_ff]]",[],13,mlp,up_proj,2,model.layers.13.mlp.up_proj,aten.t.default,[model.layers.13.mlp.up_proj.weight],prefill,True
1682,mlp,up_proj,view,"[[B, T, d_model]]",,,"[[T, d_model]]",[1675],13,mlp,up_proj,2,model.layers.13.mlp.up_proj,aten.view.default,[],prefill,True
1683,mlp,up_proj,matmul,"[[T, d_model], [d_model, d_ff]]","[d_ff, d_model]",1,"[[T, d_ff]]","[1681, 1682]",13,mlp,up_proj,2,model.layers.13.mlp.up_proj,aten.mm.default,[model.layers.13.mlp.up_proj.weight],prefill,False
1684,mlp,up_proj,_unsafe_view,"[[T, d_ff]]",,,"[[B, T, d_ff]]",[1683],13,mlp,up_proj,2,model.layers.13.mlp.up_proj,aten._unsafe_view.default,[],prefill,True
1685,mlp,,elementwise_mul,"[[B, T, d_ff], [B, T, d_ff]]",,,"[[B, T, d_ff]]","[1680, 1684]",13,mlp,,1,model.layers.13.mlp,aten.mul.Tensor,[],prefill,False
1686,mlp,down_proj,t,"[[d_model, d_ff]]","[d_model, d_ff]",0,"[[d_ff, d_model]]",[],13,mlp,down_proj,2,model.layers.13.mlp.down_proj,aten.t.default,[model.layers.13.mlp.down_proj.weight],prefill,True
1687,mlp,down_proj,view,"[[B, T, d_ff]]",,,"[[T, d_ff]]",[1685],13,mlp,down_proj,2,model.layers.13.mlp.down_proj,aten.view.default,[],prefill,True
1688,mlp,down_proj,matmul,"[[T, d_ff], [d_ff, d_model]]","[d_model, d_ff]",1,"[[T, d_model]]","[1686, 1687]",13,mlp,down_proj,2,model.layers.13.mlp.down_proj,aten.mm.default,[model.layers.13.mlp.down_proj.weight],prefill,False
1689,mlp,down_proj,_unsafe_view,"[[T, d_model]]",,,"[[B, T, d_model]]",[1688],13,mlp,down_proj,2,model.layers.13.mlp.down_proj,aten._unsafe_view.default,[],prefill,True
1690,post_feedforward_layernorm,,pow,"[[B, T, d_model]]",,,"[[B, T, d_model]]",[1689],13,post_feedforward_layernorm,,1,model.layers.13.post_feedforward_layernorm,aten.pow.Tensor_Scalar,[],prefill,False
1691,post_feedforward_layernorm,,mean,"[[B, T, d_model]]",,,"[[B, T, 1]]",[1690],13,post_feedforward_layernorm,,1,model.layers.13.post_feedforward_layernorm,aten.mean.dim,[],prefill,False
1692,post_feedforward_layernorm,,elementwise_add,"[[B, T, 1]]",,,"[[B, T, 1]]",[1691],13,post_feedforward_layernorm,,1,model.layers.13.post_feedforward_layernorm,aten.add.Tensor,[],prefill,False
1693,post_feedforward_layernorm,,rsqrt,"[[B, T, 1]]",,,"[[B, T, 1]]",[1692],13,post_feedforward_layernorm,,1,model.layers.13.post_feedforward_layernorm,aten.rsqrt.default,[],prefill,False
1694,post_feedforward_layernorm,,elementwise_mul,"[[B, T, d_model], [B, T, 1]]",,,"[[B, T, d_model]]","[1689, 1693]",13,post_feedforward_layernorm,,1,model.layers.13.post_feedforward_layernorm,aten.mul.Tensor,[],prefill,False
1695,post_feedforward_layernorm,,elementwise_add,[[d_model]],,,[[d_model]],[],13,post_feedforward_layernorm,,1,model.layers.13.post_feedforward_layernorm,aten.add.Tensor,[model.layers.13.post_feedforward_layernorm.weight],prefill,False
1696,post_feedforward_layernorm,,elementwise_mul,"[[B, T, d_model], [d_model]]",,,"[[B, T, d_model]]","[1694, 1695]",13,post_feedforward_layernorm,,1,model.layers.13.post_feedforward_layernorm,aten.mul.Tensor,[],prefill,False
1697,,,elementwise_add,"[[B, T, d_model], [B, T, d_model]]",,,"[[B, T, d_model]]","[1668, 1696]",13,,,0,model.layers.13,aten.add.Tensor,[],prefill,False
1698,input_layernorm,,pow,"[[B, T, d_model]]",,,"[[B, T, d_model]]",[1697],14,input_layernorm,,1,model.layers.14.input_layernorm,aten.pow.Tensor_Scalar,[],prefill,False
1699,input_layernorm,,mean,"[[B, T, d_model]]",,,"[[B, T, 1]]",[1698],14,input_layernorm,,1,model.layers.14.input_layernorm,aten.mean.dim,[],prefill,False
1700,input_layernorm,,elementwise_add,"[[B, T, 1]]",,,"[[B, T, 1]]",[1699],14,input_layernorm,,1,model.layers.14.input_layernorm,aten.add.Tensor,[],prefill,False
1701,input_layernorm,,rsqrt,"[[B, T, 1]]",,,"[[B, T, 1]]",[1700],14,input_layernorm,,1,model.layers.14.input_layernorm,aten.rsqrt.default,[],prefill,False
1702,input_layernorm,,elementwise_mul,"[[B, T, d_model], [B, T, 1]]",,,"[[B, T, d_model]]","[1697, 1701]",14,input_layernorm,,1,model.layers.14.input_layernorm,aten.mul.Tensor,[],prefill,False
1703,input_layernorm,,elementwise_add,[[d_model]],,,[[d_model]],[],14,input_layernorm,,1,model.layers.14.input_layernorm,aten.add.Tensor,[model.layers.14.input_layernorm.weight],prefill,False
1704,input_layernorm,,elementwise_mul,"[[B, T, d_model], [d_model]]",,,"[[B, T, d_model]]","[1702, 1703]",14,input_layernorm,,1,model.layers.14.input_layernorm,aten.mul.Tensor,[],prefill,False
1705,self_attn,q_proj,t,"[[n_h*d_head, d_model]]","[n_h*d_head, d_model]",0,"[[d_model, n_h*d_head]]",[],14,self_attn,q_proj,2,model.layers.14.self_attn.q_proj,aten.t.default,[model.layers.14.self_attn.q_proj.weight],prefill,True
1706,self_attn,q_proj,view,"[[B, T, d_model]]",,,"[[T, d_model]]",[1704],14,self_attn,q_proj,2,model.layers.14.self_attn.q_proj,aten.view.default,[],prefill,True
1707,self_attn,q_proj,matmul,"[[T, d_model], [d_model, n_h*d_head]]","[n_h*d_head, d_model]",1,"[[T, n_h*d_head]]","[1705, 1706]",14,self_attn,q_proj,2,model.layers.14.self_attn.q_proj,aten.mm.default,[model.layers.14.self_attn.q_proj.weight],prefill,False
1708,self_attn,q_proj,_unsafe_view,"[[T, n_h*d_head]]",,,"[[B, T, n_h*d_head]]",[1707],14,self_attn,q_proj,2,model.layers.14.self_attn.q_proj,aten._unsafe_view.default,[],prefill,True
1709,self_attn,,view,"[[B, T, n_h*d_head]]",,,"[[B, T, n_h, d_head]]",[1708],14,self_attn,,1,model.layers.14.self_attn,aten.view.default,[],prefill,True
1710,self_attn,,transpose,"[[B, T, n_h, d_head]]",,,"[[B, n_h, T, d_head]]",[1709],14,self_attn,,1,model.layers.14.self_attn,aten.transpose.int,[],prefill,True
1711,self_attn,k_proj,t,"[[n_kv*d_head, d_model]]","[n_kv*d_head, d_model]",0,"[[d_model, n_kv*d_head]]",[],14,self_attn,k_proj,2,model.layers.14.self_attn.k_proj,aten.t.default,[model.layers.14.self_attn.k_proj.weight],prefill,True
1712,self_attn,k_proj,view,"[[B, T, d_model]]",,,"[[T, d_model]]",[1704],14,self_attn,k_proj,2,model.layers.14.self_attn.k_proj,aten.view.default,[],prefill,True
1713,self_attn,k_proj,matmul,"[[T, d_model], [d_model, n_kv*d_head]]","[n_kv*d_head, d_model]",1,"[[T, n_kv*d_head]]","[1711, 1712]",14,self_attn,k_proj,2,model.layers.14.self_attn.k_proj,aten.mm.default,[model.layers.14.self_attn.k_proj.weight],prefill,False
1714,self_attn,k_proj,_unsafe_view,"[[T, n_kv*d_head]]",,,"[[B, T, n_kv*d_head]]",[1713],14,self_attn,k_proj,2,model.layers.14.self_attn.k_proj,aten._unsafe_view.default,[],prefill,True
1715,self_attn,,view,"[[B, T, n_kv*d_head]]",,,"[[B, T, n_kv, d_head]]",[1714],14,self_attn,,1,model.layers.14.self_attn,aten.view.default,[],prefill,True
1716,self_attn,,transpose,"[[B, T, n_kv, d_head]]",,,"[[B, n_kv, T, d_head]]",[1715],14,self_attn,,1,model.layers.14.self_attn,aten.transpose.int,[],prefill,True
1717,self_attn,v_proj,t,"[[n_kv*d_head, d_model]]","[n_kv*d_head, d_model]",0,"[[d_model, n_kv*d_head]]",[],14,self_attn,v_proj,2,model.layers.14.self_attn.v_proj,aten.t.default,[model.layers.14.self_attn.v_proj.weight],prefill,True
1718,self_attn,v_proj,view,"[[B, T, d_model]]",,,"[[T, d_model]]",[1704],14,self_attn,v_proj,2,model.layers.14.self_attn.v_proj,aten.view.default,[],prefill,True
1719,self_attn,v_proj,matmul,"[[T, d_model], [d_model, n_kv*d_head]]","[n_kv*d_head, d_model]",1,"[[T, n_kv*d_head]]","[1717, 1718]",14,self_attn,v_proj,2,model.layers.14.self_attn.v_proj,aten.mm.default,[model.layers.14.self_attn.v_proj.weight],prefill,False
1720,self_attn,v_proj,_unsafe_view,"[[T, n_kv*d_head]]",,,"[[B, T, n_kv*d_head]]",[1719],14,self_attn,v_proj,2,model.layers.14.self_attn.v_proj,aten._unsafe_view.default,[],prefill,True
1721,self_attn,,view,"[[B, T, n_kv*d_head]]",,,"[[B, T, n_kv, d_head]]",[1720],14,self_attn,,1,model.layers.14.self_attn,aten.view.default,[],prefill,True
1722,self_attn,,transpose,"[[B, T, n_kv, d_head]]",,,"[[B, n_kv, T, d_head]]",[1721],14,self_attn,,1,model.layers.14.self_attn,aten.transpose.int,[],prefill,True
1723,self_attn,,unsqueeze,"[[B, T, d_head]]",,,"[[B, 1, T, d_head]]",[78],14,self_attn,,1,model.layers.14.self_attn,aten.unsqueeze.default,[],prefill,True
1724,self_attn,,unsqueeze,"[[B, T, d_head]]",,,"[[B, 1, T, d_head]]",[80],14,self_attn,,1,model.layers.14.self_attn,aten.unsqueeze.default,[],prefill,True
1725,self_attn,,elementwise_mul,"[[B, n_h, T, d_head], [B, 1, T, d_head]]",,,"[[B, n_h, T, d_head]]","[1710, 1723]",14,self_attn,,1,model.layers.14.self_attn,aten.mul.Tensor,[],prefill,False
1726,self_attn,,slice,"[[B, n_h, T, d_head]]",,,"[[B, n_h, T, d_head/2]]",[1710],14,self_attn,,1,model.layers.14.self_attn,aten.slice.Tensor,[],prefill,True
1727,self_attn,,slice,"[[B, n_h, T, d_head]]",,,"[[B, n_h, T, d_head/2]]",[1710],14,self_attn,,1,model.layers.14.self_attn,aten.slice.Tensor,[],prefill,True
1728,self_attn,,neg,"[[B, n_h, T, d_head/2]]",,,"[[B, n_h, T, d_head/2]]",[1727],14,self_attn,,1,model.layers.14.self_attn,aten.neg.default,[],prefill,False
1729,self_attn,,concat,"[[B, n_h, T, d_head/2], [B, n_h, T, d_head/2]]",,,"[[B, n_h, T, d_head]]","[1726, 1728]",14,self_attn,,1,model.layers.14.self_attn,aten.cat.default,[],prefill,False
1730,self_attn,,elementwise_mul,"[[B, n_h, T, d_head], [B, 1, T, d_head]]",,,"[[B, n_h, T, d_head]]","[1724, 1729]",14,self_attn,,1,model.layers.14.self_attn,aten.mul.Tensor,[],prefill,False
1731,self_attn,,elementwise_add,"[[B, n_h, T, d_head], [B, n_h, T, d_head]]",,,"[[B, n_h, T, d_head]]","[1725, 1730]",14,self_attn,,1,model.layers.14.self_attn,aten.add.Tensor,[],prefill,False
1732,self_attn,,elementwise_mul,"[[B, n_kv, T, d_head], [B, 1, T, d_head]]",,,"[[B, n_kv, T, d_head]]","[1716, 1723]",14,self_attn,,1,model.layers.14.self_attn,aten.mul.Tensor,[],prefill,False
1733,self_attn,,slice,"[[B, n_kv, T, d_head]]",,,"[[B, n_kv, T, d_head/2]]",[1716],14,self_attn,,1,model.layers.14.self_attn,aten.slice.Tensor,[],prefill,True
1734,self_attn,,slice,"[[B, n_kv, T, d_head]]",,,"[[B, n_kv, T, d_head/2]]",[1716],14,self_attn,,1,model.layers.14.self_attn,aten.slice.Tensor,[],prefill,True
1735,self_attn,,neg,"[[B, n_kv, T, d_head/2]]",,,"[[B, n_kv, T, d_head/2]]",[1734],14,self_attn,,1,model.layers.14.self_attn,aten.neg.default,[],prefill,False
1736,self_attn,,concat,"[[B, n_kv, T, d_head/2], [B, n_kv, T, d_head/2]]",,,"[[B, n_kv, T, d_head]]","[1733, 1735]",14,self_attn,,1,model.layers.14.self_attn,aten.cat.default,[],prefill,False
1737,self_attn,,elementwise_mul,"[[B, n_kv, T, d_head], [B, 1, T, d_head]]",,,"[[B, n_kv, T, d_head]]","[1724, 1736]",14,self_attn,,1,model.layers.14.self_attn,aten.mul.Tensor,[],prefill,False
1738,self_attn,,elementwise_add,"[[B, n_kv, T, d_head], [B, n_kv, T, d_head]]",,,"[[B, n_kv, T, d_head]]","[1732, 1737]",14,self_attn,,1,model.layers.14.self_attn,aten.add.Tensor,[],prefill,False
1739,self_attn,,_to_copy,[[]],,,[[]],[9],14,self_attn,,1,model.layers.14.self_attn,aten._to_copy.default,[],prefill,True
1740,self_attn,,concat,"[[0], [B, n_kv, T, d_head]]",,,"[[B, n_kv, T, d_head]]",[1738],14,self_attn,,1,model.layers.14.self_attn,aten.cat.default,[],prefill,False
1741,self_attn,,concat,"[[0], [B, n_kv, T, d_head]]",,,"[[B, n_kv, T, d_head]]",[1722],14,self_attn,,1,model.layers.14.self_attn,aten.cat.default,[],prefill,False
1742,self_attn,,slice,"[[B, n_kv, T, d_head]]",,,"[[B, n_kv, T, d_head]]",[1740],14,self_attn,,1,model.layers.14.self_attn,aten.slice.Tensor,[],prefill,True
1743,self_attn,,slice,"[[B, n_kv, T, d_head]]",,,"[[B, n_kv, T, d_head]]",[1741],14,self_attn,,1,model.layers.14.self_attn,aten.slice.Tensor,[],prefill,True
1744,self_attn,,unsqueeze,"[[B, n_kv, T, d_head]]",,,"[[B, n_kv, 1, T, d_head]]",[1740],14,self_attn,,1,model.layers.14.self_attn,aten.unsqueeze.default,[],prefill,True
1745,self_attn,,expand,"[[B, n_kv, 1, T, d_head]]",,,"[[B, n_kv, n_h/n_kv, T, d_head]]",[1744],14,self_attn,,1,model.layers.14.self_attn,aten.expand.default,[],prefill,True
1746,self_attn,,clone,"[[B, n_kv, n_h/n_kv, T, d_head]]",,,"[[B, n_kv, n_h/n_kv, T, d_head]]",[1745],14,self_attn,,1,model.layers.14.self_attn,aten.clone.default,[],prefill,True
1747,self_attn,,_unsafe_view,"[[B, n_kv, n_h/n_kv, T, d_head]]",,,"[[B, n_h, T, d_head]]",[1746],14,self_attn,,1,model.layers.14.self_attn,aten._unsafe_view.default,[],prefill,True
1748,self_attn,,unsqueeze,"[[B, n_kv, T, d_head]]",,,"[[B, n_kv, 1, T, d_head]]",[1741],14,self_attn,,1,model.layers.14.self_attn,aten.unsqueeze.default,[],prefill,True
1749,self_attn,,expand,"[[B, n_kv, 1, T, d_head]]",,,"[[B, n_kv, n_h/n_kv, T, d_head]]",[1748],14,self_attn,,1,model.layers.14.self_attn,aten.expand.default,[],prefill,True
1750,self_attn,,clone,"[[B, n_kv, n_h/n_kv, T, d_head]]",,,"[[B, n_kv, n_h/n_kv, T, d_head]]",[1749],14,self_attn,,1,model.layers.14.self_attn,aten.clone.default,[],prefill,True
1751,self_attn,,_unsafe_view,"[[B, n_kv, n_h/n_kv, T, d_head]]",,,"[[B, n_h, T, d_head]]",[1750],14,self_attn,,1,model.layers.14.self_attn,aten._unsafe_view.default,[],prefill,True
1752,self_attn,,transpose,"[[B, n_h, T, d_head]]",,,"[[B, n_h, d_head, T]]",[1747],14,self_attn,,1,model.layers.14.self_attn,aten.transpose.int,[],prefill,True
1753,self_attn,,expand,"[[B, n_h, T, d_head]]",,,"[[B, n_h, T, d_head]]",[1731],14,self_attn,,1,model.layers.14.self_attn,aten.expand.default,[],prefill,True
1754,self_attn,,view,"[[B, n_h, T, d_head]]",,,"[[n_h, T, d_head]]",[1753],14,self_attn,,1,model.layers.14.self_attn,aten.view.default,[],prefill,True
1755,self_attn,,expand,"[[B, n_h, d_head, T]]",,,"[[B, n_h, d_head, T]]",[1752],14,self_attn,,1,model.layers.14.self_attn,aten.expand.default,[],prefill,True
1756,self_attn,,view,"[[B, n_h, d_head, T]]",,,"[[n_h, d_head, T]]",[1755],14,self_attn,,1,model.layers.14.self_attn,aten.view.default,[],prefill,True
1757,self_attn,,batched_matmul,"[[n_h, T, d_head], [n_h, d_head, T]]",,,"[[n_h, T, T]]","[1754, 1756]",14,self_attn,,1,model.layers.14.self_attn,aten.bmm.default,[],prefill,False
1758,self_attn,,_unsafe_view,"[[n_h, T, T]]",,,"[[B, n_h, T, T]]",[1757],14,self_attn,,1,model.layers.14.self_attn,aten._unsafe_view.default,[],prefill,True
1759,self_attn,,elementwise_mul,"[[B, n_h, T, T]]",,,"[[B, n_h, T, T]]",[1758],14,self_attn,,1,model.layers.14.self_attn,aten.mul.Tensor,[],prefill,False
1760,self_attn,,div,"[[B, n_h, T, T]]",,,"[[B, n_h, T, T]]",[1759],14,self_attn,,1,model.layers.14.self_attn,aten.div.Tensor,[],prefill,True
1761,self_attn,,tanh,"[[B, n_h, T, T]]",,,"[[B, n_h, T, T]]",[1760],14,self_attn,,1,model.layers.14.self_attn,aten.tanh.default,[],prefill,False
1762,self_attn,,elementwise_mul,"[[B, n_h, T, T]]",,,"[[B, n_h, T, T]]",[1761],14,self_attn,,1,model.layers.14.self_attn,aten.mul.Tensor,[],prefill,False
1763,self_attn,,elementwise_add,"[[B, n_h, T, T], [B, 1, T, T]]",,,"[[B, n_h, T, T]]","[63, 1762]",14,self_attn,,1,model.layers.14.self_attn,aten.add.Tensor,[],prefill,False
1764,self_attn,,softmax,"[[B, n_h, T, T]]",,,"[[B, n_h, T, T]]",[1763],14,self_attn,,1,model.layers.14.self_attn,aten._softmax.default,[],prefill,False
1765,self_attn,,expand,"[[B, n_h, T, T]]",,,"[[B, n_h, T, T]]",[1764],14,self_attn,,1,model.layers.14.self_attn,aten.expand.default,[],prefill,True
1766,self_attn,,view,"[[B, n_h, T, T]]",,,"[[n_h, T, T]]",[1765],14,self_attn,,1,model.layers.14.self_attn,aten.view.default,[],prefill,True
1767,self_attn,,expand,"[[B, n_h, T, d_head]]",,,"[[B, n_h, T, d_head]]",[1751],14,self_attn,,1,model.layers.14.self_attn,aten.expand.default,[],prefill,True
1768,self_attn,,view,"[[B, n_h, T, d_head]]",,,"[[n_h, T, d_head]]",[1767],14,self_attn,,1,model.layers.14.self_attn,aten.view.default,[],prefill,True
1769,self_attn,,batched_matmul,"[[n_h, T, T], [n_h, T, d_head]]",,,"[[n_h, T, d_head]]","[1766, 1768]",14,self_attn,,1,model.layers.14.self_attn,aten.bmm.default,[],prefill,False
1770,self_attn,,_unsafe_view,"[[n_h, T, d_head]]",,,"[[B, n_h, T, d_head]]",[1769],14,self_attn,,1,model.layers.14.self_attn,aten._unsafe_view.default,[],prefill,True
1771,self_attn,,transpose,"[[B, n_h, T, d_head]]",,,"[[B, T, n_h, d_head]]",[1770],14,self_attn,,1,model.layers.14.self_attn,aten.transpose.int,[],prefill,True
1772,self_attn,,clone,"[[B, T, n_h, d_head]]",,,"[[B, T, n_h, d_head]]",[1771],14,self_attn,,1,model.layers.14.self_attn,aten.clone.default,[],prefill,True
1773,self_attn,,view,"[[B, T, n_h, d_head]]",,,"[[B, T, n_h*d_head]]",[1772],14,self_attn,,1,model.layers.14.self_attn,aten.view.default,[],prefill,True
1774,self_attn,o_proj,t,"[[d_model, n_h*d_head]]","[d_model, n_h*d_head]",0,"[[n_h*d_head, d_model]]",[],14,self_attn,o_proj,2,model.layers.14.self_attn.o_proj,aten.t.default,[model.layers.14.self_attn.o_proj.weight],prefill,True
1775,self_attn,o_proj,view,"[[B, T, n_h*d_head]]",,,"[[T, n_h*d_head]]",[1773],14,self_attn,o_proj,2,model.layers.14.self_attn.o_proj,aten.view.default,[],prefill,True
1776,self_attn,o_proj,matmul,"[[T, n_h*d_head], [n_h*d_head, d_model]]","[d_model, n_h*d_head]",1,"[[T, d_model]]","[1774, 1775]",14,self_attn,o_proj,2,model.layers.14.self_attn.o_proj,aten.mm.default,[model.layers.14.self_attn.o_proj.weight],prefill,False
1777,self_attn,o_proj,_unsafe_view,"[[T, d_model]]",,,"[[B, T, d_model]]",[1776],14,self_attn,o_proj,2,model.layers.14.self_attn.o_proj,aten._unsafe_view.default,[],prefill,True
1778,post_attention_layernorm,,pow,"[[B, T, d_model]]",,,"[[B, T, d_model]]",[1777],14,post_attention_layernorm,,1,model.layers.14.post_attention_layernorm,aten.pow.Tensor_Scalar,[],prefill,False
1779,post_attention_layernorm,,mean,"[[B, T, d_model]]",,,"[[B, T, 1]]",[1778],14,post_attention_layernorm,,1,model.layers.14.post_attention_layernorm,aten.mean.dim,[],prefill,False
1780,post_attention_layernorm,,elementwise_add,"[[B, T, 1]]",,,"[[B, T, 1]]",[1779],14,post_attention_layernorm,,1,model.layers.14.post_attention_layernorm,aten.add.Tensor,[],prefill,False
1781,post_attention_layernorm,,rsqrt,"[[B, T, 1]]",,,"[[B, T, 1]]",[1780],14,post_attention_layernorm,,1,model.layers.14.post_attention_layernorm,aten.rsqrt.default,[],prefill,False
1782,post_attention_layernorm,,elementwise_mul,"[[B, T, d_model], [B, T, 1]]",,,"[[B, T, d_model]]","[1777, 1781]",14,post_attention_layernorm,,1,model.layers.14.post_attention_layernorm,aten.mul.Tensor,[],prefill,False
1783,post_attention_layernorm,,elementwise_add,[[d_model]],,,[[d_model]],[],14,post_attention_layernorm,,1,model.layers.14.post_attention_layernorm,aten.add.Tensor,[model.layers.14.post_attention_layernorm.weight],prefill,False
1784,post_attention_layernorm,,elementwise_mul,"[[B, T, d_model], [d_model]]",,,"[[B, T, d_model]]","[1782, 1783]",14,post_attention_layernorm,,1,model.layers.14.post_attention_layernorm,aten.mul.Tensor,[],prefill,False
1785,,,elementwise_add,"[[B, T, d_model], [B, T, d_model]]",,,"[[B, T, d_model]]","[1697, 1784]",14,,,0,model.layers.14,aten.add.Tensor,[],prefill,False
1786,pre_feedforward_layernorm,,pow,"[[B, T, d_model]]",,,"[[B, T, d_model]]",[1785],14,pre_feedforward_layernorm,,1,model.layers.14.pre_feedforward_layernorm,aten.pow.Tensor_Scalar,[],prefill,False
1787,pre_feedforward_layernorm,,mean,"[[B, T, d_model]]",,,"[[B, T, 1]]",[1786],14,pre_feedforward_layernorm,,1,model.layers.14.pre_feedforward_layernorm,aten.mean.dim,[],prefill,False
1788,pre_feedforward_layernorm,,elementwise_add,"[[B, T, 1]]",,,"[[B, T, 1]]",[1787],14,pre_feedforward_layernorm,,1,model.layers.14.pre_feedforward_layernorm,aten.add.Tensor,[],prefill,False
1789,pre_feedforward_layernorm,,rsqrt,"[[B, T, 1]]",,,"[[B, T, 1]]",[1788],14,pre_feedforward_layernorm,,1,model.layers.14.pre_feedforward_layernorm,aten.rsqrt.default,[],prefill,False
1790,pre_feedforward_layernorm,,elementwise_mul,"[[B, T, d_model], [B, T, 1]]",,,"[[B, T, d_model]]","[1785, 1789]",14,pre_feedforward_layernorm,,1,model.layers.14.pre_feedforward_layernorm,aten.mul.Tensor,[],prefill,False
1791,pre_feedforward_layernorm,,elementwise_add,[[d_model]],,,[[d_model]],[],14,pre_feedforward_layernorm,,1,model.layers.14.pre_feedforward_layernorm,aten.add.Tensor,[model.layers.14.pre_feedforward_layernorm.weight],prefill,False
1792,pre_feedforward_layernorm,,elementwise_mul,"[[B, T, d_model], [d_model]]",,,"[[B, T, d_model]]","[1790, 1791]",14,pre_feedforward_layernorm,,1,model.layers.14.pre_feedforward_layernorm,aten.mul.Tensor,[],prefill,False
1793,mlp,gate_proj,t,"[[d_ff, d_model]]","[d_ff, d_model]",0,"[[d_model, d_ff]]",[],14,mlp,gate_proj,2,model.layers.14.mlp.gate_proj,aten.t.default,[model.layers.14.mlp.gate_proj.weight],prefill,True
1794,mlp,gate_proj,view,"[[B, T, d_model]]",,,"[[T, d_model]]",[1792],14,mlp,gate_proj,2,model.layers.14.mlp.gate_proj,aten.view.default,[],prefill,True
1795,mlp,gate_proj,matmul,"[[T, d_model], [d_model, d_ff]]","[d_ff, d_model]",1,"[[T, d_ff]]","[1793, 1794]",14,mlp,gate_proj,2,model.layers.14.mlp.gate_proj,aten.mm.default,[model.layers.14.mlp.gate_proj.weight],prefill,False
1796,mlp,gate_proj,_unsafe_view,"[[T, d_ff]]",,,"[[B, T, d_ff]]",[1795],14,mlp,gate_proj,2,model.layers.14.mlp.gate_proj,aten._unsafe_view.default,[],prefill,True
1797,mlp,act_fn,gelu,"[[B, T, d_ff]]",,,"[[B, T, d_ff]]",[1796],14,mlp,act_fn,2,model.layers.14.mlp.act_fn,aten.gelu.default,[],prefill,False
1798,mlp,up_proj,t,"[[d_ff, d_model]]","[d_ff, d_model]",0,"[[d_model, d_ff]]",[],14,mlp,up_proj,2,model.layers.14.mlp.up_proj,aten.t.default,[model.layers.14.mlp.up_proj.weight],prefill,True
1799,mlp,up_proj,view,"[[B, T, d_model]]",,,"[[T, d_model]]",[1792],14,mlp,up_proj,2,model.layers.14.mlp.up_proj,aten.view.default,[],prefill,True
1800,mlp,up_proj,matmul,"[[T, d_model], [d_model, d_ff]]","[d_ff, d_model]",1,"[[T, d_ff]]","[1798, 1799]",14,mlp,up_proj,2,model.layers.14.mlp.up_proj,aten.mm.default,[model.layers.14.mlp.up_proj.weight],prefill,False
1801,mlp,up_proj,_unsafe_view,"[[T, d_ff]]",,,"[[B, T, d_ff]]",[1800],14,mlp,up_proj,2,model.layers.14.mlp.up_proj,aten._unsafe_view.default,[],prefill,True
1802,mlp,,elementwise_mul,"[[B, T, d_ff], [B, T, d_ff]]",,,"[[B, T, d_ff]]","[1797, 1801]",14,mlp,,1,model.layers.14.mlp,aten.mul.Tensor,[],prefill,False
1803,mlp,down_proj,t,"[[d_model, d_ff]]","[d_model, d_ff]",0,"[[d_ff, d_model]]",[],14,mlp,down_proj,2,model.layers.14.mlp.down_proj,aten.t.default,[model.layers.14.mlp.down_proj.weight],prefill,True
1804,mlp,down_proj,view,"[[B, T, d_ff]]",,,"[[T, d_ff]]",[1802],14,mlp,down_proj,2,model.layers.14.mlp.down_proj,aten.view.default,[],prefill,True
1805,mlp,down_proj,matmul,"[[T, d_ff], [d_ff, d_model]]","[d_model, d_ff]",1,"[[T, d_model]]","[1803, 1804]",14,mlp,down_proj,2,model.layers.14.mlp.down_proj,aten.mm.default,[model.layers.14.mlp.down_proj.weight],prefill,False
1806,mlp,down_proj,_unsafe_view,"[[T, d_model]]",,,"[[B, T, d_model]]",[1805],14,mlp,down_proj,2,model.layers.14.mlp.down_proj,aten._unsafe_view.default,[],prefill,True
1807,post_feedforward_layernorm,,pow,"[[B, T, d_model]]",,,"[[B, T, d_model]]",[1806],14,post_feedforward_layernorm,,1,model.layers.14.post_feedforward_layernorm,aten.pow.Tensor_Scalar,[],prefill,False
1808,post_feedforward_layernorm,,mean,"[[B, T, d_model]]",,,"[[B, T, 1]]",[1807],14,post_feedforward_layernorm,,1,model.layers.14.post_feedforward_layernorm,aten.mean.dim,[],prefill,False
1809,post_feedforward_layernorm,,elementwise_add,"[[B, T, 1]]",,,"[[B, T, 1]]",[1808],14,post_feedforward_layernorm,,1,model.layers.14.post_feedforward_layernorm,aten.add.Tensor,[],prefill,False
1810,post_feedforward_layernorm,,rsqrt,"[[B, T, 1]]",,,"[[B, T, 1]]",[1809],14,post_feedforward_layernorm,,1,model.layers.14.post_feedforward_layernorm,aten.rsqrt.default,[],prefill,False
1811,post_feedforward_layernorm,,elementwise_mul,"[[B, T, d_model], [B, T, 1]]",,,"[[B, T, d_model]]","[1806, 1810]",14,post_feedforward_layernorm,,1,model.layers.14.post_feedforward_layernorm,aten.mul.Tensor,[],prefill,False
1812,post_feedforward_layernorm,,elementwise_add,[[d_model]],,,[[d_model]],[],14,post_feedforward_layernorm,,1,model.layers.14.post_feedforward_layernorm,aten.add.Tensor,[model.layers.14.post_feedforward_layernorm.weight],prefill,False
1813,post_feedforward_layernorm,,elementwise_mul,"[[B, T, d_model], [d_model]]",,,"[[B, T, d_model]]","[1811, 1812]",14,post_feedforward_layernorm,,1,model.layers.14.post_feedforward_layernorm,aten.mul.Tensor,[],prefill,False
1814,,,elementwise_add,"[[B, T, d_model], [B, T, d_model]]",,,"[[B, T, d_model]]","[1785, 1813]",14,,,0,model.layers.14,aten.add.Tensor,[],prefill,False
1815,input_layernorm,,pow,"[[B, T, d_model]]",,,"[[B, T, d_model]]",[1814],15,input_layernorm,,1,model.layers.15.input_layernorm,aten.pow.Tensor_Scalar,[],prefill,False
1816,input_layernorm,,mean,"[[B, T, d_model]]",,,"[[B, T, 1]]",[1815],15,input_layernorm,,1,model.layers.15.input_layernorm,aten.mean.dim,[],prefill,False
1817,input_layernorm,,elementwise_add,"[[B, T, 1]]",,,"[[B, T, 1]]",[1816],15,input_layernorm,,1,model.layers.15.input_layernorm,aten.add.Tensor,[],prefill,False
1818,input_layernorm,,rsqrt,"[[B, T, 1]]",,,"[[B, T, 1]]",[1817],15,input_layernorm,,1,model.layers.15.input_layernorm,aten.rsqrt.default,[],prefill,False
1819,input_layernorm,,elementwise_mul,"[[B, T, d_model], [B, T, 1]]",,,"[[B, T, d_model]]","[1814, 1818]",15,input_layernorm,,1,model.layers.15.input_layernorm,aten.mul.Tensor,[],prefill,False
1820,input_layernorm,,elementwise_add,[[d_model]],,,[[d_model]],[],15,input_layernorm,,1,model.layers.15.input_layernorm,aten.add.Tensor,[model.layers.15.input_layernorm.weight],prefill,False
1821,input_layernorm,,elementwise_mul,"[[B, T, d_model], [d_model]]",,,"[[B, T, d_model]]","[1819, 1820]",15,input_layernorm,,1,model.layers.15.input_layernorm,aten.mul.Tensor,[],prefill,False
1822,self_attn,q_proj,t,"[[n_h*d_head, d_model]]","[n_h*d_head, d_model]",0,"[[d_model, n_h*d_head]]",[],15,self_attn,q_proj,2,model.layers.15.self_attn.q_proj,aten.t.default,[model.layers.15.self_attn.q_proj.weight],prefill,True
1823,self_attn,q_proj,view,"[[B, T, d_model]]",,,"[[T, d_model]]",[1821],15,self_attn,q_proj,2,model.layers.15.self_attn.q_proj,aten.view.default,[],prefill,True
1824,self_attn,q_proj,matmul,"[[T, d_model], [d_model, n_h*d_head]]","[n_h*d_head, d_model]",1,"[[T, n_h*d_head]]","[1822, 1823]",15,self_attn,q_proj,2,model.layers.15.self_attn.q_proj,aten.mm.default,[model.layers.15.self_attn.q_proj.weight],prefill,False
1825,self_attn,q_proj,_unsafe_view,"[[T, n_h*d_head]]",,,"[[B, T, n_h*d_head]]",[1824],15,self_attn,q_proj,2,model.layers.15.self_attn.q_proj,aten._unsafe_view.default,[],prefill,True
1826,self_attn,,view,"[[B, T, n_h*d_head]]",,,"[[B, T, n_h, d_head]]",[1825],15,self_attn,,1,model.layers.15.self_attn,aten.view.default,[],prefill,True
1827,self_attn,,transpose,"[[B, T, n_h, d_head]]",,,"[[B, n_h, T, d_head]]",[1826],15,self_attn,,1,model.layers.15.self_attn,aten.transpose.int,[],prefill,True
1828,self_attn,k_proj,t,"[[n_kv*d_head, d_model]]","[n_kv*d_head, d_model]",0,"[[d_model, n_kv*d_head]]",[],15,self_attn,k_proj,2,model.layers.15.self_attn.k_proj,aten.t.default,[model.layers.15.self_attn.k_proj.weight],prefill,True
1829,self_attn,k_proj,view,"[[B, T, d_model]]",,,"[[T, d_model]]",[1821],15,self_attn,k_proj,2,model.layers.15.self_attn.k_proj,aten.view.default,[],prefill,True
1830,self_attn,k_proj,matmul,"[[T, d_model], [d_model, n_kv*d_head]]","[n_kv*d_head, d_model]",1,"[[T, n_kv*d_head]]","[1828, 1829]",15,self_attn,k_proj,2,model.layers.15.self_attn.k_proj,aten.mm.default,[model.layers.15.self_attn.k_proj.weight],prefill,False
1831,self_attn,k_proj,_unsafe_view,"[[T, n_kv*d_head]]",,,"[[B, T, n_kv*d_head]]",[1830],15,self_attn,k_proj,2,model.layers.15.self_attn.k_proj,aten._unsafe_view.default,[],prefill,True
1832,self_attn,,view,"[[B, T, n_kv*d_head]]",,,"[[B, T, n_kv, d_head]]",[1831],15,self_attn,,1,model.layers.15.self_attn,aten.view.default,[],prefill,True
1833,self_attn,,transpose,"[[B, T, n_kv, d_head]]",,,"[[B, n_kv, T, d_head]]",[1832],15,self_attn,,1,model.layers.15.self_attn,aten.transpose.int,[],prefill,True
1834,self_attn,v_proj,t,"[[n_kv*d_head, d_model]]","[n_kv*d_head, d_model]",0,"[[d_model, n_kv*d_head]]",[],15,self_attn,v_proj,2,model.layers.15.self_attn.v_proj,aten.t.default,[model.layers.15.self_attn.v_proj.weight],prefill,True
1835,self_attn,v_proj,view,"[[B, T, d_model]]",,,"[[T, d_model]]",[1821],15,self_attn,v_proj,2,model.layers.15.self_attn.v_proj,aten.view.default,[],prefill,True
1836,self_attn,v_proj,matmul,"[[T, d_model], [d_model, n_kv*d_head]]","[n_kv*d_head, d_model]",1,"[[T, n_kv*d_head]]","[1834, 1835]",15,self_attn,v_proj,2,model.layers.15.self_attn.v_proj,aten.mm.default,[model.layers.15.self_attn.v_proj.weight],prefill,False
1837,self_attn,v_proj,_unsafe_view,"[[T, n_kv*d_head]]",,,"[[B, T, n_kv*d_head]]",[1836],15,self_attn,v_proj,2,model.layers.15.self_attn.v_proj,aten._unsafe_view.default,[],prefill,True
1838,self_attn,,view,"[[B, T, n_kv*d_head]]",,,"[[B, T, n_kv, d_head]]",[1837],15,self_attn,,1,model.layers.15.self_attn,aten.view.default,[],prefill,True
1839,self_attn,,transpose,"[[B, T, n_kv, d_head]]",,,"[[B, n_kv, T, d_head]]",[1838],15,self_attn,,1,model.layers.15.self_attn,aten.transpose.int,[],prefill,True
1840,self_attn,,unsqueeze,"[[B, T, d_head]]",,,"[[B, 1, T, d_head]]",[78],15,self_attn,,1,model.layers.15.self_attn,aten.unsqueeze.default,[],prefill,True
1841,self_attn,,unsqueeze,"[[B, T, d_head]]",,,"[[B, 1, T, d_head]]",[80],15,self_attn,,1,model.layers.15.self_attn,aten.unsqueeze.default,[],prefill,True
1842,self_attn,,elementwise_mul,"[[B, n_h, T, d_head], [B, 1, T, d_head]]",,,"[[B, n_h, T, d_head]]","[1827, 1840]",15,self_attn,,1,model.layers.15.self_attn,aten.mul.Tensor,[],prefill,False
1843,self_attn,,slice,"[[B, n_h, T, d_head]]",,,"[[B, n_h, T, d_head/2]]",[1827],15,self_attn,,1,model.layers.15.self_attn,aten.slice.Tensor,[],prefill,True
1844,self_attn,,slice,"[[B, n_h, T, d_head]]",,,"[[B, n_h, T, d_head/2]]",[1827],15,self_attn,,1,model.layers.15.self_attn,aten.slice.Tensor,[],prefill,True
1845,self_attn,,neg,"[[B, n_h, T, d_head/2]]",,,"[[B, n_h, T, d_head/2]]",[1844],15,self_attn,,1,model.layers.15.self_attn,aten.neg.default,[],prefill,False
1846,self_attn,,concat,"[[B, n_h, T, d_head/2], [B, n_h, T, d_head/2]]",,,"[[B, n_h, T, d_head]]","[1843, 1845]",15,self_attn,,1,model.layers.15.self_attn,aten.cat.default,[],prefill,False
1847,self_attn,,elementwise_mul,"[[B, n_h, T, d_head], [B, 1, T, d_head]]",,,"[[B, n_h, T, d_head]]","[1841, 1846]",15,self_attn,,1,model.layers.15.self_attn,aten.mul.Tensor,[],prefill,False
1848,self_attn,,elementwise_add,"[[B, n_h, T, d_head], [B, n_h, T, d_head]]",,,"[[B, n_h, T, d_head]]","[1842, 1847]",15,self_attn,,1,model.layers.15.self_attn,aten.add.Tensor,[],prefill,False
1849,self_attn,,elementwise_mul,"[[B, n_kv, T, d_head], [B, 1, T, d_head]]",,,"[[B, n_kv, T, d_head]]","[1833, 1840]",15,self_attn,,1,model.layers.15.self_attn,aten.mul.Tensor,[],prefill,False
1850,self_attn,,slice,"[[B, n_kv, T, d_head]]",,,"[[B, n_kv, T, d_head/2]]",[1833],15,self_attn,,1,model.layers.15.self_attn,aten.slice.Tensor,[],prefill,True
1851,self_attn,,slice,"[[B, n_kv, T, d_head]]",,,"[[B, n_kv, T, d_head/2]]",[1833],15,self_attn,,1,model.layers.15.self_attn,aten.slice.Tensor,[],prefill,True
1852,self_attn,,neg,"[[B, n_kv, T, d_head/2]]",,,"[[B, n_kv, T, d_head/2]]",[1851],15,self_attn,,1,model.layers.15.self_attn,aten.neg.default,[],prefill,False
1853,self_attn,,concat,"[[B, n_kv, T, d_head/2], [B, n_kv, T, d_head/2]]",,,"[[B, n_kv, T, d_head]]","[1850, 1852]",15,self_attn,,1,model.layers.15.self_attn,aten.cat.default,[],prefill,False
1854,self_attn,,elementwise_mul,"[[B, n_kv, T, d_head], [B, 1, T, d_head]]",,,"[[B, n_kv, T, d_head]]","[1841, 1853]",15,self_attn,,1,model.layers.15.self_attn,aten.mul.Tensor,[],prefill,False
1855,self_attn,,elementwise_add,"[[B, n_kv, T, d_head], [B, n_kv, T, d_head]]",,,"[[B, n_kv, T, d_head]]","[1849, 1854]",15,self_attn,,1,model.layers.15.self_attn,aten.add.Tensor,[],prefill,False
1856,self_attn,,concat,"[[0], [B, n_kv, T, d_head]]",,,"[[B, n_kv, T, d_head]]",[1855],15,self_attn,,1,model.layers.15.self_attn,aten.cat.default,[],prefill,False
1857,self_attn,,concat,"[[0], [B, n_kv, T, d_head]]",,,"[[B, n_kv, T, d_head]]",[1839],15,self_attn,,1,model.layers.15.self_attn,aten.cat.default,[],prefill,False
1858,self_attn,,unsqueeze,"[[B, n_kv, T, d_head]]",,,"[[B, n_kv, 1, T, d_head]]",[1856],15,self_attn,,1,model.layers.15.self_attn,aten.unsqueeze.default,[],prefill,True
1859,self_attn,,expand,"[[B, n_kv, 1, T, d_head]]",,,"[[B, n_kv, n_h/n_kv, T, d_head]]",[1858],15,self_attn,,1,model.layers.15.self_attn,aten.expand.default,[],prefill,True
1860,self_attn,,clone,"[[B, n_kv, n_h/n_kv, T, d_head]]",,,"[[B, n_kv, n_h/n_kv, T, d_head]]",[1859],15,self_attn,,1,model.layers.15.self_attn,aten.clone.default,[],prefill,True
1861,self_attn,,_unsafe_view,"[[B, n_kv, n_h/n_kv, T, d_head]]",,,"[[B, n_h, T, d_head]]",[1860],15,self_attn,,1,model.layers.15.self_attn,aten._unsafe_view.default,[],prefill,True
1862,self_attn,,unsqueeze,"[[B, n_kv, T, d_head]]",,,"[[B, n_kv, 1, T, d_head]]",[1857],15,self_attn,,1,model.layers.15.self_attn,aten.unsqueeze.default,[],prefill,True
1863,self_attn,,expand,"[[B, n_kv, 1, T, d_head]]",,,"[[B, n_kv, n_h/n_kv, T, d_head]]",[1862],15,self_attn,,1,model.layers.15.self_attn,aten.expand.default,[],prefill,True
1864,self_attn,,clone,"[[B, n_kv, n_h/n_kv, T, d_head]]",,,"[[B, n_kv, n_h/n_kv, T, d_head]]",[1863],15,self_attn,,1,model.layers.15.self_attn,aten.clone.default,[],prefill,True
1865,self_attn,,_unsafe_view,"[[B, n_kv, n_h/n_kv, T, d_head]]",,,"[[B, n_h, T, d_head]]",[1864],15,self_attn,,1,model.layers.15.self_attn,aten._unsafe_view.default,[],prefill,True
1866,self_attn,,transpose,"[[B, n_h, T, d_head]]",,,"[[B, n_h, d_head, T]]",[1861],15,self_attn,,1,model.layers.15.self_attn,aten.transpose.int,[],prefill,True
1867,self_attn,,expand,"[[B, n_h, T, d_head]]",,,"[[B, n_h, T, d_head]]",[1848],15,self_attn,,1,model.layers.15.self_attn,aten.expand.default,[],prefill,True
1868,self_attn,,view,"[[B, n_h, T, d_head]]",,,"[[n_h, T, d_head]]",[1867],15,self_attn,,1,model.layers.15.self_attn,aten.view.default,[],prefill,True
1869,self_attn,,expand,"[[B, n_h, d_head, T]]",,,"[[B, n_h, d_head, T]]",[1866],15,self_attn,,1,model.layers.15.self_attn,aten.expand.default,[],prefill,True
1870,self_attn,,view,"[[B, n_h, d_head, T]]",,,"[[n_h, d_head, T]]",[1869],15,self_attn,,1,model.layers.15.self_attn,aten.view.default,[],prefill,True
1871,self_attn,,batched_matmul,"[[n_h, T, d_head], [n_h, d_head, T]]",,,"[[n_h, T, T]]","[1868, 1870]",15,self_attn,,1,model.layers.15.self_attn,aten.bmm.default,[],prefill,False
1872,self_attn,,_unsafe_view,"[[n_h, T, T]]",,,"[[B, n_h, T, T]]",[1871],15,self_attn,,1,model.layers.15.self_attn,aten._unsafe_view.default,[],prefill,True
1873,self_attn,,elementwise_mul,"[[B, n_h, T, T]]",,,"[[B, n_h, T, T]]",[1872],15,self_attn,,1,model.layers.15.self_attn,aten.mul.Tensor,[],prefill,False
1874,self_attn,,div,"[[B, n_h, T, T]]",,,"[[B, n_h, T, T]]",[1873],15,self_attn,,1,model.layers.15.self_attn,aten.div.Tensor,[],prefill,True
1875,self_attn,,tanh,"[[B, n_h, T, T]]",,,"[[B, n_h, T, T]]",[1874],15,self_attn,,1,model.layers.15.self_attn,aten.tanh.default,[],prefill,False
1876,self_attn,,elementwise_mul,"[[B, n_h, T, T]]",,,"[[B, n_h, T, T]]",[1875],15,self_attn,,1,model.layers.15.self_attn,aten.mul.Tensor,[],prefill,False
1877,self_attn,,elementwise_add,"[[B, n_h, T, T], [B, 1, T, T]]",,,"[[B, n_h, T, T]]","[36, 1876]",15,self_attn,,1,model.layers.15.self_attn,aten.add.Tensor,[],prefill,False
1878,self_attn,,softmax,"[[B, n_h, T, T]]",,,"[[B, n_h, T, T]]",[1877],15,self_attn,,1,model.layers.15.self_attn,aten._softmax.default,[],prefill,False
1879,self_attn,,expand,"[[B, n_h, T, T]]",,,"[[B, n_h, T, T]]",[1878],15,self_attn,,1,model.layers.15.self_attn,aten.expand.default,[],prefill,True
1880,self_attn,,view,"[[B, n_h, T, T]]",,,"[[n_h, T, T]]",[1879],15,self_attn,,1,model.layers.15.self_attn,aten.view.default,[],prefill,True
1881,self_attn,,expand,"[[B, n_h, T, d_head]]",,,"[[B, n_h, T, d_head]]",[1865],15,self_attn,,1,model.layers.15.self_attn,aten.expand.default,[],prefill,True
1882,self_attn,,view,"[[B, n_h, T, d_head]]",,,"[[n_h, T, d_head]]",[1881],15,self_attn,,1,model.layers.15.self_attn,aten.view.default,[],prefill,True
1883,self_attn,,batched_matmul,"[[n_h, T, T], [n_h, T, d_head]]",,,"[[n_h, T, d_head]]","[1880, 1882]",15,self_attn,,1,model.layers.15.self_attn,aten.bmm.default,[],prefill,False
1884,self_attn,,_unsafe_view,"[[n_h, T, d_head]]",,,"[[B, n_h, T, d_head]]",[1883],15,self_attn,,1,model.layers.15.self_attn,aten._unsafe_view.default,[],prefill,True
1885,self_attn,,transpose,"[[B, n_h, T, d_head]]",,,"[[B, T, n_h, d_head]]",[1884],15,self_attn,,1,model.layers.15.self_attn,aten.transpose.int,[],prefill,True
1886,self_attn,,clone,"[[B, T, n_h, d_head]]",,,"[[B, T, n_h, d_head]]",[1885],15,self_attn,,1,model.layers.15.self_attn,aten.clone.default,[],prefill,True
1887,self_attn,,view,"[[B, T, n_h, d_head]]",,,"[[B, T, n_h*d_head]]",[1886],15,self_attn,,1,model.layers.15.self_attn,aten.view.default,[],prefill,True
1888,self_attn,o_proj,t,"[[d_model, n_h*d_head]]","[d_model, n_h*d_head]",0,"[[n_h*d_head, d_model]]",[],15,self_attn,o_proj,2,model.layers.15.self_attn.o_proj,aten.t.default,[model.layers.15.self_attn.o_proj.weight],prefill,True
1889,self_attn,o_proj,view,"[[B, T, n_h*d_head]]",,,"[[T, n_h*d_head]]",[1887],15,self_attn,o_proj,2,model.layers.15.self_attn.o_proj,aten.view.default,[],prefill,True
1890,self_attn,o_proj,matmul,"[[T, n_h*d_head], [n_h*d_head, d_model]]","[d_model, n_h*d_head]",1,"[[T, d_model]]","[1888, 1889]",15,self_attn,o_proj,2,model.layers.15.self_attn.o_proj,aten.mm.default,[model.layers.15.self_attn.o_proj.weight],prefill,False
1891,self_attn,o_proj,_unsafe_view,"[[T, d_model]]",,,"[[B, T, d_model]]",[1890],15,self_attn,o_proj,2,model.layers.15.self_attn.o_proj,aten._unsafe_view.default,[],prefill,True
1892,post_attention_layernorm,,pow,"[[B, T, d_model]]",,,"[[B, T, d_model]]",[1891],15,post_attention_layernorm,,1,model.layers.15.post_attention_layernorm,aten.pow.Tensor_Scalar,[],prefill,False
1893,post_attention_layernorm,,mean,"[[B, T, d_model]]",,,"[[B, T, 1]]",[1892],15,post_attention_layernorm,,1,model.layers.15.post_attention_layernorm,aten.mean.dim,[],prefill,False
1894,post_attention_layernorm,,elementwise_add,"[[B, T, 1]]",,,"[[B, T, 1]]",[1893],15,post_attention_layernorm,,1,model.layers.15.post_attention_layernorm,aten.add.Tensor,[],prefill,False
1895,post_attention_layernorm,,rsqrt,"[[B, T, 1]]",,,"[[B, T, 1]]",[1894],15,post_attention_layernorm,,1,model.layers.15.post_attention_layernorm,aten.rsqrt.default,[],prefill,False
1896,post_attention_layernorm,,elementwise_mul,"[[B, T, d_model], [B, T, 1]]",,,"[[B, T, d_model]]","[1891, 1895]",15,post_attention_layernorm,,1,model.layers.15.post_attention_layernorm,aten.mul.Tensor,[],prefill,False
1897,post_attention_layernorm,,elementwise_add,[[d_model]],,,[[d_model]],[],15,post_attention_layernorm,,1,model.layers.15.post_attention_layernorm,aten.add.Tensor,[model.layers.15.post_attention_layernorm.weight],prefill,False
1898,post_attention_layernorm,,elementwise_mul,"[[B, T, d_model], [d_model]]",,,"[[B, T, d_model]]","[1896, 1897]",15,post_attention_layernorm,,1,model.layers.15.post_attention_layernorm,aten.mul.Tensor,[],prefill,False
1899,,,elementwise_add,"[[B, T, d_model], [B, T, d_model]]",,,"[[B, T, d_model]]","[1814, 1898]",15,,,0,model.layers.15,aten.add.Tensor,[],prefill,False
1900,pre_feedforward_layernorm,,pow,"[[B, T, d_model]]",,,"[[B, T, d_model]]",[1899],15,pre_feedforward_layernorm,,1,model.layers.15.pre_feedforward_layernorm,aten.pow.Tensor_Scalar,[],prefill,False
1901,pre_feedforward_layernorm,,mean,"[[B, T, d_model]]",,,"[[B, T, 1]]",[1900],15,pre_feedforward_layernorm,,1,model.layers.15.pre_feedforward_layernorm,aten.mean.dim,[],prefill,False
1902,pre_feedforward_layernorm,,elementwise_add,"[[B, T, 1]]",,,"[[B, T, 1]]",[1901],15,pre_feedforward_layernorm,,1,model.layers.15.pre_feedforward_layernorm,aten.add.Tensor,[],prefill,False
1903,pre_feedforward_layernorm,,rsqrt,"[[B, T, 1]]",,,"[[B, T, 1]]",[1902],15,pre_feedforward_layernorm,,1,model.layers.15.pre_feedforward_layernorm,aten.rsqrt.default,[],prefill,False
1904,pre_feedforward_layernorm,,elementwise_mul,"[[B, T, d_model], [B, T, 1]]",,,"[[B, T, d_model]]","[1899, 1903]",15,pre_feedforward_layernorm,,1,model.layers.15.pre_feedforward_layernorm,aten.mul.Tensor,[],prefill,False
1905,pre_feedforward_layernorm,,elementwise_add,[[d_model]],,,[[d_model]],[],15,pre_feedforward_layernorm,,1,model.layers.15.pre_feedforward_layernorm,aten.add.Tensor,[model.layers.15.pre_feedforward_layernorm.weight],prefill,False
1906,pre_feedforward_layernorm,,elementwise_mul,"[[B, T, d_model], [d_model]]",,,"[[B, T, d_model]]","[1904, 1905]",15,pre_feedforward_layernorm,,1,model.layers.15.pre_feedforward_layernorm,aten.mul.Tensor,[],prefill,False
1907,mlp,gate_proj,t,"[[d_ff, d_model]]","[d_ff, d_model]",0,"[[d_model, d_ff]]",[],15,mlp,gate_proj,2,model.layers.15.mlp.gate_proj,aten.t.default,[model.layers.15.mlp.gate_proj.weight],prefill,True
1908,mlp,gate_proj,view,"[[B, T, d_model]]",,,"[[T, d_model]]",[1906],15,mlp,gate_proj,2,model.layers.15.mlp.gate_proj,aten.view.default,[],prefill,True
1909,mlp,gate_proj,matmul,"[[T, d_model], [d_model, d_ff]]","[d_ff, d_model]",1,"[[T, d_ff]]","[1907, 1908]",15,mlp,gate_proj,2,model.layers.15.mlp.gate_proj,aten.mm.default,[model.layers.15.mlp.gate_proj.weight],prefill,False
1910,mlp,gate_proj,_unsafe_view,"[[T, d_ff]]",,,"[[B, T, d_ff]]",[1909],15,mlp,gate_proj,2,model.layers.15.mlp.gate_proj,aten._unsafe_view.default,[],prefill,True
1911,mlp,act_fn,gelu,"[[B, T, d_ff]]",,,"[[B, T, d_ff]]",[1910],15,mlp,act_fn,2,model.layers.15.mlp.act_fn,aten.gelu.default,[],prefill,False
1912,mlp,up_proj,t,"[[d_ff, d_model]]","[d_ff, d_model]",0,"[[d_model, d_ff]]",[],15,mlp,up_proj,2,model.layers.15.mlp.up_proj,aten.t.default,[model.layers.15.mlp.up_proj.weight],prefill,True
1913,mlp,up_proj,view,"[[B, T, d_model]]",,,"[[T, d_model]]",[1906],15,mlp,up_proj,2,model.layers.15.mlp.up_proj,aten.view.default,[],prefill,True
1914,mlp,up_proj,matmul,"[[T, d_model], [d_model, d_ff]]","[d_ff, d_model]",1,"[[T, d_ff]]","[1912, 1913]",15,mlp,up_proj,2,model.layers.15.mlp.up_proj,aten.mm.default,[model.layers.15.mlp.up_proj.weight],prefill,False
1915,mlp,up_proj,_unsafe_view,"[[T, d_ff]]",,,"[[B, T, d_ff]]",[1914],15,mlp,up_proj,2,model.layers.15.mlp.up_proj,aten._unsafe_view.default,[],prefill,True
1916,mlp,,elementwise_mul,"[[B, T, d_ff], [B, T, d_ff]]",,,"[[B, T, d_ff]]","[1911, 1915]",15,mlp,,1,model.layers.15.mlp,aten.mul.Tensor,[],prefill,False
1917,mlp,down_proj,t,"[[d_model, d_ff]]","[d_model, d_ff]",0,"[[d_ff, d_model]]",[],15,mlp,down_proj,2,model.layers.15.mlp.down_proj,aten.t.default,[model.layers.15.mlp.down_proj.weight],prefill,True
1918,mlp,down_proj,view,"[[B, T, d_ff]]",,,"[[T, d_ff]]",[1916],15,mlp,down_proj,2,model.layers.15.mlp.down_proj,aten.view.default,[],prefill,True
1919,mlp,down_proj,matmul,"[[T, d_ff], [d_ff, d_model]]","[d_model, d_ff]",1,"[[T, d_model]]","[1917, 1918]",15,mlp,down_proj,2,model.layers.15.mlp.down_proj,aten.mm.default,[model.layers.15.mlp.down_proj.weight],prefill,False
1920,mlp,down_proj,_unsafe_view,"[[T, d_model]]",,,"[[B, T, d_model]]",[1919],15,mlp,down_proj,2,model.layers.15.mlp.down_proj,aten._unsafe_view.default,[],prefill,True
1921,post_feedforward_layernorm,,pow,"[[B, T, d_model]]",,,"[[B, T, d_model]]",[1920],15,post_feedforward_layernorm,,1,model.layers.15.post_feedforward_layernorm,aten.pow.Tensor_Scalar,[],prefill,False
1922,post_feedforward_layernorm,,mean,"[[B, T, d_model]]",,,"[[B, T, 1]]",[1921],15,post_feedforward_layernorm,,1,model.layers.15.post_feedforward_layernorm,aten.mean.dim,[],prefill,False
1923,post_feedforward_layernorm,,elementwise_add,"[[B, T, 1]]",,,"[[B, T, 1]]",[1922],15,post_feedforward_layernorm,,1,model.layers.15.post_feedforward_layernorm,aten.add.Tensor,[],prefill,False
1924,post_feedforward_layernorm,,rsqrt,"[[B, T, 1]]",,,"[[B, T, 1]]",[1923],15,post_feedforward_layernorm,,1,model.layers.15.post_feedforward_layernorm,aten.rsqrt.default,[],prefill,False
1925,post_feedforward_layernorm,,elementwise_mul,"[[B, T, d_model], [B, T, 1]]",,,"[[B, T, d_model]]","[1920, 1924]",15,post_feedforward_layernorm,,1,model.layers.15.post_feedforward_layernorm,aten.mul.Tensor,[],prefill,False
1926,post_feedforward_layernorm,,elementwise_add,[[d_model]],,,[[d_model]],[],15,post_feedforward_layernorm,,1,model.layers.15.post_feedforward_layernorm,aten.add.Tensor,[model.layers.15.post_feedforward_layernorm.weight],prefill,False
1927,post_feedforward_layernorm,,elementwise_mul,"[[B, T, d_model], [d_model]]",,,"[[B, T, d_model]]","[1925, 1926]",15,post_feedforward_layernorm,,1,model.layers.15.post_feedforward_layernorm,aten.mul.Tensor,[],prefill,False
1928,,,elementwise_add,"[[B, T, d_model], [B, T, d_model]]",,,"[[B, T, d_model]]","[1899, 1927]",15,,,0,model.layers.15,aten.add.Tensor,[],prefill,False
1929,input_layernorm,,pow,"[[B, T, d_model]]",,,"[[B, T, d_model]]",[1928],16,input_layernorm,,1,model.layers.16.input_layernorm,aten.pow.Tensor_Scalar,[],prefill,False
1930,input_layernorm,,mean,"[[B, T, d_model]]",,,"[[B, T, 1]]",[1929],16,input_layernorm,,1,model.layers.16.input_layernorm,aten.mean.dim,[],prefill,False
1931,input_layernorm,,elementwise_add,"[[B, T, 1]]",,,"[[B, T, 1]]",[1930],16,input_layernorm,,1,model.layers.16.input_layernorm,aten.add.Tensor,[],prefill,False
1932,input_layernorm,,rsqrt,"[[B, T, 1]]",,,"[[B, T, 1]]",[1931],16,input_layernorm,,1,model.layers.16.input_layernorm,aten.rsqrt.default,[],prefill,False
1933,input_layernorm,,elementwise_mul,"[[B, T, d_model], [B, T, 1]]",,,"[[B, T, d_model]]","[1928, 1932]",16,input_layernorm,,1,model.layers.16.input_layernorm,aten.mul.Tensor,[],prefill,False
1934,input_layernorm,,elementwise_add,[[d_model]],,,[[d_model]],[],16,input_layernorm,,1,model.layers.16.input_layernorm,aten.add.Tensor,[model.layers.16.input_layernorm.weight],prefill,False
1935,input_layernorm,,elementwise_mul,"[[B, T, d_model], [d_model]]",,,"[[B, T, d_model]]","[1933, 1934]",16,input_layernorm,,1,model.layers.16.input_layernorm,aten.mul.Tensor,[],prefill,False
1936,self_attn,q_proj,t,"[[n_h*d_head, d_model]]","[n_h*d_head, d_model]",0,"[[d_model, n_h*d_head]]",[],16,self_attn,q_proj,2,model.layers.16.self_attn.q_proj,aten.t.default,[model.layers.16.self_attn.q_proj.weight],prefill,True
1937,self_attn,q_proj,view,"[[B, T, d_model]]",,,"[[T, d_model]]",[1935],16,self_attn,q_proj,2,model.layers.16.self_attn.q_proj,aten.view.default,[],prefill,True
1938,self_attn,q_proj,matmul,"[[T, d_model], [d_model, n_h*d_head]]","[n_h*d_head, d_model]",1,"[[T, n_h*d_head]]","[1936, 1937]",16,self_attn,q_proj,2,model.layers.16.self_attn.q_proj,aten.mm.default,[model.layers.16.self_attn.q_proj.weight],prefill,False
1939,self_attn,q_proj,_unsafe_view,"[[T, n_h*d_head]]",,,"[[B, T, n_h*d_head]]",[1938],16,self_attn,q_proj,2,model.layers.16.self_attn.q_proj,aten._unsafe_view.default,[],prefill,True
1940,self_attn,,view,"[[B, T, n_h*d_head]]",,,"[[B, T, n_h, d_head]]",[1939],16,self_attn,,1,model.layers.16.self_attn,aten.view.default,[],prefill,True
1941,self_attn,,transpose,"[[B, T, n_h, d_head]]",,,"[[B, n_h, T, d_head]]",[1940],16,self_attn,,1,model.layers.16.self_attn,aten.transpose.int,[],prefill,True
1942,self_attn,k_proj,t,"[[n_kv*d_head, d_model]]","[n_kv*d_head, d_model]",0,"[[d_model, n_kv*d_head]]",[],16,self_attn,k_proj,2,model.layers.16.self_attn.k_proj,aten.t.default,[model.layers.16.self_attn.k_proj.weight],prefill,True
1943,self_attn,k_proj,view,"[[B, T, d_model]]",,,"[[T, d_model]]",[1935],16,self_attn,k_proj,2,model.layers.16.self_attn.k_proj,aten.view.default,[],prefill,True
1944,self_attn,k_proj,matmul,"[[T, d_model], [d_model, n_kv*d_head]]","[n_kv*d_head, d_model]",1,"[[T, n_kv*d_head]]","[1942, 1943]",16,self_attn,k_proj,2,model.layers.16.self_attn.k_proj,aten.mm.default,[model.layers.16.self_attn.k_proj.weight],prefill,False
1945,self_attn,k_proj,_unsafe_view,"[[T, n_kv*d_head]]",,,"[[B, T, n_kv*d_head]]",[1944],16,self_attn,k_proj,2,model.layers.16.self_attn.k_proj,aten._unsafe_view.default,[],prefill,True
1946,self_attn,,view,"[[B, T, n_kv*d_head]]",,,"[[B, T, n_kv, d_head]]",[1945],16,self_attn,,1,model.layers.16.self_attn,aten.view.default,[],prefill,True
1947,self_attn,,transpose,"[[B, T, n_kv, d_head]]",,,"[[B, n_kv, T, d_head]]",[1946],16,self_attn,,1,model.layers.16.self_attn,aten.transpose.int,[],prefill,True
1948,self_attn,v_proj,t,"[[n_kv*d_head, d_model]]","[n_kv*d_head, d_model]",0,"[[d_model, n_kv*d_head]]",[],16,self_attn,v_proj,2,model.layers.16.self_attn.v_proj,aten.t.default,[model.layers.16.self_attn.v_proj.weight],prefill,True
1949,self_attn,v_proj,view,"[[B, T, d_model]]",,,"[[T, d_model]]",[1935],16,self_attn,v_proj,2,model.layers.16.self_attn.v_proj,aten.view.default,[],prefill,True
1950,self_attn,v_proj,matmul,"[[T, d_model], [d_model, n_kv*d_head]]","[n_kv*d_head, d_model]",1,"[[T, n_kv*d_head]]","[1948, 1949]",16,self_attn,v_proj,2,model.layers.16.self_attn.v_proj,aten.mm.default,[model.layers.16.self_attn.v_proj.weight],prefill,False
1951,self_attn,v_proj,_unsafe_view,"[[T, n_kv*d_head]]",,,"[[B, T, n_kv*d_head]]",[1950],16,self_attn,v_proj,2,model.layers.16.self_attn.v_proj,aten._unsafe_view.default,[],prefill,True
1952,self_attn,,view,"[[B, T, n_kv*d_head]]",,,"[[B, T, n_kv, d_head]]",[1951],16,self_attn,,1,model.layers.16.self_attn,aten.view.default,[],prefill,True
1953,self_attn,,transpose,"[[B, T, n_kv, d_head]]",,,"[[B, n_kv, T, d_head]]",[1952],16,self_attn,,1,model.layers.16.self_attn,aten.transpose.int,[],prefill,True
1954,self_attn,,unsqueeze,"[[B, T, d_head]]",,,"[[B, 1, T, d_head]]",[78],16,self_attn,,1,model.layers.16.self_attn,aten.unsqueeze.default,[],prefill,True
1955,self_attn,,unsqueeze,"[[B, T, d_head]]",,,"[[B, 1, T, d_head]]",[80],16,self_attn,,1,model.layers.16.self_attn,aten.unsqueeze.default,[],prefill,True
1956,self_attn,,elementwise_mul,"[[B, n_h, T, d_head], [B, 1, T, d_head]]",,,"[[B, n_h, T, d_head]]","[1941, 1954]",16,self_attn,,1,model.layers.16.self_attn,aten.mul.Tensor,[],prefill,False
1957,self_attn,,slice,"[[B, n_h, T, d_head]]",,,"[[B, n_h, T, d_head/2]]",[1941],16,self_attn,,1,model.layers.16.self_attn,aten.slice.Tensor,[],prefill,True
1958,self_attn,,slice,"[[B, n_h, T, d_head]]",,,"[[B, n_h, T, d_head/2]]",[1941],16,self_attn,,1,model.layers.16.self_attn,aten.slice.Tensor,[],prefill,True
1959,self_attn,,neg,"[[B, n_h, T, d_head/2]]",,,"[[B, n_h, T, d_head/2]]",[1958],16,self_attn,,1,model.layers.16.self_attn,aten.neg.default,[],prefill,False
1960,self_attn,,concat,"[[B, n_h, T, d_head/2], [B, n_h, T, d_head/2]]",,,"[[B, n_h, T, d_head]]","[1957, 1959]",16,self_attn,,1,model.layers.16.self_attn,aten.cat.default,[],prefill,False
1961,self_attn,,elementwise_mul,"[[B, n_h, T, d_head], [B, 1, T, d_head]]",,,"[[B, n_h, T, d_head]]","[1955, 1960]",16,self_attn,,1,model.layers.16.self_attn,aten.mul.Tensor,[],prefill,False
1962,self_attn,,elementwise_add,"[[B, n_h, T, d_head], [B, n_h, T, d_head]]",,,"[[B, n_h, T, d_head]]","[1956, 1961]",16,self_attn,,1,model.layers.16.self_attn,aten.add.Tensor,[],prefill,False
1963,self_attn,,elementwise_mul,"[[B, n_kv, T, d_head], [B, 1, T, d_head]]",,,"[[B, n_kv, T, d_head]]","[1947, 1954]",16,self_attn,,1,model.layers.16.self_attn,aten.mul.Tensor,[],prefill,False
1964,self_attn,,slice,"[[B, n_kv, T, d_head]]",,,"[[B, n_kv, T, d_head/2]]",[1947],16,self_attn,,1,model.layers.16.self_attn,aten.slice.Tensor,[],prefill,True
1965,self_attn,,slice,"[[B, n_kv, T, d_head]]",,,"[[B, n_kv, T, d_head/2]]",[1947],16,self_attn,,1,model.layers.16.self_attn,aten.slice.Tensor,[],prefill,True
1966,self_attn,,neg,"[[B, n_kv, T, d_head/2]]",,,"[[B, n_kv, T, d_head/2]]",[1965],16,self_attn,,1,model.layers.16.self_attn,aten.neg.default,[],prefill,False
1967,self_attn,,concat,"[[B, n_kv, T, d_head/2], [B, n_kv, T, d_head/2]]",,,"[[B, n_kv, T, d_head]]","[1964, 1966]",16,self_attn,,1,model.layers.16.self_attn,aten.cat.default,[],prefill,False
1968,self_attn,,elementwise_mul,"[[B, n_kv, T, d_head], [B, 1, T, d_head]]",,,"[[B, n_kv, T, d_head]]","[1955, 1967]",16,self_attn,,1,model.layers.16.self_attn,aten.mul.Tensor,[],prefill,False
1969,self_attn,,elementwise_add,"[[B, n_kv, T, d_head], [B, n_kv, T, d_head]]",,,"[[B, n_kv, T, d_head]]","[1963, 1968]",16,self_attn,,1,model.layers.16.self_attn,aten.add.Tensor,[],prefill,False
1970,self_attn,,_to_copy,[[]],,,[[]],[10],16,self_attn,,1,model.layers.16.self_attn,aten._to_copy.default,[],prefill,True
1971,self_attn,,concat,"[[0], [B, n_kv, T, d_head]]",,,"[[B, n_kv, T, d_head]]",[1969],16,self_attn,,1,model.layers.16.self_attn,aten.cat.default,[],prefill,False
1972,self_attn,,concat,"[[0], [B, n_kv, T, d_head]]",,,"[[B, n_kv, T, d_head]]",[1953],16,self_attn,,1,model.layers.16.self_attn,aten.cat.default,[],prefill,False
1973,self_attn,,slice,"[[B, n_kv, T, d_head]]",,,"[[B, n_kv, T, d_head]]",[1971],16,self_attn,,1,model.layers.16.self_attn,aten.slice.Tensor,[],prefill,True
1974,self_attn,,slice,"[[B, n_kv, T, d_head]]",,,"[[B, n_kv, T, d_head]]",[1972],16,self_attn,,1,model.layers.16.self_attn,aten.slice.Tensor,[],prefill,True
1975,self_attn,,unsqueeze,"[[B, n_kv, T, d_head]]",,,"[[B, n_kv, 1, T, d_head]]",[1971],16,self_attn,,1,model.layers.16.self_attn,aten.unsqueeze.default,[],prefill,True
1976,self_attn,,expand,"[[B, n_kv, 1, T, d_head]]",,,"[[B, n_kv, n_h/n_kv, T, d_head]]",[1975],16,self_attn,,1,model.layers.16.self_attn,aten.expand.default,[],prefill,True
1977,self_attn,,clone,"[[B, n_kv, n_h/n_kv, T, d_head]]",,,"[[B, n_kv, n_h/n_kv, T, d_head]]",[1976],16,self_attn,,1,model.layers.16.self_attn,aten.clone.default,[],prefill,True
1978,self_attn,,_unsafe_view,"[[B, n_kv, n_h/n_kv, T, d_head]]",,,"[[B, n_h, T, d_head]]",[1977],16,self_attn,,1,model.layers.16.self_attn,aten._unsafe_view.default,[],prefill,True
1979,self_attn,,unsqueeze,"[[B, n_kv, T, d_head]]",,,"[[B, n_kv, 1, T, d_head]]",[1972],16,self_attn,,1,model.layers.16.self_attn,aten.unsqueeze.default,[],prefill,True
1980,self_attn,,expand,"[[B, n_kv, 1, T, d_head]]",,,"[[B, n_kv, n_h/n_kv, T, d_head]]",[1979],16,self_attn,,1,model.layers.16.self_attn,aten.expand.default,[],prefill,True
1981,self_attn,,clone,"[[B, n_kv, n_h/n_kv, T, d_head]]",,,"[[B, n_kv, n_h/n_kv, T, d_head]]",[1980],16,self_attn,,1,model.layers.16.self_attn,aten.clone.default,[],prefill,True
1982,self_attn,,_unsafe_view,"[[B, n_kv, n_h/n_kv, T, d_head]]",,,"[[B, n_h, T, d_head]]",[1981],16,self_attn,,1,model.layers.16.self_attn,aten._unsafe_view.default,[],prefill,True
1983,self_attn,,transpose,"[[B, n_h, T, d_head]]",,,"[[B, n_h, d_head, T]]",[1978],16,self_attn,,1,model.layers.16.self_attn,aten.transpose.int,[],prefill,True
1984,self_attn,,expand,"[[B, n_h, T, d_head]]",,,"[[B, n_h, T, d_head]]",[1962],16,self_attn,,1,model.layers.16.self_attn,aten.expand.default,[],prefill,True
1985,self_attn,,view,"[[B, n_h, T, d_head]]",,,"[[n_h, T, d_head]]",[1984],16,self_attn,,1,model.layers.16.self_attn,aten.view.default,[],prefill,True
1986,self_attn,,expand,"[[B, n_h, d_head, T]]",,,"[[B, n_h, d_head, T]]",[1983],16,self_attn,,1,model.layers.16.self_attn,aten.expand.default,[],prefill,True
1987,self_attn,,view,"[[B, n_h, d_head, T]]",,,"[[n_h, d_head, T]]",[1986],16,self_attn,,1,model.layers.16.self_attn,aten.view.default,[],prefill,True
1988,self_attn,,batched_matmul,"[[n_h, T, d_head], [n_h, d_head, T]]",,,"[[n_h, T, T]]","[1985, 1987]",16,self_attn,,1,model.layers.16.self_attn,aten.bmm.default,[],prefill,False
1989,self_attn,,_unsafe_view,"[[n_h, T, T]]",,,"[[B, n_h, T, T]]",[1988],16,self_attn,,1,model.layers.16.self_attn,aten._unsafe_view.default,[],prefill,True
1990,self_attn,,elementwise_mul,"[[B, n_h, T, T]]",,,"[[B, n_h, T, T]]",[1989],16,self_attn,,1,model.layers.16.self_attn,aten.mul.Tensor,[],prefill,False
1991,self_attn,,div,"[[B, n_h, T, T]]",,,"[[B, n_h, T, T]]",[1990],16,self_attn,,1,model.layers.16.self_attn,aten.div.Tensor,[],prefill,True
1992,self_attn,,tanh,"[[B, n_h, T, T]]",,,"[[B, n_h, T, T]]",[1991],16,self_attn,,1,model.layers.16.self_attn,aten.tanh.default,[],prefill,False
1993,self_attn,,elementwise_mul,"[[B, n_h, T, T]]",,,"[[B, n_h, T, T]]",[1992],16,self_attn,,1,model.layers.16.self_attn,aten.mul.Tensor,[],prefill,False
1994,self_attn,,elementwise_add,"[[B, n_h, T, T], [B, 1, T, T]]",,,"[[B, n_h, T, T]]","[63, 1993]",16,self_attn,,1,model.layers.16.self_attn,aten.add.Tensor,[],prefill,False
1995,self_attn,,softmax,"[[B, n_h, T, T]]",,,"[[B, n_h, T, T]]",[1994],16,self_attn,,1,model.layers.16.self_attn,aten._softmax.default,[],prefill,False
1996,self_attn,,expand,"[[B, n_h, T, T]]",,,"[[B, n_h, T, T]]",[1995],16,self_attn,,1,model.layers.16.self_attn,aten.expand.default,[],prefill,True
1997,self_attn,,view,"[[B, n_h, T, T]]",,,"[[n_h, T, T]]",[1996],16,self_attn,,1,model.layers.16.self_attn,aten.view.default,[],prefill,True
1998,self_attn,,expand,"[[B, n_h, T, d_head]]",,,"[[B, n_h, T, d_head]]",[1982],16,self_attn,,1,model.layers.16.self_attn,aten.expand.default,[],prefill,True
1999,self_attn,,view,"[[B, n_h, T, d_head]]",,,"[[n_h, T, d_head]]",[1998],16,self_attn,,1,model.layers.16.self_attn,aten.view.default,[],prefill,True
2000,self_attn,,batched_matmul,"[[n_h, T, T], [n_h, T, d_head]]",,,"[[n_h, T, d_head]]","[1997, 1999]",16,self_attn,,1,model.layers.16.self_attn,aten.bmm.default,[],prefill,False
2001,self_attn,,_unsafe_view,"[[n_h, T, d_head]]",,,"[[B, n_h, T, d_head]]",[2000],16,self_attn,,1,model.layers.16.self_attn,aten._unsafe_view.default,[],prefill,True
2002,self_attn,,transpose,"[[B, n_h, T, d_head]]",,,"[[B, T, n_h, d_head]]",[2001],16,self_attn,,1,model.layers.16.self_attn,aten.transpose.int,[],prefill,True
2003,self_attn,,clone,"[[B, T, n_h, d_head]]",,,"[[B, T, n_h, d_head]]",[2002],16,self_attn,,1,model.layers.16.self_attn,aten.clone.default,[],prefill,True
2004,self_attn,,view,"[[B, T, n_h, d_head]]",,,"[[B, T, n_h*d_head]]",[2003],16,self_attn,,1,model.layers.16.self_attn,aten.view.default,[],prefill,True
2005,self_attn,o_proj,t,"[[d_model, n_h*d_head]]","[d_model, n_h*d_head]",0,"[[n_h*d_head, d_model]]",[],16,self_attn,o_proj,2,model.layers.16.self_attn.o_proj,aten.t.default,[model.layers.16.self_attn.o_proj.weight],prefill,True
2006,self_attn,o_proj,view,"[[B, T, n_h*d_head]]",,,"[[T, n_h*d_head]]",[2004],16,self_attn,o_proj,2,model.layers.16.self_attn.o_proj,aten.view.default,[],prefill,True
2007,self_attn,o_proj,matmul,"[[T, n_h*d_head], [n_h*d_head, d_model]]","[d_model, n_h*d_head]",1,"[[T, d_model]]","[2005, 2006]",16,self_attn,o_proj,2,model.layers.16.self_attn.o_proj,aten.mm.default,[model.layers.16.self_attn.o_proj.weight],prefill,False
2008,self_attn,o_proj,_unsafe_view,"[[T, d_model]]",,,"[[B, T, d_model]]",[2007],16,self_attn,o_proj,2,model.layers.16.self_attn.o_proj,aten._unsafe_view.default,[],prefill,True
2009,post_attention_layernorm,,pow,"[[B, T, d_model]]",,,"[[B, T, d_model]]",[2008],16,post_attention_layernorm,,1,model.layers.16.post_attention_layernorm,aten.pow.Tensor_Scalar,[],prefill,False
2010,post_attention_layernorm,,mean,"[[B, T, d_model]]",,,"[[B, T, 1]]",[2009],16,post_attention_layernorm,,1,model.layers.16.post_attention_layernorm,aten.mean.dim,[],prefill,False
2011,post_attention_layernorm,,elementwise_add,"[[B, T, 1]]",,,"[[B, T, 1]]",[2010],16,post_attention_layernorm,,1,model.layers.16.post_attention_layernorm,aten.add.Tensor,[],prefill,False
2012,post_attention_layernorm,,rsqrt,"[[B, T, 1]]",,,"[[B, T, 1]]",[2011],16,post_attention_layernorm,,1,model.layers.16.post_attention_layernorm,aten.rsqrt.default,[],prefill,False
2013,post_attention_layernorm,,elementwise_mul,"[[B, T, d_model], [B, T, 1]]",,,"[[B, T, d_model]]","[2008, 2012]",16,post_attention_layernorm,,1,model.layers.16.post_attention_layernorm,aten.mul.Tensor,[],prefill,False
2014,post_attention_layernorm,,elementwise_add,[[d_model]],,,[[d_model]],[],16,post_attention_layernorm,,1,model.layers.16.post_attention_layernorm,aten.add.Tensor,[model.layers.16.post_attention_layernorm.weight],prefill,False
2015,post_attention_layernorm,,elementwise_mul,"[[B, T, d_model], [d_model]]",,,"[[B, T, d_model]]","[2013, 2014]",16,post_attention_layernorm,,1,model.layers.16.post_attention_layernorm,aten.mul.Tensor,[],prefill,False
2016,,,elementwise_add,"[[B, T, d_model], [B, T, d_model]]",,,"[[B, T, d_model]]","[1928, 2015]",16,,,0,model.layers.16,aten.add.Tensor,[],prefill,False
2017,pre_feedforward_layernorm,,pow,"[[B, T, d_model]]",,,"[[B, T, d_model]]",[2016],16,pre_feedforward_layernorm,,1,model.layers.16.pre_feedforward_layernorm,aten.pow.Tensor_Scalar,[],prefill,False
2018,pre_feedforward_layernorm,,mean,"[[B, T, d_model]]",,,"[[B, T, 1]]",[2017],16,pre_feedforward_layernorm,,1,model.layers.16.pre_feedforward_layernorm,aten.mean.dim,[],prefill,False
2019,pre_feedforward_layernorm,,elementwise_add,"[[B, T, 1]]",,,"[[B, T, 1]]",[2018],16,pre_feedforward_layernorm,,1,model.layers.16.pre_feedforward_layernorm,aten.add.Tensor,[],prefill,False
2020,pre_feedforward_layernorm,,rsqrt,"[[B, T, 1]]",,,"[[B, T, 1]]",[2019],16,pre_feedforward_layernorm,,1,model.layers.16.pre_feedforward_layernorm,aten.rsqrt.default,[],prefill,False
2021,pre_feedforward_layernorm,,elementwise_mul,"[[B, T, d_model], [B, T, 1]]",,,"[[B, T, d_model]]","[2016, 2020]",16,pre_feedforward_layernorm,,1,model.layers.16.pre_feedforward_layernorm,aten.mul.Tensor,[],prefill,False
2022,pre_feedforward_layernorm,,elementwise_add,[[d_model]],,,[[d_model]],[],16,pre_feedforward_layernorm,,1,model.layers.16.pre_feedforward_layernorm,aten.add.Tensor,[model.layers.16.pre_feedforward_layernorm.weight],prefill,False
2023,pre_feedforward_layernorm,,elementwise_mul,"[[B, T, d_model], [d_model]]",,,"[[B, T, d_model]]","[2021, 2022]",16,pre_feedforward_layernorm,,1,model.layers.16.pre_feedforward_layernorm,aten.mul.Tensor,[],prefill,False
2024,mlp,gate_proj,t,"[[d_ff, d_model]]","[d_ff, d_model]",0,"[[d_model, d_ff]]",[],16,mlp,gate_proj,2,model.layers.16.mlp.gate_proj,aten.t.default,[model.layers.16.mlp.gate_proj.weight],prefill,True
2025,mlp,gate_proj,view,"[[B, T, d_model]]",,,"[[T, d_model]]",[2023],16,mlp,gate_proj,2,model.layers.16.mlp.gate_proj,aten.view.default,[],prefill,True
2026,mlp,gate_proj,matmul,"[[T, d_model], [d_model, d_ff]]","[d_ff, d_model]",1,"[[T, d_ff]]","[2024, 2025]",16,mlp,gate_proj,2,model.layers.16.mlp.gate_proj,aten.mm.default,[model.layers.16.mlp.gate_proj.weight],prefill,False
2027,mlp,gate_proj,_unsafe_view,"[[T, d_ff]]",,,"[[B, T, d_ff]]",[2026],16,mlp,gate_proj,2,model.layers.16.mlp.gate_proj,aten._unsafe_view.default,[],prefill,True
2028,mlp,act_fn,gelu,"[[B, T, d_ff]]",,,"[[B, T, d_ff]]",[2027],16,mlp,act_fn,2,model.layers.16.mlp.act_fn,aten.gelu.default,[],prefill,False
2029,mlp,up_proj,t,"[[d_ff, d_model]]","[d_ff, d_model]",0,"[[d_model, d_ff]]",[],16,mlp,up_proj,2,model.layers.16.mlp.up_proj,aten.t.default,[model.layers.16.mlp.up_proj.weight],prefill,True
2030,mlp,up_proj,view,"[[B, T, d_model]]",,,"[[T, d_model]]",[2023],16,mlp,up_proj,2,model.layers.16.mlp.up_proj,aten.view.default,[],prefill,True
2031,mlp,up_proj,matmul,"[[T, d_model], [d_model, d_ff]]","[d_ff, d_model]",1,"[[T, d_ff]]","[2029, 2030]",16,mlp,up_proj,2,model.layers.16.mlp.up_proj,aten.mm.default,[model.layers.16.mlp.up_proj.weight],prefill,False
2032,mlp,up_proj,_unsafe_view,"[[T, d_ff]]",,,"[[B, T, d_ff]]",[2031],16,mlp,up_proj,2,model.layers.16.mlp.up_proj,aten._unsafe_view.default,[],prefill,True
2033,mlp,,elementwise_mul,"[[B, T, d_ff], [B, T, d_ff]]",,,"[[B, T, d_ff]]","[2028, 2032]",16,mlp,,1,model.layers.16.mlp,aten.mul.Tensor,[],prefill,False
2034,mlp,down_proj,t,"[[d_model, d_ff]]","[d_model, d_ff]",0,"[[d_ff, d_model]]",[],16,mlp,down_proj,2,model.layers.16.mlp.down_proj,aten.t.default,[model.layers.16.mlp.down_proj.weight],prefill,True
2035,mlp,down_proj,view,"[[B, T, d_ff]]",,,"[[T, d_ff]]",[2033],16,mlp,down_proj,2,model.layers.16.mlp.down_proj,aten.view.default,[],prefill,True
2036,mlp,down_proj,matmul,"[[T, d_ff], [d_ff, d_model]]","[d_model, d_ff]",1,"[[T, d_model]]","[2034, 2035]",16,mlp,down_proj,2,model.layers.16.mlp.down_proj,aten.mm.default,[model.layers.16.mlp.down_proj.weight],prefill,False
2037,mlp,down_proj,_unsafe_view,"[[T, d_model]]",,,"[[B, T, d_model]]",[2036],16,mlp,down_proj,2,model.layers.16.mlp.down_proj,aten._unsafe_view.default,[],prefill,True
2038,post_feedforward_layernorm,,pow,"[[B, T, d_model]]",,,"[[B, T, d_model]]",[2037],16,post_feedforward_layernorm,,1,model.layers.16.post_feedforward_layernorm,aten.pow.Tensor_Scalar,[],prefill,False
2039,post_feedforward_layernorm,,mean,"[[B, T, d_model]]",,,"[[B, T, 1]]",[2038],16,post_feedforward_layernorm,,1,model.layers.16.post_feedforward_layernorm,aten.mean.dim,[],prefill,False
2040,post_feedforward_layernorm,,elementwise_add,"[[B, T, 1]]",,,"[[B, T, 1]]",[2039],16,post_feedforward_layernorm,,1,model.layers.16.post_feedforward_layernorm,aten.add.Tensor,[],prefill,False
2041,post_feedforward_layernorm,,rsqrt,"[[B, T, 1]]",,,"[[B, T, 1]]",[2040],16,post_feedforward_layernorm,,1,model.layers.16.post_feedforward_layernorm,aten.rsqrt.default,[],prefill,False
2042,post_feedforward_layernorm,,elementwise_mul,"[[B, T, d_model], [B, T, 1]]",,,"[[B, T, d_model]]","[2037, 2041]",16,post_feedforward_layernorm,,1,model.layers.16.post_feedforward_layernorm,aten.mul.Tensor,[],prefill,False
2043,post_feedforward_layernorm,,elementwise_add,[[d_model]],,,[[d_model]],[],16,post_feedforward_layernorm,,1,model.layers.16.post_feedforward_layernorm,aten.add.Tensor,[model.layers.16.post_feedforward_layernorm.weight],prefill,False
2044,post_feedforward_layernorm,,elementwise_mul,"[[B, T, d_model], [d_model]]",,,"[[B, T, d_model]]","[2042, 2043]",16,post_feedforward_layernorm,,1,model.layers.16.post_feedforward_layernorm,aten.mul.Tensor,[],prefill,False
2045,,,elementwise_add,"[[B, T, d_model], [B, T, d_model]]",,,"[[B, T, d_model]]","[2016, 2044]",16,,,0,model.layers.16,aten.add.Tensor,[],prefill,False
2046,input_layernorm,,pow,"[[B, T, d_model]]",,,"[[B, T, d_model]]",[2045],17,input_layernorm,,1,model.layers.17.input_layernorm,aten.pow.Tensor_Scalar,[],prefill,False
2047,input_layernorm,,mean,"[[B, T, d_model]]",,,"[[B, T, 1]]",[2046],17,input_layernorm,,1,model.layers.17.input_layernorm,aten.mean.dim,[],prefill,False
2048,input_layernorm,,elementwise_add,"[[B, T, 1]]",,,"[[B, T, 1]]",[2047],17,input_layernorm,,1,model.layers.17.input_layernorm,aten.add.Tensor,[],prefill,False
2049,input_layernorm,,rsqrt,"[[B, T, 1]]",,,"[[B, T, 1]]",[2048],17,input_layernorm,,1,model.layers.17.input_layernorm,aten.rsqrt.default,[],prefill,False
2050,input_layernorm,,elementwise_mul,"[[B, T, d_model], [B, T, 1]]",,,"[[B, T, d_model]]","[2045, 2049]",17,input_layernorm,,1,model.layers.17.input_layernorm,aten.mul.Tensor,[],prefill,False
2051,input_layernorm,,elementwise_add,[[d_model]],,,[[d_model]],[],17,input_layernorm,,1,model.layers.17.input_layernorm,aten.add.Tensor,[model.layers.17.input_layernorm.weight],prefill,False
2052,input_layernorm,,elementwise_mul,"[[B, T, d_model], [d_model]]",,,"[[B, T, d_model]]","[2050, 2051]",17,input_layernorm,,1,model.layers.17.input_layernorm,aten.mul.Tensor,[],prefill,False
2053,self_attn,q_proj,t,"[[n_h*d_head, d_model]]","[n_h*d_head, d_model]",0,"[[d_model, n_h*d_head]]",[],17,self_attn,q_proj,2,model.layers.17.self_attn.q_proj,aten.t.default,[model.layers.17.self_attn.q_proj.weight],prefill,True
2054,self_attn,q_proj,view,"[[B, T, d_model]]",,,"[[T, d_model]]",[2052],17,self_attn,q_proj,2,model.layers.17.self_attn.q_proj,aten.view.default,[],prefill,True
2055,self_attn,q_proj,matmul,"[[T, d_model], [d_model, n_h*d_head]]","[n_h*d_head, d_model]",1,"[[T, n_h*d_head]]","[2053, 2054]",17,self_attn,q_proj,2,model.layers.17.self_attn.q_proj,aten.mm.default,[model.layers.17.self_attn.q_proj.weight],prefill,False
2056,self_attn,q_proj,_unsafe_view,"[[T, n_h*d_head]]",,,"[[B, T, n_h*d_head]]",[2055],17,self_attn,q_proj,2,model.layers.17.self_attn.q_proj,aten._unsafe_view.default,[],prefill,True
2057,self_attn,,view,"[[B, T, n_h*d_head]]",,,"[[B, T, n_h, d_head]]",[2056],17,self_attn,,1,model.layers.17.self_attn,aten.view.default,[],prefill,True
2058,self_attn,,transpose,"[[B, T, n_h, d_head]]",,,"[[B, n_h, T, d_head]]",[2057],17,self_attn,,1,model.layers.17.self_attn,aten.transpose.int,[],prefill,True
2059,self_attn,k_proj,t,"[[n_kv*d_head, d_model]]","[n_kv*d_head, d_model]",0,"[[d_model, n_kv*d_head]]",[],17,self_attn,k_proj,2,model.layers.17.self_attn.k_proj,aten.t.default,[model.layers.17.self_attn.k_proj.weight],prefill,True
2060,self_attn,k_proj,view,"[[B, T, d_model]]",,,"[[T, d_model]]",[2052],17,self_attn,k_proj,2,model.layers.17.self_attn.k_proj,aten.view.default,[],prefill,True
2061,self_attn,k_proj,matmul,"[[T, d_model], [d_model, n_kv*d_head]]","[n_kv*d_head, d_model]",1,"[[T, n_kv*d_head]]","[2059, 2060]",17,self_attn,k_proj,2,model.layers.17.self_attn.k_proj,aten.mm.default,[model.layers.17.self_attn.k_proj.weight],prefill,False
2062,self_attn,k_proj,_unsafe_view,"[[T, n_kv*d_head]]",,,"[[B, T, n_kv*d_head]]",[2061],17,self_attn,k_proj,2,model.layers.17.self_attn.k_proj,aten._unsafe_view.default,[],prefill,True
2063,self_attn,,view,"[[B, T, n_kv*d_head]]",,,"[[B, T, n_kv, d_head]]",[2062],17,self_attn,,1,model.layers.17.self_attn,aten.view.default,[],prefill,True
2064,self_attn,,transpose,"[[B, T, n_kv, d_head]]",,,"[[B, n_kv, T, d_head]]",[2063],17,self_attn,,1,model.layers.17.self_attn,aten.transpose.int,[],prefill,True
2065,self_attn,v_proj,t,"[[n_kv*d_head, d_model]]","[n_kv*d_head, d_model]",0,"[[d_model, n_kv*d_head]]",[],17,self_attn,v_proj,2,model.layers.17.self_attn.v_proj,aten.t.default,[model.layers.17.self_attn.v_proj.weight],prefill,True
2066,self_attn,v_proj,view,"[[B, T, d_model]]",,,"[[T, d_model]]",[2052],17,self_attn,v_proj,2,model.layers.17.self_attn.v_proj,aten.view.default,[],prefill,True
2067,self_attn,v_proj,matmul,"[[T, d_model], [d_model, n_kv*d_head]]","[n_kv*d_head, d_model]",1,"[[T, n_kv*d_head]]","[2065, 2066]",17,self_attn,v_proj,2,model.layers.17.self_attn.v_proj,aten.mm.default,[model.layers.17.self_attn.v_proj.weight],prefill,False
2068,self_attn,v_proj,_unsafe_view,"[[T, n_kv*d_head]]",,,"[[B, T, n_kv*d_head]]",[2067],17,self_attn,v_proj,2,model.layers.17.self_attn.v_proj,aten._unsafe_view.default,[],prefill,True
2069,self_attn,,view,"[[B, T, n_kv*d_head]]",,,"[[B, T, n_kv, d_head]]",[2068],17,self_attn,,1,model.layers.17.self_attn,aten.view.default,[],prefill,True
2070,self_attn,,transpose,"[[B, T, n_kv, d_head]]",,,"[[B, n_kv, T, d_head]]",[2069],17,self_attn,,1,model.layers.17.self_attn,aten.transpose.int,[],prefill,True
2071,self_attn,,unsqueeze,"[[B, T, d_head]]",,,"[[B, 1, T, d_head]]",[78],17,self_attn,,1,model.layers.17.self_attn,aten.unsqueeze.default,[],prefill,True
2072,self_attn,,unsqueeze,"[[B, T, d_head]]",,,"[[B, 1, T, d_head]]",[80],17,self_attn,,1,model.layers.17.self_attn,aten.unsqueeze.default,[],prefill,True
2073,self_attn,,elementwise_mul,"[[B, n_h, T, d_head], [B, 1, T, d_head]]",,,"[[B, n_h, T, d_head]]","[2058, 2071]",17,self_attn,,1,model.layers.17.self_attn,aten.mul.Tensor,[],prefill,False
2074,self_attn,,slice,"[[B, n_h, T, d_head]]",,,"[[B, n_h, T, d_head/2]]",[2058],17,self_attn,,1,model.layers.17.self_attn,aten.slice.Tensor,[],prefill,True
2075,self_attn,,slice,"[[B, n_h, T, d_head]]",,,"[[B, n_h, T, d_head/2]]",[2058],17,self_attn,,1,model.layers.17.self_attn,aten.slice.Tensor,[],prefill,True
2076,self_attn,,neg,"[[B, n_h, T, d_head/2]]",,,"[[B, n_h, T, d_head/2]]",[2075],17,self_attn,,1,model.layers.17.self_attn,aten.neg.default,[],prefill,False
2077,self_attn,,concat,"[[B, n_h, T, d_head/2], [B, n_h, T, d_head/2]]",,,"[[B, n_h, T, d_head]]","[2074, 2076]",17,self_attn,,1,model.layers.17.self_attn,aten.cat.default,[],prefill,False
2078,self_attn,,elementwise_mul,"[[B, n_h, T, d_head], [B, 1, T, d_head]]",,,"[[B, n_h, T, d_head]]","[2072, 2077]",17,self_attn,,1,model.layers.17.self_attn,aten.mul.Tensor,[],prefill,False
2079,self_attn,,elementwise_add,"[[B, n_h, T, d_head], [B, n_h, T, d_head]]",,,"[[B, n_h, T, d_head]]","[2073, 2078]",17,self_attn,,1,model.layers.17.self_attn,aten.add.Tensor,[],prefill,False
2080,self_attn,,elementwise_mul,"[[B, n_kv, T, d_head], [B, 1, T, d_head]]",,,"[[B, n_kv, T, d_head]]","[2064, 2071]",17,self_attn,,1,model.layers.17.self_attn,aten.mul.Tensor,[],prefill,False
2081,self_attn,,slice,"[[B, n_kv, T, d_head]]",,,"[[B, n_kv, T, d_head/2]]",[2064],17,self_attn,,1,model.layers.17.self_attn,aten.slice.Tensor,[],prefill,True
2082,self_attn,,slice,"[[B, n_kv, T, d_head]]",,,"[[B, n_kv, T, d_head/2]]",[2064],17,self_attn,,1,model.layers.17.self_attn,aten.slice.Tensor,[],prefill,True
2083,self_attn,,neg,"[[B, n_kv, T, d_head/2]]",,,"[[B, n_kv, T, d_head/2]]",[2082],17,self_attn,,1,model.layers.17.self_attn,aten.neg.default,[],prefill,False
2084,self_attn,,concat,"[[B, n_kv, T, d_head/2], [B, n_kv, T, d_head/2]]",,,"[[B, n_kv, T, d_head]]","[2081, 2083]",17,self_attn,,1,model.layers.17.self_attn,aten.cat.default,[],prefill,False
2085,self_attn,,elementwise_mul,"[[B, n_kv, T, d_head], [B, 1, T, d_head]]",,,"[[B, n_kv, T, d_head]]","[2072, 2084]",17,self_attn,,1,model.layers.17.self_attn,aten.mul.Tensor,[],prefill,False
2086,self_attn,,elementwise_add,"[[B, n_kv, T, d_head], [B, n_kv, T, d_head]]",,,"[[B, n_kv, T, d_head]]","[2080, 2085]",17,self_attn,,1,model.layers.17.self_attn,aten.add.Tensor,[],prefill,False
2087,self_attn,,concat,"[[0], [B, n_kv, T, d_head]]",,,"[[B, n_kv, T, d_head]]",[2086],17,self_attn,,1,model.layers.17.self_attn,aten.cat.default,[],prefill,False
2088,self_attn,,concat,"[[0], [B, n_kv, T, d_head]]",,,"[[B, n_kv, T, d_head]]",[2070],17,self_attn,,1,model.layers.17.self_attn,aten.cat.default,[],prefill,False
2089,self_attn,,unsqueeze,"[[B, n_kv, T, d_head]]",,,"[[B, n_kv, 1, T, d_head]]",[2087],17,self_attn,,1,model.layers.17.self_attn,aten.unsqueeze.default,[],prefill,True
2090,self_attn,,expand,"[[B, n_kv, 1, T, d_head]]",,,"[[B, n_kv, n_h/n_kv, T, d_head]]",[2089],17,self_attn,,1,model.layers.17.self_attn,aten.expand.default,[],prefill,True
2091,self_attn,,clone,"[[B, n_kv, n_h/n_kv, T, d_head]]",,,"[[B, n_kv, n_h/n_kv, T, d_head]]",[2090],17,self_attn,,1,model.layers.17.self_attn,aten.clone.default,[],prefill,True
2092,self_attn,,_unsafe_view,"[[B, n_kv, n_h/n_kv, T, d_head]]",,,"[[B, n_h, T, d_head]]",[2091],17,self_attn,,1,model.layers.17.self_attn,aten._unsafe_view.default,[],prefill,True
2093,self_attn,,unsqueeze,"[[B, n_kv, T, d_head]]",,,"[[B, n_kv, 1, T, d_head]]",[2088],17,self_attn,,1,model.layers.17.self_attn,aten.unsqueeze.default,[],prefill,True
2094,self_attn,,expand,"[[B, n_kv, 1, T, d_head]]",,,"[[B, n_kv, n_h/n_kv, T, d_head]]",[2093],17,self_attn,,1,model.layers.17.self_attn,aten.expand.default,[],prefill,True
2095,self_attn,,clone,"[[B, n_kv, n_h/n_kv, T, d_head]]",,,"[[B, n_kv, n_h/n_kv, T, d_head]]",[2094],17,self_attn,,1,model.layers.17.self_attn,aten.clone.default,[],prefill,True
2096,self_attn,,_unsafe_view,"[[B, n_kv, n_h/n_kv, T, d_head]]",,,"[[B, n_h, T, d_head]]",[2095],17,self_attn,,1,model.layers.17.self_attn,aten._unsafe_view.default,[],prefill,True
2097,self_attn,,transpose,"[[B, n_h, T, d_head]]",,,"[[B, n_h, d_head, T]]",[2092],17,self_attn,,1,model.layers.17.self_attn,aten.transpose.int,[],prefill,True
2098,self_attn,,expand,"[[B, n_h, T, d_head]]",,,"[[B, n_h, T, d_head]]",[2079],17,self_attn,,1,model.layers.17.self_attn,aten.expand.default,[],prefill,True
2099,self_attn,,view,"[[B, n_h, T, d_head]]",,,"[[n_h, T, d_head]]",[2098],17,self_attn,,1,model.layers.17.self_attn,aten.view.default,[],prefill,True
2100,self_attn,,expand,"[[B, n_h, d_head, T]]",,,"[[B, n_h, d_head, T]]",[2097],17,self_attn,,1,model.layers.17.self_attn,aten.expand.default,[],prefill,True
2101,self_attn,,view,"[[B, n_h, d_head, T]]",,,"[[n_h, d_head, T]]",[2100],17,self_attn,,1,model.layers.17.self_attn,aten.view.default,[],prefill,True
2102,self_attn,,batched_matmul,"[[n_h, T, d_head], [n_h, d_head, T]]",,,"[[n_h, T, T]]","[2099, 2101]",17,self_attn,,1,model.layers.17.self_attn,aten.bmm.default,[],prefill,False
2103,self_attn,,_unsafe_view,"[[n_h, T, T]]",,,"[[B, n_h, T, T]]",[2102],17,self_attn,,1,model.layers.17.self_attn,aten._unsafe_view.default,[],prefill,True
2104,self_attn,,elementwise_mul,"[[B, n_h, T, T]]",,,"[[B, n_h, T, T]]",[2103],17,self_attn,,1,model.layers.17.self_attn,aten.mul.Tensor,[],prefill,False
2105,self_attn,,div,"[[B, n_h, T, T]]",,,"[[B, n_h, T, T]]",[2104],17,self_attn,,1,model.layers.17.self_attn,aten.div.Tensor,[],prefill,True
2106,self_attn,,tanh,"[[B, n_h, T, T]]",,,"[[B, n_h, T, T]]",[2105],17,self_attn,,1,model.layers.17.self_attn,aten.tanh.default,[],prefill,False
2107,self_attn,,elementwise_mul,"[[B, n_h, T, T]]",,,"[[B, n_h, T, T]]",[2106],17,self_attn,,1,model.layers.17.self_attn,aten.mul.Tensor,[],prefill,False
2108,self_attn,,elementwise_add,"[[B, n_h, T, T], [B, 1, T, T]]",,,"[[B, n_h, T, T]]","[36, 2107]",17,self_attn,,1,model.layers.17.self_attn,aten.add.Tensor,[],prefill,False
2109,self_attn,,softmax,"[[B, n_h, T, T]]",,,"[[B, n_h, T, T]]",[2108],17,self_attn,,1,model.layers.17.self_attn,aten._softmax.default,[],prefill,False
2110,self_attn,,expand,"[[B, n_h, T, T]]",,,"[[B, n_h, T, T]]",[2109],17,self_attn,,1,model.layers.17.self_attn,aten.expand.default,[],prefill,True
2111,self_attn,,view,"[[B, n_h, T, T]]",,,"[[n_h, T, T]]",[2110],17,self_attn,,1,model.layers.17.self_attn,aten.view.default,[],prefill,True
2112,self_attn,,expand,"[[B, n_h, T, d_head]]",,,"[[B, n_h, T, d_head]]",[2096],17,self_attn,,1,model.layers.17.self_attn,aten.expand.default,[],prefill,True
2113,self_attn,,view,"[[B, n_h, T, d_head]]",,,"[[n_h, T, d_head]]",[2112],17,self_attn,,1,model.layers.17.self_attn,aten.view.default,[],prefill,True
2114,self_attn,,batched_matmul,"[[n_h, T, T], [n_h, T, d_head]]",,,"[[n_h, T, d_head]]","[2111, 2113]",17,self_attn,,1,model.layers.17.self_attn,aten.bmm.default,[],prefill,False
2115,self_attn,,_unsafe_view,"[[n_h, T, d_head]]",,,"[[B, n_h, T, d_head]]",[2114],17,self_attn,,1,model.layers.17.self_attn,aten._unsafe_view.default,[],prefill,True
2116,self_attn,,transpose,"[[B, n_h, T, d_head]]",,,"[[B, T, n_h, d_head]]",[2115],17,self_attn,,1,model.layers.17.self_attn,aten.transpose.int,[],prefill,True
2117,self_attn,,clone,"[[B, T, n_h, d_head]]",,,"[[B, T, n_h, d_head]]",[2116],17,self_attn,,1,model.layers.17.self_attn,aten.clone.default,[],prefill,True
2118,self_attn,,view,"[[B, T, n_h, d_head]]",,,"[[B, T, n_h*d_head]]",[2117],17,self_attn,,1,model.layers.17.self_attn,aten.view.default,[],prefill,True
2119,self_attn,o_proj,t,"[[d_model, n_h*d_head]]","[d_model, n_h*d_head]",0,"[[n_h*d_head, d_model]]",[],17,self_attn,o_proj,2,model.layers.17.self_attn.o_proj,aten.t.default,[model.layers.17.self_attn.o_proj.weight],prefill,True
2120,self_attn,o_proj,view,"[[B, T, n_h*d_head]]",,,"[[T, n_h*d_head]]",[2118],17,self_attn,o_proj,2,model.layers.17.self_attn.o_proj,aten.view.default,[],prefill,True
2121,self_attn,o_proj,matmul,"[[T, n_h*d_head], [n_h*d_head, d_model]]","[d_model, n_h*d_head]",1,"[[T, d_model]]","[2119, 2120]",17,self_attn,o_proj,2,model.layers.17.self_attn.o_proj,aten.mm.default,[model.layers.17.self_attn.o_proj.weight],prefill,False
2122,self_attn,o_proj,_unsafe_view,"[[T, d_model]]",,,"[[B, T, d_model]]",[2121],17,self_attn,o_proj,2,model.layers.17.self_attn.o_proj,aten._unsafe_view.default,[],prefill,True
2123,post_attention_layernorm,,pow,"[[B, T, d_model]]",,,"[[B, T, d_model]]",[2122],17,post_attention_layernorm,,1,model.layers.17.post_attention_layernorm,aten.pow.Tensor_Scalar,[],prefill,False
2124,post_attention_layernorm,,mean,"[[B, T, d_model]]",,,"[[B, T, 1]]",[2123],17,post_attention_layernorm,,1,model.layers.17.post_attention_layernorm,aten.mean.dim,[],prefill,False
2125,post_attention_layernorm,,elementwise_add,"[[B, T, 1]]",,,"[[B, T, 1]]",[2124],17,post_attention_layernorm,,1,model.layers.17.post_attention_layernorm,aten.add.Tensor,[],prefill,False
2126,post_attention_layernorm,,rsqrt,"[[B, T, 1]]",,,"[[B, T, 1]]",[2125],17,post_attention_layernorm,,1,model.layers.17.post_attention_layernorm,aten.rsqrt.default,[],prefill,False
2127,post_attention_layernorm,,elementwise_mul,"[[B, T, d_model], [B, T, 1]]",,,"[[B, T, d_model]]","[2122, 2126]",17,post_attention_layernorm,,1,model.layers.17.post_attention_layernorm,aten.mul.Tensor,[],prefill,False
2128,post_attention_layernorm,,elementwise_add,[[d_model]],,,[[d_model]],[],17,post_attention_layernorm,,1,model.layers.17.post_attention_layernorm,aten.add.Tensor,[model.layers.17.post_attention_layernorm.weight],prefill,False
2129,post_attention_layernorm,,elementwise_mul,"[[B, T, d_model], [d_model]]",,,"[[B, T, d_model]]","[2127, 2128]",17,post_attention_layernorm,,1,model.layers.17.post_attention_layernorm,aten.mul.Tensor,[],prefill,False
2130,,,elementwise_add,"[[B, T, d_model], [B, T, d_model]]",,,"[[B, T, d_model]]","[2045, 2129]",17,,,0,model.layers.17,aten.add.Tensor,[],prefill,False
2131,pre_feedforward_layernorm,,pow,"[[B, T, d_model]]",,,"[[B, T, d_model]]",[2130],17,pre_feedforward_layernorm,,1,model.layers.17.pre_feedforward_layernorm,aten.pow.Tensor_Scalar,[],prefill,False
2132,pre_feedforward_layernorm,,mean,"[[B, T, d_model]]",,,"[[B, T, 1]]",[2131],17,pre_feedforward_layernorm,,1,model.layers.17.pre_feedforward_layernorm,aten.mean.dim,[],prefill,False
2133,pre_feedforward_layernorm,,elementwise_add,"[[B, T, 1]]",,,"[[B, T, 1]]",[2132],17,pre_feedforward_layernorm,,1,model.layers.17.pre_feedforward_layernorm,aten.add.Tensor,[],prefill,False
2134,pre_feedforward_layernorm,,rsqrt,"[[B, T, 1]]",,,"[[B, T, 1]]",[2133],17,pre_feedforward_layernorm,,1,model.layers.17.pre_feedforward_layernorm,aten.rsqrt.default,[],prefill,False
2135,pre_feedforward_layernorm,,elementwise_mul,"[[B, T, d_model], [B, T, 1]]",,,"[[B, T, d_model]]","[2130, 2134]",17,pre_feedforward_layernorm,,1,model.layers.17.pre_feedforward_layernorm,aten.mul.Tensor,[],prefill,False
2136,pre_feedforward_layernorm,,elementwise_add,[[d_model]],,,[[d_model]],[],17,pre_feedforward_layernorm,,1,model.layers.17.pre_feedforward_layernorm,aten.add.Tensor,[model.layers.17.pre_feedforward_layernorm.weight],prefill,False
2137,pre_feedforward_layernorm,,elementwise_mul,"[[B, T, d_model], [d_model]]",,,"[[B, T, d_model]]","[2135, 2136]",17,pre_feedforward_layernorm,,1,model.layers.17.pre_feedforward_layernorm,aten.mul.Tensor,[],prefill,False
2138,mlp,gate_proj,t,"[[d_ff, d_model]]","[d_ff, d_model]",0,"[[d_model, d_ff]]",[],17,mlp,gate_proj,2,model.layers.17.mlp.gate_proj,aten.t.default,[model.layers.17.mlp.gate_proj.weight],prefill,True
2139,mlp,gate_proj,view,"[[B, T, d_model]]",,,"[[T, d_model]]",[2137],17,mlp,gate_proj,2,model.layers.17.mlp.gate_proj,aten.view.default,[],prefill,True
2140,mlp,gate_proj,matmul,"[[T, d_model], [d_model, d_ff]]","[d_ff, d_model]",1,"[[T, d_ff]]","[2138, 2139]",17,mlp,gate_proj,2,model.layers.17.mlp.gate_proj,aten.mm.default,[model.layers.17.mlp.gate_proj.weight],prefill,False
2141,mlp,gate_proj,_unsafe_view,"[[T, d_ff]]",,,"[[B, T, d_ff]]",[2140],17,mlp,gate_proj,2,model.layers.17.mlp.gate_proj,aten._unsafe_view.default,[],prefill,True
2142,mlp,act_fn,gelu,"[[B, T, d_ff]]",,,"[[B, T, d_ff]]",[2141],17,mlp,act_fn,2,model.layers.17.mlp.act_fn,aten.gelu.default,[],prefill,False
2143,mlp,up_proj,t,"[[d_ff, d_model]]","[d_ff, d_model]",0,"[[d_model, d_ff]]",[],17,mlp,up_proj,2,model.layers.17.mlp.up_proj,aten.t.default,[model.layers.17.mlp.up_proj.weight],prefill,True
2144,mlp,up_proj,view,"[[B, T, d_model]]",,,"[[T, d_model]]",[2137],17,mlp,up_proj,2,model.layers.17.mlp.up_proj,aten.view.default,[],prefill,True
2145,mlp,up_proj,matmul,"[[T, d_model], [d_model, d_ff]]","[d_ff, d_model]",1,"[[T, d_ff]]","[2143, 2144]",17,mlp,up_proj,2,model.layers.17.mlp.up_proj,aten.mm.default,[model.layers.17.mlp.up_proj.weight],prefill,False
2146,mlp,up_proj,_unsafe_view,"[[T, d_ff]]",,,"[[B, T, d_ff]]",[2145],17,mlp,up_proj,2,model.layers.17.mlp.up_proj,aten._unsafe_view.default,[],prefill,True
2147,mlp,,elementwise_mul,"[[B, T, d_ff], [B, T, d_ff]]",,,"[[B, T, d_ff]]","[2142, 2146]",17,mlp,,1,model.layers.17.mlp,aten.mul.Tensor,[],prefill,False
2148,mlp,down_proj,t,"[[d_model, d_ff]]","[d_model, d_ff]",0,"[[d_ff, d_model]]",[],17,mlp,down_proj,2,model.layers.17.mlp.down_proj,aten.t.default,[model.layers.17.mlp.down_proj.weight],prefill,True
2149,mlp,down_proj,view,"[[B, T, d_ff]]",,,"[[T, d_ff]]",[2147],17,mlp,down_proj,2,model.layers.17.mlp.down_proj,aten.view.default,[],prefill,True
2150,mlp,down_proj,matmul,"[[T, d_ff], [d_ff, d_model]]","[d_model, d_ff]",1,"[[T, d_model]]","[2148, 2149]",17,mlp,down_proj,2,model.layers.17.mlp.down_proj,aten.mm.default,[model.layers.17.mlp.down_proj.weight],prefill,False
2151,mlp,down_proj,_unsafe_view,"[[T, d_model]]",,,"[[B, T, d_model]]",[2150],17,mlp,down_proj,2,model.layers.17.mlp.down_proj,aten._unsafe_view.default,[],prefill,True
2152,post_feedforward_layernorm,,pow,"[[B, T, d_model]]",,,"[[B, T, d_model]]",[2151],17,post_feedforward_layernorm,,1,model.layers.17.post_feedforward_layernorm,aten.pow.Tensor_Scalar,[],prefill,False
2153,post_feedforward_layernorm,,mean,"[[B, T, d_model]]",,,"[[B, T, 1]]",[2152],17,post_feedforward_layernorm,,1,model.layers.17.post_feedforward_layernorm,aten.mean.dim,[],prefill,False
2154,post_feedforward_layernorm,,elementwise_add,"[[B, T, 1]]",,,"[[B, T, 1]]",[2153],17,post_feedforward_layernorm,,1,model.layers.17.post_feedforward_layernorm,aten.add.Tensor,[],prefill,False
2155,post_feedforward_layernorm,,rsqrt,"[[B, T, 1]]",,,"[[B, T, 1]]",[2154],17,post_feedforward_layernorm,,1,model.layers.17.post_feedforward_layernorm,aten.rsqrt.default,[],prefill,False
2156,post_feedforward_layernorm,,elementwise_mul,"[[B, T, d_model], [B, T, 1]]",,,"[[B, T, d_model]]","[2151, 2155]",17,post_feedforward_layernorm,,1,model.layers.17.post_feedforward_layernorm,aten.mul.Tensor,[],prefill,False
2157,post_feedforward_layernorm,,elementwise_add,[[d_model]],,,[[d_model]],[],17,post_feedforward_layernorm,,1,model.layers.17.post_feedforward_layernorm,aten.add.Tensor,[model.layers.17.post_feedforward_layernorm.weight],prefill,False
2158,post_feedforward_layernorm,,elementwise_mul,"[[B, T, d_model], [d_model]]",,,"[[B, T, d_model]]","[2156, 2157]",17,post_feedforward_layernorm,,1,model.layers.17.post_feedforward_layernorm,aten.mul.Tensor,[],prefill,False
2159,,,elementwise_add,"[[B, T, d_model], [B, T, d_model]]",,,"[[B, T, d_model]]","[2130, 2158]",17,,,0,model.layers.17,aten.add.Tensor,[],prefill,False
2160,input_layernorm,,pow,"[[B, T, d_model]]",,,"[[B, T, d_model]]",[2159],18,input_layernorm,,1,model.layers.18.input_layernorm,aten.pow.Tensor_Scalar,[],prefill,False
2161,input_layernorm,,mean,"[[B, T, d_model]]",,,"[[B, T, 1]]",[2160],18,input_layernorm,,1,model.layers.18.input_layernorm,aten.mean.dim,[],prefill,False
2162,input_layernorm,,elementwise_add,"[[B, T, 1]]",,,"[[B, T, 1]]",[2161],18,input_layernorm,,1,model.layers.18.input_layernorm,aten.add.Tensor,[],prefill,False
2163,input_layernorm,,rsqrt,"[[B, T, 1]]",,,"[[B, T, 1]]",[2162],18,input_layernorm,,1,model.layers.18.input_layernorm,aten.rsqrt.default,[],prefill,False
2164,input_layernorm,,elementwise_mul,"[[B, T, d_model], [B, T, 1]]",,,"[[B, T, d_model]]","[2159, 2163]",18,input_layernorm,,1,model.layers.18.input_layernorm,aten.mul.Tensor,[],prefill,False
2165,input_layernorm,,elementwise_add,[[d_model]],,,[[d_model]],[],18,input_layernorm,,1,model.layers.18.input_layernorm,aten.add.Tensor,[model.layers.18.input_layernorm.weight],prefill,False
2166,input_layernorm,,elementwise_mul,"[[B, T, d_model], [d_model]]",,,"[[B, T, d_model]]","[2164, 2165]",18,input_layernorm,,1,model.layers.18.input_layernorm,aten.mul.Tensor,[],prefill,False
2167,self_attn,q_proj,t,"[[n_h*d_head, d_model]]","[n_h*d_head, d_model]",0,"[[d_model, n_h*d_head]]",[],18,self_attn,q_proj,2,model.layers.18.self_attn.q_proj,aten.t.default,[model.layers.18.self_attn.q_proj.weight],prefill,True
2168,self_attn,q_proj,view,"[[B, T, d_model]]",,,"[[T, d_model]]",[2166],18,self_attn,q_proj,2,model.layers.18.self_attn.q_proj,aten.view.default,[],prefill,True
2169,self_attn,q_proj,matmul,"[[T, d_model], [d_model, n_h*d_head]]","[n_h*d_head, d_model]",1,"[[T, n_h*d_head]]","[2167, 2168]",18,self_attn,q_proj,2,model.layers.18.self_attn.q_proj,aten.mm.default,[model.layers.18.self_attn.q_proj.weight],prefill,False
2170,self_attn,q_proj,_unsafe_view,"[[T, n_h*d_head]]",,,"[[B, T, n_h*d_head]]",[2169],18,self_attn,q_proj,2,model.layers.18.self_attn.q_proj,aten._unsafe_view.default,[],prefill,True
2171,self_attn,,view,"[[B, T, n_h*d_head]]",,,"[[B, T, n_h, d_head]]",[2170],18,self_attn,,1,model.layers.18.self_attn,aten.view.default,[],prefill,True
2172,self_attn,,transpose,"[[B, T, n_h, d_head]]",,,"[[B, n_h, T, d_head]]",[2171],18,self_attn,,1,model.layers.18.self_attn,aten.transpose.int,[],prefill,True
2173,self_attn,k_proj,t,"[[n_kv*d_head, d_model]]","[n_kv*d_head, d_model]",0,"[[d_model, n_kv*d_head]]",[],18,self_attn,k_proj,2,model.layers.18.self_attn.k_proj,aten.t.default,[model.layers.18.self_attn.k_proj.weight],prefill,True
2174,self_attn,k_proj,view,"[[B, T, d_model]]",,,"[[T, d_model]]",[2166],18,self_attn,k_proj,2,model.layers.18.self_attn.k_proj,aten.view.default,[],prefill,True
2175,self_attn,k_proj,matmul,"[[T, d_model], [d_model, n_kv*d_head]]","[n_kv*d_head, d_model]",1,"[[T, n_kv*d_head]]","[2173, 2174]",18,self_attn,k_proj,2,model.layers.18.self_attn.k_proj,aten.mm.default,[model.layers.18.self_attn.k_proj.weight],prefill,False
2176,self_attn,k_proj,_unsafe_view,"[[T, n_kv*d_head]]",,,"[[B, T, n_kv*d_head]]",[2175],18,self_attn,k_proj,2,model.layers.18.self_attn.k_proj,aten._unsafe_view.default,[],prefill,True
2177,self_attn,,view,"[[B, T, n_kv*d_head]]",,,"[[B, T, n_kv, d_head]]",[2176],18,self_attn,,1,model.layers.18.self_attn,aten.view.default,[],prefill,True
2178,self_attn,,transpose,"[[B, T, n_kv, d_head]]",,,"[[B, n_kv, T, d_head]]",[2177],18,self_attn,,1,model.layers.18.self_attn,aten.transpose.int,[],prefill,True
2179,self_attn,v_proj,t,"[[n_kv*d_head, d_model]]","[n_kv*d_head, d_model]",0,"[[d_model, n_kv*d_head]]",[],18,self_attn,v_proj,2,model.layers.18.self_attn.v_proj,aten.t.default,[model.layers.18.self_attn.v_proj.weight],prefill,True
2180,self_attn,v_proj,view,"[[B, T, d_model]]",,,"[[T, d_model]]",[2166],18,self_attn,v_proj,2,model.layers.18.self_attn.v_proj,aten.view.default,[],prefill,True
2181,self_attn,v_proj,matmul,"[[T, d_model], [d_model, n_kv*d_head]]","[n_kv*d_head, d_model]",1,"[[T, n_kv*d_head]]","[2179, 2180]",18,self_attn,v_proj,2,model.layers.18.self_attn.v_proj,aten.mm.default,[model.layers.18.self_attn.v_proj.weight],prefill,False
2182,self_attn,v_proj,_unsafe_view,"[[T, n_kv*d_head]]",,,"[[B, T, n_kv*d_head]]",[2181],18,self_attn,v_proj,2,model.layers.18.self_attn.v_proj,aten._unsafe_view.default,[],prefill,True
2183,self_attn,,view,"[[B, T, n_kv*d_head]]",,,"[[B, T, n_kv, d_head]]",[2182],18,self_attn,,1,model.layers.18.self_attn,aten.view.default,[],prefill,True
2184,self_attn,,transpose,"[[B, T, n_kv, d_head]]",,,"[[B, n_kv, T, d_head]]",[2183],18,self_attn,,1,model.layers.18.self_attn,aten.transpose.int,[],prefill,True
2185,self_attn,,unsqueeze,"[[B, T, d_head]]",,,"[[B, 1, T, d_head]]",[78],18,self_attn,,1,model.layers.18.self_attn,aten.unsqueeze.default,[],prefill,True
2186,self_attn,,unsqueeze,"[[B, T, d_head]]",,,"[[B, 1, T, d_head]]",[80],18,self_attn,,1,model.layers.18.self_attn,aten.unsqueeze.default,[],prefill,True
2187,self_attn,,elementwise_mul,"[[B, n_h, T, d_head], [B, 1, T, d_head]]",,,"[[B, n_h, T, d_head]]","[2172, 2185]",18,self_attn,,1,model.layers.18.self_attn,aten.mul.Tensor,[],prefill,False
2188,self_attn,,slice,"[[B, n_h, T, d_head]]",,,"[[B, n_h, T, d_head/2]]",[2172],18,self_attn,,1,model.layers.18.self_attn,aten.slice.Tensor,[],prefill,True
2189,self_attn,,slice,"[[B, n_h, T, d_head]]",,,"[[B, n_h, T, d_head/2]]",[2172],18,self_attn,,1,model.layers.18.self_attn,aten.slice.Tensor,[],prefill,True
2190,self_attn,,neg,"[[B, n_h, T, d_head/2]]",,,"[[B, n_h, T, d_head/2]]",[2189],18,self_attn,,1,model.layers.18.self_attn,aten.neg.default,[],prefill,False
2191,self_attn,,concat,"[[B, n_h, T, d_head/2], [B, n_h, T, d_head/2]]",,,"[[B, n_h, T, d_head]]","[2188, 2190]",18,self_attn,,1,model.layers.18.self_attn,aten.cat.default,[],prefill,False
2192,self_attn,,elementwise_mul,"[[B, n_h, T, d_head], [B, 1, T, d_head]]",,,"[[B, n_h, T, d_head]]","[2186, 2191]",18,self_attn,,1,model.layers.18.self_attn,aten.mul.Tensor,[],prefill,False
2193,self_attn,,elementwise_add,"[[B, n_h, T, d_head], [B, n_h, T, d_head]]",,,"[[B, n_h, T, d_head]]","[2187, 2192]",18,self_attn,,1,model.layers.18.self_attn,aten.add.Tensor,[],prefill,False
2194,self_attn,,elementwise_mul,"[[B, n_kv, T, d_head], [B, 1, T, d_head]]",,,"[[B, n_kv, T, d_head]]","[2178, 2185]",18,self_attn,,1,model.layers.18.self_attn,aten.mul.Tensor,[],prefill,False
2195,self_attn,,slice,"[[B, n_kv, T, d_head]]",,,"[[B, n_kv, T, d_head/2]]",[2178],18,self_attn,,1,model.layers.18.self_attn,aten.slice.Tensor,[],prefill,True
2196,self_attn,,slice,"[[B, n_kv, T, d_head]]",,,"[[B, n_kv, T, d_head/2]]",[2178],18,self_attn,,1,model.layers.18.self_attn,aten.slice.Tensor,[],prefill,True
2197,self_attn,,neg,"[[B, n_kv, T, d_head/2]]",,,"[[B, n_kv, T, d_head/2]]",[2196],18,self_attn,,1,model.layers.18.self_attn,aten.neg.default,[],prefill,False
2198,self_attn,,concat,"[[B, n_kv, T, d_head/2], [B, n_kv, T, d_head/2]]",,,"[[B, n_kv, T, d_head]]","[2195, 2197]",18,self_attn,,1,model.layers.18.self_attn,aten.cat.default,[],prefill,False
2199,self_attn,,elementwise_mul,"[[B, n_kv, T, d_head], [B, 1, T, d_head]]",,,"[[B, n_kv, T, d_head]]","[2186, 2198]",18,self_attn,,1,model.layers.18.self_attn,aten.mul.Tensor,[],prefill,False
2200,self_attn,,elementwise_add,"[[B, n_kv, T, d_head], [B, n_kv, T, d_head]]",,,"[[B, n_kv, T, d_head]]","[2194, 2199]",18,self_attn,,1,model.layers.18.self_attn,aten.add.Tensor,[],prefill,False
2201,self_attn,,_to_copy,[[]],,,[[]],[11],18,self_attn,,1,model.layers.18.self_attn,aten._to_copy.default,[],prefill,True
2202,self_attn,,concat,"[[0], [B, n_kv, T, d_head]]",,,"[[B, n_kv, T, d_head]]",[2200],18,self_attn,,1,model.layers.18.self_attn,aten.cat.default,[],prefill,False
2203,self_attn,,concat,"[[0], [B, n_kv, T, d_head]]",,,"[[B, n_kv, T, d_head]]",[2184],18,self_attn,,1,model.layers.18.self_attn,aten.cat.default,[],prefill,False
2204,self_attn,,slice,"[[B, n_kv, T, d_head]]",,,"[[B, n_kv, T, d_head]]",[2202],18,self_attn,,1,model.layers.18.self_attn,aten.slice.Tensor,[],prefill,True
2205,self_attn,,slice,"[[B, n_kv, T, d_head]]",,,"[[B, n_kv, T, d_head]]",[2203],18,self_attn,,1,model.layers.18.self_attn,aten.slice.Tensor,[],prefill,True
2206,self_attn,,unsqueeze,"[[B, n_kv, T, d_head]]",,,"[[B, n_kv, 1, T, d_head]]",[2202],18,self_attn,,1,model.layers.18.self_attn,aten.unsqueeze.default,[],prefill,True
2207,self_attn,,expand,"[[B, n_kv, 1, T, d_head]]",,,"[[B, n_kv, n_h/n_kv, T, d_head]]",[2206],18,self_attn,,1,model.layers.18.self_attn,aten.expand.default,[],prefill,True
2208,self_attn,,clone,"[[B, n_kv, n_h/n_kv, T, d_head]]",,,"[[B, n_kv, n_h/n_kv, T, d_head]]",[2207],18,self_attn,,1,model.layers.18.self_attn,aten.clone.default,[],prefill,True
2209,self_attn,,_unsafe_view,"[[B, n_kv, n_h/n_kv, T, d_head]]",,,"[[B, n_h, T, d_head]]",[2208],18,self_attn,,1,model.layers.18.self_attn,aten._unsafe_view.default,[],prefill,True
2210,self_attn,,unsqueeze,"[[B, n_kv, T, d_head]]",,,"[[B, n_kv, 1, T, d_head]]",[2203],18,self_attn,,1,model.layers.18.self_attn,aten.unsqueeze.default,[],prefill,True
2211,self_attn,,expand,"[[B, n_kv, 1, T, d_head]]",,,"[[B, n_kv, n_h/n_kv, T, d_head]]",[2210],18,self_attn,,1,model.layers.18.self_attn,aten.expand.default,[],prefill,True
2212,self_attn,,clone,"[[B, n_kv, n_h/n_kv, T, d_head]]",,,"[[B, n_kv, n_h/n_kv, T, d_head]]",[2211],18,self_attn,,1,model.layers.18.self_attn,aten.clone.default,[],prefill,True
2213,self_attn,,_unsafe_view,"[[B, n_kv, n_h/n_kv, T, d_head]]",,,"[[B, n_h, T, d_head]]",[2212],18,self_attn,,1,model.layers.18.self_attn,aten._unsafe_view.default,[],prefill,True
2214,self_attn,,transpose,"[[B, n_h, T, d_head]]",,,"[[B, n_h, d_head, T]]",[2209],18,self_attn,,1,model.layers.18.self_attn,aten.transpose.int,[],prefill,True
2215,self_attn,,expand,"[[B, n_h, T, d_head]]",,,"[[B, n_h, T, d_head]]",[2193],18,self_attn,,1,model.layers.18.self_attn,aten.expand.default,[],prefill,True
2216,self_attn,,view,"[[B, n_h, T, d_head]]",,,"[[n_h, T, d_head]]",[2215],18,self_attn,,1,model.layers.18.self_attn,aten.view.default,[],prefill,True
2217,self_attn,,expand,"[[B, n_h, d_head, T]]",,,"[[B, n_h, d_head, T]]",[2214],18,self_attn,,1,model.layers.18.self_attn,aten.expand.default,[],prefill,True
2218,self_attn,,view,"[[B, n_h, d_head, T]]",,,"[[n_h, d_head, T]]",[2217],18,self_attn,,1,model.layers.18.self_attn,aten.view.default,[],prefill,True
2219,self_attn,,batched_matmul,"[[n_h, T, d_head], [n_h, d_head, T]]",,,"[[n_h, T, T]]","[2216, 2218]",18,self_attn,,1,model.layers.18.self_attn,aten.bmm.default,[],prefill,False
2220,self_attn,,_unsafe_view,"[[n_h, T, T]]",,,"[[B, n_h, T, T]]",[2219],18,self_attn,,1,model.layers.18.self_attn,aten._unsafe_view.default,[],prefill,True
2221,self_attn,,elementwise_mul,"[[B, n_h, T, T]]",,,"[[B, n_h, T, T]]",[2220],18,self_attn,,1,model.layers.18.self_attn,aten.mul.Tensor,[],prefill,False
2222,self_attn,,div,"[[B, n_h, T, T]]",,,"[[B, n_h, T, T]]",[2221],18,self_attn,,1,model.layers.18.self_attn,aten.div.Tensor,[],prefill,True
2223,self_attn,,tanh,"[[B, n_h, T, T]]",,,"[[B, n_h, T, T]]",[2222],18,self_attn,,1,model.layers.18.self_attn,aten.tanh.default,[],prefill,False
2224,self_attn,,elementwise_mul,"[[B, n_h, T, T]]",,,"[[B, n_h, T, T]]",[2223],18,self_attn,,1,model.layers.18.self_attn,aten.mul.Tensor,[],prefill,False
2225,self_attn,,elementwise_add,"[[B, n_h, T, T], [B, 1, T, T]]",,,"[[B, n_h, T, T]]","[63, 2224]",18,self_attn,,1,model.layers.18.self_attn,aten.add.Tensor,[],prefill,False
2226,self_attn,,softmax,"[[B, n_h, T, T]]",,,"[[B, n_h, T, T]]",[2225],18,self_attn,,1,model.layers.18.self_attn,aten._softmax.default,[],prefill,False
2227,self_attn,,expand,"[[B, n_h, T, T]]",,,"[[B, n_h, T, T]]",[2226],18,self_attn,,1,model.layers.18.self_attn,aten.expand.default,[],prefill,True
2228,self_attn,,view,"[[B, n_h, T, T]]",,,"[[n_h, T, T]]",[2227],18,self_attn,,1,model.layers.18.self_attn,aten.view.default,[],prefill,True
2229,self_attn,,expand,"[[B, n_h, T, d_head]]",,,"[[B, n_h, T, d_head]]",[2213],18,self_attn,,1,model.layers.18.self_attn,aten.expand.default,[],prefill,True
2230,self_attn,,view,"[[B, n_h, T, d_head]]",,,"[[n_h, T, d_head]]",[2229],18,self_attn,,1,model.layers.18.self_attn,aten.view.default,[],prefill,True
2231,self_attn,,batched_matmul,"[[n_h, T, T], [n_h, T, d_head]]",,,"[[n_h, T, d_head]]","[2228, 2230]",18,self_attn,,1,model.layers.18.self_attn,aten.bmm.default,[],prefill,False
2232,self_attn,,_unsafe_view,"[[n_h, T, d_head]]",,,"[[B, n_h, T, d_head]]",[2231],18,self_attn,,1,model.layers.18.self_attn,aten._unsafe_view.default,[],prefill,True
2233,self_attn,,transpose,"[[B, n_h, T, d_head]]",,,"[[B, T, n_h, d_head]]",[2232],18,self_attn,,1,model.layers.18.self_attn,aten.transpose.int,[],prefill,True
2234,self_attn,,clone,"[[B, T, n_h, d_head]]",,,"[[B, T, n_h, d_head]]",[2233],18,self_attn,,1,model.layers.18.self_attn,aten.clone.default,[],prefill,True
2235,self_attn,,view,"[[B, T, n_h, d_head]]",,,"[[B, T, n_h*d_head]]",[2234],18,self_attn,,1,model.layers.18.self_attn,aten.view.default,[],prefill,True
2236,self_attn,o_proj,t,"[[d_model, n_h*d_head]]","[d_model, n_h*d_head]",0,"[[n_h*d_head, d_model]]",[],18,self_attn,o_proj,2,model.layers.18.self_attn.o_proj,aten.t.default,[model.layers.18.self_attn.o_proj.weight],prefill,True
2237,self_attn,o_proj,view,"[[B, T, n_h*d_head]]",,,"[[T, n_h*d_head]]",[2235],18,self_attn,o_proj,2,model.layers.18.self_attn.o_proj,aten.view.default,[],prefill,True
2238,self_attn,o_proj,matmul,"[[T, n_h*d_head], [n_h*d_head, d_model]]","[d_model, n_h*d_head]",1,"[[T, d_model]]","[2236, 2237]",18,self_attn,o_proj,2,model.layers.18.self_attn.o_proj,aten.mm.default,[model.layers.18.self_attn.o_proj.weight],prefill,False
2239,self_attn,o_proj,_unsafe_view,"[[T, d_model]]",,,"[[B, T, d_model]]",[2238],18,self_attn,o_proj,2,model.layers.18.self_attn.o_proj,aten._unsafe_view.default,[],prefill,True
2240,post_attention_layernorm,,pow,"[[B, T, d_model]]",,,"[[B, T, d_model]]",[2239],18,post_attention_layernorm,,1,model.layers.18.post_attention_layernorm,aten.pow.Tensor_Scalar,[],prefill,False
2241,post_attention_layernorm,,mean,"[[B, T, d_model]]",,,"[[B, T, 1]]",[2240],18,post_attention_layernorm,,1,model.layers.18.post_attention_layernorm,aten.mean.dim,[],prefill,False
2242,post_attention_layernorm,,elementwise_add,"[[B, T, 1]]",,,"[[B, T, 1]]",[2241],18,post_attention_layernorm,,1,model.layers.18.post_attention_layernorm,aten.add.Tensor,[],prefill,False
2243,post_attention_layernorm,,rsqrt,"[[B, T, 1]]",,,"[[B, T, 1]]",[2242],18,post_attention_layernorm,,1,model.layers.18.post_attention_layernorm,aten.rsqrt.default,[],prefill,False
2244,post_attention_layernorm,,elementwise_mul,"[[B, T, d_model], [B, T, 1]]",,,"[[B, T, d_model]]","[2239, 2243]",18,post_attention_layernorm,,1,model.layers.18.post_attention_layernorm,aten.mul.Tensor,[],prefill,False
2245,post_attention_layernorm,,elementwise_add,[[d_model]],,,[[d_model]],[],18,post_attention_layernorm,,1,model.layers.18.post_attention_layernorm,aten.add.Tensor,[model.layers.18.post_attention_layernorm.weight],prefill,False
2246,post_attention_layernorm,,elementwise_mul,"[[B, T, d_model], [d_model]]",,,"[[B, T, d_model]]","[2244, 2245]",18,post_attention_layernorm,,1,model.layers.18.post_attention_layernorm,aten.mul.Tensor,[],prefill,False
2247,,,elementwise_add,"[[B, T, d_model], [B, T, d_model]]",,,"[[B, T, d_model]]","[2159, 2246]",18,,,0,model.layers.18,aten.add.Tensor,[],prefill,False
2248,pre_feedforward_layernorm,,pow,"[[B, T, d_model]]",,,"[[B, T, d_model]]",[2247],18,pre_feedforward_layernorm,,1,model.layers.18.pre_feedforward_layernorm,aten.pow.Tensor_Scalar,[],prefill,False
2249,pre_feedforward_layernorm,,mean,"[[B, T, d_model]]",,,"[[B, T, 1]]",[2248],18,pre_feedforward_layernorm,,1,model.layers.18.pre_feedforward_layernorm,aten.mean.dim,[],prefill,False
2250,pre_feedforward_layernorm,,elementwise_add,"[[B, T, 1]]",,,"[[B, T, 1]]",[2249],18,pre_feedforward_layernorm,,1,model.layers.18.pre_feedforward_layernorm,aten.add.Tensor,[],prefill,False
2251,pre_feedforward_layernorm,,rsqrt,"[[B, T, 1]]",,,"[[B, T, 1]]",[2250],18,pre_feedforward_layernorm,,1,model.layers.18.pre_feedforward_layernorm,aten.rsqrt.default,[],prefill,False
2252,pre_feedforward_layernorm,,elementwise_mul,"[[B, T, d_model], [B, T, 1]]",,,"[[B, T, d_model]]","[2247, 2251]",18,pre_feedforward_layernorm,,1,model.layers.18.pre_feedforward_layernorm,aten.mul.Tensor,[],prefill,False
2253,pre_feedforward_layernorm,,elementwise_add,[[d_model]],,,[[d_model]],[],18,pre_feedforward_layernorm,,1,model.layers.18.pre_feedforward_layernorm,aten.add.Tensor,[model.layers.18.pre_feedforward_layernorm.weight],prefill,False
2254,pre_feedforward_layernorm,,elementwise_mul,"[[B, T, d_model], [d_model]]",,,"[[B, T, d_model]]","[2252, 2253]",18,pre_feedforward_layernorm,,1,model.layers.18.pre_feedforward_layernorm,aten.mul.Tensor,[],prefill,False
2255,mlp,gate_proj,t,"[[d_ff, d_model]]","[d_ff, d_model]",0,"[[d_model, d_ff]]",[],18,mlp,gate_proj,2,model.layers.18.mlp.gate_proj,aten.t.default,[model.layers.18.mlp.gate_proj.weight],prefill,True
2256,mlp,gate_proj,view,"[[B, T, d_model]]",,,"[[T, d_model]]",[2254],18,mlp,gate_proj,2,model.layers.18.mlp.gate_proj,aten.view.default,[],prefill,True
2257,mlp,gate_proj,matmul,"[[T, d_model], [d_model, d_ff]]","[d_ff, d_model]",1,"[[T, d_ff]]","[2255, 2256]",18,mlp,gate_proj,2,model.layers.18.mlp.gate_proj,aten.mm.default,[model.layers.18.mlp.gate_proj.weight],prefill,False
2258,mlp,gate_proj,_unsafe_view,"[[T, d_ff]]",,,"[[B, T, d_ff]]",[2257],18,mlp,gate_proj,2,model.layers.18.mlp.gate_proj,aten._unsafe_view.default,[],prefill,True
2259,mlp,act_fn,gelu,"[[B, T, d_ff]]",,,"[[B, T, d_ff]]",[2258],18,mlp,act_fn,2,model.layers.18.mlp.act_fn,aten.gelu.default,[],prefill,False
2260,mlp,up_proj,t,"[[d_ff, d_model]]","[d_ff, d_model]",0,"[[d_model, d_ff]]",[],18,mlp,up_proj,2,model.layers.18.mlp.up_proj,aten.t.default,[model.layers.18.mlp.up_proj.weight],prefill,True
2261,mlp,up_proj,view,"[[B, T, d_model]]",,,"[[T, d_model]]",[2254],18,mlp,up_proj,2,model.layers.18.mlp.up_proj,aten.view.default,[],prefill,True
2262,mlp,up_proj,matmul,"[[T, d_model], [d_model, d_ff]]","[d_ff, d_model]",1,"[[T, d_ff]]","[2260, 2261]",18,mlp,up_proj,2,model.layers.18.mlp.up_proj,aten.mm.default,[model.layers.18.mlp.up_proj.weight],prefill,False
2263,mlp,up_proj,_unsafe_view,"[[T, d_ff]]",,,"[[B, T, d_ff]]",[2262],18,mlp,up_proj,2,model.layers.18.mlp.up_proj,aten._unsafe_view.default,[],prefill,True
2264,mlp,,elementwise_mul,"[[B, T, d_ff], [B, T, d_ff]]",,,"[[B, T, d_ff]]","[2259, 2263]",18,mlp,,1,model.layers.18.mlp,aten.mul.Tensor,[],prefill,False
2265,mlp,down_proj,t,"[[d_model, d_ff]]","[d_model, d_ff]",0,"[[d_ff, d_model]]",[],18,mlp,down_proj,2,model.layers.18.mlp.down_proj,aten.t.default,[model.layers.18.mlp.down_proj.weight],prefill,True
2266,mlp,down_proj,view,"[[B, T, d_ff]]",,,"[[T, d_ff]]",[2264],18,mlp,down_proj,2,model.layers.18.mlp.down_proj,aten.view.default,[],prefill,True
2267,mlp,down_proj,matmul,"[[T, d_ff], [d_ff, d_model]]","[d_model, d_ff]",1,"[[T, d_model]]","[2265, 2266]",18,mlp,down_proj,2,model.layers.18.mlp.down_proj,aten.mm.default,[model.layers.18.mlp.down_proj.weight],prefill,False
2268,mlp,down_proj,_unsafe_view,"[[T, d_model]]",,,"[[B, T, d_model]]",[2267],18,mlp,down_proj,2,model.layers.18.mlp.down_proj,aten._unsafe_view.default,[],prefill,True
2269,post_feedforward_layernorm,,pow,"[[B, T, d_model]]",,,"[[B, T, d_model]]",[2268],18,post_feedforward_layernorm,,1,model.layers.18.post_feedforward_layernorm,aten.pow.Tensor_Scalar,[],prefill,False
2270,post_feedforward_layernorm,,mean,"[[B, T, d_model]]",,,"[[B, T, 1]]",[2269],18,post_feedforward_layernorm,,1,model.layers.18.post_feedforward_layernorm,aten.mean.dim,[],prefill,False
2271,post_feedforward_layernorm,,elementwise_add,"[[B, T, 1]]",,,"[[B, T, 1]]",[2270],18,post_feedforward_layernorm,,1,model.layers.18.post_feedforward_layernorm,aten.add.Tensor,[],prefill,False
2272,post_feedforward_layernorm,,rsqrt,"[[B, T, 1]]",,,"[[B, T, 1]]",[2271],18,post_feedforward_layernorm,,1,model.layers.18.post_feedforward_layernorm,aten.rsqrt.default,[],prefill,False
2273,post_feedforward_layernorm,,elementwise_mul,"[[B, T, d_model], [B, T, 1]]",,,"[[B, T, d_model]]","[2268, 2272]",18,post_feedforward_layernorm,,1,model.layers.18.post_feedforward_layernorm,aten.mul.Tensor,[],prefill,False
2274,post_feedforward_layernorm,,elementwise_add,[[d_model]],,,[[d_model]],[],18,post_feedforward_layernorm,,1,model.layers.18.post_feedforward_layernorm,aten.add.Tensor,[model.layers.18.post_feedforward_layernorm.weight],prefill,False
2275,post_feedforward_layernorm,,elementwise_mul,"[[B, T, d_model], [d_model]]",,,"[[B, T, d_model]]","[2273, 2274]",18,post_feedforward_layernorm,,1,model.layers.18.post_feedforward_layernorm,aten.mul.Tensor,[],prefill,False
2276,,,elementwise_add,"[[B, T, d_model], [B, T, d_model]]",,,"[[B, T, d_model]]","[2247, 2275]",18,,,0,model.layers.18,aten.add.Tensor,[],prefill,False
2277,input_layernorm,,pow,"[[B, T, d_model]]",,,"[[B, T, d_model]]",[2276],19,input_layernorm,,1,model.layers.19.input_layernorm,aten.pow.Tensor_Scalar,[],prefill,False
2278,input_layernorm,,mean,"[[B, T, d_model]]",,,"[[B, T, 1]]",[2277],19,input_layernorm,,1,model.layers.19.input_layernorm,aten.mean.dim,[],prefill,False
2279,input_layernorm,,elementwise_add,"[[B, T, 1]]",,,"[[B, T, 1]]",[2278],19,input_layernorm,,1,model.layers.19.input_layernorm,aten.add.Tensor,[],prefill,False
2280,input_layernorm,,rsqrt,"[[B, T, 1]]",,,"[[B, T, 1]]",[2279],19,input_layernorm,,1,model.layers.19.input_layernorm,aten.rsqrt.default,[],prefill,False
2281,input_layernorm,,elementwise_mul,"[[B, T, d_model], [B, T, 1]]",,,"[[B, T, d_model]]","[2276, 2280]",19,input_layernorm,,1,model.layers.19.input_layernorm,aten.mul.Tensor,[],prefill,False
2282,input_layernorm,,elementwise_add,[[d_model]],,,[[d_model]],[],19,input_layernorm,,1,model.layers.19.input_layernorm,aten.add.Tensor,[model.layers.19.input_layernorm.weight],prefill,False
2283,input_layernorm,,elementwise_mul,"[[B, T, d_model], [d_model]]",,,"[[B, T, d_model]]","[2281, 2282]",19,input_layernorm,,1,model.layers.19.input_layernorm,aten.mul.Tensor,[],prefill,False
2284,self_attn,q_proj,t,"[[n_h*d_head, d_model]]","[n_h*d_head, d_model]",0,"[[d_model, n_h*d_head]]",[],19,self_attn,q_proj,2,model.layers.19.self_attn.q_proj,aten.t.default,[model.layers.19.self_attn.q_proj.weight],prefill,True
2285,self_attn,q_proj,view,"[[B, T, d_model]]",,,"[[T, d_model]]",[2283],19,self_attn,q_proj,2,model.layers.19.self_attn.q_proj,aten.view.default,[],prefill,True
2286,self_attn,q_proj,matmul,"[[T, d_model], [d_model, n_h*d_head]]","[n_h*d_head, d_model]",1,"[[T, n_h*d_head]]","[2284, 2285]",19,self_attn,q_proj,2,model.layers.19.self_attn.q_proj,aten.mm.default,[model.layers.19.self_attn.q_proj.weight],prefill,False
2287,self_attn,q_proj,_unsafe_view,"[[T, n_h*d_head]]",,,"[[B, T, n_h*d_head]]",[2286],19,self_attn,q_proj,2,model.layers.19.self_attn.q_proj,aten._unsafe_view.default,[],prefill,True
2288,self_attn,,view,"[[B, T, n_h*d_head]]",,,"[[B, T, n_h, d_head]]",[2287],19,self_attn,,1,model.layers.19.self_attn,aten.view.default,[],prefill,True
2289,self_attn,,transpose,"[[B, T, n_h, d_head]]",,,"[[B, n_h, T, d_head]]",[2288],19,self_attn,,1,model.layers.19.self_attn,aten.transpose.int,[],prefill,True
2290,self_attn,k_proj,t,"[[n_kv*d_head, d_model]]","[n_kv*d_head, d_model]",0,"[[d_model, n_kv*d_head]]",[],19,self_attn,k_proj,2,model.layers.19.self_attn.k_proj,aten.t.default,[model.layers.19.self_attn.k_proj.weight],prefill,True
2291,self_attn,k_proj,view,"[[B, T, d_model]]",,,"[[T, d_model]]",[2283],19,self_attn,k_proj,2,model.layers.19.self_attn.k_proj,aten.view.default,[],prefill,True
2292,self_attn,k_proj,matmul,"[[T, d_model], [d_model, n_kv*d_head]]","[n_kv*d_head, d_model]",1,"[[T, n_kv*d_head]]","[2290, 2291]",19,self_attn,k_proj,2,model.layers.19.self_attn.k_proj,aten.mm.default,[model.layers.19.self_attn.k_proj.weight],prefill,False
2293,self_attn,k_proj,_unsafe_view,"[[T, n_kv*d_head]]",,,"[[B, T, n_kv*d_head]]",[2292],19,self_attn,k_proj,2,model.layers.19.self_attn.k_proj,aten._unsafe_view.default,[],prefill,True
2294,self_attn,,view,"[[B, T, n_kv*d_head]]",,,"[[B, T, n_kv, d_head]]",[2293],19,self_attn,,1,model.layers.19.self_attn,aten.view.default,[],prefill,True
2295,self_attn,,transpose,"[[B, T, n_kv, d_head]]",,,"[[B, n_kv, T, d_head]]",[2294],19,self_attn,,1,model.layers.19.self_attn,aten.transpose.int,[],prefill,True
2296,self_attn,v_proj,t,"[[n_kv*d_head, d_model]]","[n_kv*d_head, d_model]",0,"[[d_model, n_kv*d_head]]",[],19,self_attn,v_proj,2,model.layers.19.self_attn.v_proj,aten.t.default,[model.layers.19.self_attn.v_proj.weight],prefill,True
2297,self_attn,v_proj,view,"[[B, T, d_model]]",,,"[[T, d_model]]",[2283],19,self_attn,v_proj,2,model.layers.19.self_attn.v_proj,aten.view.default,[],prefill,True
2298,self_attn,v_proj,matmul,"[[T, d_model], [d_model, n_kv*d_head]]","[n_kv*d_head, d_model]",1,"[[T, n_kv*d_head]]","[2296, 2297]",19,self_attn,v_proj,2,model.layers.19.self_attn.v_proj,aten.mm.default,[model.layers.19.self_attn.v_proj.weight],prefill,False
2299,self_attn,v_proj,_unsafe_view,"[[T, n_kv*d_head]]",,,"[[B, T, n_kv*d_head]]",[2298],19,self_attn,v_proj,2,model.layers.19.self_attn.v_proj,aten._unsafe_view.default,[],prefill,True
2300,self_attn,,view,"[[B, T, n_kv*d_head]]",,,"[[B, T, n_kv, d_head]]",[2299],19,self_attn,,1,model.layers.19.self_attn,aten.view.default,[],prefill,True
2301,self_attn,,transpose,"[[B, T, n_kv, d_head]]",,,"[[B, n_kv, T, d_head]]",[2300],19,self_attn,,1,model.layers.19.self_attn,aten.transpose.int,[],prefill,True
2302,self_attn,,unsqueeze,"[[B, T, d_head]]",,,"[[B, 1, T, d_head]]",[78],19,self_attn,,1,model.layers.19.self_attn,aten.unsqueeze.default,[],prefill,True
2303,self_attn,,unsqueeze,"[[B, T, d_head]]",,,"[[B, 1, T, d_head]]",[80],19,self_attn,,1,model.layers.19.self_attn,aten.unsqueeze.default,[],prefill,True
2304,self_attn,,elementwise_mul,"[[B, n_h, T, d_head], [B, 1, T, d_head]]",,,"[[B, n_h, T, d_head]]","[2289, 2302]",19,self_attn,,1,model.layers.19.self_attn,aten.mul.Tensor,[],prefill,False
2305,self_attn,,slice,"[[B, n_h, T, d_head]]",,,"[[B, n_h, T, d_head/2]]",[2289],19,self_attn,,1,model.layers.19.self_attn,aten.slice.Tensor,[],prefill,True
2306,self_attn,,slice,"[[B, n_h, T, d_head]]",,,"[[B, n_h, T, d_head/2]]",[2289],19,self_attn,,1,model.layers.19.self_attn,aten.slice.Tensor,[],prefill,True
2307,self_attn,,neg,"[[B, n_h, T, d_head/2]]",,,"[[B, n_h, T, d_head/2]]",[2306],19,self_attn,,1,model.layers.19.self_attn,aten.neg.default,[],prefill,False
2308,self_attn,,concat,"[[B, n_h, T, d_head/2], [B, n_h, T, d_head/2]]",,,"[[B, n_h, T, d_head]]","[2305, 2307]",19,self_attn,,1,model.layers.19.self_attn,aten.cat.default,[],prefill,False
2309,self_attn,,elementwise_mul,"[[B, n_h, T, d_head], [B, 1, T, d_head]]",,,"[[B, n_h, T, d_head]]","[2303, 2308]",19,self_attn,,1,model.layers.19.self_attn,aten.mul.Tensor,[],prefill,False
2310,self_attn,,elementwise_add,"[[B, n_h, T, d_head], [B, n_h, T, d_head]]",,,"[[B, n_h, T, d_head]]","[2304, 2309]",19,self_attn,,1,model.layers.19.self_attn,aten.add.Tensor,[],prefill,False
2311,self_attn,,elementwise_mul,"[[B, n_kv, T, d_head], [B, 1, T, d_head]]",,,"[[B, n_kv, T, d_head]]","[2295, 2302]",19,self_attn,,1,model.layers.19.self_attn,aten.mul.Tensor,[],prefill,False
2312,self_attn,,slice,"[[B, n_kv, T, d_head]]",,,"[[B, n_kv, T, d_head/2]]",[2295],19,self_attn,,1,model.layers.19.self_attn,aten.slice.Tensor,[],prefill,True
2313,self_attn,,slice,"[[B, n_kv, T, d_head]]",,,"[[B, n_kv, T, d_head/2]]",[2295],19,self_attn,,1,model.layers.19.self_attn,aten.slice.Tensor,[],prefill,True
2314,self_attn,,neg,"[[B, n_kv, T, d_head/2]]",,,"[[B, n_kv, T, d_head/2]]",[2313],19,self_attn,,1,model.layers.19.self_attn,aten.neg.default,[],prefill,False
2315,self_attn,,concat,"[[B, n_kv, T, d_head/2], [B, n_kv, T, d_head/2]]",,,"[[B, n_kv, T, d_head]]","[2312, 2314]",19,self_attn,,1,model.layers.19.self_attn,aten.cat.default,[],prefill,False
2316,self_attn,,elementwise_mul,"[[B, n_kv, T, d_head], [B, 1, T, d_head]]",,,"[[B, n_kv, T, d_head]]","[2303, 2315]",19,self_attn,,1,model.layers.19.self_attn,aten.mul.Tensor,[],prefill,False
2317,self_attn,,elementwise_add,"[[B, n_kv, T, d_head], [B, n_kv, T, d_head]]",,,"[[B, n_kv, T, d_head]]","[2311, 2316]",19,self_attn,,1,model.layers.19.self_attn,aten.add.Tensor,[],prefill,False
2318,self_attn,,concat,"[[0], [B, n_kv, T, d_head]]",,,"[[B, n_kv, T, d_head]]",[2317],19,self_attn,,1,model.layers.19.self_attn,aten.cat.default,[],prefill,False
2319,self_attn,,concat,"[[0], [B, n_kv, T, d_head]]",,,"[[B, n_kv, T, d_head]]",[2301],19,self_attn,,1,model.layers.19.self_attn,aten.cat.default,[],prefill,False
2320,self_attn,,unsqueeze,"[[B, n_kv, T, d_head]]",,,"[[B, n_kv, 1, T, d_head]]",[2318],19,self_attn,,1,model.layers.19.self_attn,aten.unsqueeze.default,[],prefill,True
2321,self_attn,,expand,"[[B, n_kv, 1, T, d_head]]",,,"[[B, n_kv, n_h/n_kv, T, d_head]]",[2320],19,self_attn,,1,model.layers.19.self_attn,aten.expand.default,[],prefill,True
2322,self_attn,,clone,"[[B, n_kv, n_h/n_kv, T, d_head]]",,,"[[B, n_kv, n_h/n_kv, T, d_head]]",[2321],19,self_attn,,1,model.layers.19.self_attn,aten.clone.default,[],prefill,True
2323,self_attn,,_unsafe_view,"[[B, n_kv, n_h/n_kv, T, d_head]]",,,"[[B, n_h, T, d_head]]",[2322],19,self_attn,,1,model.layers.19.self_attn,aten._unsafe_view.default,[],prefill,True
2324,self_attn,,unsqueeze,"[[B, n_kv, T, d_head]]",,,"[[B, n_kv, 1, T, d_head]]",[2319],19,self_attn,,1,model.layers.19.self_attn,aten.unsqueeze.default,[],prefill,True
2325,self_attn,,expand,"[[B, n_kv, 1, T, d_head]]",,,"[[B, n_kv, n_h/n_kv, T, d_head]]",[2324],19,self_attn,,1,model.layers.19.self_attn,aten.expand.default,[],prefill,True
2326,self_attn,,clone,"[[B, n_kv, n_h/n_kv, T, d_head]]",,,"[[B, n_kv, n_h/n_kv, T, d_head]]",[2325],19,self_attn,,1,model.layers.19.self_attn,aten.clone.default,[],prefill,True
2327,self_attn,,_unsafe_view,"[[B, n_kv, n_h/n_kv, T, d_head]]",,,"[[B, n_h, T, d_head]]",[2326],19,self_attn,,1,model.layers.19.self_attn,aten._unsafe_view.default,[],prefill,True
2328,self_attn,,transpose,"[[B, n_h, T, d_head]]",,,"[[B, n_h, d_head, T]]",[2323],19,self_attn,,1,model.layers.19.self_attn,aten.transpose.int,[],prefill,True
2329,self_attn,,expand,"[[B, n_h, T, d_head]]",,,"[[B, n_h, T, d_head]]",[2310],19,self_attn,,1,model.layers.19.self_attn,aten.expand.default,[],prefill,True
2330,self_attn,,view,"[[B, n_h, T, d_head]]",,,"[[n_h, T, d_head]]",[2329],19,self_attn,,1,model.layers.19.self_attn,aten.view.default,[],prefill,True
2331,self_attn,,expand,"[[B, n_h, d_head, T]]",,,"[[B, n_h, d_head, T]]",[2328],19,self_attn,,1,model.layers.19.self_attn,aten.expand.default,[],prefill,True
2332,self_attn,,view,"[[B, n_h, d_head, T]]",,,"[[n_h, d_head, T]]",[2331],19,self_attn,,1,model.layers.19.self_attn,aten.view.default,[],prefill,True
2333,self_attn,,batched_matmul,"[[n_h, T, d_head], [n_h, d_head, T]]",,,"[[n_h, T, T]]","[2330, 2332]",19,self_attn,,1,model.layers.19.self_attn,aten.bmm.default,[],prefill,False
2334,self_attn,,_unsafe_view,"[[n_h, T, T]]",,,"[[B, n_h, T, T]]",[2333],19,self_attn,,1,model.layers.19.self_attn,aten._unsafe_view.default,[],prefill,True
2335,self_attn,,elementwise_mul,"[[B, n_h, T, T]]",,,"[[B, n_h, T, T]]",[2334],19,self_attn,,1,model.layers.19.self_attn,aten.mul.Tensor,[],prefill,False
2336,self_attn,,div,"[[B, n_h, T, T]]",,,"[[B, n_h, T, T]]",[2335],19,self_attn,,1,model.layers.19.self_attn,aten.div.Tensor,[],prefill,True
2337,self_attn,,tanh,"[[B, n_h, T, T]]",,,"[[B, n_h, T, T]]",[2336],19,self_attn,,1,model.layers.19.self_attn,aten.tanh.default,[],prefill,False
2338,self_attn,,elementwise_mul,"[[B, n_h, T, T]]",,,"[[B, n_h, T, T]]",[2337],19,self_attn,,1,model.layers.19.self_attn,aten.mul.Tensor,[],prefill,False
2339,self_attn,,elementwise_add,"[[B, n_h, T, T], [B, 1, T, T]]",,,"[[B, n_h, T, T]]","[36, 2338]",19,self_attn,,1,model.layers.19.self_attn,aten.add.Tensor,[],prefill,False
2340,self_attn,,softmax,"[[B, n_h, T, T]]",,,"[[B, n_h, T, T]]",[2339],19,self_attn,,1,model.layers.19.self_attn,aten._softmax.default,[],prefill,False
2341,self_attn,,expand,"[[B, n_h, T, T]]",,,"[[B, n_h, T, T]]",[2340],19,self_attn,,1,model.layers.19.self_attn,aten.expand.default,[],prefill,True
2342,self_attn,,view,"[[B, n_h, T, T]]",,,"[[n_h, T, T]]",[2341],19,self_attn,,1,model.layers.19.self_attn,aten.view.default,[],prefill,True
2343,self_attn,,expand,"[[B, n_h, T, d_head]]",,,"[[B, n_h, T, d_head]]",[2327],19,self_attn,,1,model.layers.19.self_attn,aten.expand.default,[],prefill,True
2344,self_attn,,view,"[[B, n_h, T, d_head]]",,,"[[n_h, T, d_head]]",[2343],19,self_attn,,1,model.layers.19.self_attn,aten.view.default,[],prefill,True
2345,self_attn,,batched_matmul,"[[n_h, T, T], [n_h, T, d_head]]",,,"[[n_h, T, d_head]]","[2342, 2344]",19,self_attn,,1,model.layers.19.self_attn,aten.bmm.default,[],prefill,False
2346,self_attn,,_unsafe_view,"[[n_h, T, d_head]]",,,"[[B, n_h, T, d_head]]",[2345],19,self_attn,,1,model.layers.19.self_attn,aten._unsafe_view.default,[],prefill,True
2347,self_attn,,transpose,"[[B, n_h, T, d_head]]",,,"[[B, T, n_h, d_head]]",[2346],19,self_attn,,1,model.layers.19.self_attn,aten.transpose.int,[],prefill,True
2348,self_attn,,clone,"[[B, T, n_h, d_head]]",,,"[[B, T, n_h, d_head]]",[2347],19,self_attn,,1,model.layers.19.self_attn,aten.clone.default,[],prefill,True
2349,self_attn,,view,"[[B, T, n_h, d_head]]",,,"[[B, T, n_h*d_head]]",[2348],19,self_attn,,1,model.layers.19.self_attn,aten.view.default,[],prefill,True
2350,self_attn,o_proj,t,"[[d_model, n_h*d_head]]","[d_model, n_h*d_head]",0,"[[n_h*d_head, d_model]]",[],19,self_attn,o_proj,2,model.layers.19.self_attn.o_proj,aten.t.default,[model.layers.19.self_attn.o_proj.weight],prefill,True
2351,self_attn,o_proj,view,"[[B, T, n_h*d_head]]",,,"[[T, n_h*d_head]]",[2349],19,self_attn,o_proj,2,model.layers.19.self_attn.o_proj,aten.view.default,[],prefill,True
2352,self_attn,o_proj,matmul,"[[T, n_h*d_head], [n_h*d_head, d_model]]","[d_model, n_h*d_head]",1,"[[T, d_model]]","[2350, 2351]",19,self_attn,o_proj,2,model.layers.19.self_attn.o_proj,aten.mm.default,[model.layers.19.self_attn.o_proj.weight],prefill,False
2353,self_attn,o_proj,_unsafe_view,"[[T, d_model]]",,,"[[B, T, d_model]]",[2352],19,self_attn,o_proj,2,model.layers.19.self_attn.o_proj,aten._unsafe_view.default,[],prefill,True
2354,post_attention_layernorm,,pow,"[[B, T, d_model]]",,,"[[B, T, d_model]]",[2353],19,post_attention_layernorm,,1,model.layers.19.post_attention_layernorm,aten.pow.Tensor_Scalar,[],prefill,False
2355,post_attention_layernorm,,mean,"[[B, T, d_model]]",,,"[[B, T, 1]]",[2354],19,post_attention_layernorm,,1,model.layers.19.post_attention_layernorm,aten.mean.dim,[],prefill,False
2356,post_attention_layernorm,,elementwise_add,"[[B, T, 1]]",,,"[[B, T, 1]]",[2355],19,post_attention_layernorm,,1,model.layers.19.post_attention_layernorm,aten.add.Tensor,[],prefill,False
2357,post_attention_layernorm,,rsqrt,"[[B, T, 1]]",,,"[[B, T, 1]]",[2356],19,post_attention_layernorm,,1,model.layers.19.post_attention_layernorm,aten.rsqrt.default,[],prefill,False
2358,post_attention_layernorm,,elementwise_mul,"[[B, T, d_model], [B, T, 1]]",,,"[[B, T, d_model]]","[2353, 2357]",19,post_attention_layernorm,,1,model.layers.19.post_attention_layernorm,aten.mul.Tensor,[],prefill,False
2359,post_attention_layernorm,,elementwise_add,[[d_model]],,,[[d_model]],[],19,post_attention_layernorm,,1,model.layers.19.post_attention_layernorm,aten.add.Tensor,[model.layers.19.post_attention_layernorm.weight],prefill,False
2360,post_attention_layernorm,,elementwise_mul,"[[B, T, d_model], [d_model]]",,,"[[B, T, d_model]]","[2358, 2359]",19,post_attention_layernorm,,1,model.layers.19.post_attention_layernorm,aten.mul.Tensor,[],prefill,False
2361,,,elementwise_add,"[[B, T, d_model], [B, T, d_model]]",,,"[[B, T, d_model]]","[2276, 2360]",19,,,0,model.layers.19,aten.add.Tensor,[],prefill,False
2362,pre_feedforward_layernorm,,pow,"[[B, T, d_model]]",,,"[[B, T, d_model]]",[2361],19,pre_feedforward_layernorm,,1,model.layers.19.pre_feedforward_layernorm,aten.pow.Tensor_Scalar,[],prefill,False
2363,pre_feedforward_layernorm,,mean,"[[B, T, d_model]]",,,"[[B, T, 1]]",[2362],19,pre_feedforward_layernorm,,1,model.layers.19.pre_feedforward_layernorm,aten.mean.dim,[],prefill,False
2364,pre_feedforward_layernorm,,elementwise_add,"[[B, T, 1]]",,,"[[B, T, 1]]",[2363],19,pre_feedforward_layernorm,,1,model.layers.19.pre_feedforward_layernorm,aten.add.Tensor,[],prefill,False
2365,pre_feedforward_layernorm,,rsqrt,"[[B, T, 1]]",,,"[[B, T, 1]]",[2364],19,pre_feedforward_layernorm,,1,model.layers.19.pre_feedforward_layernorm,aten.rsqrt.default,[],prefill,False
2366,pre_feedforward_layernorm,,elementwise_mul,"[[B, T, d_model], [B, T, 1]]",,,"[[B, T, d_model]]","[2361, 2365]",19,pre_feedforward_layernorm,,1,model.layers.19.pre_feedforward_layernorm,aten.mul.Tensor,[],prefill,False
2367,pre_feedforward_layernorm,,elementwise_add,[[d_model]],,,[[d_model]],[],19,pre_feedforward_layernorm,,1,model.layers.19.pre_feedforward_layernorm,aten.add.Tensor,[model.layers.19.pre_feedforward_layernorm.weight],prefill,False
2368,pre_feedforward_layernorm,,elementwise_mul,"[[B, T, d_model], [d_model]]",,,"[[B, T, d_model]]","[2366, 2367]",19,pre_feedforward_layernorm,,1,model.layers.19.pre_feedforward_layernorm,aten.mul.Tensor,[],prefill,False
2369,mlp,gate_proj,t,"[[d_ff, d_model]]","[d_ff, d_model]",0,"[[d_model, d_ff]]",[],19,mlp,gate_proj,2,model.layers.19.mlp.gate_proj,aten.t.default,[model.layers.19.mlp.gate_proj.weight],prefill,True
2370,mlp,gate_proj,view,"[[B, T, d_model]]",,,"[[T, d_model]]",[2368],19,mlp,gate_proj,2,model.layers.19.mlp.gate_proj,aten.view.default,[],prefill,True
2371,mlp,gate_proj,matmul,"[[T, d_model], [d_model, d_ff]]","[d_ff, d_model]",1,"[[T, d_ff]]","[2369, 2370]",19,mlp,gate_proj,2,model.layers.19.mlp.gate_proj,aten.mm.default,[model.layers.19.mlp.gate_proj.weight],prefill,False
2372,mlp,gate_proj,_unsafe_view,"[[T, d_ff]]",,,"[[B, T, d_ff]]",[2371],19,mlp,gate_proj,2,model.layers.19.mlp.gate_proj,aten._unsafe_view.default,[],prefill,True
2373,mlp,act_fn,gelu,"[[B, T, d_ff]]",,,"[[B, T, d_ff]]",[2372],19,mlp,act_fn,2,model.layers.19.mlp.act_fn,aten.gelu.default,[],prefill,False
2374,mlp,up_proj,t,"[[d_ff, d_model]]","[d_ff, d_model]",0,"[[d_model, d_ff]]",[],19,mlp,up_proj,2,model.layers.19.mlp.up_proj,aten.t.default,[model.layers.19.mlp.up_proj.weight],prefill,True
2375,mlp,up_proj,view,"[[B, T, d_model]]",,,"[[T, d_model]]",[2368],19,mlp,up_proj,2,model.layers.19.mlp.up_proj,aten.view.default,[],prefill,True
2376,mlp,up_proj,matmul,"[[T, d_model], [d_model, d_ff]]","[d_ff, d_model]",1,"[[T, d_ff]]","[2374, 2375]",19,mlp,up_proj,2,model.layers.19.mlp.up_proj,aten.mm.default,[model.layers.19.mlp.up_proj.weight],prefill,False
2377,mlp,up_proj,_unsafe_view,"[[T, d_ff]]",,,"[[B, T, d_ff]]",[2376],19,mlp,up_proj,2,model.layers.19.mlp.up_proj,aten._unsafe_view.default,[],prefill,True
2378,mlp,,elementwise_mul,"[[B, T, d_ff], [B, T, d_ff]]",,,"[[B, T, d_ff]]","[2373, 2377]",19,mlp,,1,model.layers.19.mlp,aten.mul.Tensor,[],prefill,False
2379,mlp,down_proj,t,"[[d_model, d_ff]]","[d_model, d_ff]",0,"[[d_ff, d_model]]",[],19,mlp,down_proj,2,model.layers.19.mlp.down_proj,aten.t.default,[model.layers.19.mlp.down_proj.weight],prefill,True
2380,mlp,down_proj,view,"[[B, T, d_ff]]",,,"[[T, d_ff]]",[2378],19,mlp,down_proj,2,model.layers.19.mlp.down_proj,aten.view.default,[],prefill,True
2381,mlp,down_proj,matmul,"[[T, d_ff], [d_ff, d_model]]","[d_model, d_ff]",1,"[[T, d_model]]","[2379, 2380]",19,mlp,down_proj,2,model.layers.19.mlp.down_proj,aten.mm.default,[model.layers.19.mlp.down_proj.weight],prefill,False
2382,mlp,down_proj,_unsafe_view,"[[T, d_model]]",,,"[[B, T, d_model]]",[2381],19,mlp,down_proj,2,model.layers.19.mlp.down_proj,aten._unsafe_view.default,[],prefill,True
2383,post_feedforward_layernorm,,pow,"[[B, T, d_model]]",,,"[[B, T, d_model]]",[2382],19,post_feedforward_layernorm,,1,model.layers.19.post_feedforward_layernorm,aten.pow.Tensor_Scalar,[],prefill,False
2384,post_feedforward_layernorm,,mean,"[[B, T, d_model]]",,,"[[B, T, 1]]",[2383],19,post_feedforward_layernorm,,1,model.layers.19.post_feedforward_layernorm,aten.mean.dim,[],prefill,False
2385,post_feedforward_layernorm,,elementwise_add,"[[B, T, 1]]",,,"[[B, T, 1]]",[2384],19,post_feedforward_layernorm,,1,model.layers.19.post_feedforward_layernorm,aten.add.Tensor,[],prefill,False
2386,post_feedforward_layernorm,,rsqrt,"[[B, T, 1]]",,,"[[B, T, 1]]",[2385],19,post_feedforward_layernorm,,1,model.layers.19.post_feedforward_layernorm,aten.rsqrt.default,[],prefill,False
2387,post_feedforward_layernorm,,elementwise_mul,"[[B, T, d_model], [B, T, 1]]",,,"[[B, T, d_model]]","[2382, 2386]",19,post_feedforward_layernorm,,1,model.layers.19.post_feedforward_layernorm,aten.mul.Tensor,[],prefill,False
2388,post_feedforward_layernorm,,elementwise_add,[[d_model]],,,[[d_model]],[],19,post_feedforward_layernorm,,1,model.layers.19.post_feedforward_layernorm,aten.add.Tensor,[model.layers.19.post_feedforward_layernorm.weight],prefill,False
2389,post_feedforward_layernorm,,elementwise_mul,"[[B, T, d_model], [d_model]]",,,"[[B, T, d_model]]","[2387, 2388]",19,post_feedforward_layernorm,,1,model.layers.19.post_feedforward_layernorm,aten.mul.Tensor,[],prefill,False
2390,,,elementwise_add,"[[B, T, d_model], [B, T, d_model]]",,,"[[B, T, d_model]]","[2361, 2389]",19,,,0,model.layers.19,aten.add.Tensor,[],prefill,False
2391,input_layernorm,,pow,"[[B, T, d_model]]",,,"[[B, T, d_model]]",[2390],20,input_layernorm,,1,model.layers.20.input_layernorm,aten.pow.Tensor_Scalar,[],prefill,False
2392,input_layernorm,,mean,"[[B, T, d_model]]",,,"[[B, T, 1]]",[2391],20,input_layernorm,,1,model.layers.20.input_layernorm,aten.mean.dim,[],prefill,False
2393,input_layernorm,,elementwise_add,"[[B, T, 1]]",,,"[[B, T, 1]]",[2392],20,input_layernorm,,1,model.layers.20.input_layernorm,aten.add.Tensor,[],prefill,False
2394,input_layernorm,,rsqrt,"[[B, T, 1]]",,,"[[B, T, 1]]",[2393],20,input_layernorm,,1,model.layers.20.input_layernorm,aten.rsqrt.default,[],prefill,False
2395,input_layernorm,,elementwise_mul,"[[B, T, d_model], [B, T, 1]]",,,"[[B, T, d_model]]","[2390, 2394]",20,input_layernorm,,1,model.layers.20.input_layernorm,aten.mul.Tensor,[],prefill,False
2396,input_layernorm,,elementwise_add,[[d_model]],,,[[d_model]],[],20,input_layernorm,,1,model.layers.20.input_layernorm,aten.add.Tensor,[model.layers.20.input_layernorm.weight],prefill,False
2397,input_layernorm,,elementwise_mul,"[[B, T, d_model], [d_model]]",,,"[[B, T, d_model]]","[2395, 2396]",20,input_layernorm,,1,model.layers.20.input_layernorm,aten.mul.Tensor,[],prefill,False
2398,self_attn,q_proj,t,"[[n_h*d_head, d_model]]","[n_h*d_head, d_model]",0,"[[d_model, n_h*d_head]]",[],20,self_attn,q_proj,2,model.layers.20.self_attn.q_proj,aten.t.default,[model.layers.20.self_attn.q_proj.weight],prefill,True
2399,self_attn,q_proj,view,"[[B, T, d_model]]",,,"[[T, d_model]]",[2397],20,self_attn,q_proj,2,model.layers.20.self_attn.q_proj,aten.view.default,[],prefill,True
2400,self_attn,q_proj,matmul,"[[T, d_model], [d_model, n_h*d_head]]","[n_h*d_head, d_model]",1,"[[T, n_h*d_head]]","[2398, 2399]",20,self_attn,q_proj,2,model.layers.20.self_attn.q_proj,aten.mm.default,[model.layers.20.self_attn.q_proj.weight],prefill,False
2401,self_attn,q_proj,_unsafe_view,"[[T, n_h*d_head]]",,,"[[B, T, n_h*d_head]]",[2400],20,self_attn,q_proj,2,model.layers.20.self_attn.q_proj,aten._unsafe_view.default,[],prefill,True
2402,self_attn,,view,"[[B, T, n_h*d_head]]",,,"[[B, T, n_h, d_head]]",[2401],20,self_attn,,1,model.layers.20.self_attn,aten.view.default,[],prefill,True
2403,self_attn,,transpose,"[[B, T, n_h, d_head]]",,,"[[B, n_h, T, d_head]]",[2402],20,self_attn,,1,model.layers.20.self_attn,aten.transpose.int,[],prefill,True
2404,self_attn,k_proj,t,"[[n_kv*d_head, d_model]]","[n_kv*d_head, d_model]",0,"[[d_model, n_kv*d_head]]",[],20,self_attn,k_proj,2,model.layers.20.self_attn.k_proj,aten.t.default,[model.layers.20.self_attn.k_proj.weight],prefill,True
2405,self_attn,k_proj,view,"[[B, T, d_model]]",,,"[[T, d_model]]",[2397],20,self_attn,k_proj,2,model.layers.20.self_attn.k_proj,aten.view.default,[],prefill,True
2406,self_attn,k_proj,matmul,"[[T, d_model], [d_model, n_kv*d_head]]","[n_kv*d_head, d_model]",1,"[[T, n_kv*d_head]]","[2404, 2405]",20,self_attn,k_proj,2,model.layers.20.self_attn.k_proj,aten.mm.default,[model.layers.20.self_attn.k_proj.weight],prefill,False
2407,self_attn,k_proj,_unsafe_view,"[[T, n_kv*d_head]]",,,"[[B, T, n_kv*d_head]]",[2406],20,self_attn,k_proj,2,model.layers.20.self_attn.k_proj,aten._unsafe_view.default,[],prefill,True
2408,self_attn,,view,"[[B, T, n_kv*d_head]]",,,"[[B, T, n_kv, d_head]]",[2407],20,self_attn,,1,model.layers.20.self_attn,aten.view.default,[],prefill,True
2409,self_attn,,transpose,"[[B, T, n_kv, d_head]]",,,"[[B, n_kv, T, d_head]]",[2408],20,self_attn,,1,model.layers.20.self_attn,aten.transpose.int,[],prefill,True
2410,self_attn,v_proj,t,"[[n_kv*d_head, d_model]]","[n_kv*d_head, d_model]",0,"[[d_model, n_kv*d_head]]",[],20,self_attn,v_proj,2,model.layers.20.self_attn.v_proj,aten.t.default,[model.layers.20.self_attn.v_proj.weight],prefill,True
2411,self_attn,v_proj,view,"[[B, T, d_model]]",,,"[[T, d_model]]",[2397],20,self_attn,v_proj,2,model.layers.20.self_attn.v_proj,aten.view.default,[],prefill,True
2412,self_attn,v_proj,matmul,"[[T, d_model], [d_model, n_kv*d_head]]","[n_kv*d_head, d_model]",1,"[[T, n_kv*d_head]]","[2410, 2411]",20,self_attn,v_proj,2,model.layers.20.self_attn.v_proj,aten.mm.default,[model.layers.20.self_attn.v_proj.weight],prefill,False
2413,self_attn,v_proj,_unsafe_view,"[[T, n_kv*d_head]]",,,"[[B, T, n_kv*d_head]]",[2412],20,self_attn,v_proj,2,model.layers.20.self_attn.v_proj,aten._unsafe_view.default,[],prefill,True
2414,self_attn,,view,"[[B, T, n_kv*d_head]]",,,"[[B, T, n_kv, d_head]]",[2413],20,self_attn,,1,model.layers.20.self_attn,aten.view.default,[],prefill,True
2415,self_attn,,transpose,"[[B, T, n_kv, d_head]]",,,"[[B, n_kv, T, d_head]]",[2414],20,self_attn,,1,model.layers.20.self_attn,aten.transpose.int,[],prefill,True
2416,self_attn,,unsqueeze,"[[B, T, d_head]]",,,"[[B, 1, T, d_head]]",[78],20,self_attn,,1,model.layers.20.self_attn,aten.unsqueeze.default,[],prefill,True
2417,self_attn,,unsqueeze,"[[B, T, d_head]]",,,"[[B, 1, T, d_head]]",[80],20,self_attn,,1,model.layers.20.self_attn,aten.unsqueeze.default,[],prefill,True
2418,self_attn,,elementwise_mul,"[[B, n_h, T, d_head], [B, 1, T, d_head]]",,,"[[B, n_h, T, d_head]]","[2403, 2416]",20,self_attn,,1,model.layers.20.self_attn,aten.mul.Tensor,[],prefill,False
2419,self_attn,,slice,"[[B, n_h, T, d_head]]",,,"[[B, n_h, T, d_head/2]]",[2403],20,self_attn,,1,model.layers.20.self_attn,aten.slice.Tensor,[],prefill,True
2420,self_attn,,slice,"[[B, n_h, T, d_head]]",,,"[[B, n_h, T, d_head/2]]",[2403],20,self_attn,,1,model.layers.20.self_attn,aten.slice.Tensor,[],prefill,True
2421,self_attn,,neg,"[[B, n_h, T, d_head/2]]",,,"[[B, n_h, T, d_head/2]]",[2420],20,self_attn,,1,model.layers.20.self_attn,aten.neg.default,[],prefill,False
2422,self_attn,,concat,"[[B, n_h, T, d_head/2], [B, n_h, T, d_head/2]]",,,"[[B, n_h, T, d_head]]","[2419, 2421]",20,self_attn,,1,model.layers.20.self_attn,aten.cat.default,[],prefill,False
2423,self_attn,,elementwise_mul,"[[B, n_h, T, d_head], [B, 1, T, d_head]]",,,"[[B, n_h, T, d_head]]","[2417, 2422]",20,self_attn,,1,model.layers.20.self_attn,aten.mul.Tensor,[],prefill,False
2424,self_attn,,elementwise_add,"[[B, n_h, T, d_head], [B, n_h, T, d_head]]",,,"[[B, n_h, T, d_head]]","[2418, 2423]",20,self_attn,,1,model.layers.20.self_attn,aten.add.Tensor,[],prefill,False
2425,self_attn,,elementwise_mul,"[[B, n_kv, T, d_head], [B, 1, T, d_head]]",,,"[[B, n_kv, T, d_head]]","[2409, 2416]",20,self_attn,,1,model.layers.20.self_attn,aten.mul.Tensor,[],prefill,False
2426,self_attn,,slice,"[[B, n_kv, T, d_head]]",,,"[[B, n_kv, T, d_head/2]]",[2409],20,self_attn,,1,model.layers.20.self_attn,aten.slice.Tensor,[],prefill,True
2427,self_attn,,slice,"[[B, n_kv, T, d_head]]",,,"[[B, n_kv, T, d_head/2]]",[2409],20,self_attn,,1,model.layers.20.self_attn,aten.slice.Tensor,[],prefill,True
2428,self_attn,,neg,"[[B, n_kv, T, d_head/2]]",,,"[[B, n_kv, T, d_head/2]]",[2427],20,self_attn,,1,model.layers.20.self_attn,aten.neg.default,[],prefill,False
2429,self_attn,,concat,"[[B, n_kv, T, d_head/2], [B, n_kv, T, d_head/2]]",,,"[[B, n_kv, T, d_head]]","[2426, 2428]",20,self_attn,,1,model.layers.20.self_attn,aten.cat.default,[],prefill,False
2430,self_attn,,elementwise_mul,"[[B, n_kv, T, d_head], [B, 1, T, d_head]]",,,"[[B, n_kv, T, d_head]]","[2417, 2429]",20,self_attn,,1,model.layers.20.self_attn,aten.mul.Tensor,[],prefill,False
2431,self_attn,,elementwise_add,"[[B, n_kv, T, d_head], [B, n_kv, T, d_head]]",,,"[[B, n_kv, T, d_head]]","[2425, 2430]",20,self_attn,,1,model.layers.20.self_attn,aten.add.Tensor,[],prefill,False
2432,self_attn,,_to_copy,[[]],,,[[]],[12],20,self_attn,,1,model.layers.20.self_attn,aten._to_copy.default,[],prefill,True
2433,self_attn,,concat,"[[0], [B, n_kv, T, d_head]]",,,"[[B, n_kv, T, d_head]]",[2431],20,self_attn,,1,model.layers.20.self_attn,aten.cat.default,[],prefill,False
2434,self_attn,,concat,"[[0], [B, n_kv, T, d_head]]",,,"[[B, n_kv, T, d_head]]",[2415],20,self_attn,,1,model.layers.20.self_attn,aten.cat.default,[],prefill,False
2435,self_attn,,slice,"[[B, n_kv, T, d_head]]",,,"[[B, n_kv, T, d_head]]",[2433],20,self_attn,,1,model.layers.20.self_attn,aten.slice.Tensor,[],prefill,True
2436,self_attn,,slice,"[[B, n_kv, T, d_head]]",,,"[[B, n_kv, T, d_head]]",[2434],20,self_attn,,1,model.layers.20.self_attn,aten.slice.Tensor,[],prefill,True
2437,self_attn,,unsqueeze,"[[B, n_kv, T, d_head]]",,,"[[B, n_kv, 1, T, d_head]]",[2433],20,self_attn,,1,model.layers.20.self_attn,aten.unsqueeze.default,[],prefill,True
2438,self_attn,,expand,"[[B, n_kv, 1, T, d_head]]",,,"[[B, n_kv, n_h/n_kv, T, d_head]]",[2437],20,self_attn,,1,model.layers.20.self_attn,aten.expand.default,[],prefill,True
2439,self_attn,,clone,"[[B, n_kv, n_h/n_kv, T, d_head]]",,,"[[B, n_kv, n_h/n_kv, T, d_head]]",[2438],20,self_attn,,1,model.layers.20.self_attn,aten.clone.default,[],prefill,True
2440,self_attn,,_unsafe_view,"[[B, n_kv, n_h/n_kv, T, d_head]]",,,"[[B, n_h, T, d_head]]",[2439],20,self_attn,,1,model.layers.20.self_attn,aten._unsafe_view.default,[],prefill,True
2441,self_attn,,unsqueeze,"[[B, n_kv, T, d_head]]",,,"[[B, n_kv, 1, T, d_head]]",[2434],20,self_attn,,1,model.layers.20.self_attn,aten.unsqueeze.default,[],prefill,True
2442,self_attn,,expand,"[[B, n_kv, 1, T, d_head]]",,,"[[B, n_kv, n_h/n_kv, T, d_head]]",[2441],20,self_attn,,1,model.layers.20.self_attn,aten.expand.default,[],prefill,True
2443,self_attn,,clone,"[[B, n_kv, n_h/n_kv, T, d_head]]",,,"[[B, n_kv, n_h/n_kv, T, d_head]]",[2442],20,self_attn,,1,model.layers.20.self_attn,aten.clone.default,[],prefill,True
2444,self_attn,,_unsafe_view,"[[B, n_kv, n_h/n_kv, T, d_head]]",,,"[[B, n_h, T, d_head]]",[2443],20,self_attn,,1,model.layers.20.self_attn,aten._unsafe_view.default,[],prefill,True
2445,self_attn,,transpose,"[[B, n_h, T, d_head]]",,,"[[B, n_h, d_head, T]]",[2440],20,self_attn,,1,model.layers.20.self_attn,aten.transpose.int,[],prefill,True
2446,self_attn,,expand,"[[B, n_h, T, d_head]]",,,"[[B, n_h, T, d_head]]",[2424],20,self_attn,,1,model.layers.20.self_attn,aten.expand.default,[],prefill,True
2447,self_attn,,view,"[[B, n_h, T, d_head]]",,,"[[n_h, T, d_head]]",[2446],20,self_attn,,1,model.layers.20.self_attn,aten.view.default,[],prefill,True
2448,self_attn,,expand,"[[B, n_h, d_head, T]]",,,"[[B, n_h, d_head, T]]",[2445],20,self_attn,,1,model.layers.20.self_attn,aten.expand.default,[],prefill,True
2449,self_attn,,view,"[[B, n_h, d_head, T]]",,,"[[n_h, d_head, T]]",[2448],20,self_attn,,1,model.layers.20.self_attn,aten.view.default,[],prefill,True
2450,self_attn,,batched_matmul,"[[n_h, T, d_head], [n_h, d_head, T]]",,,"[[n_h, T, T]]","[2447, 2449]",20,self_attn,,1,model.layers.20.self_attn,aten.bmm.default,[],prefill,False
2451,self_attn,,_unsafe_view,"[[n_h, T, T]]",,,"[[B, n_h, T, T]]",[2450],20,self_attn,,1,model.layers.20.self_attn,aten._unsafe_view.default,[],prefill,True
2452,self_attn,,elementwise_mul,"[[B, n_h, T, T]]",,,"[[B, n_h, T, T]]",[2451],20,self_attn,,1,model.layers.20.self_attn,aten.mul.Tensor,[],prefill,False
2453,self_attn,,div,"[[B, n_h, T, T]]",,,"[[B, n_h, T, T]]",[2452],20,self_attn,,1,model.layers.20.self_attn,aten.div.Tensor,[],prefill,True
2454,self_attn,,tanh,"[[B, n_h, T, T]]",,,"[[B, n_h, T, T]]",[2453],20,self_attn,,1,model.layers.20.self_attn,aten.tanh.default,[],prefill,False
2455,self_attn,,elementwise_mul,"[[B, n_h, T, T]]",,,"[[B, n_h, T, T]]",[2454],20,self_attn,,1,model.layers.20.self_attn,aten.mul.Tensor,[],prefill,False
2456,self_attn,,elementwise_add,"[[B, n_h, T, T], [B, 1, T, T]]",,,"[[B, n_h, T, T]]","[63, 2455]",20,self_attn,,1,model.layers.20.self_attn,aten.add.Tensor,[],prefill,False
2457,self_attn,,softmax,"[[B, n_h, T, T]]",,,"[[B, n_h, T, T]]",[2456],20,self_attn,,1,model.layers.20.self_attn,aten._softmax.default,[],prefill,False
2458,self_attn,,expand,"[[B, n_h, T, T]]",,,"[[B, n_h, T, T]]",[2457],20,self_attn,,1,model.layers.20.self_attn,aten.expand.default,[],prefill,True
2459,self_attn,,view,"[[B, n_h, T, T]]",,,"[[n_h, T, T]]",[2458],20,self_attn,,1,model.layers.20.self_attn,aten.view.default,[],prefill,True
2460,self_attn,,expand,"[[B, n_h, T, d_head]]",,,"[[B, n_h, T, d_head]]",[2444],20,self_attn,,1,model.layers.20.self_attn,aten.expand.default,[],prefill,True
2461,self_attn,,view,"[[B, n_h, T, d_head]]",,,"[[n_h, T, d_head]]",[2460],20,self_attn,,1,model.layers.20.self_attn,aten.view.default,[],prefill,True
2462,self_attn,,batched_matmul,"[[n_h, T, T], [n_h, T, d_head]]",,,"[[n_h, T, d_head]]","[2459, 2461]",20,self_attn,,1,model.layers.20.self_attn,aten.bmm.default,[],prefill,False
2463,self_attn,,_unsafe_view,"[[n_h, T, d_head]]",,,"[[B, n_h, T, d_head]]",[2462],20,self_attn,,1,model.layers.20.self_attn,aten._unsafe_view.default,[],prefill,True
2464,self_attn,,transpose,"[[B, n_h, T, d_head]]",,,"[[B, T, n_h, d_head]]",[2463],20,self_attn,,1,model.layers.20.self_attn,aten.transpose.int,[],prefill,True
2465,self_attn,,clone,"[[B, T, n_h, d_head]]",,,"[[B, T, n_h, d_head]]",[2464],20,self_attn,,1,model.layers.20.self_attn,aten.clone.default,[],prefill,True
2466,self_attn,,view,"[[B, T, n_h, d_head]]",,,"[[B, T, n_h*d_head]]",[2465],20,self_attn,,1,model.layers.20.self_attn,aten.view.default,[],prefill,True
2467,self_attn,o_proj,t,"[[d_model, n_h*d_head]]","[d_model, n_h*d_head]",0,"[[n_h*d_head, d_model]]",[],20,self_attn,o_proj,2,model.layers.20.self_attn.o_proj,aten.t.default,[model.layers.20.self_attn.o_proj.weight],prefill,True
2468,self_attn,o_proj,view,"[[B, T, n_h*d_head]]",,,"[[T, n_h*d_head]]",[2466],20,self_attn,o_proj,2,model.layers.20.self_attn.o_proj,aten.view.default,[],prefill,True
2469,self_attn,o_proj,matmul,"[[T, n_h*d_head], [n_h*d_head, d_model]]","[d_model, n_h*d_head]",1,"[[T, d_model]]","[2467, 2468]",20,self_attn,o_proj,2,model.layers.20.self_attn.o_proj,aten.mm.default,[model.layers.20.self_attn.o_proj.weight],prefill,False
2470,self_attn,o_proj,_unsafe_view,"[[T, d_model]]",,,"[[B, T, d_model]]",[2469],20,self_attn,o_proj,2,model.layers.20.self_attn.o_proj,aten._unsafe_view.default,[],prefill,True
2471,post_attention_layernorm,,pow,"[[B, T, d_model]]",,,"[[B, T, d_model]]",[2470],20,post_attention_layernorm,,1,model.layers.20.post_attention_layernorm,aten.pow.Tensor_Scalar,[],prefill,False
2472,post_attention_layernorm,,mean,"[[B, T, d_model]]",,,"[[B, T, 1]]",[2471],20,post_attention_layernorm,,1,model.layers.20.post_attention_layernorm,aten.mean.dim,[],prefill,False
2473,post_attention_layernorm,,elementwise_add,"[[B, T, 1]]",,,"[[B, T, 1]]",[2472],20,post_attention_layernorm,,1,model.layers.20.post_attention_layernorm,aten.add.Tensor,[],prefill,False
2474,post_attention_layernorm,,rsqrt,"[[B, T, 1]]",,,"[[B, T, 1]]",[2473],20,post_attention_layernorm,,1,model.layers.20.post_attention_layernorm,aten.rsqrt.default,[],prefill,False
2475,post_attention_layernorm,,elementwise_mul,"[[B, T, d_model], [B, T, 1]]",,,"[[B, T, d_model]]","[2470, 2474]",20,post_attention_layernorm,,1,model.layers.20.post_attention_layernorm,aten.mul.Tensor,[],prefill,False
2476,post_attention_layernorm,,elementwise_add,[[d_model]],,,[[d_model]],[],20,post_attention_layernorm,,1,model.layers.20.post_attention_layernorm,aten.add.Tensor,[model.layers.20.post_attention_layernorm.weight],prefill,False
2477,post_attention_layernorm,,elementwise_mul,"[[B, T, d_model], [d_model]]",,,"[[B, T, d_model]]","[2475, 2476]",20,post_attention_layernorm,,1,model.layers.20.post_attention_layernorm,aten.mul.Tensor,[],prefill,False
2478,,,elementwise_add,"[[B, T, d_model], [B, T, d_model]]",,,"[[B, T, d_model]]","[2390, 2477]",20,,,0,model.layers.20,aten.add.Tensor,[],prefill,False
2479,pre_feedforward_layernorm,,pow,"[[B, T, d_model]]",,,"[[B, T, d_model]]",[2478],20,pre_feedforward_layernorm,,1,model.layers.20.pre_feedforward_layernorm,aten.pow.Tensor_Scalar,[],prefill,False
2480,pre_feedforward_layernorm,,mean,"[[B, T, d_model]]",,,"[[B, T, 1]]",[2479],20,pre_feedforward_layernorm,,1,model.layers.20.pre_feedforward_layernorm,aten.mean.dim,[],prefill,False
2481,pre_feedforward_layernorm,,elementwise_add,"[[B, T, 1]]",,,"[[B, T, 1]]",[2480],20,pre_feedforward_layernorm,,1,model.layers.20.pre_feedforward_layernorm,aten.add.Tensor,[],prefill,False
2482,pre_feedforward_layernorm,,rsqrt,"[[B, T, 1]]",,,"[[B, T, 1]]",[2481],20,pre_feedforward_layernorm,,1,model.layers.20.pre_feedforward_layernorm,aten.rsqrt.default,[],prefill,False
2483,pre_feedforward_layernorm,,elementwise_mul,"[[B, T, d_model], [B, T, 1]]",,,"[[B, T, d_model]]","[2478, 2482]",20,pre_feedforward_layernorm,,1,model.layers.20.pre_feedforward_layernorm,aten.mul.Tensor,[],prefill,False
2484,pre_feedforward_layernorm,,elementwise_add,[[d_model]],,,[[d_model]],[],20,pre_feedforward_layernorm,,1,model.layers.20.pre_feedforward_layernorm,aten.add.Tensor,[model.layers.20.pre_feedforward_layernorm.weight],prefill,False
2485,pre_feedforward_layernorm,,elementwise_mul,"[[B, T, d_model], [d_model]]",,,"[[B, T, d_model]]","[2483, 2484]",20,pre_feedforward_layernorm,,1,model.layers.20.pre_feedforward_layernorm,aten.mul.Tensor,[],prefill,False
2486,mlp,gate_proj,t,"[[d_ff, d_model]]","[d_ff, d_model]",0,"[[d_model, d_ff]]",[],20,mlp,gate_proj,2,model.layers.20.mlp.gate_proj,aten.t.default,[model.layers.20.mlp.gate_proj.weight],prefill,True
2487,mlp,gate_proj,view,"[[B, T, d_model]]",,,"[[T, d_model]]",[2485],20,mlp,gate_proj,2,model.layers.20.mlp.gate_proj,aten.view.default,[],prefill,True
2488,mlp,gate_proj,matmul,"[[T, d_model], [d_model, d_ff]]","[d_ff, d_model]",1,"[[T, d_ff]]","[2486, 2487]",20,mlp,gate_proj,2,model.layers.20.mlp.gate_proj,aten.mm.default,[model.layers.20.mlp.gate_proj.weight],prefill,False
2489,mlp,gate_proj,_unsafe_view,"[[T, d_ff]]",,,"[[B, T, d_ff]]",[2488],20,mlp,gate_proj,2,model.layers.20.mlp.gate_proj,aten._unsafe_view.default,[],prefill,True
2490,mlp,act_fn,gelu,"[[B, T, d_ff]]",,,"[[B, T, d_ff]]",[2489],20,mlp,act_fn,2,model.layers.20.mlp.act_fn,aten.gelu.default,[],prefill,False
2491,mlp,up_proj,t,"[[d_ff, d_model]]","[d_ff, d_model]",0,"[[d_model, d_ff]]",[],20,mlp,up_proj,2,model.layers.20.mlp.up_proj,aten.t.default,[model.layers.20.mlp.up_proj.weight],prefill,True
2492,mlp,up_proj,view,"[[B, T, d_model]]",,,"[[T, d_model]]",[2485],20,mlp,up_proj,2,model.layers.20.mlp.up_proj,aten.view.default,[],prefill,True
2493,mlp,up_proj,matmul,"[[T, d_model], [d_model, d_ff]]","[d_ff, d_model]",1,"[[T, d_ff]]","[2491, 2492]",20,mlp,up_proj,2,model.layers.20.mlp.up_proj,aten.mm.default,[model.layers.20.mlp.up_proj.weight],prefill,False
2494,mlp,up_proj,_unsafe_view,"[[T, d_ff]]",,,"[[B, T, d_ff]]",[2493],20,mlp,up_proj,2,model.layers.20.mlp.up_proj,aten._unsafe_view.default,[],prefill,True
2495,mlp,,elementwise_mul,"[[B, T, d_ff], [B, T, d_ff]]",,,"[[B, T, d_ff]]","[2490, 2494]",20,mlp,,1,model.layers.20.mlp,aten.mul.Tensor,[],prefill,False
2496,mlp,down_proj,t,"[[d_model, d_ff]]","[d_model, d_ff]",0,"[[d_ff, d_model]]",[],20,mlp,down_proj,2,model.layers.20.mlp.down_proj,aten.t.default,[model.layers.20.mlp.down_proj.weight],prefill,True
2497,mlp,down_proj,view,"[[B, T, d_ff]]",,,"[[T, d_ff]]",[2495],20,mlp,down_proj,2,model.layers.20.mlp.down_proj,aten.view.default,[],prefill,True
2498,mlp,down_proj,matmul,"[[T, d_ff], [d_ff, d_model]]","[d_model, d_ff]",1,"[[T, d_model]]","[2496, 2497]",20,mlp,down_proj,2,model.layers.20.mlp.down_proj,aten.mm.default,[model.layers.20.mlp.down_proj.weight],prefill,False
2499,mlp,down_proj,_unsafe_view,"[[T, d_model]]",,,"[[B, T, d_model]]",[2498],20,mlp,down_proj,2,model.layers.20.mlp.down_proj,aten._unsafe_view.default,[],prefill,True
2500,post_feedforward_layernorm,,pow,"[[B, T, d_model]]",,,"[[B, T, d_model]]",[2499],20,post_feedforward_layernorm,,1,model.layers.20.post_feedforward_layernorm,aten.pow.Tensor_Scalar,[],prefill,False
2501,post_feedforward_layernorm,,mean,"[[B, T, d_model]]",,,"[[B, T, 1]]",[2500],20,post_feedforward_layernorm,,1,model.layers.20.post_feedforward_layernorm,aten.mean.dim,[],prefill,False
2502,post_feedforward_layernorm,,elementwise_add,"[[B, T, 1]]",,,"[[B, T, 1]]",[2501],20,post_feedforward_layernorm,,1,model.layers.20.post_feedforward_layernorm,aten.add.Tensor,[],prefill,False
2503,post_feedforward_layernorm,,rsqrt,"[[B, T, 1]]",,,"[[B, T, 1]]",[2502],20,post_feedforward_layernorm,,1,model.layers.20.post_feedforward_layernorm,aten.rsqrt.default,[],prefill,False
2504,post_feedforward_layernorm,,elementwise_mul,"[[B, T, d_model], [B, T, 1]]",,,"[[B, T, d_model]]","[2499, 2503]",20,post_feedforward_layernorm,,1,model.layers.20.post_feedforward_layernorm,aten.mul.Tensor,[],prefill,False
2505,post_feedforward_layernorm,,elementwise_add,[[d_model]],,,[[d_model]],[],20,post_feedforward_layernorm,,1,model.layers.20.post_feedforward_layernorm,aten.add.Tensor,[model.layers.20.post_feedforward_layernorm.weight],prefill,False
2506,post_feedforward_layernorm,,elementwise_mul,"[[B, T, d_model], [d_model]]",,,"[[B, T, d_model]]","[2504, 2505]",20,post_feedforward_layernorm,,1,model.layers.20.post_feedforward_layernorm,aten.mul.Tensor,[],prefill,False
2507,,,elementwise_add,"[[B, T, d_model], [B, T, d_model]]",,,"[[B, T, d_model]]","[2478, 2506]",20,,,0,model.layers.20,aten.add.Tensor,[],prefill,False
2508,input_layernorm,,pow,"[[B, T, d_model]]",,,"[[B, T, d_model]]",[2507],21,input_layernorm,,1,model.layers.21.input_layernorm,aten.pow.Tensor_Scalar,[],prefill,False
2509,input_layernorm,,mean,"[[B, T, d_model]]",,,"[[B, T, 1]]",[2508],21,input_layernorm,,1,model.layers.21.input_layernorm,aten.mean.dim,[],prefill,False
2510,input_layernorm,,elementwise_add,"[[B, T, 1]]",,,"[[B, T, 1]]",[2509],21,input_layernorm,,1,model.layers.21.input_layernorm,aten.add.Tensor,[],prefill,False
2511,input_layernorm,,rsqrt,"[[B, T, 1]]",,,"[[B, T, 1]]",[2510],21,input_layernorm,,1,model.layers.21.input_layernorm,aten.rsqrt.default,[],prefill,False
2512,input_layernorm,,elementwise_mul,"[[B, T, d_model], [B, T, 1]]",,,"[[B, T, d_model]]","[2507, 2511]",21,input_layernorm,,1,model.layers.21.input_layernorm,aten.mul.Tensor,[],prefill,False
2513,input_layernorm,,elementwise_add,[[d_model]],,,[[d_model]],[],21,input_layernorm,,1,model.layers.21.input_layernorm,aten.add.Tensor,[model.layers.21.input_layernorm.weight],prefill,False
2514,input_layernorm,,elementwise_mul,"[[B, T, d_model], [d_model]]",,,"[[B, T, d_model]]","[2512, 2513]",21,input_layernorm,,1,model.layers.21.input_layernorm,aten.mul.Tensor,[],prefill,False
2515,self_attn,q_proj,t,"[[n_h*d_head, d_model]]","[n_h*d_head, d_model]",0,"[[d_model, n_h*d_head]]",[],21,self_attn,q_proj,2,model.layers.21.self_attn.q_proj,aten.t.default,[model.layers.21.self_attn.q_proj.weight],prefill,True
2516,self_attn,q_proj,view,"[[B, T, d_model]]",,,"[[T, d_model]]",[2514],21,self_attn,q_proj,2,model.layers.21.self_attn.q_proj,aten.view.default,[],prefill,True
2517,self_attn,q_proj,matmul,"[[T, d_model], [d_model, n_h*d_head]]","[n_h*d_head, d_model]",1,"[[T, n_h*d_head]]","[2515, 2516]",21,self_attn,q_proj,2,model.layers.21.self_attn.q_proj,aten.mm.default,[model.layers.21.self_attn.q_proj.weight],prefill,False
2518,self_attn,q_proj,_unsafe_view,"[[T, n_h*d_head]]",,,"[[B, T, n_h*d_head]]",[2517],21,self_attn,q_proj,2,model.layers.21.self_attn.q_proj,aten._unsafe_view.default,[],prefill,True
2519,self_attn,,view,"[[B, T, n_h*d_head]]",,,"[[B, T, n_h, d_head]]",[2518],21,self_attn,,1,model.layers.21.self_attn,aten.view.default,[],prefill,True
2520,self_attn,,transpose,"[[B, T, n_h, d_head]]",,,"[[B, n_h, T, d_head]]",[2519],21,self_attn,,1,model.layers.21.self_attn,aten.transpose.int,[],prefill,True
2521,self_attn,k_proj,t,"[[n_kv*d_head, d_model]]","[n_kv*d_head, d_model]",0,"[[d_model, n_kv*d_head]]",[],21,self_attn,k_proj,2,model.layers.21.self_attn.k_proj,aten.t.default,[model.layers.21.self_attn.k_proj.weight],prefill,True
2522,self_attn,k_proj,view,"[[B, T, d_model]]",,,"[[T, d_model]]",[2514],21,self_attn,k_proj,2,model.layers.21.self_attn.k_proj,aten.view.default,[],prefill,True
2523,self_attn,k_proj,matmul,"[[T, d_model], [d_model, n_kv*d_head]]","[n_kv*d_head, d_model]",1,"[[T, n_kv*d_head]]","[2521, 2522]",21,self_attn,k_proj,2,model.layers.21.self_attn.k_proj,aten.mm.default,[model.layers.21.self_attn.k_proj.weight],prefill,False
2524,self_attn,k_proj,_unsafe_view,"[[T, n_kv*d_head]]",,,"[[B, T, n_kv*d_head]]",[2523],21,self_attn,k_proj,2,model.layers.21.self_attn.k_proj,aten._unsafe_view.default,[],prefill,True
2525,self_attn,,view,"[[B, T, n_kv*d_head]]",,,"[[B, T, n_kv, d_head]]",[2524],21,self_attn,,1,model.layers.21.self_attn,aten.view.default,[],prefill,True
2526,self_attn,,transpose,"[[B, T, n_kv, d_head]]",,,"[[B, n_kv, T, d_head]]",[2525],21,self_attn,,1,model.layers.21.self_attn,aten.transpose.int,[],prefill,True
2527,self_attn,v_proj,t,"[[n_kv*d_head, d_model]]","[n_kv*d_head, d_model]",0,"[[d_model, n_kv*d_head]]",[],21,self_attn,v_proj,2,model.layers.21.self_attn.v_proj,aten.t.default,[model.layers.21.self_attn.v_proj.weight],prefill,True
2528,self_attn,v_proj,view,"[[B, T, d_model]]",,,"[[T, d_model]]",[2514],21,self_attn,v_proj,2,model.layers.21.self_attn.v_proj,aten.view.default,[],prefill,True
2529,self_attn,v_proj,matmul,"[[T, d_model], [d_model, n_kv*d_head]]","[n_kv*d_head, d_model]",1,"[[T, n_kv*d_head]]","[2527, 2528]",21,self_attn,v_proj,2,model.layers.21.self_attn.v_proj,aten.mm.default,[model.layers.21.self_attn.v_proj.weight],prefill,False
2530,self_attn,v_proj,_unsafe_view,"[[T, n_kv*d_head]]",,,"[[B, T, n_kv*d_head]]",[2529],21,self_attn,v_proj,2,model.layers.21.self_attn.v_proj,aten._unsafe_view.default,[],prefill,True
2531,self_attn,,view,"[[B, T, n_kv*d_head]]",,,"[[B, T, n_kv, d_head]]",[2530],21,self_attn,,1,model.layers.21.self_attn,aten.view.default,[],prefill,True
2532,self_attn,,transpose,"[[B, T, n_kv, d_head]]",,,"[[B, n_kv, T, d_head]]",[2531],21,self_attn,,1,model.layers.21.self_attn,aten.transpose.int,[],prefill,True
2533,self_attn,,unsqueeze,"[[B, T, d_head]]",,,"[[B, 1, T, d_head]]",[78],21,self_attn,,1,model.layers.21.self_attn,aten.unsqueeze.default,[],prefill,True
2534,self_attn,,unsqueeze,"[[B, T, d_head]]",,,"[[B, 1, T, d_head]]",[80],21,self_attn,,1,model.layers.21.self_attn,aten.unsqueeze.default,[],prefill,True
2535,self_attn,,elementwise_mul,"[[B, n_h, T, d_head], [B, 1, T, d_head]]",,,"[[B, n_h, T, d_head]]","[2520, 2533]",21,self_attn,,1,model.layers.21.self_attn,aten.mul.Tensor,[],prefill,False
2536,self_attn,,slice,"[[B, n_h, T, d_head]]",,,"[[B, n_h, T, d_head/2]]",[2520],21,self_attn,,1,model.layers.21.self_attn,aten.slice.Tensor,[],prefill,True
2537,self_attn,,slice,"[[B, n_h, T, d_head]]",,,"[[B, n_h, T, d_head/2]]",[2520],21,self_attn,,1,model.layers.21.self_attn,aten.slice.Tensor,[],prefill,True
2538,self_attn,,neg,"[[B, n_h, T, d_head/2]]",,,"[[B, n_h, T, d_head/2]]",[2537],21,self_attn,,1,model.layers.21.self_attn,aten.neg.default,[],prefill,False
2539,self_attn,,concat,"[[B, n_h, T, d_head/2], [B, n_h, T, d_head/2]]",,,"[[B, n_h, T, d_head]]","[2536, 2538]",21,self_attn,,1,model.layers.21.self_attn,aten.cat.default,[],prefill,False
2540,self_attn,,elementwise_mul,"[[B, n_h, T, d_head], [B, 1, T, d_head]]",,,"[[B, n_h, T, d_head]]","[2534, 2539]",21,self_attn,,1,model.layers.21.self_attn,aten.mul.Tensor,[],prefill,False
2541,self_attn,,elementwise_add,"[[B, n_h, T, d_head], [B, n_h, T, d_head]]",,,"[[B, n_h, T, d_head]]","[2535, 2540]",21,self_attn,,1,model.layers.21.self_attn,aten.add.Tensor,[],prefill,False
2542,self_attn,,elementwise_mul,"[[B, n_kv, T, d_head], [B, 1, T, d_head]]",,,"[[B, n_kv, T, d_head]]","[2526, 2533]",21,self_attn,,1,model.layers.21.self_attn,aten.mul.Tensor,[],prefill,False
2543,self_attn,,slice,"[[B, n_kv, T, d_head]]",,,"[[B, n_kv, T, d_head/2]]",[2526],21,self_attn,,1,model.layers.21.self_attn,aten.slice.Tensor,[],prefill,True
2544,self_attn,,slice,"[[B, n_kv, T, d_head]]",,,"[[B, n_kv, T, d_head/2]]",[2526],21,self_attn,,1,model.layers.21.self_attn,aten.slice.Tensor,[],prefill,True
2545,self_attn,,neg,"[[B, n_kv, T, d_head/2]]",,,"[[B, n_kv, T, d_head/2]]",[2544],21,self_attn,,1,model.layers.21.self_attn,aten.neg.default,[],prefill,False
2546,self_attn,,concat,"[[B, n_kv, T, d_head/2], [B, n_kv, T, d_head/2]]",,,"[[B, n_kv, T, d_head]]","[2543, 2545]",21,self_attn,,1,model.layers.21.self_attn,aten.cat.default,[],prefill,False
2547,self_attn,,elementwise_mul,"[[B, n_kv, T, d_head], [B, 1, T, d_head]]",,,"[[B, n_kv, T, d_head]]","[2534, 2546]",21,self_attn,,1,model.layers.21.self_attn,aten.mul.Tensor,[],prefill,False
2548,self_attn,,elementwise_add,"[[B, n_kv, T, d_head], [B, n_kv, T, d_head]]",,,"[[B, n_kv, T, d_head]]","[2542, 2547]",21,self_attn,,1,model.layers.21.self_attn,aten.add.Tensor,[],prefill,False
2549,self_attn,,concat,"[[0], [B, n_kv, T, d_head]]",,,"[[B, n_kv, T, d_head]]",[2548],21,self_attn,,1,model.layers.21.self_attn,aten.cat.default,[],prefill,False
2550,self_attn,,concat,"[[0], [B, n_kv, T, d_head]]",,,"[[B, n_kv, T, d_head]]",[2532],21,self_attn,,1,model.layers.21.self_attn,aten.cat.default,[],prefill,False
2551,self_attn,,unsqueeze,"[[B, n_kv, T, d_head]]",,,"[[B, n_kv, 1, T, d_head]]",[2549],21,self_attn,,1,model.layers.21.self_attn,aten.unsqueeze.default,[],prefill,True
2552,self_attn,,expand,"[[B, n_kv, 1, T, d_head]]",,,"[[B, n_kv, n_h/n_kv, T, d_head]]",[2551],21,self_attn,,1,model.layers.21.self_attn,aten.expand.default,[],prefill,True
2553,self_attn,,clone,"[[B, n_kv, n_h/n_kv, T, d_head]]",,,"[[B, n_kv, n_h/n_kv, T, d_head]]",[2552],21,self_attn,,1,model.layers.21.self_attn,aten.clone.default,[],prefill,True
2554,self_attn,,_unsafe_view,"[[B, n_kv, n_h/n_kv, T, d_head]]",,,"[[B, n_h, T, d_head]]",[2553],21,self_attn,,1,model.layers.21.self_attn,aten._unsafe_view.default,[],prefill,True
2555,self_attn,,unsqueeze,"[[B, n_kv, T, d_head]]",,,"[[B, n_kv, 1, T, d_head]]",[2550],21,self_attn,,1,model.layers.21.self_attn,aten.unsqueeze.default,[],prefill,True
2556,self_attn,,expand,"[[B, n_kv, 1, T, d_head]]",,,"[[B, n_kv, n_h/n_kv, T, d_head]]",[2555],21,self_attn,,1,model.layers.21.self_attn,aten.expand.default,[],prefill,True
2557,self_attn,,clone,"[[B, n_kv, n_h/n_kv, T, d_head]]",,,"[[B, n_kv, n_h/n_kv, T, d_head]]",[2556],21,self_attn,,1,model.layers.21.self_attn,aten.clone.default,[],prefill,True
2558,self_attn,,_unsafe_view,"[[B, n_kv, n_h/n_kv, T, d_head]]",,,"[[B, n_h, T, d_head]]",[2557],21,self_attn,,1,model.layers.21.self_attn,aten._unsafe_view.default,[],prefill,True
2559,self_attn,,transpose,"[[B, n_h, T, d_head]]",,,"[[B, n_h, d_head, T]]",[2554],21,self_attn,,1,model.layers.21.self_attn,aten.transpose.int,[],prefill,True
2560,self_attn,,expand,"[[B, n_h, T, d_head]]",,,"[[B, n_h, T, d_head]]",[2541],21,self_attn,,1,model.layers.21.self_attn,aten.expand.default,[],prefill,True
2561,self_attn,,view,"[[B, n_h, T, d_head]]",,,"[[n_h, T, d_head]]",[2560],21,self_attn,,1,model.layers.21.self_attn,aten.view.default,[],prefill,True
2562,self_attn,,expand,"[[B, n_h, d_head, T]]",,,"[[B, n_h, d_head, T]]",[2559],21,self_attn,,1,model.layers.21.self_attn,aten.expand.default,[],prefill,True
2563,self_attn,,view,"[[B, n_h, d_head, T]]",,,"[[n_h, d_head, T]]",[2562],21,self_attn,,1,model.layers.21.self_attn,aten.view.default,[],prefill,True
2564,self_attn,,batched_matmul,"[[n_h, T, d_head], [n_h, d_head, T]]",,,"[[n_h, T, T]]","[2561, 2563]",21,self_attn,,1,model.layers.21.self_attn,aten.bmm.default,[],prefill,False
2565,self_attn,,_unsafe_view,"[[n_h, T, T]]",,,"[[B, n_h, T, T]]",[2564],21,self_attn,,1,model.layers.21.self_attn,aten._unsafe_view.default,[],prefill,True
2566,self_attn,,elementwise_mul,"[[B, n_h, T, T]]",,,"[[B, n_h, T, T]]",[2565],21,self_attn,,1,model.layers.21.self_attn,aten.mul.Tensor,[],prefill,False
2567,self_attn,,div,"[[B, n_h, T, T]]",,,"[[B, n_h, T, T]]",[2566],21,self_attn,,1,model.layers.21.self_attn,aten.div.Tensor,[],prefill,True
2568,self_attn,,tanh,"[[B, n_h, T, T]]",,,"[[B, n_h, T, T]]",[2567],21,self_attn,,1,model.layers.21.self_attn,aten.tanh.default,[],prefill,False
2569,self_attn,,elementwise_mul,"[[B, n_h, T, T]]",,,"[[B, n_h, T, T]]",[2568],21,self_attn,,1,model.layers.21.self_attn,aten.mul.Tensor,[],prefill,False
2570,self_attn,,elementwise_add,"[[B, n_h, T, T], [B, 1, T, T]]",,,"[[B, n_h, T, T]]","[36, 2569]",21,self_attn,,1,model.layers.21.self_attn,aten.add.Tensor,[],prefill,False
2571,self_attn,,softmax,"[[B, n_h, T, T]]",,,"[[B, n_h, T, T]]",[2570],21,self_attn,,1,model.layers.21.self_attn,aten._softmax.default,[],prefill,False
2572,self_attn,,expand,"[[B, n_h, T, T]]",,,"[[B, n_h, T, T]]",[2571],21,self_attn,,1,model.layers.21.self_attn,aten.expand.default,[],prefill,True
2573,self_attn,,view,"[[B, n_h, T, T]]",,,"[[n_h, T, T]]",[2572],21,self_attn,,1,model.layers.21.self_attn,aten.view.default,[],prefill,True
2574,self_attn,,expand,"[[B, n_h, T, d_head]]",,,"[[B, n_h, T, d_head]]",[2558],21,self_attn,,1,model.layers.21.self_attn,aten.expand.default,[],prefill,True
2575,self_attn,,view,"[[B, n_h, T, d_head]]",,,"[[n_h, T, d_head]]",[2574],21,self_attn,,1,model.layers.21.self_attn,aten.view.default,[],prefill,True
2576,self_attn,,batched_matmul,"[[n_h, T, T], [n_h, T, d_head]]",,,"[[n_h, T, d_head]]","[2573, 2575]",21,self_attn,,1,model.layers.21.self_attn,aten.bmm.default,[],prefill,False
2577,self_attn,,_unsafe_view,"[[n_h, T, d_head]]",,,"[[B, n_h, T, d_head]]",[2576],21,self_attn,,1,model.layers.21.self_attn,aten._unsafe_view.default,[],prefill,True
2578,self_attn,,transpose,"[[B, n_h, T, d_head]]",,,"[[B, T, n_h, d_head]]",[2577],21,self_attn,,1,model.layers.21.self_attn,aten.transpose.int,[],prefill,True
2579,self_attn,,clone,"[[B, T, n_h, d_head]]",,,"[[B, T, n_h, d_head]]",[2578],21,self_attn,,1,model.layers.21.self_attn,aten.clone.default,[],prefill,True
2580,self_attn,,view,"[[B, T, n_h, d_head]]",,,"[[B, T, n_h*d_head]]",[2579],21,self_attn,,1,model.layers.21.self_attn,aten.view.default,[],prefill,True
2581,self_attn,o_proj,t,"[[d_model, n_h*d_head]]","[d_model, n_h*d_head]",0,"[[n_h*d_head, d_model]]",[],21,self_attn,o_proj,2,model.layers.21.self_attn.o_proj,aten.t.default,[model.layers.21.self_attn.o_proj.weight],prefill,True
2582,self_attn,o_proj,view,"[[B, T, n_h*d_head]]",,,"[[T, n_h*d_head]]",[2580],21,self_attn,o_proj,2,model.layers.21.self_attn.o_proj,aten.view.default,[],prefill,True
2583,self_attn,o_proj,matmul,"[[T, n_h*d_head], [n_h*d_head, d_model]]","[d_model, n_h*d_head]",1,"[[T, d_model]]","[2581, 2582]",21,self_attn,o_proj,2,model.layers.21.self_attn.o_proj,aten.mm.default,[model.layers.21.self_attn.o_proj.weight],prefill,False
2584,self_attn,o_proj,_unsafe_view,"[[T, d_model]]",,,"[[B, T, d_model]]",[2583],21,self_attn,o_proj,2,model.layers.21.self_attn.o_proj,aten._unsafe_view.default,[],prefill,True
2585,post_attention_layernorm,,pow,"[[B, T, d_model]]",,,"[[B, T, d_model]]",[2584],21,post_attention_layernorm,,1,model.layers.21.post_attention_layernorm,aten.pow.Tensor_Scalar,[],prefill,False
2586,post_attention_layernorm,,mean,"[[B, T, d_model]]",,,"[[B, T, 1]]",[2585],21,post_attention_layernorm,,1,model.layers.21.post_attention_layernorm,aten.mean.dim,[],prefill,False
2587,post_attention_layernorm,,elementwise_add,"[[B, T, 1]]",,,"[[B, T, 1]]",[2586],21,post_attention_layernorm,,1,model.layers.21.post_attention_layernorm,aten.add.Tensor,[],prefill,False
2588,post_attention_layernorm,,rsqrt,"[[B, T, 1]]",,,"[[B, T, 1]]",[2587],21,post_attention_layernorm,,1,model.layers.21.post_attention_layernorm,aten.rsqrt.default,[],prefill,False
2589,post_attention_layernorm,,elementwise_mul,"[[B, T, d_model], [B, T, 1]]",,,"[[B, T, d_model]]","[2584, 2588]",21,post_attention_layernorm,,1,model.layers.21.post_attention_layernorm,aten.mul.Tensor,[],prefill,False
2590,post_attention_layernorm,,elementwise_add,[[d_model]],,,[[d_model]],[],21,post_attention_layernorm,,1,model.layers.21.post_attention_layernorm,aten.add.Tensor,[model.layers.21.post_attention_layernorm.weight],prefill,False
2591,post_attention_layernorm,,elementwise_mul,"[[B, T, d_model], [d_model]]",,,"[[B, T, d_model]]","[2589, 2590]",21,post_attention_layernorm,,1,model.layers.21.post_attention_layernorm,aten.mul.Tensor,[],prefill,False
2592,,,elementwise_add,"[[B, T, d_model], [B, T, d_model]]",,,"[[B, T, d_model]]","[2507, 2591]",21,,,0,model.layers.21,aten.add.Tensor,[],prefill,False
2593,pre_feedforward_layernorm,,pow,"[[B, T, d_model]]",,,"[[B, T, d_model]]",[2592],21,pre_feedforward_layernorm,,1,model.layers.21.pre_feedforward_layernorm,aten.pow.Tensor_Scalar,[],prefill,False
2594,pre_feedforward_layernorm,,mean,"[[B, T, d_model]]",,,"[[B, T, 1]]",[2593],21,pre_feedforward_layernorm,,1,model.layers.21.pre_feedforward_layernorm,aten.mean.dim,[],prefill,False
2595,pre_feedforward_layernorm,,elementwise_add,"[[B, T, 1]]",,,"[[B, T, 1]]",[2594],21,pre_feedforward_layernorm,,1,model.layers.21.pre_feedforward_layernorm,aten.add.Tensor,[],prefill,False
2596,pre_feedforward_layernorm,,rsqrt,"[[B, T, 1]]",,,"[[B, T, 1]]",[2595],21,pre_feedforward_layernorm,,1,model.layers.21.pre_feedforward_layernorm,aten.rsqrt.default,[],prefill,False
2597,pre_feedforward_layernorm,,elementwise_mul,"[[B, T, d_model], [B, T, 1]]",,,"[[B, T, d_model]]","[2592, 2596]",21,pre_feedforward_layernorm,,1,model.layers.21.pre_feedforward_layernorm,aten.mul.Tensor,[],prefill,False
2598,pre_feedforward_layernorm,,elementwise_add,[[d_model]],,,[[d_model]],[],21,pre_feedforward_layernorm,,1,model.layers.21.pre_feedforward_layernorm,aten.add.Tensor,[model.layers.21.pre_feedforward_layernorm.weight],prefill,False
2599,pre_feedforward_layernorm,,elementwise_mul,"[[B, T, d_model], [d_model]]",,,"[[B, T, d_model]]","[2597, 2598]",21,pre_feedforward_layernorm,,1,model.layers.21.pre_feedforward_layernorm,aten.mul.Tensor,[],prefill,False
2600,mlp,gate_proj,t,"[[d_ff, d_model]]","[d_ff, d_model]",0,"[[d_model, d_ff]]",[],21,mlp,gate_proj,2,model.layers.21.mlp.gate_proj,aten.t.default,[model.layers.21.mlp.gate_proj.weight],prefill,True
2601,mlp,gate_proj,view,"[[B, T, d_model]]",,,"[[T, d_model]]",[2599],21,mlp,gate_proj,2,model.layers.21.mlp.gate_proj,aten.view.default,[],prefill,True
2602,mlp,gate_proj,matmul,"[[T, d_model], [d_model, d_ff]]","[d_ff, d_model]",1,"[[T, d_ff]]","[2600, 2601]",21,mlp,gate_proj,2,model.layers.21.mlp.gate_proj,aten.mm.default,[model.layers.21.mlp.gate_proj.weight],prefill,False
2603,mlp,gate_proj,_unsafe_view,"[[T, d_ff]]",,,"[[B, T, d_ff]]",[2602],21,mlp,gate_proj,2,model.layers.21.mlp.gate_proj,aten._unsafe_view.default,[],prefill,True
2604,mlp,act_fn,gelu,"[[B, T, d_ff]]",,,"[[B, T, d_ff]]",[2603],21,mlp,act_fn,2,model.layers.21.mlp.act_fn,aten.gelu.default,[],prefill,False
2605,mlp,up_proj,t,"[[d_ff, d_model]]","[d_ff, d_model]",0,"[[d_model, d_ff]]",[],21,mlp,up_proj,2,model.layers.21.mlp.up_proj,aten.t.default,[model.layers.21.mlp.up_proj.weight],prefill,True
2606,mlp,up_proj,view,"[[B, T, d_model]]",,,"[[T, d_model]]",[2599],21,mlp,up_proj,2,model.layers.21.mlp.up_proj,aten.view.default,[],prefill,True
2607,mlp,up_proj,matmul,"[[T, d_model], [d_model, d_ff]]","[d_ff, d_model]",1,"[[T, d_ff]]","[2605, 2606]",21,mlp,up_proj,2,model.layers.21.mlp.up_proj,aten.mm.default,[model.layers.21.mlp.up_proj.weight],prefill,False
2608,mlp,up_proj,_unsafe_view,"[[T, d_ff]]",,,"[[B, T, d_ff]]",[2607],21,mlp,up_proj,2,model.layers.21.mlp.up_proj,aten._unsafe_view.default,[],prefill,True
2609,mlp,,elementwise_mul,"[[B, T, d_ff], [B, T, d_ff]]",,,"[[B, T, d_ff]]","[2604, 2608]",21,mlp,,1,model.layers.21.mlp,aten.mul.Tensor,[],prefill,False
2610,mlp,down_proj,t,"[[d_model, d_ff]]","[d_model, d_ff]",0,"[[d_ff, d_model]]",[],21,mlp,down_proj,2,model.layers.21.mlp.down_proj,aten.t.default,[model.layers.21.mlp.down_proj.weight],prefill,True
2611,mlp,down_proj,view,"[[B, T, d_ff]]",,,"[[T, d_ff]]",[2609],21,mlp,down_proj,2,model.layers.21.mlp.down_proj,aten.view.default,[],prefill,True
2612,mlp,down_proj,matmul,"[[T, d_ff], [d_ff, d_model]]","[d_model, d_ff]",1,"[[T, d_model]]","[2610, 2611]",21,mlp,down_proj,2,model.layers.21.mlp.down_proj,aten.mm.default,[model.layers.21.mlp.down_proj.weight],prefill,False
2613,mlp,down_proj,_unsafe_view,"[[T, d_model]]",,,"[[B, T, d_model]]",[2612],21,mlp,down_proj,2,model.layers.21.mlp.down_proj,aten._unsafe_view.default,[],prefill,True
2614,post_feedforward_layernorm,,pow,"[[B, T, d_model]]",,,"[[B, T, d_model]]",[2613],21,post_feedforward_layernorm,,1,model.layers.21.post_feedforward_layernorm,aten.pow.Tensor_Scalar,[],prefill,False
2615,post_feedforward_layernorm,,mean,"[[B, T, d_model]]",,,"[[B, T, 1]]",[2614],21,post_feedforward_layernorm,,1,model.layers.21.post_feedforward_layernorm,aten.mean.dim,[],prefill,False
2616,post_feedforward_layernorm,,elementwise_add,"[[B, T, 1]]",,,"[[B, T, 1]]",[2615],21,post_feedforward_layernorm,,1,model.layers.21.post_feedforward_layernorm,aten.add.Tensor,[],prefill,False
2617,post_feedforward_layernorm,,rsqrt,"[[B, T, 1]]",,,"[[B, T, 1]]",[2616],21,post_feedforward_layernorm,,1,model.layers.21.post_feedforward_layernorm,aten.rsqrt.default,[],prefill,False
2618,post_feedforward_layernorm,,elementwise_mul,"[[B, T, d_model], [B, T, 1]]",,,"[[B, T, d_model]]","[2613, 2617]",21,post_feedforward_layernorm,,1,model.layers.21.post_feedforward_layernorm,aten.mul.Tensor,[],prefill,False
2619,post_feedforward_layernorm,,elementwise_add,[[d_model]],,,[[d_model]],[],21,post_feedforward_layernorm,,1,model.layers.21.post_feedforward_layernorm,aten.add.Tensor,[model.layers.21.post_feedforward_layernorm.weight],prefill,False
2620,post_feedforward_layernorm,,elementwise_mul,"[[B, T, d_model], [d_model]]",,,"[[B, T, d_model]]","[2618, 2619]",21,post_feedforward_layernorm,,1,model.layers.21.post_feedforward_layernorm,aten.mul.Tensor,[],prefill,False
2621,,,elementwise_add,"[[B, T, d_model], [B, T, d_model]]",,,"[[B, T, d_model]]","[2592, 2620]",21,,,0,model.layers.21,aten.add.Tensor,[],prefill,False
2622,input_layernorm,,pow,"[[B, T, d_model]]",,,"[[B, T, d_model]]",[2621],22,input_layernorm,,1,model.layers.22.input_layernorm,aten.pow.Tensor_Scalar,[],prefill,False
2623,input_layernorm,,mean,"[[B, T, d_model]]",,,"[[B, T, 1]]",[2622],22,input_layernorm,,1,model.layers.22.input_layernorm,aten.mean.dim,[],prefill,False
2624,input_layernorm,,elementwise_add,"[[B, T, 1]]",,,"[[B, T, 1]]",[2623],22,input_layernorm,,1,model.layers.22.input_layernorm,aten.add.Tensor,[],prefill,False
2625,input_layernorm,,rsqrt,"[[B, T, 1]]",,,"[[B, T, 1]]",[2624],22,input_layernorm,,1,model.layers.22.input_layernorm,aten.rsqrt.default,[],prefill,False
2626,input_layernorm,,elementwise_mul,"[[B, T, d_model], [B, T, 1]]",,,"[[B, T, d_model]]","[2621, 2625]",22,input_layernorm,,1,model.layers.22.input_layernorm,aten.mul.Tensor,[],prefill,False
2627,input_layernorm,,elementwise_add,[[d_model]],,,[[d_model]],[],22,input_layernorm,,1,model.layers.22.input_layernorm,aten.add.Tensor,[model.layers.22.input_layernorm.weight],prefill,False
2628,input_layernorm,,elementwise_mul,"[[B, T, d_model], [d_model]]",,,"[[B, T, d_model]]","[2626, 2627]",22,input_layernorm,,1,model.layers.22.input_layernorm,aten.mul.Tensor,[],prefill,False
2629,self_attn,q_proj,t,"[[n_h*d_head, d_model]]","[n_h*d_head, d_model]",0,"[[d_model, n_h*d_head]]",[],22,self_attn,q_proj,2,model.layers.22.self_attn.q_proj,aten.t.default,[model.layers.22.self_attn.q_proj.weight],prefill,True
2630,self_attn,q_proj,view,"[[B, T, d_model]]",,,"[[T, d_model]]",[2628],22,self_attn,q_proj,2,model.layers.22.self_attn.q_proj,aten.view.default,[],prefill,True
2631,self_attn,q_proj,matmul,"[[T, d_model], [d_model, n_h*d_head]]","[n_h*d_head, d_model]",1,"[[T, n_h*d_head]]","[2629, 2630]",22,self_attn,q_proj,2,model.layers.22.self_attn.q_proj,aten.mm.default,[model.layers.22.self_attn.q_proj.weight],prefill,False
2632,self_attn,q_proj,_unsafe_view,"[[T, n_h*d_head]]",,,"[[B, T, n_h*d_head]]",[2631],22,self_attn,q_proj,2,model.layers.22.self_attn.q_proj,aten._unsafe_view.default,[],prefill,True
2633,self_attn,,view,"[[B, T, n_h*d_head]]",,,"[[B, T, n_h, d_head]]",[2632],22,self_attn,,1,model.layers.22.self_attn,aten.view.default,[],prefill,True
2634,self_attn,,transpose,"[[B, T, n_h, d_head]]",,,"[[B, n_h, T, d_head]]",[2633],22,self_attn,,1,model.layers.22.self_attn,aten.transpose.int,[],prefill,True
2635,self_attn,k_proj,t,"[[n_kv*d_head, d_model]]","[n_kv*d_head, d_model]",0,"[[d_model, n_kv*d_head]]",[],22,self_attn,k_proj,2,model.layers.22.self_attn.k_proj,aten.t.default,[model.layers.22.self_attn.k_proj.weight],prefill,True
2636,self_attn,k_proj,view,"[[B, T, d_model]]",,,"[[T, d_model]]",[2628],22,self_attn,k_proj,2,model.layers.22.self_attn.k_proj,aten.view.default,[],prefill,True
2637,self_attn,k_proj,matmul,"[[T, d_model], [d_model, n_kv*d_head]]","[n_kv*d_head, d_model]",1,"[[T, n_kv*d_head]]","[2635, 2636]",22,self_attn,k_proj,2,model.layers.22.self_attn.k_proj,aten.mm.default,[model.layers.22.self_attn.k_proj.weight],prefill,False
2638,self_attn,k_proj,_unsafe_view,"[[T, n_kv*d_head]]",,,"[[B, T, n_kv*d_head]]",[2637],22,self_attn,k_proj,2,model.layers.22.self_attn.k_proj,aten._unsafe_view.default,[],prefill,True
2639,self_attn,,view,"[[B, T, n_kv*d_head]]",,,"[[B, T, n_kv, d_head]]",[2638],22,self_attn,,1,model.layers.22.self_attn,aten.view.default,[],prefill,True
2640,self_attn,,transpose,"[[B, T, n_kv, d_head]]",,,"[[B, n_kv, T, d_head]]",[2639],22,self_attn,,1,model.layers.22.self_attn,aten.transpose.int,[],prefill,True
2641,self_attn,v_proj,t,"[[n_kv*d_head, d_model]]","[n_kv*d_head, d_model]",0,"[[d_model, n_kv*d_head]]",[],22,self_attn,v_proj,2,model.layers.22.self_attn.v_proj,aten.t.default,[model.layers.22.self_attn.v_proj.weight],prefill,True
2642,self_attn,v_proj,view,"[[B, T, d_model]]",,,"[[T, d_model]]",[2628],22,self_attn,v_proj,2,model.layers.22.self_attn.v_proj,aten.view.default,[],prefill,True
2643,self_attn,v_proj,matmul,"[[T, d_model], [d_model, n_kv*d_head]]","[n_kv*d_head, d_model]",1,"[[T, n_kv*d_head]]","[2641, 2642]",22,self_attn,v_proj,2,model.layers.22.self_attn.v_proj,aten.mm.default,[model.layers.22.self_attn.v_proj.weight],prefill,False
2644,self_attn,v_proj,_unsafe_view,"[[T, n_kv*d_head]]",,,"[[B, T, n_kv*d_head]]",[2643],22,self_attn,v_proj,2,model.layers.22.self_attn.v_proj,aten._unsafe_view.default,[],prefill,True
2645,self_attn,,view,"[[B, T, n_kv*d_head]]",,,"[[B, T, n_kv, d_head]]",[2644],22,self_attn,,1,model.layers.22.self_attn,aten.view.default,[],prefill,True
2646,self_attn,,transpose,"[[B, T, n_kv, d_head]]",,,"[[B, n_kv, T, d_head]]",[2645],22,self_attn,,1,model.layers.22.self_attn,aten.transpose.int,[],prefill,True
2647,self_attn,,unsqueeze,"[[B, T, d_head]]",,,"[[B, 1, T, d_head]]",[78],22,self_attn,,1,model.layers.22.self_attn,aten.unsqueeze.default,[],prefill,True
2648,self_attn,,unsqueeze,"[[B, T, d_head]]",,,"[[B, 1, T, d_head]]",[80],22,self_attn,,1,model.layers.22.self_attn,aten.unsqueeze.default,[],prefill,True
2649,self_attn,,elementwise_mul,"[[B, n_h, T, d_head], [B, 1, T, d_head]]",,,"[[B, n_h, T, d_head]]","[2634, 2647]",22,self_attn,,1,model.layers.22.self_attn,aten.mul.Tensor,[],prefill,False
2650,self_attn,,slice,"[[B, n_h, T, d_head]]",,,"[[B, n_h, T, d_head/2]]",[2634],22,self_attn,,1,model.layers.22.self_attn,aten.slice.Tensor,[],prefill,True
2651,self_attn,,slice,"[[B, n_h, T, d_head]]",,,"[[B, n_h, T, d_head/2]]",[2634],22,self_attn,,1,model.layers.22.self_attn,aten.slice.Tensor,[],prefill,True
2652,self_attn,,neg,"[[B, n_h, T, d_head/2]]",,,"[[B, n_h, T, d_head/2]]",[2651],22,self_attn,,1,model.layers.22.self_attn,aten.neg.default,[],prefill,False
2653,self_attn,,concat,"[[B, n_h, T, d_head/2], [B, n_h, T, d_head/2]]",,,"[[B, n_h, T, d_head]]","[2650, 2652]",22,self_attn,,1,model.layers.22.self_attn,aten.cat.default,[],prefill,False
2654,self_attn,,elementwise_mul,"[[B, n_h, T, d_head], [B, 1, T, d_head]]",,,"[[B, n_h, T, d_head]]","[2648, 2653]",22,self_attn,,1,model.layers.22.self_attn,aten.mul.Tensor,[],prefill,False
2655,self_attn,,elementwise_add,"[[B, n_h, T, d_head], [B, n_h, T, d_head]]",,,"[[B, n_h, T, d_head]]","[2649, 2654]",22,self_attn,,1,model.layers.22.self_attn,aten.add.Tensor,[],prefill,False
2656,self_attn,,elementwise_mul,"[[B, n_kv, T, d_head], [B, 1, T, d_head]]",,,"[[B, n_kv, T, d_head]]","[2640, 2647]",22,self_attn,,1,model.layers.22.self_attn,aten.mul.Tensor,[],prefill,False
2657,self_attn,,slice,"[[B, n_kv, T, d_head]]",,,"[[B, n_kv, T, d_head/2]]",[2640],22,self_attn,,1,model.layers.22.self_attn,aten.slice.Tensor,[],prefill,True
2658,self_attn,,slice,"[[B, n_kv, T, d_head]]",,,"[[B, n_kv, T, d_head/2]]",[2640],22,self_attn,,1,model.layers.22.self_attn,aten.slice.Tensor,[],prefill,True
2659,self_attn,,neg,"[[B, n_kv, T, d_head/2]]",,,"[[B, n_kv, T, d_head/2]]",[2658],22,self_attn,,1,model.layers.22.self_attn,aten.neg.default,[],prefill,False
2660,self_attn,,concat,"[[B, n_kv, T, d_head/2], [B, n_kv, T, d_head/2]]",,,"[[B, n_kv, T, d_head]]","[2657, 2659]",22,self_attn,,1,model.layers.22.self_attn,aten.cat.default,[],prefill,False
2661,self_attn,,elementwise_mul,"[[B, n_kv, T, d_head], [B, 1, T, d_head]]",,,"[[B, n_kv, T, d_head]]","[2648, 2660]",22,self_attn,,1,model.layers.22.self_attn,aten.mul.Tensor,[],prefill,False
2662,self_attn,,elementwise_add,"[[B, n_kv, T, d_head], [B, n_kv, T, d_head]]",,,"[[B, n_kv, T, d_head]]","[2656, 2661]",22,self_attn,,1,model.layers.22.self_attn,aten.add.Tensor,[],prefill,False
2663,self_attn,,_to_copy,[[]],,,[[]],[13],22,self_attn,,1,model.layers.22.self_attn,aten._to_copy.default,[],prefill,True
2664,self_attn,,concat,"[[0], [B, n_kv, T, d_head]]",,,"[[B, n_kv, T, d_head]]",[2662],22,self_attn,,1,model.layers.22.self_attn,aten.cat.default,[],prefill,False
2665,self_attn,,concat,"[[0], [B, n_kv, T, d_head]]",,,"[[B, n_kv, T, d_head]]",[2646],22,self_attn,,1,model.layers.22.self_attn,aten.cat.default,[],prefill,False
2666,self_attn,,slice,"[[B, n_kv, T, d_head]]",,,"[[B, n_kv, T, d_head]]",[2664],22,self_attn,,1,model.layers.22.self_attn,aten.slice.Tensor,[],prefill,True
2667,self_attn,,slice,"[[B, n_kv, T, d_head]]",,,"[[B, n_kv, T, d_head]]",[2665],22,self_attn,,1,model.layers.22.self_attn,aten.slice.Tensor,[],prefill,True
2668,self_attn,,unsqueeze,"[[B, n_kv, T, d_head]]",,,"[[B, n_kv, 1, T, d_head]]",[2664],22,self_attn,,1,model.layers.22.self_attn,aten.unsqueeze.default,[],prefill,True
2669,self_attn,,expand,"[[B, n_kv, 1, T, d_head]]",,,"[[B, n_kv, n_h/n_kv, T, d_head]]",[2668],22,self_attn,,1,model.layers.22.self_attn,aten.expand.default,[],prefill,True
2670,self_attn,,clone,"[[B, n_kv, n_h/n_kv, T, d_head]]",,,"[[B, n_kv, n_h/n_kv, T, d_head]]",[2669],22,self_attn,,1,model.layers.22.self_attn,aten.clone.default,[],prefill,True
2671,self_attn,,_unsafe_view,"[[B, n_kv, n_h/n_kv, T, d_head]]",,,"[[B, n_h, T, d_head]]",[2670],22,self_attn,,1,model.layers.22.self_attn,aten._unsafe_view.default,[],prefill,True
2672,self_attn,,unsqueeze,"[[B, n_kv, T, d_head]]",,,"[[B, n_kv, 1, T, d_head]]",[2665],22,self_attn,,1,model.layers.22.self_attn,aten.unsqueeze.default,[],prefill,True
2673,self_attn,,expand,"[[B, n_kv, 1, T, d_head]]",,,"[[B, n_kv, n_h/n_kv, T, d_head]]",[2672],22,self_attn,,1,model.layers.22.self_attn,aten.expand.default,[],prefill,True
2674,self_attn,,clone,"[[B, n_kv, n_h/n_kv, T, d_head]]",,,"[[B, n_kv, n_h/n_kv, T, d_head]]",[2673],22,self_attn,,1,model.layers.22.self_attn,aten.clone.default,[],prefill,True
2675,self_attn,,_unsafe_view,"[[B, n_kv, n_h/n_kv, T, d_head]]",,,"[[B, n_h, T, d_head]]",[2674],22,self_attn,,1,model.layers.22.self_attn,aten._unsafe_view.default,[],prefill,True
2676,self_attn,,transpose,"[[B, n_h, T, d_head]]",,,"[[B, n_h, d_head, T]]",[2671],22,self_attn,,1,model.layers.22.self_attn,aten.transpose.int,[],prefill,True
2677,self_attn,,expand,"[[B, n_h, T, d_head]]",,,"[[B, n_h, T, d_head]]",[2655],22,self_attn,,1,model.layers.22.self_attn,aten.expand.default,[],prefill,True
2678,self_attn,,view,"[[B, n_h, T, d_head]]",,,"[[n_h, T, d_head]]",[2677],22,self_attn,,1,model.layers.22.self_attn,aten.view.default,[],prefill,True
2679,self_attn,,expand,"[[B, n_h, d_head, T]]",,,"[[B, n_h, d_head, T]]",[2676],22,self_attn,,1,model.layers.22.self_attn,aten.expand.default,[],prefill,True
2680,self_attn,,view,"[[B, n_h, d_head, T]]",,,"[[n_h, d_head, T]]",[2679],22,self_attn,,1,model.layers.22.self_attn,aten.view.default,[],prefill,True
2681,self_attn,,batched_matmul,"[[n_h, T, d_head], [n_h, d_head, T]]",,,"[[n_h, T, T]]","[2678, 2680]",22,self_attn,,1,model.layers.22.self_attn,aten.bmm.default,[],prefill,False
2682,self_attn,,_unsafe_view,"[[n_h, T, T]]",,,"[[B, n_h, T, T]]",[2681],22,self_attn,,1,model.layers.22.self_attn,aten._unsafe_view.default,[],prefill,True
2683,self_attn,,elementwise_mul,"[[B, n_h, T, T]]",,,"[[B, n_h, T, T]]",[2682],22,self_attn,,1,model.layers.22.self_attn,aten.mul.Tensor,[],prefill,False
2684,self_attn,,div,"[[B, n_h, T, T]]",,,"[[B, n_h, T, T]]",[2683],22,self_attn,,1,model.layers.22.self_attn,aten.div.Tensor,[],prefill,True
2685,self_attn,,tanh,"[[B, n_h, T, T]]",,,"[[B, n_h, T, T]]",[2684],22,self_attn,,1,model.layers.22.self_attn,aten.tanh.default,[],prefill,False
2686,self_attn,,elementwise_mul,"[[B, n_h, T, T]]",,,"[[B, n_h, T, T]]",[2685],22,self_attn,,1,model.layers.22.self_attn,aten.mul.Tensor,[],prefill,False
2687,self_attn,,elementwise_add,"[[B, n_h, T, T], [B, 1, T, T]]",,,"[[B, n_h, T, T]]","[63, 2686]",22,self_attn,,1,model.layers.22.self_attn,aten.add.Tensor,[],prefill,False
2688,self_attn,,softmax,"[[B, n_h, T, T]]",,,"[[B, n_h, T, T]]",[2687],22,self_attn,,1,model.layers.22.self_attn,aten._softmax.default,[],prefill,False
2689,self_attn,,expand,"[[B, n_h, T, T]]",,,"[[B, n_h, T, T]]",[2688],22,self_attn,,1,model.layers.22.self_attn,aten.expand.default,[],prefill,True
2690,self_attn,,view,"[[B, n_h, T, T]]",,,"[[n_h, T, T]]",[2689],22,self_attn,,1,model.layers.22.self_attn,aten.view.default,[],prefill,True
2691,self_attn,,expand,"[[B, n_h, T, d_head]]",,,"[[B, n_h, T, d_head]]",[2675],22,self_attn,,1,model.layers.22.self_attn,aten.expand.default,[],prefill,True
2692,self_attn,,view,"[[B, n_h, T, d_head]]",,,"[[n_h, T, d_head]]",[2691],22,self_attn,,1,model.layers.22.self_attn,aten.view.default,[],prefill,True
2693,self_attn,,batched_matmul,"[[n_h, T, T], [n_h, T, d_head]]",,,"[[n_h, T, d_head]]","[2690, 2692]",22,self_attn,,1,model.layers.22.self_attn,aten.bmm.default,[],prefill,False
2694,self_attn,,_unsafe_view,"[[n_h, T, d_head]]",,,"[[B, n_h, T, d_head]]",[2693],22,self_attn,,1,model.layers.22.self_attn,aten._unsafe_view.default,[],prefill,True
2695,self_attn,,transpose,"[[B, n_h, T, d_head]]",,,"[[B, T, n_h, d_head]]",[2694],22,self_attn,,1,model.layers.22.self_attn,aten.transpose.int,[],prefill,True
2696,self_attn,,clone,"[[B, T, n_h, d_head]]",,,"[[B, T, n_h, d_head]]",[2695],22,self_attn,,1,model.layers.22.self_attn,aten.clone.default,[],prefill,True
2697,self_attn,,view,"[[B, T, n_h, d_head]]",,,"[[B, T, n_h*d_head]]",[2696],22,self_attn,,1,model.layers.22.self_attn,aten.view.default,[],prefill,True
2698,self_attn,o_proj,t,"[[d_model, n_h*d_head]]","[d_model, n_h*d_head]",0,"[[n_h*d_head, d_model]]",[],22,self_attn,o_proj,2,model.layers.22.self_attn.o_proj,aten.t.default,[model.layers.22.self_attn.o_proj.weight],prefill,True
2699,self_attn,o_proj,view,"[[B, T, n_h*d_head]]",,,"[[T, n_h*d_head]]",[2697],22,self_attn,o_proj,2,model.layers.22.self_attn.o_proj,aten.view.default,[],prefill,True
2700,self_attn,o_proj,matmul,"[[T, n_h*d_head], [n_h*d_head, d_model]]","[d_model, n_h*d_head]",1,"[[T, d_model]]","[2698, 2699]",22,self_attn,o_proj,2,model.layers.22.self_attn.o_proj,aten.mm.default,[model.layers.22.self_attn.o_proj.weight],prefill,False
2701,self_attn,o_proj,_unsafe_view,"[[T, d_model]]",,,"[[B, T, d_model]]",[2700],22,self_attn,o_proj,2,model.layers.22.self_attn.o_proj,aten._unsafe_view.default,[],prefill,True
2702,post_attention_layernorm,,pow,"[[B, T, d_model]]",,,"[[B, T, d_model]]",[2701],22,post_attention_layernorm,,1,model.layers.22.post_attention_layernorm,aten.pow.Tensor_Scalar,[],prefill,False
2703,post_attention_layernorm,,mean,"[[B, T, d_model]]",,,"[[B, T, 1]]",[2702],22,post_attention_layernorm,,1,model.layers.22.post_attention_layernorm,aten.mean.dim,[],prefill,False
2704,post_attention_layernorm,,elementwise_add,"[[B, T, 1]]",,,"[[B, T, 1]]",[2703],22,post_attention_layernorm,,1,model.layers.22.post_attention_layernorm,aten.add.Tensor,[],prefill,False
2705,post_attention_layernorm,,rsqrt,"[[B, T, 1]]",,,"[[B, T, 1]]",[2704],22,post_attention_layernorm,,1,model.layers.22.post_attention_layernorm,aten.rsqrt.default,[],prefill,False
2706,post_attention_layernorm,,elementwise_mul,"[[B, T, d_model], [B, T, 1]]",,,"[[B, T, d_model]]","[2701, 2705]",22,post_attention_layernorm,,1,model.layers.22.post_attention_layernorm,aten.mul.Tensor,[],prefill,False
2707,post_attention_layernorm,,elementwise_add,[[d_model]],,,[[d_model]],[],22,post_attention_layernorm,,1,model.layers.22.post_attention_layernorm,aten.add.Tensor,[model.layers.22.post_attention_layernorm.weight],prefill,False
2708,post_attention_layernorm,,elementwise_mul,"[[B, T, d_model], [d_model]]",,,"[[B, T, d_model]]","[2706, 2707]",22,post_attention_layernorm,,1,model.layers.22.post_attention_layernorm,aten.mul.Tensor,[],prefill,False
2709,,,elementwise_add,"[[B, T, d_model], [B, T, d_model]]",,,"[[B, T, d_model]]","[2621, 2708]",22,,,0,model.layers.22,aten.add.Tensor,[],prefill,False
2710,pre_feedforward_layernorm,,pow,"[[B, T, d_model]]",,,"[[B, T, d_model]]",[2709],22,pre_feedforward_layernorm,,1,model.layers.22.pre_feedforward_layernorm,aten.pow.Tensor_Scalar,[],prefill,False
2711,pre_feedforward_layernorm,,mean,"[[B, T, d_model]]",,,"[[B, T, 1]]",[2710],22,pre_feedforward_layernorm,,1,model.layers.22.pre_feedforward_layernorm,aten.mean.dim,[],prefill,False
2712,pre_feedforward_layernorm,,elementwise_add,"[[B, T, 1]]",,,"[[B, T, 1]]",[2711],22,pre_feedforward_layernorm,,1,model.layers.22.pre_feedforward_layernorm,aten.add.Tensor,[],prefill,False
2713,pre_feedforward_layernorm,,rsqrt,"[[B, T, 1]]",,,"[[B, T, 1]]",[2712],22,pre_feedforward_layernorm,,1,model.layers.22.pre_feedforward_layernorm,aten.rsqrt.default,[],prefill,False
2714,pre_feedforward_layernorm,,elementwise_mul,"[[B, T, d_model], [B, T, 1]]",,,"[[B, T, d_model]]","[2709, 2713]",22,pre_feedforward_layernorm,,1,model.layers.22.pre_feedforward_layernorm,aten.mul.Tensor,[],prefill,False
2715,pre_feedforward_layernorm,,elementwise_add,[[d_model]],,,[[d_model]],[],22,pre_feedforward_layernorm,,1,model.layers.22.pre_feedforward_layernorm,aten.add.Tensor,[model.layers.22.pre_feedforward_layernorm.weight],prefill,False
2716,pre_feedforward_layernorm,,elementwise_mul,"[[B, T, d_model], [d_model]]",,,"[[B, T, d_model]]","[2714, 2715]",22,pre_feedforward_layernorm,,1,model.layers.22.pre_feedforward_layernorm,aten.mul.Tensor,[],prefill,False
2717,mlp,gate_proj,t,"[[d_ff, d_model]]","[d_ff, d_model]",0,"[[d_model, d_ff]]",[],22,mlp,gate_proj,2,model.layers.22.mlp.gate_proj,aten.t.default,[model.layers.22.mlp.gate_proj.weight],prefill,True
2718,mlp,gate_proj,view,"[[B, T, d_model]]",,,"[[T, d_model]]",[2716],22,mlp,gate_proj,2,model.layers.22.mlp.gate_proj,aten.view.default,[],prefill,True
2719,mlp,gate_proj,matmul,"[[T, d_model], [d_model, d_ff]]","[d_ff, d_model]",1,"[[T, d_ff]]","[2717, 2718]",22,mlp,gate_proj,2,model.layers.22.mlp.gate_proj,aten.mm.default,[model.layers.22.mlp.gate_proj.weight],prefill,False
2720,mlp,gate_proj,_unsafe_view,"[[T, d_ff]]",,,"[[B, T, d_ff]]",[2719],22,mlp,gate_proj,2,model.layers.22.mlp.gate_proj,aten._unsafe_view.default,[],prefill,True
2721,mlp,act_fn,gelu,"[[B, T, d_ff]]",,,"[[B, T, d_ff]]",[2720],22,mlp,act_fn,2,model.layers.22.mlp.act_fn,aten.gelu.default,[],prefill,False
2722,mlp,up_proj,t,"[[d_ff, d_model]]","[d_ff, d_model]",0,"[[d_model, d_ff]]",[],22,mlp,up_proj,2,model.layers.22.mlp.up_proj,aten.t.default,[model.layers.22.mlp.up_proj.weight],prefill,True
2723,mlp,up_proj,view,"[[B, T, d_model]]",,,"[[T, d_model]]",[2716],22,mlp,up_proj,2,model.layers.22.mlp.up_proj,aten.view.default,[],prefill,True
2724,mlp,up_proj,matmul,"[[T, d_model], [d_model, d_ff]]","[d_ff, d_model]",1,"[[T, d_ff]]","[2722, 2723]",22,mlp,up_proj,2,model.layers.22.mlp.up_proj,aten.mm.default,[model.layers.22.mlp.up_proj.weight],prefill,False
2725,mlp,up_proj,_unsafe_view,"[[T, d_ff]]",,,"[[B, T, d_ff]]",[2724],22,mlp,up_proj,2,model.layers.22.mlp.up_proj,aten._unsafe_view.default,[],prefill,True
2726,mlp,,elementwise_mul,"[[B, T, d_ff], [B, T, d_ff]]",,,"[[B, T, d_ff]]","[2721, 2725]",22,mlp,,1,model.layers.22.mlp,aten.mul.Tensor,[],prefill,False
2727,mlp,down_proj,t,"[[d_model, d_ff]]","[d_model, d_ff]",0,"[[d_ff, d_model]]",[],22,mlp,down_proj,2,model.layers.22.mlp.down_proj,aten.t.default,[model.layers.22.mlp.down_proj.weight],prefill,True
2728,mlp,down_proj,view,"[[B, T, d_ff]]",,,"[[T, d_ff]]",[2726],22,mlp,down_proj,2,model.layers.22.mlp.down_proj,aten.view.default,[],prefill,True
2729,mlp,down_proj,matmul,"[[T, d_ff], [d_ff, d_model]]","[d_model, d_ff]",1,"[[T, d_model]]","[2727, 2728]",22,mlp,down_proj,2,model.layers.22.mlp.down_proj,aten.mm.default,[model.layers.22.mlp.down_proj.weight],prefill,False
2730,mlp,down_proj,_unsafe_view,"[[T, d_model]]",,,"[[B, T, d_model]]",[2729],22,mlp,down_proj,2,model.layers.22.mlp.down_proj,aten._unsafe_view.default,[],prefill,True
2731,post_feedforward_layernorm,,pow,"[[B, T, d_model]]",,,"[[B, T, d_model]]",[2730],22,post_feedforward_layernorm,,1,model.layers.22.post_feedforward_layernorm,aten.pow.Tensor_Scalar,[],prefill,False
2732,post_feedforward_layernorm,,mean,"[[B, T, d_model]]",,,"[[B, T, 1]]",[2731],22,post_feedforward_layernorm,,1,model.layers.22.post_feedforward_layernorm,aten.mean.dim,[],prefill,False
2733,post_feedforward_layernorm,,elementwise_add,"[[B, T, 1]]",,,"[[B, T, 1]]",[2732],22,post_feedforward_layernorm,,1,model.layers.22.post_feedforward_layernorm,aten.add.Tensor,[],prefill,False
2734,post_feedforward_layernorm,,rsqrt,"[[B, T, 1]]",,,"[[B, T, 1]]",[2733],22,post_feedforward_layernorm,,1,model.layers.22.post_feedforward_layernorm,aten.rsqrt.default,[],prefill,False
2735,post_feedforward_layernorm,,elementwise_mul,"[[B, T, d_model], [B, T, 1]]",,,"[[B, T, d_model]]","[2730, 2734]",22,post_feedforward_layernorm,,1,model.layers.22.post_feedforward_layernorm,aten.mul.Tensor,[],prefill,False
2736,post_feedforward_layernorm,,elementwise_add,[[d_model]],,,[[d_model]],[],22,post_feedforward_layernorm,,1,model.layers.22.post_feedforward_layernorm,aten.add.Tensor,[model.layers.22.post_feedforward_layernorm.weight],prefill,False
2737,post_feedforward_layernorm,,elementwise_mul,"[[B, T, d_model], [d_model]]",,,"[[B, T, d_model]]","[2735, 2736]",22,post_feedforward_layernorm,,1,model.layers.22.post_feedforward_layernorm,aten.mul.Tensor,[],prefill,False
2738,,,elementwise_add,"[[B, T, d_model], [B, T, d_model]]",,,"[[B, T, d_model]]","[2709, 2737]",22,,,0,model.layers.22,aten.add.Tensor,[],prefill,False
2739,input_layernorm,,pow,"[[B, T, d_model]]",,,"[[B, T, d_model]]",[2738],23,input_layernorm,,1,model.layers.23.input_layernorm,aten.pow.Tensor_Scalar,[],prefill,False
2740,input_layernorm,,mean,"[[B, T, d_model]]",,,"[[B, T, 1]]",[2739],23,input_layernorm,,1,model.layers.23.input_layernorm,aten.mean.dim,[],prefill,False
2741,input_layernorm,,elementwise_add,"[[B, T, 1]]",,,"[[B, T, 1]]",[2740],23,input_layernorm,,1,model.layers.23.input_layernorm,aten.add.Tensor,[],prefill,False
2742,input_layernorm,,rsqrt,"[[B, T, 1]]",,,"[[B, T, 1]]",[2741],23,input_layernorm,,1,model.layers.23.input_layernorm,aten.rsqrt.default,[],prefill,False
2743,input_layernorm,,elementwise_mul,"[[B, T, d_model], [B, T, 1]]",,,"[[B, T, d_model]]","[2738, 2742]",23,input_layernorm,,1,model.layers.23.input_layernorm,aten.mul.Tensor,[],prefill,False
2744,input_layernorm,,elementwise_add,[[d_model]],,,[[d_model]],[],23,input_layernorm,,1,model.layers.23.input_layernorm,aten.add.Tensor,[model.layers.23.input_layernorm.weight],prefill,False
2745,input_layernorm,,elementwise_mul,"[[B, T, d_model], [d_model]]",,,"[[B, T, d_model]]","[2743, 2744]",23,input_layernorm,,1,model.layers.23.input_layernorm,aten.mul.Tensor,[],prefill,False
2746,self_attn,q_proj,t,"[[n_h*d_head, d_model]]","[n_h*d_head, d_model]",0,"[[d_model, n_h*d_head]]",[],23,self_attn,q_proj,2,model.layers.23.self_attn.q_proj,aten.t.default,[model.layers.23.self_attn.q_proj.weight],prefill,True
2747,self_attn,q_proj,view,"[[B, T, d_model]]",,,"[[T, d_model]]",[2745],23,self_attn,q_proj,2,model.layers.23.self_attn.q_proj,aten.view.default,[],prefill,True
2748,self_attn,q_proj,matmul,"[[T, d_model], [d_model, n_h*d_head]]","[n_h*d_head, d_model]",1,"[[T, n_h*d_head]]","[2746, 2747]",23,self_attn,q_proj,2,model.layers.23.self_attn.q_proj,aten.mm.default,[model.layers.23.self_attn.q_proj.weight],prefill,False
2749,self_attn,q_proj,_unsafe_view,"[[T, n_h*d_head]]",,,"[[B, T, n_h*d_head]]",[2748],23,self_attn,q_proj,2,model.layers.23.self_attn.q_proj,aten._unsafe_view.default,[],prefill,True
2750,self_attn,,view,"[[B, T, n_h*d_head]]",,,"[[B, T, n_h, d_head]]",[2749],23,self_attn,,1,model.layers.23.self_attn,aten.view.default,[],prefill,True
2751,self_attn,,transpose,"[[B, T, n_h, d_head]]",,,"[[B, n_h, T, d_head]]",[2750],23,self_attn,,1,model.layers.23.self_attn,aten.transpose.int,[],prefill,True
2752,self_attn,k_proj,t,"[[n_kv*d_head, d_model]]","[n_kv*d_head, d_model]",0,"[[d_model, n_kv*d_head]]",[],23,self_attn,k_proj,2,model.layers.23.self_attn.k_proj,aten.t.default,[model.layers.23.self_attn.k_proj.weight],prefill,True
2753,self_attn,k_proj,view,"[[B, T, d_model]]",,,"[[T, d_model]]",[2745],23,self_attn,k_proj,2,model.layers.23.self_attn.k_proj,aten.view.default,[],prefill,True
2754,self_attn,k_proj,matmul,"[[T, d_model], [d_model, n_kv*d_head]]","[n_kv*d_head, d_model]",1,"[[T, n_kv*d_head]]","[2752, 2753]",23,self_attn,k_proj,2,model.layers.23.self_attn.k_proj,aten.mm.default,[model.layers.23.self_attn.k_proj.weight],prefill,False
2755,self_attn,k_proj,_unsafe_view,"[[T, n_kv*d_head]]",,,"[[B, T, n_kv*d_head]]",[2754],23,self_attn,k_proj,2,model.layers.23.self_attn.k_proj,aten._unsafe_view.default,[],prefill,True
2756,self_attn,,view,"[[B, T, n_kv*d_head]]",,,"[[B, T, n_kv, d_head]]",[2755],23,self_attn,,1,model.layers.23.self_attn,aten.view.default,[],prefill,True
2757,self_attn,,transpose,"[[B, T, n_kv, d_head]]",,,"[[B, n_kv, T, d_head]]",[2756],23,self_attn,,1,model.layers.23.self_attn,aten.transpose.int,[],prefill,True
2758,self_attn,v_proj,t,"[[n_kv*d_head, d_model]]","[n_kv*d_head, d_model]",0,"[[d_model, n_kv*d_head]]",[],23,self_attn,v_proj,2,model.layers.23.self_attn.v_proj,aten.t.default,[model.layers.23.self_attn.v_proj.weight],prefill,True
2759,self_attn,v_proj,view,"[[B, T, d_model]]",,,"[[T, d_model]]",[2745],23,self_attn,v_proj,2,model.layers.23.self_attn.v_proj,aten.view.default,[],prefill,True
2760,self_attn,v_proj,matmul,"[[T, d_model], [d_model, n_kv*d_head]]","[n_kv*d_head, d_model]",1,"[[T, n_kv*d_head]]","[2758, 2759]",23,self_attn,v_proj,2,model.layers.23.self_attn.v_proj,aten.mm.default,[model.layers.23.self_attn.v_proj.weight],prefill,False
2761,self_attn,v_proj,_unsafe_view,"[[T, n_kv*d_head]]",,,"[[B, T, n_kv*d_head]]",[2760],23,self_attn,v_proj,2,model.layers.23.self_attn.v_proj,aten._unsafe_view.default,[],prefill,True
2762,self_attn,,view,"[[B, T, n_kv*d_head]]",,,"[[B, T, n_kv, d_head]]",[2761],23,self_attn,,1,model.layers.23.self_attn,aten.view.default,[],prefill,True
2763,self_attn,,transpose,"[[B, T, n_kv, d_head]]",,,"[[B, n_kv, T, d_head]]",[2762],23,self_attn,,1,model.layers.23.self_attn,aten.transpose.int,[],prefill,True
2764,self_attn,,unsqueeze,"[[B, T, d_head]]",,,"[[B, 1, T, d_head]]",[78],23,self_attn,,1,model.layers.23.self_attn,aten.unsqueeze.default,[],prefill,True
2765,self_attn,,unsqueeze,"[[B, T, d_head]]",,,"[[B, 1, T, d_head]]",[80],23,self_attn,,1,model.layers.23.self_attn,aten.unsqueeze.default,[],prefill,True
2766,self_attn,,elementwise_mul,"[[B, n_h, T, d_head], [B, 1, T, d_head]]",,,"[[B, n_h, T, d_head]]","[2751, 2764]",23,self_attn,,1,model.layers.23.self_attn,aten.mul.Tensor,[],prefill,False
2767,self_attn,,slice,"[[B, n_h, T, d_head]]",,,"[[B, n_h, T, d_head/2]]",[2751],23,self_attn,,1,model.layers.23.self_attn,aten.slice.Tensor,[],prefill,True
2768,self_attn,,slice,"[[B, n_h, T, d_head]]",,,"[[B, n_h, T, d_head/2]]",[2751],23,self_attn,,1,model.layers.23.self_attn,aten.slice.Tensor,[],prefill,True
2769,self_attn,,neg,"[[B, n_h, T, d_head/2]]",,,"[[B, n_h, T, d_head/2]]",[2768],23,self_attn,,1,model.layers.23.self_attn,aten.neg.default,[],prefill,False
2770,self_attn,,concat,"[[B, n_h, T, d_head/2], [B, n_h, T, d_head/2]]",,,"[[B, n_h, T, d_head]]","[2767, 2769]",23,self_attn,,1,model.layers.23.self_attn,aten.cat.default,[],prefill,False
2771,self_attn,,elementwise_mul,"[[B, n_h, T, d_head], [B, 1, T, d_head]]",,,"[[B, n_h, T, d_head]]","[2765, 2770]",23,self_attn,,1,model.layers.23.self_attn,aten.mul.Tensor,[],prefill,False
2772,self_attn,,elementwise_add,"[[B, n_h, T, d_head], [B, n_h, T, d_head]]",,,"[[B, n_h, T, d_head]]","[2766, 2771]",23,self_attn,,1,model.layers.23.self_attn,aten.add.Tensor,[],prefill,False
2773,self_attn,,elementwise_mul,"[[B, n_kv, T, d_head], [B, 1, T, d_head]]",,,"[[B, n_kv, T, d_head]]","[2757, 2764]",23,self_attn,,1,model.layers.23.self_attn,aten.mul.Tensor,[],prefill,False
2774,self_attn,,slice,"[[B, n_kv, T, d_head]]",,,"[[B, n_kv, T, d_head/2]]",[2757],23,self_attn,,1,model.layers.23.self_attn,aten.slice.Tensor,[],prefill,True
2775,self_attn,,slice,"[[B, n_kv, T, d_head]]",,,"[[B, n_kv, T, d_head/2]]",[2757],23,self_attn,,1,model.layers.23.self_attn,aten.slice.Tensor,[],prefill,True
2776,self_attn,,neg,"[[B, n_kv, T, d_head/2]]",,,"[[B, n_kv, T, d_head/2]]",[2775],23,self_attn,,1,model.layers.23.self_attn,aten.neg.default,[],prefill,False
2777,self_attn,,concat,"[[B, n_kv, T, d_head/2], [B, n_kv, T, d_head/2]]",,,"[[B, n_kv, T, d_head]]","[2774, 2776]",23,self_attn,,1,model.layers.23.self_attn,aten.cat.default,[],prefill,False
2778,self_attn,,elementwise_mul,"[[B, n_kv, T, d_head], [B, 1, T, d_head]]",,,"[[B, n_kv, T, d_head]]","[2765, 2777]",23,self_attn,,1,model.layers.23.self_attn,aten.mul.Tensor,[],prefill,False
2779,self_attn,,elementwise_add,"[[B, n_kv, T, d_head], [B, n_kv, T, d_head]]",,,"[[B, n_kv, T, d_head]]","[2773, 2778]",23,self_attn,,1,model.layers.23.self_attn,aten.add.Tensor,[],prefill,False
2780,self_attn,,concat,"[[0], [B, n_kv, T, d_head]]",,,"[[B, n_kv, T, d_head]]",[2779],23,self_attn,,1,model.layers.23.self_attn,aten.cat.default,[],prefill,False
2781,self_attn,,concat,"[[0], [B, n_kv, T, d_head]]",,,"[[B, n_kv, T, d_head]]",[2763],23,self_attn,,1,model.layers.23.self_attn,aten.cat.default,[],prefill,False
2782,self_attn,,unsqueeze,"[[B, n_kv, T, d_head]]",,,"[[B, n_kv, 1, T, d_head]]",[2780],23,self_attn,,1,model.layers.23.self_attn,aten.unsqueeze.default,[],prefill,True
2783,self_attn,,expand,"[[B, n_kv, 1, T, d_head]]",,,"[[B, n_kv, n_h/n_kv, T, d_head]]",[2782],23,self_attn,,1,model.layers.23.self_attn,aten.expand.default,[],prefill,True
2784,self_attn,,clone,"[[B, n_kv, n_h/n_kv, T, d_head]]",,,"[[B, n_kv, n_h/n_kv, T, d_head]]",[2783],23,self_attn,,1,model.layers.23.self_attn,aten.clone.default,[],prefill,True
2785,self_attn,,_unsafe_view,"[[B, n_kv, n_h/n_kv, T, d_head]]",,,"[[B, n_h, T, d_head]]",[2784],23,self_attn,,1,model.layers.23.self_attn,aten._unsafe_view.default,[],prefill,True
2786,self_attn,,unsqueeze,"[[B, n_kv, T, d_head]]",,,"[[B, n_kv, 1, T, d_head]]",[2781],23,self_attn,,1,model.layers.23.self_attn,aten.unsqueeze.default,[],prefill,True
2787,self_attn,,expand,"[[B, n_kv, 1, T, d_head]]",,,"[[B, n_kv, n_h/n_kv, T, d_head]]",[2786],23,self_attn,,1,model.layers.23.self_attn,aten.expand.default,[],prefill,True
2788,self_attn,,clone,"[[B, n_kv, n_h/n_kv, T, d_head]]",,,"[[B, n_kv, n_h/n_kv, T, d_head]]",[2787],23,self_attn,,1,model.layers.23.self_attn,aten.clone.default,[],prefill,True
2789,self_attn,,_unsafe_view,"[[B, n_kv, n_h/n_kv, T, d_head]]",,,"[[B, n_h, T, d_head]]",[2788],23,self_attn,,1,model.layers.23.self_attn,aten._unsafe_view.default,[],prefill,True
2790,self_attn,,transpose,"[[B, n_h, T, d_head]]",,,"[[B, n_h, d_head, T]]",[2785],23,self_attn,,1,model.layers.23.self_attn,aten.transpose.int,[],prefill,True
2791,self_attn,,expand,"[[B, n_h, T, d_head]]",,,"[[B, n_h, T, d_head]]",[2772],23,self_attn,,1,model.layers.23.self_attn,aten.expand.default,[],prefill,True
2792,self_attn,,view,"[[B, n_h, T, d_head]]",,,"[[n_h, T, d_head]]",[2791],23,self_attn,,1,model.layers.23.self_attn,aten.view.default,[],prefill,True
2793,self_attn,,expand,"[[B, n_h, d_head, T]]",,,"[[B, n_h, d_head, T]]",[2790],23,self_attn,,1,model.layers.23.self_attn,aten.expand.default,[],prefill,True
2794,self_attn,,view,"[[B, n_h, d_head, T]]",,,"[[n_h, d_head, T]]",[2793],23,self_attn,,1,model.layers.23.self_attn,aten.view.default,[],prefill,True
2795,self_attn,,batched_matmul,"[[n_h, T, d_head], [n_h, d_head, T]]",,,"[[n_h, T, T]]","[2792, 2794]",23,self_attn,,1,model.layers.23.self_attn,aten.bmm.default,[],prefill,False
2796,self_attn,,_unsafe_view,"[[n_h, T, T]]",,,"[[B, n_h, T, T]]",[2795],23,self_attn,,1,model.layers.23.self_attn,aten._unsafe_view.default,[],prefill,True
2797,self_attn,,elementwise_mul,"[[B, n_h, T, T]]",,,"[[B, n_h, T, T]]",[2796],23,self_attn,,1,model.layers.23.self_attn,aten.mul.Tensor,[],prefill,False
2798,self_attn,,div,"[[B, n_h, T, T]]",,,"[[B, n_h, T, T]]",[2797],23,self_attn,,1,model.layers.23.self_attn,aten.div.Tensor,[],prefill,True
2799,self_attn,,tanh,"[[B, n_h, T, T]]",,,"[[B, n_h, T, T]]",[2798],23,self_attn,,1,model.layers.23.self_attn,aten.tanh.default,[],prefill,False
2800,self_attn,,elementwise_mul,"[[B, n_h, T, T]]",,,"[[B, n_h, T, T]]",[2799],23,self_attn,,1,model.layers.23.self_attn,aten.mul.Tensor,[],prefill,False
2801,self_attn,,elementwise_add,"[[B, n_h, T, T], [B, 1, T, T]]",,,"[[B, n_h, T, T]]","[36, 2800]",23,self_attn,,1,model.layers.23.self_attn,aten.add.Tensor,[],prefill,False
2802,self_attn,,softmax,"[[B, n_h, T, T]]",,,"[[B, n_h, T, T]]",[2801],23,self_attn,,1,model.layers.23.self_attn,aten._softmax.default,[],prefill,False
2803,self_attn,,expand,"[[B, n_h, T, T]]",,,"[[B, n_h, T, T]]",[2802],23,self_attn,,1,model.layers.23.self_attn,aten.expand.default,[],prefill,True
2804,self_attn,,view,"[[B, n_h, T, T]]",,,"[[n_h, T, T]]",[2803],23,self_attn,,1,model.layers.23.self_attn,aten.view.default,[],prefill,True
2805,self_attn,,expand,"[[B, n_h, T, d_head]]",,,"[[B, n_h, T, d_head]]",[2789],23,self_attn,,1,model.layers.23.self_attn,aten.expand.default,[],prefill,True
2806,self_attn,,view,"[[B, n_h, T, d_head]]",,,"[[n_h, T, d_head]]",[2805],23,self_attn,,1,model.layers.23.self_attn,aten.view.default,[],prefill,True
2807,self_attn,,batched_matmul,"[[n_h, T, T], [n_h, T, d_head]]",,,"[[n_h, T, d_head]]","[2804, 2806]",23,self_attn,,1,model.layers.23.self_attn,aten.bmm.default,[],prefill,False
2808,self_attn,,_unsafe_view,"[[n_h, T, d_head]]",,,"[[B, n_h, T, d_head]]",[2807],23,self_attn,,1,model.layers.23.self_attn,aten._unsafe_view.default,[],prefill,True
2809,self_attn,,transpose,"[[B, n_h, T, d_head]]",,,"[[B, T, n_h, d_head]]",[2808],23,self_attn,,1,model.layers.23.self_attn,aten.transpose.int,[],prefill,True
2810,self_attn,,clone,"[[B, T, n_h, d_head]]",,,"[[B, T, n_h, d_head]]",[2809],23,self_attn,,1,model.layers.23.self_attn,aten.clone.default,[],prefill,True
2811,self_attn,,view,"[[B, T, n_h, d_head]]",,,"[[B, T, n_h*d_head]]",[2810],23,self_attn,,1,model.layers.23.self_attn,aten.view.default,[],prefill,True
2812,self_attn,o_proj,t,"[[d_model, n_h*d_head]]","[d_model, n_h*d_head]",0,"[[n_h*d_head, d_model]]",[],23,self_attn,o_proj,2,model.layers.23.self_attn.o_proj,aten.t.default,[model.layers.23.self_attn.o_proj.weight],prefill,True
2813,self_attn,o_proj,view,"[[B, T, n_h*d_head]]",,,"[[T, n_h*d_head]]",[2811],23,self_attn,o_proj,2,model.layers.23.self_attn.o_proj,aten.view.default,[],prefill,True
2814,self_attn,o_proj,matmul,"[[T, n_h*d_head], [n_h*d_head, d_model]]","[d_model, n_h*d_head]",1,"[[T, d_model]]","[2812, 2813]",23,self_attn,o_proj,2,model.layers.23.self_attn.o_proj,aten.mm.default,[model.layers.23.self_attn.o_proj.weight],prefill,False
2815,self_attn,o_proj,_unsafe_view,"[[T, d_model]]",,,"[[B, T, d_model]]",[2814],23,self_attn,o_proj,2,model.layers.23.self_attn.o_proj,aten._unsafe_view.default,[],prefill,True
2816,post_attention_layernorm,,pow,"[[B, T, d_model]]",,,"[[B, T, d_model]]",[2815],23,post_attention_layernorm,,1,model.layers.23.post_attention_layernorm,aten.pow.Tensor_Scalar,[],prefill,False
2817,post_attention_layernorm,,mean,"[[B, T, d_model]]",,,"[[B, T, 1]]",[2816],23,post_attention_layernorm,,1,model.layers.23.post_attention_layernorm,aten.mean.dim,[],prefill,False
2818,post_attention_layernorm,,elementwise_add,"[[B, T, 1]]",,,"[[B, T, 1]]",[2817],23,post_attention_layernorm,,1,model.layers.23.post_attention_layernorm,aten.add.Tensor,[],prefill,False
2819,post_attention_layernorm,,rsqrt,"[[B, T, 1]]",,,"[[B, T, 1]]",[2818],23,post_attention_layernorm,,1,model.layers.23.post_attention_layernorm,aten.rsqrt.default,[],prefill,False
2820,post_attention_layernorm,,elementwise_mul,"[[B, T, d_model], [B, T, 1]]",,,"[[B, T, d_model]]","[2815, 2819]",23,post_attention_layernorm,,1,model.layers.23.post_attention_layernorm,aten.mul.Tensor,[],prefill,False
2821,post_attention_layernorm,,elementwise_add,[[d_model]],,,[[d_model]],[],23,post_attention_layernorm,,1,model.layers.23.post_attention_layernorm,aten.add.Tensor,[model.layers.23.post_attention_layernorm.weight],prefill,False
2822,post_attention_layernorm,,elementwise_mul,"[[B, T, d_model], [d_model]]",,,"[[B, T, d_model]]","[2820, 2821]",23,post_attention_layernorm,,1,model.layers.23.post_attention_layernorm,aten.mul.Tensor,[],prefill,False
2823,,,elementwise_add,"[[B, T, d_model], [B, T, d_model]]",,,"[[B, T, d_model]]","[2738, 2822]",23,,,0,model.layers.23,aten.add.Tensor,[],prefill,False
2824,pre_feedforward_layernorm,,pow,"[[B, T, d_model]]",,,"[[B, T, d_model]]",[2823],23,pre_feedforward_layernorm,,1,model.layers.23.pre_feedforward_layernorm,aten.pow.Tensor_Scalar,[],prefill,False
2825,pre_feedforward_layernorm,,mean,"[[B, T, d_model]]",,,"[[B, T, 1]]",[2824],23,pre_feedforward_layernorm,,1,model.layers.23.pre_feedforward_layernorm,aten.mean.dim,[],prefill,False
2826,pre_feedforward_layernorm,,elementwise_add,"[[B, T, 1]]",,,"[[B, T, 1]]",[2825],23,pre_feedforward_layernorm,,1,model.layers.23.pre_feedforward_layernorm,aten.add.Tensor,[],prefill,False
2827,pre_feedforward_layernorm,,rsqrt,"[[B, T, 1]]",,,"[[B, T, 1]]",[2826],23,pre_feedforward_layernorm,,1,model.layers.23.pre_feedforward_layernorm,aten.rsqrt.default,[],prefill,False
2828,pre_feedforward_layernorm,,elementwise_mul,"[[B, T, d_model], [B, T, 1]]",,,"[[B, T, d_model]]","[2823, 2827]",23,pre_feedforward_layernorm,,1,model.layers.23.pre_feedforward_layernorm,aten.mul.Tensor,[],prefill,False
2829,pre_feedforward_layernorm,,elementwise_add,[[d_model]],,,[[d_model]],[],23,pre_feedforward_layernorm,,1,model.layers.23.pre_feedforward_layernorm,aten.add.Tensor,[model.layers.23.pre_feedforward_layernorm.weight],prefill,False
2830,pre_feedforward_layernorm,,elementwise_mul,"[[B, T, d_model], [d_model]]",,,"[[B, T, d_model]]","[2828, 2829]",23,pre_feedforward_layernorm,,1,model.layers.23.pre_feedforward_layernorm,aten.mul.Tensor,[],prefill,False
2831,mlp,gate_proj,t,"[[d_ff, d_model]]","[d_ff, d_model]",0,"[[d_model, d_ff]]",[],23,mlp,gate_proj,2,model.layers.23.mlp.gate_proj,aten.t.default,[model.layers.23.mlp.gate_proj.weight],prefill,True
2832,mlp,gate_proj,view,"[[B, T, d_model]]",,,"[[T, d_model]]",[2830],23,mlp,gate_proj,2,model.layers.23.mlp.gate_proj,aten.view.default,[],prefill,True
2833,mlp,gate_proj,matmul,"[[T, d_model], [d_model, d_ff]]","[d_ff, d_model]",1,"[[T, d_ff]]","[2831, 2832]",23,mlp,gate_proj,2,model.layers.23.mlp.gate_proj,aten.mm.default,[model.layers.23.mlp.gate_proj.weight],prefill,False
2834,mlp,gate_proj,_unsafe_view,"[[T, d_ff]]",,,"[[B, T, d_ff]]",[2833],23,mlp,gate_proj,2,model.layers.23.mlp.gate_proj,aten._unsafe_view.default,[],prefill,True
2835,mlp,act_fn,gelu,"[[B, T, d_ff]]",,,"[[B, T, d_ff]]",[2834],23,mlp,act_fn,2,model.layers.23.mlp.act_fn,aten.gelu.default,[],prefill,False
2836,mlp,up_proj,t,"[[d_ff, d_model]]","[d_ff, d_model]",0,"[[d_model, d_ff]]",[],23,mlp,up_proj,2,model.layers.23.mlp.up_proj,aten.t.default,[model.layers.23.mlp.up_proj.weight],prefill,True
2837,mlp,up_proj,view,"[[B, T, d_model]]",,,"[[T, d_model]]",[2830],23,mlp,up_proj,2,model.layers.23.mlp.up_proj,aten.view.default,[],prefill,True
2838,mlp,up_proj,matmul,"[[T, d_model], [d_model, d_ff]]","[d_ff, d_model]",1,"[[T, d_ff]]","[2836, 2837]",23,mlp,up_proj,2,model.layers.23.mlp.up_proj,aten.mm.default,[model.layers.23.mlp.up_proj.weight],prefill,False
2839,mlp,up_proj,_unsafe_view,"[[T, d_ff]]",,,"[[B, T, d_ff]]",[2838],23,mlp,up_proj,2,model.layers.23.mlp.up_proj,aten._unsafe_view.default,[],prefill,True
2840,mlp,,elementwise_mul,"[[B, T, d_ff], [B, T, d_ff]]",,,"[[B, T, d_ff]]","[2835, 2839]",23,mlp,,1,model.layers.23.mlp,aten.mul.Tensor,[],prefill,False
2841,mlp,down_proj,t,"[[d_model, d_ff]]","[d_model, d_ff]",0,"[[d_ff, d_model]]",[],23,mlp,down_proj,2,model.layers.23.mlp.down_proj,aten.t.default,[model.layers.23.mlp.down_proj.weight],prefill,True
2842,mlp,down_proj,view,"[[B, T, d_ff]]",,,"[[T, d_ff]]",[2840],23,mlp,down_proj,2,model.layers.23.mlp.down_proj,aten.view.default,[],prefill,True
2843,mlp,down_proj,matmul,"[[T, d_ff], [d_ff, d_model]]","[d_model, d_ff]",1,"[[T, d_model]]","[2841, 2842]",23,mlp,down_proj,2,model.layers.23.mlp.down_proj,aten.mm.default,[model.layers.23.mlp.down_proj.weight],prefill,False
2844,mlp,down_proj,_unsafe_view,"[[T, d_model]]",,,"[[B, T, d_model]]",[2843],23,mlp,down_proj,2,model.layers.23.mlp.down_proj,aten._unsafe_view.default,[],prefill,True
2845,post_feedforward_layernorm,,pow,"[[B, T, d_model]]",,,"[[B, T, d_model]]",[2844],23,post_feedforward_layernorm,,1,model.layers.23.post_feedforward_layernorm,aten.pow.Tensor_Scalar,[],prefill,False
2846,post_feedforward_layernorm,,mean,"[[B, T, d_model]]",,,"[[B, T, 1]]",[2845],23,post_feedforward_layernorm,,1,model.layers.23.post_feedforward_layernorm,aten.mean.dim,[],prefill,False
2847,post_feedforward_layernorm,,elementwise_add,"[[B, T, 1]]",,,"[[B, T, 1]]",[2846],23,post_feedforward_layernorm,,1,model.layers.23.post_feedforward_layernorm,aten.add.Tensor,[],prefill,False
2848,post_feedforward_layernorm,,rsqrt,"[[B, T, 1]]",,,"[[B, T, 1]]",[2847],23,post_feedforward_layernorm,,1,model.layers.23.post_feedforward_layernorm,aten.rsqrt.default,[],prefill,False
2849,post_feedforward_layernorm,,elementwise_mul,"[[B, T, d_model], [B, T, 1]]",,,"[[B, T, d_model]]","[2844, 2848]",23,post_feedforward_layernorm,,1,model.layers.23.post_feedforward_layernorm,aten.mul.Tensor,[],prefill,False
2850,post_feedforward_layernorm,,elementwise_add,[[d_model]],,,[[d_model]],[],23,post_feedforward_layernorm,,1,model.layers.23.post_feedforward_layernorm,aten.add.Tensor,[model.layers.23.post_feedforward_layernorm.weight],prefill,False
2851,post_feedforward_layernorm,,elementwise_mul,"[[B, T, d_model], [d_model]]",,,"[[B, T, d_model]]","[2849, 2850]",23,post_feedforward_layernorm,,1,model.layers.23.post_feedforward_layernorm,aten.mul.Tensor,[],prefill,False
2852,,,elementwise_add,"[[B, T, d_model], [B, T, d_model]]",,,"[[B, T, d_model]]","[2823, 2851]",23,,,0,model.layers.23,aten.add.Tensor,[],prefill,False
2853,input_layernorm,,pow,"[[B, T, d_model]]",,,"[[B, T, d_model]]",[2852],24,input_layernorm,,1,model.layers.24.input_layernorm,aten.pow.Tensor_Scalar,[],prefill,False
2854,input_layernorm,,mean,"[[B, T, d_model]]",,,"[[B, T, 1]]",[2853],24,input_layernorm,,1,model.layers.24.input_layernorm,aten.mean.dim,[],prefill,False
2855,input_layernorm,,elementwise_add,"[[B, T, 1]]",,,"[[B, T, 1]]",[2854],24,input_layernorm,,1,model.layers.24.input_layernorm,aten.add.Tensor,[],prefill,False
2856,input_layernorm,,rsqrt,"[[B, T, 1]]",,,"[[B, T, 1]]",[2855],24,input_layernorm,,1,model.layers.24.input_layernorm,aten.rsqrt.default,[],prefill,False
2857,input_layernorm,,elementwise_mul,"[[B, T, d_model], [B, T, 1]]",,,"[[B, T, d_model]]","[2852, 2856]",24,input_layernorm,,1,model.layers.24.input_layernorm,aten.mul.Tensor,[],prefill,False
2858,input_layernorm,,elementwise_add,[[d_model]],,,[[d_model]],[],24,input_layernorm,,1,model.layers.24.input_layernorm,aten.add.Tensor,[model.layers.24.input_layernorm.weight],prefill,False
2859,input_layernorm,,elementwise_mul,"[[B, T, d_model], [d_model]]",,,"[[B, T, d_model]]","[2857, 2858]",24,input_layernorm,,1,model.layers.24.input_layernorm,aten.mul.Tensor,[],prefill,False
2860,self_attn,q_proj,t,"[[n_h*d_head, d_model]]","[n_h*d_head, d_model]",0,"[[d_model, n_h*d_head]]",[],24,self_attn,q_proj,2,model.layers.24.self_attn.q_proj,aten.t.default,[model.layers.24.self_attn.q_proj.weight],prefill,True
2861,self_attn,q_proj,view,"[[B, T, d_model]]",,,"[[T, d_model]]",[2859],24,self_attn,q_proj,2,model.layers.24.self_attn.q_proj,aten.view.default,[],prefill,True
2862,self_attn,q_proj,matmul,"[[T, d_model], [d_model, n_h*d_head]]","[n_h*d_head, d_model]",1,"[[T, n_h*d_head]]","[2860, 2861]",24,self_attn,q_proj,2,model.layers.24.self_attn.q_proj,aten.mm.default,[model.layers.24.self_attn.q_proj.weight],prefill,False
2863,self_attn,q_proj,_unsafe_view,"[[T, n_h*d_head]]",,,"[[B, T, n_h*d_head]]",[2862],24,self_attn,q_proj,2,model.layers.24.self_attn.q_proj,aten._unsafe_view.default,[],prefill,True
2864,self_attn,,view,"[[B, T, n_h*d_head]]",,,"[[B, T, n_h, d_head]]",[2863],24,self_attn,,1,model.layers.24.self_attn,aten.view.default,[],prefill,True
2865,self_attn,,transpose,"[[B, T, n_h, d_head]]",,,"[[B, n_h, T, d_head]]",[2864],24,self_attn,,1,model.layers.24.self_attn,aten.transpose.int,[],prefill,True
2866,self_attn,k_proj,t,"[[n_kv*d_head, d_model]]","[n_kv*d_head, d_model]",0,"[[d_model, n_kv*d_head]]",[],24,self_attn,k_proj,2,model.layers.24.self_attn.k_proj,aten.t.default,[model.layers.24.self_attn.k_proj.weight],prefill,True
2867,self_attn,k_proj,view,"[[B, T, d_model]]",,,"[[T, d_model]]",[2859],24,self_attn,k_proj,2,model.layers.24.self_attn.k_proj,aten.view.default,[],prefill,True
2868,self_attn,k_proj,matmul,"[[T, d_model], [d_model, n_kv*d_head]]","[n_kv*d_head, d_model]",1,"[[T, n_kv*d_head]]","[2866, 2867]",24,self_attn,k_proj,2,model.layers.24.self_attn.k_proj,aten.mm.default,[model.layers.24.self_attn.k_proj.weight],prefill,False
2869,self_attn,k_proj,_unsafe_view,"[[T, n_kv*d_head]]",,,"[[B, T, n_kv*d_head]]",[2868],24,self_attn,k_proj,2,model.layers.24.self_attn.k_proj,aten._unsafe_view.default,[],prefill,True
2870,self_attn,,view,"[[B, T, n_kv*d_head]]",,,"[[B, T, n_kv, d_head]]",[2869],24,self_attn,,1,model.layers.24.self_attn,aten.view.default,[],prefill,True
2871,self_attn,,transpose,"[[B, T, n_kv, d_head]]",,,"[[B, n_kv, T, d_head]]",[2870],24,self_attn,,1,model.layers.24.self_attn,aten.transpose.int,[],prefill,True
2872,self_attn,v_proj,t,"[[n_kv*d_head, d_model]]","[n_kv*d_head, d_model]",0,"[[d_model, n_kv*d_head]]",[],24,self_attn,v_proj,2,model.layers.24.self_attn.v_proj,aten.t.default,[model.layers.24.self_attn.v_proj.weight],prefill,True
2873,self_attn,v_proj,view,"[[B, T, d_model]]",,,"[[T, d_model]]",[2859],24,self_attn,v_proj,2,model.layers.24.self_attn.v_proj,aten.view.default,[],prefill,True
2874,self_attn,v_proj,matmul,"[[T, d_model], [d_model, n_kv*d_head]]","[n_kv*d_head, d_model]",1,"[[T, n_kv*d_head]]","[2872, 2873]",24,self_attn,v_proj,2,model.layers.24.self_attn.v_proj,aten.mm.default,[model.layers.24.self_attn.v_proj.weight],prefill,False
2875,self_attn,v_proj,_unsafe_view,"[[T, n_kv*d_head]]",,,"[[B, T, n_kv*d_head]]",[2874],24,self_attn,v_proj,2,model.layers.24.self_attn.v_proj,aten._unsafe_view.default,[],prefill,True
2876,self_attn,,view,"[[B, T, n_kv*d_head]]",,,"[[B, T, n_kv, d_head]]",[2875],24,self_attn,,1,model.layers.24.self_attn,aten.view.default,[],prefill,True
2877,self_attn,,transpose,"[[B, T, n_kv, d_head]]",,,"[[B, n_kv, T, d_head]]",[2876],24,self_attn,,1,model.layers.24.self_attn,aten.transpose.int,[],prefill,True
2878,self_attn,,unsqueeze,"[[B, T, d_head]]",,,"[[B, 1, T, d_head]]",[78],24,self_attn,,1,model.layers.24.self_attn,aten.unsqueeze.default,[],prefill,True
2879,self_attn,,unsqueeze,"[[B, T, d_head]]",,,"[[B, 1, T, d_head]]",[80],24,self_attn,,1,model.layers.24.self_attn,aten.unsqueeze.default,[],prefill,True
2880,self_attn,,elementwise_mul,"[[B, n_h, T, d_head], [B, 1, T, d_head]]",,,"[[B, n_h, T, d_head]]","[2865, 2878]",24,self_attn,,1,model.layers.24.self_attn,aten.mul.Tensor,[],prefill,False
2881,self_attn,,slice,"[[B, n_h, T, d_head]]",,,"[[B, n_h, T, d_head/2]]",[2865],24,self_attn,,1,model.layers.24.self_attn,aten.slice.Tensor,[],prefill,True
2882,self_attn,,slice,"[[B, n_h, T, d_head]]",,,"[[B, n_h, T, d_head/2]]",[2865],24,self_attn,,1,model.layers.24.self_attn,aten.slice.Tensor,[],prefill,True
2883,self_attn,,neg,"[[B, n_h, T, d_head/2]]",,,"[[B, n_h, T, d_head/2]]",[2882],24,self_attn,,1,model.layers.24.self_attn,aten.neg.default,[],prefill,False
2884,self_attn,,concat,"[[B, n_h, T, d_head/2], [B, n_h, T, d_head/2]]",,,"[[B, n_h, T, d_head]]","[2881, 2883]",24,self_attn,,1,model.layers.24.self_attn,aten.cat.default,[],prefill,False
2885,self_attn,,elementwise_mul,"[[B, n_h, T, d_head], [B, 1, T, d_head]]",,,"[[B, n_h, T, d_head]]","[2879, 2884]",24,self_attn,,1,model.layers.24.self_attn,aten.mul.Tensor,[],prefill,False
2886,self_attn,,elementwise_add,"[[B, n_h, T, d_head], [B, n_h, T, d_head]]",,,"[[B, n_h, T, d_head]]","[2880, 2885]",24,self_attn,,1,model.layers.24.self_attn,aten.add.Tensor,[],prefill,False
2887,self_attn,,elementwise_mul,"[[B, n_kv, T, d_head], [B, 1, T, d_head]]",,,"[[B, n_kv, T, d_head]]","[2871, 2878]",24,self_attn,,1,model.layers.24.self_attn,aten.mul.Tensor,[],prefill,False
2888,self_attn,,slice,"[[B, n_kv, T, d_head]]",,,"[[B, n_kv, T, d_head/2]]",[2871],24,self_attn,,1,model.layers.24.self_attn,aten.slice.Tensor,[],prefill,True
2889,self_attn,,slice,"[[B, n_kv, T, d_head]]",,,"[[B, n_kv, T, d_head/2]]",[2871],24,self_attn,,1,model.layers.24.self_attn,aten.slice.Tensor,[],prefill,True
2890,self_attn,,neg,"[[B, n_kv, T, d_head/2]]",,,"[[B, n_kv, T, d_head/2]]",[2889],24,self_attn,,1,model.layers.24.self_attn,aten.neg.default,[],prefill,False
2891,self_attn,,concat,"[[B, n_kv, T, d_head/2], [B, n_kv, T, d_head/2]]",,,"[[B, n_kv, T, d_head]]","[2888, 2890]",24,self_attn,,1,model.layers.24.self_attn,aten.cat.default,[],prefill,False
2892,self_attn,,elementwise_mul,"[[B, n_kv, T, d_head], [B, 1, T, d_head]]",,,"[[B, n_kv, T, d_head]]","[2879, 2891]",24,self_attn,,1,model.layers.24.self_attn,aten.mul.Tensor,[],prefill,False
2893,self_attn,,elementwise_add,"[[B, n_kv, T, d_head], [B, n_kv, T, d_head]]",,,"[[B, n_kv, T, d_head]]","[2887, 2892]",24,self_attn,,1,model.layers.24.self_attn,aten.add.Tensor,[],prefill,False
2894,self_attn,,_to_copy,[[]],,,[[]],[14],24,self_attn,,1,model.layers.24.self_attn,aten._to_copy.default,[],prefill,True
2895,self_attn,,concat,"[[0], [B, n_kv, T, d_head]]",,,"[[B, n_kv, T, d_head]]",[2893],24,self_attn,,1,model.layers.24.self_attn,aten.cat.default,[],prefill,False
2896,self_attn,,concat,"[[0], [B, n_kv, T, d_head]]",,,"[[B, n_kv, T, d_head]]",[2877],24,self_attn,,1,model.layers.24.self_attn,aten.cat.default,[],prefill,False
2897,self_attn,,slice,"[[B, n_kv, T, d_head]]",,,"[[B, n_kv, T, d_head]]",[2895],24,self_attn,,1,model.layers.24.self_attn,aten.slice.Tensor,[],prefill,True
2898,self_attn,,slice,"[[B, n_kv, T, d_head]]",,,"[[B, n_kv, T, d_head]]",[2896],24,self_attn,,1,model.layers.24.self_attn,aten.slice.Tensor,[],prefill,True
2899,self_attn,,unsqueeze,"[[B, n_kv, T, d_head]]",,,"[[B, n_kv, 1, T, d_head]]",[2895],24,self_attn,,1,model.layers.24.self_attn,aten.unsqueeze.default,[],prefill,True
2900,self_attn,,expand,"[[B, n_kv, 1, T, d_head]]",,,"[[B, n_kv, n_h/n_kv, T, d_head]]",[2899],24,self_attn,,1,model.layers.24.self_attn,aten.expand.default,[],prefill,True
2901,self_attn,,clone,"[[B, n_kv, n_h/n_kv, T, d_head]]",,,"[[B, n_kv, n_h/n_kv, T, d_head]]",[2900],24,self_attn,,1,model.layers.24.self_attn,aten.clone.default,[],prefill,True
2902,self_attn,,_unsafe_view,"[[B, n_kv, n_h/n_kv, T, d_head]]",,,"[[B, n_h, T, d_head]]",[2901],24,self_attn,,1,model.layers.24.self_attn,aten._unsafe_view.default,[],prefill,True
2903,self_attn,,unsqueeze,"[[B, n_kv, T, d_head]]",,,"[[B, n_kv, 1, T, d_head]]",[2896],24,self_attn,,1,model.layers.24.self_attn,aten.unsqueeze.default,[],prefill,True
2904,self_attn,,expand,"[[B, n_kv, 1, T, d_head]]",,,"[[B, n_kv, n_h/n_kv, T, d_head]]",[2903],24,self_attn,,1,model.layers.24.self_attn,aten.expand.default,[],prefill,True
2905,self_attn,,clone,"[[B, n_kv, n_h/n_kv, T, d_head]]",,,"[[B, n_kv, n_h/n_kv, T, d_head]]",[2904],24,self_attn,,1,model.layers.24.self_attn,aten.clone.default,[],prefill,True
2906,self_attn,,_unsafe_view,"[[B, n_kv, n_h/n_kv, T, d_head]]",,,"[[B, n_h, T, d_head]]",[2905],24,self_attn,,1,model.layers.24.self_attn,aten._unsafe_view.default,[],prefill,True
2907,self_attn,,transpose,"[[B, n_h, T, d_head]]",,,"[[B, n_h, d_head, T]]",[2902],24,self_attn,,1,model.layers.24.self_attn,aten.transpose.int,[],prefill,True
2908,self_attn,,expand,"[[B, n_h, T, d_head]]",,,"[[B, n_h, T, d_head]]",[2886],24,self_attn,,1,model.layers.24.self_attn,aten.expand.default,[],prefill,True
2909,self_attn,,view,"[[B, n_h, T, d_head]]",,,"[[n_h, T, d_head]]",[2908],24,self_attn,,1,model.layers.24.self_attn,aten.view.default,[],prefill,True
2910,self_attn,,expand,"[[B, n_h, d_head, T]]",,,"[[B, n_h, d_head, T]]",[2907],24,self_attn,,1,model.layers.24.self_attn,aten.expand.default,[],prefill,True
2911,self_attn,,view,"[[B, n_h, d_head, T]]",,,"[[n_h, d_head, T]]",[2910],24,self_attn,,1,model.layers.24.self_attn,aten.view.default,[],prefill,True
2912,self_attn,,batched_matmul,"[[n_h, T, d_head], [n_h, d_head, T]]",,,"[[n_h, T, T]]","[2909, 2911]",24,self_attn,,1,model.layers.24.self_attn,aten.bmm.default,[],prefill,False
2913,self_attn,,_unsafe_view,"[[n_h, T, T]]",,,"[[B, n_h, T, T]]",[2912],24,self_attn,,1,model.layers.24.self_attn,aten._unsafe_view.default,[],prefill,True
2914,self_attn,,elementwise_mul,"[[B, n_h, T, T]]",,,"[[B, n_h, T, T]]",[2913],24,self_attn,,1,model.layers.24.self_attn,aten.mul.Tensor,[],prefill,False
2915,self_attn,,div,"[[B, n_h, T, T]]",,,"[[B, n_h, T, T]]",[2914],24,self_attn,,1,model.layers.24.self_attn,aten.div.Tensor,[],prefill,True
2916,self_attn,,tanh,"[[B, n_h, T, T]]",,,"[[B, n_h, T, T]]",[2915],24,self_attn,,1,model.layers.24.self_attn,aten.tanh.default,[],prefill,False
2917,self_attn,,elementwise_mul,"[[B, n_h, T, T]]",,,"[[B, n_h, T, T]]",[2916],24,self_attn,,1,model.layers.24.self_attn,aten.mul.Tensor,[],prefill,False
2918,self_attn,,elementwise_add,"[[B, n_h, T, T], [B, 1, T, T]]",,,"[[B, n_h, T, T]]","[63, 2917]",24,self_attn,,1,model.layers.24.self_attn,aten.add.Tensor,[],prefill,False
2919,self_attn,,softmax,"[[B, n_h, T, T]]",,,"[[B, n_h, T, T]]",[2918],24,self_attn,,1,model.layers.24.self_attn,aten._softmax.default,[],prefill,False
2920,self_attn,,expand,"[[B, n_h, T, T]]",,,"[[B, n_h, T, T]]",[2919],24,self_attn,,1,model.layers.24.self_attn,aten.expand.default,[],prefill,True
2921,self_attn,,view,"[[B, n_h, T, T]]",,,"[[n_h, T, T]]",[2920],24,self_attn,,1,model.layers.24.self_attn,aten.view.default,[],prefill,True
2922,self_attn,,expand,"[[B, n_h, T, d_head]]",,,"[[B, n_h, T, d_head]]",[2906],24,self_attn,,1,model.layers.24.self_attn,aten.expand.default,[],prefill,True
2923,self_attn,,view,"[[B, n_h, T, d_head]]",,,"[[n_h, T, d_head]]",[2922],24,self_attn,,1,model.layers.24.self_attn,aten.view.default,[],prefill,True
2924,self_attn,,batched_matmul,"[[n_h, T, T], [n_h, T, d_head]]",,,"[[n_h, T, d_head]]","[2921, 2923]",24,self_attn,,1,model.layers.24.self_attn,aten.bmm.default,[],prefill,False
2925,self_attn,,_unsafe_view,"[[n_h, T, d_head]]",,,"[[B, n_h, T, d_head]]",[2924],24,self_attn,,1,model.layers.24.self_attn,aten._unsafe_view.default,[],prefill,True
2926,self_attn,,transpose,"[[B, n_h, T, d_head]]",,,"[[B, T, n_h, d_head]]",[2925],24,self_attn,,1,model.layers.24.self_attn,aten.transpose.int,[],prefill,True
2927,self_attn,,clone,"[[B, T, n_h, d_head]]",,,"[[B, T, n_h, d_head]]",[2926],24,self_attn,,1,model.layers.24.self_attn,aten.clone.default,[],prefill,True
2928,self_attn,,view,"[[B, T, n_h, d_head]]",,,"[[B, T, n_h*d_head]]",[2927],24,self_attn,,1,model.layers.24.self_attn,aten.view.default,[],prefill,True
2929,self_attn,o_proj,t,"[[d_model, n_h*d_head]]","[d_model, n_h*d_head]",0,"[[n_h*d_head, d_model]]",[],24,self_attn,o_proj,2,model.layers.24.self_attn.o_proj,aten.t.default,[model.layers.24.self_attn.o_proj.weight],prefill,True
2930,self_attn,o_proj,view,"[[B, T, n_h*d_head]]",,,"[[T, n_h*d_head]]",[2928],24,self_attn,o_proj,2,model.layers.24.self_attn.o_proj,aten.view.default,[],prefill,True
2931,self_attn,o_proj,matmul,"[[T, n_h*d_head], [n_h*d_head, d_model]]","[d_model, n_h*d_head]",1,"[[T, d_model]]","[2929, 2930]",24,self_attn,o_proj,2,model.layers.24.self_attn.o_proj,aten.mm.default,[model.layers.24.self_attn.o_proj.weight],prefill,False
2932,self_attn,o_proj,_unsafe_view,"[[T, d_model]]",,,"[[B, T, d_model]]",[2931],24,self_attn,o_proj,2,model.layers.24.self_attn.o_proj,aten._unsafe_view.default,[],prefill,True
2933,post_attention_layernorm,,pow,"[[B, T, d_model]]",,,"[[B, T, d_model]]",[2932],24,post_attention_layernorm,,1,model.layers.24.post_attention_layernorm,aten.pow.Tensor_Scalar,[],prefill,False
2934,post_attention_layernorm,,mean,"[[B, T, d_model]]",,,"[[B, T, 1]]",[2933],24,post_attention_layernorm,,1,model.layers.24.post_attention_layernorm,aten.mean.dim,[],prefill,False
2935,post_attention_layernorm,,elementwise_add,"[[B, T, 1]]",,,"[[B, T, 1]]",[2934],24,post_attention_layernorm,,1,model.layers.24.post_attention_layernorm,aten.add.Tensor,[],prefill,False
2936,post_attention_layernorm,,rsqrt,"[[B, T, 1]]",,,"[[B, T, 1]]",[2935],24,post_attention_layernorm,,1,model.layers.24.post_attention_layernorm,aten.rsqrt.default,[],prefill,False
2937,post_attention_layernorm,,elementwise_mul,"[[B, T, d_model], [B, T, 1]]",,,"[[B, T, d_model]]","[2932, 2936]",24,post_attention_layernorm,,1,model.layers.24.post_attention_layernorm,aten.mul.Tensor,[],prefill,False
2938,post_attention_layernorm,,elementwise_add,[[d_model]],,,[[d_model]],[],24,post_attention_layernorm,,1,model.layers.24.post_attention_layernorm,aten.add.Tensor,[model.layers.24.post_attention_layernorm.weight],prefill,False
2939,post_attention_layernorm,,elementwise_mul,"[[B, T, d_model], [d_model]]",,,"[[B, T, d_model]]","[2937, 2938]",24,post_attention_layernorm,,1,model.layers.24.post_attention_layernorm,aten.mul.Tensor,[],prefill,False
2940,,,elementwise_add,"[[B, T, d_model], [B, T, d_model]]",,,"[[B, T, d_model]]","[2852, 2939]",24,,,0,model.layers.24,aten.add.Tensor,[],prefill,False
2941,pre_feedforward_layernorm,,pow,"[[B, T, d_model]]",,,"[[B, T, d_model]]",[2940],24,pre_feedforward_layernorm,,1,model.layers.24.pre_feedforward_layernorm,aten.pow.Tensor_Scalar,[],prefill,False
2942,pre_feedforward_layernorm,,mean,"[[B, T, d_model]]",,,"[[B, T, 1]]",[2941],24,pre_feedforward_layernorm,,1,model.layers.24.pre_feedforward_layernorm,aten.mean.dim,[],prefill,False
2943,pre_feedforward_layernorm,,elementwise_add,"[[B, T, 1]]",,,"[[B, T, 1]]",[2942],24,pre_feedforward_layernorm,,1,model.layers.24.pre_feedforward_layernorm,aten.add.Tensor,[],prefill,False
2944,pre_feedforward_layernorm,,rsqrt,"[[B, T, 1]]",,,"[[B, T, 1]]",[2943],24,pre_feedforward_layernorm,,1,model.layers.24.pre_feedforward_layernorm,aten.rsqrt.default,[],prefill,False
2945,pre_feedforward_layernorm,,elementwise_mul,"[[B, T, d_model], [B, T, 1]]",,,"[[B, T, d_model]]","[2940, 2944]",24,pre_feedforward_layernorm,,1,model.layers.24.pre_feedforward_layernorm,aten.mul.Tensor,[],prefill,False
2946,pre_feedforward_layernorm,,elementwise_add,[[d_model]],,,[[d_model]],[],24,pre_feedforward_layernorm,,1,model.layers.24.pre_feedforward_layernorm,aten.add.Tensor,[model.layers.24.pre_feedforward_layernorm.weight],prefill,False
2947,pre_feedforward_layernorm,,elementwise_mul,"[[B, T, d_model], [d_model]]",,,"[[B, T, d_model]]","[2945, 2946]",24,pre_feedforward_layernorm,,1,model.layers.24.pre_feedforward_layernorm,aten.mul.Tensor,[],prefill,False
2948,mlp,gate_proj,t,"[[d_ff, d_model]]","[d_ff, d_model]",0,"[[d_model, d_ff]]",[],24,mlp,gate_proj,2,model.layers.24.mlp.gate_proj,aten.t.default,[model.layers.24.mlp.gate_proj.weight],prefill,True
2949,mlp,gate_proj,view,"[[B, T, d_model]]",,,"[[T, d_model]]",[2947],24,mlp,gate_proj,2,model.layers.24.mlp.gate_proj,aten.view.default,[],prefill,True
2950,mlp,gate_proj,matmul,"[[T, d_model], [d_model, d_ff]]","[d_ff, d_model]",1,"[[T, d_ff]]","[2948, 2949]",24,mlp,gate_proj,2,model.layers.24.mlp.gate_proj,aten.mm.default,[model.layers.24.mlp.gate_proj.weight],prefill,False
2951,mlp,gate_proj,_unsafe_view,"[[T, d_ff]]",,,"[[B, T, d_ff]]",[2950],24,mlp,gate_proj,2,model.layers.24.mlp.gate_proj,aten._unsafe_view.default,[],prefill,True
2952,mlp,act_fn,gelu,"[[B, T, d_ff]]",,,"[[B, T, d_ff]]",[2951],24,mlp,act_fn,2,model.layers.24.mlp.act_fn,aten.gelu.default,[],prefill,False
2953,mlp,up_proj,t,"[[d_ff, d_model]]","[d_ff, d_model]",0,"[[d_model, d_ff]]",[],24,mlp,up_proj,2,model.layers.24.mlp.up_proj,aten.t.default,[model.layers.24.mlp.up_proj.weight],prefill,True
2954,mlp,up_proj,view,"[[B, T, d_model]]",,,"[[T, d_model]]",[2947],24,mlp,up_proj,2,model.layers.24.mlp.up_proj,aten.view.default,[],prefill,True
2955,mlp,up_proj,matmul,"[[T, d_model], [d_model, d_ff]]","[d_ff, d_model]",1,"[[T, d_ff]]","[2953, 2954]",24,mlp,up_proj,2,model.layers.24.mlp.up_proj,aten.mm.default,[model.layers.24.mlp.up_proj.weight],prefill,False
2956,mlp,up_proj,_unsafe_view,"[[T, d_ff]]",,,"[[B, T, d_ff]]",[2955],24,mlp,up_proj,2,model.layers.24.mlp.up_proj,aten._unsafe_view.default,[],prefill,True
2957,mlp,,elementwise_mul,"[[B, T, d_ff], [B, T, d_ff]]",,,"[[B, T, d_ff]]","[2952, 2956]",24,mlp,,1,model.layers.24.mlp,aten.mul.Tensor,[],prefill,False
2958,mlp,down_proj,t,"[[d_model, d_ff]]","[d_model, d_ff]",0,"[[d_ff, d_model]]",[],24,mlp,down_proj,2,model.layers.24.mlp.down_proj,aten.t.default,[model.layers.24.mlp.down_proj.weight],prefill,True
2959,mlp,down_proj,view,"[[B, T, d_ff]]",,,"[[T, d_ff]]",[2957],24,mlp,down_proj,2,model.layers.24.mlp.down_proj,aten.view.default,[],prefill,True
2960,mlp,down_proj,matmul,"[[T, d_ff], [d_ff, d_model]]","[d_model, d_ff]",1,"[[T, d_model]]","[2958, 2959]",24,mlp,down_proj,2,model.layers.24.mlp.down_proj,aten.mm.default,[model.layers.24.mlp.down_proj.weight],prefill,False
2961,mlp,down_proj,_unsafe_view,"[[T, d_model]]",,,"[[B, T, d_model]]",[2960],24,mlp,down_proj,2,model.layers.24.mlp.down_proj,aten._unsafe_view.default,[],prefill,True
2962,post_feedforward_layernorm,,pow,"[[B, T, d_model]]",,,"[[B, T, d_model]]",[2961],24,post_feedforward_layernorm,,1,model.layers.24.post_feedforward_layernorm,aten.pow.Tensor_Scalar,[],prefill,False
2963,post_feedforward_layernorm,,mean,"[[B, T, d_model]]",,,"[[B, T, 1]]",[2962],24,post_feedforward_layernorm,,1,model.layers.24.post_feedforward_layernorm,aten.mean.dim,[],prefill,False
2964,post_feedforward_layernorm,,elementwise_add,"[[B, T, 1]]",,,"[[B, T, 1]]",[2963],24,post_feedforward_layernorm,,1,model.layers.24.post_feedforward_layernorm,aten.add.Tensor,[],prefill,False
2965,post_feedforward_layernorm,,rsqrt,"[[B, T, 1]]",,,"[[B, T, 1]]",[2964],24,post_feedforward_layernorm,,1,model.layers.24.post_feedforward_layernorm,aten.rsqrt.default,[],prefill,False
2966,post_feedforward_layernorm,,elementwise_mul,"[[B, T, d_model], [B, T, 1]]",,,"[[B, T, d_model]]","[2961, 2965]",24,post_feedforward_layernorm,,1,model.layers.24.post_feedforward_layernorm,aten.mul.Tensor,[],prefill,False
2967,post_feedforward_layernorm,,elementwise_add,[[d_model]],,,[[d_model]],[],24,post_feedforward_layernorm,,1,model.layers.24.post_feedforward_layernorm,aten.add.Tensor,[model.layers.24.post_feedforward_layernorm.weight],prefill,False
2968,post_feedforward_layernorm,,elementwise_mul,"[[B, T, d_model], [d_model]]",,,"[[B, T, d_model]]","[2966, 2967]",24,post_feedforward_layernorm,,1,model.layers.24.post_feedforward_layernorm,aten.mul.Tensor,[],prefill,False
2969,,,elementwise_add,"[[B, T, d_model], [B, T, d_model]]",,,"[[B, T, d_model]]","[2940, 2968]",24,,,0,model.layers.24,aten.add.Tensor,[],prefill,False
2970,input_layernorm,,pow,"[[B, T, d_model]]",,,"[[B, T, d_model]]",[2969],25,input_layernorm,,1,model.layers.25.input_layernorm,aten.pow.Tensor_Scalar,[],prefill,False
2971,input_layernorm,,mean,"[[B, T, d_model]]",,,"[[B, T, 1]]",[2970],25,input_layernorm,,1,model.layers.25.input_layernorm,aten.mean.dim,[],prefill,False
2972,input_layernorm,,elementwise_add,"[[B, T, 1]]",,,"[[B, T, 1]]",[2971],25,input_layernorm,,1,model.layers.25.input_layernorm,aten.add.Tensor,[],prefill,False
2973,input_layernorm,,rsqrt,"[[B, T, 1]]",,,"[[B, T, 1]]",[2972],25,input_layernorm,,1,model.layers.25.input_layernorm,aten.rsqrt.default,[],prefill,False
2974,input_layernorm,,elementwise_mul,"[[B, T, d_model], [B, T, 1]]",,,"[[B, T, d_model]]","[2969, 2973]",25,input_layernorm,,1,model.layers.25.input_layernorm,aten.mul.Tensor,[],prefill,False
2975,input_layernorm,,elementwise_add,[[d_model]],,,[[d_model]],[],25,input_layernorm,,1,model.layers.25.input_layernorm,aten.add.Tensor,[model.layers.25.input_layernorm.weight],prefill,False
2976,input_layernorm,,elementwise_mul,"[[B, T, d_model], [d_model]]",,,"[[B, T, d_model]]","[2974, 2975]",25,input_layernorm,,1,model.layers.25.input_layernorm,aten.mul.Tensor,[],prefill,False
2977,self_attn,q_proj,t,"[[n_h*d_head, d_model]]","[n_h*d_head, d_model]",0,"[[d_model, n_h*d_head]]",[],25,self_attn,q_proj,2,model.layers.25.self_attn.q_proj,aten.t.default,[model.layers.25.self_attn.q_proj.weight],prefill,True
2978,self_attn,q_proj,view,"[[B, T, d_model]]",,,"[[T, d_model]]",[2976],25,self_attn,q_proj,2,model.layers.25.self_attn.q_proj,aten.view.default,[],prefill,True
2979,self_attn,q_proj,matmul,"[[T, d_model], [d_model, n_h*d_head]]","[n_h*d_head, d_model]",1,"[[T, n_h*d_head]]","[2977, 2978]",25,self_attn,q_proj,2,model.layers.25.self_attn.q_proj,aten.mm.default,[model.layers.25.self_attn.q_proj.weight],prefill,False
2980,self_attn,q_proj,_unsafe_view,"[[T, n_h*d_head]]",,,"[[B, T, n_h*d_head]]",[2979],25,self_attn,q_proj,2,model.layers.25.self_attn.q_proj,aten._unsafe_view.default,[],prefill,True
2981,self_attn,,view,"[[B, T, n_h*d_head]]",,,"[[B, T, n_h, d_head]]",[2980],25,self_attn,,1,model.layers.25.self_attn,aten.view.default,[],prefill,True
2982,self_attn,,transpose,"[[B, T, n_h, d_head]]",,,"[[B, n_h, T, d_head]]",[2981],25,self_attn,,1,model.layers.25.self_attn,aten.transpose.int,[],prefill,True
2983,self_attn,k_proj,t,"[[n_kv*d_head, d_model]]","[n_kv*d_head, d_model]",0,"[[d_model, n_kv*d_head]]",[],25,self_attn,k_proj,2,model.layers.25.self_attn.k_proj,aten.t.default,[model.layers.25.self_attn.k_proj.weight],prefill,True
2984,self_attn,k_proj,view,"[[B, T, d_model]]",,,"[[T, d_model]]",[2976],25,self_attn,k_proj,2,model.layers.25.self_attn.k_proj,aten.view.default,[],prefill,True
2985,self_attn,k_proj,matmul,"[[T, d_model], [d_model, n_kv*d_head]]","[n_kv*d_head, d_model]",1,"[[T, n_kv*d_head]]","[2983, 2984]",25,self_attn,k_proj,2,model.layers.25.self_attn.k_proj,aten.mm.default,[model.layers.25.self_attn.k_proj.weight],prefill,False
2986,self_attn,k_proj,_unsafe_view,"[[T, n_kv*d_head]]",,,"[[B, T, n_kv*d_head]]",[2985],25,self_attn,k_proj,2,model.layers.25.self_attn.k_proj,aten._unsafe_view.default,[],prefill,True
2987,self_attn,,view,"[[B, T, n_kv*d_head]]",,,"[[B, T, n_kv, d_head]]",[2986],25,self_attn,,1,model.layers.25.self_attn,aten.view.default,[],prefill,True
2988,self_attn,,transpose,"[[B, T, n_kv, d_head]]",,,"[[B, n_kv, T, d_head]]",[2987],25,self_attn,,1,model.layers.25.self_attn,aten.transpose.int,[],prefill,True
2989,self_attn,v_proj,t,"[[n_kv*d_head, d_model]]","[n_kv*d_head, d_model]",0,"[[d_model, n_kv*d_head]]",[],25,self_attn,v_proj,2,model.layers.25.self_attn.v_proj,aten.t.default,[model.layers.25.self_attn.v_proj.weight],prefill,True
2990,self_attn,v_proj,view,"[[B, T, d_model]]",,,"[[T, d_model]]",[2976],25,self_attn,v_proj,2,model.layers.25.self_attn.v_proj,aten.view.default,[],prefill,True
2991,self_attn,v_proj,matmul,"[[T, d_model], [d_model, n_kv*d_head]]","[n_kv*d_head, d_model]",1,"[[T, n_kv*d_head]]","[2989, 2990]",25,self_attn,v_proj,2,model.layers.25.self_attn.v_proj,aten.mm.default,[model.layers.25.self_attn.v_proj.weight],prefill,False
2992,self_attn,v_proj,_unsafe_view,"[[T, n_kv*d_head]]",,,"[[B, T, n_kv*d_head]]",[2991],25,self_attn,v_proj,2,model.layers.25.self_attn.v_proj,aten._unsafe_view.default,[],prefill,True
2993,self_attn,,view,"[[B, T, n_kv*d_head]]",,,"[[B, T, n_kv, d_head]]",[2992],25,self_attn,,1,model.layers.25.self_attn,aten.view.default,[],prefill,True
2994,self_attn,,transpose,"[[B, T, n_kv, d_head]]",,,"[[B, n_kv, T, d_head]]",[2993],25,self_attn,,1,model.layers.25.self_attn,aten.transpose.int,[],prefill,True
2995,self_attn,,unsqueeze,"[[B, T, d_head]]",,,"[[B, 1, T, d_head]]",[78],25,self_attn,,1,model.layers.25.self_attn,aten.unsqueeze.default,[],prefill,True
2996,self_attn,,unsqueeze,"[[B, T, d_head]]",,,"[[B, 1, T, d_head]]",[80],25,self_attn,,1,model.layers.25.self_attn,aten.unsqueeze.default,[],prefill,True
2997,self_attn,,elementwise_mul,"[[B, n_h, T, d_head], [B, 1, T, d_head]]",,,"[[B, n_h, T, d_head]]","[2982, 2995]",25,self_attn,,1,model.layers.25.self_attn,aten.mul.Tensor,[],prefill,False
2998,self_attn,,slice,"[[B, n_h, T, d_head]]",,,"[[B, n_h, T, d_head/2]]",[2982],25,self_attn,,1,model.layers.25.self_attn,aten.slice.Tensor,[],prefill,True
2999,self_attn,,slice,"[[B, n_h, T, d_head]]",,,"[[B, n_h, T, d_head/2]]",[2982],25,self_attn,,1,model.layers.25.self_attn,aten.slice.Tensor,[],prefill,True
3000,self_attn,,neg,"[[B, n_h, T, d_head/2]]",,,"[[B, n_h, T, d_head/2]]",[2999],25,self_attn,,1,model.layers.25.self_attn,aten.neg.default,[],prefill,False
3001,self_attn,,concat,"[[B, n_h, T, d_head/2], [B, n_h, T, d_head/2]]",,,"[[B, n_h, T, d_head]]","[2998, 3000]",25,self_attn,,1,model.layers.25.self_attn,aten.cat.default,[],prefill,False
3002,self_attn,,elementwise_mul,"[[B, n_h, T, d_head], [B, 1, T, d_head]]",,,"[[B, n_h, T, d_head]]","[2996, 3001]",25,self_attn,,1,model.layers.25.self_attn,aten.mul.Tensor,[],prefill,False
3003,self_attn,,elementwise_add,"[[B, n_h, T, d_head], [B, n_h, T, d_head]]",,,"[[B, n_h, T, d_head]]","[2997, 3002]",25,self_attn,,1,model.layers.25.self_attn,aten.add.Tensor,[],prefill,False
3004,self_attn,,elementwise_mul,"[[B, n_kv, T, d_head], [B, 1, T, d_head]]",,,"[[B, n_kv, T, d_head]]","[2988, 2995]",25,self_attn,,1,model.layers.25.self_attn,aten.mul.Tensor,[],prefill,False
3005,self_attn,,slice,"[[B, n_kv, T, d_head]]",,,"[[B, n_kv, T, d_head/2]]",[2988],25,self_attn,,1,model.layers.25.self_attn,aten.slice.Tensor,[],prefill,True
3006,self_attn,,slice,"[[B, n_kv, T, d_head]]",,,"[[B, n_kv, T, d_head/2]]",[2988],25,self_attn,,1,model.layers.25.self_attn,aten.slice.Tensor,[],prefill,True
3007,self_attn,,neg,"[[B, n_kv, T, d_head/2]]",,,"[[B, n_kv, T, d_head/2]]",[3006],25,self_attn,,1,model.layers.25.self_attn,aten.neg.default,[],prefill,False
3008,self_attn,,concat,"[[B, n_kv, T, d_head/2], [B, n_kv, T, d_head/2]]",,,"[[B, n_kv, T, d_head]]","[3005, 3007]",25,self_attn,,1,model.layers.25.self_attn,aten.cat.default,[],prefill,False
3009,self_attn,,elementwise_mul,"[[B, n_kv, T, d_head], [B, 1, T, d_head]]",,,"[[B, n_kv, T, d_head]]","[2996, 3008]",25,self_attn,,1,model.layers.25.self_attn,aten.mul.Tensor,[],prefill,False
3010,self_attn,,elementwise_add,"[[B, n_kv, T, d_head], [B, n_kv, T, d_head]]",,,"[[B, n_kv, T, d_head]]","[3004, 3009]",25,self_attn,,1,model.layers.25.self_attn,aten.add.Tensor,[],prefill,False
3011,self_attn,,concat,"[[0], [B, n_kv, T, d_head]]",,,"[[B, n_kv, T, d_head]]",[3010],25,self_attn,,1,model.layers.25.self_attn,aten.cat.default,[],prefill,False
3012,self_attn,,concat,"[[0], [B, n_kv, T, d_head]]",,,"[[B, n_kv, T, d_head]]",[2994],25,self_attn,,1,model.layers.25.self_attn,aten.cat.default,[],prefill,False
3013,self_attn,,unsqueeze,"[[B, n_kv, T, d_head]]",,,"[[B, n_kv, 1, T, d_head]]",[3011],25,self_attn,,1,model.layers.25.self_attn,aten.unsqueeze.default,[],prefill,True
3014,self_attn,,expand,"[[B, n_kv, 1, T, d_head]]",,,"[[B, n_kv, n_h/n_kv, T, d_head]]",[3013],25,self_attn,,1,model.layers.25.self_attn,aten.expand.default,[],prefill,True
3015,self_attn,,clone,"[[B, n_kv, n_h/n_kv, T, d_head]]",,,"[[B, n_kv, n_h/n_kv, T, d_head]]",[3014],25,self_attn,,1,model.layers.25.self_attn,aten.clone.default,[],prefill,True
3016,self_attn,,_unsafe_view,"[[B, n_kv, n_h/n_kv, T, d_head]]",,,"[[B, n_h, T, d_head]]",[3015],25,self_attn,,1,model.layers.25.self_attn,aten._unsafe_view.default,[],prefill,True
3017,self_attn,,unsqueeze,"[[B, n_kv, T, d_head]]",,,"[[B, n_kv, 1, T, d_head]]",[3012],25,self_attn,,1,model.layers.25.self_attn,aten.unsqueeze.default,[],prefill,True
3018,self_attn,,expand,"[[B, n_kv, 1, T, d_head]]",,,"[[B, n_kv, n_h/n_kv, T, d_head]]",[3017],25,self_attn,,1,model.layers.25.self_attn,aten.expand.default,[],prefill,True
3019,self_attn,,clone,"[[B, n_kv, n_h/n_kv, T, d_head]]",,,"[[B, n_kv, n_h/n_kv, T, d_head]]",[3018],25,self_attn,,1,model.layers.25.self_attn,aten.clone.default,[],prefill,True
3020,self_attn,,_unsafe_view,"[[B, n_kv, n_h/n_kv, T, d_head]]",,,"[[B, n_h, T, d_head]]",[3019],25,self_attn,,1,model.layers.25.self_attn,aten._unsafe_view.default,[],prefill,True
3021,self_attn,,transpose,"[[B, n_h, T, d_head]]",,,"[[B, n_h, d_head, T]]",[3016],25,self_attn,,1,model.layers.25.self_attn,aten.transpose.int,[],prefill,True
3022,self_attn,,expand,"[[B, n_h, T, d_head]]",,,"[[B, n_h, T, d_head]]",[3003],25,self_attn,,1,model.layers.25.self_attn,aten.expand.default,[],prefill,True
3023,self_attn,,view,"[[B, n_h, T, d_head]]",,,"[[n_h, T, d_head]]",[3022],25,self_attn,,1,model.layers.25.self_attn,aten.view.default,[],prefill,True
3024,self_attn,,expand,"[[B, n_h, d_head, T]]",,,"[[B, n_h, d_head, T]]",[3021],25,self_attn,,1,model.layers.25.self_attn,aten.expand.default,[],prefill,True
3025,self_attn,,view,"[[B, n_h, d_head, T]]",,,"[[n_h, d_head, T]]",[3024],25,self_attn,,1,model.layers.25.self_attn,aten.view.default,[],prefill,True
3026,self_attn,,batched_matmul,"[[n_h, T, d_head], [n_h, d_head, T]]",,,"[[n_h, T, T]]","[3023, 3025]",25,self_attn,,1,model.layers.25.self_attn,aten.bmm.default,[],prefill,False
3027,self_attn,,_unsafe_view,"[[n_h, T, T]]",,,"[[B, n_h, T, T]]",[3026],25,self_attn,,1,model.layers.25.self_attn,aten._unsafe_view.default,[],prefill,True
3028,self_attn,,elementwise_mul,"[[B, n_h, T, T]]",,,"[[B, n_h, T, T]]",[3027],25,self_attn,,1,model.layers.25.self_attn,aten.mul.Tensor,[],prefill,False
3029,self_attn,,div,"[[B, n_h, T, T]]",,,"[[B, n_h, T, T]]",[3028],25,self_attn,,1,model.layers.25.self_attn,aten.div.Tensor,[],prefill,True
3030,self_attn,,tanh,"[[B, n_h, T, T]]",,,"[[B, n_h, T, T]]",[3029],25,self_attn,,1,model.layers.25.self_attn,aten.tanh.default,[],prefill,False
3031,self_attn,,elementwise_mul,"[[B, n_h, T, T]]",,,"[[B, n_h, T, T]]",[3030],25,self_attn,,1,model.layers.25.self_attn,aten.mul.Tensor,[],prefill,False
3032,self_attn,,elementwise_add,"[[B, n_h, T, T], [B, 1, T, T]]",,,"[[B, n_h, T, T]]","[36, 3031]",25,self_attn,,1,model.layers.25.self_attn,aten.add.Tensor,[],prefill,False
3033,self_attn,,softmax,"[[B, n_h, T, T]]",,,"[[B, n_h, T, T]]",[3032],25,self_attn,,1,model.layers.25.self_attn,aten._softmax.default,[],prefill,False
3034,self_attn,,expand,"[[B, n_h, T, T]]",,,"[[B, n_h, T, T]]",[3033],25,self_attn,,1,model.layers.25.self_attn,aten.expand.default,[],prefill,True
3035,self_attn,,view,"[[B, n_h, T, T]]",,,"[[n_h, T, T]]",[3034],25,self_attn,,1,model.layers.25.self_attn,aten.view.default,[],prefill,True
3036,self_attn,,expand,"[[B, n_h, T, d_head]]",,,"[[B, n_h, T, d_head]]",[3020],25,self_attn,,1,model.layers.25.self_attn,aten.expand.default,[],prefill,True
3037,self_attn,,view,"[[B, n_h, T, d_head]]",,,"[[n_h, T, d_head]]",[3036],25,self_attn,,1,model.layers.25.self_attn,aten.view.default,[],prefill,True
3038,self_attn,,batched_matmul,"[[n_h, T, T], [n_h, T, d_head]]",,,"[[n_h, T, d_head]]","[3035, 3037]",25,self_attn,,1,model.layers.25.self_attn,aten.bmm.default,[],prefill,False
3039,self_attn,,_unsafe_view,"[[n_h, T, d_head]]",,,"[[B, n_h, T, d_head]]",[3038],25,self_attn,,1,model.layers.25.self_attn,aten._unsafe_view.default,[],prefill,True
3040,self_attn,,transpose,"[[B, n_h, T, d_head]]",,,"[[B, T, n_h, d_head]]",[3039],25,self_attn,,1,model.layers.25.self_attn,aten.transpose.int,[],prefill,True
3041,self_attn,,clone,"[[B, T, n_h, d_head]]",,,"[[B, T, n_h, d_head]]",[3040],25,self_attn,,1,model.layers.25.self_attn,aten.clone.default,[],prefill,True
3042,self_attn,,view,"[[B, T, n_h, d_head]]",,,"[[B, T, n_h*d_head]]",[3041],25,self_attn,,1,model.layers.25.self_attn,aten.view.default,[],prefill,True
3043,self_attn,o_proj,t,"[[d_model, n_h*d_head]]","[d_model, n_h*d_head]",0,"[[n_h*d_head, d_model]]",[],25,self_attn,o_proj,2,model.layers.25.self_attn.o_proj,aten.t.default,[model.layers.25.self_attn.o_proj.weight],prefill,True
3044,self_attn,o_proj,view,"[[B, T, n_h*d_head]]",,,"[[T, n_h*d_head]]",[3042],25,self_attn,o_proj,2,model.layers.25.self_attn.o_proj,aten.view.default,[],prefill,True
3045,self_attn,o_proj,matmul,"[[T, n_h*d_head], [n_h*d_head, d_model]]","[d_model, n_h*d_head]",1,"[[T, d_model]]","[3043, 3044]",25,self_attn,o_proj,2,model.layers.25.self_attn.o_proj,aten.mm.default,[model.layers.25.self_attn.o_proj.weight],prefill,False
3046,self_attn,o_proj,_unsafe_view,"[[T, d_model]]",,,"[[B, T, d_model]]",[3045],25,self_attn,o_proj,2,model.layers.25.self_attn.o_proj,aten._unsafe_view.default,[],prefill,True
3047,post_attention_layernorm,,pow,"[[B, T, d_model]]",,,"[[B, T, d_model]]",[3046],25,post_attention_layernorm,,1,model.layers.25.post_attention_layernorm,aten.pow.Tensor_Scalar,[],prefill,False
3048,post_attention_layernorm,,mean,"[[B, T, d_model]]",,,"[[B, T, 1]]",[3047],25,post_attention_layernorm,,1,model.layers.25.post_attention_layernorm,aten.mean.dim,[],prefill,False
3049,post_attention_layernorm,,elementwise_add,"[[B, T, 1]]",,,"[[B, T, 1]]",[3048],25,post_attention_layernorm,,1,model.layers.25.post_attention_layernorm,aten.add.Tensor,[],prefill,False
3050,post_attention_layernorm,,rsqrt,"[[B, T, 1]]",,,"[[B, T, 1]]",[3049],25,post_attention_layernorm,,1,model.layers.25.post_attention_layernorm,aten.rsqrt.default,[],prefill,False
3051,post_attention_layernorm,,elementwise_mul,"[[B, T, d_model], [B, T, 1]]",,,"[[B, T, d_model]]","[3046, 3050]",25,post_attention_layernorm,,1,model.layers.25.post_attention_layernorm,aten.mul.Tensor,[],prefill,False
3052,post_attention_layernorm,,elementwise_add,[[d_model]],,,[[d_model]],[],25,post_attention_layernorm,,1,model.layers.25.post_attention_layernorm,aten.add.Tensor,[model.layers.25.post_attention_layernorm.weight],prefill,False
3053,post_attention_layernorm,,elementwise_mul,"[[B, T, d_model], [d_model]]",,,"[[B, T, d_model]]","[3051, 3052]",25,post_attention_layernorm,,1,model.layers.25.post_attention_layernorm,aten.mul.Tensor,[],prefill,False
3054,,,elementwise_add,"[[B, T, d_model], [B, T, d_model]]",,,"[[B, T, d_model]]","[2969, 3053]",25,,,0,model.layers.25,aten.add.Tensor,[],prefill,False
3055,pre_feedforward_layernorm,,pow,"[[B, T, d_model]]",,,"[[B, T, d_model]]",[3054],25,pre_feedforward_layernorm,,1,model.layers.25.pre_feedforward_layernorm,aten.pow.Tensor_Scalar,[],prefill,False
3056,pre_feedforward_layernorm,,mean,"[[B, T, d_model]]",,,"[[B, T, 1]]",[3055],25,pre_feedforward_layernorm,,1,model.layers.25.pre_feedforward_layernorm,aten.mean.dim,[],prefill,False
3057,pre_feedforward_layernorm,,elementwise_add,"[[B, T, 1]]",,,"[[B, T, 1]]",[3056],25,pre_feedforward_layernorm,,1,model.layers.25.pre_feedforward_layernorm,aten.add.Tensor,[],prefill,False
3058,pre_feedforward_layernorm,,rsqrt,"[[B, T, 1]]",,,"[[B, T, 1]]",[3057],25,pre_feedforward_layernorm,,1,model.layers.25.pre_feedforward_layernorm,aten.rsqrt.default,[],prefill,False
3059,pre_feedforward_layernorm,,elementwise_mul,"[[B, T, d_model], [B, T, 1]]",,,"[[B, T, d_model]]","[3054, 3058]",25,pre_feedforward_layernorm,,1,model.layers.25.pre_feedforward_layernorm,aten.mul.Tensor,[],prefill,False
3060,pre_feedforward_layernorm,,elementwise_add,[[d_model]],,,[[d_model]],[],25,pre_feedforward_layernorm,,1,model.layers.25.pre_feedforward_layernorm,aten.add.Tensor,[model.layers.25.pre_feedforward_layernorm.weight],prefill,False
3061,pre_feedforward_layernorm,,elementwise_mul,"[[B, T, d_model], [d_model]]",,,"[[B, T, d_model]]","[3059, 3060]",25,pre_feedforward_layernorm,,1,model.layers.25.pre_feedforward_layernorm,aten.mul.Tensor,[],prefill,False
3062,mlp,gate_proj,t,"[[d_ff, d_model]]","[d_ff, d_model]",0,"[[d_model, d_ff]]",[],25,mlp,gate_proj,2,model.layers.25.mlp.gate_proj,aten.t.default,[model.layers.25.mlp.gate_proj.weight],prefill,True
3063,mlp,gate_proj,view,"[[B, T, d_model]]",,,"[[T, d_model]]",[3061],25,mlp,gate_proj,2,model.layers.25.mlp.gate_proj,aten.view.default,[],prefill,True
3064,mlp,gate_proj,matmul,"[[T, d_model], [d_model, d_ff]]","[d_ff, d_model]",1,"[[T, d_ff]]","[3062, 3063]",25,mlp,gate_proj,2,model.layers.25.mlp.gate_proj,aten.mm.default,[model.layers.25.mlp.gate_proj.weight],prefill,False
3065,mlp,gate_proj,_unsafe_view,"[[T, d_ff]]",,,"[[B, T, d_ff]]",[3064],25,mlp,gate_proj,2,model.layers.25.mlp.gate_proj,aten._unsafe_view.default,[],prefill,True
3066,mlp,act_fn,gelu,"[[B, T, d_ff]]",,,"[[B, T, d_ff]]",[3065],25,mlp,act_fn,2,model.layers.25.mlp.act_fn,aten.gelu.default,[],prefill,False
3067,mlp,up_proj,t,"[[d_ff, d_model]]","[d_ff, d_model]",0,"[[d_model, d_ff]]",[],25,mlp,up_proj,2,model.layers.25.mlp.up_proj,aten.t.default,[model.layers.25.mlp.up_proj.weight],prefill,True
3068,mlp,up_proj,view,"[[B, T, d_model]]",,,"[[T, d_model]]",[3061],25,mlp,up_proj,2,model.layers.25.mlp.up_proj,aten.view.default,[],prefill,True
3069,mlp,up_proj,matmul,"[[T, d_model], [d_model, d_ff]]","[d_ff, d_model]",1,"[[T, d_ff]]","[3067, 3068]",25,mlp,up_proj,2,model.layers.25.mlp.up_proj,aten.mm.default,[model.layers.25.mlp.up_proj.weight],prefill,False
3070,mlp,up_proj,_unsafe_view,"[[T, d_ff]]",,,"[[B, T, d_ff]]",[3069],25,mlp,up_proj,2,model.layers.25.mlp.up_proj,aten._unsafe_view.default,[],prefill,True
3071,mlp,,elementwise_mul,"[[B, T, d_ff], [B, T, d_ff]]",,,"[[B, T, d_ff]]","[3066, 3070]",25,mlp,,1,model.layers.25.mlp,aten.mul.Tensor,[],prefill,False
3072,mlp,down_proj,t,"[[d_model, d_ff]]","[d_model, d_ff]",0,"[[d_ff, d_model]]",[],25,mlp,down_proj,2,model.layers.25.mlp.down_proj,aten.t.default,[model.layers.25.mlp.down_proj.weight],prefill,True
3073,mlp,down_proj,view,"[[B, T, d_ff]]",,,"[[T, d_ff]]",[3071],25,mlp,down_proj,2,model.layers.25.mlp.down_proj,aten.view.default,[],prefill,True
3074,mlp,down_proj,matmul,"[[T, d_ff], [d_ff, d_model]]","[d_model, d_ff]",1,"[[T, d_model]]","[3072, 3073]",25,mlp,down_proj,2,model.layers.25.mlp.down_proj,aten.mm.default,[model.layers.25.mlp.down_proj.weight],prefill,False
3075,mlp,down_proj,_unsafe_view,"[[T, d_model]]",,,"[[B, T, d_model]]",[3074],25,mlp,down_proj,2,model.layers.25.mlp.down_proj,aten._unsafe_view.default,[],prefill,True
3076,post_feedforward_layernorm,,pow,"[[B, T, d_model]]",,,"[[B, T, d_model]]",[3075],25,post_feedforward_layernorm,,1,model.layers.25.post_feedforward_layernorm,aten.pow.Tensor_Scalar,[],prefill,False
3077,post_feedforward_layernorm,,mean,"[[B, T, d_model]]",,,"[[B, T, 1]]",[3076],25,post_feedforward_layernorm,,1,model.layers.25.post_feedforward_layernorm,aten.mean.dim,[],prefill,False
3078,post_feedforward_layernorm,,elementwise_add,"[[B, T, 1]]",,,"[[B, T, 1]]",[3077],25,post_feedforward_layernorm,,1,model.layers.25.post_feedforward_layernorm,aten.add.Tensor,[],prefill,False
3079,post_feedforward_layernorm,,rsqrt,"[[B, T, 1]]",,,"[[B, T, 1]]",[3078],25,post_feedforward_layernorm,,1,model.layers.25.post_feedforward_layernorm,aten.rsqrt.default,[],prefill,False
3080,post_feedforward_layernorm,,elementwise_mul,"[[B, T, d_model], [B, T, 1]]",,,"[[B, T, d_model]]","[3075, 3079]",25,post_feedforward_layernorm,,1,model.layers.25.post_feedforward_layernorm,aten.mul.Tensor,[],prefill,False
3081,post_feedforward_layernorm,,elementwise_add,[[d_model]],,,[[d_model]],[],25,post_feedforward_layernorm,,1,model.layers.25.post_feedforward_layernorm,aten.add.Tensor,[model.layers.25.post_feedforward_layernorm.weight],prefill,False
3082,post_feedforward_layernorm,,elementwise_mul,"[[B, T, d_model], [d_model]]",,,"[[B, T, d_model]]","[3080, 3081]",25,post_feedforward_layernorm,,1,model.layers.25.post_feedforward_layernorm,aten.mul.Tensor,[],prefill,False
3083,,,elementwise_add,"[[B, T, d_model], [B, T, d_model]]",,,"[[B, T, d_model]]","[3054, 3082]",25,,,0,model.layers.25,aten.add.Tensor,[],prefill,False
3084,model,norm,pow,"[[B, T, d_model]]",,,"[[B, T, d_model]]",[3083],,other,,2,model.norm,aten.pow.Tensor_Scalar,[],prefill,False
3085,model,norm,mean,"[[B, T, d_model]]",,,"[[B, T, 1]]",[3084],,other,,2,model.norm,aten.mean.dim,[],prefill,False
3086,model,norm,elementwise_add,"[[B, T, 1]]",,,"[[B, T, 1]]",[3085],,other,,2,model.norm,aten.add.Tensor,[],prefill,False
3087,model,norm,rsqrt,"[[B, T, 1]]",,,"[[B, T, 1]]",[3086],,other,,2,model.norm,aten.rsqrt.default,[],prefill,False
3088,model,norm,elementwise_mul,"[[B, T, d_model], [B, T, 1]]",,,"[[B, T, d_model]]","[3083, 3087]",,other,,2,model.norm,aten.mul.Tensor,[],prefill,False
3089,model,norm,elementwise_add,[[d_model]],,,[[d_model]],[],,other,,2,model.norm,aten.add.Tensor,[model.norm.weight],prefill,False
3090,model,norm,elementwise_mul,"[[B, T, d_model], [d_model]]",,,"[[B, T, d_model]]","[3088, 3089]",,other,,2,model.norm,aten.mul.Tensor,[],prefill,False
3091,,,alias,"[[B, T, d_model]]",,,"[[B, T, d_model]]",[3090],,other,,0,,aten.alias.default,[],prefill,True
3092,lm_head,,t,"[[V, d_model]]","[V, d_model]",0,"[[d_model, V]]",[],,other,,1,lm_head,aten.t.default,[model.embed_tokens.weight],prefill,True
3093,lm_head,,view,"[[B, T, d_model]]",,,"[[T, d_model]]",[3091],,other,,1,lm_head,aten.view.default,[],prefill,True
3094,lm_head,,matmul,"[[T, d_model], [d_model, V]]","[V, d_model]",1,"[[T, V]]","[3092, 3093]",,other,,1,lm_head,aten.mm.default,[model.embed_tokens.weight],prefill,False
3095,lm_head,,_unsafe_view,"[[T, V]]",,,"[[B, T, V]]",[3094],,other,,1,lm_head,aten._unsafe_view.default,[],prefill,True
3096,,,div,"[[B, T, V]]",,,"[[B, T, V]]",[3095],,other,,0,,aten.div.Tensor,[],prefill,True
3097,,,tanh,"[[B, T, V]]",,,"[[B, T, V]]",[3096],,other,,0,,aten.tanh.default,[],prefill,False
3098,,,elementwise_mul,"[[B, T, V]]",,,"[[B, T, V]]",[3097],,other,,0,,aten.mul.Tensor,[],prefill,False
