op_id,h1,h2,op_type,input_shape,weight_shape,weight_pos,output_shape,depends_on,layer_idx,block,sub_block,depth,module_path,raw_op,params,phase,unmapped
0,model,embed_tokens,embedding,"[[V, d_model], [B, 1]]","[V, d_model]",0,"[[B, 1, d_model]]",[],,other,,2,model.embed_tokens,aten.embedding.default,[model.embed_tokens.weight],decode,False
1,model,,unsqueeze,"[[B, 1]]",,,"[[B, 1, 1]]",[],,other,,1,model,aten.unsqueeze.default,[],decode,True
2,model,,expand,"[[B, 1, 1]]",,,"[[4, B, 1]]",[1],,other,,1,model,aten.expand.default,[],decode,True
3,model,,select,"[[4, B, 1]]",,,"[[B, 1]]",[2],,other,,1,model,aten.select.int,[],decode,True
4,model,,slice,"[[4, B, 1]]",,,"[[3, B, 1]]",[2],,other,,1,model,aten.slice.Tensor,[],decode,True
5,model,,arange,[],,,[[B]],[],,other,,1,model,aten.arange.default,[],decode,True
6,model,,arange,[],,,[[B]],[],,other,,1,model,aten.arange.default,[],decode,True
7,model,,arange,[],,,[[B]],[],,other,,1,model,aten.arange.default,[],decode,True
8,model,,elementwise_add,[[B]],,,[[B]],[7],,other,,1,model,aten.add.Tensor,[],decode,False
9,model,,arange,[],,,[[T+1]],[],,other,,1,model,aten.arange.default,[],decode,True
10,model,,elementwise_add,[[T+1]],,,[[T+1]],[9],,other,,1,model,aten.add.Tensor,[],decode,False
11,model,,unsqueeze,[[B]],,,"[[B, 1]]",[5],,other,,1,model,aten.unsqueeze.default,[],decode,True
12,model,,unsqueeze,"[[B, 1]]",,,"[[B, 1, 1]]",[11],,other,,1,model,aten.unsqueeze.default,[],decode,True
13,model,,unsqueeze,"[[B, 1, 1]]",,,"[[B, 1, 1, 1]]",[12],,other,,1,model,aten.unsqueeze.default,[],decode,True
14,model,,unsqueeze,[[B]],,,"[[B, 1]]",[6],,other,,1,model,aten.unsqueeze.default,[],decode,True
15,model,,unsqueeze,"[[B, 1]]",,,"[[B, 1, 1]]",[14],,other,,1,model,aten.unsqueeze.default,[],decode,True
16,model,,unsqueeze,"[[B, 1, 1]]",,,"[[B, 1, 1, 1]]",[15],,other,,1,model,aten.unsqueeze.default,[],decode,True
17,model,,unsqueeze,[[B]],,,"[[B, 1]]",[8],,other,,1,model,aten.unsqueeze.default,[],decode,True
18,model,,unsqueeze,"[[B, 1]]",,,"[[B, 1, 1]]",[17],,other,,1,model,aten.unsqueeze.default,[],decode,True
19,model,,unsqueeze,"[[B, 1, 1]]",,,"[[B, 1, 1, 1]]",[18],,other,,1,model,aten.unsqueeze.default,[],decode,True
20,model,,unsqueeze,[[T+1]],,,"[[B, T+1]]",[10],,other,,1,model,aten.unsqueeze.default,[],decode,True
21,model,,unsqueeze,"[[B, T+1]]",,,"[[B, 1, T+1]]",[20],,other,,1,model,aten.unsqueeze.default,[],decode,True
22,model,,unsqueeze,"[[B, 1, T+1]]",,,"[[B, 1, 1, T+1]]",[21],,other,,1,model,aten.unsqueeze.default,[],decode,True
23,model,,le,"[[B, 1, 1, T+1], [B, 1, 1, 1]]",,,"[[B, 1, 1, T+1]]","[19, 22]",,other,,1,model,aten.le.Tensor,[],decode,True
24,model,,expand,"[[B, 1, 1, T+1]]",,,"[[B, 1, 1, T+1]]",[23],,other,,1,model,aten.expand.default,[],decode,True
25,model,,scalar_tensor,[],,,[[]],[],,other,,1,model,aten.scalar_tensor.default,[],decode,True
26,model,,where,"[[B, 1, 1, T+1], [], []]",,,"[[B, 1, 1, T+1]]","[24, 25]",,other,,1,model,aten.where.self,[],decode,True
27,model,rotary_emb,unsqueeze,[[d_rope/2]],,,"[[B, d_rope/2]]",[],,other,,2,model.rotary_emb,aten.unsqueeze.default,[model.rotary_emb.inv_freq],decode,True
28,model,rotary_emb,unsqueeze,"[[B, d_rope/2]]",,,"[[B, 1, d_rope/2]]",[27],,other,,2,model.rotary_emb,aten.unsqueeze.default,[],decode,True
29,model,rotary_emb,unsqueeze,"[[B, 1, d_rope/2]]",,,"[[B, 1, d_rope/2, 1]]",[28],,other,,2,model.rotary_emb,aten.unsqueeze.default,[],decode,True
30,model,rotary_emb,expand,"[[B, 1, d_rope/2, 1]]",,,"[[3, B, d_rope/2, 1]]",[29],,other,,2,model.rotary_emb,aten.expand.default,[],decode,True
31,model,rotary_emb,unsqueeze,"[[3, B, 1]]",,,"[[3, 1, 1, 1]]",[4],,other,,2,model.rotary_emb,aten.unsqueeze.default,[],decode,True
32,model,rotary_emb,_to_copy,"[[3, 1, 1, 1]]",,,"[[3, 1, 1, 1]]",[31],,other,,2,model.rotary_emb,aten._to_copy.default,[],decode,True
33,model,rotary_emb,expand,"[[3, B, d_rope/2, 1]]",,,"[[3, B, d_rope/2, 1]]",[30],,other,,2,model.rotary_emb,aten.expand.default,[],decode,True
34,model,rotary_emb,view,"[[3, B, d_rope/2, 1]]",,,"[[3, d_rope/2, B]]",[33],,other,,2,model.rotary_emb,aten.view.default,[],decode,True
35,model,rotary_emb,expand,"[[3, 1, 1, 1]]",,,"[[3, 1, 1, 1]]",[32],,other,,2,model.rotary_emb,aten.expand.default,[],decode,True
36,model,rotary_emb,view,"[[3, 1, 1, 1]]",,,"[[3, B, 1]]",[35],,other,,2,model.rotary_emb,aten.view.default,[],decode,True
37,model,rotary_emb,batched_matmul,"[[3, d_rope/2, B], [3, B, 1]]",,,"[[3, d_rope/2, B]]","[34, 36]",,other,,2,model.rotary_emb,aten.bmm.default,[],decode,False
38,model,rotary_emb,_unsafe_view,"[[3, d_rope/2, B]]",,,"[[3, B, d_rope/2, 1]]",[37],,other,,2,model.rotary_emb,aten._unsafe_view.default,[],decode,True
39,model,rotary_emb,transpose,"[[3, B, d_rope/2, 1]]",,,"[[3, B, 1, d_rope/2]]",[38],,other,,2,model.rotary_emb,aten.transpose.int,[],decode,True
40,model,rotary_emb,select,"[[3, B, 1, d_rope/2]]",,,"[[B, 1, d_rope/2]]",[39],,other,,2,model.rotary_emb,aten.select.int,[],decode,True
41,model,rotary_emb,select,"[[3, B, 1, d_rope/2]]",,,"[[B, 1, d_rope/2]]",[39],,other,,2,model.rotary_emb,aten.select.int,[],decode,True
42,model,rotary_emb,slice,"[[B, 1, d_rope/2]]",,,"[[B, 1, 11]]",[41],,other,,2,model.rotary_emb,aten.slice.Tensor,[],decode,True
43,model,rotary_emb,slice,"[[B, 1, d_rope/2]]",,,"[[B, 1, 11]]",[40],,other,,2,model.rotary_emb,aten.slice.Tensor,[],decode,True
44,model,rotary_emb,copy_,"[[B, 1, 11], [B, 1, 11]]",,,"[[B, 1, 11]]","[42, 43]",,other,,2,model.rotary_emb,aten.copy_.default,[],decode,True
45,model,rotary_emb,select,"[[3, B, 1, d_rope/2]]",,,"[[B, 1, d_rope/2]]",[39],,other,,2,model.rotary_emb,aten.select.int,[],decode,True
46,model,rotary_emb,slice,"[[B, 1, d_rope/2]]",,,"[[B, 1, 10]]",[45],,other,,2,model.rotary_emb,aten.slice.Tensor,[],decode,True
47,model,rotary_emb,slice,"[[B, 1, d_rope/2]]",,,"[[B, 1, 10]]",[40],,other,,2,model.rotary_emb,aten.slice.Tensor,[],decode,True
48,model,rotary_emb,copy_,"[[B, 1, 10], [B, 1, 10]]",,,"[[B, 1, 10]]","[46, 47]",,other,,2,model.rotary_emb,aten.copy_.default,[],decode,True
49,model,rotary_emb,concat,"[[B, 1, d_rope/2], [B, 1, d_rope/2]]",,,"[[B, 1, d_rope]]",[40],,other,,2,model.rotary_emb,aten.cat.default,[],decode,False
50,model,rotary_emb,cos,"[[B, 1, d_rope]]",,,"[[B, 1, d_rope]]",[49],,other,,2,model.rotary_emb,aten.cos.default,[],decode,False
51,model,rotary_emb,elementwise_mul,"[[B, 1, d_rope]]",,,"[[B, 1, d_rope]]",[50],,other,,2,model.rotary_emb,aten.mul.Tensor,[],decode,False
52,model,rotary_emb,sin,"[[B, 1, d_rope]]",,,"[[B, 1, d_rope]]",[49],,other,,2,model.rotary_emb,aten.sin.default,[],decode,False
53,model,rotary_emb,elementwise_mul,"[[B, 1, d_rope]]",,,"[[B, 1, d_rope]]",[52],,other,,2,model.rotary_emb,aten.mul.Tensor,[],decode,False
54,model,rotary_emb,_to_copy,"[[B, 1, d_rope]]",,,"[[B, 1, d_rope]]",[51],,other,,2,model.rotary_emb,aten._to_copy.default,[],decode,True
55,model,rotary_emb,_to_copy,"[[B, 1, d_rope]]",,,"[[B, 1, d_rope]]",[53],,other,,2,model.rotary_emb,aten._to_copy.default,[],decode,True
56,input_layernorm,,_to_copy,"[[B, 1, d_model]]",,,"[[B, 1, d_model]]",[0],0,input_layernorm,,1,model.layers.0.input_layernorm,aten._to_copy.default,[],decode,True
57,input_layernorm,,pow,"[[B, 1, d_model]]",,,"[[B, 1, d_model]]",[56],0,input_layernorm,,1,model.layers.0.input_layernorm,aten.pow.Tensor_Scalar,[],decode,False
58,input_layernorm,,mean,"[[B, 1, d_model]]",,,"[[B, 1, 1]]",[57],0,input_layernorm,,1,model.layers.0.input_layernorm,aten.mean.dim,[],decode,False
59,input_layernorm,,elementwise_add,"[[B, 1, 1]]",,,"[[B, 1, 1]]",[58],0,input_layernorm,,1,model.layers.0.input_layernorm,aten.add.Tensor,[],decode,False
60,input_layernorm,,rsqrt,"[[B, 1, 1]]",,,"[[B, 1, 1]]",[59],0,input_layernorm,,1,model.layers.0.input_layernorm,aten.rsqrt.default,[],decode,False
61,input_layernorm,,elementwise_mul,"[[B, 1, d_model], [B, 1, 1]]",,,"[[B, 1, d_model]]","[56, 60]",0,input_layernorm,,1,model.layers.0.input_layernorm,aten.mul.Tensor,[],decode,False
62,input_layernorm,,_to_copy,[[d_model]],,,[[d_model]],[],0,input_layernorm,,1,model.layers.0.input_layernorm,aten._to_copy.default,[model.layers.0.input_layernorm.weight],decode,True
63,input_layernorm,,elementwise_add,[[d_model]],,,[[d_model]],[62],0,input_layernorm,,1,model.layers.0.input_layernorm,aten.add.Tensor,[model.layers.0.input_layernorm.weight],decode,False
64,input_layernorm,,elementwise_mul,"[[B, 1, d_model], [d_model]]",,,"[[B, 1, d_model]]","[61, 63]",0,input_layernorm,,1,model.layers.0.input_layernorm,aten.mul.Tensor,[],decode,False
65,input_layernorm,,_to_copy,"[[B, 1, d_model]]",,,"[[B, 1, d_model]]",[64],0,input_layernorm,,1,model.layers.0.input_layernorm,aten._to_copy.default,[],decode,True
66,linear_attn,in_proj_qkv,t,"[[2*d_k_lin+d_v_lin, d_model]]","[2*d_k_lin+d_v_lin, d_model]",0,"[[d_model, 2*d_k_lin+d_v_lin]]",[],0,linear_attn,in_proj_qkv,2,model.layers.0.linear_attn.in_proj_qkv,aten.t.default,[model.layers.0.linear_attn.in_proj_qkv.weight],decode,True
67,linear_attn,in_proj_qkv,view,"[[B, 1, d_model]]",,,"[[B, d_model]]",[65],0,linear_attn,in_proj_qkv,2,model.layers.0.linear_attn.in_proj_qkv,aten.view.default,[],decode,True
68,linear_attn,in_proj_qkv,matmul,"[[B, d_model], [d_model, 2*d_k_lin+d_v_lin]]","[2*d_k_lin+d_v_lin, d_model]",1,"[[B, 2*d_k_lin+d_v_lin]]","[66, 67]",0,linear_attn,in_proj_qkv,2,model.layers.0.linear_attn.in_proj_qkv,aten.mm.default,[model.layers.0.linear_attn.in_proj_qkv.weight],decode,False
69,linear_attn,in_proj_qkv,_unsafe_view,"[[B, 2*d_k_lin+d_v_lin]]",,,"[[B, 1, 2*d_k_lin+d_v_lin]]",[68],0,linear_attn,in_proj_qkv,2,model.layers.0.linear_attn.in_proj_qkv,aten._unsafe_view.default,[],decode,True
70,linear_attn,,transpose,"[[B, 1, 2*d_k_lin+d_v_lin]]",,,"[[B, 2*d_k_lin+d_v_lin, 1]]",[69],0,linear_attn,,1,model.layers.0.linear_attn,aten.transpose.int,[],decode,True
71,linear_attn,in_proj_z,t,"[[n_v*d_v, d_model]]","[n_v*d_v, d_model]",0,"[[d_model, n_v*d_v]]",[],0,linear_attn,in_proj_z,2,model.layers.0.linear_attn.in_proj_z,aten.t.default,[model.layers.0.linear_attn.in_proj_z.weight],decode,True
72,linear_attn,in_proj_z,view,"[[B, 1, d_model]]",,,"[[B, d_model]]",[65],0,linear_attn,in_proj_z,2,model.layers.0.linear_attn.in_proj_z,aten.view.default,[],decode,True
73,linear_attn,in_proj_z,matmul,"[[B, d_model], [d_model, n_v*d_v]]","[n_v*d_v, d_model]",1,"[[B, n_v*d_v]]","[71, 72]",0,linear_attn,in_proj_z,2,model.layers.0.linear_attn.in_proj_z,aten.mm.default,[model.layers.0.linear_attn.in_proj_z.weight],decode,False
74,linear_attn,in_proj_z,_unsafe_view,"[[B, n_v*d_v]]",,,"[[B, 1, n_v*d_v]]",[73],0,linear_attn,in_proj_z,2,model.layers.0.linear_attn.in_proj_z,aten._unsafe_view.default,[],decode,True
75,linear_attn,,view,"[[B, 1, n_v*d_v]]",,,"[[B, 1, n_h_lin_v, d_head_lin_v]]",[74],0,linear_attn,,1,model.layers.0.linear_attn,aten.view.default,[],decode,True
76,linear_attn,in_proj_b,t,"[[n_h_lin_v, d_model]]","[n_h_lin_v, d_model]",0,"[[d_model, n_h_lin_v]]",[],0,linear_attn,in_proj_b,2,model.layers.0.linear_attn.in_proj_b,aten.t.default,[model.layers.0.linear_attn.in_proj_b.weight],decode,True
77,linear_attn,in_proj_b,view,"[[B, 1, d_model]]",,,"[[B, d_model]]",[65],0,linear_attn,in_proj_b,2,model.layers.0.linear_attn.in_proj_b,aten.view.default,[],decode,True
78,linear_attn,in_proj_b,matmul,"[[B, d_model], [d_model, n_h_lin_v]]","[n_h_lin_v, d_model]",1,"[[B, n_h_lin_v]]","[76, 77]",0,linear_attn,in_proj_b,2,model.layers.0.linear_attn.in_proj_b,aten.mm.default,[model.layers.0.linear_attn.in_proj_b.weight],decode,False
79,linear_attn,in_proj_b,_unsafe_view,"[[B, n_h_lin_v]]",,,"[[B, 1, n_h_lin_v]]",[78],0,linear_attn,in_proj_b,2,model.layers.0.linear_attn.in_proj_b,aten._unsafe_view.default,[],decode,True
80,linear_attn,in_proj_a,t,"[[n_h_lin_v, d_model]]","[n_h_lin_v, d_model]",0,"[[d_model, n_h_lin_v]]",[],0,linear_attn,in_proj_a,2,model.layers.0.linear_attn.in_proj_a,aten.t.default,[model.layers.0.linear_attn.in_proj_a.weight],decode,True
81,linear_attn,in_proj_a,view,"[[B, 1, d_model]]",,,"[[B, d_model]]",[65],0,linear_attn,in_proj_a,2,model.layers.0.linear_attn.in_proj_a,aten.view.default,[],decode,True
82,linear_attn,in_proj_a,matmul,"[[B, d_model], [d_model, n_h_lin_v]]","[n_h_lin_v, d_model]",1,"[[B, n_h_lin_v]]","[80, 81]",0,linear_attn,in_proj_a,2,model.layers.0.linear_attn.in_proj_a,aten.mm.default,[model.layers.0.linear_attn.in_proj_a.weight],decode,False
83,linear_attn,in_proj_a,_unsafe_view,"[[B, n_h_lin_v]]",,,"[[B, 1, n_h_lin_v]]",[82],0,linear_attn,in_proj_a,2,model.layers.0.linear_attn.in_proj_a,aten._unsafe_view.default,[],decode,True
84,linear_attn,,squeeze,"[[2*d_k_lin+d_v_lin, 1, d_conv_lin]]","[2*d_k_lin+d_v_lin, 1, d_conv_lin]",0,"[[2*d_k_lin+d_v_lin, d_conv_lin]]",[],0,linear_attn,,1,model.layers.0.linear_attn,aten.squeeze.dim,[model.layers.0.linear_attn.conv1d.weight],decode,True
85,linear_attn,,concat,"[[B, 2*d_k_lin+d_v_lin, d_conv_lin], [B, 2*d_k_lin+d_v_lin, 1]]",,,"[[B, 2*d_k_lin+d_v_lin, 5]]",[70],0,linear_attn,,1,model.layers.0.linear_attn,aten.cat.default,[],decode,False
86,linear_attn,,slice,"[[B, 2*d_k_lin+d_v_lin, 5]]",,,"[[B, 2*d_k_lin+d_v_lin, d_conv_lin]]",[85],0,linear_attn,,1,model.layers.0.linear_attn,aten.slice.Tensor,[],decode,True
87,linear_attn,,copy_,"[[B, 2*d_k_lin+d_v_lin, d_conv_lin], [B, 2*d_k_lin+d_v_lin, d_conv_lin]]",,,"[[B, 2*d_k_lin+d_v_lin, d_conv_lin]]",[86],0,linear_attn,,1,model.layers.0.linear_attn,aten.copy_.default,[],decode,True
88,linear_attn,,unsqueeze,"[[2*d_k_lin+d_v_lin, d_conv_lin]]",,,"[[2*d_k_lin+d_v_lin, 1, d_conv_lin]]",[84],0,linear_attn,,1,model.layers.0.linear_attn,aten.unsqueeze.default,[],decode,True
89,linear_attn,,conv1d,"[[B, 2*d_k_lin+d_v_lin, 5], [2*d_k_lin+d_v_lin, 1, d_conv_lin]]",,,"[[B, 2*d_k_lin+d_v_lin, 2]]","[85, 88]",0,linear_attn,,1,model.layers.0.linear_attn,aten.convolution.default,[],decode,False
90,linear_attn,,slice,"[[B, 2*d_k_lin+d_v_lin, 2]]",,,"[[B, 2*d_k_lin+d_v_lin, 1]]",[89],0,linear_attn,,1,model.layers.0.linear_attn,aten.slice.Tensor,[],decode,True
91,linear_attn,,silu,"[[B, 2*d_k_lin+d_v_lin, 1]]",,,"[[B, 2*d_k_lin+d_v_lin, 1]]",[90],0,linear_attn,,1,model.layers.0.linear_attn,aten.silu.default,[],decode,False
92,linear_attn,,transpose,"[[B, 2*d_k_lin+d_v_lin, 1]]",,,"[[B, 1, 2*d_k_lin+d_v_lin]]",[91],0,linear_attn,,1,model.layers.0.linear_attn,aten.transpose.int,[],decode,True
93,linear_attn,,split_with_sizes,"[[B, 1, 2*d_k_lin+d_v_lin]]",,,"[[B, 1, n_k*d_k], [B, 1, n_k*d_k], [B, 1, n_v*d_v]]",[92],0,linear_attn,,1,model.layers.0.linear_attn,aten.split_with_sizes.default,[],decode,True
94,linear_attn,,view,"[[B, 1, n_k*d_k]]",,,"[[B, 1, n_h_lin_k, d_head_lin_k]]",[93],0,linear_attn,,1,model.layers.0.linear_attn,aten.view.default,[],decode,True
95,linear_attn,,view,"[[B, 1, n_k*d_k]]",,,"[[B, 1, n_h_lin_k, d_head_lin_k]]",[93],0,linear_attn,,1,model.layers.0.linear_attn,aten.view.default,[],decode,True
96,linear_attn,,view,"[[B, 1, n_v*d_v]]",,,"[[B, 1, n_h_lin_v, d_head_lin_v]]",[93],0,linear_attn,,1,model.layers.0.linear_attn,aten.view.default,[],decode,True
97,linear_attn,,sigmoid,"[[B, 1, n_h_lin_v]]",,,"[[B, 1, n_h_lin_v]]",[79],0,linear_attn,,1,model.layers.0.linear_attn,aten.sigmoid.default,[],decode,False
98,linear_attn,,_to_copy,[[n_h_lin_v]],,,[[n_h_lin_v]],[],0,linear_attn,,1,model.layers.0.linear_attn,aten._to_copy.default,[model.layers.0.linear_attn.A_log],decode,True
99,linear_attn,,exp,[[n_h_lin_v]],,,[[n_h_lin_v]],[98],0,linear_attn,,1,model.layers.0.linear_attn,aten.exp.default,[model.layers.0.linear_attn.A_log],decode,False
100,linear_attn,,neg,[[n_h_lin_v]],,,[[n_h_lin_v]],[99],0,linear_attn,,1,model.layers.0.linear_attn,aten.neg.default,[],decode,False
101,linear_attn,,_to_copy,"[[B, 1, n_h_lin_v]]",,,"[[B, 1, n_h_lin_v]]",[83],0,linear_attn,,1,model.layers.0.linear_attn,aten._to_copy.default,[],decode,True
102,linear_attn,,elementwise_add,"[[B, 1, n_h_lin_v], [n_h_lin_v]]",,,"[[B, 1, n_h_lin_v]]",[101],0,linear_attn,,1,model.layers.0.linear_attn,aten.add.Tensor,[model.layers.0.linear_attn.dt_bias],decode,False
103,linear_attn,,softplus,"[[B, 1, n_h_lin_v]]",,,"[[B, 1, n_h_lin_v]]",[102],0,linear_attn,,1,model.layers.0.linear_attn,aten.softplus.default,[],decode,True
104,linear_attn,,elementwise_mul,"[[n_h_lin_v], [B, 1, n_h_lin_v]]",,,"[[B, 1, n_h_lin_v]]","[100, 103]",0,linear_attn,,1,model.layers.0.linear_attn,aten.mul.Tensor,[],decode,False
105,linear_attn,,unsqueeze,"[[B, 1, n_h_lin_k, d_head_lin_k]]",,,"[[B, 1, n_h_lin_k, 1, d_head_lin_k]]",[94],0,linear_attn,,1,model.layers.0.linear_attn,aten.unsqueeze.default,[],decode,True
106,linear_attn,,expand,"[[B, 1, n_h_lin_k, 1, d_head_lin_k]]",,,"[[B, 1, n_h_lin_k, n_v/n_k, d_head_lin_k]]",[105],0,linear_attn,,1,model.layers.0.linear_attn,aten.expand.default,[],decode,True
107,linear_attn,,clone,"[[B, 1, n_h_lin_k, n_v/n_k, d_head_lin_k]]",,,"[[B, 1, n_h_lin_k, n_v/n_k, d_head_lin_k]]",[106],0,linear_attn,,1,model.layers.0.linear_attn,aten.clone.default,[],decode,True
108,linear_attn,,view,"[[B, 1, n_h_lin_k, n_v/n_k, d_head_lin_k]]",,,"[[B, 1, n_h_lin_v, d_head_lin_k]]",[107],0,linear_attn,,1,model.layers.0.linear_attn,aten.view.default,[],decode,True
109,linear_attn,,unsqueeze,"[[B, 1, n_h_lin_k, d_head_lin_k]]",,,"[[B, 1, n_h_lin_k, 1, d_head_lin_k]]",[95],0,linear_attn,,1,model.layers.0.linear_attn,aten.unsqueeze.default,[],decode,True
110,linear_attn,,expand,"[[B, 1, n_h_lin_k, 1, d_head_lin_k]]",,,"[[B, 1, n_h_lin_k, n_v/n_k, d_head_lin_k]]",[109],0,linear_attn,,1,model.layers.0.linear_attn,aten.expand.default,[],decode,True
111,linear_attn,,clone,"[[B, 1, n_h_lin_k, n_v/n_k, d_head_lin_k]]",,,"[[B, 1, n_h_lin_k, n_v/n_k, d_head_lin_k]]",[110],0,linear_attn,,1,model.layers.0.linear_attn,aten.clone.default,[],decode,True
112,linear_attn,,view,"[[B, 1, n_h_lin_k, n_v/n_k, d_head_lin_k]]",,,"[[B, 1, n_h_lin_v, d_head_lin_k]]",[111],0,linear_attn,,1,model.layers.0.linear_attn,aten.view.default,[],decode,True
113,linear_attn,,elementwise_mul,"[[B, 1, n_h_lin_v, d_head_lin_k], [B, 1, n_h_lin_v, d_head_lin_k]]",,,"[[B, 1, n_h_lin_v, d_head_lin_k]]",[108],0,linear_attn,,1,model.layers.0.linear_attn,aten.mul.Tensor,[],decode,False
114,linear_attn,,sum,"[[B, 1, n_h_lin_v, d_head_lin_k]]",,,"[[B, 1, n_h_lin_v, 1]]",[113],0,linear_attn,,1,model.layers.0.linear_attn,aten.sum.dim_IntList,[],decode,True
115,linear_attn,,elementwise_add,"[[B, 1, n_h_lin_v, 1]]",,,"[[B, 1, n_h_lin_v, 1]]",[114],0,linear_attn,,1,model.layers.0.linear_attn,aten.add.Tensor,[],decode,False
116,linear_attn,,rsqrt,"[[B, 1, n_h_lin_v, 1]]",,,"[[B, 1, n_h_lin_v, 1]]",[115],0,linear_attn,,1,model.layers.0.linear_attn,aten.rsqrt.default,[],decode,False
117,linear_attn,,elementwise_mul,"[[B, 1, n_h_lin_v, d_head_lin_k], [B, 1, n_h_lin_v, 1]]",,,"[[B, 1, n_h_lin_v, d_head_lin_k]]","[108, 116]",0,linear_attn,,1,model.layers.0.linear_attn,aten.mul.Tensor,[],decode,False
118,linear_attn,,elementwise_mul,"[[B, 1, n_h_lin_v, d_head_lin_k], [B, 1, n_h_lin_v, d_head_lin_k]]",,,"[[B, 1, n_h_lin_v, d_head_lin_k]]",[112],0,linear_attn,,1,model.layers.0.linear_attn,aten.mul.Tensor,[],decode,False
119,linear_attn,,sum,"[[B, 1, n_h_lin_v, d_head_lin_k]]",,,"[[B, 1, n_h_lin_v, 1]]",[118],0,linear_attn,,1,model.layers.0.linear_attn,aten.sum.dim_IntList,[],decode,True
120,linear_attn,,elementwise_add,"[[B, 1, n_h_lin_v, 1]]",,,"[[B, 1, n_h_lin_v, 1]]",[119],0,linear_attn,,1,model.layers.0.linear_attn,aten.add.Tensor,[],decode,False
121,linear_attn,,rsqrt,"[[B, 1, n_h_lin_v, 1]]",,,"[[B, 1, n_h_lin_v, 1]]",[120],0,linear_attn,,1,model.layers.0.linear_attn,aten.rsqrt.default,[],decode,False
122,linear_attn,,elementwise_mul,"[[B, 1, n_h_lin_v, d_head_lin_k], [B, 1, n_h_lin_v, 1]]",,,"[[B, 1, n_h_lin_v, d_head_lin_k]]","[112, 121]",0,linear_attn,,1,model.layers.0.linear_attn,aten.mul.Tensor,[],decode,False
123,linear_attn,,transpose,"[[B, 1, n_h_lin_v, d_head_lin_k]]",,,"[[B, n_h_lin_v, 1, d_head_lin_k]]",[117],0,linear_attn,,1,model.layers.0.linear_attn,aten.transpose.int,[],decode,True
124,linear_attn,,_to_copy,"[[B, n_h_lin_v, 1, d_head_lin_k]]",,,"[[B, n_h_lin_v, 1, d_head_lin_k]]",[123],0,linear_attn,,1,model.layers.0.linear_attn,aten._to_copy.default,[],decode,True
125,linear_attn,,transpose,"[[B, 1, n_h_lin_v, d_head_lin_k]]",,,"[[B, n_h_lin_v, 1, d_head_lin_k]]",[122],0,linear_attn,,1,model.layers.0.linear_attn,aten.transpose.int,[],decode,True
126,linear_attn,,_to_copy,"[[B, n_h_lin_v, 1, d_head_lin_k]]",,,"[[B, n_h_lin_v, 1, d_head_lin_k]]",[125],0,linear_attn,,1,model.layers.0.linear_attn,aten._to_copy.default,[],decode,True
127,linear_attn,,transpose,"[[B, 1, n_h_lin_v, d_head_lin_v]]",,,"[[B, n_h_lin_v, 1, d_head_lin_v]]",[96],0,linear_attn,,1,model.layers.0.linear_attn,aten.transpose.int,[],decode,True
128,linear_attn,,_to_copy,"[[B, n_h_lin_v, 1, d_head_lin_v]]",,,"[[B, n_h_lin_v, 1, d_head_lin_v]]",[127],0,linear_attn,,1,model.layers.0.linear_attn,aten._to_copy.default,[],decode,True
129,linear_attn,,transpose,"[[B, 1, n_h_lin_v]]",,,"[[B, n_h_lin_v, 1]]",[97],0,linear_attn,,1,model.layers.0.linear_attn,aten.transpose.int,[],decode,True
130,linear_attn,,_to_copy,"[[B, n_h_lin_v, 1]]",,,"[[B, n_h_lin_v, 1]]",[129],0,linear_attn,,1,model.layers.0.linear_attn,aten._to_copy.default,[],decode,True
131,linear_attn,,transpose,"[[B, 1, n_h_lin_v]]",,,"[[B, n_h_lin_v, 1]]",[104],0,linear_attn,,1,model.layers.0.linear_attn,aten.transpose.int,[],decode,True
132,linear_attn,,elementwise_mul,"[[B, n_h_lin_v, 1, d_head_lin_k]]",,,"[[B, n_h_lin_v, 1, d_head_lin_k]]",[124],0,linear_attn,,1,model.layers.0.linear_attn,aten.mul.Tensor,[],decode,False
133,linear_attn,,zeros,[],,,"[[B, n_h_lin_v, 1, d_head_lin_v]]",[],0,linear_attn,,1,model.layers.0.linear_attn,aten.zeros.default,[],decode,True
134,linear_attn,,select,"[[B, n_h_lin_v, 1, d_head_lin_k]]",,,"[[B, n_h_lin_v, d_head_lin_k]]",[132],0,linear_attn,,1,model.layers.0.linear_attn,aten.select.int,[],decode,True
135,linear_attn,,select,"[[B, n_h_lin_v, 1, d_head_lin_k]]",,,"[[B, n_h_lin_v, d_head_lin_k]]",[126],0,linear_attn,,1,model.layers.0.linear_attn,aten.select.int,[],decode,True
136,linear_attn,,select,"[[B, n_h_lin_v, 1, d_head_lin_v]]",,,"[[B, n_h_lin_v, d_head_lin_v]]",[128],0,linear_attn,,1,model.layers.0.linear_attn,aten.select.int,[],decode,True
137,linear_attn,,select,"[[B, n_h_lin_v, 1]]",,,"[[B, n_h_lin_v]]",[131],0,linear_attn,,1,model.layers.0.linear_attn,aten.select.int,[],decode,True
138,linear_attn,,exp,"[[B, n_h_lin_v]]",,,"[[B, n_h_lin_v]]",[137],0,linear_attn,,1,model.layers.0.linear_attn,aten.exp.default,[],decode,False
139,linear_attn,,unsqueeze,"[[B, n_h_lin_v]]",,,"[[B, n_h_lin_v, 1]]",[138],0,linear_attn,,1,model.layers.0.linear_attn,aten.unsqueeze.default,[],decode,True
140,linear_attn,,unsqueeze,"[[B, n_h_lin_v, 1]]",,,"[[B, n_h_lin_v, 1, 1]]",[139],0,linear_attn,,1,model.layers.0.linear_attn,aten.unsqueeze.default,[],decode,True
141,linear_attn,,select,"[[B, n_h_lin_v, 1]]",,,"[[B, n_h_lin_v]]",[130],0,linear_attn,,1,model.layers.0.linear_attn,aten.select.int,[],decode,True
142,linear_attn,,unsqueeze,"[[B, n_h_lin_v]]",,,"[[B, n_h_lin_v, 1]]",[141],0,linear_attn,,1,model.layers.0.linear_attn,aten.unsqueeze.default,[],decode,True
143,linear_attn,,elementwise_mul,"[[B, n_h_lin_v, d_head_lin_k, d_head_lin_v], [B, n_h_lin_v, 1, 1]]",,,"[[B, n_h_lin_v, d_head_lin_k, d_head_lin_v]]",[140],0,linear_attn,,1,model.layers.0.linear_attn,aten.mul.Tensor,[],decode,False
144,linear_attn,,unsqueeze,"[[B, n_h_lin_v, d_head_lin_k]]",,,"[[B, n_h_lin_v, d_head_lin_k, 1]]",[135],0,linear_attn,,1,model.layers.0.linear_attn,aten.unsqueeze.default,[],decode,True
145,linear_attn,,elementwise_mul,"[[B, n_h_lin_v, d_head_lin_k, d_head_lin_v], [B, n_h_lin_v, d_head_lin_k, 1]]",,,"[[B, n_h_lin_v, d_head_lin_k, d_head_lin_v]]","[143, 144]",0,linear_attn,,1,model.layers.0.linear_attn,aten.mul.Tensor,[],decode,False
146,linear_attn,,sum,"[[B, n_h_lin_v, d_head_lin_k, d_head_lin_v]]",,,"[[B, n_h_lin_v, d_head_lin_v]]",[145],0,linear_attn,,1,model.layers.0.linear_attn,aten.sum.dim_IntList,[],decode,True
147,linear_attn,,sub,"[[B, n_h_lin_v, d_head_lin_v], [B, n_h_lin_v, d_head_lin_v]]",,,"[[B, n_h_lin_v, d_head_lin_v]]","[136, 146]",0,linear_attn,,1,model.layers.0.linear_attn,aten.sub.Tensor,[],decode,True
148,linear_attn,,elementwise_mul,"[[B, n_h_lin_v, d_head_lin_v], [B, n_h_lin_v, 1]]",,,"[[B, n_h_lin_v, d_head_lin_v]]","[142, 147]",0,linear_attn,,1,model.layers.0.linear_attn,aten.mul.Tensor,[],decode,False
149,linear_attn,,unsqueeze,"[[B, n_h_lin_v, d_head_lin_k]]",,,"[[B, n_h_lin_v, d_head_lin_k, 1]]",[135],0,linear_attn,,1,model.layers.0.linear_attn,aten.unsqueeze.default,[],decode,True
150,linear_attn,,unsqueeze,"[[B, n_h_lin_v, d_head_lin_v]]",,,"[[B, n_h_lin_v, 1, d_head_lin_v]]",[148],0,linear_attn,,1,model.layers.0.linear_attn,aten.unsqueeze.default,[],decode,True
151,linear_attn,,elementwise_mul,"[[B, n_h_lin_v, d_head_lin_k, 1], [B, n_h_lin_v, 1, d_head_lin_v]]",,,"[[B, n_h_lin_v, d_head_lin_k, d_head_lin_v]]","[149, 150]",0,linear_attn,,1,model.layers.0.linear_attn,aten.mul.Tensor,[],decode,False
152,linear_attn,,elementwise_add,"[[B, n_h_lin_v, d_head_lin_k, d_head_lin_v], [B, n_h_lin_v, d_head_lin_k, d_head_lin_v]]",,,"[[B, n_h_lin_v, d_head_lin_k, d_head_lin_v]]","[143, 151]",0,linear_attn,,1,model.layers.0.linear_attn,aten.add.Tensor,[],decode,False
153,linear_attn,,unsqueeze,"[[B, n_h_lin_v, d_head_lin_k]]",,,"[[B, n_h_lin_v, d_head_lin_k, 1]]",[134],0,linear_attn,,1,model.layers.0.linear_attn,aten.unsqueeze.default,[],decode,True
154,linear_attn,,elementwise_mul,"[[B, n_h_lin_v, d_head_lin_k, d_head_lin_v], [B, n_h_lin_v, d_head_lin_k, 1]]",,,"[[B, n_h_lin_v, d_head_lin_k, d_head_lin_v]]","[152, 153]",0,linear_attn,,1,model.layers.0.linear_attn,aten.mul.Tensor,[],decode,False
155,linear_attn,,sum,"[[B, n_h_lin_v, d_head_lin_k, d_head_lin_v]]",,,"[[B, n_h_lin_v, d_head_lin_v]]",[154],0,linear_attn,,1,model.layers.0.linear_attn,aten.sum.dim_IntList,[],decode,True
156,linear_attn,,select,"[[B, n_h_lin_v, 1, d_head_lin_v]]",,,"[[B, n_h_lin_v, d_head_lin_v]]",[133],0,linear_attn,,1,model.layers.0.linear_attn,aten.select.int,[],decode,True
157,linear_attn,,copy_,"[[B, n_h_lin_v, d_head_lin_v], [B, n_h_lin_v, d_head_lin_v]]",,,"[[B, n_h_lin_v, d_head_lin_v]]","[155, 156]",0,linear_attn,,1,model.layers.0.linear_attn,aten.copy_.default,[],decode,True
158,linear_attn,,transpose,"[[B, n_h_lin_v, 1, d_head_lin_v]]",,,"[[B, 1, n_h_lin_v, d_head_lin_v]]",[133],0,linear_attn,,1,model.layers.0.linear_attn,aten.transpose.int,[],decode,True
159,linear_attn,,_to_copy,"[[B, 1, n_h_lin_v, d_head_lin_v]]",,,"[[B, 1, n_h_lin_v, d_head_lin_v]]",[158],0,linear_attn,,1,model.layers.0.linear_attn,aten._to_copy.default,[],decode,True
160,linear_attn,,copy_,"[[B, n_h_lin_v, d_head_lin_k, d_head_lin_v], [B, n_h_lin_v, d_head_lin_k, d_head_lin_v]]",,,"[[B, n_h_lin_v, d_head_lin_k, d_head_lin_v]]",[152],0,linear_attn,,1,model.layers.0.linear_attn,aten.copy_.default,[],decode,True
161,linear_attn,,view,"[[B, 1, n_h_lin_v, d_head_lin_v]]",,,"[[n_h_lin_v, d_head_lin_v]]",[159],0,linear_attn,,1,model.layers.0.linear_attn,aten.view.default,[],decode,True
162,linear_attn,,view,"[[B, 1, n_h_lin_v, d_head_lin_v]]",,,"[[n_h_lin_v, d_head_lin_v]]",[75],0,linear_attn,,1,model.layers.0.linear_attn,aten.view.default,[],decode,True
163,linear_attn,norm,_to_copy,"[[n_h_lin_v, d_head_lin_v]]",,,"[[n_h_lin_v, d_head_lin_v]]",[161],0,linear_attn,norm,2,model.layers.0.linear_attn.norm,aten._to_copy.default,[],decode,True
164,linear_attn,norm,pow,"[[n_h_lin_v, d_head_lin_v]]",,,"[[n_h_lin_v, d_head_lin_v]]",[163],0,linear_attn,norm,2,model.layers.0.linear_attn.norm,aten.pow.Tensor_Scalar,[],decode,False
165,linear_attn,norm,mean,"[[n_h_lin_v, d_head_lin_v]]",,,"[[n_h_lin_v, B]]",[164],0,linear_attn,norm,2,model.layers.0.linear_attn.norm,aten.mean.dim,[],decode,False
166,linear_attn,norm,elementwise_add,"[[n_h_lin_v, B]]",,,"[[n_h_lin_v, B]]",[165],0,linear_attn,norm,2,model.layers.0.linear_attn.norm,aten.add.Tensor,[],decode,False
167,linear_attn,norm,rsqrt,"[[n_h_lin_v, B]]",,,"[[n_h_lin_v, B]]",[166],0,linear_attn,norm,2,model.layers.0.linear_attn.norm,aten.rsqrt.default,[],decode,False
168,linear_attn,norm,elementwise_mul,"[[n_h_lin_v, d_head_lin_v], [n_h_lin_v, B]]",,,"[[n_h_lin_v, d_head_lin_v]]","[163, 167]",0,linear_attn,norm,2,model.layers.0.linear_attn.norm,aten.mul.Tensor,[],decode,False
169,linear_attn,norm,_to_copy,"[[n_h_lin_v, d_head_lin_v]]",,,"[[n_h_lin_v, d_head_lin_v]]",[168],0,linear_attn,norm,2,model.layers.0.linear_attn.norm,aten._to_copy.default,[],decode,True
170,linear_attn,norm,elementwise_mul,"[[d_head_lin_v], [n_h_lin_v, d_head_lin_v]]",,,"[[n_h_lin_v, d_head_lin_v]]",[169],0,linear_attn,norm,2,model.layers.0.linear_attn.norm,aten.mul.Tensor,[model.layers.0.linear_attn.norm.weight],decode,False
171,linear_attn,norm,_to_copy,"[[n_h_lin_v, d_head_lin_v]]",,,"[[n_h_lin_v, d_head_lin_v]]",[162],0,linear_attn,norm,2,model.layers.0.linear_attn.norm,aten._to_copy.default,[],decode,True
172,linear_attn,norm,silu,"[[n_h_lin_v, d_head_lin_v]]",,,"[[n_h_lin_v, d_head_lin_v]]",[171],0,linear_attn,norm,2,model.layers.0.linear_attn.norm,aten.silu.default,[],decode,False
173,linear_attn,norm,elementwise_mul,"[[n_h_lin_v, d_head_lin_v], [n_h_lin_v, d_head_lin_v]]",,,"[[n_h_lin_v, d_head_lin_v]]","[170, 172]",0,linear_attn,norm,2,model.layers.0.linear_attn.norm,aten.mul.Tensor,[],decode,False
174,linear_attn,norm,_to_copy,"[[n_h_lin_v, d_head_lin_v]]",,,"[[n_h_lin_v, d_head_lin_v]]",[173],0,linear_attn,norm,2,model.layers.0.linear_attn.norm,aten._to_copy.default,[],decode,True
175,linear_attn,,view,"[[n_h_lin_v, d_head_lin_v]]",,,"[[B, 1, n_v*d_v]]",[174],0,linear_attn,,1,model.layers.0.linear_attn,aten.view.default,[],decode,True
176,linear_attn,out_proj,t,"[[d_model, n_v*d_v]]","[d_model, n_v*d_v]",0,"[[n_v*d_v, d_model]]",[],0,linear_attn,out_proj,2,model.layers.0.linear_attn.out_proj,aten.t.default,[model.layers.0.linear_attn.out_proj.weight],decode,True
177,linear_attn,out_proj,view,"[[B, 1, n_v*d_v]]",,,"[[B, n_v*d_v]]",[175],0,linear_attn,out_proj,2,model.layers.0.linear_attn.out_proj,aten.view.default,[],decode,True
178,linear_attn,out_proj,matmul,"[[B, n_v*d_v], [n_v*d_v, d_model]]","[d_model, n_v*d_v]",1,"[[B, d_model]]","[176, 177]",0,linear_attn,out_proj,2,model.layers.0.linear_attn.out_proj,aten.mm.default,[model.layers.0.linear_attn.out_proj.weight],decode,False
179,linear_attn,out_proj,_unsafe_view,"[[B, d_model]]",,,"[[B, 1, d_model]]",[178],0,linear_attn,out_proj,2,model.layers.0.linear_attn.out_proj,aten._unsafe_view.default,[],decode,True
180,,,elementwise_add,"[[B, 1, d_model], [B, 1, d_model]]",,,"[[B, 1, d_model]]","[0, 179]",0,,,0,model.layers.0,aten.add.Tensor,[],decode,False
181,post_attention_layernorm,,_to_copy,"[[B, 1, d_model]]",,,"[[B, 1, d_model]]",[180],0,post_attention_layernorm,,1,model.layers.0.post_attention_layernorm,aten._to_copy.default,[],decode,True
182,post_attention_layernorm,,pow,"[[B, 1, d_model]]",,,"[[B, 1, d_model]]",[181],0,post_attention_layernorm,,1,model.layers.0.post_attention_layernorm,aten.pow.Tensor_Scalar,[],decode,False
183,post_attention_layernorm,,mean,"[[B, 1, d_model]]",,,"[[B, 1, 1]]",[182],0,post_attention_layernorm,,1,model.layers.0.post_attention_layernorm,aten.mean.dim,[],decode,False
184,post_attention_layernorm,,elementwise_add,"[[B, 1, 1]]",,,"[[B, 1, 1]]",[183],0,post_attention_layernorm,,1,model.layers.0.post_attention_layernorm,aten.add.Tensor,[],decode,False
185,post_attention_layernorm,,rsqrt,"[[B, 1, 1]]",,,"[[B, 1, 1]]",[184],0,post_attention_layernorm,,1,model.layers.0.post_attention_layernorm,aten.rsqrt.default,[],decode,False
186,post_attention_layernorm,,elementwise_mul,"[[B, 1, d_model], [B, 1, 1]]",,,"[[B, 1, d_model]]","[181, 185]",0,post_attention_layernorm,,1,model.layers.0.post_attention_layernorm,aten.mul.Tensor,[],decode,False
187,post_attention_layernorm,,_to_copy,[[d_model]],,,[[d_model]],[],0,post_attention_layernorm,,1,model.layers.0.post_attention_layernorm,aten._to_copy.default,[model.layers.0.post_attention_layernorm.weight],decode,True
188,post_attention_layernorm,,elementwise_add,[[d_model]],,,[[d_model]],[187],0,post_attention_layernorm,,1,model.layers.0.post_attention_layernorm,aten.add.Tensor,[model.layers.0.post_attention_layernorm.weight],decode,False
189,post_attention_layernorm,,elementwise_mul,"[[B, 1, d_model], [d_model]]",,,"[[B, 1, d_model]]","[186, 188]",0,post_attention_layernorm,,1,model.layers.0.post_attention_layernorm,aten.mul.Tensor,[],decode,False
190,post_attention_layernorm,,_to_copy,"[[B, 1, d_model]]",,,"[[B, 1, d_model]]",[189],0,post_attention_layernorm,,1,model.layers.0.post_attention_layernorm,aten._to_copy.default,[],decode,True
191,mlp,gate_proj,t,"[[d_ff, d_model]]","[d_ff, d_model]",0,"[[d_model, d_ff]]",[],0,mlp,gate_proj,2,model.layers.0.mlp.gate_proj,aten.t.default,[model.layers.0.mlp.gate_proj.weight],decode,True
192,mlp,gate_proj,view,"[[B, 1, d_model]]",,,"[[B, d_model]]",[190],0,mlp,gate_proj,2,model.layers.0.mlp.gate_proj,aten.view.default,[],decode,True
193,mlp,gate_proj,matmul,"[[B, d_model], [d_model, d_ff]]","[d_ff, d_model]",1,"[[B, d_ff]]","[191, 192]",0,mlp,gate_proj,2,model.layers.0.mlp.gate_proj,aten.mm.default,[model.layers.0.mlp.gate_proj.weight],decode,False
194,mlp,gate_proj,_unsafe_view,"[[B, d_ff]]",,,"[[B, 1, d_ff]]",[193],0,mlp,gate_proj,2,model.layers.0.mlp.gate_proj,aten._unsafe_view.default,[],decode,True
195,mlp,act_fn,silu,"[[B, 1, d_ff]]",,,"[[B, 1, d_ff]]",[194],0,mlp,act_fn,2,model.layers.0.mlp.act_fn,aten.silu.default,[],decode,False
196,mlp,up_proj,t,"[[d_ff, d_model]]","[d_ff, d_model]",0,"[[d_model, d_ff]]",[],0,mlp,up_proj,2,model.layers.0.mlp.up_proj,aten.t.default,[model.layers.0.mlp.up_proj.weight],decode,True
197,mlp,up_proj,view,"[[B, 1, d_model]]",,,"[[B, d_model]]",[190],0,mlp,up_proj,2,model.layers.0.mlp.up_proj,aten.view.default,[],decode,True
198,mlp,up_proj,matmul,"[[B, d_model], [d_model, d_ff]]","[d_ff, d_model]",1,"[[B, d_ff]]","[196, 197]",0,mlp,up_proj,2,model.layers.0.mlp.up_proj,aten.mm.default,[model.layers.0.mlp.up_proj.weight],decode,False
199,mlp,up_proj,_unsafe_view,"[[B, d_ff]]",,,"[[B, 1, d_ff]]",[198],0,mlp,up_proj,2,model.layers.0.mlp.up_proj,aten._unsafe_view.default,[],decode,True
200,mlp,,elementwise_mul,"[[B, 1, d_ff], [B, 1, d_ff]]",,,"[[B, 1, d_ff]]","[195, 199]",0,mlp,,1,model.layers.0.mlp,aten.mul.Tensor,[],decode,False
201,mlp,down_proj,t,"[[d_model, d_ff]]","[d_model, d_ff]",0,"[[d_ff, d_model]]",[],0,mlp,down_proj,2,model.layers.0.mlp.down_proj,aten.t.default,[model.layers.0.mlp.down_proj.weight],decode,True
202,mlp,down_proj,view,"[[B, 1, d_ff]]",,,"[[B, d_ff]]",[200],0,mlp,down_proj,2,model.layers.0.mlp.down_proj,aten.view.default,[],decode,True
203,mlp,down_proj,matmul,"[[B, d_ff], [d_ff, d_model]]","[d_model, d_ff]",1,"[[B, d_model]]","[201, 202]",0,mlp,down_proj,2,model.layers.0.mlp.down_proj,aten.mm.default,[model.layers.0.mlp.down_proj.weight],decode,False
204,mlp,down_proj,_unsafe_view,"[[B, d_model]]",,,"[[B, 1, d_model]]",[203],0,mlp,down_proj,2,model.layers.0.mlp.down_proj,aten._unsafe_view.default,[],decode,True
205,,,elementwise_add,"[[B, 1, d_model], [B, 1, d_model]]",,,"[[B, 1, d_model]]","[180, 204]",0,,,0,model.layers.0,aten.add.Tensor,[],decode,False
206,input_layernorm,,_to_copy,"[[B, 1, d_model]]",,,"[[B, 1, d_model]]",[205],1,input_layernorm,,1,model.layers.1.input_layernorm,aten._to_copy.default,[],decode,True
207,input_layernorm,,pow,"[[B, 1, d_model]]",,,"[[B, 1, d_model]]",[206],1,input_layernorm,,1,model.layers.1.input_layernorm,aten.pow.Tensor_Scalar,[],decode,False
208,input_layernorm,,mean,"[[B, 1, d_model]]",,,"[[B, 1, 1]]",[207],1,input_layernorm,,1,model.layers.1.input_layernorm,aten.mean.dim,[],decode,False
209,input_layernorm,,elementwise_add,"[[B, 1, 1]]",,,"[[B, 1, 1]]",[208],1,input_layernorm,,1,model.layers.1.input_layernorm,aten.add.Tensor,[],decode,False
210,input_layernorm,,rsqrt,"[[B, 1, 1]]",,,"[[B, 1, 1]]",[209],1,input_layernorm,,1,model.layers.1.input_layernorm,aten.rsqrt.default,[],decode,False
211,input_layernorm,,elementwise_mul,"[[B, 1, d_model], [B, 1, 1]]",,,"[[B, 1, d_model]]","[206, 210]",1,input_layernorm,,1,model.layers.1.input_layernorm,aten.mul.Tensor,[],decode,False
212,input_layernorm,,_to_copy,[[d_model]],,,[[d_model]],[],1,input_layernorm,,1,model.layers.1.input_layernorm,aten._to_copy.default,[model.layers.1.input_layernorm.weight],decode,True
213,input_layernorm,,elementwise_add,[[d_model]],,,[[d_model]],[212],1,input_layernorm,,1,model.layers.1.input_layernorm,aten.add.Tensor,[model.layers.1.input_layernorm.weight],decode,False
214,input_layernorm,,elementwise_mul,"[[B, 1, d_model], [d_model]]",,,"[[B, 1, d_model]]","[211, 213]",1,input_layernorm,,1,model.layers.1.input_layernorm,aten.mul.Tensor,[],decode,False
215,input_layernorm,,_to_copy,"[[B, 1, d_model]]",,,"[[B, 1, d_model]]",[214],1,input_layernorm,,1,model.layers.1.input_layernorm,aten._to_copy.default,[],decode,True
216,linear_attn,in_proj_qkv,t,"[[2*d_k_lin+d_v_lin, d_model]]","[2*d_k_lin+d_v_lin, d_model]",0,"[[d_model, 2*d_k_lin+d_v_lin]]",[],1,linear_attn,in_proj_qkv,2,model.layers.1.linear_attn.in_proj_qkv,aten.t.default,[model.layers.1.linear_attn.in_proj_qkv.weight],decode,True
217,linear_attn,in_proj_qkv,view,"[[B, 1, d_model]]",,,"[[B, d_model]]",[215],1,linear_attn,in_proj_qkv,2,model.layers.1.linear_attn.in_proj_qkv,aten.view.default,[],decode,True
218,linear_attn,in_proj_qkv,matmul,"[[B, d_model], [d_model, 2*d_k_lin+d_v_lin]]","[2*d_k_lin+d_v_lin, d_model]",1,"[[B, 2*d_k_lin+d_v_lin]]","[216, 217]",1,linear_attn,in_proj_qkv,2,model.layers.1.linear_attn.in_proj_qkv,aten.mm.default,[model.layers.1.linear_attn.in_proj_qkv.weight],decode,False
219,linear_attn,in_proj_qkv,_unsafe_view,"[[B, 2*d_k_lin+d_v_lin]]",,,"[[B, 1, 2*d_k_lin+d_v_lin]]",[218],1,linear_attn,in_proj_qkv,2,model.layers.1.linear_attn.in_proj_qkv,aten._unsafe_view.default,[],decode,True
220,linear_attn,,transpose,"[[B, 1, 2*d_k_lin+d_v_lin]]",,,"[[B, 2*d_k_lin+d_v_lin, 1]]",[219],1,linear_attn,,1,model.layers.1.linear_attn,aten.transpose.int,[],decode,True
221,linear_attn,in_proj_z,t,"[[n_v*d_v, d_model]]","[n_v*d_v, d_model]",0,"[[d_model, n_v*d_v]]",[],1,linear_attn,in_proj_z,2,model.layers.1.linear_attn.in_proj_z,aten.t.default,[model.layers.1.linear_attn.in_proj_z.weight],decode,True
222,linear_attn,in_proj_z,view,"[[B, 1, d_model]]",,,"[[B, d_model]]",[215],1,linear_attn,in_proj_z,2,model.layers.1.linear_attn.in_proj_z,aten.view.default,[],decode,True
223,linear_attn,in_proj_z,matmul,"[[B, d_model], [d_model, n_v*d_v]]","[n_v*d_v, d_model]",1,"[[B, n_v*d_v]]","[221, 222]",1,linear_attn,in_proj_z,2,model.layers.1.linear_attn.in_proj_z,aten.mm.default,[model.layers.1.linear_attn.in_proj_z.weight],decode,False
224,linear_attn,in_proj_z,_unsafe_view,"[[B, n_v*d_v]]",,,"[[B, 1, n_v*d_v]]",[223],1,linear_attn,in_proj_z,2,model.layers.1.linear_attn.in_proj_z,aten._unsafe_view.default,[],decode,True
225,linear_attn,,view,"[[B, 1, n_v*d_v]]",,,"[[B, 1, n_h_lin_v, d_head_lin_v]]",[224],1,linear_attn,,1,model.layers.1.linear_attn,aten.view.default,[],decode,True
226,linear_attn,in_proj_b,t,"[[n_h_lin_v, d_model]]","[n_h_lin_v, d_model]",0,"[[d_model, n_h_lin_v]]",[],1,linear_attn,in_proj_b,2,model.layers.1.linear_attn.in_proj_b,aten.t.default,[model.layers.1.linear_attn.in_proj_b.weight],decode,True
227,linear_attn,in_proj_b,view,"[[B, 1, d_model]]",,,"[[B, d_model]]",[215],1,linear_attn,in_proj_b,2,model.layers.1.linear_attn.in_proj_b,aten.view.default,[],decode,True
228,linear_attn,in_proj_b,matmul,"[[B, d_model], [d_model, n_h_lin_v]]","[n_h_lin_v, d_model]",1,"[[B, n_h_lin_v]]","[226, 227]",1,linear_attn,in_proj_b,2,model.layers.1.linear_attn.in_proj_b,aten.mm.default,[model.layers.1.linear_attn.in_proj_b.weight],decode,False
229,linear_attn,in_proj_b,_unsafe_view,"[[B, n_h_lin_v]]",,,"[[B, 1, n_h_lin_v]]",[228],1,linear_attn,in_proj_b,2,model.layers.1.linear_attn.in_proj_b,aten._unsafe_view.default,[],decode,True
230,linear_attn,in_proj_a,t,"[[n_h_lin_v, d_model]]","[n_h_lin_v, d_model]",0,"[[d_model, n_h_lin_v]]",[],1,linear_attn,in_proj_a,2,model.layers.1.linear_attn.in_proj_a,aten.t.default,[model.layers.1.linear_attn.in_proj_a.weight],decode,True
231,linear_attn,in_proj_a,view,"[[B, 1, d_model]]",,,"[[B, d_model]]",[215],1,linear_attn,in_proj_a,2,model.layers.1.linear_attn.in_proj_a,aten.view.default,[],decode,True
232,linear_attn,in_proj_a,matmul,"[[B, d_model], [d_model, n_h_lin_v]]","[n_h_lin_v, d_model]",1,"[[B, n_h_lin_v]]","[230, 231]",1,linear_attn,in_proj_a,2,model.layers.1.linear_attn.in_proj_a,aten.mm.default,[model.layers.1.linear_attn.in_proj_a.weight],decode,False
233,linear_attn,in_proj_a,_unsafe_view,"[[B, n_h_lin_v]]",,,"[[B, 1, n_h_lin_v]]",[232],1,linear_attn,in_proj_a,2,model.layers.1.linear_attn.in_proj_a,aten._unsafe_view.default,[],decode,True
234,linear_attn,,squeeze,"[[2*d_k_lin+d_v_lin, 1, d_conv_lin]]","[2*d_k_lin+d_v_lin, 1, d_conv_lin]",0,"[[2*d_k_lin+d_v_lin, d_conv_lin]]",[],1,linear_attn,,1,model.layers.1.linear_attn,aten.squeeze.dim,[model.layers.1.linear_attn.conv1d.weight],decode,True
235,linear_attn,,concat,"[[B, 2*d_k_lin+d_v_lin, d_conv_lin], [B, 2*d_k_lin+d_v_lin, 1]]",,,"[[B, 2*d_k_lin+d_v_lin, 5]]",[220],1,linear_attn,,1,model.layers.1.linear_attn,aten.cat.default,[],decode,False
236,linear_attn,,slice,"[[B, 2*d_k_lin+d_v_lin, 5]]",,,"[[B, 2*d_k_lin+d_v_lin, d_conv_lin]]",[235],1,linear_attn,,1,model.layers.1.linear_attn,aten.slice.Tensor,[],decode,True
237,linear_attn,,copy_,"[[B, 2*d_k_lin+d_v_lin, d_conv_lin], [B, 2*d_k_lin+d_v_lin, d_conv_lin]]",,,"[[B, 2*d_k_lin+d_v_lin, d_conv_lin]]",[236],1,linear_attn,,1,model.layers.1.linear_attn,aten.copy_.default,[],decode,True
238,linear_attn,,unsqueeze,"[[2*d_k_lin+d_v_lin, d_conv_lin]]",,,"[[2*d_k_lin+d_v_lin, 1, d_conv_lin]]",[234],1,linear_attn,,1,model.layers.1.linear_attn,aten.unsqueeze.default,[],decode,True
239,linear_attn,,conv1d,"[[B, 2*d_k_lin+d_v_lin, 5], [2*d_k_lin+d_v_lin, 1, d_conv_lin]]",,,"[[B, 2*d_k_lin+d_v_lin, 2]]","[235, 238]",1,linear_attn,,1,model.layers.1.linear_attn,aten.convolution.default,[],decode,False
240,linear_attn,,slice,"[[B, 2*d_k_lin+d_v_lin, 2]]",,,"[[B, 2*d_k_lin+d_v_lin, 1]]",[239],1,linear_attn,,1,model.layers.1.linear_attn,aten.slice.Tensor,[],decode,True
241,linear_attn,,silu,"[[B, 2*d_k_lin+d_v_lin, 1]]",,,"[[B, 2*d_k_lin+d_v_lin, 1]]",[240],1,linear_attn,,1,model.layers.1.linear_attn,aten.silu.default,[],decode,False
242,linear_attn,,transpose,"[[B, 2*d_k_lin+d_v_lin, 1]]",,,"[[B, 1, 2*d_k_lin+d_v_lin]]",[241],1,linear_attn,,1,model.layers.1.linear_attn,aten.transpose.int,[],decode,True
243,linear_attn,,split_with_sizes,"[[B, 1, 2*d_k_lin+d_v_lin]]",,,"[[B, 1, n_k*d_k], [B, 1, n_k*d_k], [B, 1, n_v*d_v]]",[242],1,linear_attn,,1,model.layers.1.linear_attn,aten.split_with_sizes.default,[],decode,True
244,linear_attn,,view,"[[B, 1, n_k*d_k]]",,,"[[B, 1, n_h_lin_k, d_head_lin_k]]",[243],1,linear_attn,,1,model.layers.1.linear_attn,aten.view.default,[],decode,True
245,linear_attn,,view,"[[B, 1, n_k*d_k]]",,,"[[B, 1, n_h_lin_k, d_head_lin_k]]",[243],1,linear_attn,,1,model.layers.1.linear_attn,aten.view.default,[],decode,True
246,linear_attn,,view,"[[B, 1, n_v*d_v]]",,,"[[B, 1, n_h_lin_v, d_head_lin_v]]",[243],1,linear_attn,,1,model.layers.1.linear_attn,aten.view.default,[],decode,True
247,linear_attn,,sigmoid,"[[B, 1, n_h_lin_v]]",,,"[[B, 1, n_h_lin_v]]",[229],1,linear_attn,,1,model.layers.1.linear_attn,aten.sigmoid.default,[],decode,False
248,linear_attn,,_to_copy,[[n_h_lin_v]],,,[[n_h_lin_v]],[],1,linear_attn,,1,model.layers.1.linear_attn,aten._to_copy.default,[model.layers.1.linear_attn.A_log],decode,True
249,linear_attn,,exp,[[n_h_lin_v]],,,[[n_h_lin_v]],[248],1,linear_attn,,1,model.layers.1.linear_attn,aten.exp.default,[model.layers.1.linear_attn.A_log],decode,False
250,linear_attn,,neg,[[n_h_lin_v]],,,[[n_h_lin_v]],[249],1,linear_attn,,1,model.layers.1.linear_attn,aten.neg.default,[],decode,False
251,linear_attn,,_to_copy,"[[B, 1, n_h_lin_v]]",,,"[[B, 1, n_h_lin_v]]",[233],1,linear_attn,,1,model.layers.1.linear_attn,aten._to_copy.default,[],decode,True
252,linear_attn,,elementwise_add,"[[B, 1, n_h_lin_v], [n_h_lin_v]]",,,"[[B, 1, n_h_lin_v]]",[251],1,linear_attn,,1,model.layers.1.linear_attn,aten.add.Tensor,[model.layers.1.linear_attn.dt_bias],decode,False
253,linear_attn,,softplus,"[[B, 1, n_h_lin_v]]",,,"[[B, 1, n_h_lin_v]]",[252],1,linear_attn,,1,model.layers.1.linear_attn,aten.softplus.default,[],decode,True
254,linear_attn,,elementwise_mul,"[[n_h_lin_v], [B, 1, n_h_lin_v]]",,,"[[B, 1, n_h_lin_v]]","[250, 253]",1,linear_attn,,1,model.layers.1.linear_attn,aten.mul.Tensor,[],decode,False
255,linear_attn,,unsqueeze,"[[B, 1, n_h_lin_k, d_head_lin_k]]",,,"[[B, 1, n_h_lin_k, 1, d_head_lin_k]]",[244],1,linear_attn,,1,model.layers.1.linear_attn,aten.unsqueeze.default,[],decode,True
256,linear_attn,,expand,"[[B, 1, n_h_lin_k, 1, d_head_lin_k]]",,,"[[B, 1, n_h_lin_k, n_v/n_k, d_head_lin_k]]",[255],1,linear_attn,,1,model.layers.1.linear_attn,aten.expand.default,[],decode,True
257,linear_attn,,clone,"[[B, 1, n_h_lin_k, n_v/n_k, d_head_lin_k]]",,,"[[B, 1, n_h_lin_k, n_v/n_k, d_head_lin_k]]",[256],1,linear_attn,,1,model.layers.1.linear_attn,aten.clone.default,[],decode,True
258,linear_attn,,view,"[[B, 1, n_h_lin_k, n_v/n_k, d_head_lin_k]]",,,"[[B, 1, n_h_lin_v, d_head_lin_k]]",[257],1,linear_attn,,1,model.layers.1.linear_attn,aten.view.default,[],decode,True
259,linear_attn,,unsqueeze,"[[B, 1, n_h_lin_k, d_head_lin_k]]",,,"[[B, 1, n_h_lin_k, 1, d_head_lin_k]]",[245],1,linear_attn,,1,model.layers.1.linear_attn,aten.unsqueeze.default,[],decode,True
260,linear_attn,,expand,"[[B, 1, n_h_lin_k, 1, d_head_lin_k]]",,,"[[B, 1, n_h_lin_k, n_v/n_k, d_head_lin_k]]",[259],1,linear_attn,,1,model.layers.1.linear_attn,aten.expand.default,[],decode,True
261,linear_attn,,clone,"[[B, 1, n_h_lin_k, n_v/n_k, d_head_lin_k]]",,,"[[B, 1, n_h_lin_k, n_v/n_k, d_head_lin_k]]",[260],1,linear_attn,,1,model.layers.1.linear_attn,aten.clone.default,[],decode,True
262,linear_attn,,view,"[[B, 1, n_h_lin_k, n_v/n_k, d_head_lin_k]]",,,"[[B, 1, n_h_lin_v, d_head_lin_k]]",[261],1,linear_attn,,1,model.layers.1.linear_attn,aten.view.default,[],decode,True
263,linear_attn,,elementwise_mul,"[[B, 1, n_h_lin_v, d_head_lin_k], [B, 1, n_h_lin_v, d_head_lin_k]]",,,"[[B, 1, n_h_lin_v, d_head_lin_k]]",[258],1,linear_attn,,1,model.layers.1.linear_attn,aten.mul.Tensor,[],decode,False
264,linear_attn,,sum,"[[B, 1, n_h_lin_v, d_head_lin_k]]",,,"[[B, 1, n_h_lin_v, 1]]",[263],1,linear_attn,,1,model.layers.1.linear_attn,aten.sum.dim_IntList,[],decode,True
265,linear_attn,,elementwise_add,"[[B, 1, n_h_lin_v, 1]]",,,"[[B, 1, n_h_lin_v, 1]]",[264],1,linear_attn,,1,model.layers.1.linear_attn,aten.add.Tensor,[],decode,False
266,linear_attn,,rsqrt,"[[B, 1, n_h_lin_v, 1]]",,,"[[B, 1, n_h_lin_v, 1]]",[265],1,linear_attn,,1,model.layers.1.linear_attn,aten.rsqrt.default,[],decode,False
267,linear_attn,,elementwise_mul,"[[B, 1, n_h_lin_v, d_head_lin_k], [B, 1, n_h_lin_v, 1]]",,,"[[B, 1, n_h_lin_v, d_head_lin_k]]","[258, 266]",1,linear_attn,,1,model.layers.1.linear_attn,aten.mul.Tensor,[],decode,False
268,linear_attn,,elementwise_mul,"[[B, 1, n_h_lin_v, d_head_lin_k], [B, 1, n_h_lin_v, d_head_lin_k]]",,,"[[B, 1, n_h_lin_v, d_head_lin_k]]",[262],1,linear_attn,,1,model.layers.1.linear_attn,aten.mul.Tensor,[],decode,False
269,linear_attn,,sum,"[[B, 1, n_h_lin_v, d_head_lin_k]]",,,"[[B, 1, n_h_lin_v, 1]]",[268],1,linear_attn,,1,model.layers.1.linear_attn,aten.sum.dim_IntList,[],decode,True
270,linear_attn,,elementwise_add,"[[B, 1, n_h_lin_v, 1]]",,,"[[B, 1, n_h_lin_v, 1]]",[269],1,linear_attn,,1,model.layers.1.linear_attn,aten.add.Tensor,[],decode,False
271,linear_attn,,rsqrt,"[[B, 1, n_h_lin_v, 1]]",,,"[[B, 1, n_h_lin_v, 1]]",[270],1,linear_attn,,1,model.layers.1.linear_attn,aten.rsqrt.default,[],decode,False
272,linear_attn,,elementwise_mul,"[[B, 1, n_h_lin_v, d_head_lin_k], [B, 1, n_h_lin_v, 1]]",,,"[[B, 1, n_h_lin_v, d_head_lin_k]]","[262, 271]",1,linear_attn,,1,model.layers.1.linear_attn,aten.mul.Tensor,[],decode,False
273,linear_attn,,transpose,"[[B, 1, n_h_lin_v, d_head_lin_k]]",,,"[[B, n_h_lin_v, 1, d_head_lin_k]]",[267],1,linear_attn,,1,model.layers.1.linear_attn,aten.transpose.int,[],decode,True
274,linear_attn,,_to_copy,"[[B, n_h_lin_v, 1, d_head_lin_k]]",,,"[[B, n_h_lin_v, 1, d_head_lin_k]]",[273],1,linear_attn,,1,model.layers.1.linear_attn,aten._to_copy.default,[],decode,True
275,linear_attn,,transpose,"[[B, 1, n_h_lin_v, d_head_lin_k]]",,,"[[B, n_h_lin_v, 1, d_head_lin_k]]",[272],1,linear_attn,,1,model.layers.1.linear_attn,aten.transpose.int,[],decode,True
276,linear_attn,,_to_copy,"[[B, n_h_lin_v, 1, d_head_lin_k]]",,,"[[B, n_h_lin_v, 1, d_head_lin_k]]",[275],1,linear_attn,,1,model.layers.1.linear_attn,aten._to_copy.default,[],decode,True
277,linear_attn,,transpose,"[[B, 1, n_h_lin_v, d_head_lin_v]]",,,"[[B, n_h_lin_v, 1, d_head_lin_v]]",[246],1,linear_attn,,1,model.layers.1.linear_attn,aten.transpose.int,[],decode,True
278,linear_attn,,_to_copy,"[[B, n_h_lin_v, 1, d_head_lin_v]]",,,"[[B, n_h_lin_v, 1, d_head_lin_v]]",[277],1,linear_attn,,1,model.layers.1.linear_attn,aten._to_copy.default,[],decode,True
279,linear_attn,,transpose,"[[B, 1, n_h_lin_v]]",,,"[[B, n_h_lin_v, 1]]",[247],1,linear_attn,,1,model.layers.1.linear_attn,aten.transpose.int,[],decode,True
280,linear_attn,,_to_copy,"[[B, n_h_lin_v, 1]]",,,"[[B, n_h_lin_v, 1]]",[279],1,linear_attn,,1,model.layers.1.linear_attn,aten._to_copy.default,[],decode,True
281,linear_attn,,transpose,"[[B, 1, n_h_lin_v]]",,,"[[B, n_h_lin_v, 1]]",[254],1,linear_attn,,1,model.layers.1.linear_attn,aten.transpose.int,[],decode,True
282,linear_attn,,elementwise_mul,"[[B, n_h_lin_v, 1, d_head_lin_k]]",,,"[[B, n_h_lin_v, 1, d_head_lin_k]]",[274],1,linear_attn,,1,model.layers.1.linear_attn,aten.mul.Tensor,[],decode,False
283,linear_attn,,zeros,[],,,"[[B, n_h_lin_v, 1, d_head_lin_v]]",[],1,linear_attn,,1,model.layers.1.linear_attn,aten.zeros.default,[],decode,True
284,linear_attn,,select,"[[B, n_h_lin_v, 1, d_head_lin_k]]",,,"[[B, n_h_lin_v, d_head_lin_k]]",[282],1,linear_attn,,1,model.layers.1.linear_attn,aten.select.int,[],decode,True
285,linear_attn,,select,"[[B, n_h_lin_v, 1, d_head_lin_k]]",,,"[[B, n_h_lin_v, d_head_lin_k]]",[276],1,linear_attn,,1,model.layers.1.linear_attn,aten.select.int,[],decode,True
286,linear_attn,,select,"[[B, n_h_lin_v, 1, d_head_lin_v]]",,,"[[B, n_h_lin_v, d_head_lin_v]]",[278],1,linear_attn,,1,model.layers.1.linear_attn,aten.select.int,[],decode,True
287,linear_attn,,select,"[[B, n_h_lin_v, 1]]",,,"[[B, n_h_lin_v]]",[281],1,linear_attn,,1,model.layers.1.linear_attn,aten.select.int,[],decode,True
288,linear_attn,,exp,"[[B, n_h_lin_v]]",,,"[[B, n_h_lin_v]]",[287],1,linear_attn,,1,model.layers.1.linear_attn,aten.exp.default,[],decode,False
289,linear_attn,,unsqueeze,"[[B, n_h_lin_v]]",,,"[[B, n_h_lin_v, 1]]",[288],1,linear_attn,,1,model.layers.1.linear_attn,aten.unsqueeze.default,[],decode,True
290,linear_attn,,unsqueeze,"[[B, n_h_lin_v, 1]]",,,"[[B, n_h_lin_v, 1, 1]]",[289],1,linear_attn,,1,model.layers.1.linear_attn,aten.unsqueeze.default,[],decode,True
291,linear_attn,,select,"[[B, n_h_lin_v, 1]]",,,"[[B, n_h_lin_v]]",[280],1,linear_attn,,1,model.layers.1.linear_attn,aten.select.int,[],decode,True
292,linear_attn,,unsqueeze,"[[B, n_h_lin_v]]",,,"[[B, n_h_lin_v, 1]]",[291],1,linear_attn,,1,model.layers.1.linear_attn,aten.unsqueeze.default,[],decode,True
293,linear_attn,,elementwise_mul,"[[B, n_h_lin_v, d_head_lin_k, d_head_lin_v], [B, n_h_lin_v, 1, 1]]",,,"[[B, n_h_lin_v, d_head_lin_k, d_head_lin_v]]",[290],1,linear_attn,,1,model.layers.1.linear_attn,aten.mul.Tensor,[],decode,False
294,linear_attn,,unsqueeze,"[[B, n_h_lin_v, d_head_lin_k]]",,,"[[B, n_h_lin_v, d_head_lin_k, 1]]",[285],1,linear_attn,,1,model.layers.1.linear_attn,aten.unsqueeze.default,[],decode,True
295,linear_attn,,elementwise_mul,"[[B, n_h_lin_v, d_head_lin_k, d_head_lin_v], [B, n_h_lin_v, d_head_lin_k, 1]]",,,"[[B, n_h_lin_v, d_head_lin_k, d_head_lin_v]]","[293, 294]",1,linear_attn,,1,model.layers.1.linear_attn,aten.mul.Tensor,[],decode,False
296,linear_attn,,sum,"[[B, n_h_lin_v, d_head_lin_k, d_head_lin_v]]",,,"[[B, n_h_lin_v, d_head_lin_v]]",[295],1,linear_attn,,1,model.layers.1.linear_attn,aten.sum.dim_IntList,[],decode,True
297,linear_attn,,sub,"[[B, n_h_lin_v, d_head_lin_v], [B, n_h_lin_v, d_head_lin_v]]",,,"[[B, n_h_lin_v, d_head_lin_v]]","[286, 296]",1,linear_attn,,1,model.layers.1.linear_attn,aten.sub.Tensor,[],decode,True
298,linear_attn,,elementwise_mul,"[[B, n_h_lin_v, d_head_lin_v], [B, n_h_lin_v, 1]]",,,"[[B, n_h_lin_v, d_head_lin_v]]","[292, 297]",1,linear_attn,,1,model.layers.1.linear_attn,aten.mul.Tensor,[],decode,False
299,linear_attn,,unsqueeze,"[[B, n_h_lin_v, d_head_lin_k]]",,,"[[B, n_h_lin_v, d_head_lin_k, 1]]",[285],1,linear_attn,,1,model.layers.1.linear_attn,aten.unsqueeze.default,[],decode,True
300,linear_attn,,unsqueeze,"[[B, n_h_lin_v, d_head_lin_v]]",,,"[[B, n_h_lin_v, 1, d_head_lin_v]]",[298],1,linear_attn,,1,model.layers.1.linear_attn,aten.unsqueeze.default,[],decode,True
301,linear_attn,,elementwise_mul,"[[B, n_h_lin_v, d_head_lin_k, 1], [B, n_h_lin_v, 1, d_head_lin_v]]",,,"[[B, n_h_lin_v, d_head_lin_k, d_head_lin_v]]","[299, 300]",1,linear_attn,,1,model.layers.1.linear_attn,aten.mul.Tensor,[],decode,False
302,linear_attn,,elementwise_add,"[[B, n_h_lin_v, d_head_lin_k, d_head_lin_v], [B, n_h_lin_v, d_head_lin_k, d_head_lin_v]]",,,"[[B, n_h_lin_v, d_head_lin_k, d_head_lin_v]]","[293, 301]",1,linear_attn,,1,model.layers.1.linear_attn,aten.add.Tensor,[],decode,False
303,linear_attn,,unsqueeze,"[[B, n_h_lin_v, d_head_lin_k]]",,,"[[B, n_h_lin_v, d_head_lin_k, 1]]",[284],1,linear_attn,,1,model.layers.1.linear_attn,aten.unsqueeze.default,[],decode,True
304,linear_attn,,elementwise_mul,"[[B, n_h_lin_v, d_head_lin_k, d_head_lin_v], [B, n_h_lin_v, d_head_lin_k, 1]]",,,"[[B, n_h_lin_v, d_head_lin_k, d_head_lin_v]]","[302, 303]",1,linear_attn,,1,model.layers.1.linear_attn,aten.mul.Tensor,[],decode,False
305,linear_attn,,sum,"[[B, n_h_lin_v, d_head_lin_k, d_head_lin_v]]",,,"[[B, n_h_lin_v, d_head_lin_v]]",[304],1,linear_attn,,1,model.layers.1.linear_attn,aten.sum.dim_IntList,[],decode,True
306,linear_attn,,select,"[[B, n_h_lin_v, 1, d_head_lin_v]]",,,"[[B, n_h_lin_v, d_head_lin_v]]",[283],1,linear_attn,,1,model.layers.1.linear_attn,aten.select.int,[],decode,True
307,linear_attn,,copy_,"[[B, n_h_lin_v, d_head_lin_v], [B, n_h_lin_v, d_head_lin_v]]",,,"[[B, n_h_lin_v, d_head_lin_v]]","[305, 306]",1,linear_attn,,1,model.layers.1.linear_attn,aten.copy_.default,[],decode,True
308,linear_attn,,transpose,"[[B, n_h_lin_v, 1, d_head_lin_v]]",,,"[[B, 1, n_h_lin_v, d_head_lin_v]]",[283],1,linear_attn,,1,model.layers.1.linear_attn,aten.transpose.int,[],decode,True
309,linear_attn,,_to_copy,"[[B, 1, n_h_lin_v, d_head_lin_v]]",,,"[[B, 1, n_h_lin_v, d_head_lin_v]]",[308],1,linear_attn,,1,model.layers.1.linear_attn,aten._to_copy.default,[],decode,True
310,linear_attn,,copy_,"[[B, n_h_lin_v, d_head_lin_k, d_head_lin_v], [B, n_h_lin_v, d_head_lin_k, d_head_lin_v]]",,,"[[B, n_h_lin_v, d_head_lin_k, d_head_lin_v]]",[302],1,linear_attn,,1,model.layers.1.linear_attn,aten.copy_.default,[],decode,True
311,linear_attn,,view,"[[B, 1, n_h_lin_v, d_head_lin_v]]",,,"[[n_h_lin_v, d_head_lin_v]]",[309],1,linear_attn,,1,model.layers.1.linear_attn,aten.view.default,[],decode,True
312,linear_attn,,view,"[[B, 1, n_h_lin_v, d_head_lin_v]]",,,"[[n_h_lin_v, d_head_lin_v]]",[225],1,linear_attn,,1,model.layers.1.linear_attn,aten.view.default,[],decode,True
313,linear_attn,norm,_to_copy,"[[n_h_lin_v, d_head_lin_v]]",,,"[[n_h_lin_v, d_head_lin_v]]",[311],1,linear_attn,norm,2,model.layers.1.linear_attn.norm,aten._to_copy.default,[],decode,True
314,linear_attn,norm,pow,"[[n_h_lin_v, d_head_lin_v]]",,,"[[n_h_lin_v, d_head_lin_v]]",[313],1,linear_attn,norm,2,model.layers.1.linear_attn.norm,aten.pow.Tensor_Scalar,[],decode,False
315,linear_attn,norm,mean,"[[n_h_lin_v, d_head_lin_v]]",,,"[[n_h_lin_v, B]]",[314],1,linear_attn,norm,2,model.layers.1.linear_attn.norm,aten.mean.dim,[],decode,False
316,linear_attn,norm,elementwise_add,"[[n_h_lin_v, B]]",,,"[[n_h_lin_v, B]]",[315],1,linear_attn,norm,2,model.layers.1.linear_attn.norm,aten.add.Tensor,[],decode,False
317,linear_attn,norm,rsqrt,"[[n_h_lin_v, B]]",,,"[[n_h_lin_v, B]]",[316],1,linear_attn,norm,2,model.layers.1.linear_attn.norm,aten.rsqrt.default,[],decode,False
318,linear_attn,norm,elementwise_mul,"[[n_h_lin_v, d_head_lin_v], [n_h_lin_v, B]]",,,"[[n_h_lin_v, d_head_lin_v]]","[313, 317]",1,linear_attn,norm,2,model.layers.1.linear_attn.norm,aten.mul.Tensor,[],decode,False
319,linear_attn,norm,_to_copy,"[[n_h_lin_v, d_head_lin_v]]",,,"[[n_h_lin_v, d_head_lin_v]]",[318],1,linear_attn,norm,2,model.layers.1.linear_attn.norm,aten._to_copy.default,[],decode,True
320,linear_attn,norm,elementwise_mul,"[[d_head_lin_v], [n_h_lin_v, d_head_lin_v]]",,,"[[n_h_lin_v, d_head_lin_v]]",[319],1,linear_attn,norm,2,model.layers.1.linear_attn.norm,aten.mul.Tensor,[model.layers.1.linear_attn.norm.weight],decode,False
321,linear_attn,norm,_to_copy,"[[n_h_lin_v, d_head_lin_v]]",,,"[[n_h_lin_v, d_head_lin_v]]",[312],1,linear_attn,norm,2,model.layers.1.linear_attn.norm,aten._to_copy.default,[],decode,True
322,linear_attn,norm,silu,"[[n_h_lin_v, d_head_lin_v]]",,,"[[n_h_lin_v, d_head_lin_v]]",[321],1,linear_attn,norm,2,model.layers.1.linear_attn.norm,aten.silu.default,[],decode,False
323,linear_attn,norm,elementwise_mul,"[[n_h_lin_v, d_head_lin_v], [n_h_lin_v, d_head_lin_v]]",,,"[[n_h_lin_v, d_head_lin_v]]","[320, 322]",1,linear_attn,norm,2,model.layers.1.linear_attn.norm,aten.mul.Tensor,[],decode,False
324,linear_attn,norm,_to_copy,"[[n_h_lin_v, d_head_lin_v]]",,,"[[n_h_lin_v, d_head_lin_v]]",[323],1,linear_attn,norm,2,model.layers.1.linear_attn.norm,aten._to_copy.default,[],decode,True
325,linear_attn,,view,"[[n_h_lin_v, d_head_lin_v]]",,,"[[B, 1, n_v*d_v]]",[324],1,linear_attn,,1,model.layers.1.linear_attn,aten.view.default,[],decode,True
326,linear_attn,out_proj,t,"[[d_model, n_v*d_v]]","[d_model, n_v*d_v]",0,"[[n_v*d_v, d_model]]",[],1,linear_attn,out_proj,2,model.layers.1.linear_attn.out_proj,aten.t.default,[model.layers.1.linear_attn.out_proj.weight],decode,True
327,linear_attn,out_proj,view,"[[B, 1, n_v*d_v]]",,,"[[B, n_v*d_v]]",[325],1,linear_attn,out_proj,2,model.layers.1.linear_attn.out_proj,aten.view.default,[],decode,True
328,linear_attn,out_proj,matmul,"[[B, n_v*d_v], [n_v*d_v, d_model]]","[d_model, n_v*d_v]",1,"[[B, d_model]]","[326, 327]",1,linear_attn,out_proj,2,model.layers.1.linear_attn.out_proj,aten.mm.default,[model.layers.1.linear_attn.out_proj.weight],decode,False
329,linear_attn,out_proj,_unsafe_view,"[[B, d_model]]",,,"[[B, 1, d_model]]",[328],1,linear_attn,out_proj,2,model.layers.1.linear_attn.out_proj,aten._unsafe_view.default,[],decode,True
330,,,elementwise_add,"[[B, 1, d_model], [B, 1, d_model]]",,,"[[B, 1, d_model]]","[205, 329]",1,,,0,model.layers.1,aten.add.Tensor,[],decode,False
331,post_attention_layernorm,,_to_copy,"[[B, 1, d_model]]",,,"[[B, 1, d_model]]",[330],1,post_attention_layernorm,,1,model.layers.1.post_attention_layernorm,aten._to_copy.default,[],decode,True
332,post_attention_layernorm,,pow,"[[B, 1, d_model]]",,,"[[B, 1, d_model]]",[331],1,post_attention_layernorm,,1,model.layers.1.post_attention_layernorm,aten.pow.Tensor_Scalar,[],decode,False
333,post_attention_layernorm,,mean,"[[B, 1, d_model]]",,,"[[B, 1, 1]]",[332],1,post_attention_layernorm,,1,model.layers.1.post_attention_layernorm,aten.mean.dim,[],decode,False
334,post_attention_layernorm,,elementwise_add,"[[B, 1, 1]]",,,"[[B, 1, 1]]",[333],1,post_attention_layernorm,,1,model.layers.1.post_attention_layernorm,aten.add.Tensor,[],decode,False
335,post_attention_layernorm,,rsqrt,"[[B, 1, 1]]",,,"[[B, 1, 1]]",[334],1,post_attention_layernorm,,1,model.layers.1.post_attention_layernorm,aten.rsqrt.default,[],decode,False
336,post_attention_layernorm,,elementwise_mul,"[[B, 1, d_model], [B, 1, 1]]",,,"[[B, 1, d_model]]","[331, 335]",1,post_attention_layernorm,,1,model.layers.1.post_attention_layernorm,aten.mul.Tensor,[],decode,False
337,post_attention_layernorm,,_to_copy,[[d_model]],,,[[d_model]],[],1,post_attention_layernorm,,1,model.layers.1.post_attention_layernorm,aten._to_copy.default,[model.layers.1.post_attention_layernorm.weight],decode,True
338,post_attention_layernorm,,elementwise_add,[[d_model]],,,[[d_model]],[337],1,post_attention_layernorm,,1,model.layers.1.post_attention_layernorm,aten.add.Tensor,[model.layers.1.post_attention_layernorm.weight],decode,False
339,post_attention_layernorm,,elementwise_mul,"[[B, 1, d_model], [d_model]]",,,"[[B, 1, d_model]]","[336, 338]",1,post_attention_layernorm,,1,model.layers.1.post_attention_layernorm,aten.mul.Tensor,[],decode,False
340,post_attention_layernorm,,_to_copy,"[[B, 1, d_model]]",,,"[[B, 1, d_model]]",[339],1,post_attention_layernorm,,1,model.layers.1.post_attention_layernorm,aten._to_copy.default,[],decode,True
341,mlp,gate_proj,t,"[[d_ff, d_model]]","[d_ff, d_model]",0,"[[d_model, d_ff]]",[],1,mlp,gate_proj,2,model.layers.1.mlp.gate_proj,aten.t.default,[model.layers.1.mlp.gate_proj.weight],decode,True
342,mlp,gate_proj,view,"[[B, 1, d_model]]",,,"[[B, d_model]]",[340],1,mlp,gate_proj,2,model.layers.1.mlp.gate_proj,aten.view.default,[],decode,True
343,mlp,gate_proj,matmul,"[[B, d_model], [d_model, d_ff]]","[d_ff, d_model]",1,"[[B, d_ff]]","[341, 342]",1,mlp,gate_proj,2,model.layers.1.mlp.gate_proj,aten.mm.default,[model.layers.1.mlp.gate_proj.weight],decode,False
344,mlp,gate_proj,_unsafe_view,"[[B, d_ff]]",,,"[[B, 1, d_ff]]",[343],1,mlp,gate_proj,2,model.layers.1.mlp.gate_proj,aten._unsafe_view.default,[],decode,True
345,mlp,act_fn,silu,"[[B, 1, d_ff]]",,,"[[B, 1, d_ff]]",[344],1,mlp,act_fn,2,model.layers.1.mlp.act_fn,aten.silu.default,[],decode,False
346,mlp,up_proj,t,"[[d_ff, d_model]]","[d_ff, d_model]",0,"[[d_model, d_ff]]",[],1,mlp,up_proj,2,model.layers.1.mlp.up_proj,aten.t.default,[model.layers.1.mlp.up_proj.weight],decode,True
347,mlp,up_proj,view,"[[B, 1, d_model]]",,,"[[B, d_model]]",[340],1,mlp,up_proj,2,model.layers.1.mlp.up_proj,aten.view.default,[],decode,True
348,mlp,up_proj,matmul,"[[B, d_model], [d_model, d_ff]]","[d_ff, d_model]",1,"[[B, d_ff]]","[346, 347]",1,mlp,up_proj,2,model.layers.1.mlp.up_proj,aten.mm.default,[model.layers.1.mlp.up_proj.weight],decode,False
349,mlp,up_proj,_unsafe_view,"[[B, d_ff]]",,,"[[B, 1, d_ff]]",[348],1,mlp,up_proj,2,model.layers.1.mlp.up_proj,aten._unsafe_view.default,[],decode,True
350,mlp,,elementwise_mul,"[[B, 1, d_ff], [B, 1, d_ff]]",,,"[[B, 1, d_ff]]","[345, 349]",1,mlp,,1,model.layers.1.mlp,aten.mul.Tensor,[],decode,False
351,mlp,down_proj,t,"[[d_model, d_ff]]","[d_model, d_ff]",0,"[[d_ff, d_model]]",[],1,mlp,down_proj,2,model.layers.1.mlp.down_proj,aten.t.default,[model.layers.1.mlp.down_proj.weight],decode,True
352,mlp,down_proj,view,"[[B, 1, d_ff]]",,,"[[B, d_ff]]",[350],1,mlp,down_proj,2,model.layers.1.mlp.down_proj,aten.view.default,[],decode,True
353,mlp,down_proj,matmul,"[[B, d_ff], [d_ff, d_model]]","[d_model, d_ff]",1,"[[B, d_model]]","[351, 352]",1,mlp,down_proj,2,model.layers.1.mlp.down_proj,aten.mm.default,[model.layers.1.mlp.down_proj.weight],decode,False
354,mlp,down_proj,_unsafe_view,"[[B, d_model]]",,,"[[B, 1, d_model]]",[353],1,mlp,down_proj,2,model.layers.1.mlp.down_proj,aten._unsafe_view.default,[],decode,True
355,,,elementwise_add,"[[B, 1, d_model], [B, 1, d_model]]",,,"[[B, 1, d_model]]","[330, 354]",1,,,0,model.layers.1,aten.add.Tensor,[],decode,False
356,input_layernorm,,_to_copy,"[[B, 1, d_model]]",,,"[[B, 1, d_model]]",[355],2,input_layernorm,,1,model.layers.2.input_layernorm,aten._to_copy.default,[],decode,True
357,input_layernorm,,pow,"[[B, 1, d_model]]",,,"[[B, 1, d_model]]",[356],2,input_layernorm,,1,model.layers.2.input_layernorm,aten.pow.Tensor_Scalar,[],decode,False
358,input_layernorm,,mean,"[[B, 1, d_model]]",,,"[[B, 1, 1]]",[357],2,input_layernorm,,1,model.layers.2.input_layernorm,aten.mean.dim,[],decode,False
359,input_layernorm,,elementwise_add,"[[B, 1, 1]]",,,"[[B, 1, 1]]",[358],2,input_layernorm,,1,model.layers.2.input_layernorm,aten.add.Tensor,[],decode,False
360,input_layernorm,,rsqrt,"[[B, 1, 1]]",,,"[[B, 1, 1]]",[359],2,input_layernorm,,1,model.layers.2.input_layernorm,aten.rsqrt.default,[],decode,False
361,input_layernorm,,elementwise_mul,"[[B, 1, d_model], [B, 1, 1]]",,,"[[B, 1, d_model]]","[356, 360]",2,input_layernorm,,1,model.layers.2.input_layernorm,aten.mul.Tensor,[],decode,False
362,input_layernorm,,_to_copy,[[d_model]],,,[[d_model]],[],2,input_layernorm,,1,model.layers.2.input_layernorm,aten._to_copy.default,[model.layers.2.input_layernorm.weight],decode,True
363,input_layernorm,,elementwise_add,[[d_model]],,,[[d_model]],[362],2,input_layernorm,,1,model.layers.2.input_layernorm,aten.add.Tensor,[model.layers.2.input_layernorm.weight],decode,False
364,input_layernorm,,elementwise_mul,"[[B, 1, d_model], [d_model]]",,,"[[B, 1, d_model]]","[361, 363]",2,input_layernorm,,1,model.layers.2.input_layernorm,aten.mul.Tensor,[],decode,False
365,input_layernorm,,_to_copy,"[[B, 1, d_model]]",,,"[[B, 1, d_model]]",[364],2,input_layernorm,,1,model.layers.2.input_layernorm,aten._to_copy.default,[],decode,True
366,linear_attn,in_proj_qkv,t,"[[2*d_k_lin+d_v_lin, d_model]]","[2*d_k_lin+d_v_lin, d_model]",0,"[[d_model, 2*d_k_lin+d_v_lin]]",[],2,linear_attn,in_proj_qkv,2,model.layers.2.linear_attn.in_proj_qkv,aten.t.default,[model.layers.2.linear_attn.in_proj_qkv.weight],decode,True
367,linear_attn,in_proj_qkv,view,"[[B, 1, d_model]]",,,"[[B, d_model]]",[365],2,linear_attn,in_proj_qkv,2,model.layers.2.linear_attn.in_proj_qkv,aten.view.default,[],decode,True
368,linear_attn,in_proj_qkv,matmul,"[[B, d_model], [d_model, 2*d_k_lin+d_v_lin]]","[2*d_k_lin+d_v_lin, d_model]",1,"[[B, 2*d_k_lin+d_v_lin]]","[366, 367]",2,linear_attn,in_proj_qkv,2,model.layers.2.linear_attn.in_proj_qkv,aten.mm.default,[model.layers.2.linear_attn.in_proj_qkv.weight],decode,False
369,linear_attn,in_proj_qkv,_unsafe_view,"[[B, 2*d_k_lin+d_v_lin]]",,,"[[B, 1, 2*d_k_lin+d_v_lin]]",[368],2,linear_attn,in_proj_qkv,2,model.layers.2.linear_attn.in_proj_qkv,aten._unsafe_view.default,[],decode,True
370,linear_attn,,transpose,"[[B, 1, 2*d_k_lin+d_v_lin]]",,,"[[B, 2*d_k_lin+d_v_lin, 1]]",[369],2,linear_attn,,1,model.layers.2.linear_attn,aten.transpose.int,[],decode,True
371,linear_attn,in_proj_z,t,"[[n_v*d_v, d_model]]","[n_v*d_v, d_model]",0,"[[d_model, n_v*d_v]]",[],2,linear_attn,in_proj_z,2,model.layers.2.linear_attn.in_proj_z,aten.t.default,[model.layers.2.linear_attn.in_proj_z.weight],decode,True
372,linear_attn,in_proj_z,view,"[[B, 1, d_model]]",,,"[[B, d_model]]",[365],2,linear_attn,in_proj_z,2,model.layers.2.linear_attn.in_proj_z,aten.view.default,[],decode,True
373,linear_attn,in_proj_z,matmul,"[[B, d_model], [d_model, n_v*d_v]]","[n_v*d_v, d_model]",1,"[[B, n_v*d_v]]","[371, 372]",2,linear_attn,in_proj_z,2,model.layers.2.linear_attn.in_proj_z,aten.mm.default,[model.layers.2.linear_attn.in_proj_z.weight],decode,False
374,linear_attn,in_proj_z,_unsafe_view,"[[B, n_v*d_v]]",,,"[[B, 1, n_v*d_v]]",[373],2,linear_attn,in_proj_z,2,model.layers.2.linear_attn.in_proj_z,aten._unsafe_view.default,[],decode,True
375,linear_attn,,view,"[[B, 1, n_v*d_v]]",,,"[[B, 1, n_h_lin_v, d_head_lin_v]]",[374],2,linear_attn,,1,model.layers.2.linear_attn,aten.view.default,[],decode,True
376,linear_attn,in_proj_b,t,"[[n_h_lin_v, d_model]]","[n_h_lin_v, d_model]",0,"[[d_model, n_h_lin_v]]",[],2,linear_attn,in_proj_b,2,model.layers.2.linear_attn.in_proj_b,aten.t.default,[model.layers.2.linear_attn.in_proj_b.weight],decode,True
377,linear_attn,in_proj_b,view,"[[B, 1, d_model]]",,,"[[B, d_model]]",[365],2,linear_attn,in_proj_b,2,model.layers.2.linear_attn.in_proj_b,aten.view.default,[],decode,True
378,linear_attn,in_proj_b,matmul,"[[B, d_model], [d_model, n_h_lin_v]]","[n_h_lin_v, d_model]",1,"[[B, n_h_lin_v]]","[376, 377]",2,linear_attn,in_proj_b,2,model.layers.2.linear_attn.in_proj_b,aten.mm.default,[model.layers.2.linear_attn.in_proj_b.weight],decode,False
379,linear_attn,in_proj_b,_unsafe_view,"[[B, n_h_lin_v]]",,,"[[B, 1, n_h_lin_v]]",[378],2,linear_attn,in_proj_b,2,model.layers.2.linear_attn.in_proj_b,aten._unsafe_view.default,[],decode,True
380,linear_attn,in_proj_a,t,"[[n_h_lin_v, d_model]]","[n_h_lin_v, d_model]",0,"[[d_model, n_h_lin_v]]",[],2,linear_attn,in_proj_a,2,model.layers.2.linear_attn.in_proj_a,aten.t.default,[model.layers.2.linear_attn.in_proj_a.weight],decode,True
381,linear_attn,in_proj_a,view,"[[B, 1, d_model]]",,,"[[B, d_model]]",[365],2,linear_attn,in_proj_a,2,model.layers.2.linear_attn.in_proj_a,aten.view.default,[],decode,True
382,linear_attn,in_proj_a,matmul,"[[B, d_model], [d_model, n_h_lin_v]]","[n_h_lin_v, d_model]",1,"[[B, n_h_lin_v]]","[380, 381]",2,linear_attn,in_proj_a,2,model.layers.2.linear_attn.in_proj_a,aten.mm.default,[model.layers.2.linear_attn.in_proj_a.weight],decode,False
383,linear_attn,in_proj_a,_unsafe_view,"[[B, n_h_lin_v]]",,,"[[B, 1, n_h_lin_v]]",[382],2,linear_attn,in_proj_a,2,model.layers.2.linear_attn.in_proj_a,aten._unsafe_view.default,[],decode,True
384,linear_attn,,squeeze,"[[2*d_k_lin+d_v_lin, 1, d_conv_lin]]","[2*d_k_lin+d_v_lin, 1, d_conv_lin]",0,"[[2*d_k_lin+d_v_lin, d_conv_lin]]",[],2,linear_attn,,1,model.layers.2.linear_attn,aten.squeeze.dim,[model.layers.2.linear_attn.conv1d.weight],decode,True
385,linear_attn,,concat,"[[B, 2*d_k_lin+d_v_lin, d_conv_lin], [B, 2*d_k_lin+d_v_lin, 1]]",,,"[[B, 2*d_k_lin+d_v_lin, 5]]",[370],2,linear_attn,,1,model.layers.2.linear_attn,aten.cat.default,[],decode,False
386,linear_attn,,slice,"[[B, 2*d_k_lin+d_v_lin, 5]]",,,"[[B, 2*d_k_lin+d_v_lin, d_conv_lin]]",[385],2,linear_attn,,1,model.layers.2.linear_attn,aten.slice.Tensor,[],decode,True
387,linear_attn,,copy_,"[[B, 2*d_k_lin+d_v_lin, d_conv_lin], [B, 2*d_k_lin+d_v_lin, d_conv_lin]]",,,"[[B, 2*d_k_lin+d_v_lin, d_conv_lin]]",[386],2,linear_attn,,1,model.layers.2.linear_attn,aten.copy_.default,[],decode,True
388,linear_attn,,unsqueeze,"[[2*d_k_lin+d_v_lin, d_conv_lin]]",,,"[[2*d_k_lin+d_v_lin, 1, d_conv_lin]]",[384],2,linear_attn,,1,model.layers.2.linear_attn,aten.unsqueeze.default,[],decode,True
389,linear_attn,,conv1d,"[[B, 2*d_k_lin+d_v_lin, 5], [2*d_k_lin+d_v_lin, 1, d_conv_lin]]",,,"[[B, 2*d_k_lin+d_v_lin, 2]]","[385, 388]",2,linear_attn,,1,model.layers.2.linear_attn,aten.convolution.default,[],decode,False
390,linear_attn,,slice,"[[B, 2*d_k_lin+d_v_lin, 2]]",,,"[[B, 2*d_k_lin+d_v_lin, 1]]",[389],2,linear_attn,,1,model.layers.2.linear_attn,aten.slice.Tensor,[],decode,True
391,linear_attn,,silu,"[[B, 2*d_k_lin+d_v_lin, 1]]",,,"[[B, 2*d_k_lin+d_v_lin, 1]]",[390],2,linear_attn,,1,model.layers.2.linear_attn,aten.silu.default,[],decode,False
392,linear_attn,,transpose,"[[B, 2*d_k_lin+d_v_lin, 1]]",,,"[[B, 1, 2*d_k_lin+d_v_lin]]",[391],2,linear_attn,,1,model.layers.2.linear_attn,aten.transpose.int,[],decode,True
393,linear_attn,,split_with_sizes,"[[B, 1, 2*d_k_lin+d_v_lin]]",,,"[[B, 1, n_k*d_k], [B, 1, n_k*d_k], [B, 1, n_v*d_v]]",[392],2,linear_attn,,1,model.layers.2.linear_attn,aten.split_with_sizes.default,[],decode,True
394,linear_attn,,view,"[[B, 1, n_k*d_k]]",,,"[[B, 1, n_h_lin_k, d_head_lin_k]]",[393],2,linear_attn,,1,model.layers.2.linear_attn,aten.view.default,[],decode,True
395,linear_attn,,view,"[[B, 1, n_k*d_k]]",,,"[[B, 1, n_h_lin_k, d_head_lin_k]]",[393],2,linear_attn,,1,model.layers.2.linear_attn,aten.view.default,[],decode,True
396,linear_attn,,view,"[[B, 1, n_v*d_v]]",,,"[[B, 1, n_h_lin_v, d_head_lin_v]]",[393],2,linear_attn,,1,model.layers.2.linear_attn,aten.view.default,[],decode,True
397,linear_attn,,sigmoid,"[[B, 1, n_h_lin_v]]",,,"[[B, 1, n_h_lin_v]]",[379],2,linear_attn,,1,model.layers.2.linear_attn,aten.sigmoid.default,[],decode,False
398,linear_attn,,_to_copy,[[n_h_lin_v]],,,[[n_h_lin_v]],[],2,linear_attn,,1,model.layers.2.linear_attn,aten._to_copy.default,[model.layers.2.linear_attn.A_log],decode,True
399,linear_attn,,exp,[[n_h_lin_v]],,,[[n_h_lin_v]],[398],2,linear_attn,,1,model.layers.2.linear_attn,aten.exp.default,[model.layers.2.linear_attn.A_log],decode,False
400,linear_attn,,neg,[[n_h_lin_v]],,,[[n_h_lin_v]],[399],2,linear_attn,,1,model.layers.2.linear_attn,aten.neg.default,[],decode,False
401,linear_attn,,_to_copy,"[[B, 1, n_h_lin_v]]",,,"[[B, 1, n_h_lin_v]]",[383],2,linear_attn,,1,model.layers.2.linear_attn,aten._to_copy.default,[],decode,True
402,linear_attn,,elementwise_add,"[[B, 1, n_h_lin_v], [n_h_lin_v]]",,,"[[B, 1, n_h_lin_v]]",[401],2,linear_attn,,1,model.layers.2.linear_attn,aten.add.Tensor,[model.layers.2.linear_attn.dt_bias],decode,False
403,linear_attn,,softplus,"[[B, 1, n_h_lin_v]]",,,"[[B, 1, n_h_lin_v]]",[402],2,linear_attn,,1,model.layers.2.linear_attn,aten.softplus.default,[],decode,True
404,linear_attn,,elementwise_mul,"[[n_h_lin_v], [B, 1, n_h_lin_v]]",,,"[[B, 1, n_h_lin_v]]","[400, 403]",2,linear_attn,,1,model.layers.2.linear_attn,aten.mul.Tensor,[],decode,False
405,linear_attn,,unsqueeze,"[[B, 1, n_h_lin_k, d_head_lin_k]]",,,"[[B, 1, n_h_lin_k, 1, d_head_lin_k]]",[394],2,linear_attn,,1,model.layers.2.linear_attn,aten.unsqueeze.default,[],decode,True
406,linear_attn,,expand,"[[B, 1, n_h_lin_k, 1, d_head_lin_k]]",,,"[[B, 1, n_h_lin_k, n_v/n_k, d_head_lin_k]]",[405],2,linear_attn,,1,model.layers.2.linear_attn,aten.expand.default,[],decode,True
407,linear_attn,,clone,"[[B, 1, n_h_lin_k, n_v/n_k, d_head_lin_k]]",,,"[[B, 1, n_h_lin_k, n_v/n_k, d_head_lin_k]]",[406],2,linear_attn,,1,model.layers.2.linear_attn,aten.clone.default,[],decode,True
408,linear_attn,,view,"[[B, 1, n_h_lin_k, n_v/n_k, d_head_lin_k]]",,,"[[B, 1, n_h_lin_v, d_head_lin_k]]",[407],2,linear_attn,,1,model.layers.2.linear_attn,aten.view.default,[],decode,True
409,linear_attn,,unsqueeze,"[[B, 1, n_h_lin_k, d_head_lin_k]]",,,"[[B, 1, n_h_lin_k, 1, d_head_lin_k]]",[395],2,linear_attn,,1,model.layers.2.linear_attn,aten.unsqueeze.default,[],decode,True
410,linear_attn,,expand,"[[B, 1, n_h_lin_k, 1, d_head_lin_k]]",,,"[[B, 1, n_h_lin_k, n_v/n_k, d_head_lin_k]]",[409],2,linear_attn,,1,model.layers.2.linear_attn,aten.expand.default,[],decode,True
411,linear_attn,,clone,"[[B, 1, n_h_lin_k, n_v/n_k, d_head_lin_k]]",,,"[[B, 1, n_h_lin_k, n_v/n_k, d_head_lin_k]]",[410],2,linear_attn,,1,model.layers.2.linear_attn,aten.clone.default,[],decode,True
412,linear_attn,,view,"[[B, 1, n_h_lin_k, n_v/n_k, d_head_lin_k]]",,,"[[B, 1, n_h_lin_v, d_head_lin_k]]",[411],2,linear_attn,,1,model.layers.2.linear_attn,aten.view.default,[],decode,True
413,linear_attn,,elementwise_mul,"[[B, 1, n_h_lin_v, d_head_lin_k], [B, 1, n_h_lin_v, d_head_lin_k]]",,,"[[B, 1, n_h_lin_v, d_head_lin_k]]",[408],2,linear_attn,,1,model.layers.2.linear_attn,aten.mul.Tensor,[],decode,False
414,linear_attn,,sum,"[[B, 1, n_h_lin_v, d_head_lin_k]]",,,"[[B, 1, n_h_lin_v, 1]]",[413],2,linear_attn,,1,model.layers.2.linear_attn,aten.sum.dim_IntList,[],decode,True
415,linear_attn,,elementwise_add,"[[B, 1, n_h_lin_v, 1]]",,,"[[B, 1, n_h_lin_v, 1]]",[414],2,linear_attn,,1,model.layers.2.linear_attn,aten.add.Tensor,[],decode,False
416,linear_attn,,rsqrt,"[[B, 1, n_h_lin_v, 1]]",,,"[[B, 1, n_h_lin_v, 1]]",[415],2,linear_attn,,1,model.layers.2.linear_attn,aten.rsqrt.default,[],decode,False
417,linear_attn,,elementwise_mul,"[[B, 1, n_h_lin_v, d_head_lin_k], [B, 1, n_h_lin_v, 1]]",,,"[[B, 1, n_h_lin_v, d_head_lin_k]]","[408, 416]",2,linear_attn,,1,model.layers.2.linear_attn,aten.mul.Tensor,[],decode,False
418,linear_attn,,elementwise_mul,"[[B, 1, n_h_lin_v, d_head_lin_k], [B, 1, n_h_lin_v, d_head_lin_k]]",,,"[[B, 1, n_h_lin_v, d_head_lin_k]]",[412],2,linear_attn,,1,model.layers.2.linear_attn,aten.mul.Tensor,[],decode,False
419,linear_attn,,sum,"[[B, 1, n_h_lin_v, d_head_lin_k]]",,,"[[B, 1, n_h_lin_v, 1]]",[418],2,linear_attn,,1,model.layers.2.linear_attn,aten.sum.dim_IntList,[],decode,True
420,linear_attn,,elementwise_add,"[[B, 1, n_h_lin_v, 1]]",,,"[[B, 1, n_h_lin_v, 1]]",[419],2,linear_attn,,1,model.layers.2.linear_attn,aten.add.Tensor,[],decode,False
421,linear_attn,,rsqrt,"[[B, 1, n_h_lin_v, 1]]",,,"[[B, 1, n_h_lin_v, 1]]",[420],2,linear_attn,,1,model.layers.2.linear_attn,aten.rsqrt.default,[],decode,False
422,linear_attn,,elementwise_mul,"[[B, 1, n_h_lin_v, d_head_lin_k], [B, 1, n_h_lin_v, 1]]",,,"[[B, 1, n_h_lin_v, d_head_lin_k]]","[412, 421]",2,linear_attn,,1,model.layers.2.linear_attn,aten.mul.Tensor,[],decode,False
423,linear_attn,,transpose,"[[B, 1, n_h_lin_v, d_head_lin_k]]",,,"[[B, n_h_lin_v, 1, d_head_lin_k]]",[417],2,linear_attn,,1,model.layers.2.linear_attn,aten.transpose.int,[],decode,True
424,linear_attn,,_to_copy,"[[B, n_h_lin_v, 1, d_head_lin_k]]",,,"[[B, n_h_lin_v, 1, d_head_lin_k]]",[423],2,linear_attn,,1,model.layers.2.linear_attn,aten._to_copy.default,[],decode,True
425,linear_attn,,transpose,"[[B, 1, n_h_lin_v, d_head_lin_k]]",,,"[[B, n_h_lin_v, 1, d_head_lin_k]]",[422],2,linear_attn,,1,model.layers.2.linear_attn,aten.transpose.int,[],decode,True
426,linear_attn,,_to_copy,"[[B, n_h_lin_v, 1, d_head_lin_k]]",,,"[[B, n_h_lin_v, 1, d_head_lin_k]]",[425],2,linear_attn,,1,model.layers.2.linear_attn,aten._to_copy.default,[],decode,True
427,linear_attn,,transpose,"[[B, 1, n_h_lin_v, d_head_lin_v]]",,,"[[B, n_h_lin_v, 1, d_head_lin_v]]",[396],2,linear_attn,,1,model.layers.2.linear_attn,aten.transpose.int,[],decode,True
428,linear_attn,,_to_copy,"[[B, n_h_lin_v, 1, d_head_lin_v]]",,,"[[B, n_h_lin_v, 1, d_head_lin_v]]",[427],2,linear_attn,,1,model.layers.2.linear_attn,aten._to_copy.default,[],decode,True
429,linear_attn,,transpose,"[[B, 1, n_h_lin_v]]",,,"[[B, n_h_lin_v, 1]]",[397],2,linear_attn,,1,model.layers.2.linear_attn,aten.transpose.int,[],decode,True
430,linear_attn,,_to_copy,"[[B, n_h_lin_v, 1]]",,,"[[B, n_h_lin_v, 1]]",[429],2,linear_attn,,1,model.layers.2.linear_attn,aten._to_copy.default,[],decode,True
431,linear_attn,,transpose,"[[B, 1, n_h_lin_v]]",,,"[[B, n_h_lin_v, 1]]",[404],2,linear_attn,,1,model.layers.2.linear_attn,aten.transpose.int,[],decode,True
432,linear_attn,,elementwise_mul,"[[B, n_h_lin_v, 1, d_head_lin_k]]",,,"[[B, n_h_lin_v, 1, d_head_lin_k]]",[424],2,linear_attn,,1,model.layers.2.linear_attn,aten.mul.Tensor,[],decode,False
433,linear_attn,,zeros,[],,,"[[B, n_h_lin_v, 1, d_head_lin_v]]",[],2,linear_attn,,1,model.layers.2.linear_attn,aten.zeros.default,[],decode,True
434,linear_attn,,select,"[[B, n_h_lin_v, 1, d_head_lin_k]]",,,"[[B, n_h_lin_v, d_head_lin_k]]",[432],2,linear_attn,,1,model.layers.2.linear_attn,aten.select.int,[],decode,True
435,linear_attn,,select,"[[B, n_h_lin_v, 1, d_head_lin_k]]",,,"[[B, n_h_lin_v, d_head_lin_k]]",[426],2,linear_attn,,1,model.layers.2.linear_attn,aten.select.int,[],decode,True
436,linear_attn,,select,"[[B, n_h_lin_v, 1, d_head_lin_v]]",,,"[[B, n_h_lin_v, d_head_lin_v]]",[428],2,linear_attn,,1,model.layers.2.linear_attn,aten.select.int,[],decode,True
437,linear_attn,,select,"[[B, n_h_lin_v, 1]]",,,"[[B, n_h_lin_v]]",[431],2,linear_attn,,1,model.layers.2.linear_attn,aten.select.int,[],decode,True
438,linear_attn,,exp,"[[B, n_h_lin_v]]",,,"[[B, n_h_lin_v]]",[437],2,linear_attn,,1,model.layers.2.linear_attn,aten.exp.default,[],decode,False
439,linear_attn,,unsqueeze,"[[B, n_h_lin_v]]",,,"[[B, n_h_lin_v, 1]]",[438],2,linear_attn,,1,model.layers.2.linear_attn,aten.unsqueeze.default,[],decode,True
440,linear_attn,,unsqueeze,"[[B, n_h_lin_v, 1]]",,,"[[B, n_h_lin_v, 1, 1]]",[439],2,linear_attn,,1,model.layers.2.linear_attn,aten.unsqueeze.default,[],decode,True
441,linear_attn,,select,"[[B, n_h_lin_v, 1]]",,,"[[B, n_h_lin_v]]",[430],2,linear_attn,,1,model.layers.2.linear_attn,aten.select.int,[],decode,True
442,linear_attn,,unsqueeze,"[[B, n_h_lin_v]]",,,"[[B, n_h_lin_v, 1]]",[441],2,linear_attn,,1,model.layers.2.linear_attn,aten.unsqueeze.default,[],decode,True
443,linear_attn,,elementwise_mul,"[[B, n_h_lin_v, d_head_lin_k, d_head_lin_v], [B, n_h_lin_v, 1, 1]]",,,"[[B, n_h_lin_v, d_head_lin_k, d_head_lin_v]]",[440],2,linear_attn,,1,model.layers.2.linear_attn,aten.mul.Tensor,[],decode,False
444,linear_attn,,unsqueeze,"[[B, n_h_lin_v, d_head_lin_k]]",,,"[[B, n_h_lin_v, d_head_lin_k, 1]]",[435],2,linear_attn,,1,model.layers.2.linear_attn,aten.unsqueeze.default,[],decode,True
445,linear_attn,,elementwise_mul,"[[B, n_h_lin_v, d_head_lin_k, d_head_lin_v], [B, n_h_lin_v, d_head_lin_k, 1]]",,,"[[B, n_h_lin_v, d_head_lin_k, d_head_lin_v]]","[443, 444]",2,linear_attn,,1,model.layers.2.linear_attn,aten.mul.Tensor,[],decode,False
446,linear_attn,,sum,"[[B, n_h_lin_v, d_head_lin_k, d_head_lin_v]]",,,"[[B, n_h_lin_v, d_head_lin_v]]",[445],2,linear_attn,,1,model.layers.2.linear_attn,aten.sum.dim_IntList,[],decode,True
447,linear_attn,,sub,"[[B, n_h_lin_v, d_head_lin_v], [B, n_h_lin_v, d_head_lin_v]]",,,"[[B, n_h_lin_v, d_head_lin_v]]","[436, 446]",2,linear_attn,,1,model.layers.2.linear_attn,aten.sub.Tensor,[],decode,True
448,linear_attn,,elementwise_mul,"[[B, n_h_lin_v, d_head_lin_v], [B, n_h_lin_v, 1]]",,,"[[B, n_h_lin_v, d_head_lin_v]]","[442, 447]",2,linear_attn,,1,model.layers.2.linear_attn,aten.mul.Tensor,[],decode,False
449,linear_attn,,unsqueeze,"[[B, n_h_lin_v, d_head_lin_k]]",,,"[[B, n_h_lin_v, d_head_lin_k, 1]]",[435],2,linear_attn,,1,model.layers.2.linear_attn,aten.unsqueeze.default,[],decode,True
450,linear_attn,,unsqueeze,"[[B, n_h_lin_v, d_head_lin_v]]",,,"[[B, n_h_lin_v, 1, d_head_lin_v]]",[448],2,linear_attn,,1,model.layers.2.linear_attn,aten.unsqueeze.default,[],decode,True
451,linear_attn,,elementwise_mul,"[[B, n_h_lin_v, d_head_lin_k, 1], [B, n_h_lin_v, 1, d_head_lin_v]]",,,"[[B, n_h_lin_v, d_head_lin_k, d_head_lin_v]]","[449, 450]",2,linear_attn,,1,model.layers.2.linear_attn,aten.mul.Tensor,[],decode,False
452,linear_attn,,elementwise_add,"[[B, n_h_lin_v, d_head_lin_k, d_head_lin_v], [B, n_h_lin_v, d_head_lin_k, d_head_lin_v]]",,,"[[B, n_h_lin_v, d_head_lin_k, d_head_lin_v]]","[443, 451]",2,linear_attn,,1,model.layers.2.linear_attn,aten.add.Tensor,[],decode,False
453,linear_attn,,unsqueeze,"[[B, n_h_lin_v, d_head_lin_k]]",,,"[[B, n_h_lin_v, d_head_lin_k, 1]]",[434],2,linear_attn,,1,model.layers.2.linear_attn,aten.unsqueeze.default,[],decode,True
454,linear_attn,,elementwise_mul,"[[B, n_h_lin_v, d_head_lin_k, d_head_lin_v], [B, n_h_lin_v, d_head_lin_k, 1]]",,,"[[B, n_h_lin_v, d_head_lin_k, d_head_lin_v]]","[452, 453]",2,linear_attn,,1,model.layers.2.linear_attn,aten.mul.Tensor,[],decode,False
455,linear_attn,,sum,"[[B, n_h_lin_v, d_head_lin_k, d_head_lin_v]]",,,"[[B, n_h_lin_v, d_head_lin_v]]",[454],2,linear_attn,,1,model.layers.2.linear_attn,aten.sum.dim_IntList,[],decode,True
456,linear_attn,,select,"[[B, n_h_lin_v, 1, d_head_lin_v]]",,,"[[B, n_h_lin_v, d_head_lin_v]]",[433],2,linear_attn,,1,model.layers.2.linear_attn,aten.select.int,[],decode,True
457,linear_attn,,copy_,"[[B, n_h_lin_v, d_head_lin_v], [B, n_h_lin_v, d_head_lin_v]]",,,"[[B, n_h_lin_v, d_head_lin_v]]","[455, 456]",2,linear_attn,,1,model.layers.2.linear_attn,aten.copy_.default,[],decode,True
458,linear_attn,,transpose,"[[B, n_h_lin_v, 1, d_head_lin_v]]",,,"[[B, 1, n_h_lin_v, d_head_lin_v]]",[433],2,linear_attn,,1,model.layers.2.linear_attn,aten.transpose.int,[],decode,True
459,linear_attn,,_to_copy,"[[B, 1, n_h_lin_v, d_head_lin_v]]",,,"[[B, 1, n_h_lin_v, d_head_lin_v]]",[458],2,linear_attn,,1,model.layers.2.linear_attn,aten._to_copy.default,[],decode,True
460,linear_attn,,copy_,"[[B, n_h_lin_v, d_head_lin_k, d_head_lin_v], [B, n_h_lin_v, d_head_lin_k, d_head_lin_v]]",,,"[[B, n_h_lin_v, d_head_lin_k, d_head_lin_v]]",[452],2,linear_attn,,1,model.layers.2.linear_attn,aten.copy_.default,[],decode,True
461,linear_attn,,view,"[[B, 1, n_h_lin_v, d_head_lin_v]]",,,"[[n_h_lin_v, d_head_lin_v]]",[459],2,linear_attn,,1,model.layers.2.linear_attn,aten.view.default,[],decode,True
462,linear_attn,,view,"[[B, 1, n_h_lin_v, d_head_lin_v]]",,,"[[n_h_lin_v, d_head_lin_v]]",[375],2,linear_attn,,1,model.layers.2.linear_attn,aten.view.default,[],decode,True
463,linear_attn,norm,_to_copy,"[[n_h_lin_v, d_head_lin_v]]",,,"[[n_h_lin_v, d_head_lin_v]]",[461],2,linear_attn,norm,2,model.layers.2.linear_attn.norm,aten._to_copy.default,[],decode,True
464,linear_attn,norm,pow,"[[n_h_lin_v, d_head_lin_v]]",,,"[[n_h_lin_v, d_head_lin_v]]",[463],2,linear_attn,norm,2,model.layers.2.linear_attn.norm,aten.pow.Tensor_Scalar,[],decode,False
465,linear_attn,norm,mean,"[[n_h_lin_v, d_head_lin_v]]",,,"[[n_h_lin_v, B]]",[464],2,linear_attn,norm,2,model.layers.2.linear_attn.norm,aten.mean.dim,[],decode,False
466,linear_attn,norm,elementwise_add,"[[n_h_lin_v, B]]",,,"[[n_h_lin_v, B]]",[465],2,linear_attn,norm,2,model.layers.2.linear_attn.norm,aten.add.Tensor,[],decode,False
467,linear_attn,norm,rsqrt,"[[n_h_lin_v, B]]",,,"[[n_h_lin_v, B]]",[466],2,linear_attn,norm,2,model.layers.2.linear_attn.norm,aten.rsqrt.default,[],decode,False
468,linear_attn,norm,elementwise_mul,"[[n_h_lin_v, d_head_lin_v], [n_h_lin_v, B]]",,,"[[n_h_lin_v, d_head_lin_v]]","[463, 467]",2,linear_attn,norm,2,model.layers.2.linear_attn.norm,aten.mul.Tensor,[],decode,False
469,linear_attn,norm,_to_copy,"[[n_h_lin_v, d_head_lin_v]]",,,"[[n_h_lin_v, d_head_lin_v]]",[468],2,linear_attn,norm,2,model.layers.2.linear_attn.norm,aten._to_copy.default,[],decode,True
470,linear_attn,norm,elementwise_mul,"[[d_head_lin_v], [n_h_lin_v, d_head_lin_v]]",,,"[[n_h_lin_v, d_head_lin_v]]",[469],2,linear_attn,norm,2,model.layers.2.linear_attn.norm,aten.mul.Tensor,[model.layers.2.linear_attn.norm.weight],decode,False
471,linear_attn,norm,_to_copy,"[[n_h_lin_v, d_head_lin_v]]",,,"[[n_h_lin_v, d_head_lin_v]]",[462],2,linear_attn,norm,2,model.layers.2.linear_attn.norm,aten._to_copy.default,[],decode,True
472,linear_attn,norm,silu,"[[n_h_lin_v, d_head_lin_v]]",,,"[[n_h_lin_v, d_head_lin_v]]",[471],2,linear_attn,norm,2,model.layers.2.linear_attn.norm,aten.silu.default,[],decode,False
473,linear_attn,norm,elementwise_mul,"[[n_h_lin_v, d_head_lin_v], [n_h_lin_v, d_head_lin_v]]",,,"[[n_h_lin_v, d_head_lin_v]]","[470, 472]",2,linear_attn,norm,2,model.layers.2.linear_attn.norm,aten.mul.Tensor,[],decode,False
474,linear_attn,norm,_to_copy,"[[n_h_lin_v, d_head_lin_v]]",,,"[[n_h_lin_v, d_head_lin_v]]",[473],2,linear_attn,norm,2,model.layers.2.linear_attn.norm,aten._to_copy.default,[],decode,True
475,linear_attn,,view,"[[n_h_lin_v, d_head_lin_v]]",,,"[[B, 1, n_v*d_v]]",[474],2,linear_attn,,1,model.layers.2.linear_attn,aten.view.default,[],decode,True
476,linear_attn,out_proj,t,"[[d_model, n_v*d_v]]","[d_model, n_v*d_v]",0,"[[n_v*d_v, d_model]]",[],2,linear_attn,out_proj,2,model.layers.2.linear_attn.out_proj,aten.t.default,[model.layers.2.linear_attn.out_proj.weight],decode,True
477,linear_attn,out_proj,view,"[[B, 1, n_v*d_v]]",,,"[[B, n_v*d_v]]",[475],2,linear_attn,out_proj,2,model.layers.2.linear_attn.out_proj,aten.view.default,[],decode,True
478,linear_attn,out_proj,matmul,"[[B, n_v*d_v], [n_v*d_v, d_model]]","[d_model, n_v*d_v]",1,"[[B, d_model]]","[476, 477]",2,linear_attn,out_proj,2,model.layers.2.linear_attn.out_proj,aten.mm.default,[model.layers.2.linear_attn.out_proj.weight],decode,False
479,linear_attn,out_proj,_unsafe_view,"[[B, d_model]]",,,"[[B, 1, d_model]]",[478],2,linear_attn,out_proj,2,model.layers.2.linear_attn.out_proj,aten._unsafe_view.default,[],decode,True
480,,,elementwise_add,"[[B, 1, d_model], [B, 1, d_model]]",,,"[[B, 1, d_model]]","[355, 479]",2,,,0,model.layers.2,aten.add.Tensor,[],decode,False
481,post_attention_layernorm,,_to_copy,"[[B, 1, d_model]]",,,"[[B, 1, d_model]]",[480],2,post_attention_layernorm,,1,model.layers.2.post_attention_layernorm,aten._to_copy.default,[],decode,True
482,post_attention_layernorm,,pow,"[[B, 1, d_model]]",,,"[[B, 1, d_model]]",[481],2,post_attention_layernorm,,1,model.layers.2.post_attention_layernorm,aten.pow.Tensor_Scalar,[],decode,False
483,post_attention_layernorm,,mean,"[[B, 1, d_model]]",,,"[[B, 1, 1]]",[482],2,post_attention_layernorm,,1,model.layers.2.post_attention_layernorm,aten.mean.dim,[],decode,False
484,post_attention_layernorm,,elementwise_add,"[[B, 1, 1]]",,,"[[B, 1, 1]]",[483],2,post_attention_layernorm,,1,model.layers.2.post_attention_layernorm,aten.add.Tensor,[],decode,False
485,post_attention_layernorm,,rsqrt,"[[B, 1, 1]]",,,"[[B, 1, 1]]",[484],2,post_attention_layernorm,,1,model.layers.2.post_attention_layernorm,aten.rsqrt.default,[],decode,False
486,post_attention_layernorm,,elementwise_mul,"[[B, 1, d_model], [B, 1, 1]]",,,"[[B, 1, d_model]]","[481, 485]",2,post_attention_layernorm,,1,model.layers.2.post_attention_layernorm,aten.mul.Tensor,[],decode,False
487,post_attention_layernorm,,_to_copy,[[d_model]],,,[[d_model]],[],2,post_attention_layernorm,,1,model.layers.2.post_attention_layernorm,aten._to_copy.default,[model.layers.2.post_attention_layernorm.weight],decode,True
488,post_attention_layernorm,,elementwise_add,[[d_model]],,,[[d_model]],[487],2,post_attention_layernorm,,1,model.layers.2.post_attention_layernorm,aten.add.Tensor,[model.layers.2.post_attention_layernorm.weight],decode,False
489,post_attention_layernorm,,elementwise_mul,"[[B, 1, d_model], [d_model]]",,,"[[B, 1, d_model]]","[486, 488]",2,post_attention_layernorm,,1,model.layers.2.post_attention_layernorm,aten.mul.Tensor,[],decode,False
490,post_attention_layernorm,,_to_copy,"[[B, 1, d_model]]",,,"[[B, 1, d_model]]",[489],2,post_attention_layernorm,,1,model.layers.2.post_attention_layernorm,aten._to_copy.default,[],decode,True
491,mlp,gate_proj,t,"[[d_ff, d_model]]","[d_ff, d_model]",0,"[[d_model, d_ff]]",[],2,mlp,gate_proj,2,model.layers.2.mlp.gate_proj,aten.t.default,[model.layers.2.mlp.gate_proj.weight],decode,True
492,mlp,gate_proj,view,"[[B, 1, d_model]]",,,"[[B, d_model]]",[490],2,mlp,gate_proj,2,model.layers.2.mlp.gate_proj,aten.view.default,[],decode,True
493,mlp,gate_proj,matmul,"[[B, d_model], [d_model, d_ff]]","[d_ff, d_model]",1,"[[B, d_ff]]","[491, 492]",2,mlp,gate_proj,2,model.layers.2.mlp.gate_proj,aten.mm.default,[model.layers.2.mlp.gate_proj.weight],decode,False
494,mlp,gate_proj,_unsafe_view,"[[B, d_ff]]",,,"[[B, 1, d_ff]]",[493],2,mlp,gate_proj,2,model.layers.2.mlp.gate_proj,aten._unsafe_view.default,[],decode,True
495,mlp,act_fn,silu,"[[B, 1, d_ff]]",,,"[[B, 1, d_ff]]",[494],2,mlp,act_fn,2,model.layers.2.mlp.act_fn,aten.silu.default,[],decode,False
496,mlp,up_proj,t,"[[d_ff, d_model]]","[d_ff, d_model]",0,"[[d_model, d_ff]]",[],2,mlp,up_proj,2,model.layers.2.mlp.up_proj,aten.t.default,[model.layers.2.mlp.up_proj.weight],decode,True
497,mlp,up_proj,view,"[[B, 1, d_model]]",,,"[[B, d_model]]",[490],2,mlp,up_proj,2,model.layers.2.mlp.up_proj,aten.view.default,[],decode,True
498,mlp,up_proj,matmul,"[[B, d_model], [d_model, d_ff]]","[d_ff, d_model]",1,"[[B, d_ff]]","[496, 497]",2,mlp,up_proj,2,model.layers.2.mlp.up_proj,aten.mm.default,[model.layers.2.mlp.up_proj.weight],decode,False
499,mlp,up_proj,_unsafe_view,"[[B, d_ff]]",,,"[[B, 1, d_ff]]",[498],2,mlp,up_proj,2,model.layers.2.mlp.up_proj,aten._unsafe_view.default,[],decode,True
500,mlp,,elementwise_mul,"[[B, 1, d_ff], [B, 1, d_ff]]",,,"[[B, 1, d_ff]]","[495, 499]",2,mlp,,1,model.layers.2.mlp,aten.mul.Tensor,[],decode,False
501,mlp,down_proj,t,"[[d_model, d_ff]]","[d_model, d_ff]",0,"[[d_ff, d_model]]",[],2,mlp,down_proj,2,model.layers.2.mlp.down_proj,aten.t.default,[model.layers.2.mlp.down_proj.weight],decode,True
502,mlp,down_proj,view,"[[B, 1, d_ff]]",,,"[[B, d_ff]]",[500],2,mlp,down_proj,2,model.layers.2.mlp.down_proj,aten.view.default,[],decode,True
503,mlp,down_proj,matmul,"[[B, d_ff], [d_ff, d_model]]","[d_model, d_ff]",1,"[[B, d_model]]","[501, 502]",2,mlp,down_proj,2,model.layers.2.mlp.down_proj,aten.mm.default,[model.layers.2.mlp.down_proj.weight],decode,False
504,mlp,down_proj,_unsafe_view,"[[B, d_model]]",,,"[[B, 1, d_model]]",[503],2,mlp,down_proj,2,model.layers.2.mlp.down_proj,aten._unsafe_view.default,[],decode,True
505,,,elementwise_add,"[[B, 1, d_model], [B, 1, d_model]]",,,"[[B, 1, d_model]]","[480, 504]",2,,,0,model.layers.2,aten.add.Tensor,[],decode,False
506,input_layernorm,,_to_copy,"[[B, 1, d_model]]",,,"[[B, 1, d_model]]",[505],3,input_layernorm,,1,model.layers.3.input_layernorm,aten._to_copy.default,[],decode,True
507,input_layernorm,,pow,"[[B, 1, d_model]]",,,"[[B, 1, d_model]]",[506],3,input_layernorm,,1,model.layers.3.input_layernorm,aten.pow.Tensor_Scalar,[],decode,False
508,input_layernorm,,mean,"[[B, 1, d_model]]",,,"[[B, 1, 1]]",[507],3,input_layernorm,,1,model.layers.3.input_layernorm,aten.mean.dim,[],decode,False
509,input_layernorm,,elementwise_add,"[[B, 1, 1]]",,,"[[B, 1, 1]]",[508],3,input_layernorm,,1,model.layers.3.input_layernorm,aten.add.Tensor,[],decode,False
510,input_layernorm,,rsqrt,"[[B, 1, 1]]",,,"[[B, 1, 1]]",[509],3,input_layernorm,,1,model.layers.3.input_layernorm,aten.rsqrt.default,[],decode,False
511,input_layernorm,,elementwise_mul,"[[B, 1, d_model], [B, 1, 1]]",,,"[[B, 1, d_model]]","[506, 510]",3,input_layernorm,,1,model.layers.3.input_layernorm,aten.mul.Tensor,[],decode,False
512,input_layernorm,,_to_copy,[[d_model]],,,[[d_model]],[],3,input_layernorm,,1,model.layers.3.input_layernorm,aten._to_copy.default,[model.layers.3.input_layernorm.weight],decode,True
513,input_layernorm,,elementwise_add,[[d_model]],,,[[d_model]],[512],3,input_layernorm,,1,model.layers.3.input_layernorm,aten.add.Tensor,[model.layers.3.input_layernorm.weight],decode,False
514,input_layernorm,,elementwise_mul,"[[B, 1, d_model], [d_model]]",,,"[[B, 1, d_model]]","[511, 513]",3,input_layernorm,,1,model.layers.3.input_layernorm,aten.mul.Tensor,[],decode,False
515,input_layernorm,,_to_copy,"[[B, 1, d_model]]",,,"[[B, 1, d_model]]",[514],3,input_layernorm,,1,model.layers.3.input_layernorm,aten._to_copy.default,[],decode,True
516,self_attn,q_proj,t,"[[2*n_h*d_head, d_model]]","[2*n_h*d_head, d_model]",0,"[[d_model, 2*n_h*d_head]]",[],3,self_attn,q_proj,2,model.layers.3.self_attn.q_proj,aten.t.default,[model.layers.3.self_attn.q_proj.weight],decode,True
517,self_attn,q_proj,view,"[[B, 1, d_model]]",,,"[[B, d_model]]",[515],3,self_attn,q_proj,2,model.layers.3.self_attn.q_proj,aten.view.default,[],decode,True
518,self_attn,q_proj,matmul,"[[B, d_model], [d_model, 2*n_h*d_head]]","[2*n_h*d_head, d_model]",1,"[[B, 2*n_h*d_head]]","[516, 517]",3,self_attn,q_proj,2,model.layers.3.self_attn.q_proj,aten.mm.default,[model.layers.3.self_attn.q_proj.weight],decode,False
519,self_attn,q_proj,_unsafe_view,"[[B, 2*n_h*d_head]]",,,"[[B, 1, 2*n_h*d_head]]",[518],3,self_attn,q_proj,2,model.layers.3.self_attn.q_proj,aten._unsafe_view.default,[],decode,True
520,self_attn,,view,"[[B, 1, 2*n_h*d_head]]",,,"[[B, 1, n_h, 2*d_head]]",[519],3,self_attn,,1,model.layers.3.self_attn,aten.view.default,[],decode,True
521,self_attn,,split,"[[B, 1, n_h, 2*d_head]]",,,"[[B, 1, n_h, d_head], [B, 1, n_h, d_head]]",[520],3,self_attn,,1,model.layers.3.self_attn,aten.split.Tensor,[],decode,True
522,self_attn,,clone,"[[B, 1, n_h, d_head]]",,,"[[B, 1, n_h, d_head]]",[521],3,self_attn,,1,model.layers.3.self_attn,aten.clone.default,[],decode,True
523,self_attn,,_unsafe_view,"[[B, 1, n_h, d_head]]",,,"[[B, 1, n_h*d_head]]",[522],3,self_attn,,1,model.layers.3.self_attn,aten._unsafe_view.default,[],decode,True
524,self_attn,,view,"[[B, 1, n_h, d_head]]",,,"[[B, 1, n_h, d_head]]",[521],3,self_attn,,1,model.layers.3.self_attn,aten.view.default,[],decode,True
525,self_attn,q_norm,_to_copy,"[[B, 1, n_h, d_head]]",,,"[[B, 1, n_h, d_head]]",[524],3,self_attn,q_norm,2,model.layers.3.self_attn.q_norm,aten._to_copy.default,[],decode,True
526,self_attn,q_norm,pow,"[[B, 1, n_h, d_head]]",,,"[[B, 1, n_h, d_head]]",[525],3,self_attn,q_norm,2,model.layers.3.self_attn.q_norm,aten.pow.Tensor_Scalar,[],decode,False
527,self_attn,q_norm,mean,"[[B, 1, n_h, d_head]]",,,"[[B, 1, n_h, 1]]",[526],3,self_attn,q_norm,2,model.layers.3.self_attn.q_norm,aten.mean.dim,[],decode,False
528,self_attn,q_norm,elementwise_add,"[[B, 1, n_h, 1]]",,,"[[B, 1, n_h, 1]]",[527],3,self_attn,q_norm,2,model.layers.3.self_attn.q_norm,aten.add.Tensor,[],decode,False
529,self_attn,q_norm,rsqrt,"[[B, 1, n_h, 1]]",,,"[[B, 1, n_h, 1]]",[528],3,self_attn,q_norm,2,model.layers.3.self_attn.q_norm,aten.rsqrt.default,[],decode,False
530,self_attn,q_norm,elementwise_mul,"[[B, 1, n_h, d_head], [B, 1, n_h, 1]]",,,"[[B, 1, n_h, d_head]]","[525, 529]",3,self_attn,q_norm,2,model.layers.3.self_attn.q_norm,aten.mul.Tensor,[],decode,False
531,self_attn,q_norm,_to_copy,[[d_head]],,,[[d_head]],[],3,self_attn,q_norm,2,model.layers.3.self_attn.q_norm,aten._to_copy.default,[model.layers.3.self_attn.q_norm.weight],decode,True
532,self_attn,q_norm,elementwise_add,[[d_head]],,,[[d_head]],[531],3,self_attn,q_norm,2,model.layers.3.self_attn.q_norm,aten.add.Tensor,[model.layers.3.self_attn.q_norm.weight],decode,False
533,self_attn,q_norm,elementwise_mul,"[[B, 1, n_h, d_head], [d_head]]",,,"[[B, 1, n_h, d_head]]","[530, 532]",3,self_attn,q_norm,2,model.layers.3.self_attn.q_norm,aten.mul.Tensor,[],decode,False
534,self_attn,q_norm,_to_copy,"[[B, 1, n_h, d_head]]",,,"[[B, 1, n_h, d_head]]",[533],3,self_attn,q_norm,2,model.layers.3.self_attn.q_norm,aten._to_copy.default,[],decode,True
535,self_attn,,transpose,"[[B, 1, n_h, d_head]]",,,"[[B, n_h, 1, d_head]]",[534],3,self_attn,,1,model.layers.3.self_attn,aten.transpose.int,[],decode,True
536,self_attn,k_proj,t,"[[n_kv*d_head, d_model]]","[n_kv*d_head, d_model]",0,"[[d_model, n_kv*d_head]]",[],3,self_attn,k_proj,2,model.layers.3.self_attn.k_proj,aten.t.default,[model.layers.3.self_attn.k_proj.weight],decode,True
537,self_attn,k_proj,view,"[[B, 1, d_model]]",,,"[[B, d_model]]",[515],3,self_attn,k_proj,2,model.layers.3.self_attn.k_proj,aten.view.default,[],decode,True
538,self_attn,k_proj,matmul,"[[B, d_model], [d_model, n_kv*d_head]]","[n_kv*d_head, d_model]",1,"[[B, n_kv*d_head]]","[536, 537]",3,self_attn,k_proj,2,model.layers.3.self_attn.k_proj,aten.mm.default,[model.layers.3.self_attn.k_proj.weight],decode,False
539,self_attn,k_proj,_unsafe_view,"[[B, n_kv*d_head]]",,,"[[B, 1, n_kv*d_head]]",[538],3,self_attn,k_proj,2,model.layers.3.self_attn.k_proj,aten._unsafe_view.default,[],decode,True
540,self_attn,,view,"[[B, 1, n_kv*d_head]]",,,"[[B, 1, n_kv, d_head]]",[539],3,self_attn,,1,model.layers.3.self_attn,aten.view.default,[],decode,True
541,self_attn,k_norm,_to_copy,"[[B, 1, n_kv, d_head]]",,,"[[B, 1, n_kv, d_head]]",[540],3,self_attn,k_norm,2,model.layers.3.self_attn.k_norm,aten._to_copy.default,[],decode,True
542,self_attn,k_norm,pow,"[[B, 1, n_kv, d_head]]",,,"[[B, 1, n_kv, d_head]]",[541],3,self_attn,k_norm,2,model.layers.3.self_attn.k_norm,aten.pow.Tensor_Scalar,[],decode,False
543,self_attn,k_norm,mean,"[[B, 1, n_kv, d_head]]",,,"[[B, 1, n_kv, 1]]",[542],3,self_attn,k_norm,2,model.layers.3.self_attn.k_norm,aten.mean.dim,[],decode,False
544,self_attn,k_norm,elementwise_add,"[[B, 1, n_kv, 1]]",,,"[[B, 1, n_kv, 1]]",[543],3,self_attn,k_norm,2,model.layers.3.self_attn.k_norm,aten.add.Tensor,[],decode,False
545,self_attn,k_norm,rsqrt,"[[B, 1, n_kv, 1]]",,,"[[B, 1, n_kv, 1]]",[544],3,self_attn,k_norm,2,model.layers.3.self_attn.k_norm,aten.rsqrt.default,[],decode,False
546,self_attn,k_norm,elementwise_mul,"[[B, 1, n_kv, d_head], [B, 1, n_kv, 1]]",,,"[[B, 1, n_kv, d_head]]","[541, 545]",3,self_attn,k_norm,2,model.layers.3.self_attn.k_norm,aten.mul.Tensor,[],decode,False
547,self_attn,k_norm,_to_copy,[[d_head]],,,[[d_head]],[],3,self_attn,k_norm,2,model.layers.3.self_attn.k_norm,aten._to_copy.default,[model.layers.3.self_attn.k_norm.weight],decode,True
548,self_attn,k_norm,elementwise_add,[[d_head]],,,[[d_head]],[547],3,self_attn,k_norm,2,model.layers.3.self_attn.k_norm,aten.add.Tensor,[model.layers.3.self_attn.k_norm.weight],decode,False
549,self_attn,k_norm,elementwise_mul,"[[B, 1, n_kv, d_head], [d_head]]",,,"[[B, 1, n_kv, d_head]]","[546, 548]",3,self_attn,k_norm,2,model.layers.3.self_attn.k_norm,aten.mul.Tensor,[],decode,False
550,self_attn,k_norm,_to_copy,"[[B, 1, n_kv, d_head]]",,,"[[B, 1, n_kv, d_head]]",[549],3,self_attn,k_norm,2,model.layers.3.self_attn.k_norm,aten._to_copy.default,[],decode,True
551,self_attn,,transpose,"[[B, 1, n_kv, d_head]]",,,"[[B, n_kv, 1, d_head]]",[550],3,self_attn,,1,model.layers.3.self_attn,aten.transpose.int,[],decode,True
552,self_attn,v_proj,t,"[[n_kv*d_head, d_model]]","[n_kv*d_head, d_model]",0,"[[d_model, n_kv*d_head]]",[],3,self_attn,v_proj,2,model.layers.3.self_attn.v_proj,aten.t.default,[model.layers.3.self_attn.v_proj.weight],decode,True
553,self_attn,v_proj,view,"[[B, 1, d_model]]",,,"[[B, d_model]]",[515],3,self_attn,v_proj,2,model.layers.3.self_attn.v_proj,aten.view.default,[],decode,True
554,self_attn,v_proj,matmul,"[[B, d_model], [d_model, n_kv*d_head]]","[n_kv*d_head, d_model]",1,"[[B, n_kv*d_head]]","[552, 553]",3,self_attn,v_proj,2,model.layers.3.self_attn.v_proj,aten.mm.default,[model.layers.3.self_attn.v_proj.weight],decode,False
555,self_attn,v_proj,_unsafe_view,"[[B, n_kv*d_head]]",,,"[[B, 1, n_kv*d_head]]",[554],3,self_attn,v_proj,2,model.layers.3.self_attn.v_proj,aten._unsafe_view.default,[],decode,True
556,self_attn,,view,"[[B, 1, n_kv*d_head]]",,,"[[B, 1, n_kv, d_head]]",[555],3,self_attn,,1,model.layers.3.self_attn,aten.view.default,[],decode,True
557,self_attn,,transpose,"[[B, 1, n_kv, d_head]]",,,"[[B, n_kv, 1, d_head]]",[556],3,self_attn,,1,model.layers.3.self_attn,aten.transpose.int,[],decode,True
558,self_attn,,unsqueeze,"[[B, 1, d_rope]]",,,"[[B, 1, 1, d_rope]]",[54],3,self_attn,,1,model.layers.3.self_attn,aten.unsqueeze.default,[],decode,True
559,self_attn,,unsqueeze,"[[B, 1, d_rope]]",,,"[[B, 1, 1, d_rope]]",[55],3,self_attn,,1,model.layers.3.self_attn,aten.unsqueeze.default,[],decode,True
560,self_attn,,slice,"[[B, n_h, 1, d_head]]",,,"[[B, n_h, 1, d_rope]]",[535],3,self_attn,,1,model.layers.3.self_attn,aten.slice.Tensor,[],decode,True
561,self_attn,,slice,"[[B, n_h, 1, d_head]]",,,"[[B, n_h, 1, d_head-d_rope]]",[535],3,self_attn,,1,model.layers.3.self_attn,aten.slice.Tensor,[],decode,True
562,self_attn,,slice,"[[B, n_kv, 1, d_head]]",,,"[[B, n_kv, 1, d_rope]]",[551],3,self_attn,,1,model.layers.3.self_attn,aten.slice.Tensor,[],decode,True
563,self_attn,,slice,"[[B, n_kv, 1, d_head]]",,,"[[B, n_kv, 1, d_head-d_rope]]",[551],3,self_attn,,1,model.layers.3.self_attn,aten.slice.Tensor,[],decode,True
564,self_attn,,elementwise_mul,"[[B, n_h, 1, d_rope], [B, 1, 1, d_rope]]",,,"[[B, n_h, 1, d_rope]]","[558, 560]",3,self_attn,,1,model.layers.3.self_attn,aten.mul.Tensor,[],decode,False
565,self_attn,,slice,"[[B, n_h, 1, d_rope]]",,,"[[B, n_h, 1, d_rope/2]]",[560],3,self_attn,,1,model.layers.3.self_attn,aten.slice.Tensor,[],decode,True
566,self_attn,,slice,"[[B, n_h, 1, d_rope]]",,,"[[B, n_h, 1, d_rope/2]]",[560],3,self_attn,,1,model.layers.3.self_attn,aten.slice.Tensor,[],decode,True
567,self_attn,,neg,"[[B, n_h, 1, d_rope/2]]",,,"[[B, n_h, 1, d_rope/2]]",[566],3,self_attn,,1,model.layers.3.self_attn,aten.neg.default,[],decode,False
568,self_attn,,concat,"[[B, n_h, 1, d_rope/2], [B, n_h, 1, d_rope/2]]",,,"[[B, n_h, 1, d_rope]]","[565, 567]",3,self_attn,,1,model.layers.3.self_attn,aten.cat.default,[],decode,False
569,self_attn,,elementwise_mul,"[[B, n_h, 1, d_rope], [B, 1, 1, d_rope]]",,,"[[B, n_h, 1, d_rope]]","[559, 568]",3,self_attn,,1,model.layers.3.self_attn,aten.mul.Tensor,[],decode,False
570,self_attn,,elementwise_add,"[[B, n_h, 1, d_rope], [B, n_h, 1, d_rope]]",,,"[[B, n_h, 1, d_rope]]","[564, 569]",3,self_attn,,1,model.layers.3.self_attn,aten.add.Tensor,[],decode,False
571,self_attn,,elementwise_mul,"[[B, n_kv, 1, d_rope], [B, 1, 1, d_rope]]",,,"[[B, n_kv, 1, d_rope]]","[558, 562]",3,self_attn,,1,model.layers.3.self_attn,aten.mul.Tensor,[],decode,False
572,self_attn,,slice,"[[B, n_kv, 1, d_rope]]",,,"[[B, n_kv, 1, d_rope/2]]",[562],3,self_attn,,1,model.layers.3.self_attn,aten.slice.Tensor,[],decode,True
573,self_attn,,slice,"[[B, n_kv, 1, d_rope]]",,,"[[B, n_kv, 1, d_rope/2]]",[562],3,self_attn,,1,model.layers.3.self_attn,aten.slice.Tensor,[],decode,True
574,self_attn,,neg,"[[B, n_kv, 1, d_rope/2]]",,,"[[B, n_kv, 1, d_rope/2]]",[573],3,self_attn,,1,model.layers.3.self_attn,aten.neg.default,[],decode,False
575,self_attn,,concat,"[[B, n_kv, 1, d_rope/2], [B, n_kv, 1, d_rope/2]]",,,"[[B, n_kv, 1, d_rope]]","[572, 574]",3,self_attn,,1,model.layers.3.self_attn,aten.cat.default,[],decode,False
576,self_attn,,elementwise_mul,"[[B, n_kv, 1, d_rope], [B, 1, 1, d_rope]]",,,"[[B, n_kv, 1, d_rope]]","[559, 575]",3,self_attn,,1,model.layers.3.self_attn,aten.mul.Tensor,[],decode,False
577,self_attn,,elementwise_add,"[[B, n_kv, 1, d_rope], [B, n_kv, 1, d_rope]]",,,"[[B, n_kv, 1, d_rope]]","[571, 576]",3,self_attn,,1,model.layers.3.self_attn,aten.add.Tensor,[],decode,False
578,self_attn,,concat,"[[B, n_h, 1, d_rope], [B, n_h, 1, d_head-d_rope]]",,,"[[B, n_h, 1, d_head]]","[561, 570]",3,self_attn,,1,model.layers.3.self_attn,aten.cat.default,[],decode,False
579,self_attn,,concat,"[[B, n_kv, 1, d_rope], [B, n_kv, 1, d_head-d_rope]]",,,"[[B, n_kv, 1, d_head]]","[563, 577]",3,self_attn,,1,model.layers.3.self_attn,aten.cat.default,[],decode,False
580,self_attn,,concat,"[[B, n_kv, T, d_head], [B, n_kv, 1, d_head]]",,,"[[B, n_kv, T+1, d_head]]",[579],3,self_attn,,1,model.layers.3.self_attn,aten.cat.default,[],decode,False
581,self_attn,,concat,"[[B, n_kv, T, d_head], [B, n_kv, 1, d_head]]",,,"[[B, n_kv, T+1, d_head]]",[557],3,self_attn,,1,model.layers.3.self_attn,aten.cat.default,[],decode,False
582,self_attn,,unsqueeze,"[[B, n_kv, T+1, d_head]]",,,"[[B, n_kv, 1, T+1, d_head]]",[580],3,self_attn,,1,model.layers.3.self_attn,aten.unsqueeze.default,[],decode,True
583,self_attn,,expand,"[[B, n_kv, 1, T+1, d_head]]",,,"[[B, n_kv, n_h/n_kv, T+1, d_head]]",[582],3,self_attn,,1,model.layers.3.self_attn,aten.expand.default,[],decode,True
584,self_attn,,clone,"[[B, n_kv, n_h/n_kv, T+1, d_head]]",,,"[[B, n_kv, n_h/n_kv, T+1, d_head]]",[583],3,self_attn,,1,model.layers.3.self_attn,aten.clone.default,[],decode,True
585,self_attn,,_unsafe_view,"[[B, n_kv, n_h/n_kv, T+1, d_head]]",,,"[[B, n_h, T+1, d_head]]",[584],3,self_attn,,1,model.layers.3.self_attn,aten._unsafe_view.default,[],decode,True
586,self_attn,,unsqueeze,"[[B, n_kv, T+1, d_head]]",,,"[[B, n_kv, 1, T+1, d_head]]",[581],3,self_attn,,1,model.layers.3.self_attn,aten.unsqueeze.default,[],decode,True
587,self_attn,,expand,"[[B, n_kv, 1, T+1, d_head]]",,,"[[B, n_kv, n_h/n_kv, T+1, d_head]]",[586],3,self_attn,,1,model.layers.3.self_attn,aten.expand.default,[],decode,True
588,self_attn,,clone,"[[B, n_kv, n_h/n_kv, T+1, d_head]]",,,"[[B, n_kv, n_h/n_kv, T+1, d_head]]",[587],3,self_attn,,1,model.layers.3.self_attn,aten.clone.default,[],decode,True
589,self_attn,,_unsafe_view,"[[B, n_kv, n_h/n_kv, T+1, d_head]]",,,"[[B, n_h, T+1, d_head]]",[588],3,self_attn,,1,model.layers.3.self_attn,aten._unsafe_view.default,[],decode,True
590,self_attn,,transpose,"[[B, n_h, T+1, d_head]]",,,"[[B, n_h, d_head, T+1]]",[585],3,self_attn,,1,model.layers.3.self_attn,aten.transpose.int,[],decode,True
591,self_attn,,expand,"[[B, n_h, 1, d_head]]",,,"[[B, n_h, 1, d_head]]",[578],3,self_attn,,1,model.layers.3.self_attn,aten.expand.default,[],decode,True
592,self_attn,,view,"[[B, n_h, 1, d_head]]",,,"[[n_h, B, d_head]]",[591],3,self_attn,,1,model.layers.3.self_attn,aten.view.default,[],decode,True
593,self_attn,,expand,"[[B, n_h, d_head, T+1]]",,,"[[B, n_h, d_head, T+1]]",[590],3,self_attn,,1,model.layers.3.self_attn,aten.expand.default,[],decode,True
594,self_attn,,view,"[[B, n_h, d_head, T+1]]",,,"[[n_h, d_head, T+1]]",[593],3,self_attn,,1,model.layers.3.self_attn,aten.view.default,[],decode,True
595,self_attn,,batched_matmul,"[[n_h, B, d_head], [n_h, d_head, T+1]]",,,"[[n_h, B, T+1]]","[592, 594]",3,self_attn,,1,model.layers.3.self_attn,aten.bmm.default,[],decode,False
596,self_attn,,_unsafe_view,"[[n_h, B, T+1]]",,,"[[B, n_h, 1, T+1]]",[595],3,self_attn,,1,model.layers.3.self_attn,aten._unsafe_view.default,[],decode,True
597,self_attn,,elementwise_mul,"[[B, n_h, 1, T+1]]",,,"[[B, n_h, 1, T+1]]",[596],3,self_attn,,1,model.layers.3.self_attn,aten.mul.Tensor,[],decode,False
598,self_attn,,elementwise_add,"[[B, n_h, 1, T+1], [B, 1, 1, T+1]]",,,"[[B, n_h, 1, T+1]]","[26, 597]",3,self_attn,,1,model.layers.3.self_attn,aten.add.Tensor,[],decode,False
599,self_attn,,_to_copy,"[[B, n_h, 1, T+1]]",,,"[[B, n_h, 1, T+1]]",[598],3,self_attn,,1,model.layers.3.self_attn,aten._to_copy.default,[],decode,True
600,self_attn,,softmax,"[[B, n_h, 1, T+1]]",,,"[[B, n_h, 1, T+1]]",[599],3,self_attn,,1,model.layers.3.self_attn,aten._softmax.default,[],decode,False
601,self_attn,,_to_copy,"[[B, n_h, 1, T+1]]",,,"[[B, n_h, 1, T+1]]",[600],3,self_attn,,1,model.layers.3.self_attn,aten._to_copy.default,[],decode,True
602,self_attn,,expand,"[[B, n_h, 1, T+1]]",,,"[[B, n_h, 1, T+1]]",[601],3,self_attn,,1,model.layers.3.self_attn,aten.expand.default,[],decode,True
603,self_attn,,view,"[[B, n_h, 1, T+1]]",,,"[[n_h, B, T+1]]",[602],3,self_attn,,1,model.layers.3.self_attn,aten.view.default,[],decode,True
604,self_attn,,expand,"[[B, n_h, T+1, d_head]]",,,"[[B, n_h, T+1, d_head]]",[589],3,self_attn,,1,model.layers.3.self_attn,aten.expand.default,[],decode,True
605,self_attn,,view,"[[B, n_h, T+1, d_head]]",,,"[[n_h, T+1, d_head]]",[604],3,self_attn,,1,model.layers.3.self_attn,aten.view.default,[],decode,True
606,self_attn,,batched_matmul,"[[n_h, B, T+1], [n_h, T+1, d_head]]",,,"[[n_h, B, d_head]]","[603, 605]",3,self_attn,,1,model.layers.3.self_attn,aten.bmm.default,[],decode,False
607,self_attn,,_unsafe_view,"[[n_h, B, d_head]]",,,"[[B, n_h, 1, d_head]]",[606],3,self_attn,,1,model.layers.3.self_attn,aten._unsafe_view.default,[],decode,True
608,self_attn,,transpose,"[[B, n_h, 1, d_head]]",,,"[[B, 1, n_h, d_head]]",[607],3,self_attn,,1,model.layers.3.self_attn,aten.transpose.int,[],decode,True
609,self_attn,,view,"[[B, 1, n_h, d_head]]",,,"[[B, 1, n_h*d_head]]",[608],3,self_attn,,1,model.layers.3.self_attn,aten.view.default,[],decode,True
610,self_attn,,sigmoid,"[[B, 1, n_h*d_head]]",,,"[[B, 1, n_h*d_head]]",[523],3,self_attn,,1,model.layers.3.self_attn,aten.sigmoid.default,[],decode,False
611,self_attn,,elementwise_mul,"[[B, 1, n_h*d_head], [B, 1, n_h*d_head]]",,,"[[B, 1, n_h*d_head]]","[609, 610]",3,self_attn,,1,model.layers.3.self_attn,aten.mul.Tensor,[],decode,False
612,self_attn,o_proj,t,"[[d_model, n_h*d_head]]","[d_model, n_h*d_head]",0,"[[n_h*d_head, d_model]]",[],3,self_attn,o_proj,2,model.layers.3.self_attn.o_proj,aten.t.default,[model.layers.3.self_attn.o_proj.weight],decode,True
613,self_attn,o_proj,view,"[[B, 1, n_h*d_head]]",,,"[[B, n_h*d_head]]",[611],3,self_attn,o_proj,2,model.layers.3.self_attn.o_proj,aten.view.default,[],decode,True
614,self_attn,o_proj,matmul,"[[B, n_h*d_head], [n_h*d_head, d_model]]","[d_model, n_h*d_head]",1,"[[B, d_model]]","[612, 613]",3,self_attn,o_proj,2,model.layers.3.self_attn.o_proj,aten.mm.default,[model.layers.3.self_attn.o_proj.weight],decode,False
615,self_attn,o_proj,_unsafe_view,"[[B, d_model]]",,,"[[B, 1, d_model]]",[614],3,self_attn,o_proj,2,model.layers.3.self_attn.o_proj,aten._unsafe_view.default,[],decode,True
616,,,elementwise_add,"[[B, 1, d_model], [B, 1, d_model]]",,,"[[B, 1, d_model]]","[505, 615]",3,,,0,model.layers.3,aten.add.Tensor,[],decode,False
617,post_attention_layernorm,,_to_copy,"[[B, 1, d_model]]",,,"[[B, 1, d_model]]",[616],3,post_attention_layernorm,,1,model.layers.3.post_attention_layernorm,aten._to_copy.default,[],decode,True
618,post_attention_layernorm,,pow,"[[B, 1, d_model]]",,,"[[B, 1, d_model]]",[617],3,post_attention_layernorm,,1,model.layers.3.post_attention_layernorm,aten.pow.Tensor_Scalar,[],decode,False
619,post_attention_layernorm,,mean,"[[B, 1, d_model]]",,,"[[B, 1, 1]]",[618],3,post_attention_layernorm,,1,model.layers.3.post_attention_layernorm,aten.mean.dim,[],decode,False
620,post_attention_layernorm,,elementwise_add,"[[B, 1, 1]]",,,"[[B, 1, 1]]",[619],3,post_attention_layernorm,,1,model.layers.3.post_attention_layernorm,aten.add.Tensor,[],decode,False
621,post_attention_layernorm,,rsqrt,"[[B, 1, 1]]",,,"[[B, 1, 1]]",[620],3,post_attention_layernorm,,1,model.layers.3.post_attention_layernorm,aten.rsqrt.default,[],decode,False
622,post_attention_layernorm,,elementwise_mul,"[[B, 1, d_model], [B, 1, 1]]",,,"[[B, 1, d_model]]","[617, 621]",3,post_attention_layernorm,,1,model.layers.3.post_attention_layernorm,aten.mul.Tensor,[],decode,False
623,post_attention_layernorm,,_to_copy,[[d_model]],,,[[d_model]],[],3,post_attention_layernorm,,1,model.layers.3.post_attention_layernorm,aten._to_copy.default,[model.layers.3.post_attention_layernorm.weight],decode,True
624,post_attention_layernorm,,elementwise_add,[[d_model]],,,[[d_model]],[623],3,post_attention_layernorm,,1,model.layers.3.post_attention_layernorm,aten.add.Tensor,[model.layers.3.post_attention_layernorm.weight],decode,False
625,post_attention_layernorm,,elementwise_mul,"[[B, 1, d_model], [d_model]]",,,"[[B, 1, d_model]]","[622, 624]",3,post_attention_layernorm,,1,model.layers.3.post_attention_layernorm,aten.mul.Tensor,[],decode,False
626,post_attention_layernorm,,_to_copy,"[[B, 1, d_model]]",,,"[[B, 1, d_model]]",[625],3,post_attention_layernorm,,1,model.layers.3.post_attention_layernorm,aten._to_copy.default,[],decode,True
627,mlp,gate_proj,t,"[[d_ff, d_model]]","[d_ff, d_model]",0,"[[d_model, d_ff]]",[],3,mlp,gate_proj,2,model.layers.3.mlp.gate_proj,aten.t.default,[model.layers.3.mlp.gate_proj.weight],decode,True
628,mlp,gate_proj,view,"[[B, 1, d_model]]",,,"[[B, d_model]]",[626],3,mlp,gate_proj,2,model.layers.3.mlp.gate_proj,aten.view.default,[],decode,True
629,mlp,gate_proj,matmul,"[[B, d_model], [d_model, d_ff]]","[d_ff, d_model]",1,"[[B, d_ff]]","[627, 628]",3,mlp,gate_proj,2,model.layers.3.mlp.gate_proj,aten.mm.default,[model.layers.3.mlp.gate_proj.weight],decode,False
630,mlp,gate_proj,_unsafe_view,"[[B, d_ff]]",,,"[[B, 1, d_ff]]",[629],3,mlp,gate_proj,2,model.layers.3.mlp.gate_proj,aten._unsafe_view.default,[],decode,True
631,mlp,act_fn,silu,"[[B, 1, d_ff]]",,,"[[B, 1, d_ff]]",[630],3,mlp,act_fn,2,model.layers.3.mlp.act_fn,aten.silu.default,[],decode,False
632,mlp,up_proj,t,"[[d_ff, d_model]]","[d_ff, d_model]",0,"[[d_model, d_ff]]",[],3,mlp,up_proj,2,model.layers.3.mlp.up_proj,aten.t.default,[model.layers.3.mlp.up_proj.weight],decode,True
633,mlp,up_proj,view,"[[B, 1, d_model]]",,,"[[B, d_model]]",[626],3,mlp,up_proj,2,model.layers.3.mlp.up_proj,aten.view.default,[],decode,True
634,mlp,up_proj,matmul,"[[B, d_model], [d_model, d_ff]]","[d_ff, d_model]",1,"[[B, d_ff]]","[632, 633]",3,mlp,up_proj,2,model.layers.3.mlp.up_proj,aten.mm.default,[model.layers.3.mlp.up_proj.weight],decode,False
635,mlp,up_proj,_unsafe_view,"[[B, d_ff]]",,,"[[B, 1, d_ff]]",[634],3,mlp,up_proj,2,model.layers.3.mlp.up_proj,aten._unsafe_view.default,[],decode,True
636,mlp,,elementwise_mul,"[[B, 1, d_ff], [B, 1, d_ff]]",,,"[[B, 1, d_ff]]","[631, 635]",3,mlp,,1,model.layers.3.mlp,aten.mul.Tensor,[],decode,False
637,mlp,down_proj,t,"[[d_model, d_ff]]","[d_model, d_ff]",0,"[[d_ff, d_model]]",[],3,mlp,down_proj,2,model.layers.3.mlp.down_proj,aten.t.default,[model.layers.3.mlp.down_proj.weight],decode,True
638,mlp,down_proj,view,"[[B, 1, d_ff]]",,,"[[B, d_ff]]",[636],3,mlp,down_proj,2,model.layers.3.mlp.down_proj,aten.view.default,[],decode,True
639,mlp,down_proj,matmul,"[[B, d_ff], [d_ff, d_model]]","[d_model, d_ff]",1,"[[B, d_model]]","[637, 638]",3,mlp,down_proj,2,model.layers.3.mlp.down_proj,aten.mm.default,[model.layers.3.mlp.down_proj.weight],decode,False
640,mlp,down_proj,_unsafe_view,"[[B, d_model]]",,,"[[B, 1, d_model]]",[639],3,mlp,down_proj,2,model.layers.3.mlp.down_proj,aten._unsafe_view.default,[],decode,True
641,,,elementwise_add,"[[B, 1, d_model], [B, 1, d_model]]",,,"[[B, 1, d_model]]","[616, 640]",3,,,0,model.layers.3,aten.add.Tensor,[],decode,False
642,input_layernorm,,_to_copy,"[[B, 1, d_model]]",,,"[[B, 1, d_model]]",[641],4,input_layernorm,,1,model.layers.4.input_layernorm,aten._to_copy.default,[],decode,True
643,input_layernorm,,pow,"[[B, 1, d_model]]",,,"[[B, 1, d_model]]",[642],4,input_layernorm,,1,model.layers.4.input_layernorm,aten.pow.Tensor_Scalar,[],decode,False
644,input_layernorm,,mean,"[[B, 1, d_model]]",,,"[[B, 1, 1]]",[643],4,input_layernorm,,1,model.layers.4.input_layernorm,aten.mean.dim,[],decode,False
645,input_layernorm,,elementwise_add,"[[B, 1, 1]]",,,"[[B, 1, 1]]",[644],4,input_layernorm,,1,model.layers.4.input_layernorm,aten.add.Tensor,[],decode,False
646,input_layernorm,,rsqrt,"[[B, 1, 1]]",,,"[[B, 1, 1]]",[645],4,input_layernorm,,1,model.layers.4.input_layernorm,aten.rsqrt.default,[],decode,False
647,input_layernorm,,elementwise_mul,"[[B, 1, d_model], [B, 1, 1]]",,,"[[B, 1, d_model]]","[642, 646]",4,input_layernorm,,1,model.layers.4.input_layernorm,aten.mul.Tensor,[],decode,False
648,input_layernorm,,_to_copy,[[d_model]],,,[[d_model]],[],4,input_layernorm,,1,model.layers.4.input_layernorm,aten._to_copy.default,[model.layers.4.input_layernorm.weight],decode,True
649,input_layernorm,,elementwise_add,[[d_model]],,,[[d_model]],[648],4,input_layernorm,,1,model.layers.4.input_layernorm,aten.add.Tensor,[model.layers.4.input_layernorm.weight],decode,False
650,input_layernorm,,elementwise_mul,"[[B, 1, d_model], [d_model]]",,,"[[B, 1, d_model]]","[647, 649]",4,input_layernorm,,1,model.layers.4.input_layernorm,aten.mul.Tensor,[],decode,False
651,input_layernorm,,_to_copy,"[[B, 1, d_model]]",,,"[[B, 1, d_model]]",[650],4,input_layernorm,,1,model.layers.4.input_layernorm,aten._to_copy.default,[],decode,True
652,linear_attn,in_proj_qkv,t,"[[2*d_k_lin+d_v_lin, d_model]]","[2*d_k_lin+d_v_lin, d_model]",0,"[[d_model, 2*d_k_lin+d_v_lin]]",[],4,linear_attn,in_proj_qkv,2,model.layers.4.linear_attn.in_proj_qkv,aten.t.default,[model.layers.4.linear_attn.in_proj_qkv.weight],decode,True
653,linear_attn,in_proj_qkv,view,"[[B, 1, d_model]]",,,"[[B, d_model]]",[651],4,linear_attn,in_proj_qkv,2,model.layers.4.linear_attn.in_proj_qkv,aten.view.default,[],decode,True
654,linear_attn,in_proj_qkv,matmul,"[[B, d_model], [d_model, 2*d_k_lin+d_v_lin]]","[2*d_k_lin+d_v_lin, d_model]",1,"[[B, 2*d_k_lin+d_v_lin]]","[652, 653]",4,linear_attn,in_proj_qkv,2,model.layers.4.linear_attn.in_proj_qkv,aten.mm.default,[model.layers.4.linear_attn.in_proj_qkv.weight],decode,False
655,linear_attn,in_proj_qkv,_unsafe_view,"[[B, 2*d_k_lin+d_v_lin]]",,,"[[B, 1, 2*d_k_lin+d_v_lin]]",[654],4,linear_attn,in_proj_qkv,2,model.layers.4.linear_attn.in_proj_qkv,aten._unsafe_view.default,[],decode,True
656,linear_attn,,transpose,"[[B, 1, 2*d_k_lin+d_v_lin]]",,,"[[B, 2*d_k_lin+d_v_lin, 1]]",[655],4,linear_attn,,1,model.layers.4.linear_attn,aten.transpose.int,[],decode,True
657,linear_attn,in_proj_z,t,"[[n_v*d_v, d_model]]","[n_v*d_v, d_model]",0,"[[d_model, n_v*d_v]]",[],4,linear_attn,in_proj_z,2,model.layers.4.linear_attn.in_proj_z,aten.t.default,[model.layers.4.linear_attn.in_proj_z.weight],decode,True
658,linear_attn,in_proj_z,view,"[[B, 1, d_model]]",,,"[[B, d_model]]",[651],4,linear_attn,in_proj_z,2,model.layers.4.linear_attn.in_proj_z,aten.view.default,[],decode,True
659,linear_attn,in_proj_z,matmul,"[[B, d_model], [d_model, n_v*d_v]]","[n_v*d_v, d_model]",1,"[[B, n_v*d_v]]","[657, 658]",4,linear_attn,in_proj_z,2,model.layers.4.linear_attn.in_proj_z,aten.mm.default,[model.layers.4.linear_attn.in_proj_z.weight],decode,False
660,linear_attn,in_proj_z,_unsafe_view,"[[B, n_v*d_v]]",,,"[[B, 1, n_v*d_v]]",[659],4,linear_attn,in_proj_z,2,model.layers.4.linear_attn.in_proj_z,aten._unsafe_view.default,[],decode,True
661,linear_attn,,view,"[[B, 1, n_v*d_v]]",,,"[[B, 1, n_h_lin_v, d_head_lin_v]]",[660],4,linear_attn,,1,model.layers.4.linear_attn,aten.view.default,[],decode,True
662,linear_attn,in_proj_b,t,"[[n_h_lin_v, d_model]]","[n_h_lin_v, d_model]",0,"[[d_model, n_h_lin_v]]",[],4,linear_attn,in_proj_b,2,model.layers.4.linear_attn.in_proj_b,aten.t.default,[model.layers.4.linear_attn.in_proj_b.weight],decode,True
663,linear_attn,in_proj_b,view,"[[B, 1, d_model]]",,,"[[B, d_model]]",[651],4,linear_attn,in_proj_b,2,model.layers.4.linear_attn.in_proj_b,aten.view.default,[],decode,True
664,linear_attn,in_proj_b,matmul,"[[B, d_model], [d_model, n_h_lin_v]]","[n_h_lin_v, d_model]",1,"[[B, n_h_lin_v]]","[662, 663]",4,linear_attn,in_proj_b,2,model.layers.4.linear_attn.in_proj_b,aten.mm.default,[model.layers.4.linear_attn.in_proj_b.weight],decode,False
665,linear_attn,in_proj_b,_unsafe_view,"[[B, n_h_lin_v]]",,,"[[B, 1, n_h_lin_v]]",[664],4,linear_attn,in_proj_b,2,model.layers.4.linear_attn.in_proj_b,aten._unsafe_view.default,[],decode,True
666,linear_attn,in_proj_a,t,"[[n_h_lin_v, d_model]]","[n_h_lin_v, d_model]",0,"[[d_model, n_h_lin_v]]",[],4,linear_attn,in_proj_a,2,model.layers.4.linear_attn.in_proj_a,aten.t.default,[model.layers.4.linear_attn.in_proj_a.weight],decode,True
667,linear_attn,in_proj_a,view,"[[B, 1, d_model]]",,,"[[B, d_model]]",[651],4,linear_attn,in_proj_a,2,model.layers.4.linear_attn.in_proj_a,aten.view.default,[],decode,True
668,linear_attn,in_proj_a,matmul,"[[B, d_model], [d_model, n_h_lin_v]]","[n_h_lin_v, d_model]",1,"[[B, n_h_lin_v]]","[666, 667]",4,linear_attn,in_proj_a,2,model.layers.4.linear_attn.in_proj_a,aten.mm.default,[model.layers.4.linear_attn.in_proj_a.weight],decode,False
669,linear_attn,in_proj_a,_unsafe_view,"[[B, n_h_lin_v]]",,,"[[B, 1, n_h_lin_v]]",[668],4,linear_attn,in_proj_a,2,model.layers.4.linear_attn.in_proj_a,aten._unsafe_view.default,[],decode,True
670,linear_attn,,squeeze,"[[2*d_k_lin+d_v_lin, 1, d_conv_lin]]","[2*d_k_lin+d_v_lin, 1, d_conv_lin]",0,"[[2*d_k_lin+d_v_lin, d_conv_lin]]",[],4,linear_attn,,1,model.layers.4.linear_attn,aten.squeeze.dim,[model.layers.4.linear_attn.conv1d.weight],decode,True
671,linear_attn,,concat,"[[B, 2*d_k_lin+d_v_lin, d_conv_lin], [B, 2*d_k_lin+d_v_lin, 1]]",,,"[[B, 2*d_k_lin+d_v_lin, 5]]",[656],4,linear_attn,,1,model.layers.4.linear_attn,aten.cat.default,[],decode,False
672,linear_attn,,slice,"[[B, 2*d_k_lin+d_v_lin, 5]]",,,"[[B, 2*d_k_lin+d_v_lin, d_conv_lin]]",[671],4,linear_attn,,1,model.layers.4.linear_attn,aten.slice.Tensor,[],decode,True
673,linear_attn,,copy_,"[[B, 2*d_k_lin+d_v_lin, d_conv_lin], [B, 2*d_k_lin+d_v_lin, d_conv_lin]]",,,"[[B, 2*d_k_lin+d_v_lin, d_conv_lin]]",[672],4,linear_attn,,1,model.layers.4.linear_attn,aten.copy_.default,[],decode,True
674,linear_attn,,unsqueeze,"[[2*d_k_lin+d_v_lin, d_conv_lin]]",,,"[[2*d_k_lin+d_v_lin, 1, d_conv_lin]]",[670],4,linear_attn,,1,model.layers.4.linear_attn,aten.unsqueeze.default,[],decode,True
675,linear_attn,,conv1d,"[[B, 2*d_k_lin+d_v_lin, 5], [2*d_k_lin+d_v_lin, 1, d_conv_lin]]",,,"[[B, 2*d_k_lin+d_v_lin, 2]]","[671, 674]",4,linear_attn,,1,model.layers.4.linear_attn,aten.convolution.default,[],decode,False
676,linear_attn,,slice,"[[B, 2*d_k_lin+d_v_lin, 2]]",,,"[[B, 2*d_k_lin+d_v_lin, 1]]",[675],4,linear_attn,,1,model.layers.4.linear_attn,aten.slice.Tensor,[],decode,True
677,linear_attn,,silu,"[[B, 2*d_k_lin+d_v_lin, 1]]",,,"[[B, 2*d_k_lin+d_v_lin, 1]]",[676],4,linear_attn,,1,model.layers.4.linear_attn,aten.silu.default,[],decode,False
678,linear_attn,,transpose,"[[B, 2*d_k_lin+d_v_lin, 1]]",,,"[[B, 1, 2*d_k_lin+d_v_lin]]",[677],4,linear_attn,,1,model.layers.4.linear_attn,aten.transpose.int,[],decode,True
679,linear_attn,,split_with_sizes,"[[B, 1, 2*d_k_lin+d_v_lin]]",,,"[[B, 1, n_k*d_k], [B, 1, n_k*d_k], [B, 1, n_v*d_v]]",[678],4,linear_attn,,1,model.layers.4.linear_attn,aten.split_with_sizes.default,[],decode,True
680,linear_attn,,view,"[[B, 1, n_k*d_k]]",,,"[[B, 1, n_h_lin_k, d_head_lin_k]]",[679],4,linear_attn,,1,model.layers.4.linear_attn,aten.view.default,[],decode,True
681,linear_attn,,view,"[[B, 1, n_k*d_k]]",,,"[[B, 1, n_h_lin_k, d_head_lin_k]]",[679],4,linear_attn,,1,model.layers.4.linear_attn,aten.view.default,[],decode,True
682,linear_attn,,view,"[[B, 1, n_v*d_v]]",,,"[[B, 1, n_h_lin_v, d_head_lin_v]]",[679],4,linear_attn,,1,model.layers.4.linear_attn,aten.view.default,[],decode,True
683,linear_attn,,sigmoid,"[[B, 1, n_h_lin_v]]",,,"[[B, 1, n_h_lin_v]]",[665],4,linear_attn,,1,model.layers.4.linear_attn,aten.sigmoid.default,[],decode,False
684,linear_attn,,_to_copy,[[n_h_lin_v]],,,[[n_h_lin_v]],[],4,linear_attn,,1,model.layers.4.linear_attn,aten._to_copy.default,[model.layers.4.linear_attn.A_log],decode,True
685,linear_attn,,exp,[[n_h_lin_v]],,,[[n_h_lin_v]],[684],4,linear_attn,,1,model.layers.4.linear_attn,aten.exp.default,[model.layers.4.linear_attn.A_log],decode,False
686,linear_attn,,neg,[[n_h_lin_v]],,,[[n_h_lin_v]],[685],4,linear_attn,,1,model.layers.4.linear_attn,aten.neg.default,[],decode,False
687,linear_attn,,_to_copy,"[[B, 1, n_h_lin_v]]",,,"[[B, 1, n_h_lin_v]]",[669],4,linear_attn,,1,model.layers.4.linear_attn,aten._to_copy.default,[],decode,True
688,linear_attn,,elementwise_add,"[[B, 1, n_h_lin_v], [n_h_lin_v]]",,,"[[B, 1, n_h_lin_v]]",[687],4,linear_attn,,1,model.layers.4.linear_attn,aten.add.Tensor,[model.layers.4.linear_attn.dt_bias],decode,False
689,linear_attn,,softplus,"[[B, 1, n_h_lin_v]]",,,"[[B, 1, n_h_lin_v]]",[688],4,linear_attn,,1,model.layers.4.linear_attn,aten.softplus.default,[],decode,True
690,linear_attn,,elementwise_mul,"[[n_h_lin_v], [B, 1, n_h_lin_v]]",,,"[[B, 1, n_h_lin_v]]","[686, 689]",4,linear_attn,,1,model.layers.4.linear_attn,aten.mul.Tensor,[],decode,False
691,linear_attn,,unsqueeze,"[[B, 1, n_h_lin_k, d_head_lin_k]]",,,"[[B, 1, n_h_lin_k, 1, d_head_lin_k]]",[680],4,linear_attn,,1,model.layers.4.linear_attn,aten.unsqueeze.default,[],decode,True
692,linear_attn,,expand,"[[B, 1, n_h_lin_k, 1, d_head_lin_k]]",,,"[[B, 1, n_h_lin_k, n_v/n_k, d_head_lin_k]]",[691],4,linear_attn,,1,model.layers.4.linear_attn,aten.expand.default,[],decode,True
693,linear_attn,,clone,"[[B, 1, n_h_lin_k, n_v/n_k, d_head_lin_k]]",,,"[[B, 1, n_h_lin_k, n_v/n_k, d_head_lin_k]]",[692],4,linear_attn,,1,model.layers.4.linear_attn,aten.clone.default,[],decode,True
694,linear_attn,,view,"[[B, 1, n_h_lin_k, n_v/n_k, d_head_lin_k]]",,,"[[B, 1, n_h_lin_v, d_head_lin_k]]",[693],4,linear_attn,,1,model.layers.4.linear_attn,aten.view.default,[],decode,True
695,linear_attn,,unsqueeze,"[[B, 1, n_h_lin_k, d_head_lin_k]]",,,"[[B, 1, n_h_lin_k, 1, d_head_lin_k]]",[681],4,linear_attn,,1,model.layers.4.linear_attn,aten.unsqueeze.default,[],decode,True
696,linear_attn,,expand,"[[B, 1, n_h_lin_k, 1, d_head_lin_k]]",,,"[[B, 1, n_h_lin_k, n_v/n_k, d_head_lin_k]]",[695],4,linear_attn,,1,model.layers.4.linear_attn,aten.expand.default,[],decode,True
697,linear_attn,,clone,"[[B, 1, n_h_lin_k, n_v/n_k, d_head_lin_k]]",,,"[[B, 1, n_h_lin_k, n_v/n_k, d_head_lin_k]]",[696],4,linear_attn,,1,model.layers.4.linear_attn,aten.clone.default,[],decode,True
698,linear_attn,,view,"[[B, 1, n_h_lin_k, n_v/n_k, d_head_lin_k]]",,,"[[B, 1, n_h_lin_v, d_head_lin_k]]",[697],4,linear_attn,,1,model.layers.4.linear_attn,aten.view.default,[],decode,True
699,linear_attn,,elementwise_mul,"[[B, 1, n_h_lin_v, d_head_lin_k], [B, 1, n_h_lin_v, d_head_lin_k]]",,,"[[B, 1, n_h_lin_v, d_head_lin_k]]",[694],4,linear_attn,,1,model.layers.4.linear_attn,aten.mul.Tensor,[],decode,False
700,linear_attn,,sum,"[[B, 1, n_h_lin_v, d_head_lin_k]]",,,"[[B, 1, n_h_lin_v, 1]]",[699],4,linear_attn,,1,model.layers.4.linear_attn,aten.sum.dim_IntList,[],decode,True
701,linear_attn,,elementwise_add,"[[B, 1, n_h_lin_v, 1]]",,,"[[B, 1, n_h_lin_v, 1]]",[700],4,linear_attn,,1,model.layers.4.linear_attn,aten.add.Tensor,[],decode,False
702,linear_attn,,rsqrt,"[[B, 1, n_h_lin_v, 1]]",,,"[[B, 1, n_h_lin_v, 1]]",[701],4,linear_attn,,1,model.layers.4.linear_attn,aten.rsqrt.default,[],decode,False
703,linear_attn,,elementwise_mul,"[[B, 1, n_h_lin_v, d_head_lin_k], [B, 1, n_h_lin_v, 1]]",,,"[[B, 1, n_h_lin_v, d_head_lin_k]]","[694, 702]",4,linear_attn,,1,model.layers.4.linear_attn,aten.mul.Tensor,[],decode,False
704,linear_attn,,elementwise_mul,"[[B, 1, n_h_lin_v, d_head_lin_k], [B, 1, n_h_lin_v, d_head_lin_k]]",,,"[[B, 1, n_h_lin_v, d_head_lin_k]]",[698],4,linear_attn,,1,model.layers.4.linear_attn,aten.mul.Tensor,[],decode,False
705,linear_attn,,sum,"[[B, 1, n_h_lin_v, d_head_lin_k]]",,,"[[B, 1, n_h_lin_v, 1]]",[704],4,linear_attn,,1,model.layers.4.linear_attn,aten.sum.dim_IntList,[],decode,True
706,linear_attn,,elementwise_add,"[[B, 1, n_h_lin_v, 1]]",,,"[[B, 1, n_h_lin_v, 1]]",[705],4,linear_attn,,1,model.layers.4.linear_attn,aten.add.Tensor,[],decode,False
707,linear_attn,,rsqrt,"[[B, 1, n_h_lin_v, 1]]",,,"[[B, 1, n_h_lin_v, 1]]",[706],4,linear_attn,,1,model.layers.4.linear_attn,aten.rsqrt.default,[],decode,False
708,linear_attn,,elementwise_mul,"[[B, 1, n_h_lin_v, d_head_lin_k], [B, 1, n_h_lin_v, 1]]",,,"[[B, 1, n_h_lin_v, d_head_lin_k]]","[698, 707]",4,linear_attn,,1,model.layers.4.linear_attn,aten.mul.Tensor,[],decode,False
709,linear_attn,,transpose,"[[B, 1, n_h_lin_v, d_head_lin_k]]",,,"[[B, n_h_lin_v, 1, d_head_lin_k]]",[703],4,linear_attn,,1,model.layers.4.linear_attn,aten.transpose.int,[],decode,True
710,linear_attn,,_to_copy,"[[B, n_h_lin_v, 1, d_head_lin_k]]",,,"[[B, n_h_lin_v, 1, d_head_lin_k]]",[709],4,linear_attn,,1,model.layers.4.linear_attn,aten._to_copy.default,[],decode,True
711,linear_attn,,transpose,"[[B, 1, n_h_lin_v, d_head_lin_k]]",,,"[[B, n_h_lin_v, 1, d_head_lin_k]]",[708],4,linear_attn,,1,model.layers.4.linear_attn,aten.transpose.int,[],decode,True
712,linear_attn,,_to_copy,"[[B, n_h_lin_v, 1, d_head_lin_k]]",,,"[[B, n_h_lin_v, 1, d_head_lin_k]]",[711],4,linear_attn,,1,model.layers.4.linear_attn,aten._to_copy.default,[],decode,True
713,linear_attn,,transpose,"[[B, 1, n_h_lin_v, d_head_lin_v]]",,,"[[B, n_h_lin_v, 1, d_head_lin_v]]",[682],4,linear_attn,,1,model.layers.4.linear_attn,aten.transpose.int,[],decode,True
714,linear_attn,,_to_copy,"[[B, n_h_lin_v, 1, d_head_lin_v]]",,,"[[B, n_h_lin_v, 1, d_head_lin_v]]",[713],4,linear_attn,,1,model.layers.4.linear_attn,aten._to_copy.default,[],decode,True
715,linear_attn,,transpose,"[[B, 1, n_h_lin_v]]",,,"[[B, n_h_lin_v, 1]]",[683],4,linear_attn,,1,model.layers.4.linear_attn,aten.transpose.int,[],decode,True
716,linear_attn,,_to_copy,"[[B, n_h_lin_v, 1]]",,,"[[B, n_h_lin_v, 1]]",[715],4,linear_attn,,1,model.layers.4.linear_attn,aten._to_copy.default,[],decode,True
717,linear_attn,,transpose,"[[B, 1, n_h_lin_v]]",,,"[[B, n_h_lin_v, 1]]",[690],4,linear_attn,,1,model.layers.4.linear_attn,aten.transpose.int,[],decode,True
718,linear_attn,,elementwise_mul,"[[B, n_h_lin_v, 1, d_head_lin_k]]",,,"[[B, n_h_lin_v, 1, d_head_lin_k]]",[710],4,linear_attn,,1,model.layers.4.linear_attn,aten.mul.Tensor,[],decode,False
719,linear_attn,,zeros,[],,,"[[B, n_h_lin_v, 1, d_head_lin_v]]",[],4,linear_attn,,1,model.layers.4.linear_attn,aten.zeros.default,[],decode,True
720,linear_attn,,select,"[[B, n_h_lin_v, 1, d_head_lin_k]]",,,"[[B, n_h_lin_v, d_head_lin_k]]",[718],4,linear_attn,,1,model.layers.4.linear_attn,aten.select.int,[],decode,True
721,linear_attn,,select,"[[B, n_h_lin_v, 1, d_head_lin_k]]",,,"[[B, n_h_lin_v, d_head_lin_k]]",[712],4,linear_attn,,1,model.layers.4.linear_attn,aten.select.int,[],decode,True
722,linear_attn,,select,"[[B, n_h_lin_v, 1, d_head_lin_v]]",,,"[[B, n_h_lin_v, d_head_lin_v]]",[714],4,linear_attn,,1,model.layers.4.linear_attn,aten.select.int,[],decode,True
723,linear_attn,,select,"[[B, n_h_lin_v, 1]]",,,"[[B, n_h_lin_v]]",[717],4,linear_attn,,1,model.layers.4.linear_attn,aten.select.int,[],decode,True
724,linear_attn,,exp,"[[B, n_h_lin_v]]",,,"[[B, n_h_lin_v]]",[723],4,linear_attn,,1,model.layers.4.linear_attn,aten.exp.default,[],decode,False
725,linear_attn,,unsqueeze,"[[B, n_h_lin_v]]",,,"[[B, n_h_lin_v, 1]]",[724],4,linear_attn,,1,model.layers.4.linear_attn,aten.unsqueeze.default,[],decode,True
726,linear_attn,,unsqueeze,"[[B, n_h_lin_v, 1]]",,,"[[B, n_h_lin_v, 1, 1]]",[725],4,linear_attn,,1,model.layers.4.linear_attn,aten.unsqueeze.default,[],decode,True
727,linear_attn,,select,"[[B, n_h_lin_v, 1]]",,,"[[B, n_h_lin_v]]",[716],4,linear_attn,,1,model.layers.4.linear_attn,aten.select.int,[],decode,True
728,linear_attn,,unsqueeze,"[[B, n_h_lin_v]]",,,"[[B, n_h_lin_v, 1]]",[727],4,linear_attn,,1,model.layers.4.linear_attn,aten.unsqueeze.default,[],decode,True
729,linear_attn,,elementwise_mul,"[[B, n_h_lin_v, d_head_lin_k, d_head_lin_v], [B, n_h_lin_v, 1, 1]]",,,"[[B, n_h_lin_v, d_head_lin_k, d_head_lin_v]]",[726],4,linear_attn,,1,model.layers.4.linear_attn,aten.mul.Tensor,[],decode,False
730,linear_attn,,unsqueeze,"[[B, n_h_lin_v, d_head_lin_k]]",,,"[[B, n_h_lin_v, d_head_lin_k, 1]]",[721],4,linear_attn,,1,model.layers.4.linear_attn,aten.unsqueeze.default,[],decode,True
731,linear_attn,,elementwise_mul,"[[B, n_h_lin_v, d_head_lin_k, d_head_lin_v], [B, n_h_lin_v, d_head_lin_k, 1]]",,,"[[B, n_h_lin_v, d_head_lin_k, d_head_lin_v]]","[729, 730]",4,linear_attn,,1,model.layers.4.linear_attn,aten.mul.Tensor,[],decode,False
732,linear_attn,,sum,"[[B, n_h_lin_v, d_head_lin_k, d_head_lin_v]]",,,"[[B, n_h_lin_v, d_head_lin_v]]",[731],4,linear_attn,,1,model.layers.4.linear_attn,aten.sum.dim_IntList,[],decode,True
733,linear_attn,,sub,"[[B, n_h_lin_v, d_head_lin_v], [B, n_h_lin_v, d_head_lin_v]]",,,"[[B, n_h_lin_v, d_head_lin_v]]","[722, 732]",4,linear_attn,,1,model.layers.4.linear_attn,aten.sub.Tensor,[],decode,True
734,linear_attn,,elementwise_mul,"[[B, n_h_lin_v, d_head_lin_v], [B, n_h_lin_v, 1]]",,,"[[B, n_h_lin_v, d_head_lin_v]]","[728, 733]",4,linear_attn,,1,model.layers.4.linear_attn,aten.mul.Tensor,[],decode,False
735,linear_attn,,unsqueeze,"[[B, n_h_lin_v, d_head_lin_k]]",,,"[[B, n_h_lin_v, d_head_lin_k, 1]]",[721],4,linear_attn,,1,model.layers.4.linear_attn,aten.unsqueeze.default,[],decode,True
736,linear_attn,,unsqueeze,"[[B, n_h_lin_v, d_head_lin_v]]",,,"[[B, n_h_lin_v, 1, d_head_lin_v]]",[734],4,linear_attn,,1,model.layers.4.linear_attn,aten.unsqueeze.default,[],decode,True
737,linear_attn,,elementwise_mul,"[[B, n_h_lin_v, d_head_lin_k, 1], [B, n_h_lin_v, 1, d_head_lin_v]]",,,"[[B, n_h_lin_v, d_head_lin_k, d_head_lin_v]]","[735, 736]",4,linear_attn,,1,model.layers.4.linear_attn,aten.mul.Tensor,[],decode,False
738,linear_attn,,elementwise_add,"[[B, n_h_lin_v, d_head_lin_k, d_head_lin_v], [B, n_h_lin_v, d_head_lin_k, d_head_lin_v]]",,,"[[B, n_h_lin_v, d_head_lin_k, d_head_lin_v]]","[729, 737]",4,linear_attn,,1,model.layers.4.linear_attn,aten.add.Tensor,[],decode,False
739,linear_attn,,unsqueeze,"[[B, n_h_lin_v, d_head_lin_k]]",,,"[[B, n_h_lin_v, d_head_lin_k, 1]]",[720],4,linear_attn,,1,model.layers.4.linear_attn,aten.unsqueeze.default,[],decode,True
740,linear_attn,,elementwise_mul,"[[B, n_h_lin_v, d_head_lin_k, d_head_lin_v], [B, n_h_lin_v, d_head_lin_k, 1]]",,,"[[B, n_h_lin_v, d_head_lin_k, d_head_lin_v]]","[738, 739]",4,linear_attn,,1,model.layers.4.linear_attn,aten.mul.Tensor,[],decode,False
741,linear_attn,,sum,"[[B, n_h_lin_v, d_head_lin_k, d_head_lin_v]]",,,"[[B, n_h_lin_v, d_head_lin_v]]",[740],4,linear_attn,,1,model.layers.4.linear_attn,aten.sum.dim_IntList,[],decode,True
742,linear_attn,,select,"[[B, n_h_lin_v, 1, d_head_lin_v]]",,,"[[B, n_h_lin_v, d_head_lin_v]]",[719],4,linear_attn,,1,model.layers.4.linear_attn,aten.select.int,[],decode,True
743,linear_attn,,copy_,"[[B, n_h_lin_v, d_head_lin_v], [B, n_h_lin_v, d_head_lin_v]]",,,"[[B, n_h_lin_v, d_head_lin_v]]","[741, 742]",4,linear_attn,,1,model.layers.4.linear_attn,aten.copy_.default,[],decode,True
744,linear_attn,,transpose,"[[B, n_h_lin_v, 1, d_head_lin_v]]",,,"[[B, 1, n_h_lin_v, d_head_lin_v]]",[719],4,linear_attn,,1,model.layers.4.linear_attn,aten.transpose.int,[],decode,True
745,linear_attn,,_to_copy,"[[B, 1, n_h_lin_v, d_head_lin_v]]",,,"[[B, 1, n_h_lin_v, d_head_lin_v]]",[744],4,linear_attn,,1,model.layers.4.linear_attn,aten._to_copy.default,[],decode,True
746,linear_attn,,copy_,"[[B, n_h_lin_v, d_head_lin_k, d_head_lin_v], [B, n_h_lin_v, d_head_lin_k, d_head_lin_v]]",,,"[[B, n_h_lin_v, d_head_lin_k, d_head_lin_v]]",[738],4,linear_attn,,1,model.layers.4.linear_attn,aten.copy_.default,[],decode,True
747,linear_attn,,view,"[[B, 1, n_h_lin_v, d_head_lin_v]]",,,"[[n_h_lin_v, d_head_lin_v]]",[745],4,linear_attn,,1,model.layers.4.linear_attn,aten.view.default,[],decode,True
748,linear_attn,,view,"[[B, 1, n_h_lin_v, d_head_lin_v]]",,,"[[n_h_lin_v, d_head_lin_v]]",[661],4,linear_attn,,1,model.layers.4.linear_attn,aten.view.default,[],decode,True
749,linear_attn,norm,_to_copy,"[[n_h_lin_v, d_head_lin_v]]",,,"[[n_h_lin_v, d_head_lin_v]]",[747],4,linear_attn,norm,2,model.layers.4.linear_attn.norm,aten._to_copy.default,[],decode,True
750,linear_attn,norm,pow,"[[n_h_lin_v, d_head_lin_v]]",,,"[[n_h_lin_v, d_head_lin_v]]",[749],4,linear_attn,norm,2,model.layers.4.linear_attn.norm,aten.pow.Tensor_Scalar,[],decode,False
751,linear_attn,norm,mean,"[[n_h_lin_v, d_head_lin_v]]",,,"[[n_h_lin_v, B]]",[750],4,linear_attn,norm,2,model.layers.4.linear_attn.norm,aten.mean.dim,[],decode,False
752,linear_attn,norm,elementwise_add,"[[n_h_lin_v, B]]",,,"[[n_h_lin_v, B]]",[751],4,linear_attn,norm,2,model.layers.4.linear_attn.norm,aten.add.Tensor,[],decode,False
753,linear_attn,norm,rsqrt,"[[n_h_lin_v, B]]",,,"[[n_h_lin_v, B]]",[752],4,linear_attn,norm,2,model.layers.4.linear_attn.norm,aten.rsqrt.default,[],decode,False
754,linear_attn,norm,elementwise_mul,"[[n_h_lin_v, d_head_lin_v], [n_h_lin_v, B]]",,,"[[n_h_lin_v, d_head_lin_v]]","[749, 753]",4,linear_attn,norm,2,model.layers.4.linear_attn.norm,aten.mul.Tensor,[],decode,False
755,linear_attn,norm,_to_copy,"[[n_h_lin_v, d_head_lin_v]]",,,"[[n_h_lin_v, d_head_lin_v]]",[754],4,linear_attn,norm,2,model.layers.4.linear_attn.norm,aten._to_copy.default,[],decode,True
756,linear_attn,norm,elementwise_mul,"[[d_head_lin_v], [n_h_lin_v, d_head_lin_v]]",,,"[[n_h_lin_v, d_head_lin_v]]",[755],4,linear_attn,norm,2,model.layers.4.linear_attn.norm,aten.mul.Tensor,[model.layers.4.linear_attn.norm.weight],decode,False
757,linear_attn,norm,_to_copy,"[[n_h_lin_v, d_head_lin_v]]",,,"[[n_h_lin_v, d_head_lin_v]]",[748],4,linear_attn,norm,2,model.layers.4.linear_attn.norm,aten._to_copy.default,[],decode,True
758,linear_attn,norm,silu,"[[n_h_lin_v, d_head_lin_v]]",,,"[[n_h_lin_v, d_head_lin_v]]",[757],4,linear_attn,norm,2,model.layers.4.linear_attn.norm,aten.silu.default,[],decode,False
759,linear_attn,norm,elementwise_mul,"[[n_h_lin_v, d_head_lin_v], [n_h_lin_v, d_head_lin_v]]",,,"[[n_h_lin_v, d_head_lin_v]]","[756, 758]",4,linear_attn,norm,2,model.layers.4.linear_attn.norm,aten.mul.Tensor,[],decode,False
760,linear_attn,norm,_to_copy,"[[n_h_lin_v, d_head_lin_v]]",,,"[[n_h_lin_v, d_head_lin_v]]",[759],4,linear_attn,norm,2,model.layers.4.linear_attn.norm,aten._to_copy.default,[],decode,True
761,linear_attn,,view,"[[n_h_lin_v, d_head_lin_v]]",,,"[[B, 1, n_v*d_v]]",[760],4,linear_attn,,1,model.layers.4.linear_attn,aten.view.default,[],decode,True
762,linear_attn,out_proj,t,"[[d_model, n_v*d_v]]","[d_model, n_v*d_v]",0,"[[n_v*d_v, d_model]]",[],4,linear_attn,out_proj,2,model.layers.4.linear_attn.out_proj,aten.t.default,[model.layers.4.linear_attn.out_proj.weight],decode,True
763,linear_attn,out_proj,view,"[[B, 1, n_v*d_v]]",,,"[[B, n_v*d_v]]",[761],4,linear_attn,out_proj,2,model.layers.4.linear_attn.out_proj,aten.view.default,[],decode,True
764,linear_attn,out_proj,matmul,"[[B, n_v*d_v], [n_v*d_v, d_model]]","[d_model, n_v*d_v]",1,"[[B, d_model]]","[762, 763]",4,linear_attn,out_proj,2,model.layers.4.linear_attn.out_proj,aten.mm.default,[model.layers.4.linear_attn.out_proj.weight],decode,False
765,linear_attn,out_proj,_unsafe_view,"[[B, d_model]]",,,"[[B, 1, d_model]]",[764],4,linear_attn,out_proj,2,model.layers.4.linear_attn.out_proj,aten._unsafe_view.default,[],decode,True
766,,,elementwise_add,"[[B, 1, d_model], [B, 1, d_model]]",,,"[[B, 1, d_model]]","[641, 765]",4,,,0,model.layers.4,aten.add.Tensor,[],decode,False
767,post_attention_layernorm,,_to_copy,"[[B, 1, d_model]]",,,"[[B, 1, d_model]]",[766],4,post_attention_layernorm,,1,model.layers.4.post_attention_layernorm,aten._to_copy.default,[],decode,True
768,post_attention_layernorm,,pow,"[[B, 1, d_model]]",,,"[[B, 1, d_model]]",[767],4,post_attention_layernorm,,1,model.layers.4.post_attention_layernorm,aten.pow.Tensor_Scalar,[],decode,False
769,post_attention_layernorm,,mean,"[[B, 1, d_model]]",,,"[[B, 1, 1]]",[768],4,post_attention_layernorm,,1,model.layers.4.post_attention_layernorm,aten.mean.dim,[],decode,False
770,post_attention_layernorm,,elementwise_add,"[[B, 1, 1]]",,,"[[B, 1, 1]]",[769],4,post_attention_layernorm,,1,model.layers.4.post_attention_layernorm,aten.add.Tensor,[],decode,False
771,post_attention_layernorm,,rsqrt,"[[B, 1, 1]]",,,"[[B, 1, 1]]",[770],4,post_attention_layernorm,,1,model.layers.4.post_attention_layernorm,aten.rsqrt.default,[],decode,False
772,post_attention_layernorm,,elementwise_mul,"[[B, 1, d_model], [B, 1, 1]]",,,"[[B, 1, d_model]]","[767, 771]",4,post_attention_layernorm,,1,model.layers.4.post_attention_layernorm,aten.mul.Tensor,[],decode,False
773,post_attention_layernorm,,_to_copy,[[d_model]],,,[[d_model]],[],4,post_attention_layernorm,,1,model.layers.4.post_attention_layernorm,aten._to_copy.default,[model.layers.4.post_attention_layernorm.weight],decode,True
774,post_attention_layernorm,,elementwise_add,[[d_model]],,,[[d_model]],[773],4,post_attention_layernorm,,1,model.layers.4.post_attention_layernorm,aten.add.Tensor,[model.layers.4.post_attention_layernorm.weight],decode,False
775,post_attention_layernorm,,elementwise_mul,"[[B, 1, d_model], [d_model]]",,,"[[B, 1, d_model]]","[772, 774]",4,post_attention_layernorm,,1,model.layers.4.post_attention_layernorm,aten.mul.Tensor,[],decode,False
776,post_attention_layernorm,,_to_copy,"[[B, 1, d_model]]",,,"[[B, 1, d_model]]",[775],4,post_attention_layernorm,,1,model.layers.4.post_attention_layernorm,aten._to_copy.default,[],decode,True
777,mlp,gate_proj,t,"[[d_ff, d_model]]","[d_ff, d_model]",0,"[[d_model, d_ff]]",[],4,mlp,gate_proj,2,model.layers.4.mlp.gate_proj,aten.t.default,[model.layers.4.mlp.gate_proj.weight],decode,True
778,mlp,gate_proj,view,"[[B, 1, d_model]]",,,"[[B, d_model]]",[776],4,mlp,gate_proj,2,model.layers.4.mlp.gate_proj,aten.view.default,[],decode,True
779,mlp,gate_proj,matmul,"[[B, d_model], [d_model, d_ff]]","[d_ff, d_model]",1,"[[B, d_ff]]","[777, 778]",4,mlp,gate_proj,2,model.layers.4.mlp.gate_proj,aten.mm.default,[model.layers.4.mlp.gate_proj.weight],decode,False
780,mlp,gate_proj,_unsafe_view,"[[B, d_ff]]",,,"[[B, 1, d_ff]]",[779],4,mlp,gate_proj,2,model.layers.4.mlp.gate_proj,aten._unsafe_view.default,[],decode,True
781,mlp,act_fn,silu,"[[B, 1, d_ff]]",,,"[[B, 1, d_ff]]",[780],4,mlp,act_fn,2,model.layers.4.mlp.act_fn,aten.silu.default,[],decode,False
782,mlp,up_proj,t,"[[d_ff, d_model]]","[d_ff, d_model]",0,"[[d_model, d_ff]]",[],4,mlp,up_proj,2,model.layers.4.mlp.up_proj,aten.t.default,[model.layers.4.mlp.up_proj.weight],decode,True
783,mlp,up_proj,view,"[[B, 1, d_model]]",,,"[[B, d_model]]",[776],4,mlp,up_proj,2,model.layers.4.mlp.up_proj,aten.view.default,[],decode,True
784,mlp,up_proj,matmul,"[[B, d_model], [d_model, d_ff]]","[d_ff, d_model]",1,"[[B, d_ff]]","[782, 783]",4,mlp,up_proj,2,model.layers.4.mlp.up_proj,aten.mm.default,[model.layers.4.mlp.up_proj.weight],decode,False
785,mlp,up_proj,_unsafe_view,"[[B, d_ff]]",,,"[[B, 1, d_ff]]",[784],4,mlp,up_proj,2,model.layers.4.mlp.up_proj,aten._unsafe_view.default,[],decode,True
786,mlp,,elementwise_mul,"[[B, 1, d_ff], [B, 1, d_ff]]",,,"[[B, 1, d_ff]]","[781, 785]",4,mlp,,1,model.layers.4.mlp,aten.mul.Tensor,[],decode,False
787,mlp,down_proj,t,"[[d_model, d_ff]]","[d_model, d_ff]",0,"[[d_ff, d_model]]",[],4,mlp,down_proj,2,model.layers.4.mlp.down_proj,aten.t.default,[model.layers.4.mlp.down_proj.weight],decode,True
788,mlp,down_proj,view,"[[B, 1, d_ff]]",,,"[[B, d_ff]]",[786],4,mlp,down_proj,2,model.layers.4.mlp.down_proj,aten.view.default,[],decode,True
789,mlp,down_proj,matmul,"[[B, d_ff], [d_ff, d_model]]","[d_model, d_ff]",1,"[[B, d_model]]","[787, 788]",4,mlp,down_proj,2,model.layers.4.mlp.down_proj,aten.mm.default,[model.layers.4.mlp.down_proj.weight],decode,False
790,mlp,down_proj,_unsafe_view,"[[B, d_model]]",,,"[[B, 1, d_model]]",[789],4,mlp,down_proj,2,model.layers.4.mlp.down_proj,aten._unsafe_view.default,[],decode,True
791,,,elementwise_add,"[[B, 1, d_model], [B, 1, d_model]]",,,"[[B, 1, d_model]]","[766, 790]",4,,,0,model.layers.4,aten.add.Tensor,[],decode,False
792,input_layernorm,,_to_copy,"[[B, 1, d_model]]",,,"[[B, 1, d_model]]",[791],5,input_layernorm,,1,model.layers.5.input_layernorm,aten._to_copy.default,[],decode,True
793,input_layernorm,,pow,"[[B, 1, d_model]]",,,"[[B, 1, d_model]]",[792],5,input_layernorm,,1,model.layers.5.input_layernorm,aten.pow.Tensor_Scalar,[],decode,False
794,input_layernorm,,mean,"[[B, 1, d_model]]",,,"[[B, 1, 1]]",[793],5,input_layernorm,,1,model.layers.5.input_layernorm,aten.mean.dim,[],decode,False
795,input_layernorm,,elementwise_add,"[[B, 1, 1]]",,,"[[B, 1, 1]]",[794],5,input_layernorm,,1,model.layers.5.input_layernorm,aten.add.Tensor,[],decode,False
796,input_layernorm,,rsqrt,"[[B, 1, 1]]",,,"[[B, 1, 1]]",[795],5,input_layernorm,,1,model.layers.5.input_layernorm,aten.rsqrt.default,[],decode,False
797,input_layernorm,,elementwise_mul,"[[B, 1, d_model], [B, 1, 1]]",,,"[[B, 1, d_model]]","[792, 796]",5,input_layernorm,,1,model.layers.5.input_layernorm,aten.mul.Tensor,[],decode,False
798,input_layernorm,,_to_copy,[[d_model]],,,[[d_model]],[],5,input_layernorm,,1,model.layers.5.input_layernorm,aten._to_copy.default,[model.layers.5.input_layernorm.weight],decode,True
799,input_layernorm,,elementwise_add,[[d_model]],,,[[d_model]],[798],5,input_layernorm,,1,model.layers.5.input_layernorm,aten.add.Tensor,[model.layers.5.input_layernorm.weight],decode,False
800,input_layernorm,,elementwise_mul,"[[B, 1, d_model], [d_model]]",,,"[[B, 1, d_model]]","[797, 799]",5,input_layernorm,,1,model.layers.5.input_layernorm,aten.mul.Tensor,[],decode,False
801,input_layernorm,,_to_copy,"[[B, 1, d_model]]",,,"[[B, 1, d_model]]",[800],5,input_layernorm,,1,model.layers.5.input_layernorm,aten._to_copy.default,[],decode,True
802,linear_attn,in_proj_qkv,t,"[[2*d_k_lin+d_v_lin, d_model]]","[2*d_k_lin+d_v_lin, d_model]",0,"[[d_model, 2*d_k_lin+d_v_lin]]",[],5,linear_attn,in_proj_qkv,2,model.layers.5.linear_attn.in_proj_qkv,aten.t.default,[model.layers.5.linear_attn.in_proj_qkv.weight],decode,True
803,linear_attn,in_proj_qkv,view,"[[B, 1, d_model]]",,,"[[B, d_model]]",[801],5,linear_attn,in_proj_qkv,2,model.layers.5.linear_attn.in_proj_qkv,aten.view.default,[],decode,True
804,linear_attn,in_proj_qkv,matmul,"[[B, d_model], [d_model, 2*d_k_lin+d_v_lin]]","[2*d_k_lin+d_v_lin, d_model]",1,"[[B, 2*d_k_lin+d_v_lin]]","[802, 803]",5,linear_attn,in_proj_qkv,2,model.layers.5.linear_attn.in_proj_qkv,aten.mm.default,[model.layers.5.linear_attn.in_proj_qkv.weight],decode,False
805,linear_attn,in_proj_qkv,_unsafe_view,"[[B, 2*d_k_lin+d_v_lin]]",,,"[[B, 1, 2*d_k_lin+d_v_lin]]",[804],5,linear_attn,in_proj_qkv,2,model.layers.5.linear_attn.in_proj_qkv,aten._unsafe_view.default,[],decode,True
806,linear_attn,,transpose,"[[B, 1, 2*d_k_lin+d_v_lin]]",,,"[[B, 2*d_k_lin+d_v_lin, 1]]",[805],5,linear_attn,,1,model.layers.5.linear_attn,aten.transpose.int,[],decode,True
807,linear_attn,in_proj_z,t,"[[n_v*d_v, d_model]]","[n_v*d_v, d_model]",0,"[[d_model, n_v*d_v]]",[],5,linear_attn,in_proj_z,2,model.layers.5.linear_attn.in_proj_z,aten.t.default,[model.layers.5.linear_attn.in_proj_z.weight],decode,True
808,linear_attn,in_proj_z,view,"[[B, 1, d_model]]",,,"[[B, d_model]]",[801],5,linear_attn,in_proj_z,2,model.layers.5.linear_attn.in_proj_z,aten.view.default,[],decode,True
809,linear_attn,in_proj_z,matmul,"[[B, d_model], [d_model, n_v*d_v]]","[n_v*d_v, d_model]",1,"[[B, n_v*d_v]]","[807, 808]",5,linear_attn,in_proj_z,2,model.layers.5.linear_attn.in_proj_z,aten.mm.default,[model.layers.5.linear_attn.in_proj_z.weight],decode,False
810,linear_attn,in_proj_z,_unsafe_view,"[[B, n_v*d_v]]",,,"[[B, 1, n_v*d_v]]",[809],5,linear_attn,in_proj_z,2,model.layers.5.linear_attn.in_proj_z,aten._unsafe_view.default,[],decode,True
811,linear_attn,,view,"[[B, 1, n_v*d_v]]",,,"[[B, 1, n_h_lin_v, d_head_lin_v]]",[810],5,linear_attn,,1,model.layers.5.linear_attn,aten.view.default,[],decode,True
812,linear_attn,in_proj_b,t,"[[n_h_lin_v, d_model]]","[n_h_lin_v, d_model]",0,"[[d_model, n_h_lin_v]]",[],5,linear_attn,in_proj_b,2,model.layers.5.linear_attn.in_proj_b,aten.t.default,[model.layers.5.linear_attn.in_proj_b.weight],decode,True
813,linear_attn,in_proj_b,view,"[[B, 1, d_model]]",,,"[[B, d_model]]",[801],5,linear_attn,in_proj_b,2,model.layers.5.linear_attn.in_proj_b,aten.view.default,[],decode,True
814,linear_attn,in_proj_b,matmul,"[[B, d_model], [d_model, n_h_lin_v]]","[n_h_lin_v, d_model]",1,"[[B, n_h_lin_v]]","[812, 813]",5,linear_attn,in_proj_b,2,model.layers.5.linear_attn.in_proj_b,aten.mm.default,[model.layers.5.linear_attn.in_proj_b.weight],decode,False
815,linear_attn,in_proj_b,_unsafe_view,"[[B, n_h_lin_v]]",,,"[[B, 1, n_h_lin_v]]",[814],5,linear_attn,in_proj_b,2,model.layers.5.linear_attn.in_proj_b,aten._unsafe_view.default,[],decode,True
816,linear_attn,in_proj_a,t,"[[n_h_lin_v, d_model]]","[n_h_lin_v, d_model]",0,"[[d_model, n_h_lin_v]]",[],5,linear_attn,in_proj_a,2,model.layers.5.linear_attn.in_proj_a,aten.t.default,[model.layers.5.linear_attn.in_proj_a.weight],decode,True
817,linear_attn,in_proj_a,view,"[[B, 1, d_model]]",,,"[[B, d_model]]",[801],5,linear_attn,in_proj_a,2,model.layers.5.linear_attn.in_proj_a,aten.view.default,[],decode,True
818,linear_attn,in_proj_a,matmul,"[[B, d_model], [d_model, n_h_lin_v]]","[n_h_lin_v, d_model]",1,"[[B, n_h_lin_v]]","[816, 817]",5,linear_attn,in_proj_a,2,model.layers.5.linear_attn.in_proj_a,aten.mm.default,[model.layers.5.linear_attn.in_proj_a.weight],decode,False
819,linear_attn,in_proj_a,_unsafe_view,"[[B, n_h_lin_v]]",,,"[[B, 1, n_h_lin_v]]",[818],5,linear_attn,in_proj_a,2,model.layers.5.linear_attn.in_proj_a,aten._unsafe_view.default,[],decode,True
820,linear_attn,,squeeze,"[[2*d_k_lin+d_v_lin, 1, d_conv_lin]]","[2*d_k_lin+d_v_lin, 1, d_conv_lin]",0,"[[2*d_k_lin+d_v_lin, d_conv_lin]]",[],5,linear_attn,,1,model.layers.5.linear_attn,aten.squeeze.dim,[model.layers.5.linear_attn.conv1d.weight],decode,True
821,linear_attn,,concat,"[[B, 2*d_k_lin+d_v_lin, d_conv_lin], [B, 2*d_k_lin+d_v_lin, 1]]",,,"[[B, 2*d_k_lin+d_v_lin, 5]]",[806],5,linear_attn,,1,model.layers.5.linear_attn,aten.cat.default,[],decode,False
822,linear_attn,,slice,"[[B, 2*d_k_lin+d_v_lin, 5]]",,,"[[B, 2*d_k_lin+d_v_lin, d_conv_lin]]",[821],5,linear_attn,,1,model.layers.5.linear_attn,aten.slice.Tensor,[],decode,True
823,linear_attn,,copy_,"[[B, 2*d_k_lin+d_v_lin, d_conv_lin], [B, 2*d_k_lin+d_v_lin, d_conv_lin]]",,,"[[B, 2*d_k_lin+d_v_lin, d_conv_lin]]",[822],5,linear_attn,,1,model.layers.5.linear_attn,aten.copy_.default,[],decode,True
824,linear_attn,,unsqueeze,"[[2*d_k_lin+d_v_lin, d_conv_lin]]",,,"[[2*d_k_lin+d_v_lin, 1, d_conv_lin]]",[820],5,linear_attn,,1,model.layers.5.linear_attn,aten.unsqueeze.default,[],decode,True
825,linear_attn,,conv1d,"[[B, 2*d_k_lin+d_v_lin, 5], [2*d_k_lin+d_v_lin, 1, d_conv_lin]]",,,"[[B, 2*d_k_lin+d_v_lin, 2]]","[821, 824]",5,linear_attn,,1,model.layers.5.linear_attn,aten.convolution.default,[],decode,False
826,linear_attn,,slice,"[[B, 2*d_k_lin+d_v_lin, 2]]",,,"[[B, 2*d_k_lin+d_v_lin, 1]]",[825],5,linear_attn,,1,model.layers.5.linear_attn,aten.slice.Tensor,[],decode,True
827,linear_attn,,silu,"[[B, 2*d_k_lin+d_v_lin, 1]]",,,"[[B, 2*d_k_lin+d_v_lin, 1]]",[826],5,linear_attn,,1,model.layers.5.linear_attn,aten.silu.default,[],decode,False
828,linear_attn,,transpose,"[[B, 2*d_k_lin+d_v_lin, 1]]",,,"[[B, 1, 2*d_k_lin+d_v_lin]]",[827],5,linear_attn,,1,model.layers.5.linear_attn,aten.transpose.int,[],decode,True
829,linear_attn,,split_with_sizes,"[[B, 1, 2*d_k_lin+d_v_lin]]",,,"[[B, 1, n_k*d_k], [B, 1, n_k*d_k], [B, 1, n_v*d_v]]",[828],5,linear_attn,,1,model.layers.5.linear_attn,aten.split_with_sizes.default,[],decode,True
830,linear_attn,,view,"[[B, 1, n_k*d_k]]",,,"[[B, 1, n_h_lin_k, d_head_lin_k]]",[829],5,linear_attn,,1,model.layers.5.linear_attn,aten.view.default,[],decode,True
831,linear_attn,,view,"[[B, 1, n_k*d_k]]",,,"[[B, 1, n_h_lin_k, d_head_lin_k]]",[829],5,linear_attn,,1,model.layers.5.linear_attn,aten.view.default,[],decode,True
832,linear_attn,,view,"[[B, 1, n_v*d_v]]",,,"[[B, 1, n_h_lin_v, d_head_lin_v]]",[829],5,linear_attn,,1,model.layers.5.linear_attn,aten.view.default,[],decode,True
833,linear_attn,,sigmoid,"[[B, 1, n_h_lin_v]]",,,"[[B, 1, n_h_lin_v]]",[815],5,linear_attn,,1,model.layers.5.linear_attn,aten.sigmoid.default,[],decode,False
834,linear_attn,,_to_copy,[[n_h_lin_v]],,,[[n_h_lin_v]],[],5,linear_attn,,1,model.layers.5.linear_attn,aten._to_copy.default,[model.layers.5.linear_attn.A_log],decode,True
835,linear_attn,,exp,[[n_h_lin_v]],,,[[n_h_lin_v]],[834],5,linear_attn,,1,model.layers.5.linear_attn,aten.exp.default,[model.layers.5.linear_attn.A_log],decode,False
836,linear_attn,,neg,[[n_h_lin_v]],,,[[n_h_lin_v]],[835],5,linear_attn,,1,model.layers.5.linear_attn,aten.neg.default,[],decode,False
837,linear_attn,,_to_copy,"[[B, 1, n_h_lin_v]]",,,"[[B, 1, n_h_lin_v]]",[819],5,linear_attn,,1,model.layers.5.linear_attn,aten._to_copy.default,[],decode,True
838,linear_attn,,elementwise_add,"[[B, 1, n_h_lin_v], [n_h_lin_v]]",,,"[[B, 1, n_h_lin_v]]",[837],5,linear_attn,,1,model.layers.5.linear_attn,aten.add.Tensor,[model.layers.5.linear_attn.dt_bias],decode,False
839,linear_attn,,softplus,"[[B, 1, n_h_lin_v]]",,,"[[B, 1, n_h_lin_v]]",[838],5,linear_attn,,1,model.layers.5.linear_attn,aten.softplus.default,[],decode,True
840,linear_attn,,elementwise_mul,"[[n_h_lin_v], [B, 1, n_h_lin_v]]",,,"[[B, 1, n_h_lin_v]]","[836, 839]",5,linear_attn,,1,model.layers.5.linear_attn,aten.mul.Tensor,[],decode,False
841,linear_attn,,unsqueeze,"[[B, 1, n_h_lin_k, d_head_lin_k]]",,,"[[B, 1, n_h_lin_k, 1, d_head_lin_k]]",[830],5,linear_attn,,1,model.layers.5.linear_attn,aten.unsqueeze.default,[],decode,True
842,linear_attn,,expand,"[[B, 1, n_h_lin_k, 1, d_head_lin_k]]",,,"[[B, 1, n_h_lin_k, n_v/n_k, d_head_lin_k]]",[841],5,linear_attn,,1,model.layers.5.linear_attn,aten.expand.default,[],decode,True
843,linear_attn,,clone,"[[B, 1, n_h_lin_k, n_v/n_k, d_head_lin_k]]",,,"[[B, 1, n_h_lin_k, n_v/n_k, d_head_lin_k]]",[842],5,linear_attn,,1,model.layers.5.linear_attn,aten.clone.default,[],decode,True
844,linear_attn,,view,"[[B, 1, n_h_lin_k, n_v/n_k, d_head_lin_k]]",,,"[[B, 1, n_h_lin_v, d_head_lin_k]]",[843],5,linear_attn,,1,model.layers.5.linear_attn,aten.view.default,[],decode,True
845,linear_attn,,unsqueeze,"[[B, 1, n_h_lin_k, d_head_lin_k]]",,,"[[B, 1, n_h_lin_k, 1, d_head_lin_k]]",[831],5,linear_attn,,1,model.layers.5.linear_attn,aten.unsqueeze.default,[],decode,True
846,linear_attn,,expand,"[[B, 1, n_h_lin_k, 1, d_head_lin_k]]",,,"[[B, 1, n_h_lin_k, n_v/n_k, d_head_lin_k]]",[845],5,linear_attn,,1,model.layers.5.linear_attn,aten.expand.default,[],decode,True
847,linear_attn,,clone,"[[B, 1, n_h_lin_k, n_v/n_k, d_head_lin_k]]",,,"[[B, 1, n_h_lin_k, n_v/n_k, d_head_lin_k]]",[846],5,linear_attn,,1,model.layers.5.linear_attn,aten.clone.default,[],decode,True
848,linear_attn,,view,"[[B, 1, n_h_lin_k, n_v/n_k, d_head_lin_k]]",,,"[[B, 1, n_h_lin_v, d_head_lin_k]]",[847],5,linear_attn,,1,model.layers.5.linear_attn,aten.view.default,[],decode,True
849,linear_attn,,elementwise_mul,"[[B, 1, n_h_lin_v, d_head_lin_k], [B, 1, n_h_lin_v, d_head_lin_k]]",,,"[[B, 1, n_h_lin_v, d_head_lin_k]]",[844],5,linear_attn,,1,model.layers.5.linear_attn,aten.mul.Tensor,[],decode,False
850,linear_attn,,sum,"[[B, 1, n_h_lin_v, d_head_lin_k]]",,,"[[B, 1, n_h_lin_v, 1]]",[849],5,linear_attn,,1,model.layers.5.linear_attn,aten.sum.dim_IntList,[],decode,True
851,linear_attn,,elementwise_add,"[[B, 1, n_h_lin_v, 1]]",,,"[[B, 1, n_h_lin_v, 1]]",[850],5,linear_attn,,1,model.layers.5.linear_attn,aten.add.Tensor,[],decode,False
852,linear_attn,,rsqrt,"[[B, 1, n_h_lin_v, 1]]",,,"[[B, 1, n_h_lin_v, 1]]",[851],5,linear_attn,,1,model.layers.5.linear_attn,aten.rsqrt.default,[],decode,False
853,linear_attn,,elementwise_mul,"[[B, 1, n_h_lin_v, d_head_lin_k], [B, 1, n_h_lin_v, 1]]",,,"[[B, 1, n_h_lin_v, d_head_lin_k]]","[844, 852]",5,linear_attn,,1,model.layers.5.linear_attn,aten.mul.Tensor,[],decode,False
854,linear_attn,,elementwise_mul,"[[B, 1, n_h_lin_v, d_head_lin_k], [B, 1, n_h_lin_v, d_head_lin_k]]",,,"[[B, 1, n_h_lin_v, d_head_lin_k]]",[848],5,linear_attn,,1,model.layers.5.linear_attn,aten.mul.Tensor,[],decode,False
855,linear_attn,,sum,"[[B, 1, n_h_lin_v, d_head_lin_k]]",,,"[[B, 1, n_h_lin_v, 1]]",[854],5,linear_attn,,1,model.layers.5.linear_attn,aten.sum.dim_IntList,[],decode,True
856,linear_attn,,elementwise_add,"[[B, 1, n_h_lin_v, 1]]",,,"[[B, 1, n_h_lin_v, 1]]",[855],5,linear_attn,,1,model.layers.5.linear_attn,aten.add.Tensor,[],decode,False
857,linear_attn,,rsqrt,"[[B, 1, n_h_lin_v, 1]]",,,"[[B, 1, n_h_lin_v, 1]]",[856],5,linear_attn,,1,model.layers.5.linear_attn,aten.rsqrt.default,[],decode,False
858,linear_attn,,elementwise_mul,"[[B, 1, n_h_lin_v, d_head_lin_k], [B, 1, n_h_lin_v, 1]]",,,"[[B, 1, n_h_lin_v, d_head_lin_k]]","[848, 857]",5,linear_attn,,1,model.layers.5.linear_attn,aten.mul.Tensor,[],decode,False
859,linear_attn,,transpose,"[[B, 1, n_h_lin_v, d_head_lin_k]]",,,"[[B, n_h_lin_v, 1, d_head_lin_k]]",[853],5,linear_attn,,1,model.layers.5.linear_attn,aten.transpose.int,[],decode,True
860,linear_attn,,_to_copy,"[[B, n_h_lin_v, 1, d_head_lin_k]]",,,"[[B, n_h_lin_v, 1, d_head_lin_k]]",[859],5,linear_attn,,1,model.layers.5.linear_attn,aten._to_copy.default,[],decode,True
861,linear_attn,,transpose,"[[B, 1, n_h_lin_v, d_head_lin_k]]",,,"[[B, n_h_lin_v, 1, d_head_lin_k]]",[858],5,linear_attn,,1,model.layers.5.linear_attn,aten.transpose.int,[],decode,True
862,linear_attn,,_to_copy,"[[B, n_h_lin_v, 1, d_head_lin_k]]",,,"[[B, n_h_lin_v, 1, d_head_lin_k]]",[861],5,linear_attn,,1,model.layers.5.linear_attn,aten._to_copy.default,[],decode,True
863,linear_attn,,transpose,"[[B, 1, n_h_lin_v, d_head_lin_v]]",,,"[[B, n_h_lin_v, 1, d_head_lin_v]]",[832],5,linear_attn,,1,model.layers.5.linear_attn,aten.transpose.int,[],decode,True
864,linear_attn,,_to_copy,"[[B, n_h_lin_v, 1, d_head_lin_v]]",,,"[[B, n_h_lin_v, 1, d_head_lin_v]]",[863],5,linear_attn,,1,model.layers.5.linear_attn,aten._to_copy.default,[],decode,True
865,linear_attn,,transpose,"[[B, 1, n_h_lin_v]]",,,"[[B, n_h_lin_v, 1]]",[833],5,linear_attn,,1,model.layers.5.linear_attn,aten.transpose.int,[],decode,True
866,linear_attn,,_to_copy,"[[B, n_h_lin_v, 1]]",,,"[[B, n_h_lin_v, 1]]",[865],5,linear_attn,,1,model.layers.5.linear_attn,aten._to_copy.default,[],decode,True
867,linear_attn,,transpose,"[[B, 1, n_h_lin_v]]",,,"[[B, n_h_lin_v, 1]]",[840],5,linear_attn,,1,model.layers.5.linear_attn,aten.transpose.int,[],decode,True
868,linear_attn,,elementwise_mul,"[[B, n_h_lin_v, 1, d_head_lin_k]]",,,"[[B, n_h_lin_v, 1, d_head_lin_k]]",[860],5,linear_attn,,1,model.layers.5.linear_attn,aten.mul.Tensor,[],decode,False
869,linear_attn,,zeros,[],,,"[[B, n_h_lin_v, 1, d_head_lin_v]]",[],5,linear_attn,,1,model.layers.5.linear_attn,aten.zeros.default,[],decode,True
870,linear_attn,,select,"[[B, n_h_lin_v, 1, d_head_lin_k]]",,,"[[B, n_h_lin_v, d_head_lin_k]]",[868],5,linear_attn,,1,model.layers.5.linear_attn,aten.select.int,[],decode,True
871,linear_attn,,select,"[[B, n_h_lin_v, 1, d_head_lin_k]]",,,"[[B, n_h_lin_v, d_head_lin_k]]",[862],5,linear_attn,,1,model.layers.5.linear_attn,aten.select.int,[],decode,True
872,linear_attn,,select,"[[B, n_h_lin_v, 1, d_head_lin_v]]",,,"[[B, n_h_lin_v, d_head_lin_v]]",[864],5,linear_attn,,1,model.layers.5.linear_attn,aten.select.int,[],decode,True
873,linear_attn,,select,"[[B, n_h_lin_v, 1]]",,,"[[B, n_h_lin_v]]",[867],5,linear_attn,,1,model.layers.5.linear_attn,aten.select.int,[],decode,True
874,linear_attn,,exp,"[[B, n_h_lin_v]]",,,"[[B, n_h_lin_v]]",[873],5,linear_attn,,1,model.layers.5.linear_attn,aten.exp.default,[],decode,False
875,linear_attn,,unsqueeze,"[[B, n_h_lin_v]]",,,"[[B, n_h_lin_v, 1]]",[874],5,linear_attn,,1,model.layers.5.linear_attn,aten.unsqueeze.default,[],decode,True
876,linear_attn,,unsqueeze,"[[B, n_h_lin_v, 1]]",,,"[[B, n_h_lin_v, 1, 1]]",[875],5,linear_attn,,1,model.layers.5.linear_attn,aten.unsqueeze.default,[],decode,True
877,linear_attn,,select,"[[B, n_h_lin_v, 1]]",,,"[[B, n_h_lin_v]]",[866],5,linear_attn,,1,model.layers.5.linear_attn,aten.select.int,[],decode,True
878,linear_attn,,unsqueeze,"[[B, n_h_lin_v]]",,,"[[B, n_h_lin_v, 1]]",[877],5,linear_attn,,1,model.layers.5.linear_attn,aten.unsqueeze.default,[],decode,True
879,linear_attn,,elementwise_mul,"[[B, n_h_lin_v, d_head_lin_k, d_head_lin_v], [B, n_h_lin_v, 1, 1]]",,,"[[B, n_h_lin_v, d_head_lin_k, d_head_lin_v]]",[876],5,linear_attn,,1,model.layers.5.linear_attn,aten.mul.Tensor,[],decode,False
880,linear_attn,,unsqueeze,"[[B, n_h_lin_v, d_head_lin_k]]",,,"[[B, n_h_lin_v, d_head_lin_k, 1]]",[871],5,linear_attn,,1,model.layers.5.linear_attn,aten.unsqueeze.default,[],decode,True
881,linear_attn,,elementwise_mul,"[[B, n_h_lin_v, d_head_lin_k, d_head_lin_v], [B, n_h_lin_v, d_head_lin_k, 1]]",,,"[[B, n_h_lin_v, d_head_lin_k, d_head_lin_v]]","[879, 880]",5,linear_attn,,1,model.layers.5.linear_attn,aten.mul.Tensor,[],decode,False
882,linear_attn,,sum,"[[B, n_h_lin_v, d_head_lin_k, d_head_lin_v]]",,,"[[B, n_h_lin_v, d_head_lin_v]]",[881],5,linear_attn,,1,model.layers.5.linear_attn,aten.sum.dim_IntList,[],decode,True
883,linear_attn,,sub,"[[B, n_h_lin_v, d_head_lin_v], [B, n_h_lin_v, d_head_lin_v]]",,,"[[B, n_h_lin_v, d_head_lin_v]]","[872, 882]",5,linear_attn,,1,model.layers.5.linear_attn,aten.sub.Tensor,[],decode,True
884,linear_attn,,elementwise_mul,"[[B, n_h_lin_v, d_head_lin_v], [B, n_h_lin_v, 1]]",,,"[[B, n_h_lin_v, d_head_lin_v]]","[878, 883]",5,linear_attn,,1,model.layers.5.linear_attn,aten.mul.Tensor,[],decode,False
885,linear_attn,,unsqueeze,"[[B, n_h_lin_v, d_head_lin_k]]",,,"[[B, n_h_lin_v, d_head_lin_k, 1]]",[871],5,linear_attn,,1,model.layers.5.linear_attn,aten.unsqueeze.default,[],decode,True
886,linear_attn,,unsqueeze,"[[B, n_h_lin_v, d_head_lin_v]]",,,"[[B, n_h_lin_v, 1, d_head_lin_v]]",[884],5,linear_attn,,1,model.layers.5.linear_attn,aten.unsqueeze.default,[],decode,True
887,linear_attn,,elementwise_mul,"[[B, n_h_lin_v, d_head_lin_k, 1], [B, n_h_lin_v, 1, d_head_lin_v]]",,,"[[B, n_h_lin_v, d_head_lin_k, d_head_lin_v]]","[885, 886]",5,linear_attn,,1,model.layers.5.linear_attn,aten.mul.Tensor,[],decode,False
888,linear_attn,,elementwise_add,"[[B, n_h_lin_v, d_head_lin_k, d_head_lin_v], [B, n_h_lin_v, d_head_lin_k, d_head_lin_v]]",,,"[[B, n_h_lin_v, d_head_lin_k, d_head_lin_v]]","[879, 887]",5,linear_attn,,1,model.layers.5.linear_attn,aten.add.Tensor,[],decode,False
889,linear_attn,,unsqueeze,"[[B, n_h_lin_v, d_head_lin_k]]",,,"[[B, n_h_lin_v, d_head_lin_k, 1]]",[870],5,linear_attn,,1,model.layers.5.linear_attn,aten.unsqueeze.default,[],decode,True
890,linear_attn,,elementwise_mul,"[[B, n_h_lin_v, d_head_lin_k, d_head_lin_v], [B, n_h_lin_v, d_head_lin_k, 1]]",,,"[[B, n_h_lin_v, d_head_lin_k, d_head_lin_v]]","[888, 889]",5,linear_attn,,1,model.layers.5.linear_attn,aten.mul.Tensor,[],decode,False
891,linear_attn,,sum,"[[B, n_h_lin_v, d_head_lin_k, d_head_lin_v]]",,,"[[B, n_h_lin_v, d_head_lin_v]]",[890],5,linear_attn,,1,model.layers.5.linear_attn,aten.sum.dim_IntList,[],decode,True
892,linear_attn,,select,"[[B, n_h_lin_v, 1, d_head_lin_v]]",,,"[[B, n_h_lin_v, d_head_lin_v]]",[869],5,linear_attn,,1,model.layers.5.linear_attn,aten.select.int,[],decode,True
893,linear_attn,,copy_,"[[B, n_h_lin_v, d_head_lin_v], [B, n_h_lin_v, d_head_lin_v]]",,,"[[B, n_h_lin_v, d_head_lin_v]]","[891, 892]",5,linear_attn,,1,model.layers.5.linear_attn,aten.copy_.default,[],decode,True
894,linear_attn,,transpose,"[[B, n_h_lin_v, 1, d_head_lin_v]]",,,"[[B, 1, n_h_lin_v, d_head_lin_v]]",[869],5,linear_attn,,1,model.layers.5.linear_attn,aten.transpose.int,[],decode,True
895,linear_attn,,_to_copy,"[[B, 1, n_h_lin_v, d_head_lin_v]]",,,"[[B, 1, n_h_lin_v, d_head_lin_v]]",[894],5,linear_attn,,1,model.layers.5.linear_attn,aten._to_copy.default,[],decode,True
896,linear_attn,,copy_,"[[B, n_h_lin_v, d_head_lin_k, d_head_lin_v], [B, n_h_lin_v, d_head_lin_k, d_head_lin_v]]",,,"[[B, n_h_lin_v, d_head_lin_k, d_head_lin_v]]",[888],5,linear_attn,,1,model.layers.5.linear_attn,aten.copy_.default,[],decode,True
897,linear_attn,,view,"[[B, 1, n_h_lin_v, d_head_lin_v]]",,,"[[n_h_lin_v, d_head_lin_v]]",[895],5,linear_attn,,1,model.layers.5.linear_attn,aten.view.default,[],decode,True
898,linear_attn,,view,"[[B, 1, n_h_lin_v, d_head_lin_v]]",,,"[[n_h_lin_v, d_head_lin_v]]",[811],5,linear_attn,,1,model.layers.5.linear_attn,aten.view.default,[],decode,True
899,linear_attn,norm,_to_copy,"[[n_h_lin_v, d_head_lin_v]]",,,"[[n_h_lin_v, d_head_lin_v]]",[897],5,linear_attn,norm,2,model.layers.5.linear_attn.norm,aten._to_copy.default,[],decode,True
900,linear_attn,norm,pow,"[[n_h_lin_v, d_head_lin_v]]",,,"[[n_h_lin_v, d_head_lin_v]]",[899],5,linear_attn,norm,2,model.layers.5.linear_attn.norm,aten.pow.Tensor_Scalar,[],decode,False
901,linear_attn,norm,mean,"[[n_h_lin_v, d_head_lin_v]]",,,"[[n_h_lin_v, B]]",[900],5,linear_attn,norm,2,model.layers.5.linear_attn.norm,aten.mean.dim,[],decode,False
902,linear_attn,norm,elementwise_add,"[[n_h_lin_v, B]]",,,"[[n_h_lin_v, B]]",[901],5,linear_attn,norm,2,model.layers.5.linear_attn.norm,aten.add.Tensor,[],decode,False
903,linear_attn,norm,rsqrt,"[[n_h_lin_v, B]]",,,"[[n_h_lin_v, B]]",[902],5,linear_attn,norm,2,model.layers.5.linear_attn.norm,aten.rsqrt.default,[],decode,False
904,linear_attn,norm,elementwise_mul,"[[n_h_lin_v, d_head_lin_v], [n_h_lin_v, B]]",,,"[[n_h_lin_v, d_head_lin_v]]","[899, 903]",5,linear_attn,norm,2,model.layers.5.linear_attn.norm,aten.mul.Tensor,[],decode,False
905,linear_attn,norm,_to_copy,"[[n_h_lin_v, d_head_lin_v]]",,,"[[n_h_lin_v, d_head_lin_v]]",[904],5,linear_attn,norm,2,model.layers.5.linear_attn.norm,aten._to_copy.default,[],decode,True
906,linear_attn,norm,elementwise_mul,"[[d_head_lin_v], [n_h_lin_v, d_head_lin_v]]",,,"[[n_h_lin_v, d_head_lin_v]]",[905],5,linear_attn,norm,2,model.layers.5.linear_attn.norm,aten.mul.Tensor,[model.layers.5.linear_attn.norm.weight],decode,False
907,linear_attn,norm,_to_copy,"[[n_h_lin_v, d_head_lin_v]]",,,"[[n_h_lin_v, d_head_lin_v]]",[898],5,linear_attn,norm,2,model.layers.5.linear_attn.norm,aten._to_copy.default,[],decode,True
908,linear_attn,norm,silu,"[[n_h_lin_v, d_head_lin_v]]",,,"[[n_h_lin_v, d_head_lin_v]]",[907],5,linear_attn,norm,2,model.layers.5.linear_attn.norm,aten.silu.default,[],decode,False
909,linear_attn,norm,elementwise_mul,"[[n_h_lin_v, d_head_lin_v], [n_h_lin_v, d_head_lin_v]]",,,"[[n_h_lin_v, d_head_lin_v]]","[906, 908]",5,linear_attn,norm,2,model.layers.5.linear_attn.norm,aten.mul.Tensor,[],decode,False
910,linear_attn,norm,_to_copy,"[[n_h_lin_v, d_head_lin_v]]",,,"[[n_h_lin_v, d_head_lin_v]]",[909],5,linear_attn,norm,2,model.layers.5.linear_attn.norm,aten._to_copy.default,[],decode,True
911,linear_attn,,view,"[[n_h_lin_v, d_head_lin_v]]",,,"[[B, 1, n_v*d_v]]",[910],5,linear_attn,,1,model.layers.5.linear_attn,aten.view.default,[],decode,True
912,linear_attn,out_proj,t,"[[d_model, n_v*d_v]]","[d_model, n_v*d_v]",0,"[[n_v*d_v, d_model]]",[],5,linear_attn,out_proj,2,model.layers.5.linear_attn.out_proj,aten.t.default,[model.layers.5.linear_attn.out_proj.weight],decode,True
913,linear_attn,out_proj,view,"[[B, 1, n_v*d_v]]",,,"[[B, n_v*d_v]]",[911],5,linear_attn,out_proj,2,model.layers.5.linear_attn.out_proj,aten.view.default,[],decode,True
914,linear_attn,out_proj,matmul,"[[B, n_v*d_v], [n_v*d_v, d_model]]","[d_model, n_v*d_v]",1,"[[B, d_model]]","[912, 913]",5,linear_attn,out_proj,2,model.layers.5.linear_attn.out_proj,aten.mm.default,[model.layers.5.linear_attn.out_proj.weight],decode,False
915,linear_attn,out_proj,_unsafe_view,"[[B, d_model]]",,,"[[B, 1, d_model]]",[914],5,linear_attn,out_proj,2,model.layers.5.linear_attn.out_proj,aten._unsafe_view.default,[],decode,True
916,,,elementwise_add,"[[B, 1, d_model], [B, 1, d_model]]",,,"[[B, 1, d_model]]","[791, 915]",5,,,0,model.layers.5,aten.add.Tensor,[],decode,False
917,post_attention_layernorm,,_to_copy,"[[B, 1, d_model]]",,,"[[B, 1, d_model]]",[916],5,post_attention_layernorm,,1,model.layers.5.post_attention_layernorm,aten._to_copy.default,[],decode,True
918,post_attention_layernorm,,pow,"[[B, 1, d_model]]",,,"[[B, 1, d_model]]",[917],5,post_attention_layernorm,,1,model.layers.5.post_attention_layernorm,aten.pow.Tensor_Scalar,[],decode,False
919,post_attention_layernorm,,mean,"[[B, 1, d_model]]",,,"[[B, 1, 1]]",[918],5,post_attention_layernorm,,1,model.layers.5.post_attention_layernorm,aten.mean.dim,[],decode,False
920,post_attention_layernorm,,elementwise_add,"[[B, 1, 1]]",,,"[[B, 1, 1]]",[919],5,post_attention_layernorm,,1,model.layers.5.post_attention_layernorm,aten.add.Tensor,[],decode,False
921,post_attention_layernorm,,rsqrt,"[[B, 1, 1]]",,,"[[B, 1, 1]]",[920],5,post_attention_layernorm,,1,model.layers.5.post_attention_layernorm,aten.rsqrt.default,[],decode,False
922,post_attention_layernorm,,elementwise_mul,"[[B, 1, d_model], [B, 1, 1]]",,,"[[B, 1, d_model]]","[917, 921]",5,post_attention_layernorm,,1,model.layers.5.post_attention_layernorm,aten.mul.Tensor,[],decode,False
923,post_attention_layernorm,,_to_copy,[[d_model]],,,[[d_model]],[],5,post_attention_layernorm,,1,model.layers.5.post_attention_layernorm,aten._to_copy.default,[model.layers.5.post_attention_layernorm.weight],decode,True
924,post_attention_layernorm,,elementwise_add,[[d_model]],,,[[d_model]],[923],5,post_attention_layernorm,,1,model.layers.5.post_attention_layernorm,aten.add.Tensor,[model.layers.5.post_attention_layernorm.weight],decode,False
925,post_attention_layernorm,,elementwise_mul,"[[B, 1, d_model], [d_model]]",,,"[[B, 1, d_model]]","[922, 924]",5,post_attention_layernorm,,1,model.layers.5.post_attention_layernorm,aten.mul.Tensor,[],decode,False
926,post_attention_layernorm,,_to_copy,"[[B, 1, d_model]]",,,"[[B, 1, d_model]]",[925],5,post_attention_layernorm,,1,model.layers.5.post_attention_layernorm,aten._to_copy.default,[],decode,True
927,mlp,gate_proj,t,"[[d_ff, d_model]]","[d_ff, d_model]",0,"[[d_model, d_ff]]",[],5,mlp,gate_proj,2,model.layers.5.mlp.gate_proj,aten.t.default,[model.layers.5.mlp.gate_proj.weight],decode,True
928,mlp,gate_proj,view,"[[B, 1, d_model]]",,,"[[B, d_model]]",[926],5,mlp,gate_proj,2,model.layers.5.mlp.gate_proj,aten.view.default,[],decode,True
929,mlp,gate_proj,matmul,"[[B, d_model], [d_model, d_ff]]","[d_ff, d_model]",1,"[[B, d_ff]]","[927, 928]",5,mlp,gate_proj,2,model.layers.5.mlp.gate_proj,aten.mm.default,[model.layers.5.mlp.gate_proj.weight],decode,False
930,mlp,gate_proj,_unsafe_view,"[[B, d_ff]]",,,"[[B, 1, d_ff]]",[929],5,mlp,gate_proj,2,model.layers.5.mlp.gate_proj,aten._unsafe_view.default,[],decode,True
931,mlp,act_fn,silu,"[[B, 1, d_ff]]",,,"[[B, 1, d_ff]]",[930],5,mlp,act_fn,2,model.layers.5.mlp.act_fn,aten.silu.default,[],decode,False
932,mlp,up_proj,t,"[[d_ff, d_model]]","[d_ff, d_model]",0,"[[d_model, d_ff]]",[],5,mlp,up_proj,2,model.layers.5.mlp.up_proj,aten.t.default,[model.layers.5.mlp.up_proj.weight],decode,True
933,mlp,up_proj,view,"[[B, 1, d_model]]",,,"[[B, d_model]]",[926],5,mlp,up_proj,2,model.layers.5.mlp.up_proj,aten.view.default,[],decode,True
934,mlp,up_proj,matmul,"[[B, d_model], [d_model, d_ff]]","[d_ff, d_model]",1,"[[B, d_ff]]","[932, 933]",5,mlp,up_proj,2,model.layers.5.mlp.up_proj,aten.mm.default,[model.layers.5.mlp.up_proj.weight],decode,False
935,mlp,up_proj,_unsafe_view,"[[B, d_ff]]",,,"[[B, 1, d_ff]]",[934],5,mlp,up_proj,2,model.layers.5.mlp.up_proj,aten._unsafe_view.default,[],decode,True
936,mlp,,elementwise_mul,"[[B, 1, d_ff], [B, 1, d_ff]]",,,"[[B, 1, d_ff]]","[931, 935]",5,mlp,,1,model.layers.5.mlp,aten.mul.Tensor,[],decode,False
937,mlp,down_proj,t,"[[d_model, d_ff]]","[d_model, d_ff]",0,"[[d_ff, d_model]]",[],5,mlp,down_proj,2,model.layers.5.mlp.down_proj,aten.t.default,[model.layers.5.mlp.down_proj.weight],decode,True
938,mlp,down_proj,view,"[[B, 1, d_ff]]",,,"[[B, d_ff]]",[936],5,mlp,down_proj,2,model.layers.5.mlp.down_proj,aten.view.default,[],decode,True
939,mlp,down_proj,matmul,"[[B, d_ff], [d_ff, d_model]]","[d_model, d_ff]",1,"[[B, d_model]]","[937, 938]",5,mlp,down_proj,2,model.layers.5.mlp.down_proj,aten.mm.default,[model.layers.5.mlp.down_proj.weight],decode,False
940,mlp,down_proj,_unsafe_view,"[[B, d_model]]",,,"[[B, 1, d_model]]",[939],5,mlp,down_proj,2,model.layers.5.mlp.down_proj,aten._unsafe_view.default,[],decode,True
941,,,elementwise_add,"[[B, 1, d_model], [B, 1, d_model]]",,,"[[B, 1, d_model]]","[916, 940]",5,,,0,model.layers.5,aten.add.Tensor,[],decode,False
942,input_layernorm,,_to_copy,"[[B, 1, d_model]]",,,"[[B, 1, d_model]]",[941],6,input_layernorm,,1,model.layers.6.input_layernorm,aten._to_copy.default,[],decode,True
943,input_layernorm,,pow,"[[B, 1, d_model]]",,,"[[B, 1, d_model]]",[942],6,input_layernorm,,1,model.layers.6.input_layernorm,aten.pow.Tensor_Scalar,[],decode,False
944,input_layernorm,,mean,"[[B, 1, d_model]]",,,"[[B, 1, 1]]",[943],6,input_layernorm,,1,model.layers.6.input_layernorm,aten.mean.dim,[],decode,False
945,input_layernorm,,elementwise_add,"[[B, 1, 1]]",,,"[[B, 1, 1]]",[944],6,input_layernorm,,1,model.layers.6.input_layernorm,aten.add.Tensor,[],decode,False
946,input_layernorm,,rsqrt,"[[B, 1, 1]]",,,"[[B, 1, 1]]",[945],6,input_layernorm,,1,model.layers.6.input_layernorm,aten.rsqrt.default,[],decode,False
947,input_layernorm,,elementwise_mul,"[[B, 1, d_model], [B, 1, 1]]",,,"[[B, 1, d_model]]","[942, 946]",6,input_layernorm,,1,model.layers.6.input_layernorm,aten.mul.Tensor,[],decode,False
948,input_layernorm,,_to_copy,[[d_model]],,,[[d_model]],[],6,input_layernorm,,1,model.layers.6.input_layernorm,aten._to_copy.default,[model.layers.6.input_layernorm.weight],decode,True
949,input_layernorm,,elementwise_add,[[d_model]],,,[[d_model]],[948],6,input_layernorm,,1,model.layers.6.input_layernorm,aten.add.Tensor,[model.layers.6.input_layernorm.weight],decode,False
950,input_layernorm,,elementwise_mul,"[[B, 1, d_model], [d_model]]",,,"[[B, 1, d_model]]","[947, 949]",6,input_layernorm,,1,model.layers.6.input_layernorm,aten.mul.Tensor,[],decode,False
951,input_layernorm,,_to_copy,"[[B, 1, d_model]]",,,"[[B, 1, d_model]]",[950],6,input_layernorm,,1,model.layers.6.input_layernorm,aten._to_copy.default,[],decode,True
952,linear_attn,in_proj_qkv,t,"[[2*d_k_lin+d_v_lin, d_model]]","[2*d_k_lin+d_v_lin, d_model]",0,"[[d_model, 2*d_k_lin+d_v_lin]]",[],6,linear_attn,in_proj_qkv,2,model.layers.6.linear_attn.in_proj_qkv,aten.t.default,[model.layers.6.linear_attn.in_proj_qkv.weight],decode,True
953,linear_attn,in_proj_qkv,view,"[[B, 1, d_model]]",,,"[[B, d_model]]",[951],6,linear_attn,in_proj_qkv,2,model.layers.6.linear_attn.in_proj_qkv,aten.view.default,[],decode,True
954,linear_attn,in_proj_qkv,matmul,"[[B, d_model], [d_model, 2*d_k_lin+d_v_lin]]","[2*d_k_lin+d_v_lin, d_model]",1,"[[B, 2*d_k_lin+d_v_lin]]","[952, 953]",6,linear_attn,in_proj_qkv,2,model.layers.6.linear_attn.in_proj_qkv,aten.mm.default,[model.layers.6.linear_attn.in_proj_qkv.weight],decode,False
955,linear_attn,in_proj_qkv,_unsafe_view,"[[B, 2*d_k_lin+d_v_lin]]",,,"[[B, 1, 2*d_k_lin+d_v_lin]]",[954],6,linear_attn,in_proj_qkv,2,model.layers.6.linear_attn.in_proj_qkv,aten._unsafe_view.default,[],decode,True
956,linear_attn,,transpose,"[[B, 1, 2*d_k_lin+d_v_lin]]",,,"[[B, 2*d_k_lin+d_v_lin, 1]]",[955],6,linear_attn,,1,model.layers.6.linear_attn,aten.transpose.int,[],decode,True
957,linear_attn,in_proj_z,t,"[[n_v*d_v, d_model]]","[n_v*d_v, d_model]",0,"[[d_model, n_v*d_v]]",[],6,linear_attn,in_proj_z,2,model.layers.6.linear_attn.in_proj_z,aten.t.default,[model.layers.6.linear_attn.in_proj_z.weight],decode,True
958,linear_attn,in_proj_z,view,"[[B, 1, d_model]]",,,"[[B, d_model]]",[951],6,linear_attn,in_proj_z,2,model.layers.6.linear_attn.in_proj_z,aten.view.default,[],decode,True
959,linear_attn,in_proj_z,matmul,"[[B, d_model], [d_model, n_v*d_v]]","[n_v*d_v, d_model]",1,"[[B, n_v*d_v]]","[957, 958]",6,linear_attn,in_proj_z,2,model.layers.6.linear_attn.in_proj_z,aten.mm.default,[model.layers.6.linear_attn.in_proj_z.weight],decode,False
960,linear_attn,in_proj_z,_unsafe_view,"[[B, n_v*d_v]]",,,"[[B, 1, n_v*d_v]]",[959],6,linear_attn,in_proj_z,2,model.layers.6.linear_attn.in_proj_z,aten._unsafe_view.default,[],decode,True
961,linear_attn,,view,"[[B, 1, n_v*d_v]]",,,"[[B, 1, n_h_lin_v, d_head_lin_v]]",[960],6,linear_attn,,1,model.layers.6.linear_attn,aten.view.default,[],decode,True
962,linear_attn,in_proj_b,t,"[[n_h_lin_v, d_model]]","[n_h_lin_v, d_model]",0,"[[d_model, n_h_lin_v]]",[],6,linear_attn,in_proj_b,2,model.layers.6.linear_attn.in_proj_b,aten.t.default,[model.layers.6.linear_attn.in_proj_b.weight],decode,True
963,linear_attn,in_proj_b,view,"[[B, 1, d_model]]",,,"[[B, d_model]]",[951],6,linear_attn,in_proj_b,2,model.layers.6.linear_attn.in_proj_b,aten.view.default,[],decode,True
964,linear_attn,in_proj_b,matmul,"[[B, d_model], [d_model, n_h_lin_v]]","[n_h_lin_v, d_model]",1,"[[B, n_h_lin_v]]","[962, 963]",6,linear_attn,in_proj_b,2,model.layers.6.linear_attn.in_proj_b,aten.mm.default,[model.layers.6.linear_attn.in_proj_b.weight],decode,False
965,linear_attn,in_proj_b,_unsafe_view,"[[B, n_h_lin_v]]",,,"[[B, 1, n_h_lin_v]]",[964],6,linear_attn,in_proj_b,2,model.layers.6.linear_attn.in_proj_b,aten._unsafe_view.default,[],decode,True
966,linear_attn,in_proj_a,t,"[[n_h_lin_v, d_model]]","[n_h_lin_v, d_model]",0,"[[d_model, n_h_lin_v]]",[],6,linear_attn,in_proj_a,2,model.layers.6.linear_attn.in_proj_a,aten.t.default,[model.layers.6.linear_attn.in_proj_a.weight],decode,True
967,linear_attn,in_proj_a,view,"[[B, 1, d_model]]",,,"[[B, d_model]]",[951],6,linear_attn,in_proj_a,2,model.layers.6.linear_attn.in_proj_a,aten.view.default,[],decode,True
968,linear_attn,in_proj_a,matmul,"[[B, d_model], [d_model, n_h_lin_v]]","[n_h_lin_v, d_model]",1,"[[B, n_h_lin_v]]","[966, 967]",6,linear_attn,in_proj_a,2,model.layers.6.linear_attn.in_proj_a,aten.mm.default,[model.layers.6.linear_attn.in_proj_a.weight],decode,False
969,linear_attn,in_proj_a,_unsafe_view,"[[B, n_h_lin_v]]",,,"[[B, 1, n_h_lin_v]]",[968],6,linear_attn,in_proj_a,2,model.layers.6.linear_attn.in_proj_a,aten._unsafe_view.default,[],decode,True
970,linear_attn,,squeeze,"[[2*d_k_lin+d_v_lin, 1, d_conv_lin]]","[2*d_k_lin+d_v_lin, 1, d_conv_lin]",0,"[[2*d_k_lin+d_v_lin, d_conv_lin]]",[],6,linear_attn,,1,model.layers.6.linear_attn,aten.squeeze.dim,[model.layers.6.linear_attn.conv1d.weight],decode,True
971,linear_attn,,concat,"[[B, 2*d_k_lin+d_v_lin, d_conv_lin], [B, 2*d_k_lin+d_v_lin, 1]]",,,"[[B, 2*d_k_lin+d_v_lin, 5]]",[956],6,linear_attn,,1,model.layers.6.linear_attn,aten.cat.default,[],decode,False
972,linear_attn,,slice,"[[B, 2*d_k_lin+d_v_lin, 5]]",,,"[[B, 2*d_k_lin+d_v_lin, d_conv_lin]]",[971],6,linear_attn,,1,model.layers.6.linear_attn,aten.slice.Tensor,[],decode,True
973,linear_attn,,copy_,"[[B, 2*d_k_lin+d_v_lin, d_conv_lin], [B, 2*d_k_lin+d_v_lin, d_conv_lin]]",,,"[[B, 2*d_k_lin+d_v_lin, d_conv_lin]]",[972],6,linear_attn,,1,model.layers.6.linear_attn,aten.copy_.default,[],decode,True
974,linear_attn,,unsqueeze,"[[2*d_k_lin+d_v_lin, d_conv_lin]]",,,"[[2*d_k_lin+d_v_lin, 1, d_conv_lin]]",[970],6,linear_attn,,1,model.layers.6.linear_attn,aten.unsqueeze.default,[],decode,True
975,linear_attn,,conv1d,"[[B, 2*d_k_lin+d_v_lin, 5], [2*d_k_lin+d_v_lin, 1, d_conv_lin]]",,,"[[B, 2*d_k_lin+d_v_lin, 2]]","[971, 974]",6,linear_attn,,1,model.layers.6.linear_attn,aten.convolution.default,[],decode,False
976,linear_attn,,slice,"[[B, 2*d_k_lin+d_v_lin, 2]]",,,"[[B, 2*d_k_lin+d_v_lin, 1]]",[975],6,linear_attn,,1,model.layers.6.linear_attn,aten.slice.Tensor,[],decode,True
977,linear_attn,,silu,"[[B, 2*d_k_lin+d_v_lin, 1]]",,,"[[B, 2*d_k_lin+d_v_lin, 1]]",[976],6,linear_attn,,1,model.layers.6.linear_attn,aten.silu.default,[],decode,False
978,linear_attn,,transpose,"[[B, 2*d_k_lin+d_v_lin, 1]]",,,"[[B, 1, 2*d_k_lin+d_v_lin]]",[977],6,linear_attn,,1,model.layers.6.linear_attn,aten.transpose.int,[],decode,True
979,linear_attn,,split_with_sizes,"[[B, 1, 2*d_k_lin+d_v_lin]]",,,"[[B, 1, n_k*d_k], [B, 1, n_k*d_k], [B, 1, n_v*d_v]]",[978],6,linear_attn,,1,model.layers.6.linear_attn,aten.split_with_sizes.default,[],decode,True
980,linear_attn,,view,"[[B, 1, n_k*d_k]]",,,"[[B, 1, n_h_lin_k, d_head_lin_k]]",[979],6,linear_attn,,1,model.layers.6.linear_attn,aten.view.default,[],decode,True
981,linear_attn,,view,"[[B, 1, n_k*d_k]]",,,"[[B, 1, n_h_lin_k, d_head_lin_k]]",[979],6,linear_attn,,1,model.layers.6.linear_attn,aten.view.default,[],decode,True
982,linear_attn,,view,"[[B, 1, n_v*d_v]]",,,"[[B, 1, n_h_lin_v, d_head_lin_v]]",[979],6,linear_attn,,1,model.layers.6.linear_attn,aten.view.default,[],decode,True
983,linear_attn,,sigmoid,"[[B, 1, n_h_lin_v]]",,,"[[B, 1, n_h_lin_v]]",[965],6,linear_attn,,1,model.layers.6.linear_attn,aten.sigmoid.default,[],decode,False
984,linear_attn,,_to_copy,[[n_h_lin_v]],,,[[n_h_lin_v]],[],6,linear_attn,,1,model.layers.6.linear_attn,aten._to_copy.default,[model.layers.6.linear_attn.A_log],decode,True
985,linear_attn,,exp,[[n_h_lin_v]],,,[[n_h_lin_v]],[984],6,linear_attn,,1,model.layers.6.linear_attn,aten.exp.default,[model.layers.6.linear_attn.A_log],decode,False
986,linear_attn,,neg,[[n_h_lin_v]],,,[[n_h_lin_v]],[985],6,linear_attn,,1,model.layers.6.linear_attn,aten.neg.default,[],decode,False
987,linear_attn,,_to_copy,"[[B, 1, n_h_lin_v]]",,,"[[B, 1, n_h_lin_v]]",[969],6,linear_attn,,1,model.layers.6.linear_attn,aten._to_copy.default,[],decode,True
988,linear_attn,,elementwise_add,"[[B, 1, n_h_lin_v], [n_h_lin_v]]",,,"[[B, 1, n_h_lin_v]]",[987],6,linear_attn,,1,model.layers.6.linear_attn,aten.add.Tensor,[model.layers.6.linear_attn.dt_bias],decode,False
989,linear_attn,,softplus,"[[B, 1, n_h_lin_v]]",,,"[[B, 1, n_h_lin_v]]",[988],6,linear_attn,,1,model.layers.6.linear_attn,aten.softplus.default,[],decode,True
990,linear_attn,,elementwise_mul,"[[n_h_lin_v], [B, 1, n_h_lin_v]]",,,"[[B, 1, n_h_lin_v]]","[986, 989]",6,linear_attn,,1,model.layers.6.linear_attn,aten.mul.Tensor,[],decode,False
991,linear_attn,,unsqueeze,"[[B, 1, n_h_lin_k, d_head_lin_k]]",,,"[[B, 1, n_h_lin_k, 1, d_head_lin_k]]",[980],6,linear_attn,,1,model.layers.6.linear_attn,aten.unsqueeze.default,[],decode,True
992,linear_attn,,expand,"[[B, 1, n_h_lin_k, 1, d_head_lin_k]]",,,"[[B, 1, n_h_lin_k, n_v/n_k, d_head_lin_k]]",[991],6,linear_attn,,1,model.layers.6.linear_attn,aten.expand.default,[],decode,True
993,linear_attn,,clone,"[[B, 1, n_h_lin_k, n_v/n_k, d_head_lin_k]]",,,"[[B, 1, n_h_lin_k, n_v/n_k, d_head_lin_k]]",[992],6,linear_attn,,1,model.layers.6.linear_attn,aten.clone.default,[],decode,True
994,linear_attn,,view,"[[B, 1, n_h_lin_k, n_v/n_k, d_head_lin_k]]",,,"[[B, 1, n_h_lin_v, d_head_lin_k]]",[993],6,linear_attn,,1,model.layers.6.linear_attn,aten.view.default,[],decode,True
995,linear_attn,,unsqueeze,"[[B, 1, n_h_lin_k, d_head_lin_k]]",,,"[[B, 1, n_h_lin_k, 1, d_head_lin_k]]",[981],6,linear_attn,,1,model.layers.6.linear_attn,aten.unsqueeze.default,[],decode,True
996,linear_attn,,expand,"[[B, 1, n_h_lin_k, 1, d_head_lin_k]]",,,"[[B, 1, n_h_lin_k, n_v/n_k, d_head_lin_k]]",[995],6,linear_attn,,1,model.layers.6.linear_attn,aten.expand.default,[],decode,True
997,linear_attn,,clone,"[[B, 1, n_h_lin_k, n_v/n_k, d_head_lin_k]]",,,"[[B, 1, n_h_lin_k, n_v/n_k, d_head_lin_k]]",[996],6,linear_attn,,1,model.layers.6.linear_attn,aten.clone.default,[],decode,True
998,linear_attn,,view,"[[B, 1, n_h_lin_k, n_v/n_k, d_head_lin_k]]",,,"[[B, 1, n_h_lin_v, d_head_lin_k]]",[997],6,linear_attn,,1,model.layers.6.linear_attn,aten.view.default,[],decode,True
999,linear_attn,,elementwise_mul,"[[B, 1, n_h_lin_v, d_head_lin_k], [B, 1, n_h_lin_v, d_head_lin_k]]",,,"[[B, 1, n_h_lin_v, d_head_lin_k]]",[994],6,linear_attn,,1,model.layers.6.linear_attn,aten.mul.Tensor,[],decode,False
1000,linear_attn,,sum,"[[B, 1, n_h_lin_v, d_head_lin_k]]",,,"[[B, 1, n_h_lin_v, 1]]",[999],6,linear_attn,,1,model.layers.6.linear_attn,aten.sum.dim_IntList,[],decode,True
1001,linear_attn,,elementwise_add,"[[B, 1, n_h_lin_v, 1]]",,,"[[B, 1, n_h_lin_v, 1]]",[1000],6,linear_attn,,1,model.layers.6.linear_attn,aten.add.Tensor,[],decode,False
1002,linear_attn,,rsqrt,"[[B, 1, n_h_lin_v, 1]]",,,"[[B, 1, n_h_lin_v, 1]]",[1001],6,linear_attn,,1,model.layers.6.linear_attn,aten.rsqrt.default,[],decode,False
1003,linear_attn,,elementwise_mul,"[[B, 1, n_h_lin_v, d_head_lin_k], [B, 1, n_h_lin_v, 1]]",,,"[[B, 1, n_h_lin_v, d_head_lin_k]]","[994, 1002]",6,linear_attn,,1,model.layers.6.linear_attn,aten.mul.Tensor,[],decode,False
1004,linear_attn,,elementwise_mul,"[[B, 1, n_h_lin_v, d_head_lin_k], [B, 1, n_h_lin_v, d_head_lin_k]]",,,"[[B, 1, n_h_lin_v, d_head_lin_k]]",[998],6,linear_attn,,1,model.layers.6.linear_attn,aten.mul.Tensor,[],decode,False
1005,linear_attn,,sum,"[[B, 1, n_h_lin_v, d_head_lin_k]]",,,"[[B, 1, n_h_lin_v, 1]]",[1004],6,linear_attn,,1,model.layers.6.linear_attn,aten.sum.dim_IntList,[],decode,True
1006,linear_attn,,elementwise_add,"[[B, 1, n_h_lin_v, 1]]",,,"[[B, 1, n_h_lin_v, 1]]",[1005],6,linear_attn,,1,model.layers.6.linear_attn,aten.add.Tensor,[],decode,False
1007,linear_attn,,rsqrt,"[[B, 1, n_h_lin_v, 1]]",,,"[[B, 1, n_h_lin_v, 1]]",[1006],6,linear_attn,,1,model.layers.6.linear_attn,aten.rsqrt.default,[],decode,False
1008,linear_attn,,elementwise_mul,"[[B, 1, n_h_lin_v, d_head_lin_k], [B, 1, n_h_lin_v, 1]]",,,"[[B, 1, n_h_lin_v, d_head_lin_k]]","[998, 1007]",6,linear_attn,,1,model.layers.6.linear_attn,aten.mul.Tensor,[],decode,False
1009,linear_attn,,transpose,"[[B, 1, n_h_lin_v, d_head_lin_k]]",,,"[[B, n_h_lin_v, 1, d_head_lin_k]]",[1003],6,linear_attn,,1,model.layers.6.linear_attn,aten.transpose.int,[],decode,True
1010,linear_attn,,_to_copy,"[[B, n_h_lin_v, 1, d_head_lin_k]]",,,"[[B, n_h_lin_v, 1, d_head_lin_k]]",[1009],6,linear_attn,,1,model.layers.6.linear_attn,aten._to_copy.default,[],decode,True
1011,linear_attn,,transpose,"[[B, 1, n_h_lin_v, d_head_lin_k]]",,,"[[B, n_h_lin_v, 1, d_head_lin_k]]",[1008],6,linear_attn,,1,model.layers.6.linear_attn,aten.transpose.int,[],decode,True
1012,linear_attn,,_to_copy,"[[B, n_h_lin_v, 1, d_head_lin_k]]",,,"[[B, n_h_lin_v, 1, d_head_lin_k]]",[1011],6,linear_attn,,1,model.layers.6.linear_attn,aten._to_copy.default,[],decode,True
1013,linear_attn,,transpose,"[[B, 1, n_h_lin_v, d_head_lin_v]]",,,"[[B, n_h_lin_v, 1, d_head_lin_v]]",[982],6,linear_attn,,1,model.layers.6.linear_attn,aten.transpose.int,[],decode,True
1014,linear_attn,,_to_copy,"[[B, n_h_lin_v, 1, d_head_lin_v]]",,,"[[B, n_h_lin_v, 1, d_head_lin_v]]",[1013],6,linear_attn,,1,model.layers.6.linear_attn,aten._to_copy.default,[],decode,True
1015,linear_attn,,transpose,"[[B, 1, n_h_lin_v]]",,,"[[B, n_h_lin_v, 1]]",[983],6,linear_attn,,1,model.layers.6.linear_attn,aten.transpose.int,[],decode,True
1016,linear_attn,,_to_copy,"[[B, n_h_lin_v, 1]]",,,"[[B, n_h_lin_v, 1]]",[1015],6,linear_attn,,1,model.layers.6.linear_attn,aten._to_copy.default,[],decode,True
1017,linear_attn,,transpose,"[[B, 1, n_h_lin_v]]",,,"[[B, n_h_lin_v, 1]]",[990],6,linear_attn,,1,model.layers.6.linear_attn,aten.transpose.int,[],decode,True
1018,linear_attn,,elementwise_mul,"[[B, n_h_lin_v, 1, d_head_lin_k]]",,,"[[B, n_h_lin_v, 1, d_head_lin_k]]",[1010],6,linear_attn,,1,model.layers.6.linear_attn,aten.mul.Tensor,[],decode,False
1019,linear_attn,,zeros,[],,,"[[B, n_h_lin_v, 1, d_head_lin_v]]",[],6,linear_attn,,1,model.layers.6.linear_attn,aten.zeros.default,[],decode,True
1020,linear_attn,,select,"[[B, n_h_lin_v, 1, d_head_lin_k]]",,,"[[B, n_h_lin_v, d_head_lin_k]]",[1018],6,linear_attn,,1,model.layers.6.linear_attn,aten.select.int,[],decode,True
1021,linear_attn,,select,"[[B, n_h_lin_v, 1, d_head_lin_k]]",,,"[[B, n_h_lin_v, d_head_lin_k]]",[1012],6,linear_attn,,1,model.layers.6.linear_attn,aten.select.int,[],decode,True
1022,linear_attn,,select,"[[B, n_h_lin_v, 1, d_head_lin_v]]",,,"[[B, n_h_lin_v, d_head_lin_v]]",[1014],6,linear_attn,,1,model.layers.6.linear_attn,aten.select.int,[],decode,True
1023,linear_attn,,select,"[[B, n_h_lin_v, 1]]",,,"[[B, n_h_lin_v]]",[1017],6,linear_attn,,1,model.layers.6.linear_attn,aten.select.int,[],decode,True
1024,linear_attn,,exp,"[[B, n_h_lin_v]]",,,"[[B, n_h_lin_v]]",[1023],6,linear_attn,,1,model.layers.6.linear_attn,aten.exp.default,[],decode,False
1025,linear_attn,,unsqueeze,"[[B, n_h_lin_v]]",,,"[[B, n_h_lin_v, 1]]",[1024],6,linear_attn,,1,model.layers.6.linear_attn,aten.unsqueeze.default,[],decode,True
1026,linear_attn,,unsqueeze,"[[B, n_h_lin_v, 1]]",,,"[[B, n_h_lin_v, 1, 1]]",[1025],6,linear_attn,,1,model.layers.6.linear_attn,aten.unsqueeze.default,[],decode,True
1027,linear_attn,,select,"[[B, n_h_lin_v, 1]]",,,"[[B, n_h_lin_v]]",[1016],6,linear_attn,,1,model.layers.6.linear_attn,aten.select.int,[],decode,True
1028,linear_attn,,unsqueeze,"[[B, n_h_lin_v]]",,,"[[B, n_h_lin_v, 1]]",[1027],6,linear_attn,,1,model.layers.6.linear_attn,aten.unsqueeze.default,[],decode,True
1029,linear_attn,,elementwise_mul,"[[B, n_h_lin_v, d_head_lin_k, d_head_lin_v], [B, n_h_lin_v, 1, 1]]",,,"[[B, n_h_lin_v, d_head_lin_k, d_head_lin_v]]",[1026],6,linear_attn,,1,model.layers.6.linear_attn,aten.mul.Tensor,[],decode,False
1030,linear_attn,,unsqueeze,"[[B, n_h_lin_v, d_head_lin_k]]",,,"[[B, n_h_lin_v, d_head_lin_k, 1]]",[1021],6,linear_attn,,1,model.layers.6.linear_attn,aten.unsqueeze.default,[],decode,True
1031,linear_attn,,elementwise_mul,"[[B, n_h_lin_v, d_head_lin_k, d_head_lin_v], [B, n_h_lin_v, d_head_lin_k, 1]]",,,"[[B, n_h_lin_v, d_head_lin_k, d_head_lin_v]]","[1029, 1030]",6,linear_attn,,1,model.layers.6.linear_attn,aten.mul.Tensor,[],decode,False
1032,linear_attn,,sum,"[[B, n_h_lin_v, d_head_lin_k, d_head_lin_v]]",,,"[[B, n_h_lin_v, d_head_lin_v]]",[1031],6,linear_attn,,1,model.layers.6.linear_attn,aten.sum.dim_IntList,[],decode,True
1033,linear_attn,,sub,"[[B, n_h_lin_v, d_head_lin_v], [B, n_h_lin_v, d_head_lin_v]]",,,"[[B, n_h_lin_v, d_head_lin_v]]","[1022, 1032]",6,linear_attn,,1,model.layers.6.linear_attn,aten.sub.Tensor,[],decode,True
1034,linear_attn,,elementwise_mul,"[[B, n_h_lin_v, d_head_lin_v], [B, n_h_lin_v, 1]]",,,"[[B, n_h_lin_v, d_head_lin_v]]","[1028, 1033]",6,linear_attn,,1,model.layers.6.linear_attn,aten.mul.Tensor,[],decode,False
1035,linear_attn,,unsqueeze,"[[B, n_h_lin_v, d_head_lin_k]]",,,"[[B, n_h_lin_v, d_head_lin_k, 1]]",[1021],6,linear_attn,,1,model.layers.6.linear_attn,aten.unsqueeze.default,[],decode,True
1036,linear_attn,,unsqueeze,"[[B, n_h_lin_v, d_head_lin_v]]",,,"[[B, n_h_lin_v, 1, d_head_lin_v]]",[1034],6,linear_attn,,1,model.layers.6.linear_attn,aten.unsqueeze.default,[],decode,True
1037,linear_attn,,elementwise_mul,"[[B, n_h_lin_v, d_head_lin_k, 1], [B, n_h_lin_v, 1, d_head_lin_v]]",,,"[[B, n_h_lin_v, d_head_lin_k, d_head_lin_v]]","[1035, 1036]",6,linear_attn,,1,model.layers.6.linear_attn,aten.mul.Tensor,[],decode,False
1038,linear_attn,,elementwise_add,"[[B, n_h_lin_v, d_head_lin_k, d_head_lin_v], [B, n_h_lin_v, d_head_lin_k, d_head_lin_v]]",,,"[[B, n_h_lin_v, d_head_lin_k, d_head_lin_v]]","[1029, 1037]",6,linear_attn,,1,model.layers.6.linear_attn,aten.add.Tensor,[],decode,False
1039,linear_attn,,unsqueeze,"[[B, n_h_lin_v, d_head_lin_k]]",,,"[[B, n_h_lin_v, d_head_lin_k, 1]]",[1020],6,linear_attn,,1,model.layers.6.linear_attn,aten.unsqueeze.default,[],decode,True
1040,linear_attn,,elementwise_mul,"[[B, n_h_lin_v, d_head_lin_k, d_head_lin_v], [B, n_h_lin_v, d_head_lin_k, 1]]",,,"[[B, n_h_lin_v, d_head_lin_k, d_head_lin_v]]","[1038, 1039]",6,linear_attn,,1,model.layers.6.linear_attn,aten.mul.Tensor,[],decode,False
1041,linear_attn,,sum,"[[B, n_h_lin_v, d_head_lin_k, d_head_lin_v]]",,,"[[B, n_h_lin_v, d_head_lin_v]]",[1040],6,linear_attn,,1,model.layers.6.linear_attn,aten.sum.dim_IntList,[],decode,True
1042,linear_attn,,select,"[[B, n_h_lin_v, 1, d_head_lin_v]]",,,"[[B, n_h_lin_v, d_head_lin_v]]",[1019],6,linear_attn,,1,model.layers.6.linear_attn,aten.select.int,[],decode,True
1043,linear_attn,,copy_,"[[B, n_h_lin_v, d_head_lin_v], [B, n_h_lin_v, d_head_lin_v]]",,,"[[B, n_h_lin_v, d_head_lin_v]]","[1041, 1042]",6,linear_attn,,1,model.layers.6.linear_attn,aten.copy_.default,[],decode,True
1044,linear_attn,,transpose,"[[B, n_h_lin_v, 1, d_head_lin_v]]",,,"[[B, 1, n_h_lin_v, d_head_lin_v]]",[1019],6,linear_attn,,1,model.layers.6.linear_attn,aten.transpose.int,[],decode,True
1045,linear_attn,,_to_copy,"[[B, 1, n_h_lin_v, d_head_lin_v]]",,,"[[B, 1, n_h_lin_v, d_head_lin_v]]",[1044],6,linear_attn,,1,model.layers.6.linear_attn,aten._to_copy.default,[],decode,True
1046,linear_attn,,copy_,"[[B, n_h_lin_v, d_head_lin_k, d_head_lin_v], [B, n_h_lin_v, d_head_lin_k, d_head_lin_v]]",,,"[[B, n_h_lin_v, d_head_lin_k, d_head_lin_v]]",[1038],6,linear_attn,,1,model.layers.6.linear_attn,aten.copy_.default,[],decode,True
1047,linear_attn,,view,"[[B, 1, n_h_lin_v, d_head_lin_v]]",,,"[[n_h_lin_v, d_head_lin_v]]",[1045],6,linear_attn,,1,model.layers.6.linear_attn,aten.view.default,[],decode,True
1048,linear_attn,,view,"[[B, 1, n_h_lin_v, d_head_lin_v]]",,,"[[n_h_lin_v, d_head_lin_v]]",[961],6,linear_attn,,1,model.layers.6.linear_attn,aten.view.default,[],decode,True
1049,linear_attn,norm,_to_copy,"[[n_h_lin_v, d_head_lin_v]]",,,"[[n_h_lin_v, d_head_lin_v]]",[1047],6,linear_attn,norm,2,model.layers.6.linear_attn.norm,aten._to_copy.default,[],decode,True
1050,linear_attn,norm,pow,"[[n_h_lin_v, d_head_lin_v]]",,,"[[n_h_lin_v, d_head_lin_v]]",[1049],6,linear_attn,norm,2,model.layers.6.linear_attn.norm,aten.pow.Tensor_Scalar,[],decode,False
1051,linear_attn,norm,mean,"[[n_h_lin_v, d_head_lin_v]]",,,"[[n_h_lin_v, B]]",[1050],6,linear_attn,norm,2,model.layers.6.linear_attn.norm,aten.mean.dim,[],decode,False
1052,linear_attn,norm,elementwise_add,"[[n_h_lin_v, B]]",,,"[[n_h_lin_v, B]]",[1051],6,linear_attn,norm,2,model.layers.6.linear_attn.norm,aten.add.Tensor,[],decode,False
1053,linear_attn,norm,rsqrt,"[[n_h_lin_v, B]]",,,"[[n_h_lin_v, B]]",[1052],6,linear_attn,norm,2,model.layers.6.linear_attn.norm,aten.rsqrt.default,[],decode,False
1054,linear_attn,norm,elementwise_mul,"[[n_h_lin_v, d_head_lin_v], [n_h_lin_v, B]]",,,"[[n_h_lin_v, d_head_lin_v]]","[1049, 1053]",6,linear_attn,norm,2,model.layers.6.linear_attn.norm,aten.mul.Tensor,[],decode,False
1055,linear_attn,norm,_to_copy,"[[n_h_lin_v, d_head_lin_v]]",,,"[[n_h_lin_v, d_head_lin_v]]",[1054],6,linear_attn,norm,2,model.layers.6.linear_attn.norm,aten._to_copy.default,[],decode,True
1056,linear_attn,norm,elementwise_mul,"[[d_head_lin_v], [n_h_lin_v, d_head_lin_v]]",,,"[[n_h_lin_v, d_head_lin_v]]",[1055],6,linear_attn,norm,2,model.layers.6.linear_attn.norm,aten.mul.Tensor,[model.layers.6.linear_attn.norm.weight],decode,False
1057,linear_attn,norm,_to_copy,"[[n_h_lin_v, d_head_lin_v]]",,,"[[n_h_lin_v, d_head_lin_v]]",[1048],6,linear_attn,norm,2,model.layers.6.linear_attn.norm,aten._to_copy.default,[],decode,True
1058,linear_attn,norm,silu,"[[n_h_lin_v, d_head_lin_v]]",,,"[[n_h_lin_v, d_head_lin_v]]",[1057],6,linear_attn,norm,2,model.layers.6.linear_attn.norm,aten.silu.default,[],decode,False
1059,linear_attn,norm,elementwise_mul,"[[n_h_lin_v, d_head_lin_v], [n_h_lin_v, d_head_lin_v]]",,,"[[n_h_lin_v, d_head_lin_v]]","[1056, 1058]",6,linear_attn,norm,2,model.layers.6.linear_attn.norm,aten.mul.Tensor,[],decode,False
1060,linear_attn,norm,_to_copy,"[[n_h_lin_v, d_head_lin_v]]",,,"[[n_h_lin_v, d_head_lin_v]]",[1059],6,linear_attn,norm,2,model.layers.6.linear_attn.norm,aten._to_copy.default,[],decode,True
1061,linear_attn,,view,"[[n_h_lin_v, d_head_lin_v]]",,,"[[B, 1, n_v*d_v]]",[1060],6,linear_attn,,1,model.layers.6.linear_attn,aten.view.default,[],decode,True
1062,linear_attn,out_proj,t,"[[d_model, n_v*d_v]]","[d_model, n_v*d_v]",0,"[[n_v*d_v, d_model]]",[],6,linear_attn,out_proj,2,model.layers.6.linear_attn.out_proj,aten.t.default,[model.layers.6.linear_attn.out_proj.weight],decode,True
1063,linear_attn,out_proj,view,"[[B, 1, n_v*d_v]]",,,"[[B, n_v*d_v]]",[1061],6,linear_attn,out_proj,2,model.layers.6.linear_attn.out_proj,aten.view.default,[],decode,True
1064,linear_attn,out_proj,matmul,"[[B, n_v*d_v], [n_v*d_v, d_model]]","[d_model, n_v*d_v]",1,"[[B, d_model]]","[1062, 1063]",6,linear_attn,out_proj,2,model.layers.6.linear_attn.out_proj,aten.mm.default,[model.layers.6.linear_attn.out_proj.weight],decode,False
1065,linear_attn,out_proj,_unsafe_view,"[[B, d_model]]",,,"[[B, 1, d_model]]",[1064],6,linear_attn,out_proj,2,model.layers.6.linear_attn.out_proj,aten._unsafe_view.default,[],decode,True
1066,,,elementwise_add,"[[B, 1, d_model], [B, 1, d_model]]",,,"[[B, 1, d_model]]","[941, 1065]",6,,,0,model.layers.6,aten.add.Tensor,[],decode,False
1067,post_attention_layernorm,,_to_copy,"[[B, 1, d_model]]",,,"[[B, 1, d_model]]",[1066],6,post_attention_layernorm,,1,model.layers.6.post_attention_layernorm,aten._to_copy.default,[],decode,True
1068,post_attention_layernorm,,pow,"[[B, 1, d_model]]",,,"[[B, 1, d_model]]",[1067],6,post_attention_layernorm,,1,model.layers.6.post_attention_layernorm,aten.pow.Tensor_Scalar,[],decode,False
1069,post_attention_layernorm,,mean,"[[B, 1, d_model]]",,,"[[B, 1, 1]]",[1068],6,post_attention_layernorm,,1,model.layers.6.post_attention_layernorm,aten.mean.dim,[],decode,False
1070,post_attention_layernorm,,elementwise_add,"[[B, 1, 1]]",,,"[[B, 1, 1]]",[1069],6,post_attention_layernorm,,1,model.layers.6.post_attention_layernorm,aten.add.Tensor,[],decode,False
1071,post_attention_layernorm,,rsqrt,"[[B, 1, 1]]",,,"[[B, 1, 1]]",[1070],6,post_attention_layernorm,,1,model.layers.6.post_attention_layernorm,aten.rsqrt.default,[],decode,False
1072,post_attention_layernorm,,elementwise_mul,"[[B, 1, d_model], [B, 1, 1]]",,,"[[B, 1, d_model]]","[1067, 1071]",6,post_attention_layernorm,,1,model.layers.6.post_attention_layernorm,aten.mul.Tensor,[],decode,False
1073,post_attention_layernorm,,_to_copy,[[d_model]],,,[[d_model]],[],6,post_attention_layernorm,,1,model.layers.6.post_attention_layernorm,aten._to_copy.default,[model.layers.6.post_attention_layernorm.weight],decode,True
1074,post_attention_layernorm,,elementwise_add,[[d_model]],,,[[d_model]],[1073],6,post_attention_layernorm,,1,model.layers.6.post_attention_layernorm,aten.add.Tensor,[model.layers.6.post_attention_layernorm.weight],decode,False
1075,post_attention_layernorm,,elementwise_mul,"[[B, 1, d_model], [d_model]]",,,"[[B, 1, d_model]]","[1072, 1074]",6,post_attention_layernorm,,1,model.layers.6.post_attention_layernorm,aten.mul.Tensor,[],decode,False
1076,post_attention_layernorm,,_to_copy,"[[B, 1, d_model]]",,,"[[B, 1, d_model]]",[1075],6,post_attention_layernorm,,1,model.layers.6.post_attention_layernorm,aten._to_copy.default,[],decode,True
1077,mlp,gate_proj,t,"[[d_ff, d_model]]","[d_ff, d_model]",0,"[[d_model, d_ff]]",[],6,mlp,gate_proj,2,model.layers.6.mlp.gate_proj,aten.t.default,[model.layers.6.mlp.gate_proj.weight],decode,True
1078,mlp,gate_proj,view,"[[B, 1, d_model]]",,,"[[B, d_model]]",[1076],6,mlp,gate_proj,2,model.layers.6.mlp.gate_proj,aten.view.default,[],decode,True
1079,mlp,gate_proj,matmul,"[[B, d_model], [d_model, d_ff]]","[d_ff, d_model]",1,"[[B, d_ff]]","[1077, 1078]",6,mlp,gate_proj,2,model.layers.6.mlp.gate_proj,aten.mm.default,[model.layers.6.mlp.gate_proj.weight],decode,False
1080,mlp,gate_proj,_unsafe_view,"[[B, d_ff]]",,,"[[B, 1, d_ff]]",[1079],6,mlp,gate_proj,2,model.layers.6.mlp.gate_proj,aten._unsafe_view.default,[],decode,True
1081,mlp,act_fn,silu,"[[B, 1, d_ff]]",,,"[[B, 1, d_ff]]",[1080],6,mlp,act_fn,2,model.layers.6.mlp.act_fn,aten.silu.default,[],decode,False
1082,mlp,up_proj,t,"[[d_ff, d_model]]","[d_ff, d_model]",0,"[[d_model, d_ff]]",[],6,mlp,up_proj,2,model.layers.6.mlp.up_proj,aten.t.default,[model.layers.6.mlp.up_proj.weight],decode,True
1083,mlp,up_proj,view,"[[B, 1, d_model]]",,,"[[B, d_model]]",[1076],6,mlp,up_proj,2,model.layers.6.mlp.up_proj,aten.view.default,[],decode,True
1084,mlp,up_proj,matmul,"[[B, d_model], [d_model, d_ff]]","[d_ff, d_model]",1,"[[B, d_ff]]","[1082, 1083]",6,mlp,up_proj,2,model.layers.6.mlp.up_proj,aten.mm.default,[model.layers.6.mlp.up_proj.weight],decode,False
1085,mlp,up_proj,_unsafe_view,"[[B, d_ff]]",,,"[[B, 1, d_ff]]",[1084],6,mlp,up_proj,2,model.layers.6.mlp.up_proj,aten._unsafe_view.default,[],decode,True
1086,mlp,,elementwise_mul,"[[B, 1, d_ff], [B, 1, d_ff]]",,,"[[B, 1, d_ff]]","[1081, 1085]",6,mlp,,1,model.layers.6.mlp,aten.mul.Tensor,[],decode,False
1087,mlp,down_proj,t,"[[d_model, d_ff]]","[d_model, d_ff]",0,"[[d_ff, d_model]]",[],6,mlp,down_proj,2,model.layers.6.mlp.down_proj,aten.t.default,[model.layers.6.mlp.down_proj.weight],decode,True
1088,mlp,down_proj,view,"[[B, 1, d_ff]]",,,"[[B, d_ff]]",[1086],6,mlp,down_proj,2,model.layers.6.mlp.down_proj,aten.view.default,[],decode,True
1089,mlp,down_proj,matmul,"[[B, d_ff], [d_ff, d_model]]","[d_model, d_ff]",1,"[[B, d_model]]","[1087, 1088]",6,mlp,down_proj,2,model.layers.6.mlp.down_proj,aten.mm.default,[model.layers.6.mlp.down_proj.weight],decode,False
1090,mlp,down_proj,_unsafe_view,"[[B, d_model]]",,,"[[B, 1, d_model]]",[1089],6,mlp,down_proj,2,model.layers.6.mlp.down_proj,aten._unsafe_view.default,[],decode,True
1091,,,elementwise_add,"[[B, 1, d_model], [B, 1, d_model]]",,,"[[B, 1, d_model]]","[1066, 1090]",6,,,0,model.layers.6,aten.add.Tensor,[],decode,False
1092,input_layernorm,,_to_copy,"[[B, 1, d_model]]",,,"[[B, 1, d_model]]",[1091],7,input_layernorm,,1,model.layers.7.input_layernorm,aten._to_copy.default,[],decode,True
1093,input_layernorm,,pow,"[[B, 1, d_model]]",,,"[[B, 1, d_model]]",[1092],7,input_layernorm,,1,model.layers.7.input_layernorm,aten.pow.Tensor_Scalar,[],decode,False
1094,input_layernorm,,mean,"[[B, 1, d_model]]",,,"[[B, 1, 1]]",[1093],7,input_layernorm,,1,model.layers.7.input_layernorm,aten.mean.dim,[],decode,False
1095,input_layernorm,,elementwise_add,"[[B, 1, 1]]",,,"[[B, 1, 1]]",[1094],7,input_layernorm,,1,model.layers.7.input_layernorm,aten.add.Tensor,[],decode,False
1096,input_layernorm,,rsqrt,"[[B, 1, 1]]",,,"[[B, 1, 1]]",[1095],7,input_layernorm,,1,model.layers.7.input_layernorm,aten.rsqrt.default,[],decode,False
1097,input_layernorm,,elementwise_mul,"[[B, 1, d_model], [B, 1, 1]]",,,"[[B, 1, d_model]]","[1092, 1096]",7,input_layernorm,,1,model.layers.7.input_layernorm,aten.mul.Tensor,[],decode,False
1098,input_layernorm,,_to_copy,[[d_model]],,,[[d_model]],[],7,input_layernorm,,1,model.layers.7.input_layernorm,aten._to_copy.default,[model.layers.7.input_layernorm.weight],decode,True
1099,input_layernorm,,elementwise_add,[[d_model]],,,[[d_model]],[1098],7,input_layernorm,,1,model.layers.7.input_layernorm,aten.add.Tensor,[model.layers.7.input_layernorm.weight],decode,False
1100,input_layernorm,,elementwise_mul,"[[B, 1, d_model], [d_model]]",,,"[[B, 1, d_model]]","[1097, 1099]",7,input_layernorm,,1,model.layers.7.input_layernorm,aten.mul.Tensor,[],decode,False
1101,input_layernorm,,_to_copy,"[[B, 1, d_model]]",,,"[[B, 1, d_model]]",[1100],7,input_layernorm,,1,model.layers.7.input_layernorm,aten._to_copy.default,[],decode,True
1102,self_attn,q_proj,t,"[[2*n_h*d_head, d_model]]","[2*n_h*d_head, d_model]",0,"[[d_model, 2*n_h*d_head]]",[],7,self_attn,q_proj,2,model.layers.7.self_attn.q_proj,aten.t.default,[model.layers.7.self_attn.q_proj.weight],decode,True
1103,self_attn,q_proj,view,"[[B, 1, d_model]]",,,"[[B, d_model]]",[1101],7,self_attn,q_proj,2,model.layers.7.self_attn.q_proj,aten.view.default,[],decode,True
1104,self_attn,q_proj,matmul,"[[B, d_model], [d_model, 2*n_h*d_head]]","[2*n_h*d_head, d_model]",1,"[[B, 2*n_h*d_head]]","[1102, 1103]",7,self_attn,q_proj,2,model.layers.7.self_attn.q_proj,aten.mm.default,[model.layers.7.self_attn.q_proj.weight],decode,False
1105,self_attn,q_proj,_unsafe_view,"[[B, 2*n_h*d_head]]",,,"[[B, 1, 2*n_h*d_head]]",[1104],7,self_attn,q_proj,2,model.layers.7.self_attn.q_proj,aten._unsafe_view.default,[],decode,True
1106,self_attn,,view,"[[B, 1, 2*n_h*d_head]]",,,"[[B, 1, n_h, 2*d_head]]",[1105],7,self_attn,,1,model.layers.7.self_attn,aten.view.default,[],decode,True
1107,self_attn,,split,"[[B, 1, n_h, 2*d_head]]",,,"[[B, 1, n_h, d_head], [B, 1, n_h, d_head]]",[1106],7,self_attn,,1,model.layers.7.self_attn,aten.split.Tensor,[],decode,True
1108,self_attn,,clone,"[[B, 1, n_h, d_head]]",,,"[[B, 1, n_h, d_head]]",[1107],7,self_attn,,1,model.layers.7.self_attn,aten.clone.default,[],decode,True
1109,self_attn,,_unsafe_view,"[[B, 1, n_h, d_head]]",,,"[[B, 1, n_h*d_head]]",[1108],7,self_attn,,1,model.layers.7.self_attn,aten._unsafe_view.default,[],decode,True
1110,self_attn,,view,"[[B, 1, n_h, d_head]]",,,"[[B, 1, n_h, d_head]]",[1107],7,self_attn,,1,model.layers.7.self_attn,aten.view.default,[],decode,True
1111,self_attn,q_norm,_to_copy,"[[B, 1, n_h, d_head]]",,,"[[B, 1, n_h, d_head]]",[1110],7,self_attn,q_norm,2,model.layers.7.self_attn.q_norm,aten._to_copy.default,[],decode,True
1112,self_attn,q_norm,pow,"[[B, 1, n_h, d_head]]",,,"[[B, 1, n_h, d_head]]",[1111],7,self_attn,q_norm,2,model.layers.7.self_attn.q_norm,aten.pow.Tensor_Scalar,[],decode,False
1113,self_attn,q_norm,mean,"[[B, 1, n_h, d_head]]",,,"[[B, 1, n_h, 1]]",[1112],7,self_attn,q_norm,2,model.layers.7.self_attn.q_norm,aten.mean.dim,[],decode,False
1114,self_attn,q_norm,elementwise_add,"[[B, 1, n_h, 1]]",,,"[[B, 1, n_h, 1]]",[1113],7,self_attn,q_norm,2,model.layers.7.self_attn.q_norm,aten.add.Tensor,[],decode,False
1115,self_attn,q_norm,rsqrt,"[[B, 1, n_h, 1]]",,,"[[B, 1, n_h, 1]]",[1114],7,self_attn,q_norm,2,model.layers.7.self_attn.q_norm,aten.rsqrt.default,[],decode,False
1116,self_attn,q_norm,elementwise_mul,"[[B, 1, n_h, d_head], [B, 1, n_h, 1]]",,,"[[B, 1, n_h, d_head]]","[1111, 1115]",7,self_attn,q_norm,2,model.layers.7.self_attn.q_norm,aten.mul.Tensor,[],decode,False
1117,self_attn,q_norm,_to_copy,[[d_head]],,,[[d_head]],[],7,self_attn,q_norm,2,model.layers.7.self_attn.q_norm,aten._to_copy.default,[model.layers.7.self_attn.q_norm.weight],decode,True
1118,self_attn,q_norm,elementwise_add,[[d_head]],,,[[d_head]],[1117],7,self_attn,q_norm,2,model.layers.7.self_attn.q_norm,aten.add.Tensor,[model.layers.7.self_attn.q_norm.weight],decode,False
1119,self_attn,q_norm,elementwise_mul,"[[B, 1, n_h, d_head], [d_head]]",,,"[[B, 1, n_h, d_head]]","[1116, 1118]",7,self_attn,q_norm,2,model.layers.7.self_attn.q_norm,aten.mul.Tensor,[],decode,False
1120,self_attn,q_norm,_to_copy,"[[B, 1, n_h, d_head]]",,,"[[B, 1, n_h, d_head]]",[1119],7,self_attn,q_norm,2,model.layers.7.self_attn.q_norm,aten._to_copy.default,[],decode,True
1121,self_attn,,transpose,"[[B, 1, n_h, d_head]]",,,"[[B, n_h, 1, d_head]]",[1120],7,self_attn,,1,model.layers.7.self_attn,aten.transpose.int,[],decode,True
1122,self_attn,k_proj,t,"[[n_kv*d_head, d_model]]","[n_kv*d_head, d_model]",0,"[[d_model, n_kv*d_head]]",[],7,self_attn,k_proj,2,model.layers.7.self_attn.k_proj,aten.t.default,[model.layers.7.self_attn.k_proj.weight],decode,True
1123,self_attn,k_proj,view,"[[B, 1, d_model]]",,,"[[B, d_model]]",[1101],7,self_attn,k_proj,2,model.layers.7.self_attn.k_proj,aten.view.default,[],decode,True
1124,self_attn,k_proj,matmul,"[[B, d_model], [d_model, n_kv*d_head]]","[n_kv*d_head, d_model]",1,"[[B, n_kv*d_head]]","[1122, 1123]",7,self_attn,k_proj,2,model.layers.7.self_attn.k_proj,aten.mm.default,[model.layers.7.self_attn.k_proj.weight],decode,False
1125,self_attn,k_proj,_unsafe_view,"[[B, n_kv*d_head]]",,,"[[B, 1, n_kv*d_head]]",[1124],7,self_attn,k_proj,2,model.layers.7.self_attn.k_proj,aten._unsafe_view.default,[],decode,True
1126,self_attn,,view,"[[B, 1, n_kv*d_head]]",,,"[[B, 1, n_kv, d_head]]",[1125],7,self_attn,,1,model.layers.7.self_attn,aten.view.default,[],decode,True
1127,self_attn,k_norm,_to_copy,"[[B, 1, n_kv, d_head]]",,,"[[B, 1, n_kv, d_head]]",[1126],7,self_attn,k_norm,2,model.layers.7.self_attn.k_norm,aten._to_copy.default,[],decode,True
1128,self_attn,k_norm,pow,"[[B, 1, n_kv, d_head]]",,,"[[B, 1, n_kv, d_head]]",[1127],7,self_attn,k_norm,2,model.layers.7.self_attn.k_norm,aten.pow.Tensor_Scalar,[],decode,False
1129,self_attn,k_norm,mean,"[[B, 1, n_kv, d_head]]",,,"[[B, 1, n_kv, 1]]",[1128],7,self_attn,k_norm,2,model.layers.7.self_attn.k_norm,aten.mean.dim,[],decode,False
1130,self_attn,k_norm,elementwise_add,"[[B, 1, n_kv, 1]]",,,"[[B, 1, n_kv, 1]]",[1129],7,self_attn,k_norm,2,model.layers.7.self_attn.k_norm,aten.add.Tensor,[],decode,False
1131,self_attn,k_norm,rsqrt,"[[B, 1, n_kv, 1]]",,,"[[B, 1, n_kv, 1]]",[1130],7,self_attn,k_norm,2,model.layers.7.self_attn.k_norm,aten.rsqrt.default,[],decode,False
1132,self_attn,k_norm,elementwise_mul,"[[B, 1, n_kv, d_head], [B, 1, n_kv, 1]]",,,"[[B, 1, n_kv, d_head]]","[1127, 1131]",7,self_attn,k_norm,2,model.layers.7.self_attn.k_norm,aten.mul.Tensor,[],decode,False
1133,self_attn,k_norm,_to_copy,[[d_head]],,,[[d_head]],[],7,self_attn,k_norm,2,model.layers.7.self_attn.k_norm,aten._to_copy.default,[model.layers.7.self_attn.k_norm.weight],decode,True
1134,self_attn,k_norm,elementwise_add,[[d_head]],,,[[d_head]],[1133],7,self_attn,k_norm,2,model.layers.7.self_attn.k_norm,aten.add.Tensor,[model.layers.7.self_attn.k_norm.weight],decode,False
1135,self_attn,k_norm,elementwise_mul,"[[B, 1, n_kv, d_head], [d_head]]",,,"[[B, 1, n_kv, d_head]]","[1132, 1134]",7,self_attn,k_norm,2,model.layers.7.self_attn.k_norm,aten.mul.Tensor,[],decode,False
1136,self_attn,k_norm,_to_copy,"[[B, 1, n_kv, d_head]]",,,"[[B, 1, n_kv, d_head]]",[1135],7,self_attn,k_norm,2,model.layers.7.self_attn.k_norm,aten._to_copy.default,[],decode,True
1137,self_attn,,transpose,"[[B, 1, n_kv, d_head]]",,,"[[B, n_kv, 1, d_head]]",[1136],7,self_attn,,1,model.layers.7.self_attn,aten.transpose.int,[],decode,True
1138,self_attn,v_proj,t,"[[n_kv*d_head, d_model]]","[n_kv*d_head, d_model]",0,"[[d_model, n_kv*d_head]]",[],7,self_attn,v_proj,2,model.layers.7.self_attn.v_proj,aten.t.default,[model.layers.7.self_attn.v_proj.weight],decode,True
1139,self_attn,v_proj,view,"[[B, 1, d_model]]",,,"[[B, d_model]]",[1101],7,self_attn,v_proj,2,model.layers.7.self_attn.v_proj,aten.view.default,[],decode,True
1140,self_attn,v_proj,matmul,"[[B, d_model], [d_model, n_kv*d_head]]","[n_kv*d_head, d_model]",1,"[[B, n_kv*d_head]]","[1138, 1139]",7,self_attn,v_proj,2,model.layers.7.self_attn.v_proj,aten.mm.default,[model.layers.7.self_attn.v_proj.weight],decode,False
1141,self_attn,v_proj,_unsafe_view,"[[B, n_kv*d_head]]",,,"[[B, 1, n_kv*d_head]]",[1140],7,self_attn,v_proj,2,model.layers.7.self_attn.v_proj,aten._unsafe_view.default,[],decode,True
1142,self_attn,,view,"[[B, 1, n_kv*d_head]]",,,"[[B, 1, n_kv, d_head]]",[1141],7,self_attn,,1,model.layers.7.self_attn,aten.view.default,[],decode,True
1143,self_attn,,transpose,"[[B, 1, n_kv, d_head]]",,,"[[B, n_kv, 1, d_head]]",[1142],7,self_attn,,1,model.layers.7.self_attn,aten.transpose.int,[],decode,True
1144,self_attn,,unsqueeze,"[[B, 1, d_rope]]",,,"[[B, 1, 1, d_rope]]",[54],7,self_attn,,1,model.layers.7.self_attn,aten.unsqueeze.default,[],decode,True
1145,self_attn,,unsqueeze,"[[B, 1, d_rope]]",,,"[[B, 1, 1, d_rope]]",[55],7,self_attn,,1,model.layers.7.self_attn,aten.unsqueeze.default,[],decode,True
1146,self_attn,,slice,"[[B, n_h, 1, d_head]]",,,"[[B, n_h, 1, d_rope]]",[1121],7,self_attn,,1,model.layers.7.self_attn,aten.slice.Tensor,[],decode,True
1147,self_attn,,slice,"[[B, n_h, 1, d_head]]",,,"[[B, n_h, 1, d_head-d_rope]]",[1121],7,self_attn,,1,model.layers.7.self_attn,aten.slice.Tensor,[],decode,True
1148,self_attn,,slice,"[[B, n_kv, 1, d_head]]",,,"[[B, n_kv, 1, d_rope]]",[1137],7,self_attn,,1,model.layers.7.self_attn,aten.slice.Tensor,[],decode,True
1149,self_attn,,slice,"[[B, n_kv, 1, d_head]]",,,"[[B, n_kv, 1, d_head-d_rope]]",[1137],7,self_attn,,1,model.layers.7.self_attn,aten.slice.Tensor,[],decode,True
1150,self_attn,,elementwise_mul,"[[B, n_h, 1, d_rope], [B, 1, 1, d_rope]]",,,"[[B, n_h, 1, d_rope]]","[1144, 1146]",7,self_attn,,1,model.layers.7.self_attn,aten.mul.Tensor,[],decode,False
1151,self_attn,,slice,"[[B, n_h, 1, d_rope]]",,,"[[B, n_h, 1, d_rope/2]]",[1146],7,self_attn,,1,model.layers.7.self_attn,aten.slice.Tensor,[],decode,True
1152,self_attn,,slice,"[[B, n_h, 1, d_rope]]",,,"[[B, n_h, 1, d_rope/2]]",[1146],7,self_attn,,1,model.layers.7.self_attn,aten.slice.Tensor,[],decode,True
1153,self_attn,,neg,"[[B, n_h, 1, d_rope/2]]",,,"[[B, n_h, 1, d_rope/2]]",[1152],7,self_attn,,1,model.layers.7.self_attn,aten.neg.default,[],decode,False
1154,self_attn,,concat,"[[B, n_h, 1, d_rope/2], [B, n_h, 1, d_rope/2]]",,,"[[B, n_h, 1, d_rope]]","[1151, 1153]",7,self_attn,,1,model.layers.7.self_attn,aten.cat.default,[],decode,False
1155,self_attn,,elementwise_mul,"[[B, n_h, 1, d_rope], [B, 1, 1, d_rope]]",,,"[[B, n_h, 1, d_rope]]","[1145, 1154]",7,self_attn,,1,model.layers.7.self_attn,aten.mul.Tensor,[],decode,False
1156,self_attn,,elementwise_add,"[[B, n_h, 1, d_rope], [B, n_h, 1, d_rope]]",,,"[[B, n_h, 1, d_rope]]","[1150, 1155]",7,self_attn,,1,model.layers.7.self_attn,aten.add.Tensor,[],decode,False
1157,self_attn,,elementwise_mul,"[[B, n_kv, 1, d_rope], [B, 1, 1, d_rope]]",,,"[[B, n_kv, 1, d_rope]]","[1144, 1148]",7,self_attn,,1,model.layers.7.self_attn,aten.mul.Tensor,[],decode,False
1158,self_attn,,slice,"[[B, n_kv, 1, d_rope]]",,,"[[B, n_kv, 1, d_rope/2]]",[1148],7,self_attn,,1,model.layers.7.self_attn,aten.slice.Tensor,[],decode,True
1159,self_attn,,slice,"[[B, n_kv, 1, d_rope]]",,,"[[B, n_kv, 1, d_rope/2]]",[1148],7,self_attn,,1,model.layers.7.self_attn,aten.slice.Tensor,[],decode,True
1160,self_attn,,neg,"[[B, n_kv, 1, d_rope/2]]",,,"[[B, n_kv, 1, d_rope/2]]",[1159],7,self_attn,,1,model.layers.7.self_attn,aten.neg.default,[],decode,False
1161,self_attn,,concat,"[[B, n_kv, 1, d_rope/2], [B, n_kv, 1, d_rope/2]]",,,"[[B, n_kv, 1, d_rope]]","[1158, 1160]",7,self_attn,,1,model.layers.7.self_attn,aten.cat.default,[],decode,False
1162,self_attn,,elementwise_mul,"[[B, n_kv, 1, d_rope], [B, 1, 1, d_rope]]",,,"[[B, n_kv, 1, d_rope]]","[1145, 1161]",7,self_attn,,1,model.layers.7.self_attn,aten.mul.Tensor,[],decode,False
1163,self_attn,,elementwise_add,"[[B, n_kv, 1, d_rope], [B, n_kv, 1, d_rope]]",,,"[[B, n_kv, 1, d_rope]]","[1157, 1162]",7,self_attn,,1,model.layers.7.self_attn,aten.add.Tensor,[],decode,False
1164,self_attn,,concat,"[[B, n_h, 1, d_rope], [B, n_h, 1, d_head-d_rope]]",,,"[[B, n_h, 1, d_head]]","[1147, 1156]",7,self_attn,,1,model.layers.7.self_attn,aten.cat.default,[],decode,False
1165,self_attn,,concat,"[[B, n_kv, 1, d_rope], [B, n_kv, 1, d_head-d_rope]]",,,"[[B, n_kv, 1, d_head]]","[1149, 1163]",7,self_attn,,1,model.layers.7.self_attn,aten.cat.default,[],decode,False
1166,self_attn,,concat,"[[B, n_kv, T, d_head], [B, n_kv, 1, d_head]]",,,"[[B, n_kv, T+1, d_head]]",[1165],7,self_attn,,1,model.layers.7.self_attn,aten.cat.default,[],decode,False
1167,self_attn,,concat,"[[B, n_kv, T, d_head], [B, n_kv, 1, d_head]]",,,"[[B, n_kv, T+1, d_head]]",[1143],7,self_attn,,1,model.layers.7.self_attn,aten.cat.default,[],decode,False
1168,self_attn,,unsqueeze,"[[B, n_kv, T+1, d_head]]",,,"[[B, n_kv, 1, T+1, d_head]]",[1166],7,self_attn,,1,model.layers.7.self_attn,aten.unsqueeze.default,[],decode,True
1169,self_attn,,expand,"[[B, n_kv, 1, T+1, d_head]]",,,"[[B, n_kv, n_h/n_kv, T+1, d_head]]",[1168],7,self_attn,,1,model.layers.7.self_attn,aten.expand.default,[],decode,True
1170,self_attn,,clone,"[[B, n_kv, n_h/n_kv, T+1, d_head]]",,,"[[B, n_kv, n_h/n_kv, T+1, d_head]]",[1169],7,self_attn,,1,model.layers.7.self_attn,aten.clone.default,[],decode,True
1171,self_attn,,_unsafe_view,"[[B, n_kv, n_h/n_kv, T+1, d_head]]",,,"[[B, n_h, T+1, d_head]]",[1170],7,self_attn,,1,model.layers.7.self_attn,aten._unsafe_view.default,[],decode,True
1172,self_attn,,unsqueeze,"[[B, n_kv, T+1, d_head]]",,,"[[B, n_kv, 1, T+1, d_head]]",[1167],7,self_attn,,1,model.layers.7.self_attn,aten.unsqueeze.default,[],decode,True
1173,self_attn,,expand,"[[B, n_kv, 1, T+1, d_head]]",,,"[[B, n_kv, n_h/n_kv, T+1, d_head]]",[1172],7,self_attn,,1,model.layers.7.self_attn,aten.expand.default,[],decode,True
1174,self_attn,,clone,"[[B, n_kv, n_h/n_kv, T+1, d_head]]",,,"[[B, n_kv, n_h/n_kv, T+1, d_head]]",[1173],7,self_attn,,1,model.layers.7.self_attn,aten.clone.default,[],decode,True
1175,self_attn,,_unsafe_view,"[[B, n_kv, n_h/n_kv, T+1, d_head]]",,,"[[B, n_h, T+1, d_head]]",[1174],7,self_attn,,1,model.layers.7.self_attn,aten._unsafe_view.default,[],decode,True
1176,self_attn,,transpose,"[[B, n_h, T+1, d_head]]",,,"[[B, n_h, d_head, T+1]]",[1171],7,self_attn,,1,model.layers.7.self_attn,aten.transpose.int,[],decode,True
1177,self_attn,,expand,"[[B, n_h, 1, d_head]]",,,"[[B, n_h, 1, d_head]]",[1164],7,self_attn,,1,model.layers.7.self_attn,aten.expand.default,[],decode,True
1178,self_attn,,view,"[[B, n_h, 1, d_head]]",,,"[[n_h, B, d_head]]",[1177],7,self_attn,,1,model.layers.7.self_attn,aten.view.default,[],decode,True
1179,self_attn,,expand,"[[B, n_h, d_head, T+1]]",,,"[[B, n_h, d_head, T+1]]",[1176],7,self_attn,,1,model.layers.7.self_attn,aten.expand.default,[],decode,True
1180,self_attn,,view,"[[B, n_h, d_head, T+1]]",,,"[[n_h, d_head, T+1]]",[1179],7,self_attn,,1,model.layers.7.self_attn,aten.view.default,[],decode,True
1181,self_attn,,batched_matmul,"[[n_h, B, d_head], [n_h, d_head, T+1]]",,,"[[n_h, B, T+1]]","[1178, 1180]",7,self_attn,,1,model.layers.7.self_attn,aten.bmm.default,[],decode,False
1182,self_attn,,_unsafe_view,"[[n_h, B, T+1]]",,,"[[B, n_h, 1, T+1]]",[1181],7,self_attn,,1,model.layers.7.self_attn,aten._unsafe_view.default,[],decode,True
1183,self_attn,,elementwise_mul,"[[B, n_h, 1, T+1]]",,,"[[B, n_h, 1, T+1]]",[1182],7,self_attn,,1,model.layers.7.self_attn,aten.mul.Tensor,[],decode,False
1184,self_attn,,elementwise_add,"[[B, n_h, 1, T+1], [B, 1, 1, T+1]]",,,"[[B, n_h, 1, T+1]]","[26, 1183]",7,self_attn,,1,model.layers.7.self_attn,aten.add.Tensor,[],decode,False
1185,self_attn,,_to_copy,"[[B, n_h, 1, T+1]]",,,"[[B, n_h, 1, T+1]]",[1184],7,self_attn,,1,model.layers.7.self_attn,aten._to_copy.default,[],decode,True
1186,self_attn,,softmax,"[[B, n_h, 1, T+1]]",,,"[[B, n_h, 1, T+1]]",[1185],7,self_attn,,1,model.layers.7.self_attn,aten._softmax.default,[],decode,False
1187,self_attn,,_to_copy,"[[B, n_h, 1, T+1]]",,,"[[B, n_h, 1, T+1]]",[1186],7,self_attn,,1,model.layers.7.self_attn,aten._to_copy.default,[],decode,True
1188,self_attn,,expand,"[[B, n_h, 1, T+1]]",,,"[[B, n_h, 1, T+1]]",[1187],7,self_attn,,1,model.layers.7.self_attn,aten.expand.default,[],decode,True
1189,self_attn,,view,"[[B, n_h, 1, T+1]]",,,"[[n_h, B, T+1]]",[1188],7,self_attn,,1,model.layers.7.self_attn,aten.view.default,[],decode,True
1190,self_attn,,expand,"[[B, n_h, T+1, d_head]]",,,"[[B, n_h, T+1, d_head]]",[1175],7,self_attn,,1,model.layers.7.self_attn,aten.expand.default,[],decode,True
1191,self_attn,,view,"[[B, n_h, T+1, d_head]]",,,"[[n_h, T+1, d_head]]",[1190],7,self_attn,,1,model.layers.7.self_attn,aten.view.default,[],decode,True
1192,self_attn,,batched_matmul,"[[n_h, B, T+1], [n_h, T+1, d_head]]",,,"[[n_h, B, d_head]]","[1189, 1191]",7,self_attn,,1,model.layers.7.self_attn,aten.bmm.default,[],decode,False
1193,self_attn,,_unsafe_view,"[[n_h, B, d_head]]",,,"[[B, n_h, 1, d_head]]",[1192],7,self_attn,,1,model.layers.7.self_attn,aten._unsafe_view.default,[],decode,True
1194,self_attn,,transpose,"[[B, n_h, 1, d_head]]",,,"[[B, 1, n_h, d_head]]",[1193],7,self_attn,,1,model.layers.7.self_attn,aten.transpose.int,[],decode,True
1195,self_attn,,view,"[[B, 1, n_h, d_head]]",,,"[[B, 1, n_h*d_head]]",[1194],7,self_attn,,1,model.layers.7.self_attn,aten.view.default,[],decode,True
1196,self_attn,,sigmoid,"[[B, 1, n_h*d_head]]",,,"[[B, 1, n_h*d_head]]",[1109],7,self_attn,,1,model.layers.7.self_attn,aten.sigmoid.default,[],decode,False
1197,self_attn,,elementwise_mul,"[[B, 1, n_h*d_head], [B, 1, n_h*d_head]]",,,"[[B, 1, n_h*d_head]]","[1195, 1196]",7,self_attn,,1,model.layers.7.self_attn,aten.mul.Tensor,[],decode,False
1198,self_attn,o_proj,t,"[[d_model, n_h*d_head]]","[d_model, n_h*d_head]",0,"[[n_h*d_head, d_model]]",[],7,self_attn,o_proj,2,model.layers.7.self_attn.o_proj,aten.t.default,[model.layers.7.self_attn.o_proj.weight],decode,True
1199,self_attn,o_proj,view,"[[B, 1, n_h*d_head]]",,,"[[B, n_h*d_head]]",[1197],7,self_attn,o_proj,2,model.layers.7.self_attn.o_proj,aten.view.default,[],decode,True
1200,self_attn,o_proj,matmul,"[[B, n_h*d_head], [n_h*d_head, d_model]]","[d_model, n_h*d_head]",1,"[[B, d_model]]","[1198, 1199]",7,self_attn,o_proj,2,model.layers.7.self_attn.o_proj,aten.mm.default,[model.layers.7.self_attn.o_proj.weight],decode,False
1201,self_attn,o_proj,_unsafe_view,"[[B, d_model]]",,,"[[B, 1, d_model]]",[1200],7,self_attn,o_proj,2,model.layers.7.self_attn.o_proj,aten._unsafe_view.default,[],decode,True
1202,,,elementwise_add,"[[B, 1, d_model], [B, 1, d_model]]",,,"[[B, 1, d_model]]","[1091, 1201]",7,,,0,model.layers.7,aten.add.Tensor,[],decode,False
1203,post_attention_layernorm,,_to_copy,"[[B, 1, d_model]]",,,"[[B, 1, d_model]]",[1202],7,post_attention_layernorm,,1,model.layers.7.post_attention_layernorm,aten._to_copy.default,[],decode,True
1204,post_attention_layernorm,,pow,"[[B, 1, d_model]]",,,"[[B, 1, d_model]]",[1203],7,post_attention_layernorm,,1,model.layers.7.post_attention_layernorm,aten.pow.Tensor_Scalar,[],decode,False
1205,post_attention_layernorm,,mean,"[[B, 1, d_model]]",,,"[[B, 1, 1]]",[1204],7,post_attention_layernorm,,1,model.layers.7.post_attention_layernorm,aten.mean.dim,[],decode,False
1206,post_attention_layernorm,,elementwise_add,"[[B, 1, 1]]",,,"[[B, 1, 1]]",[1205],7,post_attention_layernorm,,1,model.layers.7.post_attention_layernorm,aten.add.Tensor,[],decode,False
1207,post_attention_layernorm,,rsqrt,"[[B, 1, 1]]",,,"[[B, 1, 1]]",[1206],7,post_attention_layernorm,,1,model.layers.7.post_attention_layernorm,aten.rsqrt.default,[],decode,False
1208,post_attention_layernorm,,elementwise_mul,"[[B, 1, d_model], [B, 1, 1]]",,,"[[B, 1, d_model]]","[1203, 1207]",7,post_attention_layernorm,,1,model.layers.7.post_attention_layernorm,aten.mul.Tensor,[],decode,False
1209,post_attention_layernorm,,_to_copy,[[d_model]],,,[[d_model]],[],7,post_attention_layernorm,,1,model.layers.7.post_attention_layernorm,aten._to_copy.default,[model.layers.7.post_attention_layernorm.weight],decode,True
1210,post_attention_layernorm,,elementwise_add,[[d_model]],,,[[d_model]],[1209],7,post_attention_layernorm,,1,model.layers.7.post_attention_layernorm,aten.add.Tensor,[model.layers.7.post_attention_layernorm.weight],decode,False
1211,post_attention_layernorm,,elementwise_mul,"[[B, 1, d_model], [d_model]]",,,"[[B, 1, d_model]]","[1208, 1210]",7,post_attention_layernorm,,1,model.layers.7.post_attention_layernorm,aten.mul.Tensor,[],decode,False
1212,post_attention_layernorm,,_to_copy,"[[B, 1, d_model]]",,,"[[B, 1, d_model]]",[1211],7,post_attention_layernorm,,1,model.layers.7.post_attention_layernorm,aten._to_copy.default,[],decode,True
1213,mlp,gate_proj,t,"[[d_ff, d_model]]","[d_ff, d_model]",0,"[[d_model, d_ff]]",[],7,mlp,gate_proj,2,model.layers.7.mlp.gate_proj,aten.t.default,[model.layers.7.mlp.gate_proj.weight],decode,True
1214,mlp,gate_proj,view,"[[B, 1, d_model]]",,,"[[B, d_model]]",[1212],7,mlp,gate_proj,2,model.layers.7.mlp.gate_proj,aten.view.default,[],decode,True
1215,mlp,gate_proj,matmul,"[[B, d_model], [d_model, d_ff]]","[d_ff, d_model]",1,"[[B, d_ff]]","[1213, 1214]",7,mlp,gate_proj,2,model.layers.7.mlp.gate_proj,aten.mm.default,[model.layers.7.mlp.gate_proj.weight],decode,False
1216,mlp,gate_proj,_unsafe_view,"[[B, d_ff]]",,,"[[B, 1, d_ff]]",[1215],7,mlp,gate_proj,2,model.layers.7.mlp.gate_proj,aten._unsafe_view.default,[],decode,True
1217,mlp,act_fn,silu,"[[B, 1, d_ff]]",,,"[[B, 1, d_ff]]",[1216],7,mlp,act_fn,2,model.layers.7.mlp.act_fn,aten.silu.default,[],decode,False
1218,mlp,up_proj,t,"[[d_ff, d_model]]","[d_ff, d_model]",0,"[[d_model, d_ff]]",[],7,mlp,up_proj,2,model.layers.7.mlp.up_proj,aten.t.default,[model.layers.7.mlp.up_proj.weight],decode,True
1219,mlp,up_proj,view,"[[B, 1, d_model]]",,,"[[B, d_model]]",[1212],7,mlp,up_proj,2,model.layers.7.mlp.up_proj,aten.view.default,[],decode,True
1220,mlp,up_proj,matmul,"[[B, d_model], [d_model, d_ff]]","[d_ff, d_model]",1,"[[B, d_ff]]","[1218, 1219]",7,mlp,up_proj,2,model.layers.7.mlp.up_proj,aten.mm.default,[model.layers.7.mlp.up_proj.weight],decode,False
1221,mlp,up_proj,_unsafe_view,"[[B, d_ff]]",,,"[[B, 1, d_ff]]",[1220],7,mlp,up_proj,2,model.layers.7.mlp.up_proj,aten._unsafe_view.default,[],decode,True
1222,mlp,,elementwise_mul,"[[B, 1, d_ff], [B, 1, d_ff]]",,,"[[B, 1, d_ff]]","[1217, 1221]",7,mlp,,1,model.layers.7.mlp,aten.mul.Tensor,[],decode,False
1223,mlp,down_proj,t,"[[d_model, d_ff]]","[d_model, d_ff]",0,"[[d_ff, d_model]]",[],7,mlp,down_proj,2,model.layers.7.mlp.down_proj,aten.t.default,[model.layers.7.mlp.down_proj.weight],decode,True
1224,mlp,down_proj,view,"[[B, 1, d_ff]]",,,"[[B, d_ff]]",[1222],7,mlp,down_proj,2,model.layers.7.mlp.down_proj,aten.view.default,[],decode,True
1225,mlp,down_proj,matmul,"[[B, d_ff], [d_ff, d_model]]","[d_model, d_ff]",1,"[[B, d_model]]","[1223, 1224]",7,mlp,down_proj,2,model.layers.7.mlp.down_proj,aten.mm.default,[model.layers.7.mlp.down_proj.weight],decode,False
1226,mlp,down_proj,_unsafe_view,"[[B, d_model]]",,,"[[B, 1, d_model]]",[1225],7,mlp,down_proj,2,model.layers.7.mlp.down_proj,aten._unsafe_view.default,[],decode,True
1227,,,elementwise_add,"[[B, 1, d_model], [B, 1, d_model]]",,,"[[B, 1, d_model]]","[1202, 1226]",7,,,0,model.layers.7,aten.add.Tensor,[],decode,False
1228,input_layernorm,,_to_copy,"[[B, 1, d_model]]",,,"[[B, 1, d_model]]",[1227],8,input_layernorm,,1,model.layers.8.input_layernorm,aten._to_copy.default,[],decode,True
1229,input_layernorm,,pow,"[[B, 1, d_model]]",,,"[[B, 1, d_model]]",[1228],8,input_layernorm,,1,model.layers.8.input_layernorm,aten.pow.Tensor_Scalar,[],decode,False
1230,input_layernorm,,mean,"[[B, 1, d_model]]",,,"[[B, 1, 1]]",[1229],8,input_layernorm,,1,model.layers.8.input_layernorm,aten.mean.dim,[],decode,False
1231,input_layernorm,,elementwise_add,"[[B, 1, 1]]",,,"[[B, 1, 1]]",[1230],8,input_layernorm,,1,model.layers.8.input_layernorm,aten.add.Tensor,[],decode,False
1232,input_layernorm,,rsqrt,"[[B, 1, 1]]",,,"[[B, 1, 1]]",[1231],8,input_layernorm,,1,model.layers.8.input_layernorm,aten.rsqrt.default,[],decode,False
1233,input_layernorm,,elementwise_mul,"[[B, 1, d_model], [B, 1, 1]]",,,"[[B, 1, d_model]]","[1228, 1232]",8,input_layernorm,,1,model.layers.8.input_layernorm,aten.mul.Tensor,[],decode,False
1234,input_layernorm,,_to_copy,[[d_model]],,,[[d_model]],[],8,input_layernorm,,1,model.layers.8.input_layernorm,aten._to_copy.default,[model.layers.8.input_layernorm.weight],decode,True
1235,input_layernorm,,elementwise_add,[[d_model]],,,[[d_model]],[1234],8,input_layernorm,,1,model.layers.8.input_layernorm,aten.add.Tensor,[model.layers.8.input_layernorm.weight],decode,False
1236,input_layernorm,,elementwise_mul,"[[B, 1, d_model], [d_model]]",,,"[[B, 1, d_model]]","[1233, 1235]",8,input_layernorm,,1,model.layers.8.input_layernorm,aten.mul.Tensor,[],decode,False
1237,input_layernorm,,_to_copy,"[[B, 1, d_model]]",,,"[[B, 1, d_model]]",[1236],8,input_layernorm,,1,model.layers.8.input_layernorm,aten._to_copy.default,[],decode,True
1238,linear_attn,in_proj_qkv,t,"[[2*d_k_lin+d_v_lin, d_model]]","[2*d_k_lin+d_v_lin, d_model]",0,"[[d_model, 2*d_k_lin+d_v_lin]]",[],8,linear_attn,in_proj_qkv,2,model.layers.8.linear_attn.in_proj_qkv,aten.t.default,[model.layers.8.linear_attn.in_proj_qkv.weight],decode,True
1239,linear_attn,in_proj_qkv,view,"[[B, 1, d_model]]",,,"[[B, d_model]]",[1237],8,linear_attn,in_proj_qkv,2,model.layers.8.linear_attn.in_proj_qkv,aten.view.default,[],decode,True
1240,linear_attn,in_proj_qkv,matmul,"[[B, d_model], [d_model, 2*d_k_lin+d_v_lin]]","[2*d_k_lin+d_v_lin, d_model]",1,"[[B, 2*d_k_lin+d_v_lin]]","[1238, 1239]",8,linear_attn,in_proj_qkv,2,model.layers.8.linear_attn.in_proj_qkv,aten.mm.default,[model.layers.8.linear_attn.in_proj_qkv.weight],decode,False
1241,linear_attn,in_proj_qkv,_unsafe_view,"[[B, 2*d_k_lin+d_v_lin]]",,,"[[B, 1, 2*d_k_lin+d_v_lin]]",[1240],8,linear_attn,in_proj_qkv,2,model.layers.8.linear_attn.in_proj_qkv,aten._unsafe_view.default,[],decode,True
1242,linear_attn,,transpose,"[[B, 1, 2*d_k_lin+d_v_lin]]",,,"[[B, 2*d_k_lin+d_v_lin, 1]]",[1241],8,linear_attn,,1,model.layers.8.linear_attn,aten.transpose.int,[],decode,True
1243,linear_attn,in_proj_z,t,"[[n_v*d_v, d_model]]","[n_v*d_v, d_model]",0,"[[d_model, n_v*d_v]]",[],8,linear_attn,in_proj_z,2,model.layers.8.linear_attn.in_proj_z,aten.t.default,[model.layers.8.linear_attn.in_proj_z.weight],decode,True
1244,linear_attn,in_proj_z,view,"[[B, 1, d_model]]",,,"[[B, d_model]]",[1237],8,linear_attn,in_proj_z,2,model.layers.8.linear_attn.in_proj_z,aten.view.default,[],decode,True
1245,linear_attn,in_proj_z,matmul,"[[B, d_model], [d_model, n_v*d_v]]","[n_v*d_v, d_model]",1,"[[B, n_v*d_v]]","[1243, 1244]",8,linear_attn,in_proj_z,2,model.layers.8.linear_attn.in_proj_z,aten.mm.default,[model.layers.8.linear_attn.in_proj_z.weight],decode,False
1246,linear_attn,in_proj_z,_unsafe_view,"[[B, n_v*d_v]]",,,"[[B, 1, n_v*d_v]]",[1245],8,linear_attn,in_proj_z,2,model.layers.8.linear_attn.in_proj_z,aten._unsafe_view.default,[],decode,True
1247,linear_attn,,view,"[[B, 1, n_v*d_v]]",,,"[[B, 1, n_h_lin_v, d_head_lin_v]]",[1246],8,linear_attn,,1,model.layers.8.linear_attn,aten.view.default,[],decode,True
1248,linear_attn,in_proj_b,t,"[[n_h_lin_v, d_model]]","[n_h_lin_v, d_model]",0,"[[d_model, n_h_lin_v]]",[],8,linear_attn,in_proj_b,2,model.layers.8.linear_attn.in_proj_b,aten.t.default,[model.layers.8.linear_attn.in_proj_b.weight],decode,True
1249,linear_attn,in_proj_b,view,"[[B, 1, d_model]]",,,"[[B, d_model]]",[1237],8,linear_attn,in_proj_b,2,model.layers.8.linear_attn.in_proj_b,aten.view.default,[],decode,True
1250,linear_attn,in_proj_b,matmul,"[[B, d_model], [d_model, n_h_lin_v]]","[n_h_lin_v, d_model]",1,"[[B, n_h_lin_v]]","[1248, 1249]",8,linear_attn,in_proj_b,2,model.layers.8.linear_attn.in_proj_b,aten.mm.default,[model.layers.8.linear_attn.in_proj_b.weight],decode,False
1251,linear_attn,in_proj_b,_unsafe_view,"[[B, n_h_lin_v]]",,,"[[B, 1, n_h_lin_v]]",[1250],8,linear_attn,in_proj_b,2,model.layers.8.linear_attn.in_proj_b,aten._unsafe_view.default,[],decode,True
1252,linear_attn,in_proj_a,t,"[[n_h_lin_v, d_model]]","[n_h_lin_v, d_model]",0,"[[d_model, n_h_lin_v]]",[],8,linear_attn,in_proj_a,2,model.layers.8.linear_attn.in_proj_a,aten.t.default,[model.layers.8.linear_attn.in_proj_a.weight],decode,True
1253,linear_attn,in_proj_a,view,"[[B, 1, d_model]]",,,"[[B, d_model]]",[1237],8,linear_attn,in_proj_a,2,model.layers.8.linear_attn.in_proj_a,aten.view.default,[],decode,True
1254,linear_attn,in_proj_a,matmul,"[[B, d_model], [d_model, n_h_lin_v]]","[n_h_lin_v, d_model]",1,"[[B, n_h_lin_v]]","[1252, 1253]",8,linear_attn,in_proj_a,2,model.layers.8.linear_attn.in_proj_a,aten.mm.default,[model.layers.8.linear_attn.in_proj_a.weight],decode,False
1255,linear_attn,in_proj_a,_unsafe_view,"[[B, n_h_lin_v]]",,,"[[B, 1, n_h_lin_v]]",[1254],8,linear_attn,in_proj_a,2,model.layers.8.linear_attn.in_proj_a,aten._unsafe_view.default,[],decode,True
1256,linear_attn,,squeeze,"[[2*d_k_lin+d_v_lin, 1, d_conv_lin]]","[2*d_k_lin+d_v_lin, 1, d_conv_lin]",0,"[[2*d_k_lin+d_v_lin, d_conv_lin]]",[],8,linear_attn,,1,model.layers.8.linear_attn,aten.squeeze.dim,[model.layers.8.linear_attn.conv1d.weight],decode,True
1257,linear_attn,,concat,"[[B, 2*d_k_lin+d_v_lin, d_conv_lin], [B, 2*d_k_lin+d_v_lin, 1]]",,,"[[B, 2*d_k_lin+d_v_lin, 5]]",[1242],8,linear_attn,,1,model.layers.8.linear_attn,aten.cat.default,[],decode,False
1258,linear_attn,,slice,"[[B, 2*d_k_lin+d_v_lin, 5]]",,,"[[B, 2*d_k_lin+d_v_lin, d_conv_lin]]",[1257],8,linear_attn,,1,model.layers.8.linear_attn,aten.slice.Tensor,[],decode,True
1259,linear_attn,,copy_,"[[B, 2*d_k_lin+d_v_lin, d_conv_lin], [B, 2*d_k_lin+d_v_lin, d_conv_lin]]",,,"[[B, 2*d_k_lin+d_v_lin, d_conv_lin]]",[1258],8,linear_attn,,1,model.layers.8.linear_attn,aten.copy_.default,[],decode,True
1260,linear_attn,,unsqueeze,"[[2*d_k_lin+d_v_lin, d_conv_lin]]",,,"[[2*d_k_lin+d_v_lin, 1, d_conv_lin]]",[1256],8,linear_attn,,1,model.layers.8.linear_attn,aten.unsqueeze.default,[],decode,True
1261,linear_attn,,conv1d,"[[B, 2*d_k_lin+d_v_lin, 5], [2*d_k_lin+d_v_lin, 1, d_conv_lin]]",,,"[[B, 2*d_k_lin+d_v_lin, 2]]","[1257, 1260]",8,linear_attn,,1,model.layers.8.linear_attn,aten.convolution.default,[],decode,False
1262,linear_attn,,slice,"[[B, 2*d_k_lin+d_v_lin, 2]]",,,"[[B, 2*d_k_lin+d_v_lin, 1]]",[1261],8,linear_attn,,1,model.layers.8.linear_attn,aten.slice.Tensor,[],decode,True
1263,linear_attn,,silu,"[[B, 2*d_k_lin+d_v_lin, 1]]",,,"[[B, 2*d_k_lin+d_v_lin, 1]]",[1262],8,linear_attn,,1,model.layers.8.linear_attn,aten.silu.default,[],decode,False
1264,linear_attn,,transpose,"[[B, 2*d_k_lin+d_v_lin, 1]]",,,"[[B, 1, 2*d_k_lin+d_v_lin]]",[1263],8,linear_attn,,1,model.layers.8.linear_attn,aten.transpose.int,[],decode,True
1265,linear_attn,,split_with_sizes,"[[B, 1, 2*d_k_lin+d_v_lin]]",,,"[[B, 1, n_k*d_k], [B, 1, n_k*d_k], [B, 1, n_v*d_v]]",[1264],8,linear_attn,,1,model.layers.8.linear_attn,aten.split_with_sizes.default,[],decode,True
1266,linear_attn,,view,"[[B, 1, n_k*d_k]]",,,"[[B, 1, n_h_lin_k, d_head_lin_k]]",[1265],8,linear_attn,,1,model.layers.8.linear_attn,aten.view.default,[],decode,True
1267,linear_attn,,view,"[[B, 1, n_k*d_k]]",,,"[[B, 1, n_h_lin_k, d_head_lin_k]]",[1265],8,linear_attn,,1,model.layers.8.linear_attn,aten.view.default,[],decode,True
1268,linear_attn,,view,"[[B, 1, n_v*d_v]]",,,"[[B, 1, n_h_lin_v, d_head_lin_v]]",[1265],8,linear_attn,,1,model.layers.8.linear_attn,aten.view.default,[],decode,True
1269,linear_attn,,sigmoid,"[[B, 1, n_h_lin_v]]",,,"[[B, 1, n_h_lin_v]]",[1251],8,linear_attn,,1,model.layers.8.linear_attn,aten.sigmoid.default,[],decode,False
1270,linear_attn,,_to_copy,[[n_h_lin_v]],,,[[n_h_lin_v]],[],8,linear_attn,,1,model.layers.8.linear_attn,aten._to_copy.default,[model.layers.8.linear_attn.A_log],decode,True
1271,linear_attn,,exp,[[n_h_lin_v]],,,[[n_h_lin_v]],[1270],8,linear_attn,,1,model.layers.8.linear_attn,aten.exp.default,[model.layers.8.linear_attn.A_log],decode,False
1272,linear_attn,,neg,[[n_h_lin_v]],,,[[n_h_lin_v]],[1271],8,linear_attn,,1,model.layers.8.linear_attn,aten.neg.default,[],decode,False
1273,linear_attn,,_to_copy,"[[B, 1, n_h_lin_v]]",,,"[[B, 1, n_h_lin_v]]",[1255],8,linear_attn,,1,model.layers.8.linear_attn,aten._to_copy.default,[],decode,True
1274,linear_attn,,elementwise_add,"[[B, 1, n_h_lin_v], [n_h_lin_v]]",,,"[[B, 1, n_h_lin_v]]",[1273],8,linear_attn,,1,model.layers.8.linear_attn,aten.add.Tensor,[model.layers.8.linear_attn.dt_bias],decode,False
1275,linear_attn,,softplus,"[[B, 1, n_h_lin_v]]",,,"[[B, 1, n_h_lin_v]]",[1274],8,linear_attn,,1,model.layers.8.linear_attn,aten.softplus.default,[],decode,True
1276,linear_attn,,elementwise_mul,"[[n_h_lin_v], [B, 1, n_h_lin_v]]",,,"[[B, 1, n_h_lin_v]]","[1272, 1275]",8,linear_attn,,1,model.layers.8.linear_attn,aten.mul.Tensor,[],decode,False
1277,linear_attn,,unsqueeze,"[[B, 1, n_h_lin_k, d_head_lin_k]]",,,"[[B, 1, n_h_lin_k, 1, d_head_lin_k]]",[1266],8,linear_attn,,1,model.layers.8.linear_attn,aten.unsqueeze.default,[],decode,True
1278,linear_attn,,expand,"[[B, 1, n_h_lin_k, 1, d_head_lin_k]]",,,"[[B, 1, n_h_lin_k, n_v/n_k, d_head_lin_k]]",[1277],8,linear_attn,,1,model.layers.8.linear_attn,aten.expand.default,[],decode,True
1279,linear_attn,,clone,"[[B, 1, n_h_lin_k, n_v/n_k, d_head_lin_k]]",,,"[[B, 1, n_h_lin_k, n_v/n_k, d_head_lin_k]]",[1278],8,linear_attn,,1,model.layers.8.linear_attn,aten.clone.default,[],decode,True
1280,linear_attn,,view,"[[B, 1, n_h_lin_k, n_v/n_k, d_head_lin_k]]",,,"[[B, 1, n_h_lin_v, d_head_lin_k]]",[1279],8,linear_attn,,1,model.layers.8.linear_attn,aten.view.default,[],decode,True
1281,linear_attn,,unsqueeze,"[[B, 1, n_h_lin_k, d_head_lin_k]]",,,"[[B, 1, n_h_lin_k, 1, d_head_lin_k]]",[1267],8,linear_attn,,1,model.layers.8.linear_attn,aten.unsqueeze.default,[],decode,True
1282,linear_attn,,expand,"[[B, 1, n_h_lin_k, 1, d_head_lin_k]]",,,"[[B, 1, n_h_lin_k, n_v/n_k, d_head_lin_k]]",[1281],8,linear_attn,,1,model.layers.8.linear_attn,aten.expand.default,[],decode,True
1283,linear_attn,,clone,"[[B, 1, n_h_lin_k, n_v/n_k, d_head_lin_k]]",,,"[[B, 1, n_h_lin_k, n_v/n_k, d_head_lin_k]]",[1282],8,linear_attn,,1,model.layers.8.linear_attn,aten.clone.default,[],decode,True
1284,linear_attn,,view,"[[B, 1, n_h_lin_k, n_v/n_k, d_head_lin_k]]",,,"[[B, 1, n_h_lin_v, d_head_lin_k]]",[1283],8,linear_attn,,1,model.layers.8.linear_attn,aten.view.default,[],decode,True
1285,linear_attn,,elementwise_mul,"[[B, 1, n_h_lin_v, d_head_lin_k], [B, 1, n_h_lin_v, d_head_lin_k]]",,,"[[B, 1, n_h_lin_v, d_head_lin_k]]",[1280],8,linear_attn,,1,model.layers.8.linear_attn,aten.mul.Tensor,[],decode,False
1286,linear_attn,,sum,"[[B, 1, n_h_lin_v, d_head_lin_k]]",,,"[[B, 1, n_h_lin_v, 1]]",[1285],8,linear_attn,,1,model.layers.8.linear_attn,aten.sum.dim_IntList,[],decode,True
1287,linear_attn,,elementwise_add,"[[B, 1, n_h_lin_v, 1]]",,,"[[B, 1, n_h_lin_v, 1]]",[1286],8,linear_attn,,1,model.layers.8.linear_attn,aten.add.Tensor,[],decode,False
1288,linear_attn,,rsqrt,"[[B, 1, n_h_lin_v, 1]]",,,"[[B, 1, n_h_lin_v, 1]]",[1287],8,linear_attn,,1,model.layers.8.linear_attn,aten.rsqrt.default,[],decode,False
1289,linear_attn,,elementwise_mul,"[[B, 1, n_h_lin_v, d_head_lin_k], [B, 1, n_h_lin_v, 1]]",,,"[[B, 1, n_h_lin_v, d_head_lin_k]]","[1280, 1288]",8,linear_attn,,1,model.layers.8.linear_attn,aten.mul.Tensor,[],decode,False
1290,linear_attn,,elementwise_mul,"[[B, 1, n_h_lin_v, d_head_lin_k], [B, 1, n_h_lin_v, d_head_lin_k]]",,,"[[B, 1, n_h_lin_v, d_head_lin_k]]",[1284],8,linear_attn,,1,model.layers.8.linear_attn,aten.mul.Tensor,[],decode,False
1291,linear_attn,,sum,"[[B, 1, n_h_lin_v, d_head_lin_k]]",,,"[[B, 1, n_h_lin_v, 1]]",[1290],8,linear_attn,,1,model.layers.8.linear_attn,aten.sum.dim_IntList,[],decode,True
1292,linear_attn,,elementwise_add,"[[B, 1, n_h_lin_v, 1]]",,,"[[B, 1, n_h_lin_v, 1]]",[1291],8,linear_attn,,1,model.layers.8.linear_attn,aten.add.Tensor,[],decode,False
1293,linear_attn,,rsqrt,"[[B, 1, n_h_lin_v, 1]]",,,"[[B, 1, n_h_lin_v, 1]]",[1292],8,linear_attn,,1,model.layers.8.linear_attn,aten.rsqrt.default,[],decode,False
1294,linear_attn,,elementwise_mul,"[[B, 1, n_h_lin_v, d_head_lin_k], [B, 1, n_h_lin_v, 1]]",,,"[[B, 1, n_h_lin_v, d_head_lin_k]]","[1284, 1293]",8,linear_attn,,1,model.layers.8.linear_attn,aten.mul.Tensor,[],decode,False
1295,linear_attn,,transpose,"[[B, 1, n_h_lin_v, d_head_lin_k]]",,,"[[B, n_h_lin_v, 1, d_head_lin_k]]",[1289],8,linear_attn,,1,model.layers.8.linear_attn,aten.transpose.int,[],decode,True
1296,linear_attn,,_to_copy,"[[B, n_h_lin_v, 1, d_head_lin_k]]",,,"[[B, n_h_lin_v, 1, d_head_lin_k]]",[1295],8,linear_attn,,1,model.layers.8.linear_attn,aten._to_copy.default,[],decode,True
1297,linear_attn,,transpose,"[[B, 1, n_h_lin_v, d_head_lin_k]]",,,"[[B, n_h_lin_v, 1, d_head_lin_k]]",[1294],8,linear_attn,,1,model.layers.8.linear_attn,aten.transpose.int,[],decode,True
1298,linear_attn,,_to_copy,"[[B, n_h_lin_v, 1, d_head_lin_k]]",,,"[[B, n_h_lin_v, 1, d_head_lin_k]]",[1297],8,linear_attn,,1,model.layers.8.linear_attn,aten._to_copy.default,[],decode,True
1299,linear_attn,,transpose,"[[B, 1, n_h_lin_v, d_head_lin_v]]",,,"[[B, n_h_lin_v, 1, d_head_lin_v]]",[1268],8,linear_attn,,1,model.layers.8.linear_attn,aten.transpose.int,[],decode,True
1300,linear_attn,,_to_copy,"[[B, n_h_lin_v, 1, d_head_lin_v]]",,,"[[B, n_h_lin_v, 1, d_head_lin_v]]",[1299],8,linear_attn,,1,model.layers.8.linear_attn,aten._to_copy.default,[],decode,True
1301,linear_attn,,transpose,"[[B, 1, n_h_lin_v]]",,,"[[B, n_h_lin_v, 1]]",[1269],8,linear_attn,,1,model.layers.8.linear_attn,aten.transpose.int,[],decode,True
1302,linear_attn,,_to_copy,"[[B, n_h_lin_v, 1]]",,,"[[B, n_h_lin_v, 1]]",[1301],8,linear_attn,,1,model.layers.8.linear_attn,aten._to_copy.default,[],decode,True
1303,linear_attn,,transpose,"[[B, 1, n_h_lin_v]]",,,"[[B, n_h_lin_v, 1]]",[1276],8,linear_attn,,1,model.layers.8.linear_attn,aten.transpose.int,[],decode,True
1304,linear_attn,,elementwise_mul,"[[B, n_h_lin_v, 1, d_head_lin_k]]",,,"[[B, n_h_lin_v, 1, d_head_lin_k]]",[1296],8,linear_attn,,1,model.layers.8.linear_attn,aten.mul.Tensor,[],decode,False
1305,linear_attn,,zeros,[],,,"[[B, n_h_lin_v, 1, d_head_lin_v]]",[],8,linear_attn,,1,model.layers.8.linear_attn,aten.zeros.default,[],decode,True
1306,linear_attn,,select,"[[B, n_h_lin_v, 1, d_head_lin_k]]",,,"[[B, n_h_lin_v, d_head_lin_k]]",[1304],8,linear_attn,,1,model.layers.8.linear_attn,aten.select.int,[],decode,True
1307,linear_attn,,select,"[[B, n_h_lin_v, 1, d_head_lin_k]]",,,"[[B, n_h_lin_v, d_head_lin_k]]",[1298],8,linear_attn,,1,model.layers.8.linear_attn,aten.select.int,[],decode,True
1308,linear_attn,,select,"[[B, n_h_lin_v, 1, d_head_lin_v]]",,,"[[B, n_h_lin_v, d_head_lin_v]]",[1300],8,linear_attn,,1,model.layers.8.linear_attn,aten.select.int,[],decode,True
1309,linear_attn,,select,"[[B, n_h_lin_v, 1]]",,,"[[B, n_h_lin_v]]",[1303],8,linear_attn,,1,model.layers.8.linear_attn,aten.select.int,[],decode,True
1310,linear_attn,,exp,"[[B, n_h_lin_v]]",,,"[[B, n_h_lin_v]]",[1309],8,linear_attn,,1,model.layers.8.linear_attn,aten.exp.default,[],decode,False
1311,linear_attn,,unsqueeze,"[[B, n_h_lin_v]]",,,"[[B, n_h_lin_v, 1]]",[1310],8,linear_attn,,1,model.layers.8.linear_attn,aten.unsqueeze.default,[],decode,True
1312,linear_attn,,unsqueeze,"[[B, n_h_lin_v, 1]]",,,"[[B, n_h_lin_v, 1, 1]]",[1311],8,linear_attn,,1,model.layers.8.linear_attn,aten.unsqueeze.default,[],decode,True
1313,linear_attn,,select,"[[B, n_h_lin_v, 1]]",,,"[[B, n_h_lin_v]]",[1302],8,linear_attn,,1,model.layers.8.linear_attn,aten.select.int,[],decode,True
1314,linear_attn,,unsqueeze,"[[B, n_h_lin_v]]",,,"[[B, n_h_lin_v, 1]]",[1313],8,linear_attn,,1,model.layers.8.linear_attn,aten.unsqueeze.default,[],decode,True
1315,linear_attn,,elementwise_mul,"[[B, n_h_lin_v, d_head_lin_k, d_head_lin_v], [B, n_h_lin_v, 1, 1]]",,,"[[B, n_h_lin_v, d_head_lin_k, d_head_lin_v]]",[1312],8,linear_attn,,1,model.layers.8.linear_attn,aten.mul.Tensor,[],decode,False
1316,linear_attn,,unsqueeze,"[[B, n_h_lin_v, d_head_lin_k]]",,,"[[B, n_h_lin_v, d_head_lin_k, 1]]",[1307],8,linear_attn,,1,model.layers.8.linear_attn,aten.unsqueeze.default,[],decode,True
1317,linear_attn,,elementwise_mul,"[[B, n_h_lin_v, d_head_lin_k, d_head_lin_v], [B, n_h_lin_v, d_head_lin_k, 1]]",,,"[[B, n_h_lin_v, d_head_lin_k, d_head_lin_v]]","[1315, 1316]",8,linear_attn,,1,model.layers.8.linear_attn,aten.mul.Tensor,[],decode,False
1318,linear_attn,,sum,"[[B, n_h_lin_v, d_head_lin_k, d_head_lin_v]]",,,"[[B, n_h_lin_v, d_head_lin_v]]",[1317],8,linear_attn,,1,model.layers.8.linear_attn,aten.sum.dim_IntList,[],decode,True
1319,linear_attn,,sub,"[[B, n_h_lin_v, d_head_lin_v], [B, n_h_lin_v, d_head_lin_v]]",,,"[[B, n_h_lin_v, d_head_lin_v]]","[1308, 1318]",8,linear_attn,,1,model.layers.8.linear_attn,aten.sub.Tensor,[],decode,True
1320,linear_attn,,elementwise_mul,"[[B, n_h_lin_v, d_head_lin_v], [B, n_h_lin_v, 1]]",,,"[[B, n_h_lin_v, d_head_lin_v]]","[1314, 1319]",8,linear_attn,,1,model.layers.8.linear_attn,aten.mul.Tensor,[],decode,False
1321,linear_attn,,unsqueeze,"[[B, n_h_lin_v, d_head_lin_k]]",,,"[[B, n_h_lin_v, d_head_lin_k, 1]]",[1307],8,linear_attn,,1,model.layers.8.linear_attn,aten.unsqueeze.default,[],decode,True
1322,linear_attn,,unsqueeze,"[[B, n_h_lin_v, d_head_lin_v]]",,,"[[B, n_h_lin_v, 1, d_head_lin_v]]",[1320],8,linear_attn,,1,model.layers.8.linear_attn,aten.unsqueeze.default,[],decode,True
1323,linear_attn,,elementwise_mul,"[[B, n_h_lin_v, d_head_lin_k, 1], [B, n_h_lin_v, 1, d_head_lin_v]]",,,"[[B, n_h_lin_v, d_head_lin_k, d_head_lin_v]]","[1321, 1322]",8,linear_attn,,1,model.layers.8.linear_attn,aten.mul.Tensor,[],decode,False
1324,linear_attn,,elementwise_add,"[[B, n_h_lin_v, d_head_lin_k, d_head_lin_v], [B, n_h_lin_v, d_head_lin_k, d_head_lin_v]]",,,"[[B, n_h_lin_v, d_head_lin_k, d_head_lin_v]]","[1315, 1323]",8,linear_attn,,1,model.layers.8.linear_attn,aten.add.Tensor,[],decode,False
1325,linear_attn,,unsqueeze,"[[B, n_h_lin_v, d_head_lin_k]]",,,"[[B, n_h_lin_v, d_head_lin_k, 1]]",[1306],8,linear_attn,,1,model.layers.8.linear_attn,aten.unsqueeze.default,[],decode,True
1326,linear_attn,,elementwise_mul,"[[B, n_h_lin_v, d_head_lin_k, d_head_lin_v], [B, n_h_lin_v, d_head_lin_k, 1]]",,,"[[B, n_h_lin_v, d_head_lin_k, d_head_lin_v]]","[1324, 1325]",8,linear_attn,,1,model.layers.8.linear_attn,aten.mul.Tensor,[],decode,False
1327,linear_attn,,sum,"[[B, n_h_lin_v, d_head_lin_k, d_head_lin_v]]",,,"[[B, n_h_lin_v, d_head_lin_v]]",[1326],8,linear_attn,,1,model.layers.8.linear_attn,aten.sum.dim_IntList,[],decode,True
1328,linear_attn,,select,"[[B, n_h_lin_v, 1, d_head_lin_v]]",,,"[[B, n_h_lin_v, d_head_lin_v]]",[1305],8,linear_attn,,1,model.layers.8.linear_attn,aten.select.int,[],decode,True
1329,linear_attn,,copy_,"[[B, n_h_lin_v, d_head_lin_v], [B, n_h_lin_v, d_head_lin_v]]",,,"[[B, n_h_lin_v, d_head_lin_v]]","[1327, 1328]",8,linear_attn,,1,model.layers.8.linear_attn,aten.copy_.default,[],decode,True
1330,linear_attn,,transpose,"[[B, n_h_lin_v, 1, d_head_lin_v]]",,,"[[B, 1, n_h_lin_v, d_head_lin_v]]",[1305],8,linear_attn,,1,model.layers.8.linear_attn,aten.transpose.int,[],decode,True
1331,linear_attn,,_to_copy,"[[B, 1, n_h_lin_v, d_head_lin_v]]",,,"[[B, 1, n_h_lin_v, d_head_lin_v]]",[1330],8,linear_attn,,1,model.layers.8.linear_attn,aten._to_copy.default,[],decode,True
1332,linear_attn,,copy_,"[[B, n_h_lin_v, d_head_lin_k, d_head_lin_v], [B, n_h_lin_v, d_head_lin_k, d_head_lin_v]]",,,"[[B, n_h_lin_v, d_head_lin_k, d_head_lin_v]]",[1324],8,linear_attn,,1,model.layers.8.linear_attn,aten.copy_.default,[],decode,True
1333,linear_attn,,view,"[[B, 1, n_h_lin_v, d_head_lin_v]]",,,"[[n_h_lin_v, d_head_lin_v]]",[1331],8,linear_attn,,1,model.layers.8.linear_attn,aten.view.default,[],decode,True
1334,linear_attn,,view,"[[B, 1, n_h_lin_v, d_head_lin_v]]",,,"[[n_h_lin_v, d_head_lin_v]]",[1247],8,linear_attn,,1,model.layers.8.linear_attn,aten.view.default,[],decode,True
1335,linear_attn,norm,_to_copy,"[[n_h_lin_v, d_head_lin_v]]",,,"[[n_h_lin_v, d_head_lin_v]]",[1333],8,linear_attn,norm,2,model.layers.8.linear_attn.norm,aten._to_copy.default,[],decode,True
1336,linear_attn,norm,pow,"[[n_h_lin_v, d_head_lin_v]]",,,"[[n_h_lin_v, d_head_lin_v]]",[1335],8,linear_attn,norm,2,model.layers.8.linear_attn.norm,aten.pow.Tensor_Scalar,[],decode,False
1337,linear_attn,norm,mean,"[[n_h_lin_v, d_head_lin_v]]",,,"[[n_h_lin_v, B]]",[1336],8,linear_attn,norm,2,model.layers.8.linear_attn.norm,aten.mean.dim,[],decode,False
1338,linear_attn,norm,elementwise_add,"[[n_h_lin_v, B]]",,,"[[n_h_lin_v, B]]",[1337],8,linear_attn,norm,2,model.layers.8.linear_attn.norm,aten.add.Tensor,[],decode,False
1339,linear_attn,norm,rsqrt,"[[n_h_lin_v, B]]",,,"[[n_h_lin_v, B]]",[1338],8,linear_attn,norm,2,model.layers.8.linear_attn.norm,aten.rsqrt.default,[],decode,False
1340,linear_attn,norm,elementwise_mul,"[[n_h_lin_v, d_head_lin_v], [n_h_lin_v, B]]",,,"[[n_h_lin_v, d_head_lin_v]]","[1335, 1339]",8,linear_attn,norm,2,model.layers.8.linear_attn.norm,aten.mul.Tensor,[],decode,False
1341,linear_attn,norm,_to_copy,"[[n_h_lin_v, d_head_lin_v]]",,,"[[n_h_lin_v, d_head_lin_v]]",[1340],8,linear_attn,norm,2,model.layers.8.linear_attn.norm,aten._to_copy.default,[],decode,True
1342,linear_attn,norm,elementwise_mul,"[[d_head_lin_v], [n_h_lin_v, d_head_lin_v]]",,,"[[n_h_lin_v, d_head_lin_v]]",[1341],8,linear_attn,norm,2,model.layers.8.linear_attn.norm,aten.mul.Tensor,[model.layers.8.linear_attn.norm.weight],decode,False
1343,linear_attn,norm,_to_copy,"[[n_h_lin_v, d_head_lin_v]]",,,"[[n_h_lin_v, d_head_lin_v]]",[1334],8,linear_attn,norm,2,model.layers.8.linear_attn.norm,aten._to_copy.default,[],decode,True
1344,linear_attn,norm,silu,"[[n_h_lin_v, d_head_lin_v]]",,,"[[n_h_lin_v, d_head_lin_v]]",[1343],8,linear_attn,norm,2,model.layers.8.linear_attn.norm,aten.silu.default,[],decode,False
1345,linear_attn,norm,elementwise_mul,"[[n_h_lin_v, d_head_lin_v], [n_h_lin_v, d_head_lin_v]]",,,"[[n_h_lin_v, d_head_lin_v]]","[1342, 1344]",8,linear_attn,norm,2,model.layers.8.linear_attn.norm,aten.mul.Tensor,[],decode,False
1346,linear_attn,norm,_to_copy,"[[n_h_lin_v, d_head_lin_v]]",,,"[[n_h_lin_v, d_head_lin_v]]",[1345],8,linear_attn,norm,2,model.layers.8.linear_attn.norm,aten._to_copy.default,[],decode,True
1347,linear_attn,,view,"[[n_h_lin_v, d_head_lin_v]]",,,"[[B, 1, n_v*d_v]]",[1346],8,linear_attn,,1,model.layers.8.linear_attn,aten.view.default,[],decode,True
1348,linear_attn,out_proj,t,"[[d_model, n_v*d_v]]","[d_model, n_v*d_v]",0,"[[n_v*d_v, d_model]]",[],8,linear_attn,out_proj,2,model.layers.8.linear_attn.out_proj,aten.t.default,[model.layers.8.linear_attn.out_proj.weight],decode,True
1349,linear_attn,out_proj,view,"[[B, 1, n_v*d_v]]",,,"[[B, n_v*d_v]]",[1347],8,linear_attn,out_proj,2,model.layers.8.linear_attn.out_proj,aten.view.default,[],decode,True
1350,linear_attn,out_proj,matmul,"[[B, n_v*d_v], [n_v*d_v, d_model]]","[d_model, n_v*d_v]",1,"[[B, d_model]]","[1348, 1349]",8,linear_attn,out_proj,2,model.layers.8.linear_attn.out_proj,aten.mm.default,[model.layers.8.linear_attn.out_proj.weight],decode,False
1351,linear_attn,out_proj,_unsafe_view,"[[B, d_model]]",,,"[[B, 1, d_model]]",[1350],8,linear_attn,out_proj,2,model.layers.8.linear_attn.out_proj,aten._unsafe_view.default,[],decode,True
1352,,,elementwise_add,"[[B, 1, d_model], [B, 1, d_model]]",,,"[[B, 1, d_model]]","[1227, 1351]",8,,,0,model.layers.8,aten.add.Tensor,[],decode,False
1353,post_attention_layernorm,,_to_copy,"[[B, 1, d_model]]",,,"[[B, 1, d_model]]",[1352],8,post_attention_layernorm,,1,model.layers.8.post_attention_layernorm,aten._to_copy.default,[],decode,True
1354,post_attention_layernorm,,pow,"[[B, 1, d_model]]",,,"[[B, 1, d_model]]",[1353],8,post_attention_layernorm,,1,model.layers.8.post_attention_layernorm,aten.pow.Tensor_Scalar,[],decode,False
1355,post_attention_layernorm,,mean,"[[B, 1, d_model]]",,,"[[B, 1, 1]]",[1354],8,post_attention_layernorm,,1,model.layers.8.post_attention_layernorm,aten.mean.dim,[],decode,False
1356,post_attention_layernorm,,elementwise_add,"[[B, 1, 1]]",,,"[[B, 1, 1]]",[1355],8,post_attention_layernorm,,1,model.layers.8.post_attention_layernorm,aten.add.Tensor,[],decode,False
1357,post_attention_layernorm,,rsqrt,"[[B, 1, 1]]",,,"[[B, 1, 1]]",[1356],8,post_attention_layernorm,,1,model.layers.8.post_attention_layernorm,aten.rsqrt.default,[],decode,False
1358,post_attention_layernorm,,elementwise_mul,"[[B, 1, d_model], [B, 1, 1]]",,,"[[B, 1, d_model]]","[1353, 1357]",8,post_attention_layernorm,,1,model.layers.8.post_attention_layernorm,aten.mul.Tensor,[],decode,False
1359,post_attention_layernorm,,_to_copy,[[d_model]],,,[[d_model]],[],8,post_attention_layernorm,,1,model.layers.8.post_attention_layernorm,aten._to_copy.default,[model.layers.8.post_attention_layernorm.weight],decode,True
1360,post_attention_layernorm,,elementwise_add,[[d_model]],,,[[d_model]],[1359],8,post_attention_layernorm,,1,model.layers.8.post_attention_layernorm,aten.add.Tensor,[model.layers.8.post_attention_layernorm.weight],decode,False
1361,post_attention_layernorm,,elementwise_mul,"[[B, 1, d_model], [d_model]]",,,"[[B, 1, d_model]]","[1358, 1360]",8,post_attention_layernorm,,1,model.layers.8.post_attention_layernorm,aten.mul.Tensor,[],decode,False
1362,post_attention_layernorm,,_to_copy,"[[B, 1, d_model]]",,,"[[B, 1, d_model]]",[1361],8,post_attention_layernorm,,1,model.layers.8.post_attention_layernorm,aten._to_copy.default,[],decode,True
1363,mlp,gate_proj,t,"[[d_ff, d_model]]","[d_ff, d_model]",0,"[[d_model, d_ff]]",[],8,mlp,gate_proj,2,model.layers.8.mlp.gate_proj,aten.t.default,[model.layers.8.mlp.gate_proj.weight],decode,True
1364,mlp,gate_proj,view,"[[B, 1, d_model]]",,,"[[B, d_model]]",[1362],8,mlp,gate_proj,2,model.layers.8.mlp.gate_proj,aten.view.default,[],decode,True
1365,mlp,gate_proj,matmul,"[[B, d_model], [d_model, d_ff]]","[d_ff, d_model]",1,"[[B, d_ff]]","[1363, 1364]",8,mlp,gate_proj,2,model.layers.8.mlp.gate_proj,aten.mm.default,[model.layers.8.mlp.gate_proj.weight],decode,False
1366,mlp,gate_proj,_unsafe_view,"[[B, d_ff]]",,,"[[B, 1, d_ff]]",[1365],8,mlp,gate_proj,2,model.layers.8.mlp.gate_proj,aten._unsafe_view.default,[],decode,True
1367,mlp,act_fn,silu,"[[B, 1, d_ff]]",,,"[[B, 1, d_ff]]",[1366],8,mlp,act_fn,2,model.layers.8.mlp.act_fn,aten.silu.default,[],decode,False
1368,mlp,up_proj,t,"[[d_ff, d_model]]","[d_ff, d_model]",0,"[[d_model, d_ff]]",[],8,mlp,up_proj,2,model.layers.8.mlp.up_proj,aten.t.default,[model.layers.8.mlp.up_proj.weight],decode,True
1369,mlp,up_proj,view,"[[B, 1, d_model]]",,,"[[B, d_model]]",[1362],8,mlp,up_proj,2,model.layers.8.mlp.up_proj,aten.view.default,[],decode,True
1370,mlp,up_proj,matmul,"[[B, d_model], [d_model, d_ff]]","[d_ff, d_model]",1,"[[B, d_ff]]","[1368, 1369]",8,mlp,up_proj,2,model.layers.8.mlp.up_proj,aten.mm.default,[model.layers.8.mlp.up_proj.weight],decode,False
1371,mlp,up_proj,_unsafe_view,"[[B, d_ff]]",,,"[[B, 1, d_ff]]",[1370],8,mlp,up_proj,2,model.layers.8.mlp.up_proj,aten._unsafe_view.default,[],decode,True
1372,mlp,,elementwise_mul,"[[B, 1, d_ff], [B, 1, d_ff]]",,,"[[B, 1, d_ff]]","[1367, 1371]",8,mlp,,1,model.layers.8.mlp,aten.mul.Tensor,[],decode,False
1373,mlp,down_proj,t,"[[d_model, d_ff]]","[d_model, d_ff]",0,"[[d_ff, d_model]]",[],8,mlp,down_proj,2,model.layers.8.mlp.down_proj,aten.t.default,[model.layers.8.mlp.down_proj.weight],decode,True
1374,mlp,down_proj,view,"[[B, 1, d_ff]]",,,"[[B, d_ff]]",[1372],8,mlp,down_proj,2,model.layers.8.mlp.down_proj,aten.view.default,[],decode,True
1375,mlp,down_proj,matmul,"[[B, d_ff], [d_ff, d_model]]","[d_model, d_ff]",1,"[[B, d_model]]","[1373, 1374]",8,mlp,down_proj,2,model.layers.8.mlp.down_proj,aten.mm.default,[model.layers.8.mlp.down_proj.weight],decode,False
1376,mlp,down_proj,_unsafe_view,"[[B, d_model]]",,,"[[B, 1, d_model]]",[1375],8,mlp,down_proj,2,model.layers.8.mlp.down_proj,aten._unsafe_view.default,[],decode,True
1377,,,elementwise_add,"[[B, 1, d_model], [B, 1, d_model]]",,,"[[B, 1, d_model]]","[1352, 1376]",8,,,0,model.layers.8,aten.add.Tensor,[],decode,False
1378,input_layernorm,,_to_copy,"[[B, 1, d_model]]",,,"[[B, 1, d_model]]",[1377],9,input_layernorm,,1,model.layers.9.input_layernorm,aten._to_copy.default,[],decode,True
1379,input_layernorm,,pow,"[[B, 1, d_model]]",,,"[[B, 1, d_model]]",[1378],9,input_layernorm,,1,model.layers.9.input_layernorm,aten.pow.Tensor_Scalar,[],decode,False
1380,input_layernorm,,mean,"[[B, 1, d_model]]",,,"[[B, 1, 1]]",[1379],9,input_layernorm,,1,model.layers.9.input_layernorm,aten.mean.dim,[],decode,False
1381,input_layernorm,,elementwise_add,"[[B, 1, 1]]",,,"[[B, 1, 1]]",[1380],9,input_layernorm,,1,model.layers.9.input_layernorm,aten.add.Tensor,[],decode,False
1382,input_layernorm,,rsqrt,"[[B, 1, 1]]",,,"[[B, 1, 1]]",[1381],9,input_layernorm,,1,model.layers.9.input_layernorm,aten.rsqrt.default,[],decode,False
1383,input_layernorm,,elementwise_mul,"[[B, 1, d_model], [B, 1, 1]]",,,"[[B, 1, d_model]]","[1378, 1382]",9,input_layernorm,,1,model.layers.9.input_layernorm,aten.mul.Tensor,[],decode,False
1384,input_layernorm,,_to_copy,[[d_model]],,,[[d_model]],[],9,input_layernorm,,1,model.layers.9.input_layernorm,aten._to_copy.default,[model.layers.9.input_layernorm.weight],decode,True
1385,input_layernorm,,elementwise_add,[[d_model]],,,[[d_model]],[1384],9,input_layernorm,,1,model.layers.9.input_layernorm,aten.add.Tensor,[model.layers.9.input_layernorm.weight],decode,False
1386,input_layernorm,,elementwise_mul,"[[B, 1, d_model], [d_model]]",,,"[[B, 1, d_model]]","[1383, 1385]",9,input_layernorm,,1,model.layers.9.input_layernorm,aten.mul.Tensor,[],decode,False
1387,input_layernorm,,_to_copy,"[[B, 1, d_model]]",,,"[[B, 1, d_model]]",[1386],9,input_layernorm,,1,model.layers.9.input_layernorm,aten._to_copy.default,[],decode,True
1388,linear_attn,in_proj_qkv,t,"[[2*d_k_lin+d_v_lin, d_model]]","[2*d_k_lin+d_v_lin, d_model]",0,"[[d_model, 2*d_k_lin+d_v_lin]]",[],9,linear_attn,in_proj_qkv,2,model.layers.9.linear_attn.in_proj_qkv,aten.t.default,[model.layers.9.linear_attn.in_proj_qkv.weight],decode,True
1389,linear_attn,in_proj_qkv,view,"[[B, 1, d_model]]",,,"[[B, d_model]]",[1387],9,linear_attn,in_proj_qkv,2,model.layers.9.linear_attn.in_proj_qkv,aten.view.default,[],decode,True
1390,linear_attn,in_proj_qkv,matmul,"[[B, d_model], [d_model, 2*d_k_lin+d_v_lin]]","[2*d_k_lin+d_v_lin, d_model]",1,"[[B, 2*d_k_lin+d_v_lin]]","[1388, 1389]",9,linear_attn,in_proj_qkv,2,model.layers.9.linear_attn.in_proj_qkv,aten.mm.default,[model.layers.9.linear_attn.in_proj_qkv.weight],decode,False
1391,linear_attn,in_proj_qkv,_unsafe_view,"[[B, 2*d_k_lin+d_v_lin]]",,,"[[B, 1, 2*d_k_lin+d_v_lin]]",[1390],9,linear_attn,in_proj_qkv,2,model.layers.9.linear_attn.in_proj_qkv,aten._unsafe_view.default,[],decode,True
1392,linear_attn,,transpose,"[[B, 1, 2*d_k_lin+d_v_lin]]",,,"[[B, 2*d_k_lin+d_v_lin, 1]]",[1391],9,linear_attn,,1,model.layers.9.linear_attn,aten.transpose.int,[],decode,True
1393,linear_attn,in_proj_z,t,"[[n_v*d_v, d_model]]","[n_v*d_v, d_model]",0,"[[d_model, n_v*d_v]]",[],9,linear_attn,in_proj_z,2,model.layers.9.linear_attn.in_proj_z,aten.t.default,[model.layers.9.linear_attn.in_proj_z.weight],decode,True
1394,linear_attn,in_proj_z,view,"[[B, 1, d_model]]",,,"[[B, d_model]]",[1387],9,linear_attn,in_proj_z,2,model.layers.9.linear_attn.in_proj_z,aten.view.default,[],decode,True
1395,linear_attn,in_proj_z,matmul,"[[B, d_model], [d_model, n_v*d_v]]","[n_v*d_v, d_model]",1,"[[B, n_v*d_v]]","[1393, 1394]",9,linear_attn,in_proj_z,2,model.layers.9.linear_attn.in_proj_z,aten.mm.default,[model.layers.9.linear_attn.in_proj_z.weight],decode,False
1396,linear_attn,in_proj_z,_unsafe_view,"[[B, n_v*d_v]]",,,"[[B, 1, n_v*d_v]]",[1395],9,linear_attn,in_proj_z,2,model.layers.9.linear_attn.in_proj_z,aten._unsafe_view.default,[],decode,True
1397,linear_attn,,view,"[[B, 1, n_v*d_v]]",,,"[[B, 1, n_h_lin_v, d_head_lin_v]]",[1396],9,linear_attn,,1,model.layers.9.linear_attn,aten.view.default,[],decode,True
1398,linear_attn,in_proj_b,t,"[[n_h_lin_v, d_model]]","[n_h_lin_v, d_model]",0,"[[d_model, n_h_lin_v]]",[],9,linear_attn,in_proj_b,2,model.layers.9.linear_attn.in_proj_b,aten.t.default,[model.layers.9.linear_attn.in_proj_b.weight],decode,True
1399,linear_attn,in_proj_b,view,"[[B, 1, d_model]]",,,"[[B, d_model]]",[1387],9,linear_attn,in_proj_b,2,model.layers.9.linear_attn.in_proj_b,aten.view.default,[],decode,True
1400,linear_attn,in_proj_b,matmul,"[[B, d_model], [d_model, n_h_lin_v]]","[n_h_lin_v, d_model]",1,"[[B, n_h_lin_v]]","[1398, 1399]",9,linear_attn,in_proj_b,2,model.layers.9.linear_attn.in_proj_b,aten.mm.default,[model.layers.9.linear_attn.in_proj_b.weight],decode,False
1401,linear_attn,in_proj_b,_unsafe_view,"[[B, n_h_lin_v]]",,,"[[B, 1, n_h_lin_v]]",[1400],9,linear_attn,in_proj_b,2,model.layers.9.linear_attn.in_proj_b,aten._unsafe_view.default,[],decode,True
1402,linear_attn,in_proj_a,t,"[[n_h_lin_v, d_model]]","[n_h_lin_v, d_model]",0,"[[d_model, n_h_lin_v]]",[],9,linear_attn,in_proj_a,2,model.layers.9.linear_attn.in_proj_a,aten.t.default,[model.layers.9.linear_attn.in_proj_a.weight],decode,True
1403,linear_attn,in_proj_a,view,"[[B, 1, d_model]]",,,"[[B, d_model]]",[1387],9,linear_attn,in_proj_a,2,model.layers.9.linear_attn.in_proj_a,aten.view.default,[],decode,True
1404,linear_attn,in_proj_a,matmul,"[[B, d_model], [d_model, n_h_lin_v]]","[n_h_lin_v, d_model]",1,"[[B, n_h_lin_v]]","[1402, 1403]",9,linear_attn,in_proj_a,2,model.layers.9.linear_attn.in_proj_a,aten.mm.default,[model.layers.9.linear_attn.in_proj_a.weight],decode,False
1405,linear_attn,in_proj_a,_unsafe_view,"[[B, n_h_lin_v]]",,,"[[B, 1, n_h_lin_v]]",[1404],9,linear_attn,in_proj_a,2,model.layers.9.linear_attn.in_proj_a,aten._unsafe_view.default,[],decode,True
1406,linear_attn,,squeeze,"[[2*d_k_lin+d_v_lin, 1, d_conv_lin]]","[2*d_k_lin+d_v_lin, 1, d_conv_lin]",0,"[[2*d_k_lin+d_v_lin, d_conv_lin]]",[],9,linear_attn,,1,model.layers.9.linear_attn,aten.squeeze.dim,[model.layers.9.linear_attn.conv1d.weight],decode,True
1407,linear_attn,,concat,"[[B, 2*d_k_lin+d_v_lin, d_conv_lin], [B, 2*d_k_lin+d_v_lin, 1]]",,,"[[B, 2*d_k_lin+d_v_lin, 5]]",[1392],9,linear_attn,,1,model.layers.9.linear_attn,aten.cat.default,[],decode,False
1408,linear_attn,,slice,"[[B, 2*d_k_lin+d_v_lin, 5]]",,,"[[B, 2*d_k_lin+d_v_lin, d_conv_lin]]",[1407],9,linear_attn,,1,model.layers.9.linear_attn,aten.slice.Tensor,[],decode,True
1409,linear_attn,,copy_,"[[B, 2*d_k_lin+d_v_lin, d_conv_lin], [B, 2*d_k_lin+d_v_lin, d_conv_lin]]",,,"[[B, 2*d_k_lin+d_v_lin, d_conv_lin]]",[1408],9,linear_attn,,1,model.layers.9.linear_attn,aten.copy_.default,[],decode,True
1410,linear_attn,,unsqueeze,"[[2*d_k_lin+d_v_lin, d_conv_lin]]",,,"[[2*d_k_lin+d_v_lin, 1, d_conv_lin]]",[1406],9,linear_attn,,1,model.layers.9.linear_attn,aten.unsqueeze.default,[],decode,True
1411,linear_attn,,conv1d,"[[B, 2*d_k_lin+d_v_lin, 5], [2*d_k_lin+d_v_lin, 1, d_conv_lin]]",,,"[[B, 2*d_k_lin+d_v_lin, 2]]","[1407, 1410]",9,linear_attn,,1,model.layers.9.linear_attn,aten.convolution.default,[],decode,False
1412,linear_attn,,slice,"[[B, 2*d_k_lin+d_v_lin, 2]]",,,"[[B, 2*d_k_lin+d_v_lin, 1]]",[1411],9,linear_attn,,1,model.layers.9.linear_attn,aten.slice.Tensor,[],decode,True
1413,linear_attn,,silu,"[[B, 2*d_k_lin+d_v_lin, 1]]",,,"[[B, 2*d_k_lin+d_v_lin, 1]]",[1412],9,linear_attn,,1,model.layers.9.linear_attn,aten.silu.default,[],decode,False
1414,linear_attn,,transpose,"[[B, 2*d_k_lin+d_v_lin, 1]]",,,"[[B, 1, 2*d_k_lin+d_v_lin]]",[1413],9,linear_attn,,1,model.layers.9.linear_attn,aten.transpose.int,[],decode,True
1415,linear_attn,,split_with_sizes,"[[B, 1, 2*d_k_lin+d_v_lin]]",,,"[[B, 1, n_k*d_k], [B, 1, n_k*d_k], [B, 1, n_v*d_v]]",[1414],9,linear_attn,,1,model.layers.9.linear_attn,aten.split_with_sizes.default,[],decode,True
1416,linear_attn,,view,"[[B, 1, n_k*d_k]]",,,"[[B, 1, n_h_lin_k, d_head_lin_k]]",[1415],9,linear_attn,,1,model.layers.9.linear_attn,aten.view.default,[],decode,True
1417,linear_attn,,view,"[[B, 1, n_k*d_k]]",,,"[[B, 1, n_h_lin_k, d_head_lin_k]]",[1415],9,linear_attn,,1,model.layers.9.linear_attn,aten.view.default,[],decode,True
1418,linear_attn,,view,"[[B, 1, n_v*d_v]]",,,"[[B, 1, n_h_lin_v, d_head_lin_v]]",[1415],9,linear_attn,,1,model.layers.9.linear_attn,aten.view.default,[],decode,True
1419,linear_attn,,sigmoid,"[[B, 1, n_h_lin_v]]",,,"[[B, 1, n_h_lin_v]]",[1401],9,linear_attn,,1,model.layers.9.linear_attn,aten.sigmoid.default,[],decode,False
1420,linear_attn,,_to_copy,[[n_h_lin_v]],,,[[n_h_lin_v]],[],9,linear_attn,,1,model.layers.9.linear_attn,aten._to_copy.default,[model.layers.9.linear_attn.A_log],decode,True
1421,linear_attn,,exp,[[n_h_lin_v]],,,[[n_h_lin_v]],[1420],9,linear_attn,,1,model.layers.9.linear_attn,aten.exp.default,[model.layers.9.linear_attn.A_log],decode,False
1422,linear_attn,,neg,[[n_h_lin_v]],,,[[n_h_lin_v]],[1421],9,linear_attn,,1,model.layers.9.linear_attn,aten.neg.default,[],decode,False
1423,linear_attn,,_to_copy,"[[B, 1, n_h_lin_v]]",,,"[[B, 1, n_h_lin_v]]",[1405],9,linear_attn,,1,model.layers.9.linear_attn,aten._to_copy.default,[],decode,True
1424,linear_attn,,elementwise_add,"[[B, 1, n_h_lin_v], [n_h_lin_v]]",,,"[[B, 1, n_h_lin_v]]",[1423],9,linear_attn,,1,model.layers.9.linear_attn,aten.add.Tensor,[model.layers.9.linear_attn.dt_bias],decode,False
1425,linear_attn,,softplus,"[[B, 1, n_h_lin_v]]",,,"[[B, 1, n_h_lin_v]]",[1424],9,linear_attn,,1,model.layers.9.linear_attn,aten.softplus.default,[],decode,True
1426,linear_attn,,elementwise_mul,"[[n_h_lin_v], [B, 1, n_h_lin_v]]",,,"[[B, 1, n_h_lin_v]]","[1422, 1425]",9,linear_attn,,1,model.layers.9.linear_attn,aten.mul.Tensor,[],decode,False
1427,linear_attn,,unsqueeze,"[[B, 1, n_h_lin_k, d_head_lin_k]]",,,"[[B, 1, n_h_lin_k, 1, d_head_lin_k]]",[1416],9,linear_attn,,1,model.layers.9.linear_attn,aten.unsqueeze.default,[],decode,True
1428,linear_attn,,expand,"[[B, 1, n_h_lin_k, 1, d_head_lin_k]]",,,"[[B, 1, n_h_lin_k, n_v/n_k, d_head_lin_k]]",[1427],9,linear_attn,,1,model.layers.9.linear_attn,aten.expand.default,[],decode,True
1429,linear_attn,,clone,"[[B, 1, n_h_lin_k, n_v/n_k, d_head_lin_k]]",,,"[[B, 1, n_h_lin_k, n_v/n_k, d_head_lin_k]]",[1428],9,linear_attn,,1,model.layers.9.linear_attn,aten.clone.default,[],decode,True
1430,linear_attn,,view,"[[B, 1, n_h_lin_k, n_v/n_k, d_head_lin_k]]",,,"[[B, 1, n_h_lin_v, d_head_lin_k]]",[1429],9,linear_attn,,1,model.layers.9.linear_attn,aten.view.default,[],decode,True
1431,linear_attn,,unsqueeze,"[[B, 1, n_h_lin_k, d_head_lin_k]]",,,"[[B, 1, n_h_lin_k, 1, d_head_lin_k]]",[1417],9,linear_attn,,1,model.layers.9.linear_attn,aten.unsqueeze.default,[],decode,True
1432,linear_attn,,expand,"[[B, 1, n_h_lin_k, 1, d_head_lin_k]]",,,"[[B, 1, n_h_lin_k, n_v/n_k, d_head_lin_k]]",[1431],9,linear_attn,,1,model.layers.9.linear_attn,aten.expand.default,[],decode,True
1433,linear_attn,,clone,"[[B, 1, n_h_lin_k, n_v/n_k, d_head_lin_k]]",,,"[[B, 1, n_h_lin_k, n_v/n_k, d_head_lin_k]]",[1432],9,linear_attn,,1,model.layers.9.linear_attn,aten.clone.default,[],decode,True
1434,linear_attn,,view,"[[B, 1, n_h_lin_k, n_v/n_k, d_head_lin_k]]",,,"[[B, 1, n_h_lin_v, d_head_lin_k]]",[1433],9,linear_attn,,1,model.layers.9.linear_attn,aten.view.default,[],decode,True
1435,linear_attn,,elementwise_mul,"[[B, 1, n_h_lin_v, d_head_lin_k], [B, 1, n_h_lin_v, d_head_lin_k]]",,,"[[B, 1, n_h_lin_v, d_head_lin_k]]",[1430],9,linear_attn,,1,model.layers.9.linear_attn,aten.mul.Tensor,[],decode,False
1436,linear_attn,,sum,"[[B, 1, n_h_lin_v, d_head_lin_k]]",,,"[[B, 1, n_h_lin_v, 1]]",[1435],9,linear_attn,,1,model.layers.9.linear_attn,aten.sum.dim_IntList,[],decode,True
1437,linear_attn,,elementwise_add,"[[B, 1, n_h_lin_v, 1]]",,,"[[B, 1, n_h_lin_v, 1]]",[1436],9,linear_attn,,1,model.layers.9.linear_attn,aten.add.Tensor,[],decode,False
1438,linear_attn,,rsqrt,"[[B, 1, n_h_lin_v, 1]]",,,"[[B, 1, n_h_lin_v, 1]]",[1437],9,linear_attn,,1,model.layers.9.linear_attn,aten.rsqrt.default,[],decode,False
1439,linear_attn,,elementwise_mul,"[[B, 1, n_h_lin_v, d_head_lin_k], [B, 1, n_h_lin_v, 1]]",,,"[[B, 1, n_h_lin_v, d_head_lin_k]]","[1430, 1438]",9,linear_attn,,1,model.layers.9.linear_attn,aten.mul.Tensor,[],decode,False
1440,linear_attn,,elementwise_mul,"[[B, 1, n_h_lin_v, d_head_lin_k], [B, 1, n_h_lin_v, d_head_lin_k]]",,,"[[B, 1, n_h_lin_v, d_head_lin_k]]",[1434],9,linear_attn,,1,model.layers.9.linear_attn,aten.mul.Tensor,[],decode,False
1441,linear_attn,,sum,"[[B, 1, n_h_lin_v, d_head_lin_k]]",,,"[[B, 1, n_h_lin_v, 1]]",[1440],9,linear_attn,,1,model.layers.9.linear_attn,aten.sum.dim_IntList,[],decode,True
1442,linear_attn,,elementwise_add,"[[B, 1, n_h_lin_v, 1]]",,,"[[B, 1, n_h_lin_v, 1]]",[1441],9,linear_attn,,1,model.layers.9.linear_attn,aten.add.Tensor,[],decode,False
1443,linear_attn,,rsqrt,"[[B, 1, n_h_lin_v, 1]]",,,"[[B, 1, n_h_lin_v, 1]]",[1442],9,linear_attn,,1,model.layers.9.linear_attn,aten.rsqrt.default,[],decode,False
1444,linear_attn,,elementwise_mul,"[[B, 1, n_h_lin_v, d_head_lin_k], [B, 1, n_h_lin_v, 1]]",,,"[[B, 1, n_h_lin_v, d_head_lin_k]]","[1434, 1443]",9,linear_attn,,1,model.layers.9.linear_attn,aten.mul.Tensor,[],decode,False
1445,linear_attn,,transpose,"[[B, 1, n_h_lin_v, d_head_lin_k]]",,,"[[B, n_h_lin_v, 1, d_head_lin_k]]",[1439],9,linear_attn,,1,model.layers.9.linear_attn,aten.transpose.int,[],decode,True
1446,linear_attn,,_to_copy,"[[B, n_h_lin_v, 1, d_head_lin_k]]",,,"[[B, n_h_lin_v, 1, d_head_lin_k]]",[1445],9,linear_attn,,1,model.layers.9.linear_attn,aten._to_copy.default,[],decode,True
1447,linear_attn,,transpose,"[[B, 1, n_h_lin_v, d_head_lin_k]]",,,"[[B, n_h_lin_v, 1, d_head_lin_k]]",[1444],9,linear_attn,,1,model.layers.9.linear_attn,aten.transpose.int,[],decode,True
1448,linear_attn,,_to_copy,"[[B, n_h_lin_v, 1, d_head_lin_k]]",,,"[[B, n_h_lin_v, 1, d_head_lin_k]]",[1447],9,linear_attn,,1,model.layers.9.linear_attn,aten._to_copy.default,[],decode,True
1449,linear_attn,,transpose,"[[B, 1, n_h_lin_v, d_head_lin_v]]",,,"[[B, n_h_lin_v, 1, d_head_lin_v]]",[1418],9,linear_attn,,1,model.layers.9.linear_attn,aten.transpose.int,[],decode,True
1450,linear_attn,,_to_copy,"[[B, n_h_lin_v, 1, d_head_lin_v]]",,,"[[B, n_h_lin_v, 1, d_head_lin_v]]",[1449],9,linear_attn,,1,model.layers.9.linear_attn,aten._to_copy.default,[],decode,True
1451,linear_attn,,transpose,"[[B, 1, n_h_lin_v]]",,,"[[B, n_h_lin_v, 1]]",[1419],9,linear_attn,,1,model.layers.9.linear_attn,aten.transpose.int,[],decode,True
1452,linear_attn,,_to_copy,"[[B, n_h_lin_v, 1]]",,,"[[B, n_h_lin_v, 1]]",[1451],9,linear_attn,,1,model.layers.9.linear_attn,aten._to_copy.default,[],decode,True
1453,linear_attn,,transpose,"[[B, 1, n_h_lin_v]]",,,"[[B, n_h_lin_v, 1]]",[1426],9,linear_attn,,1,model.layers.9.linear_attn,aten.transpose.int,[],decode,True
1454,linear_attn,,elementwise_mul,"[[B, n_h_lin_v, 1, d_head_lin_k]]",,,"[[B, n_h_lin_v, 1, d_head_lin_k]]",[1446],9,linear_attn,,1,model.layers.9.linear_attn,aten.mul.Tensor,[],decode,False
1455,linear_attn,,zeros,[],,,"[[B, n_h_lin_v, 1, d_head_lin_v]]",[],9,linear_attn,,1,model.layers.9.linear_attn,aten.zeros.default,[],decode,True
1456,linear_attn,,select,"[[B, n_h_lin_v, 1, d_head_lin_k]]",,,"[[B, n_h_lin_v, d_head_lin_k]]",[1454],9,linear_attn,,1,model.layers.9.linear_attn,aten.select.int,[],decode,True
1457,linear_attn,,select,"[[B, n_h_lin_v, 1, d_head_lin_k]]",,,"[[B, n_h_lin_v, d_head_lin_k]]",[1448],9,linear_attn,,1,model.layers.9.linear_attn,aten.select.int,[],decode,True
1458,linear_attn,,select,"[[B, n_h_lin_v, 1, d_head_lin_v]]",,,"[[B, n_h_lin_v, d_head_lin_v]]",[1450],9,linear_attn,,1,model.layers.9.linear_attn,aten.select.int,[],decode,True
1459,linear_attn,,select,"[[B, n_h_lin_v, 1]]",,,"[[B, n_h_lin_v]]",[1453],9,linear_attn,,1,model.layers.9.linear_attn,aten.select.int,[],decode,True
1460,linear_attn,,exp,"[[B, n_h_lin_v]]",,,"[[B, n_h_lin_v]]",[1459],9,linear_attn,,1,model.layers.9.linear_attn,aten.exp.default,[],decode,False
1461,linear_attn,,unsqueeze,"[[B, n_h_lin_v]]",,,"[[B, n_h_lin_v, 1]]",[1460],9,linear_attn,,1,model.layers.9.linear_attn,aten.unsqueeze.default,[],decode,True
1462,linear_attn,,unsqueeze,"[[B, n_h_lin_v, 1]]",,,"[[B, n_h_lin_v, 1, 1]]",[1461],9,linear_attn,,1,model.layers.9.linear_attn,aten.unsqueeze.default,[],decode,True
1463,linear_attn,,select,"[[B, n_h_lin_v, 1]]",,,"[[B, n_h_lin_v]]",[1452],9,linear_attn,,1,model.layers.9.linear_attn,aten.select.int,[],decode,True
1464,linear_attn,,unsqueeze,"[[B, n_h_lin_v]]",,,"[[B, n_h_lin_v, 1]]",[1463],9,linear_attn,,1,model.layers.9.linear_attn,aten.unsqueeze.default,[],decode,True
1465,linear_attn,,elementwise_mul,"[[B, n_h_lin_v, d_head_lin_k, d_head_lin_v], [B, n_h_lin_v, 1, 1]]",,,"[[B, n_h_lin_v, d_head_lin_k, d_head_lin_v]]",[1462],9,linear_attn,,1,model.layers.9.linear_attn,aten.mul.Tensor,[],decode,False
1466,linear_attn,,unsqueeze,"[[B, n_h_lin_v, d_head_lin_k]]",,,"[[B, n_h_lin_v, d_head_lin_k, 1]]",[1457],9,linear_attn,,1,model.layers.9.linear_attn,aten.unsqueeze.default,[],decode,True
1467,linear_attn,,elementwise_mul,"[[B, n_h_lin_v, d_head_lin_k, d_head_lin_v], [B, n_h_lin_v, d_head_lin_k, 1]]",,,"[[B, n_h_lin_v, d_head_lin_k, d_head_lin_v]]","[1465, 1466]",9,linear_attn,,1,model.layers.9.linear_attn,aten.mul.Tensor,[],decode,False
1468,linear_attn,,sum,"[[B, n_h_lin_v, d_head_lin_k, d_head_lin_v]]",,,"[[B, n_h_lin_v, d_head_lin_v]]",[1467],9,linear_attn,,1,model.layers.9.linear_attn,aten.sum.dim_IntList,[],decode,True
1469,linear_attn,,sub,"[[B, n_h_lin_v, d_head_lin_v], [B, n_h_lin_v, d_head_lin_v]]",,,"[[B, n_h_lin_v, d_head_lin_v]]","[1458, 1468]",9,linear_attn,,1,model.layers.9.linear_attn,aten.sub.Tensor,[],decode,True
1470,linear_attn,,elementwise_mul,"[[B, n_h_lin_v, d_head_lin_v], [B, n_h_lin_v, 1]]",,,"[[B, n_h_lin_v, d_head_lin_v]]","[1464, 1469]",9,linear_attn,,1,model.layers.9.linear_attn,aten.mul.Tensor,[],decode,False
1471,linear_attn,,unsqueeze,"[[B, n_h_lin_v, d_head_lin_k]]",,,"[[B, n_h_lin_v, d_head_lin_k, 1]]",[1457],9,linear_attn,,1,model.layers.9.linear_attn,aten.unsqueeze.default,[],decode,True
1472,linear_attn,,unsqueeze,"[[B, n_h_lin_v, d_head_lin_v]]",,,"[[B, n_h_lin_v, 1, d_head_lin_v]]",[1470],9,linear_attn,,1,model.layers.9.linear_attn,aten.unsqueeze.default,[],decode,True
1473,linear_attn,,elementwise_mul,"[[B, n_h_lin_v, d_head_lin_k, 1], [B, n_h_lin_v, 1, d_head_lin_v]]",,,"[[B, n_h_lin_v, d_head_lin_k, d_head_lin_v]]","[1471, 1472]",9,linear_attn,,1,model.layers.9.linear_attn,aten.mul.Tensor,[],decode,False
1474,linear_attn,,elementwise_add,"[[B, n_h_lin_v, d_head_lin_k, d_head_lin_v], [B, n_h_lin_v, d_head_lin_k, d_head_lin_v]]",,,"[[B, n_h_lin_v, d_head_lin_k, d_head_lin_v]]","[1465, 1473]",9,linear_attn,,1,model.layers.9.linear_attn,aten.add.Tensor,[],decode,False
1475,linear_attn,,unsqueeze,"[[B, n_h_lin_v, d_head_lin_k]]",,,"[[B, n_h_lin_v, d_head_lin_k, 1]]",[1456],9,linear_attn,,1,model.layers.9.linear_attn,aten.unsqueeze.default,[],decode,True
1476,linear_attn,,elementwise_mul,"[[B, n_h_lin_v, d_head_lin_k, d_head_lin_v], [B, n_h_lin_v, d_head_lin_k, 1]]",,,"[[B, n_h_lin_v, d_head_lin_k, d_head_lin_v]]","[1474, 1475]",9,linear_attn,,1,model.layers.9.linear_attn,aten.mul.Tensor,[],decode,False
1477,linear_attn,,sum,"[[B, n_h_lin_v, d_head_lin_k, d_head_lin_v]]",,,"[[B, n_h_lin_v, d_head_lin_v]]",[1476],9,linear_attn,,1,model.layers.9.linear_attn,aten.sum.dim_IntList,[],decode,True
1478,linear_attn,,select,"[[B, n_h_lin_v, 1, d_head_lin_v]]",,,"[[B, n_h_lin_v, d_head_lin_v]]",[1455],9,linear_attn,,1,model.layers.9.linear_attn,aten.select.int,[],decode,True
1479,linear_attn,,copy_,"[[B, n_h_lin_v, d_head_lin_v], [B, n_h_lin_v, d_head_lin_v]]",,,"[[B, n_h_lin_v, d_head_lin_v]]","[1477, 1478]",9,linear_attn,,1,model.layers.9.linear_attn,aten.copy_.default,[],decode,True
1480,linear_attn,,transpose,"[[B, n_h_lin_v, 1, d_head_lin_v]]",,,"[[B, 1, n_h_lin_v, d_head_lin_v]]",[1455],9,linear_attn,,1,model.layers.9.linear_attn,aten.transpose.int,[],decode,True
1481,linear_attn,,_to_copy,"[[B, 1, n_h_lin_v, d_head_lin_v]]",,,"[[B, 1, n_h_lin_v, d_head_lin_v]]",[1480],9,linear_attn,,1,model.layers.9.linear_attn,aten._to_copy.default,[],decode,True
1482,linear_attn,,copy_,"[[B, n_h_lin_v, d_head_lin_k, d_head_lin_v], [B, n_h_lin_v, d_head_lin_k, d_head_lin_v]]",,,"[[B, n_h_lin_v, d_head_lin_k, d_head_lin_v]]",[1474],9,linear_attn,,1,model.layers.9.linear_attn,aten.copy_.default,[],decode,True
1483,linear_attn,,view,"[[B, 1, n_h_lin_v, d_head_lin_v]]",,,"[[n_h_lin_v, d_head_lin_v]]",[1481],9,linear_attn,,1,model.layers.9.linear_attn,aten.view.default,[],decode,True
1484,linear_attn,,view,"[[B, 1, n_h_lin_v, d_head_lin_v]]",,,"[[n_h_lin_v, d_head_lin_v]]",[1397],9,linear_attn,,1,model.layers.9.linear_attn,aten.view.default,[],decode,True
1485,linear_attn,norm,_to_copy,"[[n_h_lin_v, d_head_lin_v]]",,,"[[n_h_lin_v, d_head_lin_v]]",[1483],9,linear_attn,norm,2,model.layers.9.linear_attn.norm,aten._to_copy.default,[],decode,True
1486,linear_attn,norm,pow,"[[n_h_lin_v, d_head_lin_v]]",,,"[[n_h_lin_v, d_head_lin_v]]",[1485],9,linear_attn,norm,2,model.layers.9.linear_attn.norm,aten.pow.Tensor_Scalar,[],decode,False
1487,linear_attn,norm,mean,"[[n_h_lin_v, d_head_lin_v]]",,,"[[n_h_lin_v, B]]",[1486],9,linear_attn,norm,2,model.layers.9.linear_attn.norm,aten.mean.dim,[],decode,False
1488,linear_attn,norm,elementwise_add,"[[n_h_lin_v, B]]",,,"[[n_h_lin_v, B]]",[1487],9,linear_attn,norm,2,model.layers.9.linear_attn.norm,aten.add.Tensor,[],decode,False
1489,linear_attn,norm,rsqrt,"[[n_h_lin_v, B]]",,,"[[n_h_lin_v, B]]",[1488],9,linear_attn,norm,2,model.layers.9.linear_attn.norm,aten.rsqrt.default,[],decode,False
1490,linear_attn,norm,elementwise_mul,"[[n_h_lin_v, d_head_lin_v], [n_h_lin_v, B]]",,,"[[n_h_lin_v, d_head_lin_v]]","[1485, 1489]",9,linear_attn,norm,2,model.layers.9.linear_attn.norm,aten.mul.Tensor,[],decode,False
1491,linear_attn,norm,_to_copy,"[[n_h_lin_v, d_head_lin_v]]",,,"[[n_h_lin_v, d_head_lin_v]]",[1490],9,linear_attn,norm,2,model.layers.9.linear_attn.norm,aten._to_copy.default,[],decode,True
1492,linear_attn,norm,elementwise_mul,"[[d_head_lin_v], [n_h_lin_v, d_head_lin_v]]",,,"[[n_h_lin_v, d_head_lin_v]]",[1491],9,linear_attn,norm,2,model.layers.9.linear_attn.norm,aten.mul.Tensor,[model.layers.9.linear_attn.norm.weight],decode,False
1493,linear_attn,norm,_to_copy,"[[n_h_lin_v, d_head_lin_v]]",,,"[[n_h_lin_v, d_head_lin_v]]",[1484],9,linear_attn,norm,2,model.layers.9.linear_attn.norm,aten._to_copy.default,[],decode,True
1494,linear_attn,norm,silu,"[[n_h_lin_v, d_head_lin_v]]",,,"[[n_h_lin_v, d_head_lin_v]]",[1493],9,linear_attn,norm,2,model.layers.9.linear_attn.norm,aten.silu.default,[],decode,False
1495,linear_attn,norm,elementwise_mul,"[[n_h_lin_v, d_head_lin_v], [n_h_lin_v, d_head_lin_v]]",,,"[[n_h_lin_v, d_head_lin_v]]","[1492, 1494]",9,linear_attn,norm,2,model.layers.9.linear_attn.norm,aten.mul.Tensor,[],decode,False
1496,linear_attn,norm,_to_copy,"[[n_h_lin_v, d_head_lin_v]]",,,"[[n_h_lin_v, d_head_lin_v]]",[1495],9,linear_attn,norm,2,model.layers.9.linear_attn.norm,aten._to_copy.default,[],decode,True
1497,linear_attn,,view,"[[n_h_lin_v, d_head_lin_v]]",,,"[[B, 1, n_v*d_v]]",[1496],9,linear_attn,,1,model.layers.9.linear_attn,aten.view.default,[],decode,True
1498,linear_attn,out_proj,t,"[[d_model, n_v*d_v]]","[d_model, n_v*d_v]",0,"[[n_v*d_v, d_model]]",[],9,linear_attn,out_proj,2,model.layers.9.linear_attn.out_proj,aten.t.default,[model.layers.9.linear_attn.out_proj.weight],decode,True
1499,linear_attn,out_proj,view,"[[B, 1, n_v*d_v]]",,,"[[B, n_v*d_v]]",[1497],9,linear_attn,out_proj,2,model.layers.9.linear_attn.out_proj,aten.view.default,[],decode,True
1500,linear_attn,out_proj,matmul,"[[B, n_v*d_v], [n_v*d_v, d_model]]","[d_model, n_v*d_v]",1,"[[B, d_model]]","[1498, 1499]",9,linear_attn,out_proj,2,model.layers.9.linear_attn.out_proj,aten.mm.default,[model.layers.9.linear_attn.out_proj.weight],decode,False
1501,linear_attn,out_proj,_unsafe_view,"[[B, d_model]]",,,"[[B, 1, d_model]]",[1500],9,linear_attn,out_proj,2,model.layers.9.linear_attn.out_proj,aten._unsafe_view.default,[],decode,True
1502,,,elementwise_add,"[[B, 1, d_model], [B, 1, d_model]]",,,"[[B, 1, d_model]]","[1377, 1501]",9,,,0,model.layers.9,aten.add.Tensor,[],decode,False
1503,post_attention_layernorm,,_to_copy,"[[B, 1, d_model]]",,,"[[B, 1, d_model]]",[1502],9,post_attention_layernorm,,1,model.layers.9.post_attention_layernorm,aten._to_copy.default,[],decode,True
1504,post_attention_layernorm,,pow,"[[B, 1, d_model]]",,,"[[B, 1, d_model]]",[1503],9,post_attention_layernorm,,1,model.layers.9.post_attention_layernorm,aten.pow.Tensor_Scalar,[],decode,False
1505,post_attention_layernorm,,mean,"[[B, 1, d_model]]",,,"[[B, 1, 1]]",[1504],9,post_attention_layernorm,,1,model.layers.9.post_attention_layernorm,aten.mean.dim,[],decode,False
1506,post_attention_layernorm,,elementwise_add,"[[B, 1, 1]]",,,"[[B, 1, 1]]",[1505],9,post_attention_layernorm,,1,model.layers.9.post_attention_layernorm,aten.add.Tensor,[],decode,False
1507,post_attention_layernorm,,rsqrt,"[[B, 1, 1]]",,,"[[B, 1, 1]]",[1506],9,post_attention_layernorm,,1,model.layers.9.post_attention_layernorm,aten.rsqrt.default,[],decode,False
1508,post_attention_layernorm,,elementwise_mul,"[[B, 1, d_model], [B, 1, 1]]",,,"[[B, 1, d_model]]","[1503, 1507]",9,post_attention_layernorm,,1,model.layers.9.post_attention_layernorm,aten.mul.Tensor,[],decode,False
1509,post_attention_layernorm,,_to_copy,[[d_model]],,,[[d_model]],[],9,post_attention_layernorm,,1,model.layers.9.post_attention_layernorm,aten._to_copy.default,[model.layers.9.post_attention_layernorm.weight],decode,True
1510,post_attention_layernorm,,elementwise_add,[[d_model]],,,[[d_model]],[1509],9,post_attention_layernorm,,1,model.layers.9.post_attention_layernorm,aten.add.Tensor,[model.layers.9.post_attention_layernorm.weight],decode,False
1511,post_attention_layernorm,,elementwise_mul,"[[B, 1, d_model], [d_model]]",,,"[[B, 1, d_model]]","[1508, 1510]",9,post_attention_layernorm,,1,model.layers.9.post_attention_layernorm,aten.mul.Tensor,[],decode,False
1512,post_attention_layernorm,,_to_copy,"[[B, 1, d_model]]",,,"[[B, 1, d_model]]",[1511],9,post_attention_layernorm,,1,model.layers.9.post_attention_layernorm,aten._to_copy.default,[],decode,True
1513,mlp,gate_proj,t,"[[d_ff, d_model]]","[d_ff, d_model]",0,"[[d_model, d_ff]]",[],9,mlp,gate_proj,2,model.layers.9.mlp.gate_proj,aten.t.default,[model.layers.9.mlp.gate_proj.weight],decode,True
1514,mlp,gate_proj,view,"[[B, 1, d_model]]",,,"[[B, d_model]]",[1512],9,mlp,gate_proj,2,model.layers.9.mlp.gate_proj,aten.view.default,[],decode,True
1515,mlp,gate_proj,matmul,"[[B, d_model], [d_model, d_ff]]","[d_ff, d_model]",1,"[[B, d_ff]]","[1513, 1514]",9,mlp,gate_proj,2,model.layers.9.mlp.gate_proj,aten.mm.default,[model.layers.9.mlp.gate_proj.weight],decode,False
1516,mlp,gate_proj,_unsafe_view,"[[B, d_ff]]",,,"[[B, 1, d_ff]]",[1515],9,mlp,gate_proj,2,model.layers.9.mlp.gate_proj,aten._unsafe_view.default,[],decode,True
1517,mlp,act_fn,silu,"[[B, 1, d_ff]]",,,"[[B, 1, d_ff]]",[1516],9,mlp,act_fn,2,model.layers.9.mlp.act_fn,aten.silu.default,[],decode,False
1518,mlp,up_proj,t,"[[d_ff, d_model]]","[d_ff, d_model]",0,"[[d_model, d_ff]]",[],9,mlp,up_proj,2,model.layers.9.mlp.up_proj,aten.t.default,[model.layers.9.mlp.up_proj.weight],decode,True
1519,mlp,up_proj,view,"[[B, 1, d_model]]",,,"[[B, d_model]]",[1512],9,mlp,up_proj,2,model.layers.9.mlp.up_proj,aten.view.default,[],decode,True
1520,mlp,up_proj,matmul,"[[B, d_model], [d_model, d_ff]]","[d_ff, d_model]",1,"[[B, d_ff]]","[1518, 1519]",9,mlp,up_proj,2,model.layers.9.mlp.up_proj,aten.mm.default,[model.layers.9.mlp.up_proj.weight],decode,False
1521,mlp,up_proj,_unsafe_view,"[[B, d_ff]]",,,"[[B, 1, d_ff]]",[1520],9,mlp,up_proj,2,model.layers.9.mlp.up_proj,aten._unsafe_view.default,[],decode,True
1522,mlp,,elementwise_mul,"[[B, 1, d_ff], [B, 1, d_ff]]",,,"[[B, 1, d_ff]]","[1517, 1521]",9,mlp,,1,model.layers.9.mlp,aten.mul.Tensor,[],decode,False
1523,mlp,down_proj,t,"[[d_model, d_ff]]","[d_model, d_ff]",0,"[[d_ff, d_model]]",[],9,mlp,down_proj,2,model.layers.9.mlp.down_proj,aten.t.default,[model.layers.9.mlp.down_proj.weight],decode,True
1524,mlp,down_proj,view,"[[B, 1, d_ff]]",,,"[[B, d_ff]]",[1522],9,mlp,down_proj,2,model.layers.9.mlp.down_proj,aten.view.default,[],decode,True
1525,mlp,down_proj,matmul,"[[B, d_ff], [d_ff, d_model]]","[d_model, d_ff]",1,"[[B, d_model]]","[1523, 1524]",9,mlp,down_proj,2,model.layers.9.mlp.down_proj,aten.mm.default,[model.layers.9.mlp.down_proj.weight],decode,False
1526,mlp,down_proj,_unsafe_view,"[[B, d_model]]",,,"[[B, 1, d_model]]",[1525],9,mlp,down_proj,2,model.layers.9.mlp.down_proj,aten._unsafe_view.default,[],decode,True
1527,,,elementwise_add,"[[B, 1, d_model], [B, 1, d_model]]",,,"[[B, 1, d_model]]","[1502, 1526]",9,,,0,model.layers.9,aten.add.Tensor,[],decode,False
1528,input_layernorm,,_to_copy,"[[B, 1, d_model]]",,,"[[B, 1, d_model]]",[1527],10,input_layernorm,,1,model.layers.10.input_layernorm,aten._to_copy.default,[],decode,True
1529,input_layernorm,,pow,"[[B, 1, d_model]]",,,"[[B, 1, d_model]]",[1528],10,input_layernorm,,1,model.layers.10.input_layernorm,aten.pow.Tensor_Scalar,[],decode,False
1530,input_layernorm,,mean,"[[B, 1, d_model]]",,,"[[B, 1, 1]]",[1529],10,input_layernorm,,1,model.layers.10.input_layernorm,aten.mean.dim,[],decode,False
1531,input_layernorm,,elementwise_add,"[[B, 1, 1]]",,,"[[B, 1, 1]]",[1530],10,input_layernorm,,1,model.layers.10.input_layernorm,aten.add.Tensor,[],decode,False
1532,input_layernorm,,rsqrt,"[[B, 1, 1]]",,,"[[B, 1, 1]]",[1531],10,input_layernorm,,1,model.layers.10.input_layernorm,aten.rsqrt.default,[],decode,False
1533,input_layernorm,,elementwise_mul,"[[B, 1, d_model], [B, 1, 1]]",,,"[[B, 1, d_model]]","[1528, 1532]",10,input_layernorm,,1,model.layers.10.input_layernorm,aten.mul.Tensor,[],decode,False
1534,input_layernorm,,_to_copy,[[d_model]],,,[[d_model]],[],10,input_layernorm,,1,model.layers.10.input_layernorm,aten._to_copy.default,[model.layers.10.input_layernorm.weight],decode,True
1535,input_layernorm,,elementwise_add,[[d_model]],,,[[d_model]],[1534],10,input_layernorm,,1,model.layers.10.input_layernorm,aten.add.Tensor,[model.layers.10.input_layernorm.weight],decode,False
1536,input_layernorm,,elementwise_mul,"[[B, 1, d_model], [d_model]]",,,"[[B, 1, d_model]]","[1533, 1535]",10,input_layernorm,,1,model.layers.10.input_layernorm,aten.mul.Tensor,[],decode,False
1537,input_layernorm,,_to_copy,"[[B, 1, d_model]]",,,"[[B, 1, d_model]]",[1536],10,input_layernorm,,1,model.layers.10.input_layernorm,aten._to_copy.default,[],decode,True
1538,linear_attn,in_proj_qkv,t,"[[2*d_k_lin+d_v_lin, d_model]]","[2*d_k_lin+d_v_lin, d_model]",0,"[[d_model, 2*d_k_lin+d_v_lin]]",[],10,linear_attn,in_proj_qkv,2,model.layers.10.linear_attn.in_proj_qkv,aten.t.default,[model.layers.10.linear_attn.in_proj_qkv.weight],decode,True
1539,linear_attn,in_proj_qkv,view,"[[B, 1, d_model]]",,,"[[B, d_model]]",[1537],10,linear_attn,in_proj_qkv,2,model.layers.10.linear_attn.in_proj_qkv,aten.view.default,[],decode,True
1540,linear_attn,in_proj_qkv,matmul,"[[B, d_model], [d_model, 2*d_k_lin+d_v_lin]]","[2*d_k_lin+d_v_lin, d_model]",1,"[[B, 2*d_k_lin+d_v_lin]]","[1538, 1539]",10,linear_attn,in_proj_qkv,2,model.layers.10.linear_attn.in_proj_qkv,aten.mm.default,[model.layers.10.linear_attn.in_proj_qkv.weight],decode,False
1541,linear_attn,in_proj_qkv,_unsafe_view,"[[B, 2*d_k_lin+d_v_lin]]",,,"[[B, 1, 2*d_k_lin+d_v_lin]]",[1540],10,linear_attn,in_proj_qkv,2,model.layers.10.linear_attn.in_proj_qkv,aten._unsafe_view.default,[],decode,True
1542,linear_attn,,transpose,"[[B, 1, 2*d_k_lin+d_v_lin]]",,,"[[B, 2*d_k_lin+d_v_lin, 1]]",[1541],10,linear_attn,,1,model.layers.10.linear_attn,aten.transpose.int,[],decode,True
1543,linear_attn,in_proj_z,t,"[[n_v*d_v, d_model]]","[n_v*d_v, d_model]",0,"[[d_model, n_v*d_v]]",[],10,linear_attn,in_proj_z,2,model.layers.10.linear_attn.in_proj_z,aten.t.default,[model.layers.10.linear_attn.in_proj_z.weight],decode,True
1544,linear_attn,in_proj_z,view,"[[B, 1, d_model]]",,,"[[B, d_model]]",[1537],10,linear_attn,in_proj_z,2,model.layers.10.linear_attn.in_proj_z,aten.view.default,[],decode,True
1545,linear_attn,in_proj_z,matmul,"[[B, d_model], [d_model, n_v*d_v]]","[n_v*d_v, d_model]",1,"[[B, n_v*d_v]]","[1543, 1544]",10,linear_attn,in_proj_z,2,model.layers.10.linear_attn.in_proj_z,aten.mm.default,[model.layers.10.linear_attn.in_proj_z.weight],decode,False
1546,linear_attn,in_proj_z,_unsafe_view,"[[B, n_v*d_v]]",,,"[[B, 1, n_v*d_v]]",[1545],10,linear_attn,in_proj_z,2,model.layers.10.linear_attn.in_proj_z,aten._unsafe_view.default,[],decode,True
1547,linear_attn,,view,"[[B, 1, n_v*d_v]]",,,"[[B, 1, n_h_lin_v, d_head_lin_v]]",[1546],10,linear_attn,,1,model.layers.10.linear_attn,aten.view.default,[],decode,True
1548,linear_attn,in_proj_b,t,"[[n_h_lin_v, d_model]]","[n_h_lin_v, d_model]",0,"[[d_model, n_h_lin_v]]",[],10,linear_attn,in_proj_b,2,model.layers.10.linear_attn.in_proj_b,aten.t.default,[model.layers.10.linear_attn.in_proj_b.weight],decode,True
1549,linear_attn,in_proj_b,view,"[[B, 1, d_model]]",,,"[[B, d_model]]",[1537],10,linear_attn,in_proj_b,2,model.layers.10.linear_attn.in_proj_b,aten.view.default,[],decode,True
1550,linear_attn,in_proj_b,matmul,"[[B, d_model], [d_model, n_h_lin_v]]","[n_h_lin_v, d_model]",1,"[[B, n_h_lin_v]]","[1548, 1549]",10,linear_attn,in_proj_b,2,model.layers.10.linear_attn.in_proj_b,aten.mm.default,[model.layers.10.linear_attn.in_proj_b.weight],decode,False
1551,linear_attn,in_proj_b,_unsafe_view,"[[B, n_h_lin_v]]",,,"[[B, 1, n_h_lin_v]]",[1550],10,linear_attn,in_proj_b,2,model.layers.10.linear_attn.in_proj_b,aten._unsafe_view.default,[],decode,True
1552,linear_attn,in_proj_a,t,"[[n_h_lin_v, d_model]]","[n_h_lin_v, d_model]",0,"[[d_model, n_h_lin_v]]",[],10,linear_attn,in_proj_a,2,model.layers.10.linear_attn.in_proj_a,aten.t.default,[model.layers.10.linear_attn.in_proj_a.weight],decode,True
1553,linear_attn,in_proj_a,view,"[[B, 1, d_model]]",,,"[[B, d_model]]",[1537],10,linear_attn,in_proj_a,2,model.layers.10.linear_attn.in_proj_a,aten.view.default,[],decode,True
1554,linear_attn,in_proj_a,matmul,"[[B, d_model], [d_model, n_h_lin_v]]","[n_h_lin_v, d_model]",1,"[[B, n_h_lin_v]]","[1552, 1553]",10,linear_attn,in_proj_a,2,model.layers.10.linear_attn.in_proj_a,aten.mm.default,[model.layers.10.linear_attn.in_proj_a.weight],decode,False
1555,linear_attn,in_proj_a,_unsafe_view,"[[B, n_h_lin_v]]",,,"[[B, 1, n_h_lin_v]]",[1554],10,linear_attn,in_proj_a,2,model.layers.10.linear_attn.in_proj_a,aten._unsafe_view.default,[],decode,True
1556,linear_attn,,squeeze,"[[2*d_k_lin+d_v_lin, 1, d_conv_lin]]","[2*d_k_lin+d_v_lin, 1, d_conv_lin]",0,"[[2*d_k_lin+d_v_lin, d_conv_lin]]",[],10,linear_attn,,1,model.layers.10.linear_attn,aten.squeeze.dim,[model.layers.10.linear_attn.conv1d.weight],decode,True
1557,linear_attn,,concat,"[[B, 2*d_k_lin+d_v_lin, d_conv_lin], [B, 2*d_k_lin+d_v_lin, 1]]",,,"[[B, 2*d_k_lin+d_v_lin, 5]]",[1542],10,linear_attn,,1,model.layers.10.linear_attn,aten.cat.default,[],decode,False
1558,linear_attn,,slice,"[[B, 2*d_k_lin+d_v_lin, 5]]",,,"[[B, 2*d_k_lin+d_v_lin, d_conv_lin]]",[1557],10,linear_attn,,1,model.layers.10.linear_attn,aten.slice.Tensor,[],decode,True
1559,linear_attn,,copy_,"[[B, 2*d_k_lin+d_v_lin, d_conv_lin], [B, 2*d_k_lin+d_v_lin, d_conv_lin]]",,,"[[B, 2*d_k_lin+d_v_lin, d_conv_lin]]",[1558],10,linear_attn,,1,model.layers.10.linear_attn,aten.copy_.default,[],decode,True
1560,linear_attn,,unsqueeze,"[[2*d_k_lin+d_v_lin, d_conv_lin]]",,,"[[2*d_k_lin+d_v_lin, 1, d_conv_lin]]",[1556],10,linear_attn,,1,model.layers.10.linear_attn,aten.unsqueeze.default,[],decode,True
1561,linear_attn,,conv1d,"[[B, 2*d_k_lin+d_v_lin, 5], [2*d_k_lin+d_v_lin, 1, d_conv_lin]]",,,"[[B, 2*d_k_lin+d_v_lin, 2]]","[1557, 1560]",10,linear_attn,,1,model.layers.10.linear_attn,aten.convolution.default,[],decode,False
1562,linear_attn,,slice,"[[B, 2*d_k_lin+d_v_lin, 2]]",,,"[[B, 2*d_k_lin+d_v_lin, 1]]",[1561],10,linear_attn,,1,model.layers.10.linear_attn,aten.slice.Tensor,[],decode,True
1563,linear_attn,,silu,"[[B, 2*d_k_lin+d_v_lin, 1]]",,,"[[B, 2*d_k_lin+d_v_lin, 1]]",[1562],10,linear_attn,,1,model.layers.10.linear_attn,aten.silu.default,[],decode,False
1564,linear_attn,,transpose,"[[B, 2*d_k_lin+d_v_lin, 1]]",,,"[[B, 1, 2*d_k_lin+d_v_lin]]",[1563],10,linear_attn,,1,model.layers.10.linear_attn,aten.transpose.int,[],decode,True
1565,linear_attn,,split_with_sizes,"[[B, 1, 2*d_k_lin+d_v_lin]]",,,"[[B, 1, n_k*d_k], [B, 1, n_k*d_k], [B, 1, n_v*d_v]]",[1564],10,linear_attn,,1,model.layers.10.linear_attn,aten.split_with_sizes.default,[],decode,True
1566,linear_attn,,view,"[[B, 1, n_k*d_k]]",,,"[[B, 1, n_h_lin_k, d_head_lin_k]]",[1565],10,linear_attn,,1,model.layers.10.linear_attn,aten.view.default,[],decode,True
1567,linear_attn,,view,"[[B, 1, n_k*d_k]]",,,"[[B, 1, n_h_lin_k, d_head_lin_k]]",[1565],10,linear_attn,,1,model.layers.10.linear_attn,aten.view.default,[],decode,True
1568,linear_attn,,view,"[[B, 1, n_v*d_v]]",,,"[[B, 1, n_h_lin_v, d_head_lin_v]]",[1565],10,linear_attn,,1,model.layers.10.linear_attn,aten.view.default,[],decode,True
1569,linear_attn,,sigmoid,"[[B, 1, n_h_lin_v]]",,,"[[B, 1, n_h_lin_v]]",[1551],10,linear_attn,,1,model.layers.10.linear_attn,aten.sigmoid.default,[],decode,False
1570,linear_attn,,_to_copy,[[n_h_lin_v]],,,[[n_h_lin_v]],[],10,linear_attn,,1,model.layers.10.linear_attn,aten._to_copy.default,[model.layers.10.linear_attn.A_log],decode,True
1571,linear_attn,,exp,[[n_h_lin_v]],,,[[n_h_lin_v]],[1570],10,linear_attn,,1,model.layers.10.linear_attn,aten.exp.default,[model.layers.10.linear_attn.A_log],decode,False
1572,linear_attn,,neg,[[n_h_lin_v]],,,[[n_h_lin_v]],[1571],10,linear_attn,,1,model.layers.10.linear_attn,aten.neg.default,[],decode,False
1573,linear_attn,,_to_copy,"[[B, 1, n_h_lin_v]]",,,"[[B, 1, n_h_lin_v]]",[1555],10,linear_attn,,1,model.layers.10.linear_attn,aten._to_copy.default,[],decode,True
1574,linear_attn,,elementwise_add,"[[B, 1, n_h_lin_v], [n_h_lin_v]]",,,"[[B, 1, n_h_lin_v]]",[1573],10,linear_attn,,1,model.layers.10.linear_attn,aten.add.Tensor,[model.layers.10.linear_attn.dt_bias],decode,False
1575,linear_attn,,softplus,"[[B, 1, n_h_lin_v]]",,,"[[B, 1, n_h_lin_v]]",[1574],10,linear_attn,,1,model.layers.10.linear_attn,aten.softplus.default,[],decode,True
1576,linear_attn,,elementwise_mul,"[[n_h_lin_v], [B, 1, n_h_lin_v]]",,,"[[B, 1, n_h_lin_v]]","[1572, 1575]",10,linear_attn,,1,model.layers.10.linear_attn,aten.mul.Tensor,[],decode,False
1577,linear_attn,,unsqueeze,"[[B, 1, n_h_lin_k, d_head_lin_k]]",,,"[[B, 1, n_h_lin_k, 1, d_head_lin_k]]",[1566],10,linear_attn,,1,model.layers.10.linear_attn,aten.unsqueeze.default,[],decode,True
1578,linear_attn,,expand,"[[B, 1, n_h_lin_k, 1, d_head_lin_k]]",,,"[[B, 1, n_h_lin_k, n_v/n_k, d_head_lin_k]]",[1577],10,linear_attn,,1,model.layers.10.linear_attn,aten.expand.default,[],decode,True
1579,linear_attn,,clone,"[[B, 1, n_h_lin_k, n_v/n_k, d_head_lin_k]]",,,"[[B, 1, n_h_lin_k, n_v/n_k, d_head_lin_k]]",[1578],10,linear_attn,,1,model.layers.10.linear_attn,aten.clone.default,[],decode,True
1580,linear_attn,,view,"[[B, 1, n_h_lin_k, n_v/n_k, d_head_lin_k]]",,,"[[B, 1, n_h_lin_v, d_head_lin_k]]",[1579],10,linear_attn,,1,model.layers.10.linear_attn,aten.view.default,[],decode,True
1581,linear_attn,,unsqueeze,"[[B, 1, n_h_lin_k, d_head_lin_k]]",,,"[[B, 1, n_h_lin_k, 1, d_head_lin_k]]",[1567],10,linear_attn,,1,model.layers.10.linear_attn,aten.unsqueeze.default,[],decode,True
1582,linear_attn,,expand,"[[B, 1, n_h_lin_k, 1, d_head_lin_k]]",,,"[[B, 1, n_h_lin_k, n_v/n_k, d_head_lin_k]]",[1581],10,linear_attn,,1,model.layers.10.linear_attn,aten.expand.default,[],decode,True
1583,linear_attn,,clone,"[[B, 1, n_h_lin_k, n_v/n_k, d_head_lin_k]]",,,"[[B, 1, n_h_lin_k, n_v/n_k, d_head_lin_k]]",[1582],10,linear_attn,,1,model.layers.10.linear_attn,aten.clone.default,[],decode,True
1584,linear_attn,,view,"[[B, 1, n_h_lin_k, n_v/n_k, d_head_lin_k]]",,,"[[B, 1, n_h_lin_v, d_head_lin_k]]",[1583],10,linear_attn,,1,model.layers.10.linear_attn,aten.view.default,[],decode,True
1585,linear_attn,,elementwise_mul,"[[B, 1, n_h_lin_v, d_head_lin_k], [B, 1, n_h_lin_v, d_head_lin_k]]",,,"[[B, 1, n_h_lin_v, d_head_lin_k]]",[1580],10,linear_attn,,1,model.layers.10.linear_attn,aten.mul.Tensor,[],decode,False
1586,linear_attn,,sum,"[[B, 1, n_h_lin_v, d_head_lin_k]]",,,"[[B, 1, n_h_lin_v, 1]]",[1585],10,linear_attn,,1,model.layers.10.linear_attn,aten.sum.dim_IntList,[],decode,True
1587,linear_attn,,elementwise_add,"[[B, 1, n_h_lin_v, 1]]",,,"[[B, 1, n_h_lin_v, 1]]",[1586],10,linear_attn,,1,model.layers.10.linear_attn,aten.add.Tensor,[],decode,False
1588,linear_attn,,rsqrt,"[[B, 1, n_h_lin_v, 1]]",,,"[[B, 1, n_h_lin_v, 1]]",[1587],10,linear_attn,,1,model.layers.10.linear_attn,aten.rsqrt.default,[],decode,False
1589,linear_attn,,elementwise_mul,"[[B, 1, n_h_lin_v, d_head_lin_k], [B, 1, n_h_lin_v, 1]]",,,"[[B, 1, n_h_lin_v, d_head_lin_k]]","[1580, 1588]",10,linear_attn,,1,model.layers.10.linear_attn,aten.mul.Tensor,[],decode,False
1590,linear_attn,,elementwise_mul,"[[B, 1, n_h_lin_v, d_head_lin_k], [B, 1, n_h_lin_v, d_head_lin_k]]",,,"[[B, 1, n_h_lin_v, d_head_lin_k]]",[1584],10,linear_attn,,1,model.layers.10.linear_attn,aten.mul.Tensor,[],decode,False
1591,linear_attn,,sum,"[[B, 1, n_h_lin_v, d_head_lin_k]]",,,"[[B, 1, n_h_lin_v, 1]]",[1590],10,linear_attn,,1,model.layers.10.linear_attn,aten.sum.dim_IntList,[],decode,True
1592,linear_attn,,elementwise_add,"[[B, 1, n_h_lin_v, 1]]",,,"[[B, 1, n_h_lin_v, 1]]",[1591],10,linear_attn,,1,model.layers.10.linear_attn,aten.add.Tensor,[],decode,False
1593,linear_attn,,rsqrt,"[[B, 1, n_h_lin_v, 1]]",,,"[[B, 1, n_h_lin_v, 1]]",[1592],10,linear_attn,,1,model.layers.10.linear_attn,aten.rsqrt.default,[],decode,False
1594,linear_attn,,elementwise_mul,"[[B, 1, n_h_lin_v, d_head_lin_k], [B, 1, n_h_lin_v, 1]]",,,"[[B, 1, n_h_lin_v, d_head_lin_k]]","[1584, 1593]",10,linear_attn,,1,model.layers.10.linear_attn,aten.mul.Tensor,[],decode,False
1595,linear_attn,,transpose,"[[B, 1, n_h_lin_v, d_head_lin_k]]",,,"[[B, n_h_lin_v, 1, d_head_lin_k]]",[1589],10,linear_attn,,1,model.layers.10.linear_attn,aten.transpose.int,[],decode,True
1596,linear_attn,,_to_copy,"[[B, n_h_lin_v, 1, d_head_lin_k]]",,,"[[B, n_h_lin_v, 1, d_head_lin_k]]",[1595],10,linear_attn,,1,model.layers.10.linear_attn,aten._to_copy.default,[],decode,True
1597,linear_attn,,transpose,"[[B, 1, n_h_lin_v, d_head_lin_k]]",,,"[[B, n_h_lin_v, 1, d_head_lin_k]]",[1594],10,linear_attn,,1,model.layers.10.linear_attn,aten.transpose.int,[],decode,True
1598,linear_attn,,_to_copy,"[[B, n_h_lin_v, 1, d_head_lin_k]]",,,"[[B, n_h_lin_v, 1, d_head_lin_k]]",[1597],10,linear_attn,,1,model.layers.10.linear_attn,aten._to_copy.default,[],decode,True
1599,linear_attn,,transpose,"[[B, 1, n_h_lin_v, d_head_lin_v]]",,,"[[B, n_h_lin_v, 1, d_head_lin_v]]",[1568],10,linear_attn,,1,model.layers.10.linear_attn,aten.transpose.int,[],decode,True
1600,linear_attn,,_to_copy,"[[B, n_h_lin_v, 1, d_head_lin_v]]",,,"[[B, n_h_lin_v, 1, d_head_lin_v]]",[1599],10,linear_attn,,1,model.layers.10.linear_attn,aten._to_copy.default,[],decode,True
1601,linear_attn,,transpose,"[[B, 1, n_h_lin_v]]",,,"[[B, n_h_lin_v, 1]]",[1569],10,linear_attn,,1,model.layers.10.linear_attn,aten.transpose.int,[],decode,True
1602,linear_attn,,_to_copy,"[[B, n_h_lin_v, 1]]",,,"[[B, n_h_lin_v, 1]]",[1601],10,linear_attn,,1,model.layers.10.linear_attn,aten._to_copy.default,[],decode,True
1603,linear_attn,,transpose,"[[B, 1, n_h_lin_v]]",,,"[[B, n_h_lin_v, 1]]",[1576],10,linear_attn,,1,model.layers.10.linear_attn,aten.transpose.int,[],decode,True
1604,linear_attn,,elementwise_mul,"[[B, n_h_lin_v, 1, d_head_lin_k]]",,,"[[B, n_h_lin_v, 1, d_head_lin_k]]",[1596],10,linear_attn,,1,model.layers.10.linear_attn,aten.mul.Tensor,[],decode,False
1605,linear_attn,,zeros,[],,,"[[B, n_h_lin_v, 1, d_head_lin_v]]",[],10,linear_attn,,1,model.layers.10.linear_attn,aten.zeros.default,[],decode,True
1606,linear_attn,,select,"[[B, n_h_lin_v, 1, d_head_lin_k]]",,,"[[B, n_h_lin_v, d_head_lin_k]]",[1604],10,linear_attn,,1,model.layers.10.linear_attn,aten.select.int,[],decode,True
1607,linear_attn,,select,"[[B, n_h_lin_v, 1, d_head_lin_k]]",,,"[[B, n_h_lin_v, d_head_lin_k]]",[1598],10,linear_attn,,1,model.layers.10.linear_attn,aten.select.int,[],decode,True
1608,linear_attn,,select,"[[B, n_h_lin_v, 1, d_head_lin_v]]",,,"[[B, n_h_lin_v, d_head_lin_v]]",[1600],10,linear_attn,,1,model.layers.10.linear_attn,aten.select.int,[],decode,True
1609,linear_attn,,select,"[[B, n_h_lin_v, 1]]",,,"[[B, n_h_lin_v]]",[1603],10,linear_attn,,1,model.layers.10.linear_attn,aten.select.int,[],decode,True
1610,linear_attn,,exp,"[[B, n_h_lin_v]]",,,"[[B, n_h_lin_v]]",[1609],10,linear_attn,,1,model.layers.10.linear_attn,aten.exp.default,[],decode,False
1611,linear_attn,,unsqueeze,"[[B, n_h_lin_v]]",,,"[[B, n_h_lin_v, 1]]",[1610],10,linear_attn,,1,model.layers.10.linear_attn,aten.unsqueeze.default,[],decode,True
1612,linear_attn,,unsqueeze,"[[B, n_h_lin_v, 1]]",,,"[[B, n_h_lin_v, 1, 1]]",[1611],10,linear_attn,,1,model.layers.10.linear_attn,aten.unsqueeze.default,[],decode,True
1613,linear_attn,,select,"[[B, n_h_lin_v, 1]]",,,"[[B, n_h_lin_v]]",[1602],10,linear_attn,,1,model.layers.10.linear_attn,aten.select.int,[],decode,True
1614,linear_attn,,unsqueeze,"[[B, n_h_lin_v]]",,,"[[B, n_h_lin_v, 1]]",[1613],10,linear_attn,,1,model.layers.10.linear_attn,aten.unsqueeze.default,[],decode,True
1615,linear_attn,,elementwise_mul,"[[B, n_h_lin_v, d_head_lin_k, d_head_lin_v], [B, n_h_lin_v, 1, 1]]",,,"[[B, n_h_lin_v, d_head_lin_k, d_head_lin_v]]",[1612],10,linear_attn,,1,model.layers.10.linear_attn,aten.mul.Tensor,[],decode,False
1616,linear_attn,,unsqueeze,"[[B, n_h_lin_v, d_head_lin_k]]",,,"[[B, n_h_lin_v, d_head_lin_k, 1]]",[1607],10,linear_attn,,1,model.layers.10.linear_attn,aten.unsqueeze.default,[],decode,True
1617,linear_attn,,elementwise_mul,"[[B, n_h_lin_v, d_head_lin_k, d_head_lin_v], [B, n_h_lin_v, d_head_lin_k, 1]]",,,"[[B, n_h_lin_v, d_head_lin_k, d_head_lin_v]]","[1615, 1616]",10,linear_attn,,1,model.layers.10.linear_attn,aten.mul.Tensor,[],decode,False
1618,linear_attn,,sum,"[[B, n_h_lin_v, d_head_lin_k, d_head_lin_v]]",,,"[[B, n_h_lin_v, d_head_lin_v]]",[1617],10,linear_attn,,1,model.layers.10.linear_attn,aten.sum.dim_IntList,[],decode,True
1619,linear_attn,,sub,"[[B, n_h_lin_v, d_head_lin_v], [B, n_h_lin_v, d_head_lin_v]]",,,"[[B, n_h_lin_v, d_head_lin_v]]","[1608, 1618]",10,linear_attn,,1,model.layers.10.linear_attn,aten.sub.Tensor,[],decode,True
1620,linear_attn,,elementwise_mul,"[[B, n_h_lin_v, d_head_lin_v], [B, n_h_lin_v, 1]]",,,"[[B, n_h_lin_v, d_head_lin_v]]","[1614, 1619]",10,linear_attn,,1,model.layers.10.linear_attn,aten.mul.Tensor,[],decode,False
1621,linear_attn,,unsqueeze,"[[B, n_h_lin_v, d_head_lin_k]]",,,"[[B, n_h_lin_v, d_head_lin_k, 1]]",[1607],10,linear_attn,,1,model.layers.10.linear_attn,aten.unsqueeze.default,[],decode,True
1622,linear_attn,,unsqueeze,"[[B, n_h_lin_v, d_head_lin_v]]",,,"[[B, n_h_lin_v, 1, d_head_lin_v]]",[1620],10,linear_attn,,1,model.layers.10.linear_attn,aten.unsqueeze.default,[],decode,True
1623,linear_attn,,elementwise_mul,"[[B, n_h_lin_v, d_head_lin_k, 1], [B, n_h_lin_v, 1, d_head_lin_v]]",,,"[[B, n_h_lin_v, d_head_lin_k, d_head_lin_v]]","[1621, 1622]",10,linear_attn,,1,model.layers.10.linear_attn,aten.mul.Tensor,[],decode,False
1624,linear_attn,,elementwise_add,"[[B, n_h_lin_v, d_head_lin_k, d_head_lin_v], [B, n_h_lin_v, d_head_lin_k, d_head_lin_v]]",,,"[[B, n_h_lin_v, d_head_lin_k, d_head_lin_v]]","[1615, 1623]",10,linear_attn,,1,model.layers.10.linear_attn,aten.add.Tensor,[],decode,False
1625,linear_attn,,unsqueeze,"[[B, n_h_lin_v, d_head_lin_k]]",,,"[[B, n_h_lin_v, d_head_lin_k, 1]]",[1606],10,linear_attn,,1,model.layers.10.linear_attn,aten.unsqueeze.default,[],decode,True
1626,linear_attn,,elementwise_mul,"[[B, n_h_lin_v, d_head_lin_k, d_head_lin_v], [B, n_h_lin_v, d_head_lin_k, 1]]",,,"[[B, n_h_lin_v, d_head_lin_k, d_head_lin_v]]","[1624, 1625]",10,linear_attn,,1,model.layers.10.linear_attn,aten.mul.Tensor,[],decode,False
1627,linear_attn,,sum,"[[B, n_h_lin_v, d_head_lin_k, d_head_lin_v]]",,,"[[B, n_h_lin_v, d_head_lin_v]]",[1626],10,linear_attn,,1,model.layers.10.linear_attn,aten.sum.dim_IntList,[],decode,True
1628,linear_attn,,select,"[[B, n_h_lin_v, 1, d_head_lin_v]]",,,"[[B, n_h_lin_v, d_head_lin_v]]",[1605],10,linear_attn,,1,model.layers.10.linear_attn,aten.select.int,[],decode,True
1629,linear_attn,,copy_,"[[B, n_h_lin_v, d_head_lin_v], [B, n_h_lin_v, d_head_lin_v]]",,,"[[B, n_h_lin_v, d_head_lin_v]]","[1627, 1628]",10,linear_attn,,1,model.layers.10.linear_attn,aten.copy_.default,[],decode,True
1630,linear_attn,,transpose,"[[B, n_h_lin_v, 1, d_head_lin_v]]",,,"[[B, 1, n_h_lin_v, d_head_lin_v]]",[1605],10,linear_attn,,1,model.layers.10.linear_attn,aten.transpose.int,[],decode,True
1631,linear_attn,,_to_copy,"[[B, 1, n_h_lin_v, d_head_lin_v]]",,,"[[B, 1, n_h_lin_v, d_head_lin_v]]",[1630],10,linear_attn,,1,model.layers.10.linear_attn,aten._to_copy.default,[],decode,True
1632,linear_attn,,copy_,"[[B, n_h_lin_v, d_head_lin_k, d_head_lin_v], [B, n_h_lin_v, d_head_lin_k, d_head_lin_v]]",,,"[[B, n_h_lin_v, d_head_lin_k, d_head_lin_v]]",[1624],10,linear_attn,,1,model.layers.10.linear_attn,aten.copy_.default,[],decode,True
1633,linear_attn,,view,"[[B, 1, n_h_lin_v, d_head_lin_v]]",,,"[[n_h_lin_v, d_head_lin_v]]",[1631],10,linear_attn,,1,model.layers.10.linear_attn,aten.view.default,[],decode,True
1634,linear_attn,,view,"[[B, 1, n_h_lin_v, d_head_lin_v]]",,,"[[n_h_lin_v, d_head_lin_v]]",[1547],10,linear_attn,,1,model.layers.10.linear_attn,aten.view.default,[],decode,True
1635,linear_attn,norm,_to_copy,"[[n_h_lin_v, d_head_lin_v]]",,,"[[n_h_lin_v, d_head_lin_v]]",[1633],10,linear_attn,norm,2,model.layers.10.linear_attn.norm,aten._to_copy.default,[],decode,True
1636,linear_attn,norm,pow,"[[n_h_lin_v, d_head_lin_v]]",,,"[[n_h_lin_v, d_head_lin_v]]",[1635],10,linear_attn,norm,2,model.layers.10.linear_attn.norm,aten.pow.Tensor_Scalar,[],decode,False
1637,linear_attn,norm,mean,"[[n_h_lin_v, d_head_lin_v]]",,,"[[n_h_lin_v, B]]",[1636],10,linear_attn,norm,2,model.layers.10.linear_attn.norm,aten.mean.dim,[],decode,False
1638,linear_attn,norm,elementwise_add,"[[n_h_lin_v, B]]",,,"[[n_h_lin_v, B]]",[1637],10,linear_attn,norm,2,model.layers.10.linear_attn.norm,aten.add.Tensor,[],decode,False
1639,linear_attn,norm,rsqrt,"[[n_h_lin_v, B]]",,,"[[n_h_lin_v, B]]",[1638],10,linear_attn,norm,2,model.layers.10.linear_attn.norm,aten.rsqrt.default,[],decode,False
1640,linear_attn,norm,elementwise_mul,"[[n_h_lin_v, d_head_lin_v], [n_h_lin_v, B]]",,,"[[n_h_lin_v, d_head_lin_v]]","[1635, 1639]",10,linear_attn,norm,2,model.layers.10.linear_attn.norm,aten.mul.Tensor,[],decode,False
1641,linear_attn,norm,_to_copy,"[[n_h_lin_v, d_head_lin_v]]",,,"[[n_h_lin_v, d_head_lin_v]]",[1640],10,linear_attn,norm,2,model.layers.10.linear_attn.norm,aten._to_copy.default,[],decode,True
1642,linear_attn,norm,elementwise_mul,"[[d_head_lin_v], [n_h_lin_v, d_head_lin_v]]",,,"[[n_h_lin_v, d_head_lin_v]]",[1641],10,linear_attn,norm,2,model.layers.10.linear_attn.norm,aten.mul.Tensor,[model.layers.10.linear_attn.norm.weight],decode,False
1643,linear_attn,norm,_to_copy,"[[n_h_lin_v, d_head_lin_v]]",,,"[[n_h_lin_v, d_head_lin_v]]",[1634],10,linear_attn,norm,2,model.layers.10.linear_attn.norm,aten._to_copy.default,[],decode,True
1644,linear_attn,norm,silu,"[[n_h_lin_v, d_head_lin_v]]",,,"[[n_h_lin_v, d_head_lin_v]]",[1643],10,linear_attn,norm,2,model.layers.10.linear_attn.norm,aten.silu.default,[],decode,False
1645,linear_attn,norm,elementwise_mul,"[[n_h_lin_v, d_head_lin_v], [n_h_lin_v, d_head_lin_v]]",,,"[[n_h_lin_v, d_head_lin_v]]","[1642, 1644]",10,linear_attn,norm,2,model.layers.10.linear_attn.norm,aten.mul.Tensor,[],decode,False
1646,linear_attn,norm,_to_copy,"[[n_h_lin_v, d_head_lin_v]]",,,"[[n_h_lin_v, d_head_lin_v]]",[1645],10,linear_attn,norm,2,model.layers.10.linear_attn.norm,aten._to_copy.default,[],decode,True
1647,linear_attn,,view,"[[n_h_lin_v, d_head_lin_v]]",,,"[[B, 1, n_v*d_v]]",[1646],10,linear_attn,,1,model.layers.10.linear_attn,aten.view.default,[],decode,True
1648,linear_attn,out_proj,t,"[[d_model, n_v*d_v]]","[d_model, n_v*d_v]",0,"[[n_v*d_v, d_model]]",[],10,linear_attn,out_proj,2,model.layers.10.linear_attn.out_proj,aten.t.default,[model.layers.10.linear_attn.out_proj.weight],decode,True
1649,linear_attn,out_proj,view,"[[B, 1, n_v*d_v]]",,,"[[B, n_v*d_v]]",[1647],10,linear_attn,out_proj,2,model.layers.10.linear_attn.out_proj,aten.view.default,[],decode,True
1650,linear_attn,out_proj,matmul,"[[B, n_v*d_v], [n_v*d_v, d_model]]","[d_model, n_v*d_v]",1,"[[B, d_model]]","[1648, 1649]",10,linear_attn,out_proj,2,model.layers.10.linear_attn.out_proj,aten.mm.default,[model.layers.10.linear_attn.out_proj.weight],decode,False
1651,linear_attn,out_proj,_unsafe_view,"[[B, d_model]]",,,"[[B, 1, d_model]]",[1650],10,linear_attn,out_proj,2,model.layers.10.linear_attn.out_proj,aten._unsafe_view.default,[],decode,True
1652,,,elementwise_add,"[[B, 1, d_model], [B, 1, d_model]]",,,"[[B, 1, d_model]]","[1527, 1651]",10,,,0,model.layers.10,aten.add.Tensor,[],decode,False
1653,post_attention_layernorm,,_to_copy,"[[B, 1, d_model]]",,,"[[B, 1, d_model]]",[1652],10,post_attention_layernorm,,1,model.layers.10.post_attention_layernorm,aten._to_copy.default,[],decode,True
1654,post_attention_layernorm,,pow,"[[B, 1, d_model]]",,,"[[B, 1, d_model]]",[1653],10,post_attention_layernorm,,1,model.layers.10.post_attention_layernorm,aten.pow.Tensor_Scalar,[],decode,False
1655,post_attention_layernorm,,mean,"[[B, 1, d_model]]",,,"[[B, 1, 1]]",[1654],10,post_attention_layernorm,,1,model.layers.10.post_attention_layernorm,aten.mean.dim,[],decode,False
1656,post_attention_layernorm,,elementwise_add,"[[B, 1, 1]]",,,"[[B, 1, 1]]",[1655],10,post_attention_layernorm,,1,model.layers.10.post_attention_layernorm,aten.add.Tensor,[],decode,False
1657,post_attention_layernorm,,rsqrt,"[[B, 1, 1]]",,,"[[B, 1, 1]]",[1656],10,post_attention_layernorm,,1,model.layers.10.post_attention_layernorm,aten.rsqrt.default,[],decode,False
1658,post_attention_layernorm,,elementwise_mul,"[[B, 1, d_model], [B, 1, 1]]",,,"[[B, 1, d_model]]","[1653, 1657]",10,post_attention_layernorm,,1,model.layers.10.post_attention_layernorm,aten.mul.Tensor,[],decode,False
1659,post_attention_layernorm,,_to_copy,[[d_model]],,,[[d_model]],[],10,post_attention_layernorm,,1,model.layers.10.post_attention_layernorm,aten._to_copy.default,[model.layers.10.post_attention_layernorm.weight],decode,True
1660,post_attention_layernorm,,elementwise_add,[[d_model]],,,[[d_model]],[1659],10,post_attention_layernorm,,1,model.layers.10.post_attention_layernorm,aten.add.Tensor,[model.layers.10.post_attention_layernorm.weight],decode,False
1661,post_attention_layernorm,,elementwise_mul,"[[B, 1, d_model], [d_model]]",,,"[[B, 1, d_model]]","[1658, 1660]",10,post_attention_layernorm,,1,model.layers.10.post_attention_layernorm,aten.mul.Tensor,[],decode,False
1662,post_attention_layernorm,,_to_copy,"[[B, 1, d_model]]",,,"[[B, 1, d_model]]",[1661],10,post_attention_layernorm,,1,model.layers.10.post_attention_layernorm,aten._to_copy.default,[],decode,True
1663,mlp,gate_proj,t,"[[d_ff, d_model]]","[d_ff, d_model]",0,"[[d_model, d_ff]]",[],10,mlp,gate_proj,2,model.layers.10.mlp.gate_proj,aten.t.default,[model.layers.10.mlp.gate_proj.weight],decode,True
1664,mlp,gate_proj,view,"[[B, 1, d_model]]",,,"[[B, d_model]]",[1662],10,mlp,gate_proj,2,model.layers.10.mlp.gate_proj,aten.view.default,[],decode,True
1665,mlp,gate_proj,matmul,"[[B, d_model], [d_model, d_ff]]","[d_ff, d_model]",1,"[[B, d_ff]]","[1663, 1664]",10,mlp,gate_proj,2,model.layers.10.mlp.gate_proj,aten.mm.default,[model.layers.10.mlp.gate_proj.weight],decode,False
1666,mlp,gate_proj,_unsafe_view,"[[B, d_ff]]",,,"[[B, 1, d_ff]]",[1665],10,mlp,gate_proj,2,model.layers.10.mlp.gate_proj,aten._unsafe_view.default,[],decode,True
1667,mlp,act_fn,silu,"[[B, 1, d_ff]]",,,"[[B, 1, d_ff]]",[1666],10,mlp,act_fn,2,model.layers.10.mlp.act_fn,aten.silu.default,[],decode,False
1668,mlp,up_proj,t,"[[d_ff, d_model]]","[d_ff, d_model]",0,"[[d_model, d_ff]]",[],10,mlp,up_proj,2,model.layers.10.mlp.up_proj,aten.t.default,[model.layers.10.mlp.up_proj.weight],decode,True
1669,mlp,up_proj,view,"[[B, 1, d_model]]",,,"[[B, d_model]]",[1662],10,mlp,up_proj,2,model.layers.10.mlp.up_proj,aten.view.default,[],decode,True
1670,mlp,up_proj,matmul,"[[B, d_model], [d_model, d_ff]]","[d_ff, d_model]",1,"[[B, d_ff]]","[1668, 1669]",10,mlp,up_proj,2,model.layers.10.mlp.up_proj,aten.mm.default,[model.layers.10.mlp.up_proj.weight],decode,False
1671,mlp,up_proj,_unsafe_view,"[[B, d_ff]]",,,"[[B, 1, d_ff]]",[1670],10,mlp,up_proj,2,model.layers.10.mlp.up_proj,aten._unsafe_view.default,[],decode,True
1672,mlp,,elementwise_mul,"[[B, 1, d_ff], [B, 1, d_ff]]",,,"[[B, 1, d_ff]]","[1667, 1671]",10,mlp,,1,model.layers.10.mlp,aten.mul.Tensor,[],decode,False
1673,mlp,down_proj,t,"[[d_model, d_ff]]","[d_model, d_ff]",0,"[[d_ff, d_model]]",[],10,mlp,down_proj,2,model.layers.10.mlp.down_proj,aten.t.default,[model.layers.10.mlp.down_proj.weight],decode,True
1674,mlp,down_proj,view,"[[B, 1, d_ff]]",,,"[[B, d_ff]]",[1672],10,mlp,down_proj,2,model.layers.10.mlp.down_proj,aten.view.default,[],decode,True
1675,mlp,down_proj,matmul,"[[B, d_ff], [d_ff, d_model]]","[d_model, d_ff]",1,"[[B, d_model]]","[1673, 1674]",10,mlp,down_proj,2,model.layers.10.mlp.down_proj,aten.mm.default,[model.layers.10.mlp.down_proj.weight],decode,False
1676,mlp,down_proj,_unsafe_view,"[[B, d_model]]",,,"[[B, 1, d_model]]",[1675],10,mlp,down_proj,2,model.layers.10.mlp.down_proj,aten._unsafe_view.default,[],decode,True
1677,,,elementwise_add,"[[B, 1, d_model], [B, 1, d_model]]",,,"[[B, 1, d_model]]","[1652, 1676]",10,,,0,model.layers.10,aten.add.Tensor,[],decode,False
1678,input_layernorm,,_to_copy,"[[B, 1, d_model]]",,,"[[B, 1, d_model]]",[1677],11,input_layernorm,,1,model.layers.11.input_layernorm,aten._to_copy.default,[],decode,True
1679,input_layernorm,,pow,"[[B, 1, d_model]]",,,"[[B, 1, d_model]]",[1678],11,input_layernorm,,1,model.layers.11.input_layernorm,aten.pow.Tensor_Scalar,[],decode,False
1680,input_layernorm,,mean,"[[B, 1, d_model]]",,,"[[B, 1, 1]]",[1679],11,input_layernorm,,1,model.layers.11.input_layernorm,aten.mean.dim,[],decode,False
1681,input_layernorm,,elementwise_add,"[[B, 1, 1]]",,,"[[B, 1, 1]]",[1680],11,input_layernorm,,1,model.layers.11.input_layernorm,aten.add.Tensor,[],decode,False
1682,input_layernorm,,rsqrt,"[[B, 1, 1]]",,,"[[B, 1, 1]]",[1681],11,input_layernorm,,1,model.layers.11.input_layernorm,aten.rsqrt.default,[],decode,False
1683,input_layernorm,,elementwise_mul,"[[B, 1, d_model], [B, 1, 1]]",,,"[[B, 1, d_model]]","[1678, 1682]",11,input_layernorm,,1,model.layers.11.input_layernorm,aten.mul.Tensor,[],decode,False
1684,input_layernorm,,_to_copy,[[d_model]],,,[[d_model]],[],11,input_layernorm,,1,model.layers.11.input_layernorm,aten._to_copy.default,[model.layers.11.input_layernorm.weight],decode,True
1685,input_layernorm,,elementwise_add,[[d_model]],,,[[d_model]],[1684],11,input_layernorm,,1,model.layers.11.input_layernorm,aten.add.Tensor,[model.layers.11.input_layernorm.weight],decode,False
1686,input_layernorm,,elementwise_mul,"[[B, 1, d_model], [d_model]]",,,"[[B, 1, d_model]]","[1683, 1685]",11,input_layernorm,,1,model.layers.11.input_layernorm,aten.mul.Tensor,[],decode,False
1687,input_layernorm,,_to_copy,"[[B, 1, d_model]]",,,"[[B, 1, d_model]]",[1686],11,input_layernorm,,1,model.layers.11.input_layernorm,aten._to_copy.default,[],decode,True
1688,self_attn,q_proj,t,"[[2*n_h*d_head, d_model]]","[2*n_h*d_head, d_model]",0,"[[d_model, 2*n_h*d_head]]",[],11,self_attn,q_proj,2,model.layers.11.self_attn.q_proj,aten.t.default,[model.layers.11.self_attn.q_proj.weight],decode,True
1689,self_attn,q_proj,view,"[[B, 1, d_model]]",,,"[[B, d_model]]",[1687],11,self_attn,q_proj,2,model.layers.11.self_attn.q_proj,aten.view.default,[],decode,True
1690,self_attn,q_proj,matmul,"[[B, d_model], [d_model, 2*n_h*d_head]]","[2*n_h*d_head, d_model]",1,"[[B, 2*n_h*d_head]]","[1688, 1689]",11,self_attn,q_proj,2,model.layers.11.self_attn.q_proj,aten.mm.default,[model.layers.11.self_attn.q_proj.weight],decode,False
1691,self_attn,q_proj,_unsafe_view,"[[B, 2*n_h*d_head]]",,,"[[B, 1, 2*n_h*d_head]]",[1690],11,self_attn,q_proj,2,model.layers.11.self_attn.q_proj,aten._unsafe_view.default,[],decode,True
1692,self_attn,,view,"[[B, 1, 2*n_h*d_head]]",,,"[[B, 1, n_h, 2*d_head]]",[1691],11,self_attn,,1,model.layers.11.self_attn,aten.view.default,[],decode,True
1693,self_attn,,split,"[[B, 1, n_h, 2*d_head]]",,,"[[B, 1, n_h, d_head], [B, 1, n_h, d_head]]",[1692],11,self_attn,,1,model.layers.11.self_attn,aten.split.Tensor,[],decode,True
1694,self_attn,,clone,"[[B, 1, n_h, d_head]]",,,"[[B, 1, n_h, d_head]]",[1693],11,self_attn,,1,model.layers.11.self_attn,aten.clone.default,[],decode,True
1695,self_attn,,_unsafe_view,"[[B, 1, n_h, d_head]]",,,"[[B, 1, n_h*d_head]]",[1694],11,self_attn,,1,model.layers.11.self_attn,aten._unsafe_view.default,[],decode,True
1696,self_attn,,view,"[[B, 1, n_h, d_head]]",,,"[[B, 1, n_h, d_head]]",[1693],11,self_attn,,1,model.layers.11.self_attn,aten.view.default,[],decode,True
1697,self_attn,q_norm,_to_copy,"[[B, 1, n_h, d_head]]",,,"[[B, 1, n_h, d_head]]",[1696],11,self_attn,q_norm,2,model.layers.11.self_attn.q_norm,aten._to_copy.default,[],decode,True
1698,self_attn,q_norm,pow,"[[B, 1, n_h, d_head]]",,,"[[B, 1, n_h, d_head]]",[1697],11,self_attn,q_norm,2,model.layers.11.self_attn.q_norm,aten.pow.Tensor_Scalar,[],decode,False
1699,self_attn,q_norm,mean,"[[B, 1, n_h, d_head]]",,,"[[B, 1, n_h, 1]]",[1698],11,self_attn,q_norm,2,model.layers.11.self_attn.q_norm,aten.mean.dim,[],decode,False
1700,self_attn,q_norm,elementwise_add,"[[B, 1, n_h, 1]]",,,"[[B, 1, n_h, 1]]",[1699],11,self_attn,q_norm,2,model.layers.11.self_attn.q_norm,aten.add.Tensor,[],decode,False
1701,self_attn,q_norm,rsqrt,"[[B, 1, n_h, 1]]",,,"[[B, 1, n_h, 1]]",[1700],11,self_attn,q_norm,2,model.layers.11.self_attn.q_norm,aten.rsqrt.default,[],decode,False
1702,self_attn,q_norm,elementwise_mul,"[[B, 1, n_h, d_head], [B, 1, n_h, 1]]",,,"[[B, 1, n_h, d_head]]","[1697, 1701]",11,self_attn,q_norm,2,model.layers.11.self_attn.q_norm,aten.mul.Tensor,[],decode,False
1703,self_attn,q_norm,_to_copy,[[d_head]],,,[[d_head]],[],11,self_attn,q_norm,2,model.layers.11.self_attn.q_norm,aten._to_copy.default,[model.layers.11.self_attn.q_norm.weight],decode,True
1704,self_attn,q_norm,elementwise_add,[[d_head]],,,[[d_head]],[1703],11,self_attn,q_norm,2,model.layers.11.self_attn.q_norm,aten.add.Tensor,[model.layers.11.self_attn.q_norm.weight],decode,False
1705,self_attn,q_norm,elementwise_mul,"[[B, 1, n_h, d_head], [d_head]]",,,"[[B, 1, n_h, d_head]]","[1702, 1704]",11,self_attn,q_norm,2,model.layers.11.self_attn.q_norm,aten.mul.Tensor,[],decode,False
1706,self_attn,q_norm,_to_copy,"[[B, 1, n_h, d_head]]",,,"[[B, 1, n_h, d_head]]",[1705],11,self_attn,q_norm,2,model.layers.11.self_attn.q_norm,aten._to_copy.default,[],decode,True
1707,self_attn,,transpose,"[[B, 1, n_h, d_head]]",,,"[[B, n_h, 1, d_head]]",[1706],11,self_attn,,1,model.layers.11.self_attn,aten.transpose.int,[],decode,True
1708,self_attn,k_proj,t,"[[n_kv*d_head, d_model]]","[n_kv*d_head, d_model]",0,"[[d_model, n_kv*d_head]]",[],11,self_attn,k_proj,2,model.layers.11.self_attn.k_proj,aten.t.default,[model.layers.11.self_attn.k_proj.weight],decode,True
1709,self_attn,k_proj,view,"[[B, 1, d_model]]",,,"[[B, d_model]]",[1687],11,self_attn,k_proj,2,model.layers.11.self_attn.k_proj,aten.view.default,[],decode,True
1710,self_attn,k_proj,matmul,"[[B, d_model], [d_model, n_kv*d_head]]","[n_kv*d_head, d_model]",1,"[[B, n_kv*d_head]]","[1708, 1709]",11,self_attn,k_proj,2,model.layers.11.self_attn.k_proj,aten.mm.default,[model.layers.11.self_attn.k_proj.weight],decode,False
1711,self_attn,k_proj,_unsafe_view,"[[B, n_kv*d_head]]",,,"[[B, 1, n_kv*d_head]]",[1710],11,self_attn,k_proj,2,model.layers.11.self_attn.k_proj,aten._unsafe_view.default,[],decode,True
1712,self_attn,,view,"[[B, 1, n_kv*d_head]]",,,"[[B, 1, n_kv, d_head]]",[1711],11,self_attn,,1,model.layers.11.self_attn,aten.view.default,[],decode,True
1713,self_attn,k_norm,_to_copy,"[[B, 1, n_kv, d_head]]",,,"[[B, 1, n_kv, d_head]]",[1712],11,self_attn,k_norm,2,model.layers.11.self_attn.k_norm,aten._to_copy.default,[],decode,True
1714,self_attn,k_norm,pow,"[[B, 1, n_kv, d_head]]",,,"[[B, 1, n_kv, d_head]]",[1713],11,self_attn,k_norm,2,model.layers.11.self_attn.k_norm,aten.pow.Tensor_Scalar,[],decode,False
1715,self_attn,k_norm,mean,"[[B, 1, n_kv, d_head]]",,,"[[B, 1, n_kv, 1]]",[1714],11,self_attn,k_norm,2,model.layers.11.self_attn.k_norm,aten.mean.dim,[],decode,False
1716,self_attn,k_norm,elementwise_add,"[[B, 1, n_kv, 1]]",,,"[[B, 1, n_kv, 1]]",[1715],11,self_attn,k_norm,2,model.layers.11.self_attn.k_norm,aten.add.Tensor,[],decode,False
1717,self_attn,k_norm,rsqrt,"[[B, 1, n_kv, 1]]",,,"[[B, 1, n_kv, 1]]",[1716],11,self_attn,k_norm,2,model.layers.11.self_attn.k_norm,aten.rsqrt.default,[],decode,False
1718,self_attn,k_norm,elementwise_mul,"[[B, 1, n_kv, d_head], [B, 1, n_kv, 1]]",,,"[[B, 1, n_kv, d_head]]","[1713, 1717]",11,self_attn,k_norm,2,model.layers.11.self_attn.k_norm,aten.mul.Tensor,[],decode,False
1719,self_attn,k_norm,_to_copy,[[d_head]],,,[[d_head]],[],11,self_attn,k_norm,2,model.layers.11.self_attn.k_norm,aten._to_copy.default,[model.layers.11.self_attn.k_norm.weight],decode,True
1720,self_attn,k_norm,elementwise_add,[[d_head]],,,[[d_head]],[1719],11,self_attn,k_norm,2,model.layers.11.self_attn.k_norm,aten.add.Tensor,[model.layers.11.self_attn.k_norm.weight],decode,False
1721,self_attn,k_norm,elementwise_mul,"[[B, 1, n_kv, d_head], [d_head]]",,,"[[B, 1, n_kv, d_head]]","[1718, 1720]",11,self_attn,k_norm,2,model.layers.11.self_attn.k_norm,aten.mul.Tensor,[],decode,False
1722,self_attn,k_norm,_to_copy,"[[B, 1, n_kv, d_head]]",,,"[[B, 1, n_kv, d_head]]",[1721],11,self_attn,k_norm,2,model.layers.11.self_attn.k_norm,aten._to_copy.default,[],decode,True
1723,self_attn,,transpose,"[[B, 1, n_kv, d_head]]",,,"[[B, n_kv, 1, d_head]]",[1722],11,self_attn,,1,model.layers.11.self_attn,aten.transpose.int,[],decode,True
1724,self_attn,v_proj,t,"[[n_kv*d_head, d_model]]","[n_kv*d_head, d_model]",0,"[[d_model, n_kv*d_head]]",[],11,self_attn,v_proj,2,model.layers.11.self_attn.v_proj,aten.t.default,[model.layers.11.self_attn.v_proj.weight],decode,True
1725,self_attn,v_proj,view,"[[B, 1, d_model]]",,,"[[B, d_model]]",[1687],11,self_attn,v_proj,2,model.layers.11.self_attn.v_proj,aten.view.default,[],decode,True
1726,self_attn,v_proj,matmul,"[[B, d_model], [d_model, n_kv*d_head]]","[n_kv*d_head, d_model]",1,"[[B, n_kv*d_head]]","[1724, 1725]",11,self_attn,v_proj,2,model.layers.11.self_attn.v_proj,aten.mm.default,[model.layers.11.self_attn.v_proj.weight],decode,False
1727,self_attn,v_proj,_unsafe_view,"[[B, n_kv*d_head]]",,,"[[B, 1, n_kv*d_head]]",[1726],11,self_attn,v_proj,2,model.layers.11.self_attn.v_proj,aten._unsafe_view.default,[],decode,True
1728,self_attn,,view,"[[B, 1, n_kv*d_head]]",,,"[[B, 1, n_kv, d_head]]",[1727],11,self_attn,,1,model.layers.11.self_attn,aten.view.default,[],decode,True
1729,self_attn,,transpose,"[[B, 1, n_kv, d_head]]",,,"[[B, n_kv, 1, d_head]]",[1728],11,self_attn,,1,model.layers.11.self_attn,aten.transpose.int,[],decode,True
1730,self_attn,,unsqueeze,"[[B, 1, d_rope]]",,,"[[B, 1, 1, d_rope]]",[54],11,self_attn,,1,model.layers.11.self_attn,aten.unsqueeze.default,[],decode,True
1731,self_attn,,unsqueeze,"[[B, 1, d_rope]]",,,"[[B, 1, 1, d_rope]]",[55],11,self_attn,,1,model.layers.11.self_attn,aten.unsqueeze.default,[],decode,True
1732,self_attn,,slice,"[[B, n_h, 1, d_head]]",,,"[[B, n_h, 1, d_rope]]",[1707],11,self_attn,,1,model.layers.11.self_attn,aten.slice.Tensor,[],decode,True
1733,self_attn,,slice,"[[B, n_h, 1, d_head]]",,,"[[B, n_h, 1, d_head-d_rope]]",[1707],11,self_attn,,1,model.layers.11.self_attn,aten.slice.Tensor,[],decode,True
1734,self_attn,,slice,"[[B, n_kv, 1, d_head]]",,,"[[B, n_kv, 1, d_rope]]",[1723],11,self_attn,,1,model.layers.11.self_attn,aten.slice.Tensor,[],decode,True
1735,self_attn,,slice,"[[B, n_kv, 1, d_head]]",,,"[[B, n_kv, 1, d_head-d_rope]]",[1723],11,self_attn,,1,model.layers.11.self_attn,aten.slice.Tensor,[],decode,True
1736,self_attn,,elementwise_mul,"[[B, n_h, 1, d_rope], [B, 1, 1, d_rope]]",,,"[[B, n_h, 1, d_rope]]","[1730, 1732]",11,self_attn,,1,model.layers.11.self_attn,aten.mul.Tensor,[],decode,False
1737,self_attn,,slice,"[[B, n_h, 1, d_rope]]",,,"[[B, n_h, 1, d_rope/2]]",[1732],11,self_attn,,1,model.layers.11.self_attn,aten.slice.Tensor,[],decode,True
1738,self_attn,,slice,"[[B, n_h, 1, d_rope]]",,,"[[B, n_h, 1, d_rope/2]]",[1732],11,self_attn,,1,model.layers.11.self_attn,aten.slice.Tensor,[],decode,True
1739,self_attn,,neg,"[[B, n_h, 1, d_rope/2]]",,,"[[B, n_h, 1, d_rope/2]]",[1738],11,self_attn,,1,model.layers.11.self_attn,aten.neg.default,[],decode,False
1740,self_attn,,concat,"[[B, n_h, 1, d_rope/2], [B, n_h, 1, d_rope/2]]",,,"[[B, n_h, 1, d_rope]]","[1737, 1739]",11,self_attn,,1,model.layers.11.self_attn,aten.cat.default,[],decode,False
1741,self_attn,,elementwise_mul,"[[B, n_h, 1, d_rope], [B, 1, 1, d_rope]]",,,"[[B, n_h, 1, d_rope]]","[1731, 1740]",11,self_attn,,1,model.layers.11.self_attn,aten.mul.Tensor,[],decode,False
1742,self_attn,,elementwise_add,"[[B, n_h, 1, d_rope], [B, n_h, 1, d_rope]]",,,"[[B, n_h, 1, d_rope]]","[1736, 1741]",11,self_attn,,1,model.layers.11.self_attn,aten.add.Tensor,[],decode,False
1743,self_attn,,elementwise_mul,"[[B, n_kv, 1, d_rope], [B, 1, 1, d_rope]]",,,"[[B, n_kv, 1, d_rope]]","[1730, 1734]",11,self_attn,,1,model.layers.11.self_attn,aten.mul.Tensor,[],decode,False
1744,self_attn,,slice,"[[B, n_kv, 1, d_rope]]",,,"[[B, n_kv, 1, d_rope/2]]",[1734],11,self_attn,,1,model.layers.11.self_attn,aten.slice.Tensor,[],decode,True
1745,self_attn,,slice,"[[B, n_kv, 1, d_rope]]",,,"[[B, n_kv, 1, d_rope/2]]",[1734],11,self_attn,,1,model.layers.11.self_attn,aten.slice.Tensor,[],decode,True
1746,self_attn,,neg,"[[B, n_kv, 1, d_rope/2]]",,,"[[B, n_kv, 1, d_rope/2]]",[1745],11,self_attn,,1,model.layers.11.self_attn,aten.neg.default,[],decode,False
1747,self_attn,,concat,"[[B, n_kv, 1, d_rope/2], [B, n_kv, 1, d_rope/2]]",,,"[[B, n_kv, 1, d_rope]]","[1744, 1746]",11,self_attn,,1,model.layers.11.self_attn,aten.cat.default,[],decode,False
1748,self_attn,,elementwise_mul,"[[B, n_kv, 1, d_rope], [B, 1, 1, d_rope]]",,,"[[B, n_kv, 1, d_rope]]","[1731, 1747]",11,self_attn,,1,model.layers.11.self_attn,aten.mul.Tensor,[],decode,False
1749,self_attn,,elementwise_add,"[[B, n_kv, 1, d_rope], [B, n_kv, 1, d_rope]]",,,"[[B, n_kv, 1, d_rope]]","[1743, 1748]",11,self_attn,,1,model.layers.11.self_attn,aten.add.Tensor,[],decode,False
1750,self_attn,,concat,"[[B, n_h, 1, d_rope], [B, n_h, 1, d_head-d_rope]]",,,"[[B, n_h, 1, d_head]]","[1733, 1742]",11,self_attn,,1,model.layers.11.self_attn,aten.cat.default,[],decode,False
1751,self_attn,,concat,"[[B, n_kv, 1, d_rope], [B, n_kv, 1, d_head-d_rope]]",,,"[[B, n_kv, 1, d_head]]","[1735, 1749]",11,self_attn,,1,model.layers.11.self_attn,aten.cat.default,[],decode,False
1752,self_attn,,concat,"[[B, n_kv, T, d_head], [B, n_kv, 1, d_head]]",,,"[[B, n_kv, T+1, d_head]]",[1751],11,self_attn,,1,model.layers.11.self_attn,aten.cat.default,[],decode,False
1753,self_attn,,concat,"[[B, n_kv, T, d_head], [B, n_kv, 1, d_head]]",,,"[[B, n_kv, T+1, d_head]]",[1729],11,self_attn,,1,model.layers.11.self_attn,aten.cat.default,[],decode,False
1754,self_attn,,unsqueeze,"[[B, n_kv, T+1, d_head]]",,,"[[B, n_kv, 1, T+1, d_head]]",[1752],11,self_attn,,1,model.layers.11.self_attn,aten.unsqueeze.default,[],decode,True
1755,self_attn,,expand,"[[B, n_kv, 1, T+1, d_head]]",,,"[[B, n_kv, n_h/n_kv, T+1, d_head]]",[1754],11,self_attn,,1,model.layers.11.self_attn,aten.expand.default,[],decode,True
1756,self_attn,,clone,"[[B, n_kv, n_h/n_kv, T+1, d_head]]",,,"[[B, n_kv, n_h/n_kv, T+1, d_head]]",[1755],11,self_attn,,1,model.layers.11.self_attn,aten.clone.default,[],decode,True
1757,self_attn,,_unsafe_view,"[[B, n_kv, n_h/n_kv, T+1, d_head]]",,,"[[B, n_h, T+1, d_head]]",[1756],11,self_attn,,1,model.layers.11.self_attn,aten._unsafe_view.default,[],decode,True
1758,self_attn,,unsqueeze,"[[B, n_kv, T+1, d_head]]",,,"[[B, n_kv, 1, T+1, d_head]]",[1753],11,self_attn,,1,model.layers.11.self_attn,aten.unsqueeze.default,[],decode,True
1759,self_attn,,expand,"[[B, n_kv, 1, T+1, d_head]]",,,"[[B, n_kv, n_h/n_kv, T+1, d_head]]",[1758],11,self_attn,,1,model.layers.11.self_attn,aten.expand.default,[],decode,True
1760,self_attn,,clone,"[[B, n_kv, n_h/n_kv, T+1, d_head]]",,,"[[B, n_kv, n_h/n_kv, T+1, d_head]]",[1759],11,self_attn,,1,model.layers.11.self_attn,aten.clone.default,[],decode,True
1761,self_attn,,_unsafe_view,"[[B, n_kv, n_h/n_kv, T+1, d_head]]",,,"[[B, n_h, T+1, d_head]]",[1760],11,self_attn,,1,model.layers.11.self_attn,aten._unsafe_view.default,[],decode,True
1762,self_attn,,transpose,"[[B, n_h, T+1, d_head]]",,,"[[B, n_h, d_head, T+1]]",[1757],11,self_attn,,1,model.layers.11.self_attn,aten.transpose.int,[],decode,True
1763,self_attn,,expand,"[[B, n_h, 1, d_head]]",,,"[[B, n_h, 1, d_head]]",[1750],11,self_attn,,1,model.layers.11.self_attn,aten.expand.default,[],decode,True
1764,self_attn,,view,"[[B, n_h, 1, d_head]]",,,"[[n_h, B, d_head]]",[1763],11,self_attn,,1,model.layers.11.self_attn,aten.view.default,[],decode,True
1765,self_attn,,expand,"[[B, n_h, d_head, T+1]]",,,"[[B, n_h, d_head, T+1]]",[1762],11,self_attn,,1,model.layers.11.self_attn,aten.expand.default,[],decode,True
1766,self_attn,,view,"[[B, n_h, d_head, T+1]]",,,"[[n_h, d_head, T+1]]",[1765],11,self_attn,,1,model.layers.11.self_attn,aten.view.default,[],decode,True
1767,self_attn,,batched_matmul,"[[n_h, B, d_head], [n_h, d_head, T+1]]",,,"[[n_h, B, T+1]]","[1764, 1766]",11,self_attn,,1,model.layers.11.self_attn,aten.bmm.default,[],decode,False
1768,self_attn,,_unsafe_view,"[[n_h, B, T+1]]",,,"[[B, n_h, 1, T+1]]",[1767],11,self_attn,,1,model.layers.11.self_attn,aten._unsafe_view.default,[],decode,True
1769,self_attn,,elementwise_mul,"[[B, n_h, 1, T+1]]",,,"[[B, n_h, 1, T+1]]",[1768],11,self_attn,,1,model.layers.11.self_attn,aten.mul.Tensor,[],decode,False
1770,self_attn,,elementwise_add,"[[B, n_h, 1, T+1], [B, 1, 1, T+1]]",,,"[[B, n_h, 1, T+1]]","[26, 1769]",11,self_attn,,1,model.layers.11.self_attn,aten.add.Tensor,[],decode,False
1771,self_attn,,_to_copy,"[[B, n_h, 1, T+1]]",,,"[[B, n_h, 1, T+1]]",[1770],11,self_attn,,1,model.layers.11.self_attn,aten._to_copy.default,[],decode,True
1772,self_attn,,softmax,"[[B, n_h, 1, T+1]]",,,"[[B, n_h, 1, T+1]]",[1771],11,self_attn,,1,model.layers.11.self_attn,aten._softmax.default,[],decode,False
1773,self_attn,,_to_copy,"[[B, n_h, 1, T+1]]",,,"[[B, n_h, 1, T+1]]",[1772],11,self_attn,,1,model.layers.11.self_attn,aten._to_copy.default,[],decode,True
1774,self_attn,,expand,"[[B, n_h, 1, T+1]]",,,"[[B, n_h, 1, T+1]]",[1773],11,self_attn,,1,model.layers.11.self_attn,aten.expand.default,[],decode,True
1775,self_attn,,view,"[[B, n_h, 1, T+1]]",,,"[[n_h, B, T+1]]",[1774],11,self_attn,,1,model.layers.11.self_attn,aten.view.default,[],decode,True
1776,self_attn,,expand,"[[B, n_h, T+1, d_head]]",,,"[[B, n_h, T+1, d_head]]",[1761],11,self_attn,,1,model.layers.11.self_attn,aten.expand.default,[],decode,True
1777,self_attn,,view,"[[B, n_h, T+1, d_head]]",,,"[[n_h, T+1, d_head]]",[1776],11,self_attn,,1,model.layers.11.self_attn,aten.view.default,[],decode,True
1778,self_attn,,batched_matmul,"[[n_h, B, T+1], [n_h, T+1, d_head]]",,,"[[n_h, B, d_head]]","[1775, 1777]",11,self_attn,,1,model.layers.11.self_attn,aten.bmm.default,[],decode,False
1779,self_attn,,_unsafe_view,"[[n_h, B, d_head]]",,,"[[B, n_h, 1, d_head]]",[1778],11,self_attn,,1,model.layers.11.self_attn,aten._unsafe_view.default,[],decode,True
1780,self_attn,,transpose,"[[B, n_h, 1, d_head]]",,,"[[B, 1, n_h, d_head]]",[1779],11,self_attn,,1,model.layers.11.self_attn,aten.transpose.int,[],decode,True
1781,self_attn,,view,"[[B, 1, n_h, d_head]]",,,"[[B, 1, n_h*d_head]]",[1780],11,self_attn,,1,model.layers.11.self_attn,aten.view.default,[],decode,True
1782,self_attn,,sigmoid,"[[B, 1, n_h*d_head]]",,,"[[B, 1, n_h*d_head]]",[1695],11,self_attn,,1,model.layers.11.self_attn,aten.sigmoid.default,[],decode,False
1783,self_attn,,elementwise_mul,"[[B, 1, n_h*d_head], [B, 1, n_h*d_head]]",,,"[[B, 1, n_h*d_head]]","[1781, 1782]",11,self_attn,,1,model.layers.11.self_attn,aten.mul.Tensor,[],decode,False
1784,self_attn,o_proj,t,"[[d_model, n_h*d_head]]","[d_model, n_h*d_head]",0,"[[n_h*d_head, d_model]]",[],11,self_attn,o_proj,2,model.layers.11.self_attn.o_proj,aten.t.default,[model.layers.11.self_attn.o_proj.weight],decode,True
1785,self_attn,o_proj,view,"[[B, 1, n_h*d_head]]",,,"[[B, n_h*d_head]]",[1783],11,self_attn,o_proj,2,model.layers.11.self_attn.o_proj,aten.view.default,[],decode,True
1786,self_attn,o_proj,matmul,"[[B, n_h*d_head], [n_h*d_head, d_model]]","[d_model, n_h*d_head]",1,"[[B, d_model]]","[1784, 1785]",11,self_attn,o_proj,2,model.layers.11.self_attn.o_proj,aten.mm.default,[model.layers.11.self_attn.o_proj.weight],decode,False
1787,self_attn,o_proj,_unsafe_view,"[[B, d_model]]",,,"[[B, 1, d_model]]",[1786],11,self_attn,o_proj,2,model.layers.11.self_attn.o_proj,aten._unsafe_view.default,[],decode,True
1788,,,elementwise_add,"[[B, 1, d_model], [B, 1, d_model]]",,,"[[B, 1, d_model]]","[1677, 1787]",11,,,0,model.layers.11,aten.add.Tensor,[],decode,False
1789,post_attention_layernorm,,_to_copy,"[[B, 1, d_model]]",,,"[[B, 1, d_model]]",[1788],11,post_attention_layernorm,,1,model.layers.11.post_attention_layernorm,aten._to_copy.default,[],decode,True
1790,post_attention_layernorm,,pow,"[[B, 1, d_model]]",,,"[[B, 1, d_model]]",[1789],11,post_attention_layernorm,,1,model.layers.11.post_attention_layernorm,aten.pow.Tensor_Scalar,[],decode,False
1791,post_attention_layernorm,,mean,"[[B, 1, d_model]]",,,"[[B, 1, 1]]",[1790],11,post_attention_layernorm,,1,model.layers.11.post_attention_layernorm,aten.mean.dim,[],decode,False
1792,post_attention_layernorm,,elementwise_add,"[[B, 1, 1]]",,,"[[B, 1, 1]]",[1791],11,post_attention_layernorm,,1,model.layers.11.post_attention_layernorm,aten.add.Tensor,[],decode,False
1793,post_attention_layernorm,,rsqrt,"[[B, 1, 1]]",,,"[[B, 1, 1]]",[1792],11,post_attention_layernorm,,1,model.layers.11.post_attention_layernorm,aten.rsqrt.default,[],decode,False
1794,post_attention_layernorm,,elementwise_mul,"[[B, 1, d_model], [B, 1, 1]]",,,"[[B, 1, d_model]]","[1789, 1793]",11,post_attention_layernorm,,1,model.layers.11.post_attention_layernorm,aten.mul.Tensor,[],decode,False
1795,post_attention_layernorm,,_to_copy,[[d_model]],,,[[d_model]],[],11,post_attention_layernorm,,1,model.layers.11.post_attention_layernorm,aten._to_copy.default,[model.layers.11.post_attention_layernorm.weight],decode,True
1796,post_attention_layernorm,,elementwise_add,[[d_model]],,,[[d_model]],[1795],11,post_attention_layernorm,,1,model.layers.11.post_attention_layernorm,aten.add.Tensor,[model.layers.11.post_attention_layernorm.weight],decode,False
1797,post_attention_layernorm,,elementwise_mul,"[[B, 1, d_model], [d_model]]",,,"[[B, 1, d_model]]","[1794, 1796]",11,post_attention_layernorm,,1,model.layers.11.post_attention_layernorm,aten.mul.Tensor,[],decode,False
1798,post_attention_layernorm,,_to_copy,"[[B, 1, d_model]]",,,"[[B, 1, d_model]]",[1797],11,post_attention_layernorm,,1,model.layers.11.post_attention_layernorm,aten._to_copy.default,[],decode,True
1799,mlp,gate_proj,t,"[[d_ff, d_model]]","[d_ff, d_model]",0,"[[d_model, d_ff]]",[],11,mlp,gate_proj,2,model.layers.11.mlp.gate_proj,aten.t.default,[model.layers.11.mlp.gate_proj.weight],decode,True
1800,mlp,gate_proj,view,"[[B, 1, d_model]]",,,"[[B, d_model]]",[1798],11,mlp,gate_proj,2,model.layers.11.mlp.gate_proj,aten.view.default,[],decode,True
1801,mlp,gate_proj,matmul,"[[B, d_model], [d_model, d_ff]]","[d_ff, d_model]",1,"[[B, d_ff]]","[1799, 1800]",11,mlp,gate_proj,2,model.layers.11.mlp.gate_proj,aten.mm.default,[model.layers.11.mlp.gate_proj.weight],decode,False
1802,mlp,gate_proj,_unsafe_view,"[[B, d_ff]]",,,"[[B, 1, d_ff]]",[1801],11,mlp,gate_proj,2,model.layers.11.mlp.gate_proj,aten._unsafe_view.default,[],decode,True
1803,mlp,act_fn,silu,"[[B, 1, d_ff]]",,,"[[B, 1, d_ff]]",[1802],11,mlp,act_fn,2,model.layers.11.mlp.act_fn,aten.silu.default,[],decode,False
1804,mlp,up_proj,t,"[[d_ff, d_model]]","[d_ff, d_model]",0,"[[d_model, d_ff]]",[],11,mlp,up_proj,2,model.layers.11.mlp.up_proj,aten.t.default,[model.layers.11.mlp.up_proj.weight],decode,True
1805,mlp,up_proj,view,"[[B, 1, d_model]]",,,"[[B, d_model]]",[1798],11,mlp,up_proj,2,model.layers.11.mlp.up_proj,aten.view.default,[],decode,True
1806,mlp,up_proj,matmul,"[[B, d_model], [d_model, d_ff]]","[d_ff, d_model]",1,"[[B, d_ff]]","[1804, 1805]",11,mlp,up_proj,2,model.layers.11.mlp.up_proj,aten.mm.default,[model.layers.11.mlp.up_proj.weight],decode,False
1807,mlp,up_proj,_unsafe_view,"[[B, d_ff]]",,,"[[B, 1, d_ff]]",[1806],11,mlp,up_proj,2,model.layers.11.mlp.up_proj,aten._unsafe_view.default,[],decode,True
1808,mlp,,elementwise_mul,"[[B, 1, d_ff], [B, 1, d_ff]]",,,"[[B, 1, d_ff]]","[1803, 1807]",11,mlp,,1,model.layers.11.mlp,aten.mul.Tensor,[],decode,False
1809,mlp,down_proj,t,"[[d_model, d_ff]]","[d_model, d_ff]",0,"[[d_ff, d_model]]",[],11,mlp,down_proj,2,model.layers.11.mlp.down_proj,aten.t.default,[model.layers.11.mlp.down_proj.weight],decode,True
1810,mlp,down_proj,view,"[[B, 1, d_ff]]",,,"[[B, d_ff]]",[1808],11,mlp,down_proj,2,model.layers.11.mlp.down_proj,aten.view.default,[],decode,True
1811,mlp,down_proj,matmul,"[[B, d_ff], [d_ff, d_model]]","[d_model, d_ff]",1,"[[B, d_model]]","[1809, 1810]",11,mlp,down_proj,2,model.layers.11.mlp.down_proj,aten.mm.default,[model.layers.11.mlp.down_proj.weight],decode,False
1812,mlp,down_proj,_unsafe_view,"[[B, d_model]]",,,"[[B, 1, d_model]]",[1811],11,mlp,down_proj,2,model.layers.11.mlp.down_proj,aten._unsafe_view.default,[],decode,True
1813,,,elementwise_add,"[[B, 1, d_model], [B, 1, d_model]]",,,"[[B, 1, d_model]]","[1788, 1812]",11,,,0,model.layers.11,aten.add.Tensor,[],decode,False
1814,input_layernorm,,_to_copy,"[[B, 1, d_model]]",,,"[[B, 1, d_model]]",[1813],12,input_layernorm,,1,model.layers.12.input_layernorm,aten._to_copy.default,[],decode,True
1815,input_layernorm,,pow,"[[B, 1, d_model]]",,,"[[B, 1, d_model]]",[1814],12,input_layernorm,,1,model.layers.12.input_layernorm,aten.pow.Tensor_Scalar,[],decode,False
1816,input_layernorm,,mean,"[[B, 1, d_model]]",,,"[[B, 1, 1]]",[1815],12,input_layernorm,,1,model.layers.12.input_layernorm,aten.mean.dim,[],decode,False
1817,input_layernorm,,elementwise_add,"[[B, 1, 1]]",,,"[[B, 1, 1]]",[1816],12,input_layernorm,,1,model.layers.12.input_layernorm,aten.add.Tensor,[],decode,False
1818,input_layernorm,,rsqrt,"[[B, 1, 1]]",,,"[[B, 1, 1]]",[1817],12,input_layernorm,,1,model.layers.12.input_layernorm,aten.rsqrt.default,[],decode,False
1819,input_layernorm,,elementwise_mul,"[[B, 1, d_model], [B, 1, 1]]",,,"[[B, 1, d_model]]","[1814, 1818]",12,input_layernorm,,1,model.layers.12.input_layernorm,aten.mul.Tensor,[],decode,False
1820,input_layernorm,,_to_copy,[[d_model]],,,[[d_model]],[],12,input_layernorm,,1,model.layers.12.input_layernorm,aten._to_copy.default,[model.layers.12.input_layernorm.weight],decode,True
1821,input_layernorm,,elementwise_add,[[d_model]],,,[[d_model]],[1820],12,input_layernorm,,1,model.layers.12.input_layernorm,aten.add.Tensor,[model.layers.12.input_layernorm.weight],decode,False
1822,input_layernorm,,elementwise_mul,"[[B, 1, d_model], [d_model]]",,,"[[B, 1, d_model]]","[1819, 1821]",12,input_layernorm,,1,model.layers.12.input_layernorm,aten.mul.Tensor,[],decode,False
1823,input_layernorm,,_to_copy,"[[B, 1, d_model]]",,,"[[B, 1, d_model]]",[1822],12,input_layernorm,,1,model.layers.12.input_layernorm,aten._to_copy.default,[],decode,True
1824,linear_attn,in_proj_qkv,t,"[[2*d_k_lin+d_v_lin, d_model]]","[2*d_k_lin+d_v_lin, d_model]",0,"[[d_model, 2*d_k_lin+d_v_lin]]",[],12,linear_attn,in_proj_qkv,2,model.layers.12.linear_attn.in_proj_qkv,aten.t.default,[model.layers.12.linear_attn.in_proj_qkv.weight],decode,True
1825,linear_attn,in_proj_qkv,view,"[[B, 1, d_model]]",,,"[[B, d_model]]",[1823],12,linear_attn,in_proj_qkv,2,model.layers.12.linear_attn.in_proj_qkv,aten.view.default,[],decode,True
1826,linear_attn,in_proj_qkv,matmul,"[[B, d_model], [d_model, 2*d_k_lin+d_v_lin]]","[2*d_k_lin+d_v_lin, d_model]",1,"[[B, 2*d_k_lin+d_v_lin]]","[1824, 1825]",12,linear_attn,in_proj_qkv,2,model.layers.12.linear_attn.in_proj_qkv,aten.mm.default,[model.layers.12.linear_attn.in_proj_qkv.weight],decode,False
1827,linear_attn,in_proj_qkv,_unsafe_view,"[[B, 2*d_k_lin+d_v_lin]]",,,"[[B, 1, 2*d_k_lin+d_v_lin]]",[1826],12,linear_attn,in_proj_qkv,2,model.layers.12.linear_attn.in_proj_qkv,aten._unsafe_view.default,[],decode,True
1828,linear_attn,,transpose,"[[B, 1, 2*d_k_lin+d_v_lin]]",,,"[[B, 2*d_k_lin+d_v_lin, 1]]",[1827],12,linear_attn,,1,model.layers.12.linear_attn,aten.transpose.int,[],decode,True
1829,linear_attn,in_proj_z,t,"[[n_v*d_v, d_model]]","[n_v*d_v, d_model]",0,"[[d_model, n_v*d_v]]",[],12,linear_attn,in_proj_z,2,model.layers.12.linear_attn.in_proj_z,aten.t.default,[model.layers.12.linear_attn.in_proj_z.weight],decode,True
1830,linear_attn,in_proj_z,view,"[[B, 1, d_model]]",,,"[[B, d_model]]",[1823],12,linear_attn,in_proj_z,2,model.layers.12.linear_attn.in_proj_z,aten.view.default,[],decode,True
1831,linear_attn,in_proj_z,matmul,"[[B, d_model], [d_model, n_v*d_v]]","[n_v*d_v, d_model]",1,"[[B, n_v*d_v]]","[1829, 1830]",12,linear_attn,in_proj_z,2,model.layers.12.linear_attn.in_proj_z,aten.mm.default,[model.layers.12.linear_attn.in_proj_z.weight],decode,False
1832,linear_attn,in_proj_z,_unsafe_view,"[[B, n_v*d_v]]",,,"[[B, 1, n_v*d_v]]",[1831],12,linear_attn,in_proj_z,2,model.layers.12.linear_attn.in_proj_z,aten._unsafe_view.default,[],decode,True
1833,linear_attn,,view,"[[B, 1, n_v*d_v]]",,,"[[B, 1, n_h_lin_v, d_head_lin_v]]",[1832],12,linear_attn,,1,model.layers.12.linear_attn,aten.view.default,[],decode,True
1834,linear_attn,in_proj_b,t,"[[n_h_lin_v, d_model]]","[n_h_lin_v, d_model]",0,"[[d_model, n_h_lin_v]]",[],12,linear_attn,in_proj_b,2,model.layers.12.linear_attn.in_proj_b,aten.t.default,[model.layers.12.linear_attn.in_proj_b.weight],decode,True
1835,linear_attn,in_proj_b,view,"[[B, 1, d_model]]",,,"[[B, d_model]]",[1823],12,linear_attn,in_proj_b,2,model.layers.12.linear_attn.in_proj_b,aten.view.default,[],decode,True
1836,linear_attn,in_proj_b,matmul,"[[B, d_model], [d_model, n_h_lin_v]]","[n_h_lin_v, d_model]",1,"[[B, n_h_lin_v]]","[1834, 1835]",12,linear_attn,in_proj_b,2,model.layers.12.linear_attn.in_proj_b,aten.mm.default,[model.layers.12.linear_attn.in_proj_b.weight],decode,False
1837,linear_attn,in_proj_b,_unsafe_view,"[[B, n_h_lin_v]]",,,"[[B, 1, n_h_lin_v]]",[1836],12,linear_attn,in_proj_b,2,model.layers.12.linear_attn.in_proj_b,aten._unsafe_view.default,[],decode,True
1838,linear_attn,in_proj_a,t,"[[n_h_lin_v, d_model]]","[n_h_lin_v, d_model]",0,"[[d_model, n_h_lin_v]]",[],12,linear_attn,in_proj_a,2,model.layers.12.linear_attn.in_proj_a,aten.t.default,[model.layers.12.linear_attn.in_proj_a.weight],decode,True
1839,linear_attn,in_proj_a,view,"[[B, 1, d_model]]",,,"[[B, d_model]]",[1823],12,linear_attn,in_proj_a,2,model.layers.12.linear_attn.in_proj_a,aten.view.default,[],decode,True
1840,linear_attn,in_proj_a,matmul,"[[B, d_model], [d_model, n_h_lin_v]]","[n_h_lin_v, d_model]",1,"[[B, n_h_lin_v]]","[1838, 1839]",12,linear_attn,in_proj_a,2,model.layers.12.linear_attn.in_proj_a,aten.mm.default,[model.layers.12.linear_attn.in_proj_a.weight],decode,False
1841,linear_attn,in_proj_a,_unsafe_view,"[[B, n_h_lin_v]]",,,"[[B, 1, n_h_lin_v]]",[1840],12,linear_attn,in_proj_a,2,model.layers.12.linear_attn.in_proj_a,aten._unsafe_view.default,[],decode,True
1842,linear_attn,,squeeze,"[[2*d_k_lin+d_v_lin, 1, d_conv_lin]]","[2*d_k_lin+d_v_lin, 1, d_conv_lin]",0,"[[2*d_k_lin+d_v_lin, d_conv_lin]]",[],12,linear_attn,,1,model.layers.12.linear_attn,aten.squeeze.dim,[model.layers.12.linear_attn.conv1d.weight],decode,True
1843,linear_attn,,concat,"[[B, 2*d_k_lin+d_v_lin, d_conv_lin], [B, 2*d_k_lin+d_v_lin, 1]]",,,"[[B, 2*d_k_lin+d_v_lin, 5]]",[1828],12,linear_attn,,1,model.layers.12.linear_attn,aten.cat.default,[],decode,False
1844,linear_attn,,slice,"[[B, 2*d_k_lin+d_v_lin, 5]]",,,"[[B, 2*d_k_lin+d_v_lin, d_conv_lin]]",[1843],12,linear_attn,,1,model.layers.12.linear_attn,aten.slice.Tensor,[],decode,True
1845,linear_attn,,copy_,"[[B, 2*d_k_lin+d_v_lin, d_conv_lin], [B, 2*d_k_lin+d_v_lin, d_conv_lin]]",,,"[[B, 2*d_k_lin+d_v_lin, d_conv_lin]]",[1844],12,linear_attn,,1,model.layers.12.linear_attn,aten.copy_.default,[],decode,True
1846,linear_attn,,unsqueeze,"[[2*d_k_lin+d_v_lin, d_conv_lin]]",,,"[[2*d_k_lin+d_v_lin, 1, d_conv_lin]]",[1842],12,linear_attn,,1,model.layers.12.linear_attn,aten.unsqueeze.default,[],decode,True
1847,linear_attn,,conv1d,"[[B, 2*d_k_lin+d_v_lin, 5], [2*d_k_lin+d_v_lin, 1, d_conv_lin]]",,,"[[B, 2*d_k_lin+d_v_lin, 2]]","[1843, 1846]",12,linear_attn,,1,model.layers.12.linear_attn,aten.convolution.default,[],decode,False
1848,linear_attn,,slice,"[[B, 2*d_k_lin+d_v_lin, 2]]",,,"[[B, 2*d_k_lin+d_v_lin, 1]]",[1847],12,linear_attn,,1,model.layers.12.linear_attn,aten.slice.Tensor,[],decode,True
1849,linear_attn,,silu,"[[B, 2*d_k_lin+d_v_lin, 1]]",,,"[[B, 2*d_k_lin+d_v_lin, 1]]",[1848],12,linear_attn,,1,model.layers.12.linear_attn,aten.silu.default,[],decode,False
1850,linear_attn,,transpose,"[[B, 2*d_k_lin+d_v_lin, 1]]",,,"[[B, 1, 2*d_k_lin+d_v_lin]]",[1849],12,linear_attn,,1,model.layers.12.linear_attn,aten.transpose.int,[],decode,True
1851,linear_attn,,split_with_sizes,"[[B, 1, 2*d_k_lin+d_v_lin]]",,,"[[B, 1, n_k*d_k], [B, 1, n_k*d_k], [B, 1, n_v*d_v]]",[1850],12,linear_attn,,1,model.layers.12.linear_attn,aten.split_with_sizes.default,[],decode,True
1852,linear_attn,,view,"[[B, 1, n_k*d_k]]",,,"[[B, 1, n_h_lin_k, d_head_lin_k]]",[1851],12,linear_attn,,1,model.layers.12.linear_attn,aten.view.default,[],decode,True
1853,linear_attn,,view,"[[B, 1, n_k*d_k]]",,,"[[B, 1, n_h_lin_k, d_head_lin_k]]",[1851],12,linear_attn,,1,model.layers.12.linear_attn,aten.view.default,[],decode,True
1854,linear_attn,,view,"[[B, 1, n_v*d_v]]",,,"[[B, 1, n_h_lin_v, d_head_lin_v]]",[1851],12,linear_attn,,1,model.layers.12.linear_attn,aten.view.default,[],decode,True
1855,linear_attn,,sigmoid,"[[B, 1, n_h_lin_v]]",,,"[[B, 1, n_h_lin_v]]",[1837],12,linear_attn,,1,model.layers.12.linear_attn,aten.sigmoid.default,[],decode,False
1856,linear_attn,,_to_copy,[[n_h_lin_v]],,,[[n_h_lin_v]],[],12,linear_attn,,1,model.layers.12.linear_attn,aten._to_copy.default,[model.layers.12.linear_attn.A_log],decode,True
1857,linear_attn,,exp,[[n_h_lin_v]],,,[[n_h_lin_v]],[1856],12,linear_attn,,1,model.layers.12.linear_attn,aten.exp.default,[model.layers.12.linear_attn.A_log],decode,False
1858,linear_attn,,neg,[[n_h_lin_v]],,,[[n_h_lin_v]],[1857],12,linear_attn,,1,model.layers.12.linear_attn,aten.neg.default,[],decode,False
1859,linear_attn,,_to_copy,"[[B, 1, n_h_lin_v]]",,,"[[B, 1, n_h_lin_v]]",[1841],12,linear_attn,,1,model.layers.12.linear_attn,aten._to_copy.default,[],decode,True
1860,linear_attn,,elementwise_add,"[[B, 1, n_h_lin_v], [n_h_lin_v]]",,,"[[B, 1, n_h_lin_v]]",[1859],12,linear_attn,,1,model.layers.12.linear_attn,aten.add.Tensor,[model.layers.12.linear_attn.dt_bias],decode,False
1861,linear_attn,,softplus,"[[B, 1, n_h_lin_v]]",,,"[[B, 1, n_h_lin_v]]",[1860],12,linear_attn,,1,model.layers.12.linear_attn,aten.softplus.default,[],decode,True
1862,linear_attn,,elementwise_mul,"[[n_h_lin_v], [B, 1, n_h_lin_v]]",,,"[[B, 1, n_h_lin_v]]","[1858, 1861]",12,linear_attn,,1,model.layers.12.linear_attn,aten.mul.Tensor,[],decode,False
1863,linear_attn,,unsqueeze,"[[B, 1, n_h_lin_k, d_head_lin_k]]",,,"[[B, 1, n_h_lin_k, 1, d_head_lin_k]]",[1852],12,linear_attn,,1,model.layers.12.linear_attn,aten.unsqueeze.default,[],decode,True
1864,linear_attn,,expand,"[[B, 1, n_h_lin_k, 1, d_head_lin_k]]",,,"[[B, 1, n_h_lin_k, n_v/n_k, d_head_lin_k]]",[1863],12,linear_attn,,1,model.layers.12.linear_attn,aten.expand.default,[],decode,True
1865,linear_attn,,clone,"[[B, 1, n_h_lin_k, n_v/n_k, d_head_lin_k]]",,,"[[B, 1, n_h_lin_k, n_v/n_k, d_head_lin_k]]",[1864],12,linear_attn,,1,model.layers.12.linear_attn,aten.clone.default,[],decode,True
1866,linear_attn,,view,"[[B, 1, n_h_lin_k, n_v/n_k, d_head_lin_k]]",,,"[[B, 1, n_h_lin_v, d_head_lin_k]]",[1865],12,linear_attn,,1,model.layers.12.linear_attn,aten.view.default,[],decode,True
1867,linear_attn,,unsqueeze,"[[B, 1, n_h_lin_k, d_head_lin_k]]",,,"[[B, 1, n_h_lin_k, 1, d_head_lin_k]]",[1853],12,linear_attn,,1,model.layers.12.linear_attn,aten.unsqueeze.default,[],decode,True
1868,linear_attn,,expand,"[[B, 1, n_h_lin_k, 1, d_head_lin_k]]",,,"[[B, 1, n_h_lin_k, n_v/n_k, d_head_lin_k]]",[1867],12,linear_attn,,1,model.layers.12.linear_attn,aten.expand.default,[],decode,True
1869,linear_attn,,clone,"[[B, 1, n_h_lin_k, n_v/n_k, d_head_lin_k]]",,,"[[B, 1, n_h_lin_k, n_v/n_k, d_head_lin_k]]",[1868],12,linear_attn,,1,model.layers.12.linear_attn,aten.clone.default,[],decode,True
1870,linear_attn,,view,"[[B, 1, n_h_lin_k, n_v/n_k, d_head_lin_k]]",,,"[[B, 1, n_h_lin_v, d_head_lin_k]]",[1869],12,linear_attn,,1,model.layers.12.linear_attn,aten.view.default,[],decode,True
1871,linear_attn,,elementwise_mul,"[[B, 1, n_h_lin_v, d_head_lin_k], [B, 1, n_h_lin_v, d_head_lin_k]]",,,"[[B, 1, n_h_lin_v, d_head_lin_k]]",[1866],12,linear_attn,,1,model.layers.12.linear_attn,aten.mul.Tensor,[],decode,False
1872,linear_attn,,sum,"[[B, 1, n_h_lin_v, d_head_lin_k]]",,,"[[B, 1, n_h_lin_v, 1]]",[1871],12,linear_attn,,1,model.layers.12.linear_attn,aten.sum.dim_IntList,[],decode,True
1873,linear_attn,,elementwise_add,"[[B, 1, n_h_lin_v, 1]]",,,"[[B, 1, n_h_lin_v, 1]]",[1872],12,linear_attn,,1,model.layers.12.linear_attn,aten.add.Tensor,[],decode,False
1874,linear_attn,,rsqrt,"[[B, 1, n_h_lin_v, 1]]",,,"[[B, 1, n_h_lin_v, 1]]",[1873],12,linear_attn,,1,model.layers.12.linear_attn,aten.rsqrt.default,[],decode,False
1875,linear_attn,,elementwise_mul,"[[B, 1, n_h_lin_v, d_head_lin_k], [B, 1, n_h_lin_v, 1]]",,,"[[B, 1, n_h_lin_v, d_head_lin_k]]","[1866, 1874]",12,linear_attn,,1,model.layers.12.linear_attn,aten.mul.Tensor,[],decode,False
1876,linear_attn,,elementwise_mul,"[[B, 1, n_h_lin_v, d_head_lin_k], [B, 1, n_h_lin_v, d_head_lin_k]]",,,"[[B, 1, n_h_lin_v, d_head_lin_k]]",[1870],12,linear_attn,,1,model.layers.12.linear_attn,aten.mul.Tensor,[],decode,False
1877,linear_attn,,sum,"[[B, 1, n_h_lin_v, d_head_lin_k]]",,,"[[B, 1, n_h_lin_v, 1]]",[1876],12,linear_attn,,1,model.layers.12.linear_attn,aten.sum.dim_IntList,[],decode,True
1878,linear_attn,,elementwise_add,"[[B, 1, n_h_lin_v, 1]]",,,"[[B, 1, n_h_lin_v, 1]]",[1877],12,linear_attn,,1,model.layers.12.linear_attn,aten.add.Tensor,[],decode,False
1879,linear_attn,,rsqrt,"[[B, 1, n_h_lin_v, 1]]",,,"[[B, 1, n_h_lin_v, 1]]",[1878],12,linear_attn,,1,model.layers.12.linear_attn,aten.rsqrt.default,[],decode,False
1880,linear_attn,,elementwise_mul,"[[B, 1, n_h_lin_v, d_head_lin_k], [B, 1, n_h_lin_v, 1]]",,,"[[B, 1, n_h_lin_v, d_head_lin_k]]","[1870, 1879]",12,linear_attn,,1,model.layers.12.linear_attn,aten.mul.Tensor,[],decode,False
1881,linear_attn,,transpose,"[[B, 1, n_h_lin_v, d_head_lin_k]]",,,"[[B, n_h_lin_v, 1, d_head_lin_k]]",[1875],12,linear_attn,,1,model.layers.12.linear_attn,aten.transpose.int,[],decode,True
1882,linear_attn,,_to_copy,"[[B, n_h_lin_v, 1, d_head_lin_k]]",,,"[[B, n_h_lin_v, 1, d_head_lin_k]]",[1881],12,linear_attn,,1,model.layers.12.linear_attn,aten._to_copy.default,[],decode,True
1883,linear_attn,,transpose,"[[B, 1, n_h_lin_v, d_head_lin_k]]",,,"[[B, n_h_lin_v, 1, d_head_lin_k]]",[1880],12,linear_attn,,1,model.layers.12.linear_attn,aten.transpose.int,[],decode,True
1884,linear_attn,,_to_copy,"[[B, n_h_lin_v, 1, d_head_lin_k]]",,,"[[B, n_h_lin_v, 1, d_head_lin_k]]",[1883],12,linear_attn,,1,model.layers.12.linear_attn,aten._to_copy.default,[],decode,True
1885,linear_attn,,transpose,"[[B, 1, n_h_lin_v, d_head_lin_v]]",,,"[[B, n_h_lin_v, 1, d_head_lin_v]]",[1854],12,linear_attn,,1,model.layers.12.linear_attn,aten.transpose.int,[],decode,True
1886,linear_attn,,_to_copy,"[[B, n_h_lin_v, 1, d_head_lin_v]]",,,"[[B, n_h_lin_v, 1, d_head_lin_v]]",[1885],12,linear_attn,,1,model.layers.12.linear_attn,aten._to_copy.default,[],decode,True
1887,linear_attn,,transpose,"[[B, 1, n_h_lin_v]]",,,"[[B, n_h_lin_v, 1]]",[1855],12,linear_attn,,1,model.layers.12.linear_attn,aten.transpose.int,[],decode,True
1888,linear_attn,,_to_copy,"[[B, n_h_lin_v, 1]]",,,"[[B, n_h_lin_v, 1]]",[1887],12,linear_attn,,1,model.layers.12.linear_attn,aten._to_copy.default,[],decode,True
1889,linear_attn,,transpose,"[[B, 1, n_h_lin_v]]",,,"[[B, n_h_lin_v, 1]]",[1862],12,linear_attn,,1,model.layers.12.linear_attn,aten.transpose.int,[],decode,True
1890,linear_attn,,elementwise_mul,"[[B, n_h_lin_v, 1, d_head_lin_k]]",,,"[[B, n_h_lin_v, 1, d_head_lin_k]]",[1882],12,linear_attn,,1,model.layers.12.linear_attn,aten.mul.Tensor,[],decode,False
1891,linear_attn,,zeros,[],,,"[[B, n_h_lin_v, 1, d_head_lin_v]]",[],12,linear_attn,,1,model.layers.12.linear_attn,aten.zeros.default,[],decode,True
1892,linear_attn,,select,"[[B, n_h_lin_v, 1, d_head_lin_k]]",,,"[[B, n_h_lin_v, d_head_lin_k]]",[1890],12,linear_attn,,1,model.layers.12.linear_attn,aten.select.int,[],decode,True
1893,linear_attn,,select,"[[B, n_h_lin_v, 1, d_head_lin_k]]",,,"[[B, n_h_lin_v, d_head_lin_k]]",[1884],12,linear_attn,,1,model.layers.12.linear_attn,aten.select.int,[],decode,True
1894,linear_attn,,select,"[[B, n_h_lin_v, 1, d_head_lin_v]]",,,"[[B, n_h_lin_v, d_head_lin_v]]",[1886],12,linear_attn,,1,model.layers.12.linear_attn,aten.select.int,[],decode,True
1895,linear_attn,,select,"[[B, n_h_lin_v, 1]]",,,"[[B, n_h_lin_v]]",[1889],12,linear_attn,,1,model.layers.12.linear_attn,aten.select.int,[],decode,True
1896,linear_attn,,exp,"[[B, n_h_lin_v]]",,,"[[B, n_h_lin_v]]",[1895],12,linear_attn,,1,model.layers.12.linear_attn,aten.exp.default,[],decode,False
1897,linear_attn,,unsqueeze,"[[B, n_h_lin_v]]",,,"[[B, n_h_lin_v, 1]]",[1896],12,linear_attn,,1,model.layers.12.linear_attn,aten.unsqueeze.default,[],decode,True
1898,linear_attn,,unsqueeze,"[[B, n_h_lin_v, 1]]",,,"[[B, n_h_lin_v, 1, 1]]",[1897],12,linear_attn,,1,model.layers.12.linear_attn,aten.unsqueeze.default,[],decode,True
1899,linear_attn,,select,"[[B, n_h_lin_v, 1]]",,,"[[B, n_h_lin_v]]",[1888],12,linear_attn,,1,model.layers.12.linear_attn,aten.select.int,[],decode,True
1900,linear_attn,,unsqueeze,"[[B, n_h_lin_v]]",,,"[[B, n_h_lin_v, 1]]",[1899],12,linear_attn,,1,model.layers.12.linear_attn,aten.unsqueeze.default,[],decode,True
1901,linear_attn,,elementwise_mul,"[[B, n_h_lin_v, d_head_lin_k, d_head_lin_v], [B, n_h_lin_v, 1, 1]]",,,"[[B, n_h_lin_v, d_head_lin_k, d_head_lin_v]]",[1898],12,linear_attn,,1,model.layers.12.linear_attn,aten.mul.Tensor,[],decode,False
1902,linear_attn,,unsqueeze,"[[B, n_h_lin_v, d_head_lin_k]]",,,"[[B, n_h_lin_v, d_head_lin_k, 1]]",[1893],12,linear_attn,,1,model.layers.12.linear_attn,aten.unsqueeze.default,[],decode,True
1903,linear_attn,,elementwise_mul,"[[B, n_h_lin_v, d_head_lin_k, d_head_lin_v], [B, n_h_lin_v, d_head_lin_k, 1]]",,,"[[B, n_h_lin_v, d_head_lin_k, d_head_lin_v]]","[1901, 1902]",12,linear_attn,,1,model.layers.12.linear_attn,aten.mul.Tensor,[],decode,False
1904,linear_attn,,sum,"[[B, n_h_lin_v, d_head_lin_k, d_head_lin_v]]",,,"[[B, n_h_lin_v, d_head_lin_v]]",[1903],12,linear_attn,,1,model.layers.12.linear_attn,aten.sum.dim_IntList,[],decode,True
1905,linear_attn,,sub,"[[B, n_h_lin_v, d_head_lin_v], [B, n_h_lin_v, d_head_lin_v]]",,,"[[B, n_h_lin_v, d_head_lin_v]]","[1894, 1904]",12,linear_attn,,1,model.layers.12.linear_attn,aten.sub.Tensor,[],decode,True
1906,linear_attn,,elementwise_mul,"[[B, n_h_lin_v, d_head_lin_v], [B, n_h_lin_v, 1]]",,,"[[B, n_h_lin_v, d_head_lin_v]]","[1900, 1905]",12,linear_attn,,1,model.layers.12.linear_attn,aten.mul.Tensor,[],decode,False
1907,linear_attn,,unsqueeze,"[[B, n_h_lin_v, d_head_lin_k]]",,,"[[B, n_h_lin_v, d_head_lin_k, 1]]",[1893],12,linear_attn,,1,model.layers.12.linear_attn,aten.unsqueeze.default,[],decode,True
1908,linear_attn,,unsqueeze,"[[B, n_h_lin_v, d_head_lin_v]]",,,"[[B, n_h_lin_v, 1, d_head_lin_v]]",[1906],12,linear_attn,,1,model.layers.12.linear_attn,aten.unsqueeze.default,[],decode,True
1909,linear_attn,,elementwise_mul,"[[B, n_h_lin_v, d_head_lin_k, 1], [B, n_h_lin_v, 1, d_head_lin_v]]",,,"[[B, n_h_lin_v, d_head_lin_k, d_head_lin_v]]","[1907, 1908]",12,linear_attn,,1,model.layers.12.linear_attn,aten.mul.Tensor,[],decode,False
1910,linear_attn,,elementwise_add,"[[B, n_h_lin_v, d_head_lin_k, d_head_lin_v], [B, n_h_lin_v, d_head_lin_k, d_head_lin_v]]",,,"[[B, n_h_lin_v, d_head_lin_k, d_head_lin_v]]","[1901, 1909]",12,linear_attn,,1,model.layers.12.linear_attn,aten.add.Tensor,[],decode,False
1911,linear_attn,,unsqueeze,"[[B, n_h_lin_v, d_head_lin_k]]",,,"[[B, n_h_lin_v, d_head_lin_k, 1]]",[1892],12,linear_attn,,1,model.layers.12.linear_attn,aten.unsqueeze.default,[],decode,True
1912,linear_attn,,elementwise_mul,"[[B, n_h_lin_v, d_head_lin_k, d_head_lin_v], [B, n_h_lin_v, d_head_lin_k, 1]]",,,"[[B, n_h_lin_v, d_head_lin_k, d_head_lin_v]]","[1910, 1911]",12,linear_attn,,1,model.layers.12.linear_attn,aten.mul.Tensor,[],decode,False
1913,linear_attn,,sum,"[[B, n_h_lin_v, d_head_lin_k, d_head_lin_v]]",,,"[[B, n_h_lin_v, d_head_lin_v]]",[1912],12,linear_attn,,1,model.layers.12.linear_attn,aten.sum.dim_IntList,[],decode,True
1914,linear_attn,,select,"[[B, n_h_lin_v, 1, d_head_lin_v]]",,,"[[B, n_h_lin_v, d_head_lin_v]]",[1891],12,linear_attn,,1,model.layers.12.linear_attn,aten.select.int,[],decode,True
1915,linear_attn,,copy_,"[[B, n_h_lin_v, d_head_lin_v], [B, n_h_lin_v, d_head_lin_v]]",,,"[[B, n_h_lin_v, d_head_lin_v]]","[1913, 1914]",12,linear_attn,,1,model.layers.12.linear_attn,aten.copy_.default,[],decode,True
1916,linear_attn,,transpose,"[[B, n_h_lin_v, 1, d_head_lin_v]]",,,"[[B, 1, n_h_lin_v, d_head_lin_v]]",[1891],12,linear_attn,,1,model.layers.12.linear_attn,aten.transpose.int,[],decode,True
1917,linear_attn,,_to_copy,"[[B, 1, n_h_lin_v, d_head_lin_v]]",,,"[[B, 1, n_h_lin_v, d_head_lin_v]]",[1916],12,linear_attn,,1,model.layers.12.linear_attn,aten._to_copy.default,[],decode,True
1918,linear_attn,,copy_,"[[B, n_h_lin_v, d_head_lin_k, d_head_lin_v], [B, n_h_lin_v, d_head_lin_k, d_head_lin_v]]",,,"[[B, n_h_lin_v, d_head_lin_k, d_head_lin_v]]",[1910],12,linear_attn,,1,model.layers.12.linear_attn,aten.copy_.default,[],decode,True
1919,linear_attn,,view,"[[B, 1, n_h_lin_v, d_head_lin_v]]",,,"[[n_h_lin_v, d_head_lin_v]]",[1917],12,linear_attn,,1,model.layers.12.linear_attn,aten.view.default,[],decode,True
1920,linear_attn,,view,"[[B, 1, n_h_lin_v, d_head_lin_v]]",,,"[[n_h_lin_v, d_head_lin_v]]",[1833],12,linear_attn,,1,model.layers.12.linear_attn,aten.view.default,[],decode,True
1921,linear_attn,norm,_to_copy,"[[n_h_lin_v, d_head_lin_v]]",,,"[[n_h_lin_v, d_head_lin_v]]",[1919],12,linear_attn,norm,2,model.layers.12.linear_attn.norm,aten._to_copy.default,[],decode,True
1922,linear_attn,norm,pow,"[[n_h_lin_v, d_head_lin_v]]",,,"[[n_h_lin_v, d_head_lin_v]]",[1921],12,linear_attn,norm,2,model.layers.12.linear_attn.norm,aten.pow.Tensor_Scalar,[],decode,False
1923,linear_attn,norm,mean,"[[n_h_lin_v, d_head_lin_v]]",,,"[[n_h_lin_v, B]]",[1922],12,linear_attn,norm,2,model.layers.12.linear_attn.norm,aten.mean.dim,[],decode,False
1924,linear_attn,norm,elementwise_add,"[[n_h_lin_v, B]]",,,"[[n_h_lin_v, B]]",[1923],12,linear_attn,norm,2,model.layers.12.linear_attn.norm,aten.add.Tensor,[],decode,False
1925,linear_attn,norm,rsqrt,"[[n_h_lin_v, B]]",,,"[[n_h_lin_v, B]]",[1924],12,linear_attn,norm,2,model.layers.12.linear_attn.norm,aten.rsqrt.default,[],decode,False
1926,linear_attn,norm,elementwise_mul,"[[n_h_lin_v, d_head_lin_v], [n_h_lin_v, B]]",,,"[[n_h_lin_v, d_head_lin_v]]","[1921, 1925]",12,linear_attn,norm,2,model.layers.12.linear_attn.norm,aten.mul.Tensor,[],decode,False
1927,linear_attn,norm,_to_copy,"[[n_h_lin_v, d_head_lin_v]]",,,"[[n_h_lin_v, d_head_lin_v]]",[1926],12,linear_attn,norm,2,model.layers.12.linear_attn.norm,aten._to_copy.default,[],decode,True
1928,linear_attn,norm,elementwise_mul,"[[d_head_lin_v], [n_h_lin_v, d_head_lin_v]]",,,"[[n_h_lin_v, d_head_lin_v]]",[1927],12,linear_attn,norm,2,model.layers.12.linear_attn.norm,aten.mul.Tensor,[model.layers.12.linear_attn.norm.weight],decode,False
1929,linear_attn,norm,_to_copy,"[[n_h_lin_v, d_head_lin_v]]",,,"[[n_h_lin_v, d_head_lin_v]]",[1920],12,linear_attn,norm,2,model.layers.12.linear_attn.norm,aten._to_copy.default,[],decode,True
1930,linear_attn,norm,silu,"[[n_h_lin_v, d_head_lin_v]]",,,"[[n_h_lin_v, d_head_lin_v]]",[1929],12,linear_attn,norm,2,model.layers.12.linear_attn.norm,aten.silu.default,[],decode,False
1931,linear_attn,norm,elementwise_mul,"[[n_h_lin_v, d_head_lin_v], [n_h_lin_v, d_head_lin_v]]",,,"[[n_h_lin_v, d_head_lin_v]]","[1928, 1930]",12,linear_attn,norm,2,model.layers.12.linear_attn.norm,aten.mul.Tensor,[],decode,False
1932,linear_attn,norm,_to_copy,"[[n_h_lin_v, d_head_lin_v]]",,,"[[n_h_lin_v, d_head_lin_v]]",[1931],12,linear_attn,norm,2,model.layers.12.linear_attn.norm,aten._to_copy.default,[],decode,True
1933,linear_attn,,view,"[[n_h_lin_v, d_head_lin_v]]",,,"[[B, 1, n_v*d_v]]",[1932],12,linear_attn,,1,model.layers.12.linear_attn,aten.view.default,[],decode,True
1934,linear_attn,out_proj,t,"[[d_model, n_v*d_v]]","[d_model, n_v*d_v]",0,"[[n_v*d_v, d_model]]",[],12,linear_attn,out_proj,2,model.layers.12.linear_attn.out_proj,aten.t.default,[model.layers.12.linear_attn.out_proj.weight],decode,True
1935,linear_attn,out_proj,view,"[[B, 1, n_v*d_v]]",,,"[[B, n_v*d_v]]",[1933],12,linear_attn,out_proj,2,model.layers.12.linear_attn.out_proj,aten.view.default,[],decode,True
1936,linear_attn,out_proj,matmul,"[[B, n_v*d_v], [n_v*d_v, d_model]]","[d_model, n_v*d_v]",1,"[[B, d_model]]","[1934, 1935]",12,linear_attn,out_proj,2,model.layers.12.linear_attn.out_proj,aten.mm.default,[model.layers.12.linear_attn.out_proj.weight],decode,False
1937,linear_attn,out_proj,_unsafe_view,"[[B, d_model]]",,,"[[B, 1, d_model]]",[1936],12,linear_attn,out_proj,2,model.layers.12.linear_attn.out_proj,aten._unsafe_view.default,[],decode,True
1938,,,elementwise_add,"[[B, 1, d_model], [B, 1, d_model]]",,,"[[B, 1, d_model]]","[1813, 1937]",12,,,0,model.layers.12,aten.add.Tensor,[],decode,False
1939,post_attention_layernorm,,_to_copy,"[[B, 1, d_model]]",,,"[[B, 1, d_model]]",[1938],12,post_attention_layernorm,,1,model.layers.12.post_attention_layernorm,aten._to_copy.default,[],decode,True
1940,post_attention_layernorm,,pow,"[[B, 1, d_model]]",,,"[[B, 1, d_model]]",[1939],12,post_attention_layernorm,,1,model.layers.12.post_attention_layernorm,aten.pow.Tensor_Scalar,[],decode,False
1941,post_attention_layernorm,,mean,"[[B, 1, d_model]]",,,"[[B, 1, 1]]",[1940],12,post_attention_layernorm,,1,model.layers.12.post_attention_layernorm,aten.mean.dim,[],decode,False
1942,post_attention_layernorm,,elementwise_add,"[[B, 1, 1]]",,,"[[B, 1, 1]]",[1941],12,post_attention_layernorm,,1,model.layers.12.post_attention_layernorm,aten.add.Tensor,[],decode,False
1943,post_attention_layernorm,,rsqrt,"[[B, 1, 1]]",,,"[[B, 1, 1]]",[1942],12,post_attention_layernorm,,1,model.layers.12.post_attention_layernorm,aten.rsqrt.default,[],decode,False
1944,post_attention_layernorm,,elementwise_mul,"[[B, 1, d_model], [B, 1, 1]]",,,"[[B, 1, d_model]]","[1939, 1943]",12,post_attention_layernorm,,1,model.layers.12.post_attention_layernorm,aten.mul.Tensor,[],decode,False
1945,post_attention_layernorm,,_to_copy,[[d_model]],,,[[d_model]],[],12,post_attention_layernorm,,1,model.layers.12.post_attention_layernorm,aten._to_copy.default,[model.layers.12.post_attention_layernorm.weight],decode,True
1946,post_attention_layernorm,,elementwise_add,[[d_model]],,,[[d_model]],[1945],12,post_attention_layernorm,,1,model.layers.12.post_attention_layernorm,aten.add.Tensor,[model.layers.12.post_attention_layernorm.weight],decode,False
1947,post_attention_layernorm,,elementwise_mul,"[[B, 1, d_model], [d_model]]",,,"[[B, 1, d_model]]","[1944, 1946]",12,post_attention_layernorm,,1,model.layers.12.post_attention_layernorm,aten.mul.Tensor,[],decode,False
1948,post_attention_layernorm,,_to_copy,"[[B, 1, d_model]]",,,"[[B, 1, d_model]]",[1947],12,post_attention_layernorm,,1,model.layers.12.post_attention_layernorm,aten._to_copy.default,[],decode,True
1949,mlp,gate_proj,t,"[[d_ff, d_model]]","[d_ff, d_model]",0,"[[d_model, d_ff]]",[],12,mlp,gate_proj,2,model.layers.12.mlp.gate_proj,aten.t.default,[model.layers.12.mlp.gate_proj.weight],decode,True
1950,mlp,gate_proj,view,"[[B, 1, d_model]]",,,"[[B, d_model]]",[1948],12,mlp,gate_proj,2,model.layers.12.mlp.gate_proj,aten.view.default,[],decode,True
1951,mlp,gate_proj,matmul,"[[B, d_model], [d_model, d_ff]]","[d_ff, d_model]",1,"[[B, d_ff]]","[1949, 1950]",12,mlp,gate_proj,2,model.layers.12.mlp.gate_proj,aten.mm.default,[model.layers.12.mlp.gate_proj.weight],decode,False
1952,mlp,gate_proj,_unsafe_view,"[[B, d_ff]]",,,"[[B, 1, d_ff]]",[1951],12,mlp,gate_proj,2,model.layers.12.mlp.gate_proj,aten._unsafe_view.default,[],decode,True
1953,mlp,act_fn,silu,"[[B, 1, d_ff]]",,,"[[B, 1, d_ff]]",[1952],12,mlp,act_fn,2,model.layers.12.mlp.act_fn,aten.silu.default,[],decode,False
1954,mlp,up_proj,t,"[[d_ff, d_model]]","[d_ff, d_model]",0,"[[d_model, d_ff]]",[],12,mlp,up_proj,2,model.layers.12.mlp.up_proj,aten.t.default,[model.layers.12.mlp.up_proj.weight],decode,True
1955,mlp,up_proj,view,"[[B, 1, d_model]]",,,"[[B, d_model]]",[1948],12,mlp,up_proj,2,model.layers.12.mlp.up_proj,aten.view.default,[],decode,True
1956,mlp,up_proj,matmul,"[[B, d_model], [d_model, d_ff]]","[d_ff, d_model]",1,"[[B, d_ff]]","[1954, 1955]",12,mlp,up_proj,2,model.layers.12.mlp.up_proj,aten.mm.default,[model.layers.12.mlp.up_proj.weight],decode,False
1957,mlp,up_proj,_unsafe_view,"[[B, d_ff]]",,,"[[B, 1, d_ff]]",[1956],12,mlp,up_proj,2,model.layers.12.mlp.up_proj,aten._unsafe_view.default,[],decode,True
1958,mlp,,elementwise_mul,"[[B, 1, d_ff], [B, 1, d_ff]]",,,"[[B, 1, d_ff]]","[1953, 1957]",12,mlp,,1,model.layers.12.mlp,aten.mul.Tensor,[],decode,False
1959,mlp,down_proj,t,"[[d_model, d_ff]]","[d_model, d_ff]",0,"[[d_ff, d_model]]",[],12,mlp,down_proj,2,model.layers.12.mlp.down_proj,aten.t.default,[model.layers.12.mlp.down_proj.weight],decode,True
1960,mlp,down_proj,view,"[[B, 1, d_ff]]",,,"[[B, d_ff]]",[1958],12,mlp,down_proj,2,model.layers.12.mlp.down_proj,aten.view.default,[],decode,True
1961,mlp,down_proj,matmul,"[[B, d_ff], [d_ff, d_model]]","[d_model, d_ff]",1,"[[B, d_model]]","[1959, 1960]",12,mlp,down_proj,2,model.layers.12.mlp.down_proj,aten.mm.default,[model.layers.12.mlp.down_proj.weight],decode,False
1962,mlp,down_proj,_unsafe_view,"[[B, d_model]]",,,"[[B, 1, d_model]]",[1961],12,mlp,down_proj,2,model.layers.12.mlp.down_proj,aten._unsafe_view.default,[],decode,True
1963,,,elementwise_add,"[[B, 1, d_model], [B, 1, d_model]]",,,"[[B, 1, d_model]]","[1938, 1962]",12,,,0,model.layers.12,aten.add.Tensor,[],decode,False
1964,input_layernorm,,_to_copy,"[[B, 1, d_model]]",,,"[[B, 1, d_model]]",[1963],13,input_layernorm,,1,model.layers.13.input_layernorm,aten._to_copy.default,[],decode,True
1965,input_layernorm,,pow,"[[B, 1, d_model]]",,,"[[B, 1, d_model]]",[1964],13,input_layernorm,,1,model.layers.13.input_layernorm,aten.pow.Tensor_Scalar,[],decode,False
1966,input_layernorm,,mean,"[[B, 1, d_model]]",,,"[[B, 1, 1]]",[1965],13,input_layernorm,,1,model.layers.13.input_layernorm,aten.mean.dim,[],decode,False
1967,input_layernorm,,elementwise_add,"[[B, 1, 1]]",,,"[[B, 1, 1]]",[1966],13,input_layernorm,,1,model.layers.13.input_layernorm,aten.add.Tensor,[],decode,False
1968,input_layernorm,,rsqrt,"[[B, 1, 1]]",,,"[[B, 1, 1]]",[1967],13,input_layernorm,,1,model.layers.13.input_layernorm,aten.rsqrt.default,[],decode,False
1969,input_layernorm,,elementwise_mul,"[[B, 1, d_model], [B, 1, 1]]",,,"[[B, 1, d_model]]","[1964, 1968]",13,input_layernorm,,1,model.layers.13.input_layernorm,aten.mul.Tensor,[],decode,False
1970,input_layernorm,,_to_copy,[[d_model]],,,[[d_model]],[],13,input_layernorm,,1,model.layers.13.input_layernorm,aten._to_copy.default,[model.layers.13.input_layernorm.weight],decode,True
1971,input_layernorm,,elementwise_add,[[d_model]],,,[[d_model]],[1970],13,input_layernorm,,1,model.layers.13.input_layernorm,aten.add.Tensor,[model.layers.13.input_layernorm.weight],decode,False
1972,input_layernorm,,elementwise_mul,"[[B, 1, d_model], [d_model]]",,,"[[B, 1, d_model]]","[1969, 1971]",13,input_layernorm,,1,model.layers.13.input_layernorm,aten.mul.Tensor,[],decode,False
1973,input_layernorm,,_to_copy,"[[B, 1, d_model]]",,,"[[B, 1, d_model]]",[1972],13,input_layernorm,,1,model.layers.13.input_layernorm,aten._to_copy.default,[],decode,True
1974,linear_attn,in_proj_qkv,t,"[[2*d_k_lin+d_v_lin, d_model]]","[2*d_k_lin+d_v_lin, d_model]",0,"[[d_model, 2*d_k_lin+d_v_lin]]",[],13,linear_attn,in_proj_qkv,2,model.layers.13.linear_attn.in_proj_qkv,aten.t.default,[model.layers.13.linear_attn.in_proj_qkv.weight],decode,True
1975,linear_attn,in_proj_qkv,view,"[[B, 1, d_model]]",,,"[[B, d_model]]",[1973],13,linear_attn,in_proj_qkv,2,model.layers.13.linear_attn.in_proj_qkv,aten.view.default,[],decode,True
1976,linear_attn,in_proj_qkv,matmul,"[[B, d_model], [d_model, 2*d_k_lin+d_v_lin]]","[2*d_k_lin+d_v_lin, d_model]",1,"[[B, 2*d_k_lin+d_v_lin]]","[1974, 1975]",13,linear_attn,in_proj_qkv,2,model.layers.13.linear_attn.in_proj_qkv,aten.mm.default,[model.layers.13.linear_attn.in_proj_qkv.weight],decode,False
1977,linear_attn,in_proj_qkv,_unsafe_view,"[[B, 2*d_k_lin+d_v_lin]]",,,"[[B, 1, 2*d_k_lin+d_v_lin]]",[1976],13,linear_attn,in_proj_qkv,2,model.layers.13.linear_attn.in_proj_qkv,aten._unsafe_view.default,[],decode,True
1978,linear_attn,,transpose,"[[B, 1, 2*d_k_lin+d_v_lin]]",,,"[[B, 2*d_k_lin+d_v_lin, 1]]",[1977],13,linear_attn,,1,model.layers.13.linear_attn,aten.transpose.int,[],decode,True
1979,linear_attn,in_proj_z,t,"[[n_v*d_v, d_model]]","[n_v*d_v, d_model]",0,"[[d_model, n_v*d_v]]",[],13,linear_attn,in_proj_z,2,model.layers.13.linear_attn.in_proj_z,aten.t.default,[model.layers.13.linear_attn.in_proj_z.weight],decode,True
1980,linear_attn,in_proj_z,view,"[[B, 1, d_model]]",,,"[[B, d_model]]",[1973],13,linear_attn,in_proj_z,2,model.layers.13.linear_attn.in_proj_z,aten.view.default,[],decode,True
1981,linear_attn,in_proj_z,matmul,"[[B, d_model], [d_model, n_v*d_v]]","[n_v*d_v, d_model]",1,"[[B, n_v*d_v]]","[1979, 1980]",13,linear_attn,in_proj_z,2,model.layers.13.linear_attn.in_proj_z,aten.mm.default,[model.layers.13.linear_attn.in_proj_z.weight],decode,False
1982,linear_attn,in_proj_z,_unsafe_view,"[[B, n_v*d_v]]",,,"[[B, 1, n_v*d_v]]",[1981],13,linear_attn,in_proj_z,2,model.layers.13.linear_attn.in_proj_z,aten._unsafe_view.default,[],decode,True
1983,linear_attn,,view,"[[B, 1, n_v*d_v]]",,,"[[B, 1, n_h_lin_v, d_head_lin_v]]",[1982],13,linear_attn,,1,model.layers.13.linear_attn,aten.view.default,[],decode,True
1984,linear_attn,in_proj_b,t,"[[n_h_lin_v, d_model]]","[n_h_lin_v, d_model]",0,"[[d_model, n_h_lin_v]]",[],13,linear_attn,in_proj_b,2,model.layers.13.linear_attn.in_proj_b,aten.t.default,[model.layers.13.linear_attn.in_proj_b.weight],decode,True
1985,linear_attn,in_proj_b,view,"[[B, 1, d_model]]",,,"[[B, d_model]]",[1973],13,linear_attn,in_proj_b,2,model.layers.13.linear_attn.in_proj_b,aten.view.default,[],decode,True
1986,linear_attn,in_proj_b,matmul,"[[B, d_model], [d_model, n_h_lin_v]]","[n_h_lin_v, d_model]",1,"[[B, n_h_lin_v]]","[1984, 1985]",13,linear_attn,in_proj_b,2,model.layers.13.linear_attn.in_proj_b,aten.mm.default,[model.layers.13.linear_attn.in_proj_b.weight],decode,False
1987,linear_attn,in_proj_b,_unsafe_view,"[[B, n_h_lin_v]]",,,"[[B, 1, n_h_lin_v]]",[1986],13,linear_attn,in_proj_b,2,model.layers.13.linear_attn.in_proj_b,aten._unsafe_view.default,[],decode,True
1988,linear_attn,in_proj_a,t,"[[n_h_lin_v, d_model]]","[n_h_lin_v, d_model]",0,"[[d_model, n_h_lin_v]]",[],13,linear_attn,in_proj_a,2,model.layers.13.linear_attn.in_proj_a,aten.t.default,[model.layers.13.linear_attn.in_proj_a.weight],decode,True
1989,linear_attn,in_proj_a,view,"[[B, 1, d_model]]",,,"[[B, d_model]]",[1973],13,linear_attn,in_proj_a,2,model.layers.13.linear_attn.in_proj_a,aten.view.default,[],decode,True
1990,linear_attn,in_proj_a,matmul,"[[B, d_model], [d_model, n_h_lin_v]]","[n_h_lin_v, d_model]",1,"[[B, n_h_lin_v]]","[1988, 1989]",13,linear_attn,in_proj_a,2,model.layers.13.linear_attn.in_proj_a,aten.mm.default,[model.layers.13.linear_attn.in_proj_a.weight],decode,False
1991,linear_attn,in_proj_a,_unsafe_view,"[[B, n_h_lin_v]]",,,"[[B, 1, n_h_lin_v]]",[1990],13,linear_attn,in_proj_a,2,model.layers.13.linear_attn.in_proj_a,aten._unsafe_view.default,[],decode,True
1992,linear_attn,,squeeze,"[[2*d_k_lin+d_v_lin, 1, d_conv_lin]]","[2*d_k_lin+d_v_lin, 1, d_conv_lin]",0,"[[2*d_k_lin+d_v_lin, d_conv_lin]]",[],13,linear_attn,,1,model.layers.13.linear_attn,aten.squeeze.dim,[model.layers.13.linear_attn.conv1d.weight],decode,True
1993,linear_attn,,concat,"[[B, 2*d_k_lin+d_v_lin, d_conv_lin], [B, 2*d_k_lin+d_v_lin, 1]]",,,"[[B, 2*d_k_lin+d_v_lin, 5]]",[1978],13,linear_attn,,1,model.layers.13.linear_attn,aten.cat.default,[],decode,False
1994,linear_attn,,slice,"[[B, 2*d_k_lin+d_v_lin, 5]]",,,"[[B, 2*d_k_lin+d_v_lin, d_conv_lin]]",[1993],13,linear_attn,,1,model.layers.13.linear_attn,aten.slice.Tensor,[],decode,True
1995,linear_attn,,copy_,"[[B, 2*d_k_lin+d_v_lin, d_conv_lin], [B, 2*d_k_lin+d_v_lin, d_conv_lin]]",,,"[[B, 2*d_k_lin+d_v_lin, d_conv_lin]]",[1994],13,linear_attn,,1,model.layers.13.linear_attn,aten.copy_.default,[],decode,True
1996,linear_attn,,unsqueeze,"[[2*d_k_lin+d_v_lin, d_conv_lin]]",,,"[[2*d_k_lin+d_v_lin, 1, d_conv_lin]]",[1992],13,linear_attn,,1,model.layers.13.linear_attn,aten.unsqueeze.default,[],decode,True
1997,linear_attn,,conv1d,"[[B, 2*d_k_lin+d_v_lin, 5], [2*d_k_lin+d_v_lin, 1, d_conv_lin]]",,,"[[B, 2*d_k_lin+d_v_lin, 2]]","[1993, 1996]",13,linear_attn,,1,model.layers.13.linear_attn,aten.convolution.default,[],decode,False
1998,linear_attn,,slice,"[[B, 2*d_k_lin+d_v_lin, 2]]",,,"[[B, 2*d_k_lin+d_v_lin, 1]]",[1997],13,linear_attn,,1,model.layers.13.linear_attn,aten.slice.Tensor,[],decode,True
1999,linear_attn,,silu,"[[B, 2*d_k_lin+d_v_lin, 1]]",,,"[[B, 2*d_k_lin+d_v_lin, 1]]",[1998],13,linear_attn,,1,model.layers.13.linear_attn,aten.silu.default,[],decode,False
2000,linear_attn,,transpose,"[[B, 2*d_k_lin+d_v_lin, 1]]",,,"[[B, 1, 2*d_k_lin+d_v_lin]]",[1999],13,linear_attn,,1,model.layers.13.linear_attn,aten.transpose.int,[],decode,True
2001,linear_attn,,split_with_sizes,"[[B, 1, 2*d_k_lin+d_v_lin]]",,,"[[B, 1, n_k*d_k], [B, 1, n_k*d_k], [B, 1, n_v*d_v]]",[2000],13,linear_attn,,1,model.layers.13.linear_attn,aten.split_with_sizes.default,[],decode,True
2002,linear_attn,,view,"[[B, 1, n_k*d_k]]",,,"[[B, 1, n_h_lin_k, d_head_lin_k]]",[2001],13,linear_attn,,1,model.layers.13.linear_attn,aten.view.default,[],decode,True
2003,linear_attn,,view,"[[B, 1, n_k*d_k]]",,,"[[B, 1, n_h_lin_k, d_head_lin_k]]",[2001],13,linear_attn,,1,model.layers.13.linear_attn,aten.view.default,[],decode,True
2004,linear_attn,,view,"[[B, 1, n_v*d_v]]",,,"[[B, 1, n_h_lin_v, d_head_lin_v]]",[2001],13,linear_attn,,1,model.layers.13.linear_attn,aten.view.default,[],decode,True
2005,linear_attn,,sigmoid,"[[B, 1, n_h_lin_v]]",,,"[[B, 1, n_h_lin_v]]",[1987],13,linear_attn,,1,model.layers.13.linear_attn,aten.sigmoid.default,[],decode,False
2006,linear_attn,,_to_copy,[[n_h_lin_v]],,,[[n_h_lin_v]],[],13,linear_attn,,1,model.layers.13.linear_attn,aten._to_copy.default,[model.layers.13.linear_attn.A_log],decode,True
2007,linear_attn,,exp,[[n_h_lin_v]],,,[[n_h_lin_v]],[2006],13,linear_attn,,1,model.layers.13.linear_attn,aten.exp.default,[model.layers.13.linear_attn.A_log],decode,False
2008,linear_attn,,neg,[[n_h_lin_v]],,,[[n_h_lin_v]],[2007],13,linear_attn,,1,model.layers.13.linear_attn,aten.neg.default,[],decode,False
2009,linear_attn,,_to_copy,"[[B, 1, n_h_lin_v]]",,,"[[B, 1, n_h_lin_v]]",[1991],13,linear_attn,,1,model.layers.13.linear_attn,aten._to_copy.default,[],decode,True
2010,linear_attn,,elementwise_add,"[[B, 1, n_h_lin_v], [n_h_lin_v]]",,,"[[B, 1, n_h_lin_v]]",[2009],13,linear_attn,,1,model.layers.13.linear_attn,aten.add.Tensor,[model.layers.13.linear_attn.dt_bias],decode,False
2011,linear_attn,,softplus,"[[B, 1, n_h_lin_v]]",,,"[[B, 1, n_h_lin_v]]",[2010],13,linear_attn,,1,model.layers.13.linear_attn,aten.softplus.default,[],decode,True
2012,linear_attn,,elementwise_mul,"[[n_h_lin_v], [B, 1, n_h_lin_v]]",,,"[[B, 1, n_h_lin_v]]","[2008, 2011]",13,linear_attn,,1,model.layers.13.linear_attn,aten.mul.Tensor,[],decode,False
2013,linear_attn,,unsqueeze,"[[B, 1, n_h_lin_k, d_head_lin_k]]",,,"[[B, 1, n_h_lin_k, 1, d_head_lin_k]]",[2002],13,linear_attn,,1,model.layers.13.linear_attn,aten.unsqueeze.default,[],decode,True
2014,linear_attn,,expand,"[[B, 1, n_h_lin_k, 1, d_head_lin_k]]",,,"[[B, 1, n_h_lin_k, n_v/n_k, d_head_lin_k]]",[2013],13,linear_attn,,1,model.layers.13.linear_attn,aten.expand.default,[],decode,True
2015,linear_attn,,clone,"[[B, 1, n_h_lin_k, n_v/n_k, d_head_lin_k]]",,,"[[B, 1, n_h_lin_k, n_v/n_k, d_head_lin_k]]",[2014],13,linear_attn,,1,model.layers.13.linear_attn,aten.clone.default,[],decode,True
2016,linear_attn,,view,"[[B, 1, n_h_lin_k, n_v/n_k, d_head_lin_k]]",,,"[[B, 1, n_h_lin_v, d_head_lin_k]]",[2015],13,linear_attn,,1,model.layers.13.linear_attn,aten.view.default,[],decode,True
2017,linear_attn,,unsqueeze,"[[B, 1, n_h_lin_k, d_head_lin_k]]",,,"[[B, 1, n_h_lin_k, 1, d_head_lin_k]]",[2003],13,linear_attn,,1,model.layers.13.linear_attn,aten.unsqueeze.default,[],decode,True
2018,linear_attn,,expand,"[[B, 1, n_h_lin_k, 1, d_head_lin_k]]",,,"[[B, 1, n_h_lin_k, n_v/n_k, d_head_lin_k]]",[2017],13,linear_attn,,1,model.layers.13.linear_attn,aten.expand.default,[],decode,True
2019,linear_attn,,clone,"[[B, 1, n_h_lin_k, n_v/n_k, d_head_lin_k]]",,,"[[B, 1, n_h_lin_k, n_v/n_k, d_head_lin_k]]",[2018],13,linear_attn,,1,model.layers.13.linear_attn,aten.clone.default,[],decode,True
2020,linear_attn,,view,"[[B, 1, n_h_lin_k, n_v/n_k, d_head_lin_k]]",,,"[[B, 1, n_h_lin_v, d_head_lin_k]]",[2019],13,linear_attn,,1,model.layers.13.linear_attn,aten.view.default,[],decode,True
2021,linear_attn,,elementwise_mul,"[[B, 1, n_h_lin_v, d_head_lin_k], [B, 1, n_h_lin_v, d_head_lin_k]]",,,"[[B, 1, n_h_lin_v, d_head_lin_k]]",[2016],13,linear_attn,,1,model.layers.13.linear_attn,aten.mul.Tensor,[],decode,False
2022,linear_attn,,sum,"[[B, 1, n_h_lin_v, d_head_lin_k]]",,,"[[B, 1, n_h_lin_v, 1]]",[2021],13,linear_attn,,1,model.layers.13.linear_attn,aten.sum.dim_IntList,[],decode,True
2023,linear_attn,,elementwise_add,"[[B, 1, n_h_lin_v, 1]]",,,"[[B, 1, n_h_lin_v, 1]]",[2022],13,linear_attn,,1,model.layers.13.linear_attn,aten.add.Tensor,[],decode,False
2024,linear_attn,,rsqrt,"[[B, 1, n_h_lin_v, 1]]",,,"[[B, 1, n_h_lin_v, 1]]",[2023],13,linear_attn,,1,model.layers.13.linear_attn,aten.rsqrt.default,[],decode,False
2025,linear_attn,,elementwise_mul,"[[B, 1, n_h_lin_v, d_head_lin_k], [B, 1, n_h_lin_v, 1]]",,,"[[B, 1, n_h_lin_v, d_head_lin_k]]","[2016, 2024]",13,linear_attn,,1,model.layers.13.linear_attn,aten.mul.Tensor,[],decode,False
2026,linear_attn,,elementwise_mul,"[[B, 1, n_h_lin_v, d_head_lin_k], [B, 1, n_h_lin_v, d_head_lin_k]]",,,"[[B, 1, n_h_lin_v, d_head_lin_k]]",[2020],13,linear_attn,,1,model.layers.13.linear_attn,aten.mul.Tensor,[],decode,False
2027,linear_attn,,sum,"[[B, 1, n_h_lin_v, d_head_lin_k]]",,,"[[B, 1, n_h_lin_v, 1]]",[2026],13,linear_attn,,1,model.layers.13.linear_attn,aten.sum.dim_IntList,[],decode,True
2028,linear_attn,,elementwise_add,"[[B, 1, n_h_lin_v, 1]]",,,"[[B, 1, n_h_lin_v, 1]]",[2027],13,linear_attn,,1,model.layers.13.linear_attn,aten.add.Tensor,[],decode,False
2029,linear_attn,,rsqrt,"[[B, 1, n_h_lin_v, 1]]",,,"[[B, 1, n_h_lin_v, 1]]",[2028],13,linear_attn,,1,model.layers.13.linear_attn,aten.rsqrt.default,[],decode,False
2030,linear_attn,,elementwise_mul,"[[B, 1, n_h_lin_v, d_head_lin_k], [B, 1, n_h_lin_v, 1]]",,,"[[B, 1, n_h_lin_v, d_head_lin_k]]","[2020, 2029]",13,linear_attn,,1,model.layers.13.linear_attn,aten.mul.Tensor,[],decode,False
2031,linear_attn,,transpose,"[[B, 1, n_h_lin_v, d_head_lin_k]]",,,"[[B, n_h_lin_v, 1, d_head_lin_k]]",[2025],13,linear_attn,,1,model.layers.13.linear_attn,aten.transpose.int,[],decode,True
2032,linear_attn,,_to_copy,"[[B, n_h_lin_v, 1, d_head_lin_k]]",,,"[[B, n_h_lin_v, 1, d_head_lin_k]]",[2031],13,linear_attn,,1,model.layers.13.linear_attn,aten._to_copy.default,[],decode,True
2033,linear_attn,,transpose,"[[B, 1, n_h_lin_v, d_head_lin_k]]",,,"[[B, n_h_lin_v, 1, d_head_lin_k]]",[2030],13,linear_attn,,1,model.layers.13.linear_attn,aten.transpose.int,[],decode,True
2034,linear_attn,,_to_copy,"[[B, n_h_lin_v, 1, d_head_lin_k]]",,,"[[B, n_h_lin_v, 1, d_head_lin_k]]",[2033],13,linear_attn,,1,model.layers.13.linear_attn,aten._to_copy.default,[],decode,True
2035,linear_attn,,transpose,"[[B, 1, n_h_lin_v, d_head_lin_v]]",,,"[[B, n_h_lin_v, 1, d_head_lin_v]]",[2004],13,linear_attn,,1,model.layers.13.linear_attn,aten.transpose.int,[],decode,True
2036,linear_attn,,_to_copy,"[[B, n_h_lin_v, 1, d_head_lin_v]]",,,"[[B, n_h_lin_v, 1, d_head_lin_v]]",[2035],13,linear_attn,,1,model.layers.13.linear_attn,aten._to_copy.default,[],decode,True
2037,linear_attn,,transpose,"[[B, 1, n_h_lin_v]]",,,"[[B, n_h_lin_v, 1]]",[2005],13,linear_attn,,1,model.layers.13.linear_attn,aten.transpose.int,[],decode,True
2038,linear_attn,,_to_copy,"[[B, n_h_lin_v, 1]]",,,"[[B, n_h_lin_v, 1]]",[2037],13,linear_attn,,1,model.layers.13.linear_attn,aten._to_copy.default,[],decode,True
2039,linear_attn,,transpose,"[[B, 1, n_h_lin_v]]",,,"[[B, n_h_lin_v, 1]]",[2012],13,linear_attn,,1,model.layers.13.linear_attn,aten.transpose.int,[],decode,True
2040,linear_attn,,elementwise_mul,"[[B, n_h_lin_v, 1, d_head_lin_k]]",,,"[[B, n_h_lin_v, 1, d_head_lin_k]]",[2032],13,linear_attn,,1,model.layers.13.linear_attn,aten.mul.Tensor,[],decode,False
2041,linear_attn,,zeros,[],,,"[[B, n_h_lin_v, 1, d_head_lin_v]]",[],13,linear_attn,,1,model.layers.13.linear_attn,aten.zeros.default,[],decode,True
2042,linear_attn,,select,"[[B, n_h_lin_v, 1, d_head_lin_k]]",,,"[[B, n_h_lin_v, d_head_lin_k]]",[2040],13,linear_attn,,1,model.layers.13.linear_attn,aten.select.int,[],decode,True
2043,linear_attn,,select,"[[B, n_h_lin_v, 1, d_head_lin_k]]",,,"[[B, n_h_lin_v, d_head_lin_k]]",[2034],13,linear_attn,,1,model.layers.13.linear_attn,aten.select.int,[],decode,True
2044,linear_attn,,select,"[[B, n_h_lin_v, 1, d_head_lin_v]]",,,"[[B, n_h_lin_v, d_head_lin_v]]",[2036],13,linear_attn,,1,model.layers.13.linear_attn,aten.select.int,[],decode,True
2045,linear_attn,,select,"[[B, n_h_lin_v, 1]]",,,"[[B, n_h_lin_v]]",[2039],13,linear_attn,,1,model.layers.13.linear_attn,aten.select.int,[],decode,True
2046,linear_attn,,exp,"[[B, n_h_lin_v]]",,,"[[B, n_h_lin_v]]",[2045],13,linear_attn,,1,model.layers.13.linear_attn,aten.exp.default,[],decode,False
2047,linear_attn,,unsqueeze,"[[B, n_h_lin_v]]",,,"[[B, n_h_lin_v, 1]]",[2046],13,linear_attn,,1,model.layers.13.linear_attn,aten.unsqueeze.default,[],decode,True
2048,linear_attn,,unsqueeze,"[[B, n_h_lin_v, 1]]",,,"[[B, n_h_lin_v, 1, 1]]",[2047],13,linear_attn,,1,model.layers.13.linear_attn,aten.unsqueeze.default,[],decode,True
2049,linear_attn,,select,"[[B, n_h_lin_v, 1]]",,,"[[B, n_h_lin_v]]",[2038],13,linear_attn,,1,model.layers.13.linear_attn,aten.select.int,[],decode,True
2050,linear_attn,,unsqueeze,"[[B, n_h_lin_v]]",,,"[[B, n_h_lin_v, 1]]",[2049],13,linear_attn,,1,model.layers.13.linear_attn,aten.unsqueeze.default,[],decode,True
2051,linear_attn,,elementwise_mul,"[[B, n_h_lin_v, d_head_lin_k, d_head_lin_v], [B, n_h_lin_v, 1, 1]]",,,"[[B, n_h_lin_v, d_head_lin_k, d_head_lin_v]]",[2048],13,linear_attn,,1,model.layers.13.linear_attn,aten.mul.Tensor,[],decode,False
2052,linear_attn,,unsqueeze,"[[B, n_h_lin_v, d_head_lin_k]]",,,"[[B, n_h_lin_v, d_head_lin_k, 1]]",[2043],13,linear_attn,,1,model.layers.13.linear_attn,aten.unsqueeze.default,[],decode,True
2053,linear_attn,,elementwise_mul,"[[B, n_h_lin_v, d_head_lin_k, d_head_lin_v], [B, n_h_lin_v, d_head_lin_k, 1]]",,,"[[B, n_h_lin_v, d_head_lin_k, d_head_lin_v]]","[2051, 2052]",13,linear_attn,,1,model.layers.13.linear_attn,aten.mul.Tensor,[],decode,False
2054,linear_attn,,sum,"[[B, n_h_lin_v, d_head_lin_k, d_head_lin_v]]",,,"[[B, n_h_lin_v, d_head_lin_v]]",[2053],13,linear_attn,,1,model.layers.13.linear_attn,aten.sum.dim_IntList,[],decode,True
2055,linear_attn,,sub,"[[B, n_h_lin_v, d_head_lin_v], [B, n_h_lin_v, d_head_lin_v]]",,,"[[B, n_h_lin_v, d_head_lin_v]]","[2044, 2054]",13,linear_attn,,1,model.layers.13.linear_attn,aten.sub.Tensor,[],decode,True
2056,linear_attn,,elementwise_mul,"[[B, n_h_lin_v, d_head_lin_v], [B, n_h_lin_v, 1]]",,,"[[B, n_h_lin_v, d_head_lin_v]]","[2050, 2055]",13,linear_attn,,1,model.layers.13.linear_attn,aten.mul.Tensor,[],decode,False
2057,linear_attn,,unsqueeze,"[[B, n_h_lin_v, d_head_lin_k]]",,,"[[B, n_h_lin_v, d_head_lin_k, 1]]",[2043],13,linear_attn,,1,model.layers.13.linear_attn,aten.unsqueeze.default,[],decode,True
2058,linear_attn,,unsqueeze,"[[B, n_h_lin_v, d_head_lin_v]]",,,"[[B, n_h_lin_v, 1, d_head_lin_v]]",[2056],13,linear_attn,,1,model.layers.13.linear_attn,aten.unsqueeze.default,[],decode,True
2059,linear_attn,,elementwise_mul,"[[B, n_h_lin_v, d_head_lin_k, 1], [B, n_h_lin_v, 1, d_head_lin_v]]",,,"[[B, n_h_lin_v, d_head_lin_k, d_head_lin_v]]","[2057, 2058]",13,linear_attn,,1,model.layers.13.linear_attn,aten.mul.Tensor,[],decode,False
2060,linear_attn,,elementwise_add,"[[B, n_h_lin_v, d_head_lin_k, d_head_lin_v], [B, n_h_lin_v, d_head_lin_k, d_head_lin_v]]",,,"[[B, n_h_lin_v, d_head_lin_k, d_head_lin_v]]","[2051, 2059]",13,linear_attn,,1,model.layers.13.linear_attn,aten.add.Tensor,[],decode,False
2061,linear_attn,,unsqueeze,"[[B, n_h_lin_v, d_head_lin_k]]",,,"[[B, n_h_lin_v, d_head_lin_k, 1]]",[2042],13,linear_attn,,1,model.layers.13.linear_attn,aten.unsqueeze.default,[],decode,True
2062,linear_attn,,elementwise_mul,"[[B, n_h_lin_v, d_head_lin_k, d_head_lin_v], [B, n_h_lin_v, d_head_lin_k, 1]]",,,"[[B, n_h_lin_v, d_head_lin_k, d_head_lin_v]]","[2060, 2061]",13,linear_attn,,1,model.layers.13.linear_attn,aten.mul.Tensor,[],decode,False
2063,linear_attn,,sum,"[[B, n_h_lin_v, d_head_lin_k, d_head_lin_v]]",,,"[[B, n_h_lin_v, d_head_lin_v]]",[2062],13,linear_attn,,1,model.layers.13.linear_attn,aten.sum.dim_IntList,[],decode,True
2064,linear_attn,,select,"[[B, n_h_lin_v, 1, d_head_lin_v]]",,,"[[B, n_h_lin_v, d_head_lin_v]]",[2041],13,linear_attn,,1,model.layers.13.linear_attn,aten.select.int,[],decode,True
2065,linear_attn,,copy_,"[[B, n_h_lin_v, d_head_lin_v], [B, n_h_lin_v, d_head_lin_v]]",,,"[[B, n_h_lin_v, d_head_lin_v]]","[2063, 2064]",13,linear_attn,,1,model.layers.13.linear_attn,aten.copy_.default,[],decode,True
2066,linear_attn,,transpose,"[[B, n_h_lin_v, 1, d_head_lin_v]]",,,"[[B, 1, n_h_lin_v, d_head_lin_v]]",[2041],13,linear_attn,,1,model.layers.13.linear_attn,aten.transpose.int,[],decode,True
2067,linear_attn,,_to_copy,"[[B, 1, n_h_lin_v, d_head_lin_v]]",,,"[[B, 1, n_h_lin_v, d_head_lin_v]]",[2066],13,linear_attn,,1,model.layers.13.linear_attn,aten._to_copy.default,[],decode,True
2068,linear_attn,,copy_,"[[B, n_h_lin_v, d_head_lin_k, d_head_lin_v], [B, n_h_lin_v, d_head_lin_k, d_head_lin_v]]",,,"[[B, n_h_lin_v, d_head_lin_k, d_head_lin_v]]",[2060],13,linear_attn,,1,model.layers.13.linear_attn,aten.copy_.default,[],decode,True
2069,linear_attn,,view,"[[B, 1, n_h_lin_v, d_head_lin_v]]",,,"[[n_h_lin_v, d_head_lin_v]]",[2067],13,linear_attn,,1,model.layers.13.linear_attn,aten.view.default,[],decode,True
2070,linear_attn,,view,"[[B, 1, n_h_lin_v, d_head_lin_v]]",,,"[[n_h_lin_v, d_head_lin_v]]",[1983],13,linear_attn,,1,model.layers.13.linear_attn,aten.view.default,[],decode,True
2071,linear_attn,norm,_to_copy,"[[n_h_lin_v, d_head_lin_v]]",,,"[[n_h_lin_v, d_head_lin_v]]",[2069],13,linear_attn,norm,2,model.layers.13.linear_attn.norm,aten._to_copy.default,[],decode,True
2072,linear_attn,norm,pow,"[[n_h_lin_v, d_head_lin_v]]",,,"[[n_h_lin_v, d_head_lin_v]]",[2071],13,linear_attn,norm,2,model.layers.13.linear_attn.norm,aten.pow.Tensor_Scalar,[],decode,False
2073,linear_attn,norm,mean,"[[n_h_lin_v, d_head_lin_v]]",,,"[[n_h_lin_v, B]]",[2072],13,linear_attn,norm,2,model.layers.13.linear_attn.norm,aten.mean.dim,[],decode,False
2074,linear_attn,norm,elementwise_add,"[[n_h_lin_v, B]]",,,"[[n_h_lin_v, B]]",[2073],13,linear_attn,norm,2,model.layers.13.linear_attn.norm,aten.add.Tensor,[],decode,False
2075,linear_attn,norm,rsqrt,"[[n_h_lin_v, B]]",,,"[[n_h_lin_v, B]]",[2074],13,linear_attn,norm,2,model.layers.13.linear_attn.norm,aten.rsqrt.default,[],decode,False
2076,linear_attn,norm,elementwise_mul,"[[n_h_lin_v, d_head_lin_v], [n_h_lin_v, B]]",,,"[[n_h_lin_v, d_head_lin_v]]","[2071, 2075]",13,linear_attn,norm,2,model.layers.13.linear_attn.norm,aten.mul.Tensor,[],decode,False
2077,linear_attn,norm,_to_copy,"[[n_h_lin_v, d_head_lin_v]]",,,"[[n_h_lin_v, d_head_lin_v]]",[2076],13,linear_attn,norm,2,model.layers.13.linear_attn.norm,aten._to_copy.default,[],decode,True
2078,linear_attn,norm,elementwise_mul,"[[d_head_lin_v], [n_h_lin_v, d_head_lin_v]]",,,"[[n_h_lin_v, d_head_lin_v]]",[2077],13,linear_attn,norm,2,model.layers.13.linear_attn.norm,aten.mul.Tensor,[model.layers.13.linear_attn.norm.weight],decode,False
2079,linear_attn,norm,_to_copy,"[[n_h_lin_v, d_head_lin_v]]",,,"[[n_h_lin_v, d_head_lin_v]]",[2070],13,linear_attn,norm,2,model.layers.13.linear_attn.norm,aten._to_copy.default,[],decode,True
2080,linear_attn,norm,silu,"[[n_h_lin_v, d_head_lin_v]]",,,"[[n_h_lin_v, d_head_lin_v]]",[2079],13,linear_attn,norm,2,model.layers.13.linear_attn.norm,aten.silu.default,[],decode,False
2081,linear_attn,norm,elementwise_mul,"[[n_h_lin_v, d_head_lin_v], [n_h_lin_v, d_head_lin_v]]",,,"[[n_h_lin_v, d_head_lin_v]]","[2078, 2080]",13,linear_attn,norm,2,model.layers.13.linear_attn.norm,aten.mul.Tensor,[],decode,False
2082,linear_attn,norm,_to_copy,"[[n_h_lin_v, d_head_lin_v]]",,,"[[n_h_lin_v, d_head_lin_v]]",[2081],13,linear_attn,norm,2,model.layers.13.linear_attn.norm,aten._to_copy.default,[],decode,True
2083,linear_attn,,view,"[[n_h_lin_v, d_head_lin_v]]",,,"[[B, 1, n_v*d_v]]",[2082],13,linear_attn,,1,model.layers.13.linear_attn,aten.view.default,[],decode,True
2084,linear_attn,out_proj,t,"[[d_model, n_v*d_v]]","[d_model, n_v*d_v]",0,"[[n_v*d_v, d_model]]",[],13,linear_attn,out_proj,2,model.layers.13.linear_attn.out_proj,aten.t.default,[model.layers.13.linear_attn.out_proj.weight],decode,True
2085,linear_attn,out_proj,view,"[[B, 1, n_v*d_v]]",,,"[[B, n_v*d_v]]",[2083],13,linear_attn,out_proj,2,model.layers.13.linear_attn.out_proj,aten.view.default,[],decode,True
2086,linear_attn,out_proj,matmul,"[[B, n_v*d_v], [n_v*d_v, d_model]]","[d_model, n_v*d_v]",1,"[[B, d_model]]","[2084, 2085]",13,linear_attn,out_proj,2,model.layers.13.linear_attn.out_proj,aten.mm.default,[model.layers.13.linear_attn.out_proj.weight],decode,False
2087,linear_attn,out_proj,_unsafe_view,"[[B, d_model]]",,,"[[B, 1, d_model]]",[2086],13,linear_attn,out_proj,2,model.layers.13.linear_attn.out_proj,aten._unsafe_view.default,[],decode,True
2088,,,elementwise_add,"[[B, 1, d_model], [B, 1, d_model]]",,,"[[B, 1, d_model]]","[1963, 2087]",13,,,0,model.layers.13,aten.add.Tensor,[],decode,False
2089,post_attention_layernorm,,_to_copy,"[[B, 1, d_model]]",,,"[[B, 1, d_model]]",[2088],13,post_attention_layernorm,,1,model.layers.13.post_attention_layernorm,aten._to_copy.default,[],decode,True
2090,post_attention_layernorm,,pow,"[[B, 1, d_model]]",,,"[[B, 1, d_model]]",[2089],13,post_attention_layernorm,,1,model.layers.13.post_attention_layernorm,aten.pow.Tensor_Scalar,[],decode,False
2091,post_attention_layernorm,,mean,"[[B, 1, d_model]]",,,"[[B, 1, 1]]",[2090],13,post_attention_layernorm,,1,model.layers.13.post_attention_layernorm,aten.mean.dim,[],decode,False
2092,post_attention_layernorm,,elementwise_add,"[[B, 1, 1]]",,,"[[B, 1, 1]]",[2091],13,post_attention_layernorm,,1,model.layers.13.post_attention_layernorm,aten.add.Tensor,[],decode,False
2093,post_attention_layernorm,,rsqrt,"[[B, 1, 1]]",,,"[[B, 1, 1]]",[2092],13,post_attention_layernorm,,1,model.layers.13.post_attention_layernorm,aten.rsqrt.default,[],decode,False
2094,post_attention_layernorm,,elementwise_mul,"[[B, 1, d_model], [B, 1, 1]]",,,"[[B, 1, d_model]]","[2089, 2093]",13,post_attention_layernorm,,1,model.layers.13.post_attention_layernorm,aten.mul.Tensor,[],decode,False
2095,post_attention_layernorm,,_to_copy,[[d_model]],,,[[d_model]],[],13,post_attention_layernorm,,1,model.layers.13.post_attention_layernorm,aten._to_copy.default,[model.layers.13.post_attention_layernorm.weight],decode,True
2096,post_attention_layernorm,,elementwise_add,[[d_model]],,,[[d_model]],[2095],13,post_attention_layernorm,,1,model.layers.13.post_attention_layernorm,aten.add.Tensor,[model.layers.13.post_attention_layernorm.weight],decode,False
2097,post_attention_layernorm,,elementwise_mul,"[[B, 1, d_model], [d_model]]",,,"[[B, 1, d_model]]","[2094, 2096]",13,post_attention_layernorm,,1,model.layers.13.post_attention_layernorm,aten.mul.Tensor,[],decode,False
2098,post_attention_layernorm,,_to_copy,"[[B, 1, d_model]]",,,"[[B, 1, d_model]]",[2097],13,post_attention_layernorm,,1,model.layers.13.post_attention_layernorm,aten._to_copy.default,[],decode,True
2099,mlp,gate_proj,t,"[[d_ff, d_model]]","[d_ff, d_model]",0,"[[d_model, d_ff]]",[],13,mlp,gate_proj,2,model.layers.13.mlp.gate_proj,aten.t.default,[model.layers.13.mlp.gate_proj.weight],decode,True
2100,mlp,gate_proj,view,"[[B, 1, d_model]]",,,"[[B, d_model]]",[2098],13,mlp,gate_proj,2,model.layers.13.mlp.gate_proj,aten.view.default,[],decode,True
2101,mlp,gate_proj,matmul,"[[B, d_model], [d_model, d_ff]]","[d_ff, d_model]",1,"[[B, d_ff]]","[2099, 2100]",13,mlp,gate_proj,2,model.layers.13.mlp.gate_proj,aten.mm.default,[model.layers.13.mlp.gate_proj.weight],decode,False
2102,mlp,gate_proj,_unsafe_view,"[[B, d_ff]]",,,"[[B, 1, d_ff]]",[2101],13,mlp,gate_proj,2,model.layers.13.mlp.gate_proj,aten._unsafe_view.default,[],decode,True
2103,mlp,act_fn,silu,"[[B, 1, d_ff]]",,,"[[B, 1, d_ff]]",[2102],13,mlp,act_fn,2,model.layers.13.mlp.act_fn,aten.silu.default,[],decode,False
2104,mlp,up_proj,t,"[[d_ff, d_model]]","[d_ff, d_model]",0,"[[d_model, d_ff]]",[],13,mlp,up_proj,2,model.layers.13.mlp.up_proj,aten.t.default,[model.layers.13.mlp.up_proj.weight],decode,True
2105,mlp,up_proj,view,"[[B, 1, d_model]]",,,"[[B, d_model]]",[2098],13,mlp,up_proj,2,model.layers.13.mlp.up_proj,aten.view.default,[],decode,True
2106,mlp,up_proj,matmul,"[[B, d_model], [d_model, d_ff]]","[d_ff, d_model]",1,"[[B, d_ff]]","[2104, 2105]",13,mlp,up_proj,2,model.layers.13.mlp.up_proj,aten.mm.default,[model.layers.13.mlp.up_proj.weight],decode,False
2107,mlp,up_proj,_unsafe_view,"[[B, d_ff]]",,,"[[B, 1, d_ff]]",[2106],13,mlp,up_proj,2,model.layers.13.mlp.up_proj,aten._unsafe_view.default,[],decode,True
2108,mlp,,elementwise_mul,"[[B, 1, d_ff], [B, 1, d_ff]]",,,"[[B, 1, d_ff]]","[2103, 2107]",13,mlp,,1,model.layers.13.mlp,aten.mul.Tensor,[],decode,False
2109,mlp,down_proj,t,"[[d_model, d_ff]]","[d_model, d_ff]",0,"[[d_ff, d_model]]",[],13,mlp,down_proj,2,model.layers.13.mlp.down_proj,aten.t.default,[model.layers.13.mlp.down_proj.weight],decode,True
2110,mlp,down_proj,view,"[[B, 1, d_ff]]",,,"[[B, d_ff]]",[2108],13,mlp,down_proj,2,model.layers.13.mlp.down_proj,aten.view.default,[],decode,True
2111,mlp,down_proj,matmul,"[[B, d_ff], [d_ff, d_model]]","[d_model, d_ff]",1,"[[B, d_model]]","[2109, 2110]",13,mlp,down_proj,2,model.layers.13.mlp.down_proj,aten.mm.default,[model.layers.13.mlp.down_proj.weight],decode,False
2112,mlp,down_proj,_unsafe_view,"[[B, d_model]]",,,"[[B, 1, d_model]]",[2111],13,mlp,down_proj,2,model.layers.13.mlp.down_proj,aten._unsafe_view.default,[],decode,True
2113,,,elementwise_add,"[[B, 1, d_model], [B, 1, d_model]]",,,"[[B, 1, d_model]]","[2088, 2112]",13,,,0,model.layers.13,aten.add.Tensor,[],decode,False
2114,input_layernorm,,_to_copy,"[[B, 1, d_model]]",,,"[[B, 1, d_model]]",[2113],14,input_layernorm,,1,model.layers.14.input_layernorm,aten._to_copy.default,[],decode,True
2115,input_layernorm,,pow,"[[B, 1, d_model]]",,,"[[B, 1, d_model]]",[2114],14,input_layernorm,,1,model.layers.14.input_layernorm,aten.pow.Tensor_Scalar,[],decode,False
2116,input_layernorm,,mean,"[[B, 1, d_model]]",,,"[[B, 1, 1]]",[2115],14,input_layernorm,,1,model.layers.14.input_layernorm,aten.mean.dim,[],decode,False
2117,input_layernorm,,elementwise_add,"[[B, 1, 1]]",,,"[[B, 1, 1]]",[2116],14,input_layernorm,,1,model.layers.14.input_layernorm,aten.add.Tensor,[],decode,False
2118,input_layernorm,,rsqrt,"[[B, 1, 1]]",,,"[[B, 1, 1]]",[2117],14,input_layernorm,,1,model.layers.14.input_layernorm,aten.rsqrt.default,[],decode,False
2119,input_layernorm,,elementwise_mul,"[[B, 1, d_model], [B, 1, 1]]",,,"[[B, 1, d_model]]","[2114, 2118]",14,input_layernorm,,1,model.layers.14.input_layernorm,aten.mul.Tensor,[],decode,False
2120,input_layernorm,,_to_copy,[[d_model]],,,[[d_model]],[],14,input_layernorm,,1,model.layers.14.input_layernorm,aten._to_copy.default,[model.layers.14.input_layernorm.weight],decode,True
2121,input_layernorm,,elementwise_add,[[d_model]],,,[[d_model]],[2120],14,input_layernorm,,1,model.layers.14.input_layernorm,aten.add.Tensor,[model.layers.14.input_layernorm.weight],decode,False
2122,input_layernorm,,elementwise_mul,"[[B, 1, d_model], [d_model]]",,,"[[B, 1, d_model]]","[2119, 2121]",14,input_layernorm,,1,model.layers.14.input_layernorm,aten.mul.Tensor,[],decode,False
2123,input_layernorm,,_to_copy,"[[B, 1, d_model]]",,,"[[B, 1, d_model]]",[2122],14,input_layernorm,,1,model.layers.14.input_layernorm,aten._to_copy.default,[],decode,True
2124,linear_attn,in_proj_qkv,t,"[[2*d_k_lin+d_v_lin, d_model]]","[2*d_k_lin+d_v_lin, d_model]",0,"[[d_model, 2*d_k_lin+d_v_lin]]",[],14,linear_attn,in_proj_qkv,2,model.layers.14.linear_attn.in_proj_qkv,aten.t.default,[model.layers.14.linear_attn.in_proj_qkv.weight],decode,True
2125,linear_attn,in_proj_qkv,view,"[[B, 1, d_model]]",,,"[[B, d_model]]",[2123],14,linear_attn,in_proj_qkv,2,model.layers.14.linear_attn.in_proj_qkv,aten.view.default,[],decode,True
2126,linear_attn,in_proj_qkv,matmul,"[[B, d_model], [d_model, 2*d_k_lin+d_v_lin]]","[2*d_k_lin+d_v_lin, d_model]",1,"[[B, 2*d_k_lin+d_v_lin]]","[2124, 2125]",14,linear_attn,in_proj_qkv,2,model.layers.14.linear_attn.in_proj_qkv,aten.mm.default,[model.layers.14.linear_attn.in_proj_qkv.weight],decode,False
2127,linear_attn,in_proj_qkv,_unsafe_view,"[[B, 2*d_k_lin+d_v_lin]]",,,"[[B, 1, 2*d_k_lin+d_v_lin]]",[2126],14,linear_attn,in_proj_qkv,2,model.layers.14.linear_attn.in_proj_qkv,aten._unsafe_view.default,[],decode,True
2128,linear_attn,,transpose,"[[B, 1, 2*d_k_lin+d_v_lin]]",,,"[[B, 2*d_k_lin+d_v_lin, 1]]",[2127],14,linear_attn,,1,model.layers.14.linear_attn,aten.transpose.int,[],decode,True
2129,linear_attn,in_proj_z,t,"[[n_v*d_v, d_model]]","[n_v*d_v, d_model]",0,"[[d_model, n_v*d_v]]",[],14,linear_attn,in_proj_z,2,model.layers.14.linear_attn.in_proj_z,aten.t.default,[model.layers.14.linear_attn.in_proj_z.weight],decode,True
2130,linear_attn,in_proj_z,view,"[[B, 1, d_model]]",,,"[[B, d_model]]",[2123],14,linear_attn,in_proj_z,2,model.layers.14.linear_attn.in_proj_z,aten.view.default,[],decode,True
2131,linear_attn,in_proj_z,matmul,"[[B, d_model], [d_model, n_v*d_v]]","[n_v*d_v, d_model]",1,"[[B, n_v*d_v]]","[2129, 2130]",14,linear_attn,in_proj_z,2,model.layers.14.linear_attn.in_proj_z,aten.mm.default,[model.layers.14.linear_attn.in_proj_z.weight],decode,False
2132,linear_attn,in_proj_z,_unsafe_view,"[[B, n_v*d_v]]",,,"[[B, 1, n_v*d_v]]",[2131],14,linear_attn,in_proj_z,2,model.layers.14.linear_attn.in_proj_z,aten._unsafe_view.default,[],decode,True
2133,linear_attn,,view,"[[B, 1, n_v*d_v]]",,,"[[B, 1, n_h_lin_v, d_head_lin_v]]",[2132],14,linear_attn,,1,model.layers.14.linear_attn,aten.view.default,[],decode,True
2134,linear_attn,in_proj_b,t,"[[n_h_lin_v, d_model]]","[n_h_lin_v, d_model]",0,"[[d_model, n_h_lin_v]]",[],14,linear_attn,in_proj_b,2,model.layers.14.linear_attn.in_proj_b,aten.t.default,[model.layers.14.linear_attn.in_proj_b.weight],decode,True
2135,linear_attn,in_proj_b,view,"[[B, 1, d_model]]",,,"[[B, d_model]]",[2123],14,linear_attn,in_proj_b,2,model.layers.14.linear_attn.in_proj_b,aten.view.default,[],decode,True
2136,linear_attn,in_proj_b,matmul,"[[B, d_model], [d_model, n_h_lin_v]]","[n_h_lin_v, d_model]",1,"[[B, n_h_lin_v]]","[2134, 2135]",14,linear_attn,in_proj_b,2,model.layers.14.linear_attn.in_proj_b,aten.mm.default,[model.layers.14.linear_attn.in_proj_b.weight],decode,False
2137,linear_attn,in_proj_b,_unsafe_view,"[[B, n_h_lin_v]]",,,"[[B, 1, n_h_lin_v]]",[2136],14,linear_attn,in_proj_b,2,model.layers.14.linear_attn.in_proj_b,aten._unsafe_view.default,[],decode,True
2138,linear_attn,in_proj_a,t,"[[n_h_lin_v, d_model]]","[n_h_lin_v, d_model]",0,"[[d_model, n_h_lin_v]]",[],14,linear_attn,in_proj_a,2,model.layers.14.linear_attn.in_proj_a,aten.t.default,[model.layers.14.linear_attn.in_proj_a.weight],decode,True
2139,linear_attn,in_proj_a,view,"[[B, 1, d_model]]",,,"[[B, d_model]]",[2123],14,linear_attn,in_proj_a,2,model.layers.14.linear_attn.in_proj_a,aten.view.default,[],decode,True
2140,linear_attn,in_proj_a,matmul,"[[B, d_model], [d_model, n_h_lin_v]]","[n_h_lin_v, d_model]",1,"[[B, n_h_lin_v]]","[2138, 2139]",14,linear_attn,in_proj_a,2,model.layers.14.linear_attn.in_proj_a,aten.mm.default,[model.layers.14.linear_attn.in_proj_a.weight],decode,False
2141,linear_attn,in_proj_a,_unsafe_view,"[[B, n_h_lin_v]]",,,"[[B, 1, n_h_lin_v]]",[2140],14,linear_attn,in_proj_a,2,model.layers.14.linear_attn.in_proj_a,aten._unsafe_view.default,[],decode,True
2142,linear_attn,,squeeze,"[[2*d_k_lin+d_v_lin, 1, d_conv_lin]]","[2*d_k_lin+d_v_lin, 1, d_conv_lin]",0,"[[2*d_k_lin+d_v_lin, d_conv_lin]]",[],14,linear_attn,,1,model.layers.14.linear_attn,aten.squeeze.dim,[model.layers.14.linear_attn.conv1d.weight],decode,True
2143,linear_attn,,concat,"[[B, 2*d_k_lin+d_v_lin, d_conv_lin], [B, 2*d_k_lin+d_v_lin, 1]]",,,"[[B, 2*d_k_lin+d_v_lin, 5]]",[2128],14,linear_attn,,1,model.layers.14.linear_attn,aten.cat.default,[],decode,False
2144,linear_attn,,slice,"[[B, 2*d_k_lin+d_v_lin, 5]]",,,"[[B, 2*d_k_lin+d_v_lin, d_conv_lin]]",[2143],14,linear_attn,,1,model.layers.14.linear_attn,aten.slice.Tensor,[],decode,True
2145,linear_attn,,copy_,"[[B, 2*d_k_lin+d_v_lin, d_conv_lin], [B, 2*d_k_lin+d_v_lin, d_conv_lin]]",,,"[[B, 2*d_k_lin+d_v_lin, d_conv_lin]]",[2144],14,linear_attn,,1,model.layers.14.linear_attn,aten.copy_.default,[],decode,True
2146,linear_attn,,unsqueeze,"[[2*d_k_lin+d_v_lin, d_conv_lin]]",,,"[[2*d_k_lin+d_v_lin, 1, d_conv_lin]]",[2142],14,linear_attn,,1,model.layers.14.linear_attn,aten.unsqueeze.default,[],decode,True
2147,linear_attn,,conv1d,"[[B, 2*d_k_lin+d_v_lin, 5], [2*d_k_lin+d_v_lin, 1, d_conv_lin]]",,,"[[B, 2*d_k_lin+d_v_lin, 2]]","[2143, 2146]",14,linear_attn,,1,model.layers.14.linear_attn,aten.convolution.default,[],decode,False
2148,linear_attn,,slice,"[[B, 2*d_k_lin+d_v_lin, 2]]",,,"[[B, 2*d_k_lin+d_v_lin, 1]]",[2147],14,linear_attn,,1,model.layers.14.linear_attn,aten.slice.Tensor,[],decode,True
2149,linear_attn,,silu,"[[B, 2*d_k_lin+d_v_lin, 1]]",,,"[[B, 2*d_k_lin+d_v_lin, 1]]",[2148],14,linear_attn,,1,model.layers.14.linear_attn,aten.silu.default,[],decode,False
2150,linear_attn,,transpose,"[[B, 2*d_k_lin+d_v_lin, 1]]",,,"[[B, 1, 2*d_k_lin+d_v_lin]]",[2149],14,linear_attn,,1,model.layers.14.linear_attn,aten.transpose.int,[],decode,True
2151,linear_attn,,split_with_sizes,"[[B, 1, 2*d_k_lin+d_v_lin]]",,,"[[B, 1, n_k*d_k], [B, 1, n_k*d_k], [B, 1, n_v*d_v]]",[2150],14,linear_attn,,1,model.layers.14.linear_attn,aten.split_with_sizes.default,[],decode,True
2152,linear_attn,,view,"[[B, 1, n_k*d_k]]",,,"[[B, 1, n_h_lin_k, d_head_lin_k]]",[2151],14,linear_attn,,1,model.layers.14.linear_attn,aten.view.default,[],decode,True
2153,linear_attn,,view,"[[B, 1, n_k*d_k]]",,,"[[B, 1, n_h_lin_k, d_head_lin_k]]",[2151],14,linear_attn,,1,model.layers.14.linear_attn,aten.view.default,[],decode,True
2154,linear_attn,,view,"[[B, 1, n_v*d_v]]",,,"[[B, 1, n_h_lin_v, d_head_lin_v]]",[2151],14,linear_attn,,1,model.layers.14.linear_attn,aten.view.default,[],decode,True
2155,linear_attn,,sigmoid,"[[B, 1, n_h_lin_v]]",,,"[[B, 1, n_h_lin_v]]",[2137],14,linear_attn,,1,model.layers.14.linear_attn,aten.sigmoid.default,[],decode,False
2156,linear_attn,,_to_copy,[[n_h_lin_v]],,,[[n_h_lin_v]],[],14,linear_attn,,1,model.layers.14.linear_attn,aten._to_copy.default,[model.layers.14.linear_attn.A_log],decode,True
2157,linear_attn,,exp,[[n_h_lin_v]],,,[[n_h_lin_v]],[2156],14,linear_attn,,1,model.layers.14.linear_attn,aten.exp.default,[model.layers.14.linear_attn.A_log],decode,False
2158,linear_attn,,neg,[[n_h_lin_v]],,,[[n_h_lin_v]],[2157],14,linear_attn,,1,model.layers.14.linear_attn,aten.neg.default,[],decode,False
2159,linear_attn,,_to_copy,"[[B, 1, n_h_lin_v]]",,,"[[B, 1, n_h_lin_v]]",[2141],14,linear_attn,,1,model.layers.14.linear_attn,aten._to_copy.default,[],decode,True
2160,linear_attn,,elementwise_add,"[[B, 1, n_h_lin_v], [n_h_lin_v]]",,,"[[B, 1, n_h_lin_v]]",[2159],14,linear_attn,,1,model.layers.14.linear_attn,aten.add.Tensor,[model.layers.14.linear_attn.dt_bias],decode,False
2161,linear_attn,,softplus,"[[B, 1, n_h_lin_v]]",,,"[[B, 1, n_h_lin_v]]",[2160],14,linear_attn,,1,model.layers.14.linear_attn,aten.softplus.default,[],decode,True
2162,linear_attn,,elementwise_mul,"[[n_h_lin_v], [B, 1, n_h_lin_v]]",,,"[[B, 1, n_h_lin_v]]","[2158, 2161]",14,linear_attn,,1,model.layers.14.linear_attn,aten.mul.Tensor,[],decode,False
2163,linear_attn,,unsqueeze,"[[B, 1, n_h_lin_k, d_head_lin_k]]",,,"[[B, 1, n_h_lin_k, 1, d_head_lin_k]]",[2152],14,linear_attn,,1,model.layers.14.linear_attn,aten.unsqueeze.default,[],decode,True
2164,linear_attn,,expand,"[[B, 1, n_h_lin_k, 1, d_head_lin_k]]",,,"[[B, 1, n_h_lin_k, n_v/n_k, d_head_lin_k]]",[2163],14,linear_attn,,1,model.layers.14.linear_attn,aten.expand.default,[],decode,True
2165,linear_attn,,clone,"[[B, 1, n_h_lin_k, n_v/n_k, d_head_lin_k]]",,,"[[B, 1, n_h_lin_k, n_v/n_k, d_head_lin_k]]",[2164],14,linear_attn,,1,model.layers.14.linear_attn,aten.clone.default,[],decode,True
2166,linear_attn,,view,"[[B, 1, n_h_lin_k, n_v/n_k, d_head_lin_k]]",,,"[[B, 1, n_h_lin_v, d_head_lin_k]]",[2165],14,linear_attn,,1,model.layers.14.linear_attn,aten.view.default,[],decode,True
2167,linear_attn,,unsqueeze,"[[B, 1, n_h_lin_k, d_head_lin_k]]",,,"[[B, 1, n_h_lin_k, 1, d_head_lin_k]]",[2153],14,linear_attn,,1,model.layers.14.linear_attn,aten.unsqueeze.default,[],decode,True
2168,linear_attn,,expand,"[[B, 1, n_h_lin_k, 1, d_head_lin_k]]",,,"[[B, 1, n_h_lin_k, n_v/n_k, d_head_lin_k]]",[2167],14,linear_attn,,1,model.layers.14.linear_attn,aten.expand.default,[],decode,True
2169,linear_attn,,clone,"[[B, 1, n_h_lin_k, n_v/n_k, d_head_lin_k]]",,,"[[B, 1, n_h_lin_k, n_v/n_k, d_head_lin_k]]",[2168],14,linear_attn,,1,model.layers.14.linear_attn,aten.clone.default,[],decode,True
2170,linear_attn,,view,"[[B, 1, n_h_lin_k, n_v/n_k, d_head_lin_k]]",,,"[[B, 1, n_h_lin_v, d_head_lin_k]]",[2169],14,linear_attn,,1,model.layers.14.linear_attn,aten.view.default,[],decode,True
2171,linear_attn,,elementwise_mul,"[[B, 1, n_h_lin_v, d_head_lin_k], [B, 1, n_h_lin_v, d_head_lin_k]]",,,"[[B, 1, n_h_lin_v, d_head_lin_k]]",[2166],14,linear_attn,,1,model.layers.14.linear_attn,aten.mul.Tensor,[],decode,False
2172,linear_attn,,sum,"[[B, 1, n_h_lin_v, d_head_lin_k]]",,,"[[B, 1, n_h_lin_v, 1]]",[2171],14,linear_attn,,1,model.layers.14.linear_attn,aten.sum.dim_IntList,[],decode,True
2173,linear_attn,,elementwise_add,"[[B, 1, n_h_lin_v, 1]]",,,"[[B, 1, n_h_lin_v, 1]]",[2172],14,linear_attn,,1,model.layers.14.linear_attn,aten.add.Tensor,[],decode,False
2174,linear_attn,,rsqrt,"[[B, 1, n_h_lin_v, 1]]",,,"[[B, 1, n_h_lin_v, 1]]",[2173],14,linear_attn,,1,model.layers.14.linear_attn,aten.rsqrt.default,[],decode,False
2175,linear_attn,,elementwise_mul,"[[B, 1, n_h_lin_v, d_head_lin_k], [B, 1, n_h_lin_v, 1]]",,,"[[B, 1, n_h_lin_v, d_head_lin_k]]","[2166, 2174]",14,linear_attn,,1,model.layers.14.linear_attn,aten.mul.Tensor,[],decode,False
2176,linear_attn,,elementwise_mul,"[[B, 1, n_h_lin_v, d_head_lin_k], [B, 1, n_h_lin_v, d_head_lin_k]]",,,"[[B, 1, n_h_lin_v, d_head_lin_k]]",[2170],14,linear_attn,,1,model.layers.14.linear_attn,aten.mul.Tensor,[],decode,False
2177,linear_attn,,sum,"[[B, 1, n_h_lin_v, d_head_lin_k]]",,,"[[B, 1, n_h_lin_v, 1]]",[2176],14,linear_attn,,1,model.layers.14.linear_attn,aten.sum.dim_IntList,[],decode,True
2178,linear_attn,,elementwise_add,"[[B, 1, n_h_lin_v, 1]]",,,"[[B, 1, n_h_lin_v, 1]]",[2177],14,linear_attn,,1,model.layers.14.linear_attn,aten.add.Tensor,[],decode,False
2179,linear_attn,,rsqrt,"[[B, 1, n_h_lin_v, 1]]",,,"[[B, 1, n_h_lin_v, 1]]",[2178],14,linear_attn,,1,model.layers.14.linear_attn,aten.rsqrt.default,[],decode,False
2180,linear_attn,,elementwise_mul,"[[B, 1, n_h_lin_v, d_head_lin_k], [B, 1, n_h_lin_v, 1]]",,,"[[B, 1, n_h_lin_v, d_head_lin_k]]","[2170, 2179]",14,linear_attn,,1,model.layers.14.linear_attn,aten.mul.Tensor,[],decode,False
2181,linear_attn,,transpose,"[[B, 1, n_h_lin_v, d_head_lin_k]]",,,"[[B, n_h_lin_v, 1, d_head_lin_k]]",[2175],14,linear_attn,,1,model.layers.14.linear_attn,aten.transpose.int,[],decode,True
2182,linear_attn,,_to_copy,"[[B, n_h_lin_v, 1, d_head_lin_k]]",,,"[[B, n_h_lin_v, 1, d_head_lin_k]]",[2181],14,linear_attn,,1,model.layers.14.linear_attn,aten._to_copy.default,[],decode,True
2183,linear_attn,,transpose,"[[B, 1, n_h_lin_v, d_head_lin_k]]",,,"[[B, n_h_lin_v, 1, d_head_lin_k]]",[2180],14,linear_attn,,1,model.layers.14.linear_attn,aten.transpose.int,[],decode,True
2184,linear_attn,,_to_copy,"[[B, n_h_lin_v, 1, d_head_lin_k]]",,,"[[B, n_h_lin_v, 1, d_head_lin_k]]",[2183],14,linear_attn,,1,model.layers.14.linear_attn,aten._to_copy.default,[],decode,True
2185,linear_attn,,transpose,"[[B, 1, n_h_lin_v, d_head_lin_v]]",,,"[[B, n_h_lin_v, 1, d_head_lin_v]]",[2154],14,linear_attn,,1,model.layers.14.linear_attn,aten.transpose.int,[],decode,True
2186,linear_attn,,_to_copy,"[[B, n_h_lin_v, 1, d_head_lin_v]]",,,"[[B, n_h_lin_v, 1, d_head_lin_v]]",[2185],14,linear_attn,,1,model.layers.14.linear_attn,aten._to_copy.default,[],decode,True
2187,linear_attn,,transpose,"[[B, 1, n_h_lin_v]]",,,"[[B, n_h_lin_v, 1]]",[2155],14,linear_attn,,1,model.layers.14.linear_attn,aten.transpose.int,[],decode,True
2188,linear_attn,,_to_copy,"[[B, n_h_lin_v, 1]]",,,"[[B, n_h_lin_v, 1]]",[2187],14,linear_attn,,1,model.layers.14.linear_attn,aten._to_copy.default,[],decode,True
2189,linear_attn,,transpose,"[[B, 1, n_h_lin_v]]",,,"[[B, n_h_lin_v, 1]]",[2162],14,linear_attn,,1,model.layers.14.linear_attn,aten.transpose.int,[],decode,True
2190,linear_attn,,elementwise_mul,"[[B, n_h_lin_v, 1, d_head_lin_k]]",,,"[[B, n_h_lin_v, 1, d_head_lin_k]]",[2182],14,linear_attn,,1,model.layers.14.linear_attn,aten.mul.Tensor,[],decode,False
2191,linear_attn,,zeros,[],,,"[[B, n_h_lin_v, 1, d_head_lin_v]]",[],14,linear_attn,,1,model.layers.14.linear_attn,aten.zeros.default,[],decode,True
2192,linear_attn,,select,"[[B, n_h_lin_v, 1, d_head_lin_k]]",,,"[[B, n_h_lin_v, d_head_lin_k]]",[2190],14,linear_attn,,1,model.layers.14.linear_attn,aten.select.int,[],decode,True
2193,linear_attn,,select,"[[B, n_h_lin_v, 1, d_head_lin_k]]",,,"[[B, n_h_lin_v, d_head_lin_k]]",[2184],14,linear_attn,,1,model.layers.14.linear_attn,aten.select.int,[],decode,True
2194,linear_attn,,select,"[[B, n_h_lin_v, 1, d_head_lin_v]]",,,"[[B, n_h_lin_v, d_head_lin_v]]",[2186],14,linear_attn,,1,model.layers.14.linear_attn,aten.select.int,[],decode,True
2195,linear_attn,,select,"[[B, n_h_lin_v, 1]]",,,"[[B, n_h_lin_v]]",[2189],14,linear_attn,,1,model.layers.14.linear_attn,aten.select.int,[],decode,True
2196,linear_attn,,exp,"[[B, n_h_lin_v]]",,,"[[B, n_h_lin_v]]",[2195],14,linear_attn,,1,model.layers.14.linear_attn,aten.exp.default,[],decode,False
2197,linear_attn,,unsqueeze,"[[B, n_h_lin_v]]",,,"[[B, n_h_lin_v, 1]]",[2196],14,linear_attn,,1,model.layers.14.linear_attn,aten.unsqueeze.default,[],decode,True
2198,linear_attn,,unsqueeze,"[[B, n_h_lin_v, 1]]",,,"[[B, n_h_lin_v, 1, 1]]",[2197],14,linear_attn,,1,model.layers.14.linear_attn,aten.unsqueeze.default,[],decode,True
2199,linear_attn,,select,"[[B, n_h_lin_v, 1]]",,,"[[B, n_h_lin_v]]",[2188],14,linear_attn,,1,model.layers.14.linear_attn,aten.select.int,[],decode,True
2200,linear_attn,,unsqueeze,"[[B, n_h_lin_v]]",,,"[[B, n_h_lin_v, 1]]",[2199],14,linear_attn,,1,model.layers.14.linear_attn,aten.unsqueeze.default,[],decode,True
2201,linear_attn,,elementwise_mul,"[[B, n_h_lin_v, d_head_lin_k, d_head_lin_v], [B, n_h_lin_v, 1, 1]]",,,"[[B, n_h_lin_v, d_head_lin_k, d_head_lin_v]]",[2198],14,linear_attn,,1,model.layers.14.linear_attn,aten.mul.Tensor,[],decode,False
2202,linear_attn,,unsqueeze,"[[B, n_h_lin_v, d_head_lin_k]]",,,"[[B, n_h_lin_v, d_head_lin_k, 1]]",[2193],14,linear_attn,,1,model.layers.14.linear_attn,aten.unsqueeze.default,[],decode,True
2203,linear_attn,,elementwise_mul,"[[B, n_h_lin_v, d_head_lin_k, d_head_lin_v], [B, n_h_lin_v, d_head_lin_k, 1]]",,,"[[B, n_h_lin_v, d_head_lin_k, d_head_lin_v]]","[2201, 2202]",14,linear_attn,,1,model.layers.14.linear_attn,aten.mul.Tensor,[],decode,False
2204,linear_attn,,sum,"[[B, n_h_lin_v, d_head_lin_k, d_head_lin_v]]",,,"[[B, n_h_lin_v, d_head_lin_v]]",[2203],14,linear_attn,,1,model.layers.14.linear_attn,aten.sum.dim_IntList,[],decode,True
2205,linear_attn,,sub,"[[B, n_h_lin_v, d_head_lin_v], [B, n_h_lin_v, d_head_lin_v]]",,,"[[B, n_h_lin_v, d_head_lin_v]]","[2194, 2204]",14,linear_attn,,1,model.layers.14.linear_attn,aten.sub.Tensor,[],decode,True
2206,linear_attn,,elementwise_mul,"[[B, n_h_lin_v, d_head_lin_v], [B, n_h_lin_v, 1]]",,,"[[B, n_h_lin_v, d_head_lin_v]]","[2200, 2205]",14,linear_attn,,1,model.layers.14.linear_attn,aten.mul.Tensor,[],decode,False
2207,linear_attn,,unsqueeze,"[[B, n_h_lin_v, d_head_lin_k]]",,,"[[B, n_h_lin_v, d_head_lin_k, 1]]",[2193],14,linear_attn,,1,model.layers.14.linear_attn,aten.unsqueeze.default,[],decode,True
2208,linear_attn,,unsqueeze,"[[B, n_h_lin_v, d_head_lin_v]]",,,"[[B, n_h_lin_v, 1, d_head_lin_v]]",[2206],14,linear_attn,,1,model.layers.14.linear_attn,aten.unsqueeze.default,[],decode,True
2209,linear_attn,,elementwise_mul,"[[B, n_h_lin_v, d_head_lin_k, 1], [B, n_h_lin_v, 1, d_head_lin_v]]",,,"[[B, n_h_lin_v, d_head_lin_k, d_head_lin_v]]","[2207, 2208]",14,linear_attn,,1,model.layers.14.linear_attn,aten.mul.Tensor,[],decode,False
2210,linear_attn,,elementwise_add,"[[B, n_h_lin_v, d_head_lin_k, d_head_lin_v], [B, n_h_lin_v, d_head_lin_k, d_head_lin_v]]",,,"[[B, n_h_lin_v, d_head_lin_k, d_head_lin_v]]","[2201, 2209]",14,linear_attn,,1,model.layers.14.linear_attn,aten.add.Tensor,[],decode,False
2211,linear_attn,,unsqueeze,"[[B, n_h_lin_v, d_head_lin_k]]",,,"[[B, n_h_lin_v, d_head_lin_k, 1]]",[2192],14,linear_attn,,1,model.layers.14.linear_attn,aten.unsqueeze.default,[],decode,True
2212,linear_attn,,elementwise_mul,"[[B, n_h_lin_v, d_head_lin_k, d_head_lin_v], [B, n_h_lin_v, d_head_lin_k, 1]]",,,"[[B, n_h_lin_v, d_head_lin_k, d_head_lin_v]]","[2210, 2211]",14,linear_attn,,1,model.layers.14.linear_attn,aten.mul.Tensor,[],decode,False
2213,linear_attn,,sum,"[[B, n_h_lin_v, d_head_lin_k, d_head_lin_v]]",,,"[[B, n_h_lin_v, d_head_lin_v]]",[2212],14,linear_attn,,1,model.layers.14.linear_attn,aten.sum.dim_IntList,[],decode,True
2214,linear_attn,,select,"[[B, n_h_lin_v, 1, d_head_lin_v]]",,,"[[B, n_h_lin_v, d_head_lin_v]]",[2191],14,linear_attn,,1,model.layers.14.linear_attn,aten.select.int,[],decode,True
2215,linear_attn,,copy_,"[[B, n_h_lin_v, d_head_lin_v], [B, n_h_lin_v, d_head_lin_v]]",,,"[[B, n_h_lin_v, d_head_lin_v]]","[2213, 2214]",14,linear_attn,,1,model.layers.14.linear_attn,aten.copy_.default,[],decode,True
2216,linear_attn,,transpose,"[[B, n_h_lin_v, 1, d_head_lin_v]]",,,"[[B, 1, n_h_lin_v, d_head_lin_v]]",[2191],14,linear_attn,,1,model.layers.14.linear_attn,aten.transpose.int,[],decode,True
2217,linear_attn,,_to_copy,"[[B, 1, n_h_lin_v, d_head_lin_v]]",,,"[[B, 1, n_h_lin_v, d_head_lin_v]]",[2216],14,linear_attn,,1,model.layers.14.linear_attn,aten._to_copy.default,[],decode,True
2218,linear_attn,,copy_,"[[B, n_h_lin_v, d_head_lin_k, d_head_lin_v], [B, n_h_lin_v, d_head_lin_k, d_head_lin_v]]",,,"[[B, n_h_lin_v, d_head_lin_k, d_head_lin_v]]",[2210],14,linear_attn,,1,model.layers.14.linear_attn,aten.copy_.default,[],decode,True
2219,linear_attn,,view,"[[B, 1, n_h_lin_v, d_head_lin_v]]",,,"[[n_h_lin_v, d_head_lin_v]]",[2217],14,linear_attn,,1,model.layers.14.linear_attn,aten.view.default,[],decode,True
2220,linear_attn,,view,"[[B, 1, n_h_lin_v, d_head_lin_v]]",,,"[[n_h_lin_v, d_head_lin_v]]",[2133],14,linear_attn,,1,model.layers.14.linear_attn,aten.view.default,[],decode,True
2221,linear_attn,norm,_to_copy,"[[n_h_lin_v, d_head_lin_v]]",,,"[[n_h_lin_v, d_head_lin_v]]",[2219],14,linear_attn,norm,2,model.layers.14.linear_attn.norm,aten._to_copy.default,[],decode,True
2222,linear_attn,norm,pow,"[[n_h_lin_v, d_head_lin_v]]",,,"[[n_h_lin_v, d_head_lin_v]]",[2221],14,linear_attn,norm,2,model.layers.14.linear_attn.norm,aten.pow.Tensor_Scalar,[],decode,False
2223,linear_attn,norm,mean,"[[n_h_lin_v, d_head_lin_v]]",,,"[[n_h_lin_v, B]]",[2222],14,linear_attn,norm,2,model.layers.14.linear_attn.norm,aten.mean.dim,[],decode,False
2224,linear_attn,norm,elementwise_add,"[[n_h_lin_v, B]]",,,"[[n_h_lin_v, B]]",[2223],14,linear_attn,norm,2,model.layers.14.linear_attn.norm,aten.add.Tensor,[],decode,False
2225,linear_attn,norm,rsqrt,"[[n_h_lin_v, B]]",,,"[[n_h_lin_v, B]]",[2224],14,linear_attn,norm,2,model.layers.14.linear_attn.norm,aten.rsqrt.default,[],decode,False
2226,linear_attn,norm,elementwise_mul,"[[n_h_lin_v, d_head_lin_v], [n_h_lin_v, B]]",,,"[[n_h_lin_v, d_head_lin_v]]","[2221, 2225]",14,linear_attn,norm,2,model.layers.14.linear_attn.norm,aten.mul.Tensor,[],decode,False
2227,linear_attn,norm,_to_copy,"[[n_h_lin_v, d_head_lin_v]]",,,"[[n_h_lin_v, d_head_lin_v]]",[2226],14,linear_attn,norm,2,model.layers.14.linear_attn.norm,aten._to_copy.default,[],decode,True
2228,linear_attn,norm,elementwise_mul,"[[d_head_lin_v], [n_h_lin_v, d_head_lin_v]]",,,"[[n_h_lin_v, d_head_lin_v]]",[2227],14,linear_attn,norm,2,model.layers.14.linear_attn.norm,aten.mul.Tensor,[model.layers.14.linear_attn.norm.weight],decode,False
2229,linear_attn,norm,_to_copy,"[[n_h_lin_v, d_head_lin_v]]",,,"[[n_h_lin_v, d_head_lin_v]]",[2220],14,linear_attn,norm,2,model.layers.14.linear_attn.norm,aten._to_copy.default,[],decode,True
2230,linear_attn,norm,silu,"[[n_h_lin_v, d_head_lin_v]]",,,"[[n_h_lin_v, d_head_lin_v]]",[2229],14,linear_attn,norm,2,model.layers.14.linear_attn.norm,aten.silu.default,[],decode,False
2231,linear_attn,norm,elementwise_mul,"[[n_h_lin_v, d_head_lin_v], [n_h_lin_v, d_head_lin_v]]",,,"[[n_h_lin_v, d_head_lin_v]]","[2228, 2230]",14,linear_attn,norm,2,model.layers.14.linear_attn.norm,aten.mul.Tensor,[],decode,False
2232,linear_attn,norm,_to_copy,"[[n_h_lin_v, d_head_lin_v]]",,,"[[n_h_lin_v, d_head_lin_v]]",[2231],14,linear_attn,norm,2,model.layers.14.linear_attn.norm,aten._to_copy.default,[],decode,True
2233,linear_attn,,view,"[[n_h_lin_v, d_head_lin_v]]",,,"[[B, 1, n_v*d_v]]",[2232],14,linear_attn,,1,model.layers.14.linear_attn,aten.view.default,[],decode,True
2234,linear_attn,out_proj,t,"[[d_model, n_v*d_v]]","[d_model, n_v*d_v]",0,"[[n_v*d_v, d_model]]",[],14,linear_attn,out_proj,2,model.layers.14.linear_attn.out_proj,aten.t.default,[model.layers.14.linear_attn.out_proj.weight],decode,True
2235,linear_attn,out_proj,view,"[[B, 1, n_v*d_v]]",,,"[[B, n_v*d_v]]",[2233],14,linear_attn,out_proj,2,model.layers.14.linear_attn.out_proj,aten.view.default,[],decode,True
2236,linear_attn,out_proj,matmul,"[[B, n_v*d_v], [n_v*d_v, d_model]]","[d_model, n_v*d_v]",1,"[[B, d_model]]","[2234, 2235]",14,linear_attn,out_proj,2,model.layers.14.linear_attn.out_proj,aten.mm.default,[model.layers.14.linear_attn.out_proj.weight],decode,False
2237,linear_attn,out_proj,_unsafe_view,"[[B, d_model]]",,,"[[B, 1, d_model]]",[2236],14,linear_attn,out_proj,2,model.layers.14.linear_attn.out_proj,aten._unsafe_view.default,[],decode,True
2238,,,elementwise_add,"[[B, 1, d_model], [B, 1, d_model]]",,,"[[B, 1, d_model]]","[2113, 2237]",14,,,0,model.layers.14,aten.add.Tensor,[],decode,False
2239,post_attention_layernorm,,_to_copy,"[[B, 1, d_model]]",,,"[[B, 1, d_model]]",[2238],14,post_attention_layernorm,,1,model.layers.14.post_attention_layernorm,aten._to_copy.default,[],decode,True
2240,post_attention_layernorm,,pow,"[[B, 1, d_model]]",,,"[[B, 1, d_model]]",[2239],14,post_attention_layernorm,,1,model.layers.14.post_attention_layernorm,aten.pow.Tensor_Scalar,[],decode,False
2241,post_attention_layernorm,,mean,"[[B, 1, d_model]]",,,"[[B, 1, 1]]",[2240],14,post_attention_layernorm,,1,model.layers.14.post_attention_layernorm,aten.mean.dim,[],decode,False
2242,post_attention_layernorm,,elementwise_add,"[[B, 1, 1]]",,,"[[B, 1, 1]]",[2241],14,post_attention_layernorm,,1,model.layers.14.post_attention_layernorm,aten.add.Tensor,[],decode,False
2243,post_attention_layernorm,,rsqrt,"[[B, 1, 1]]",,,"[[B, 1, 1]]",[2242],14,post_attention_layernorm,,1,model.layers.14.post_attention_layernorm,aten.rsqrt.default,[],decode,False
2244,post_attention_layernorm,,elementwise_mul,"[[B, 1, d_model], [B, 1, 1]]",,,"[[B, 1, d_model]]","[2239, 2243]",14,post_attention_layernorm,,1,model.layers.14.post_attention_layernorm,aten.mul.Tensor,[],decode,False
2245,post_attention_layernorm,,_to_copy,[[d_model]],,,[[d_model]],[],14,post_attention_layernorm,,1,model.layers.14.post_attention_layernorm,aten._to_copy.default,[model.layers.14.post_attention_layernorm.weight],decode,True
2246,post_attention_layernorm,,elementwise_add,[[d_model]],,,[[d_model]],[2245],14,post_attention_layernorm,,1,model.layers.14.post_attention_layernorm,aten.add.Tensor,[model.layers.14.post_attention_layernorm.weight],decode,False
2247,post_attention_layernorm,,elementwise_mul,"[[B, 1, d_model], [d_model]]",,,"[[B, 1, d_model]]","[2244, 2246]",14,post_attention_layernorm,,1,model.layers.14.post_attention_layernorm,aten.mul.Tensor,[],decode,False
2248,post_attention_layernorm,,_to_copy,"[[B, 1, d_model]]",,,"[[B, 1, d_model]]",[2247],14,post_attention_layernorm,,1,model.layers.14.post_attention_layernorm,aten._to_copy.default,[],decode,True
2249,mlp,gate_proj,t,"[[d_ff, d_model]]","[d_ff, d_model]",0,"[[d_model, d_ff]]",[],14,mlp,gate_proj,2,model.layers.14.mlp.gate_proj,aten.t.default,[model.layers.14.mlp.gate_proj.weight],decode,True
2250,mlp,gate_proj,view,"[[B, 1, d_model]]",,,"[[B, d_model]]",[2248],14,mlp,gate_proj,2,model.layers.14.mlp.gate_proj,aten.view.default,[],decode,True
2251,mlp,gate_proj,matmul,"[[B, d_model], [d_model, d_ff]]","[d_ff, d_model]",1,"[[B, d_ff]]","[2249, 2250]",14,mlp,gate_proj,2,model.layers.14.mlp.gate_proj,aten.mm.default,[model.layers.14.mlp.gate_proj.weight],decode,False
2252,mlp,gate_proj,_unsafe_view,"[[B, d_ff]]",,,"[[B, 1, d_ff]]",[2251],14,mlp,gate_proj,2,model.layers.14.mlp.gate_proj,aten._unsafe_view.default,[],decode,True
2253,mlp,act_fn,silu,"[[B, 1, d_ff]]",,,"[[B, 1, d_ff]]",[2252],14,mlp,act_fn,2,model.layers.14.mlp.act_fn,aten.silu.default,[],decode,False
2254,mlp,up_proj,t,"[[d_ff, d_model]]","[d_ff, d_model]",0,"[[d_model, d_ff]]",[],14,mlp,up_proj,2,model.layers.14.mlp.up_proj,aten.t.default,[model.layers.14.mlp.up_proj.weight],decode,True
2255,mlp,up_proj,view,"[[B, 1, d_model]]",,,"[[B, d_model]]",[2248],14,mlp,up_proj,2,model.layers.14.mlp.up_proj,aten.view.default,[],decode,True
2256,mlp,up_proj,matmul,"[[B, d_model], [d_model, d_ff]]","[d_ff, d_model]",1,"[[B, d_ff]]","[2254, 2255]",14,mlp,up_proj,2,model.layers.14.mlp.up_proj,aten.mm.default,[model.layers.14.mlp.up_proj.weight],decode,False
2257,mlp,up_proj,_unsafe_view,"[[B, d_ff]]",,,"[[B, 1, d_ff]]",[2256],14,mlp,up_proj,2,model.layers.14.mlp.up_proj,aten._unsafe_view.default,[],decode,True
2258,mlp,,elementwise_mul,"[[B, 1, d_ff], [B, 1, d_ff]]",,,"[[B, 1, d_ff]]","[2253, 2257]",14,mlp,,1,model.layers.14.mlp,aten.mul.Tensor,[],decode,False
2259,mlp,down_proj,t,"[[d_model, d_ff]]","[d_model, d_ff]",0,"[[d_ff, d_model]]",[],14,mlp,down_proj,2,model.layers.14.mlp.down_proj,aten.t.default,[model.layers.14.mlp.down_proj.weight],decode,True
2260,mlp,down_proj,view,"[[B, 1, d_ff]]",,,"[[B, d_ff]]",[2258],14,mlp,down_proj,2,model.layers.14.mlp.down_proj,aten.view.default,[],decode,True
2261,mlp,down_proj,matmul,"[[B, d_ff], [d_ff, d_model]]","[d_model, d_ff]",1,"[[B, d_model]]","[2259, 2260]",14,mlp,down_proj,2,model.layers.14.mlp.down_proj,aten.mm.default,[model.layers.14.mlp.down_proj.weight],decode,False
2262,mlp,down_proj,_unsafe_view,"[[B, d_model]]",,,"[[B, 1, d_model]]",[2261],14,mlp,down_proj,2,model.layers.14.mlp.down_proj,aten._unsafe_view.default,[],decode,True
2263,,,elementwise_add,"[[B, 1, d_model], [B, 1, d_model]]",,,"[[B, 1, d_model]]","[2238, 2262]",14,,,0,model.layers.14,aten.add.Tensor,[],decode,False
2264,input_layernorm,,_to_copy,"[[B, 1, d_model]]",,,"[[B, 1, d_model]]",[2263],15,input_layernorm,,1,model.layers.15.input_layernorm,aten._to_copy.default,[],decode,True
2265,input_layernorm,,pow,"[[B, 1, d_model]]",,,"[[B, 1, d_model]]",[2264],15,input_layernorm,,1,model.layers.15.input_layernorm,aten.pow.Tensor_Scalar,[],decode,False
2266,input_layernorm,,mean,"[[B, 1, d_model]]",,,"[[B, 1, 1]]",[2265],15,input_layernorm,,1,model.layers.15.input_layernorm,aten.mean.dim,[],decode,False
2267,input_layernorm,,elementwise_add,"[[B, 1, 1]]",,,"[[B, 1, 1]]",[2266],15,input_layernorm,,1,model.layers.15.input_layernorm,aten.add.Tensor,[],decode,False
2268,input_layernorm,,rsqrt,"[[B, 1, 1]]",,,"[[B, 1, 1]]",[2267],15,input_layernorm,,1,model.layers.15.input_layernorm,aten.rsqrt.default,[],decode,False
2269,input_layernorm,,elementwise_mul,"[[B, 1, d_model], [B, 1, 1]]",,,"[[B, 1, d_model]]","[2264, 2268]",15,input_layernorm,,1,model.layers.15.input_layernorm,aten.mul.Tensor,[],decode,False
2270,input_layernorm,,_to_copy,[[d_model]],,,[[d_model]],[],15,input_layernorm,,1,model.layers.15.input_layernorm,aten._to_copy.default,[model.layers.15.input_layernorm.weight],decode,True
2271,input_layernorm,,elementwise_add,[[d_model]],,,[[d_model]],[2270],15,input_layernorm,,1,model.layers.15.input_layernorm,aten.add.Tensor,[model.layers.15.input_layernorm.weight],decode,False
2272,input_layernorm,,elementwise_mul,"[[B, 1, d_model], [d_model]]",,,"[[B, 1, d_model]]","[2269, 2271]",15,input_layernorm,,1,model.layers.15.input_layernorm,aten.mul.Tensor,[],decode,False
2273,input_layernorm,,_to_copy,"[[B, 1, d_model]]",,,"[[B, 1, d_model]]",[2272],15,input_layernorm,,1,model.layers.15.input_layernorm,aten._to_copy.default,[],decode,True
2274,self_attn,q_proj,t,"[[2*n_h*d_head, d_model]]","[2*n_h*d_head, d_model]",0,"[[d_model, 2*n_h*d_head]]",[],15,self_attn,q_proj,2,model.layers.15.self_attn.q_proj,aten.t.default,[model.layers.15.self_attn.q_proj.weight],decode,True
2275,self_attn,q_proj,view,"[[B, 1, d_model]]",,,"[[B, d_model]]",[2273],15,self_attn,q_proj,2,model.layers.15.self_attn.q_proj,aten.view.default,[],decode,True
2276,self_attn,q_proj,matmul,"[[B, d_model], [d_model, 2*n_h*d_head]]","[2*n_h*d_head, d_model]",1,"[[B, 2*n_h*d_head]]","[2274, 2275]",15,self_attn,q_proj,2,model.layers.15.self_attn.q_proj,aten.mm.default,[model.layers.15.self_attn.q_proj.weight],decode,False
2277,self_attn,q_proj,_unsafe_view,"[[B, 2*n_h*d_head]]",,,"[[B, 1, 2*n_h*d_head]]",[2276],15,self_attn,q_proj,2,model.layers.15.self_attn.q_proj,aten._unsafe_view.default,[],decode,True
2278,self_attn,,view,"[[B, 1, 2*n_h*d_head]]",,,"[[B, 1, n_h, 2*d_head]]",[2277],15,self_attn,,1,model.layers.15.self_attn,aten.view.default,[],decode,True
2279,self_attn,,split,"[[B, 1, n_h, 2*d_head]]",,,"[[B, 1, n_h, d_head], [B, 1, n_h, d_head]]",[2278],15,self_attn,,1,model.layers.15.self_attn,aten.split.Tensor,[],decode,True
2280,self_attn,,clone,"[[B, 1, n_h, d_head]]",,,"[[B, 1, n_h, d_head]]",[2279],15,self_attn,,1,model.layers.15.self_attn,aten.clone.default,[],decode,True
2281,self_attn,,_unsafe_view,"[[B, 1, n_h, d_head]]",,,"[[B, 1, n_h*d_head]]",[2280],15,self_attn,,1,model.layers.15.self_attn,aten._unsafe_view.default,[],decode,True
2282,self_attn,,view,"[[B, 1, n_h, d_head]]",,,"[[B, 1, n_h, d_head]]",[2279],15,self_attn,,1,model.layers.15.self_attn,aten.view.default,[],decode,True
2283,self_attn,q_norm,_to_copy,"[[B, 1, n_h, d_head]]",,,"[[B, 1, n_h, d_head]]",[2282],15,self_attn,q_norm,2,model.layers.15.self_attn.q_norm,aten._to_copy.default,[],decode,True
2284,self_attn,q_norm,pow,"[[B, 1, n_h, d_head]]",,,"[[B, 1, n_h, d_head]]",[2283],15,self_attn,q_norm,2,model.layers.15.self_attn.q_norm,aten.pow.Tensor_Scalar,[],decode,False
2285,self_attn,q_norm,mean,"[[B, 1, n_h, d_head]]",,,"[[B, 1, n_h, 1]]",[2284],15,self_attn,q_norm,2,model.layers.15.self_attn.q_norm,aten.mean.dim,[],decode,False
2286,self_attn,q_norm,elementwise_add,"[[B, 1, n_h, 1]]",,,"[[B, 1, n_h, 1]]",[2285],15,self_attn,q_norm,2,model.layers.15.self_attn.q_norm,aten.add.Tensor,[],decode,False
2287,self_attn,q_norm,rsqrt,"[[B, 1, n_h, 1]]",,,"[[B, 1, n_h, 1]]",[2286],15,self_attn,q_norm,2,model.layers.15.self_attn.q_norm,aten.rsqrt.default,[],decode,False
2288,self_attn,q_norm,elementwise_mul,"[[B, 1, n_h, d_head], [B, 1, n_h, 1]]",,,"[[B, 1, n_h, d_head]]","[2283, 2287]",15,self_attn,q_norm,2,model.layers.15.self_attn.q_norm,aten.mul.Tensor,[],decode,False
2289,self_attn,q_norm,_to_copy,[[d_head]],,,[[d_head]],[],15,self_attn,q_norm,2,model.layers.15.self_attn.q_norm,aten._to_copy.default,[model.layers.15.self_attn.q_norm.weight],decode,True
2290,self_attn,q_norm,elementwise_add,[[d_head]],,,[[d_head]],[2289],15,self_attn,q_norm,2,model.layers.15.self_attn.q_norm,aten.add.Tensor,[model.layers.15.self_attn.q_norm.weight],decode,False
2291,self_attn,q_norm,elementwise_mul,"[[B, 1, n_h, d_head], [d_head]]",,,"[[B, 1, n_h, d_head]]","[2288, 2290]",15,self_attn,q_norm,2,model.layers.15.self_attn.q_norm,aten.mul.Tensor,[],decode,False
2292,self_attn,q_norm,_to_copy,"[[B, 1, n_h, d_head]]",,,"[[B, 1, n_h, d_head]]",[2291],15,self_attn,q_norm,2,model.layers.15.self_attn.q_norm,aten._to_copy.default,[],decode,True
2293,self_attn,,transpose,"[[B, 1, n_h, d_head]]",,,"[[B, n_h, 1, d_head]]",[2292],15,self_attn,,1,model.layers.15.self_attn,aten.transpose.int,[],decode,True
2294,self_attn,k_proj,t,"[[n_kv*d_head, d_model]]","[n_kv*d_head, d_model]",0,"[[d_model, n_kv*d_head]]",[],15,self_attn,k_proj,2,model.layers.15.self_attn.k_proj,aten.t.default,[model.layers.15.self_attn.k_proj.weight],decode,True
2295,self_attn,k_proj,view,"[[B, 1, d_model]]",,,"[[B, d_model]]",[2273],15,self_attn,k_proj,2,model.layers.15.self_attn.k_proj,aten.view.default,[],decode,True
2296,self_attn,k_proj,matmul,"[[B, d_model], [d_model, n_kv*d_head]]","[n_kv*d_head, d_model]",1,"[[B, n_kv*d_head]]","[2294, 2295]",15,self_attn,k_proj,2,model.layers.15.self_attn.k_proj,aten.mm.default,[model.layers.15.self_attn.k_proj.weight],decode,False
2297,self_attn,k_proj,_unsafe_view,"[[B, n_kv*d_head]]",,,"[[B, 1, n_kv*d_head]]",[2296],15,self_attn,k_proj,2,model.layers.15.self_attn.k_proj,aten._unsafe_view.default,[],decode,True
2298,self_attn,,view,"[[B, 1, n_kv*d_head]]",,,"[[B, 1, n_kv, d_head]]",[2297],15,self_attn,,1,model.layers.15.self_attn,aten.view.default,[],decode,True
2299,self_attn,k_norm,_to_copy,"[[B, 1, n_kv, d_head]]",,,"[[B, 1, n_kv, d_head]]",[2298],15,self_attn,k_norm,2,model.layers.15.self_attn.k_norm,aten._to_copy.default,[],decode,True
2300,self_attn,k_norm,pow,"[[B, 1, n_kv, d_head]]",,,"[[B, 1, n_kv, d_head]]",[2299],15,self_attn,k_norm,2,model.layers.15.self_attn.k_norm,aten.pow.Tensor_Scalar,[],decode,False
2301,self_attn,k_norm,mean,"[[B, 1, n_kv, d_head]]",,,"[[B, 1, n_kv, 1]]",[2300],15,self_attn,k_norm,2,model.layers.15.self_attn.k_norm,aten.mean.dim,[],decode,False
2302,self_attn,k_norm,elementwise_add,"[[B, 1, n_kv, 1]]",,,"[[B, 1, n_kv, 1]]",[2301],15,self_attn,k_norm,2,model.layers.15.self_attn.k_norm,aten.add.Tensor,[],decode,False
2303,self_attn,k_norm,rsqrt,"[[B, 1, n_kv, 1]]",,,"[[B, 1, n_kv, 1]]",[2302],15,self_attn,k_norm,2,model.layers.15.self_attn.k_norm,aten.rsqrt.default,[],decode,False
2304,self_attn,k_norm,elementwise_mul,"[[B, 1, n_kv, d_head], [B, 1, n_kv, 1]]",,,"[[B, 1, n_kv, d_head]]","[2299, 2303]",15,self_attn,k_norm,2,model.layers.15.self_attn.k_norm,aten.mul.Tensor,[],decode,False
2305,self_attn,k_norm,_to_copy,[[d_head]],,,[[d_head]],[],15,self_attn,k_norm,2,model.layers.15.self_attn.k_norm,aten._to_copy.default,[model.layers.15.self_attn.k_norm.weight],decode,True
2306,self_attn,k_norm,elementwise_add,[[d_head]],,,[[d_head]],[2305],15,self_attn,k_norm,2,model.layers.15.self_attn.k_norm,aten.add.Tensor,[model.layers.15.self_attn.k_norm.weight],decode,False
2307,self_attn,k_norm,elementwise_mul,"[[B, 1, n_kv, d_head], [d_head]]",,,"[[B, 1, n_kv, d_head]]","[2304, 2306]",15,self_attn,k_norm,2,model.layers.15.self_attn.k_norm,aten.mul.Tensor,[],decode,False
2308,self_attn,k_norm,_to_copy,"[[B, 1, n_kv, d_head]]",,,"[[B, 1, n_kv, d_head]]",[2307],15,self_attn,k_norm,2,model.layers.15.self_attn.k_norm,aten._to_copy.default,[],decode,True
2309,self_attn,,transpose,"[[B, 1, n_kv, d_head]]",,,"[[B, n_kv, 1, d_head]]",[2308],15,self_attn,,1,model.layers.15.self_attn,aten.transpose.int,[],decode,True
2310,self_attn,v_proj,t,"[[n_kv*d_head, d_model]]","[n_kv*d_head, d_model]",0,"[[d_model, n_kv*d_head]]",[],15,self_attn,v_proj,2,model.layers.15.self_attn.v_proj,aten.t.default,[model.layers.15.self_attn.v_proj.weight],decode,True
2311,self_attn,v_proj,view,"[[B, 1, d_model]]",,,"[[B, d_model]]",[2273],15,self_attn,v_proj,2,model.layers.15.self_attn.v_proj,aten.view.default,[],decode,True
2312,self_attn,v_proj,matmul,"[[B, d_model], [d_model, n_kv*d_head]]","[n_kv*d_head, d_model]",1,"[[B, n_kv*d_head]]","[2310, 2311]",15,self_attn,v_proj,2,model.layers.15.self_attn.v_proj,aten.mm.default,[model.layers.15.self_attn.v_proj.weight],decode,False
2313,self_attn,v_proj,_unsafe_view,"[[B, n_kv*d_head]]",,,"[[B, 1, n_kv*d_head]]",[2312],15,self_attn,v_proj,2,model.layers.15.self_attn.v_proj,aten._unsafe_view.default,[],decode,True
2314,self_attn,,view,"[[B, 1, n_kv*d_head]]",,,"[[B, 1, n_kv, d_head]]",[2313],15,self_attn,,1,model.layers.15.self_attn,aten.view.default,[],decode,True
2315,self_attn,,transpose,"[[B, 1, n_kv, d_head]]",,,"[[B, n_kv, 1, d_head]]",[2314],15,self_attn,,1,model.layers.15.self_attn,aten.transpose.int,[],decode,True
2316,self_attn,,unsqueeze,"[[B, 1, d_rope]]",,,"[[B, 1, 1, d_rope]]",[54],15,self_attn,,1,model.layers.15.self_attn,aten.unsqueeze.default,[],decode,True
2317,self_attn,,unsqueeze,"[[B, 1, d_rope]]",,,"[[B, 1, 1, d_rope]]",[55],15,self_attn,,1,model.layers.15.self_attn,aten.unsqueeze.default,[],decode,True
2318,self_attn,,slice,"[[B, n_h, 1, d_head]]",,,"[[B, n_h, 1, d_rope]]",[2293],15,self_attn,,1,model.layers.15.self_attn,aten.slice.Tensor,[],decode,True
2319,self_attn,,slice,"[[B, n_h, 1, d_head]]",,,"[[B, n_h, 1, d_head-d_rope]]",[2293],15,self_attn,,1,model.layers.15.self_attn,aten.slice.Tensor,[],decode,True
2320,self_attn,,slice,"[[B, n_kv, 1, d_head]]",,,"[[B, n_kv, 1, d_rope]]",[2309],15,self_attn,,1,model.layers.15.self_attn,aten.slice.Tensor,[],decode,True
2321,self_attn,,slice,"[[B, n_kv, 1, d_head]]",,,"[[B, n_kv, 1, d_head-d_rope]]",[2309],15,self_attn,,1,model.layers.15.self_attn,aten.slice.Tensor,[],decode,True
2322,self_attn,,elementwise_mul,"[[B, n_h, 1, d_rope], [B, 1, 1, d_rope]]",,,"[[B, n_h, 1, d_rope]]","[2316, 2318]",15,self_attn,,1,model.layers.15.self_attn,aten.mul.Tensor,[],decode,False
2323,self_attn,,slice,"[[B, n_h, 1, d_rope]]",,,"[[B, n_h, 1, d_rope/2]]",[2318],15,self_attn,,1,model.layers.15.self_attn,aten.slice.Tensor,[],decode,True
2324,self_attn,,slice,"[[B, n_h, 1, d_rope]]",,,"[[B, n_h, 1, d_rope/2]]",[2318],15,self_attn,,1,model.layers.15.self_attn,aten.slice.Tensor,[],decode,True
2325,self_attn,,neg,"[[B, n_h, 1, d_rope/2]]",,,"[[B, n_h, 1, d_rope/2]]",[2324],15,self_attn,,1,model.layers.15.self_attn,aten.neg.default,[],decode,False
2326,self_attn,,concat,"[[B, n_h, 1, d_rope/2], [B, n_h, 1, d_rope/2]]",,,"[[B, n_h, 1, d_rope]]","[2323, 2325]",15,self_attn,,1,model.layers.15.self_attn,aten.cat.default,[],decode,False
2327,self_attn,,elementwise_mul,"[[B, n_h, 1, d_rope], [B, 1, 1, d_rope]]",,,"[[B, n_h, 1, d_rope]]","[2317, 2326]",15,self_attn,,1,model.layers.15.self_attn,aten.mul.Tensor,[],decode,False
2328,self_attn,,elementwise_add,"[[B, n_h, 1, d_rope], [B, n_h, 1, d_rope]]",,,"[[B, n_h, 1, d_rope]]","[2322, 2327]",15,self_attn,,1,model.layers.15.self_attn,aten.add.Tensor,[],decode,False
2329,self_attn,,elementwise_mul,"[[B, n_kv, 1, d_rope], [B, 1, 1, d_rope]]",,,"[[B, n_kv, 1, d_rope]]","[2316, 2320]",15,self_attn,,1,model.layers.15.self_attn,aten.mul.Tensor,[],decode,False
2330,self_attn,,slice,"[[B, n_kv, 1, d_rope]]",,,"[[B, n_kv, 1, d_rope/2]]",[2320],15,self_attn,,1,model.layers.15.self_attn,aten.slice.Tensor,[],decode,True
2331,self_attn,,slice,"[[B, n_kv, 1, d_rope]]",,,"[[B, n_kv, 1, d_rope/2]]",[2320],15,self_attn,,1,model.layers.15.self_attn,aten.slice.Tensor,[],decode,True
2332,self_attn,,neg,"[[B, n_kv, 1, d_rope/2]]",,,"[[B, n_kv, 1, d_rope/2]]",[2331],15,self_attn,,1,model.layers.15.self_attn,aten.neg.default,[],decode,False
2333,self_attn,,concat,"[[B, n_kv, 1, d_rope/2], [B, n_kv, 1, d_rope/2]]",,,"[[B, n_kv, 1, d_rope]]","[2330, 2332]",15,self_attn,,1,model.layers.15.self_attn,aten.cat.default,[],decode,False
2334,self_attn,,elementwise_mul,"[[B, n_kv, 1, d_rope], [B, 1, 1, d_rope]]",,,"[[B, n_kv, 1, d_rope]]","[2317, 2333]",15,self_attn,,1,model.layers.15.self_attn,aten.mul.Tensor,[],decode,False
2335,self_attn,,elementwise_add,"[[B, n_kv, 1, d_rope], [B, n_kv, 1, d_rope]]",,,"[[B, n_kv, 1, d_rope]]","[2329, 2334]",15,self_attn,,1,model.layers.15.self_attn,aten.add.Tensor,[],decode,False
2336,self_attn,,concat,"[[B, n_h, 1, d_rope], [B, n_h, 1, d_head-d_rope]]",,,"[[B, n_h, 1, d_head]]","[2319, 2328]",15,self_attn,,1,model.layers.15.self_attn,aten.cat.default,[],decode,False
2337,self_attn,,concat,"[[B, n_kv, 1, d_rope], [B, n_kv, 1, d_head-d_rope]]",,,"[[B, n_kv, 1, d_head]]","[2321, 2335]",15,self_attn,,1,model.layers.15.self_attn,aten.cat.default,[],decode,False
2338,self_attn,,concat,"[[B, n_kv, T, d_head], [B, n_kv, 1, d_head]]",,,"[[B, n_kv, T+1, d_head]]",[2337],15,self_attn,,1,model.layers.15.self_attn,aten.cat.default,[],decode,False
2339,self_attn,,concat,"[[B, n_kv, T, d_head], [B, n_kv, 1, d_head]]",,,"[[B, n_kv, T+1, d_head]]",[2315],15,self_attn,,1,model.layers.15.self_attn,aten.cat.default,[],decode,False
2340,self_attn,,unsqueeze,"[[B, n_kv, T+1, d_head]]",,,"[[B, n_kv, 1, T+1, d_head]]",[2338],15,self_attn,,1,model.layers.15.self_attn,aten.unsqueeze.default,[],decode,True
2341,self_attn,,expand,"[[B, n_kv, 1, T+1, d_head]]",,,"[[B, n_kv, n_h/n_kv, T+1, d_head]]",[2340],15,self_attn,,1,model.layers.15.self_attn,aten.expand.default,[],decode,True
2342,self_attn,,clone,"[[B, n_kv, n_h/n_kv, T+1, d_head]]",,,"[[B, n_kv, n_h/n_kv, T+1, d_head]]",[2341],15,self_attn,,1,model.layers.15.self_attn,aten.clone.default,[],decode,True
2343,self_attn,,_unsafe_view,"[[B, n_kv, n_h/n_kv, T+1, d_head]]",,,"[[B, n_h, T+1, d_head]]",[2342],15,self_attn,,1,model.layers.15.self_attn,aten._unsafe_view.default,[],decode,True
2344,self_attn,,unsqueeze,"[[B, n_kv, T+1, d_head]]",,,"[[B, n_kv, 1, T+1, d_head]]",[2339],15,self_attn,,1,model.layers.15.self_attn,aten.unsqueeze.default,[],decode,True
2345,self_attn,,expand,"[[B, n_kv, 1, T+1, d_head]]",,,"[[B, n_kv, n_h/n_kv, T+1, d_head]]",[2344],15,self_attn,,1,model.layers.15.self_attn,aten.expand.default,[],decode,True
2346,self_attn,,clone,"[[B, n_kv, n_h/n_kv, T+1, d_head]]",,,"[[B, n_kv, n_h/n_kv, T+1, d_head]]",[2345],15,self_attn,,1,model.layers.15.self_attn,aten.clone.default,[],decode,True
2347,self_attn,,_unsafe_view,"[[B, n_kv, n_h/n_kv, T+1, d_head]]",,,"[[B, n_h, T+1, d_head]]",[2346],15,self_attn,,1,model.layers.15.self_attn,aten._unsafe_view.default,[],decode,True
2348,self_attn,,transpose,"[[B, n_h, T+1, d_head]]",,,"[[B, n_h, d_head, T+1]]",[2343],15,self_attn,,1,model.layers.15.self_attn,aten.transpose.int,[],decode,True
2349,self_attn,,expand,"[[B, n_h, 1, d_head]]",,,"[[B, n_h, 1, d_head]]",[2336],15,self_attn,,1,model.layers.15.self_attn,aten.expand.default,[],decode,True
2350,self_attn,,view,"[[B, n_h, 1, d_head]]",,,"[[n_h, B, d_head]]",[2349],15,self_attn,,1,model.layers.15.self_attn,aten.view.default,[],decode,True
2351,self_attn,,expand,"[[B, n_h, d_head, T+1]]",,,"[[B, n_h, d_head, T+1]]",[2348],15,self_attn,,1,model.layers.15.self_attn,aten.expand.default,[],decode,True
2352,self_attn,,view,"[[B, n_h, d_head, T+1]]",,,"[[n_h, d_head, T+1]]",[2351],15,self_attn,,1,model.layers.15.self_attn,aten.view.default,[],decode,True
2353,self_attn,,batched_matmul,"[[n_h, B, d_head], [n_h, d_head, T+1]]",,,"[[n_h, B, T+1]]","[2350, 2352]",15,self_attn,,1,model.layers.15.self_attn,aten.bmm.default,[],decode,False
2354,self_attn,,_unsafe_view,"[[n_h, B, T+1]]",,,"[[B, n_h, 1, T+1]]",[2353],15,self_attn,,1,model.layers.15.self_attn,aten._unsafe_view.default,[],decode,True
2355,self_attn,,elementwise_mul,"[[B, n_h, 1, T+1]]",,,"[[B, n_h, 1, T+1]]",[2354],15,self_attn,,1,model.layers.15.self_attn,aten.mul.Tensor,[],decode,False
2356,self_attn,,elementwise_add,"[[B, n_h, 1, T+1], [B, 1, 1, T+1]]",,,"[[B, n_h, 1, T+1]]","[26, 2355]",15,self_attn,,1,model.layers.15.self_attn,aten.add.Tensor,[],decode,False
2357,self_attn,,_to_copy,"[[B, n_h, 1, T+1]]",,,"[[B, n_h, 1, T+1]]",[2356],15,self_attn,,1,model.layers.15.self_attn,aten._to_copy.default,[],decode,True
2358,self_attn,,softmax,"[[B, n_h, 1, T+1]]",,,"[[B, n_h, 1, T+1]]",[2357],15,self_attn,,1,model.layers.15.self_attn,aten._softmax.default,[],decode,False
2359,self_attn,,_to_copy,"[[B, n_h, 1, T+1]]",,,"[[B, n_h, 1, T+1]]",[2358],15,self_attn,,1,model.layers.15.self_attn,aten._to_copy.default,[],decode,True
2360,self_attn,,expand,"[[B, n_h, 1, T+1]]",,,"[[B, n_h, 1, T+1]]",[2359],15,self_attn,,1,model.layers.15.self_attn,aten.expand.default,[],decode,True
2361,self_attn,,view,"[[B, n_h, 1, T+1]]",,,"[[n_h, B, T+1]]",[2360],15,self_attn,,1,model.layers.15.self_attn,aten.view.default,[],decode,True
2362,self_attn,,expand,"[[B, n_h, T+1, d_head]]",,,"[[B, n_h, T+1, d_head]]",[2347],15,self_attn,,1,model.layers.15.self_attn,aten.expand.default,[],decode,True
2363,self_attn,,view,"[[B, n_h, T+1, d_head]]",,,"[[n_h, T+1, d_head]]",[2362],15,self_attn,,1,model.layers.15.self_attn,aten.view.default,[],decode,True
2364,self_attn,,batched_matmul,"[[n_h, B, T+1], [n_h, T+1, d_head]]",,,"[[n_h, B, d_head]]","[2361, 2363]",15,self_attn,,1,model.layers.15.self_attn,aten.bmm.default,[],decode,False
2365,self_attn,,_unsafe_view,"[[n_h, B, d_head]]",,,"[[B, n_h, 1, d_head]]",[2364],15,self_attn,,1,model.layers.15.self_attn,aten._unsafe_view.default,[],decode,True
2366,self_attn,,transpose,"[[B, n_h, 1, d_head]]",,,"[[B, 1, n_h, d_head]]",[2365],15,self_attn,,1,model.layers.15.self_attn,aten.transpose.int,[],decode,True
2367,self_attn,,view,"[[B, 1, n_h, d_head]]",,,"[[B, 1, n_h*d_head]]",[2366],15,self_attn,,1,model.layers.15.self_attn,aten.view.default,[],decode,True
2368,self_attn,,sigmoid,"[[B, 1, n_h*d_head]]",,,"[[B, 1, n_h*d_head]]",[2281],15,self_attn,,1,model.layers.15.self_attn,aten.sigmoid.default,[],decode,False
2369,self_attn,,elementwise_mul,"[[B, 1, n_h*d_head], [B, 1, n_h*d_head]]",,,"[[B, 1, n_h*d_head]]","[2367, 2368]",15,self_attn,,1,model.layers.15.self_attn,aten.mul.Tensor,[],decode,False
2370,self_attn,o_proj,t,"[[d_model, n_h*d_head]]","[d_model, n_h*d_head]",0,"[[n_h*d_head, d_model]]",[],15,self_attn,o_proj,2,model.layers.15.self_attn.o_proj,aten.t.default,[model.layers.15.self_attn.o_proj.weight],decode,True
2371,self_attn,o_proj,view,"[[B, 1, n_h*d_head]]",,,"[[B, n_h*d_head]]",[2369],15,self_attn,o_proj,2,model.layers.15.self_attn.o_proj,aten.view.default,[],decode,True
2372,self_attn,o_proj,matmul,"[[B, n_h*d_head], [n_h*d_head, d_model]]","[d_model, n_h*d_head]",1,"[[B, d_model]]","[2370, 2371]",15,self_attn,o_proj,2,model.layers.15.self_attn.o_proj,aten.mm.default,[model.layers.15.self_attn.o_proj.weight],decode,False
2373,self_attn,o_proj,_unsafe_view,"[[B, d_model]]",,,"[[B, 1, d_model]]",[2372],15,self_attn,o_proj,2,model.layers.15.self_attn.o_proj,aten._unsafe_view.default,[],decode,True
2374,,,elementwise_add,"[[B, 1, d_model], [B, 1, d_model]]",,,"[[B, 1, d_model]]","[2263, 2373]",15,,,0,model.layers.15,aten.add.Tensor,[],decode,False
2375,post_attention_layernorm,,_to_copy,"[[B, 1, d_model]]",,,"[[B, 1, d_model]]",[2374],15,post_attention_layernorm,,1,model.layers.15.post_attention_layernorm,aten._to_copy.default,[],decode,True
2376,post_attention_layernorm,,pow,"[[B, 1, d_model]]",,,"[[B, 1, d_model]]",[2375],15,post_attention_layernorm,,1,model.layers.15.post_attention_layernorm,aten.pow.Tensor_Scalar,[],decode,False
2377,post_attention_layernorm,,mean,"[[B, 1, d_model]]",,,"[[B, 1, 1]]",[2376],15,post_attention_layernorm,,1,model.layers.15.post_attention_layernorm,aten.mean.dim,[],decode,False
2378,post_attention_layernorm,,elementwise_add,"[[B, 1, 1]]",,,"[[B, 1, 1]]",[2377],15,post_attention_layernorm,,1,model.layers.15.post_attention_layernorm,aten.add.Tensor,[],decode,False
2379,post_attention_layernorm,,rsqrt,"[[B, 1, 1]]",,,"[[B, 1, 1]]",[2378],15,post_attention_layernorm,,1,model.layers.15.post_attention_layernorm,aten.rsqrt.default,[],decode,False
2380,post_attention_layernorm,,elementwise_mul,"[[B, 1, d_model], [B, 1, 1]]",,,"[[B, 1, d_model]]","[2375, 2379]",15,post_attention_layernorm,,1,model.layers.15.post_attention_layernorm,aten.mul.Tensor,[],decode,False
2381,post_attention_layernorm,,_to_copy,[[d_model]],,,[[d_model]],[],15,post_attention_layernorm,,1,model.layers.15.post_attention_layernorm,aten._to_copy.default,[model.layers.15.post_attention_layernorm.weight],decode,True
2382,post_attention_layernorm,,elementwise_add,[[d_model]],,,[[d_model]],[2381],15,post_attention_layernorm,,1,model.layers.15.post_attention_layernorm,aten.add.Tensor,[model.layers.15.post_attention_layernorm.weight],decode,False
2383,post_attention_layernorm,,elementwise_mul,"[[B, 1, d_model], [d_model]]",,,"[[B, 1, d_model]]","[2380, 2382]",15,post_attention_layernorm,,1,model.layers.15.post_attention_layernorm,aten.mul.Tensor,[],decode,False
2384,post_attention_layernorm,,_to_copy,"[[B, 1, d_model]]",,,"[[B, 1, d_model]]",[2383],15,post_attention_layernorm,,1,model.layers.15.post_attention_layernorm,aten._to_copy.default,[],decode,True
2385,mlp,gate_proj,t,"[[d_ff, d_model]]","[d_ff, d_model]",0,"[[d_model, d_ff]]",[],15,mlp,gate_proj,2,model.layers.15.mlp.gate_proj,aten.t.default,[model.layers.15.mlp.gate_proj.weight],decode,True
2386,mlp,gate_proj,view,"[[B, 1, d_model]]",,,"[[B, d_model]]",[2384],15,mlp,gate_proj,2,model.layers.15.mlp.gate_proj,aten.view.default,[],decode,True
2387,mlp,gate_proj,matmul,"[[B, d_model], [d_model, d_ff]]","[d_ff, d_model]",1,"[[B, d_ff]]","[2385, 2386]",15,mlp,gate_proj,2,model.layers.15.mlp.gate_proj,aten.mm.default,[model.layers.15.mlp.gate_proj.weight],decode,False
2388,mlp,gate_proj,_unsafe_view,"[[B, d_ff]]",,,"[[B, 1, d_ff]]",[2387],15,mlp,gate_proj,2,model.layers.15.mlp.gate_proj,aten._unsafe_view.default,[],decode,True
2389,mlp,act_fn,silu,"[[B, 1, d_ff]]",,,"[[B, 1, d_ff]]",[2388],15,mlp,act_fn,2,model.layers.15.mlp.act_fn,aten.silu.default,[],decode,False
2390,mlp,up_proj,t,"[[d_ff, d_model]]","[d_ff, d_model]",0,"[[d_model, d_ff]]",[],15,mlp,up_proj,2,model.layers.15.mlp.up_proj,aten.t.default,[model.layers.15.mlp.up_proj.weight],decode,True
2391,mlp,up_proj,view,"[[B, 1, d_model]]",,,"[[B, d_model]]",[2384],15,mlp,up_proj,2,model.layers.15.mlp.up_proj,aten.view.default,[],decode,True
2392,mlp,up_proj,matmul,"[[B, d_model], [d_model, d_ff]]","[d_ff, d_model]",1,"[[B, d_ff]]","[2390, 2391]",15,mlp,up_proj,2,model.layers.15.mlp.up_proj,aten.mm.default,[model.layers.15.mlp.up_proj.weight],decode,False
2393,mlp,up_proj,_unsafe_view,"[[B, d_ff]]",,,"[[B, 1, d_ff]]",[2392],15,mlp,up_proj,2,model.layers.15.mlp.up_proj,aten._unsafe_view.default,[],decode,True
2394,mlp,,elementwise_mul,"[[B, 1, d_ff], [B, 1, d_ff]]",,,"[[B, 1, d_ff]]","[2389, 2393]",15,mlp,,1,model.layers.15.mlp,aten.mul.Tensor,[],decode,False
2395,mlp,down_proj,t,"[[d_model, d_ff]]","[d_model, d_ff]",0,"[[d_ff, d_model]]",[],15,mlp,down_proj,2,model.layers.15.mlp.down_proj,aten.t.default,[model.layers.15.mlp.down_proj.weight],decode,True
2396,mlp,down_proj,view,"[[B, 1, d_ff]]",,,"[[B, d_ff]]",[2394],15,mlp,down_proj,2,model.layers.15.mlp.down_proj,aten.view.default,[],decode,True
2397,mlp,down_proj,matmul,"[[B, d_ff], [d_ff, d_model]]","[d_model, d_ff]",1,"[[B, d_model]]","[2395, 2396]",15,mlp,down_proj,2,model.layers.15.mlp.down_proj,aten.mm.default,[model.layers.15.mlp.down_proj.weight],decode,False
2398,mlp,down_proj,_unsafe_view,"[[B, d_model]]",,,"[[B, 1, d_model]]",[2397],15,mlp,down_proj,2,model.layers.15.mlp.down_proj,aten._unsafe_view.default,[],decode,True
2399,,,elementwise_add,"[[B, 1, d_model], [B, 1, d_model]]",,,"[[B, 1, d_model]]","[2374, 2398]",15,,,0,model.layers.15,aten.add.Tensor,[],decode,False
2400,input_layernorm,,_to_copy,"[[B, 1, d_model]]",,,"[[B, 1, d_model]]",[2399],16,input_layernorm,,1,model.layers.16.input_layernorm,aten._to_copy.default,[],decode,True
2401,input_layernorm,,pow,"[[B, 1, d_model]]",,,"[[B, 1, d_model]]",[2400],16,input_layernorm,,1,model.layers.16.input_layernorm,aten.pow.Tensor_Scalar,[],decode,False
2402,input_layernorm,,mean,"[[B, 1, d_model]]",,,"[[B, 1, 1]]",[2401],16,input_layernorm,,1,model.layers.16.input_layernorm,aten.mean.dim,[],decode,False
2403,input_layernorm,,elementwise_add,"[[B, 1, 1]]",,,"[[B, 1, 1]]",[2402],16,input_layernorm,,1,model.layers.16.input_layernorm,aten.add.Tensor,[],decode,False
2404,input_layernorm,,rsqrt,"[[B, 1, 1]]",,,"[[B, 1, 1]]",[2403],16,input_layernorm,,1,model.layers.16.input_layernorm,aten.rsqrt.default,[],decode,False
2405,input_layernorm,,elementwise_mul,"[[B, 1, d_model], [B, 1, 1]]",,,"[[B, 1, d_model]]","[2400, 2404]",16,input_layernorm,,1,model.layers.16.input_layernorm,aten.mul.Tensor,[],decode,False
2406,input_layernorm,,_to_copy,[[d_model]],,,[[d_model]],[],16,input_layernorm,,1,model.layers.16.input_layernorm,aten._to_copy.default,[model.layers.16.input_layernorm.weight],decode,True
2407,input_layernorm,,elementwise_add,[[d_model]],,,[[d_model]],[2406],16,input_layernorm,,1,model.layers.16.input_layernorm,aten.add.Tensor,[model.layers.16.input_layernorm.weight],decode,False
2408,input_layernorm,,elementwise_mul,"[[B, 1, d_model], [d_model]]",,,"[[B, 1, d_model]]","[2405, 2407]",16,input_layernorm,,1,model.layers.16.input_layernorm,aten.mul.Tensor,[],decode,False
2409,input_layernorm,,_to_copy,"[[B, 1, d_model]]",,,"[[B, 1, d_model]]",[2408],16,input_layernorm,,1,model.layers.16.input_layernorm,aten._to_copy.default,[],decode,True
2410,linear_attn,in_proj_qkv,t,"[[2*d_k_lin+d_v_lin, d_model]]","[2*d_k_lin+d_v_lin, d_model]",0,"[[d_model, 2*d_k_lin+d_v_lin]]",[],16,linear_attn,in_proj_qkv,2,model.layers.16.linear_attn.in_proj_qkv,aten.t.default,[model.layers.16.linear_attn.in_proj_qkv.weight],decode,True
2411,linear_attn,in_proj_qkv,view,"[[B, 1, d_model]]",,,"[[B, d_model]]",[2409],16,linear_attn,in_proj_qkv,2,model.layers.16.linear_attn.in_proj_qkv,aten.view.default,[],decode,True
2412,linear_attn,in_proj_qkv,matmul,"[[B, d_model], [d_model, 2*d_k_lin+d_v_lin]]","[2*d_k_lin+d_v_lin, d_model]",1,"[[B, 2*d_k_lin+d_v_lin]]","[2410, 2411]",16,linear_attn,in_proj_qkv,2,model.layers.16.linear_attn.in_proj_qkv,aten.mm.default,[model.layers.16.linear_attn.in_proj_qkv.weight],decode,False
2413,linear_attn,in_proj_qkv,_unsafe_view,"[[B, 2*d_k_lin+d_v_lin]]",,,"[[B, 1, 2*d_k_lin+d_v_lin]]",[2412],16,linear_attn,in_proj_qkv,2,model.layers.16.linear_attn.in_proj_qkv,aten._unsafe_view.default,[],decode,True
2414,linear_attn,,transpose,"[[B, 1, 2*d_k_lin+d_v_lin]]",,,"[[B, 2*d_k_lin+d_v_lin, 1]]",[2413],16,linear_attn,,1,model.layers.16.linear_attn,aten.transpose.int,[],decode,True
2415,linear_attn,in_proj_z,t,"[[n_v*d_v, d_model]]","[n_v*d_v, d_model]",0,"[[d_model, n_v*d_v]]",[],16,linear_attn,in_proj_z,2,model.layers.16.linear_attn.in_proj_z,aten.t.default,[model.layers.16.linear_attn.in_proj_z.weight],decode,True
2416,linear_attn,in_proj_z,view,"[[B, 1, d_model]]",,,"[[B, d_model]]",[2409],16,linear_attn,in_proj_z,2,model.layers.16.linear_attn.in_proj_z,aten.view.default,[],decode,True
2417,linear_attn,in_proj_z,matmul,"[[B, d_model], [d_model, n_v*d_v]]","[n_v*d_v, d_model]",1,"[[B, n_v*d_v]]","[2415, 2416]",16,linear_attn,in_proj_z,2,model.layers.16.linear_attn.in_proj_z,aten.mm.default,[model.layers.16.linear_attn.in_proj_z.weight],decode,False
2418,linear_attn,in_proj_z,_unsafe_view,"[[B, n_v*d_v]]",,,"[[B, 1, n_v*d_v]]",[2417],16,linear_attn,in_proj_z,2,model.layers.16.linear_attn.in_proj_z,aten._unsafe_view.default,[],decode,True
2419,linear_attn,,view,"[[B, 1, n_v*d_v]]",,,"[[B, 1, n_h_lin_v, d_head_lin_v]]",[2418],16,linear_attn,,1,model.layers.16.linear_attn,aten.view.default,[],decode,True
2420,linear_attn,in_proj_b,t,"[[n_h_lin_v, d_model]]","[n_h_lin_v, d_model]",0,"[[d_model, n_h_lin_v]]",[],16,linear_attn,in_proj_b,2,model.layers.16.linear_attn.in_proj_b,aten.t.default,[model.layers.16.linear_attn.in_proj_b.weight],decode,True
2421,linear_attn,in_proj_b,view,"[[B, 1, d_model]]",,,"[[B, d_model]]",[2409],16,linear_attn,in_proj_b,2,model.layers.16.linear_attn.in_proj_b,aten.view.default,[],decode,True
2422,linear_attn,in_proj_b,matmul,"[[B, d_model], [d_model, n_h_lin_v]]","[n_h_lin_v, d_model]",1,"[[B, n_h_lin_v]]","[2420, 2421]",16,linear_attn,in_proj_b,2,model.layers.16.linear_attn.in_proj_b,aten.mm.default,[model.layers.16.linear_attn.in_proj_b.weight],decode,False
2423,linear_attn,in_proj_b,_unsafe_view,"[[B, n_h_lin_v]]",,,"[[B, 1, n_h_lin_v]]",[2422],16,linear_attn,in_proj_b,2,model.layers.16.linear_attn.in_proj_b,aten._unsafe_view.default,[],decode,True
2424,linear_attn,in_proj_a,t,"[[n_h_lin_v, d_model]]","[n_h_lin_v, d_model]",0,"[[d_model, n_h_lin_v]]",[],16,linear_attn,in_proj_a,2,model.layers.16.linear_attn.in_proj_a,aten.t.default,[model.layers.16.linear_attn.in_proj_a.weight],decode,True
2425,linear_attn,in_proj_a,view,"[[B, 1, d_model]]",,,"[[B, d_model]]",[2409],16,linear_attn,in_proj_a,2,model.layers.16.linear_attn.in_proj_a,aten.view.default,[],decode,True
2426,linear_attn,in_proj_a,matmul,"[[B, d_model], [d_model, n_h_lin_v]]","[n_h_lin_v, d_model]",1,"[[B, n_h_lin_v]]","[2424, 2425]",16,linear_attn,in_proj_a,2,model.layers.16.linear_attn.in_proj_a,aten.mm.default,[model.layers.16.linear_attn.in_proj_a.weight],decode,False
2427,linear_attn,in_proj_a,_unsafe_view,"[[B, n_h_lin_v]]",,,"[[B, 1, n_h_lin_v]]",[2426],16,linear_attn,in_proj_a,2,model.layers.16.linear_attn.in_proj_a,aten._unsafe_view.default,[],decode,True
2428,linear_attn,,squeeze,"[[2*d_k_lin+d_v_lin, 1, d_conv_lin]]","[2*d_k_lin+d_v_lin, 1, d_conv_lin]",0,"[[2*d_k_lin+d_v_lin, d_conv_lin]]",[],16,linear_attn,,1,model.layers.16.linear_attn,aten.squeeze.dim,[model.layers.16.linear_attn.conv1d.weight],decode,True
2429,linear_attn,,concat,"[[B, 2*d_k_lin+d_v_lin, d_conv_lin], [B, 2*d_k_lin+d_v_lin, 1]]",,,"[[B, 2*d_k_lin+d_v_lin, 5]]",[2414],16,linear_attn,,1,model.layers.16.linear_attn,aten.cat.default,[],decode,False
2430,linear_attn,,slice,"[[B, 2*d_k_lin+d_v_lin, 5]]",,,"[[B, 2*d_k_lin+d_v_lin, d_conv_lin]]",[2429],16,linear_attn,,1,model.layers.16.linear_attn,aten.slice.Tensor,[],decode,True
2431,linear_attn,,copy_,"[[B, 2*d_k_lin+d_v_lin, d_conv_lin], [B, 2*d_k_lin+d_v_lin, d_conv_lin]]",,,"[[B, 2*d_k_lin+d_v_lin, d_conv_lin]]",[2430],16,linear_attn,,1,model.layers.16.linear_attn,aten.copy_.default,[],decode,True
2432,linear_attn,,unsqueeze,"[[2*d_k_lin+d_v_lin, d_conv_lin]]",,,"[[2*d_k_lin+d_v_lin, 1, d_conv_lin]]",[2428],16,linear_attn,,1,model.layers.16.linear_attn,aten.unsqueeze.default,[],decode,True
2433,linear_attn,,conv1d,"[[B, 2*d_k_lin+d_v_lin, 5], [2*d_k_lin+d_v_lin, 1, d_conv_lin]]",,,"[[B, 2*d_k_lin+d_v_lin, 2]]","[2429, 2432]",16,linear_attn,,1,model.layers.16.linear_attn,aten.convolution.default,[],decode,False
2434,linear_attn,,slice,"[[B, 2*d_k_lin+d_v_lin, 2]]",,,"[[B, 2*d_k_lin+d_v_lin, 1]]",[2433],16,linear_attn,,1,model.layers.16.linear_attn,aten.slice.Tensor,[],decode,True
2435,linear_attn,,silu,"[[B, 2*d_k_lin+d_v_lin, 1]]",,,"[[B, 2*d_k_lin+d_v_lin, 1]]",[2434],16,linear_attn,,1,model.layers.16.linear_attn,aten.silu.default,[],decode,False
2436,linear_attn,,transpose,"[[B, 2*d_k_lin+d_v_lin, 1]]",,,"[[B, 1, 2*d_k_lin+d_v_lin]]",[2435],16,linear_attn,,1,model.layers.16.linear_attn,aten.transpose.int,[],decode,True
2437,linear_attn,,split_with_sizes,"[[B, 1, 2*d_k_lin+d_v_lin]]",,,"[[B, 1, n_k*d_k], [B, 1, n_k*d_k], [B, 1, n_v*d_v]]",[2436],16,linear_attn,,1,model.layers.16.linear_attn,aten.split_with_sizes.default,[],decode,True
2438,linear_attn,,view,"[[B, 1, n_k*d_k]]",,,"[[B, 1, n_h_lin_k, d_head_lin_k]]",[2437],16,linear_attn,,1,model.layers.16.linear_attn,aten.view.default,[],decode,True
2439,linear_attn,,view,"[[B, 1, n_k*d_k]]",,,"[[B, 1, n_h_lin_k, d_head_lin_k]]",[2437],16,linear_attn,,1,model.layers.16.linear_attn,aten.view.default,[],decode,True
2440,linear_attn,,view,"[[B, 1, n_v*d_v]]",,,"[[B, 1, n_h_lin_v, d_head_lin_v]]",[2437],16,linear_attn,,1,model.layers.16.linear_attn,aten.view.default,[],decode,True
2441,linear_attn,,sigmoid,"[[B, 1, n_h_lin_v]]",,,"[[B, 1, n_h_lin_v]]",[2423],16,linear_attn,,1,model.layers.16.linear_attn,aten.sigmoid.default,[],decode,False
2442,linear_attn,,_to_copy,[[n_h_lin_v]],,,[[n_h_lin_v]],[],16,linear_attn,,1,model.layers.16.linear_attn,aten._to_copy.default,[model.layers.16.linear_attn.A_log],decode,True
2443,linear_attn,,exp,[[n_h_lin_v]],,,[[n_h_lin_v]],[2442],16,linear_attn,,1,model.layers.16.linear_attn,aten.exp.default,[model.layers.16.linear_attn.A_log],decode,False
2444,linear_attn,,neg,[[n_h_lin_v]],,,[[n_h_lin_v]],[2443],16,linear_attn,,1,model.layers.16.linear_attn,aten.neg.default,[],decode,False
2445,linear_attn,,_to_copy,"[[B, 1, n_h_lin_v]]",,,"[[B, 1, n_h_lin_v]]",[2427],16,linear_attn,,1,model.layers.16.linear_attn,aten._to_copy.default,[],decode,True
2446,linear_attn,,elementwise_add,"[[B, 1, n_h_lin_v], [n_h_lin_v]]",,,"[[B, 1, n_h_lin_v]]",[2445],16,linear_attn,,1,model.layers.16.linear_attn,aten.add.Tensor,[model.layers.16.linear_attn.dt_bias],decode,False
2447,linear_attn,,softplus,"[[B, 1, n_h_lin_v]]",,,"[[B, 1, n_h_lin_v]]",[2446],16,linear_attn,,1,model.layers.16.linear_attn,aten.softplus.default,[],decode,True
2448,linear_attn,,elementwise_mul,"[[n_h_lin_v], [B, 1, n_h_lin_v]]",,,"[[B, 1, n_h_lin_v]]","[2444, 2447]",16,linear_attn,,1,model.layers.16.linear_attn,aten.mul.Tensor,[],decode,False
2449,linear_attn,,unsqueeze,"[[B, 1, n_h_lin_k, d_head_lin_k]]",,,"[[B, 1, n_h_lin_k, 1, d_head_lin_k]]",[2438],16,linear_attn,,1,model.layers.16.linear_attn,aten.unsqueeze.default,[],decode,True
2450,linear_attn,,expand,"[[B, 1, n_h_lin_k, 1, d_head_lin_k]]",,,"[[B, 1, n_h_lin_k, n_v/n_k, d_head_lin_k]]",[2449],16,linear_attn,,1,model.layers.16.linear_attn,aten.expand.default,[],decode,True
2451,linear_attn,,clone,"[[B, 1, n_h_lin_k, n_v/n_k, d_head_lin_k]]",,,"[[B, 1, n_h_lin_k, n_v/n_k, d_head_lin_k]]",[2450],16,linear_attn,,1,model.layers.16.linear_attn,aten.clone.default,[],decode,True
2452,linear_attn,,view,"[[B, 1, n_h_lin_k, n_v/n_k, d_head_lin_k]]",,,"[[B, 1, n_h_lin_v, d_head_lin_k]]",[2451],16,linear_attn,,1,model.layers.16.linear_attn,aten.view.default,[],decode,True
2453,linear_attn,,unsqueeze,"[[B, 1, n_h_lin_k, d_head_lin_k]]",,,"[[B, 1, n_h_lin_k, 1, d_head_lin_k]]",[2439],16,linear_attn,,1,model.layers.16.linear_attn,aten.unsqueeze.default,[],decode,True
2454,linear_attn,,expand,"[[B, 1, n_h_lin_k, 1, d_head_lin_k]]",,,"[[B, 1, n_h_lin_k, n_v/n_k, d_head_lin_k]]",[2453],16,linear_attn,,1,model.layers.16.linear_attn,aten.expand.default,[],decode,True
2455,linear_attn,,clone,"[[B, 1, n_h_lin_k, n_v/n_k, d_head_lin_k]]",,,"[[B, 1, n_h_lin_k, n_v/n_k, d_head_lin_k]]",[2454],16,linear_attn,,1,model.layers.16.linear_attn,aten.clone.default,[],decode,True
2456,linear_attn,,view,"[[B, 1, n_h_lin_k, n_v/n_k, d_head_lin_k]]",,,"[[B, 1, n_h_lin_v, d_head_lin_k]]",[2455],16,linear_attn,,1,model.layers.16.linear_attn,aten.view.default,[],decode,True
2457,linear_attn,,elementwise_mul,"[[B, 1, n_h_lin_v, d_head_lin_k], [B, 1, n_h_lin_v, d_head_lin_k]]",,,"[[B, 1, n_h_lin_v, d_head_lin_k]]",[2452],16,linear_attn,,1,model.layers.16.linear_attn,aten.mul.Tensor,[],decode,False
2458,linear_attn,,sum,"[[B, 1, n_h_lin_v, d_head_lin_k]]",,,"[[B, 1, n_h_lin_v, 1]]",[2457],16,linear_attn,,1,model.layers.16.linear_attn,aten.sum.dim_IntList,[],decode,True
2459,linear_attn,,elementwise_add,"[[B, 1, n_h_lin_v, 1]]",,,"[[B, 1, n_h_lin_v, 1]]",[2458],16,linear_attn,,1,model.layers.16.linear_attn,aten.add.Tensor,[],decode,False
2460,linear_attn,,rsqrt,"[[B, 1, n_h_lin_v, 1]]",,,"[[B, 1, n_h_lin_v, 1]]",[2459],16,linear_attn,,1,model.layers.16.linear_attn,aten.rsqrt.default,[],decode,False
2461,linear_attn,,elementwise_mul,"[[B, 1, n_h_lin_v, d_head_lin_k], [B, 1, n_h_lin_v, 1]]",,,"[[B, 1, n_h_lin_v, d_head_lin_k]]","[2452, 2460]",16,linear_attn,,1,model.layers.16.linear_attn,aten.mul.Tensor,[],decode,False
2462,linear_attn,,elementwise_mul,"[[B, 1, n_h_lin_v, d_head_lin_k], [B, 1, n_h_lin_v, d_head_lin_k]]",,,"[[B, 1, n_h_lin_v, d_head_lin_k]]",[2456],16,linear_attn,,1,model.layers.16.linear_attn,aten.mul.Tensor,[],decode,False
2463,linear_attn,,sum,"[[B, 1, n_h_lin_v, d_head_lin_k]]",,,"[[B, 1, n_h_lin_v, 1]]",[2462],16,linear_attn,,1,model.layers.16.linear_attn,aten.sum.dim_IntList,[],decode,True
2464,linear_attn,,elementwise_add,"[[B, 1, n_h_lin_v, 1]]",,,"[[B, 1, n_h_lin_v, 1]]",[2463],16,linear_attn,,1,model.layers.16.linear_attn,aten.add.Tensor,[],decode,False
2465,linear_attn,,rsqrt,"[[B, 1, n_h_lin_v, 1]]",,,"[[B, 1, n_h_lin_v, 1]]",[2464],16,linear_attn,,1,model.layers.16.linear_attn,aten.rsqrt.default,[],decode,False
2466,linear_attn,,elementwise_mul,"[[B, 1, n_h_lin_v, d_head_lin_k], [B, 1, n_h_lin_v, 1]]",,,"[[B, 1, n_h_lin_v, d_head_lin_k]]","[2456, 2465]",16,linear_attn,,1,model.layers.16.linear_attn,aten.mul.Tensor,[],decode,False
2467,linear_attn,,transpose,"[[B, 1, n_h_lin_v, d_head_lin_k]]",,,"[[B, n_h_lin_v, 1, d_head_lin_k]]",[2461],16,linear_attn,,1,model.layers.16.linear_attn,aten.transpose.int,[],decode,True
2468,linear_attn,,_to_copy,"[[B, n_h_lin_v, 1, d_head_lin_k]]",,,"[[B, n_h_lin_v, 1, d_head_lin_k]]",[2467],16,linear_attn,,1,model.layers.16.linear_attn,aten._to_copy.default,[],decode,True
2469,linear_attn,,transpose,"[[B, 1, n_h_lin_v, d_head_lin_k]]",,,"[[B, n_h_lin_v, 1, d_head_lin_k]]",[2466],16,linear_attn,,1,model.layers.16.linear_attn,aten.transpose.int,[],decode,True
2470,linear_attn,,_to_copy,"[[B, n_h_lin_v, 1, d_head_lin_k]]",,,"[[B, n_h_lin_v, 1, d_head_lin_k]]",[2469],16,linear_attn,,1,model.layers.16.linear_attn,aten._to_copy.default,[],decode,True
2471,linear_attn,,transpose,"[[B, 1, n_h_lin_v, d_head_lin_v]]",,,"[[B, n_h_lin_v, 1, d_head_lin_v]]",[2440],16,linear_attn,,1,model.layers.16.linear_attn,aten.transpose.int,[],decode,True
2472,linear_attn,,_to_copy,"[[B, n_h_lin_v, 1, d_head_lin_v]]",,,"[[B, n_h_lin_v, 1, d_head_lin_v]]",[2471],16,linear_attn,,1,model.layers.16.linear_attn,aten._to_copy.default,[],decode,True
2473,linear_attn,,transpose,"[[B, 1, n_h_lin_v]]",,,"[[B, n_h_lin_v, 1]]",[2441],16,linear_attn,,1,model.layers.16.linear_attn,aten.transpose.int,[],decode,True
2474,linear_attn,,_to_copy,"[[B, n_h_lin_v, 1]]",,,"[[B, n_h_lin_v, 1]]",[2473],16,linear_attn,,1,model.layers.16.linear_attn,aten._to_copy.default,[],decode,True
2475,linear_attn,,transpose,"[[B, 1, n_h_lin_v]]",,,"[[B, n_h_lin_v, 1]]",[2448],16,linear_attn,,1,model.layers.16.linear_attn,aten.transpose.int,[],decode,True
2476,linear_attn,,elementwise_mul,"[[B, n_h_lin_v, 1, d_head_lin_k]]",,,"[[B, n_h_lin_v, 1, d_head_lin_k]]",[2468],16,linear_attn,,1,model.layers.16.linear_attn,aten.mul.Tensor,[],decode,False
2477,linear_attn,,zeros,[],,,"[[B, n_h_lin_v, 1, d_head_lin_v]]",[],16,linear_attn,,1,model.layers.16.linear_attn,aten.zeros.default,[],decode,True
2478,linear_attn,,select,"[[B, n_h_lin_v, 1, d_head_lin_k]]",,,"[[B, n_h_lin_v, d_head_lin_k]]",[2476],16,linear_attn,,1,model.layers.16.linear_attn,aten.select.int,[],decode,True
2479,linear_attn,,select,"[[B, n_h_lin_v, 1, d_head_lin_k]]",,,"[[B, n_h_lin_v, d_head_lin_k]]",[2470],16,linear_attn,,1,model.layers.16.linear_attn,aten.select.int,[],decode,True
2480,linear_attn,,select,"[[B, n_h_lin_v, 1, d_head_lin_v]]",,,"[[B, n_h_lin_v, d_head_lin_v]]",[2472],16,linear_attn,,1,model.layers.16.linear_attn,aten.select.int,[],decode,True
2481,linear_attn,,select,"[[B, n_h_lin_v, 1]]",,,"[[B, n_h_lin_v]]",[2475],16,linear_attn,,1,model.layers.16.linear_attn,aten.select.int,[],decode,True
2482,linear_attn,,exp,"[[B, n_h_lin_v]]",,,"[[B, n_h_lin_v]]",[2481],16,linear_attn,,1,model.layers.16.linear_attn,aten.exp.default,[],decode,False
2483,linear_attn,,unsqueeze,"[[B, n_h_lin_v]]",,,"[[B, n_h_lin_v, 1]]",[2482],16,linear_attn,,1,model.layers.16.linear_attn,aten.unsqueeze.default,[],decode,True
2484,linear_attn,,unsqueeze,"[[B, n_h_lin_v, 1]]",,,"[[B, n_h_lin_v, 1, 1]]",[2483],16,linear_attn,,1,model.layers.16.linear_attn,aten.unsqueeze.default,[],decode,True
2485,linear_attn,,select,"[[B, n_h_lin_v, 1]]",,,"[[B, n_h_lin_v]]",[2474],16,linear_attn,,1,model.layers.16.linear_attn,aten.select.int,[],decode,True
2486,linear_attn,,unsqueeze,"[[B, n_h_lin_v]]",,,"[[B, n_h_lin_v, 1]]",[2485],16,linear_attn,,1,model.layers.16.linear_attn,aten.unsqueeze.default,[],decode,True
2487,linear_attn,,elementwise_mul,"[[B, n_h_lin_v, d_head_lin_k, d_head_lin_v], [B, n_h_lin_v, 1, 1]]",,,"[[B, n_h_lin_v, d_head_lin_k, d_head_lin_v]]",[2484],16,linear_attn,,1,model.layers.16.linear_attn,aten.mul.Tensor,[],decode,False
2488,linear_attn,,unsqueeze,"[[B, n_h_lin_v, d_head_lin_k]]",,,"[[B, n_h_lin_v, d_head_lin_k, 1]]",[2479],16,linear_attn,,1,model.layers.16.linear_attn,aten.unsqueeze.default,[],decode,True
2489,linear_attn,,elementwise_mul,"[[B, n_h_lin_v, d_head_lin_k, d_head_lin_v], [B, n_h_lin_v, d_head_lin_k, 1]]",,,"[[B, n_h_lin_v, d_head_lin_k, d_head_lin_v]]","[2487, 2488]",16,linear_attn,,1,model.layers.16.linear_attn,aten.mul.Tensor,[],decode,False
2490,linear_attn,,sum,"[[B, n_h_lin_v, d_head_lin_k, d_head_lin_v]]",,,"[[B, n_h_lin_v, d_head_lin_v]]",[2489],16,linear_attn,,1,model.layers.16.linear_attn,aten.sum.dim_IntList,[],decode,True
2491,linear_attn,,sub,"[[B, n_h_lin_v, d_head_lin_v], [B, n_h_lin_v, d_head_lin_v]]",,,"[[B, n_h_lin_v, d_head_lin_v]]","[2480, 2490]",16,linear_attn,,1,model.layers.16.linear_attn,aten.sub.Tensor,[],decode,True
2492,linear_attn,,elementwise_mul,"[[B, n_h_lin_v, d_head_lin_v], [B, n_h_lin_v, 1]]",,,"[[B, n_h_lin_v, d_head_lin_v]]","[2486, 2491]",16,linear_attn,,1,model.layers.16.linear_attn,aten.mul.Tensor,[],decode,False
2493,linear_attn,,unsqueeze,"[[B, n_h_lin_v, d_head_lin_k]]",,,"[[B, n_h_lin_v, d_head_lin_k, 1]]",[2479],16,linear_attn,,1,model.layers.16.linear_attn,aten.unsqueeze.default,[],decode,True
2494,linear_attn,,unsqueeze,"[[B, n_h_lin_v, d_head_lin_v]]",,,"[[B, n_h_lin_v, 1, d_head_lin_v]]",[2492],16,linear_attn,,1,model.layers.16.linear_attn,aten.unsqueeze.default,[],decode,True
2495,linear_attn,,elementwise_mul,"[[B, n_h_lin_v, d_head_lin_k, 1], [B, n_h_lin_v, 1, d_head_lin_v]]",,,"[[B, n_h_lin_v, d_head_lin_k, d_head_lin_v]]","[2493, 2494]",16,linear_attn,,1,model.layers.16.linear_attn,aten.mul.Tensor,[],decode,False
2496,linear_attn,,elementwise_add,"[[B, n_h_lin_v, d_head_lin_k, d_head_lin_v], [B, n_h_lin_v, d_head_lin_k, d_head_lin_v]]",,,"[[B, n_h_lin_v, d_head_lin_k, d_head_lin_v]]","[2487, 2495]",16,linear_attn,,1,model.layers.16.linear_attn,aten.add.Tensor,[],decode,False
2497,linear_attn,,unsqueeze,"[[B, n_h_lin_v, d_head_lin_k]]",,,"[[B, n_h_lin_v, d_head_lin_k, 1]]",[2478],16,linear_attn,,1,model.layers.16.linear_attn,aten.unsqueeze.default,[],decode,True
2498,linear_attn,,elementwise_mul,"[[B, n_h_lin_v, d_head_lin_k, d_head_lin_v], [B, n_h_lin_v, d_head_lin_k, 1]]",,,"[[B, n_h_lin_v, d_head_lin_k, d_head_lin_v]]","[2496, 2497]",16,linear_attn,,1,model.layers.16.linear_attn,aten.mul.Tensor,[],decode,False
2499,linear_attn,,sum,"[[B, n_h_lin_v, d_head_lin_k, d_head_lin_v]]",,,"[[B, n_h_lin_v, d_head_lin_v]]",[2498],16,linear_attn,,1,model.layers.16.linear_attn,aten.sum.dim_IntList,[],decode,True
2500,linear_attn,,select,"[[B, n_h_lin_v, 1, d_head_lin_v]]",,,"[[B, n_h_lin_v, d_head_lin_v]]",[2477],16,linear_attn,,1,model.layers.16.linear_attn,aten.select.int,[],decode,True
2501,linear_attn,,copy_,"[[B, n_h_lin_v, d_head_lin_v], [B, n_h_lin_v, d_head_lin_v]]",,,"[[B, n_h_lin_v, d_head_lin_v]]","[2499, 2500]",16,linear_attn,,1,model.layers.16.linear_attn,aten.copy_.default,[],decode,True
2502,linear_attn,,transpose,"[[B, n_h_lin_v, 1, d_head_lin_v]]",,,"[[B, 1, n_h_lin_v, d_head_lin_v]]",[2477],16,linear_attn,,1,model.layers.16.linear_attn,aten.transpose.int,[],decode,True
2503,linear_attn,,_to_copy,"[[B, 1, n_h_lin_v, d_head_lin_v]]",,,"[[B, 1, n_h_lin_v, d_head_lin_v]]",[2502],16,linear_attn,,1,model.layers.16.linear_attn,aten._to_copy.default,[],decode,True
2504,linear_attn,,copy_,"[[B, n_h_lin_v, d_head_lin_k, d_head_lin_v], [B, n_h_lin_v, d_head_lin_k, d_head_lin_v]]",,,"[[B, n_h_lin_v, d_head_lin_k, d_head_lin_v]]",[2496],16,linear_attn,,1,model.layers.16.linear_attn,aten.copy_.default,[],decode,True
2505,linear_attn,,view,"[[B, 1, n_h_lin_v, d_head_lin_v]]",,,"[[n_h_lin_v, d_head_lin_v]]",[2503],16,linear_attn,,1,model.layers.16.linear_attn,aten.view.default,[],decode,True
2506,linear_attn,,view,"[[B, 1, n_h_lin_v, d_head_lin_v]]",,,"[[n_h_lin_v, d_head_lin_v]]",[2419],16,linear_attn,,1,model.layers.16.linear_attn,aten.view.default,[],decode,True
2507,linear_attn,norm,_to_copy,"[[n_h_lin_v, d_head_lin_v]]",,,"[[n_h_lin_v, d_head_lin_v]]",[2505],16,linear_attn,norm,2,model.layers.16.linear_attn.norm,aten._to_copy.default,[],decode,True
2508,linear_attn,norm,pow,"[[n_h_lin_v, d_head_lin_v]]",,,"[[n_h_lin_v, d_head_lin_v]]",[2507],16,linear_attn,norm,2,model.layers.16.linear_attn.norm,aten.pow.Tensor_Scalar,[],decode,False
2509,linear_attn,norm,mean,"[[n_h_lin_v, d_head_lin_v]]",,,"[[n_h_lin_v, B]]",[2508],16,linear_attn,norm,2,model.layers.16.linear_attn.norm,aten.mean.dim,[],decode,False
2510,linear_attn,norm,elementwise_add,"[[n_h_lin_v, B]]",,,"[[n_h_lin_v, B]]",[2509],16,linear_attn,norm,2,model.layers.16.linear_attn.norm,aten.add.Tensor,[],decode,False
2511,linear_attn,norm,rsqrt,"[[n_h_lin_v, B]]",,,"[[n_h_lin_v, B]]",[2510],16,linear_attn,norm,2,model.layers.16.linear_attn.norm,aten.rsqrt.default,[],decode,False
2512,linear_attn,norm,elementwise_mul,"[[n_h_lin_v, d_head_lin_v], [n_h_lin_v, B]]",,,"[[n_h_lin_v, d_head_lin_v]]","[2507, 2511]",16,linear_attn,norm,2,model.layers.16.linear_attn.norm,aten.mul.Tensor,[],decode,False
2513,linear_attn,norm,_to_copy,"[[n_h_lin_v, d_head_lin_v]]",,,"[[n_h_lin_v, d_head_lin_v]]",[2512],16,linear_attn,norm,2,model.layers.16.linear_attn.norm,aten._to_copy.default,[],decode,True
2514,linear_attn,norm,elementwise_mul,"[[d_head_lin_v], [n_h_lin_v, d_head_lin_v]]",,,"[[n_h_lin_v, d_head_lin_v]]",[2513],16,linear_attn,norm,2,model.layers.16.linear_attn.norm,aten.mul.Tensor,[model.layers.16.linear_attn.norm.weight],decode,False
2515,linear_attn,norm,_to_copy,"[[n_h_lin_v, d_head_lin_v]]",,,"[[n_h_lin_v, d_head_lin_v]]",[2506],16,linear_attn,norm,2,model.layers.16.linear_attn.norm,aten._to_copy.default,[],decode,True
2516,linear_attn,norm,silu,"[[n_h_lin_v, d_head_lin_v]]",,,"[[n_h_lin_v, d_head_lin_v]]",[2515],16,linear_attn,norm,2,model.layers.16.linear_attn.norm,aten.silu.default,[],decode,False
2517,linear_attn,norm,elementwise_mul,"[[n_h_lin_v, d_head_lin_v], [n_h_lin_v, d_head_lin_v]]",,,"[[n_h_lin_v, d_head_lin_v]]","[2514, 2516]",16,linear_attn,norm,2,model.layers.16.linear_attn.norm,aten.mul.Tensor,[],decode,False
2518,linear_attn,norm,_to_copy,"[[n_h_lin_v, d_head_lin_v]]",,,"[[n_h_lin_v, d_head_lin_v]]",[2517],16,linear_attn,norm,2,model.layers.16.linear_attn.norm,aten._to_copy.default,[],decode,True
2519,linear_attn,,view,"[[n_h_lin_v, d_head_lin_v]]",,,"[[B, 1, n_v*d_v]]",[2518],16,linear_attn,,1,model.layers.16.linear_attn,aten.view.default,[],decode,True
2520,linear_attn,out_proj,t,"[[d_model, n_v*d_v]]","[d_model, n_v*d_v]",0,"[[n_v*d_v, d_model]]",[],16,linear_attn,out_proj,2,model.layers.16.linear_attn.out_proj,aten.t.default,[model.layers.16.linear_attn.out_proj.weight],decode,True
2521,linear_attn,out_proj,view,"[[B, 1, n_v*d_v]]",,,"[[B, n_v*d_v]]",[2519],16,linear_attn,out_proj,2,model.layers.16.linear_attn.out_proj,aten.view.default,[],decode,True
2522,linear_attn,out_proj,matmul,"[[B, n_v*d_v], [n_v*d_v, d_model]]","[d_model, n_v*d_v]",1,"[[B, d_model]]","[2520, 2521]",16,linear_attn,out_proj,2,model.layers.16.linear_attn.out_proj,aten.mm.default,[model.layers.16.linear_attn.out_proj.weight],decode,False
2523,linear_attn,out_proj,_unsafe_view,"[[B, d_model]]",,,"[[B, 1, d_model]]",[2522],16,linear_attn,out_proj,2,model.layers.16.linear_attn.out_proj,aten._unsafe_view.default,[],decode,True
2524,,,elementwise_add,"[[B, 1, d_model], [B, 1, d_model]]",,,"[[B, 1, d_model]]","[2399, 2523]",16,,,0,model.layers.16,aten.add.Tensor,[],decode,False
2525,post_attention_layernorm,,_to_copy,"[[B, 1, d_model]]",,,"[[B, 1, d_model]]",[2524],16,post_attention_layernorm,,1,model.layers.16.post_attention_layernorm,aten._to_copy.default,[],decode,True
2526,post_attention_layernorm,,pow,"[[B, 1, d_model]]",,,"[[B, 1, d_model]]",[2525],16,post_attention_layernorm,,1,model.layers.16.post_attention_layernorm,aten.pow.Tensor_Scalar,[],decode,False
2527,post_attention_layernorm,,mean,"[[B, 1, d_model]]",,,"[[B, 1, 1]]",[2526],16,post_attention_layernorm,,1,model.layers.16.post_attention_layernorm,aten.mean.dim,[],decode,False
2528,post_attention_layernorm,,elementwise_add,"[[B, 1, 1]]",,,"[[B, 1, 1]]",[2527],16,post_attention_layernorm,,1,model.layers.16.post_attention_layernorm,aten.add.Tensor,[],decode,False
2529,post_attention_layernorm,,rsqrt,"[[B, 1, 1]]",,,"[[B, 1, 1]]",[2528],16,post_attention_layernorm,,1,model.layers.16.post_attention_layernorm,aten.rsqrt.default,[],decode,False
2530,post_attention_layernorm,,elementwise_mul,"[[B, 1, d_model], [B, 1, 1]]",,,"[[B, 1, d_model]]","[2525, 2529]",16,post_attention_layernorm,,1,model.layers.16.post_attention_layernorm,aten.mul.Tensor,[],decode,False
2531,post_attention_layernorm,,_to_copy,[[d_model]],,,[[d_model]],[],16,post_attention_layernorm,,1,model.layers.16.post_attention_layernorm,aten._to_copy.default,[model.layers.16.post_attention_layernorm.weight],decode,True
2532,post_attention_layernorm,,elementwise_add,[[d_model]],,,[[d_model]],[2531],16,post_attention_layernorm,,1,model.layers.16.post_attention_layernorm,aten.add.Tensor,[model.layers.16.post_attention_layernorm.weight],decode,False
2533,post_attention_layernorm,,elementwise_mul,"[[B, 1, d_model], [d_model]]",,,"[[B, 1, d_model]]","[2530, 2532]",16,post_attention_layernorm,,1,model.layers.16.post_attention_layernorm,aten.mul.Tensor,[],decode,False
2534,post_attention_layernorm,,_to_copy,"[[B, 1, d_model]]",,,"[[B, 1, d_model]]",[2533],16,post_attention_layernorm,,1,model.layers.16.post_attention_layernorm,aten._to_copy.default,[],decode,True
2535,mlp,gate_proj,t,"[[d_ff, d_model]]","[d_ff, d_model]",0,"[[d_model, d_ff]]",[],16,mlp,gate_proj,2,model.layers.16.mlp.gate_proj,aten.t.default,[model.layers.16.mlp.gate_proj.weight],decode,True
2536,mlp,gate_proj,view,"[[B, 1, d_model]]",,,"[[B, d_model]]",[2534],16,mlp,gate_proj,2,model.layers.16.mlp.gate_proj,aten.view.default,[],decode,True
2537,mlp,gate_proj,matmul,"[[B, d_model], [d_model, d_ff]]","[d_ff, d_model]",1,"[[B, d_ff]]","[2535, 2536]",16,mlp,gate_proj,2,model.layers.16.mlp.gate_proj,aten.mm.default,[model.layers.16.mlp.gate_proj.weight],decode,False
2538,mlp,gate_proj,_unsafe_view,"[[B, d_ff]]",,,"[[B, 1, d_ff]]",[2537],16,mlp,gate_proj,2,model.layers.16.mlp.gate_proj,aten._unsafe_view.default,[],decode,True
2539,mlp,act_fn,silu,"[[B, 1, d_ff]]",,,"[[B, 1, d_ff]]",[2538],16,mlp,act_fn,2,model.layers.16.mlp.act_fn,aten.silu.default,[],decode,False
2540,mlp,up_proj,t,"[[d_ff, d_model]]","[d_ff, d_model]",0,"[[d_model, d_ff]]",[],16,mlp,up_proj,2,model.layers.16.mlp.up_proj,aten.t.default,[model.layers.16.mlp.up_proj.weight],decode,True
2541,mlp,up_proj,view,"[[B, 1, d_model]]",,,"[[B, d_model]]",[2534],16,mlp,up_proj,2,model.layers.16.mlp.up_proj,aten.view.default,[],decode,True
2542,mlp,up_proj,matmul,"[[B, d_model], [d_model, d_ff]]","[d_ff, d_model]",1,"[[B, d_ff]]","[2540, 2541]",16,mlp,up_proj,2,model.layers.16.mlp.up_proj,aten.mm.default,[model.layers.16.mlp.up_proj.weight],decode,False
2543,mlp,up_proj,_unsafe_view,"[[B, d_ff]]",,,"[[B, 1, d_ff]]",[2542],16,mlp,up_proj,2,model.layers.16.mlp.up_proj,aten._unsafe_view.default,[],decode,True
2544,mlp,,elementwise_mul,"[[B, 1, d_ff], [B, 1, d_ff]]",,,"[[B, 1, d_ff]]","[2539, 2543]",16,mlp,,1,model.layers.16.mlp,aten.mul.Tensor,[],decode,False
2545,mlp,down_proj,t,"[[d_model, d_ff]]","[d_model, d_ff]",0,"[[d_ff, d_model]]",[],16,mlp,down_proj,2,model.layers.16.mlp.down_proj,aten.t.default,[model.layers.16.mlp.down_proj.weight],decode,True
2546,mlp,down_proj,view,"[[B, 1, d_ff]]",,,"[[B, d_ff]]",[2544],16,mlp,down_proj,2,model.layers.16.mlp.down_proj,aten.view.default,[],decode,True
2547,mlp,down_proj,matmul,"[[B, d_ff], [d_ff, d_model]]","[d_model, d_ff]",1,"[[B, d_model]]","[2545, 2546]",16,mlp,down_proj,2,model.layers.16.mlp.down_proj,aten.mm.default,[model.layers.16.mlp.down_proj.weight],decode,False
2548,mlp,down_proj,_unsafe_view,"[[B, d_model]]",,,"[[B, 1, d_model]]",[2547],16,mlp,down_proj,2,model.layers.16.mlp.down_proj,aten._unsafe_view.default,[],decode,True
2549,,,elementwise_add,"[[B, 1, d_model], [B, 1, d_model]]",,,"[[B, 1, d_model]]","[2524, 2548]",16,,,0,model.layers.16,aten.add.Tensor,[],decode,False
2550,input_layernorm,,_to_copy,"[[B, 1, d_model]]",,,"[[B, 1, d_model]]",[2549],17,input_layernorm,,1,model.layers.17.input_layernorm,aten._to_copy.default,[],decode,True
2551,input_layernorm,,pow,"[[B, 1, d_model]]",,,"[[B, 1, d_model]]",[2550],17,input_layernorm,,1,model.layers.17.input_layernorm,aten.pow.Tensor_Scalar,[],decode,False
2552,input_layernorm,,mean,"[[B, 1, d_model]]",,,"[[B, 1, 1]]",[2551],17,input_layernorm,,1,model.layers.17.input_layernorm,aten.mean.dim,[],decode,False
2553,input_layernorm,,elementwise_add,"[[B, 1, 1]]",,,"[[B, 1, 1]]",[2552],17,input_layernorm,,1,model.layers.17.input_layernorm,aten.add.Tensor,[],decode,False
2554,input_layernorm,,rsqrt,"[[B, 1, 1]]",,,"[[B, 1, 1]]",[2553],17,input_layernorm,,1,model.layers.17.input_layernorm,aten.rsqrt.default,[],decode,False
2555,input_layernorm,,elementwise_mul,"[[B, 1, d_model], [B, 1, 1]]",,,"[[B, 1, d_model]]","[2550, 2554]",17,input_layernorm,,1,model.layers.17.input_layernorm,aten.mul.Tensor,[],decode,False
2556,input_layernorm,,_to_copy,[[d_model]],,,[[d_model]],[],17,input_layernorm,,1,model.layers.17.input_layernorm,aten._to_copy.default,[model.layers.17.input_layernorm.weight],decode,True
2557,input_layernorm,,elementwise_add,[[d_model]],,,[[d_model]],[2556],17,input_layernorm,,1,model.layers.17.input_layernorm,aten.add.Tensor,[model.layers.17.input_layernorm.weight],decode,False
2558,input_layernorm,,elementwise_mul,"[[B, 1, d_model], [d_model]]",,,"[[B, 1, d_model]]","[2555, 2557]",17,input_layernorm,,1,model.layers.17.input_layernorm,aten.mul.Tensor,[],decode,False
2559,input_layernorm,,_to_copy,"[[B, 1, d_model]]",,,"[[B, 1, d_model]]",[2558],17,input_layernorm,,1,model.layers.17.input_layernorm,aten._to_copy.default,[],decode,True
2560,linear_attn,in_proj_qkv,t,"[[2*d_k_lin+d_v_lin, d_model]]","[2*d_k_lin+d_v_lin, d_model]",0,"[[d_model, 2*d_k_lin+d_v_lin]]",[],17,linear_attn,in_proj_qkv,2,model.layers.17.linear_attn.in_proj_qkv,aten.t.default,[model.layers.17.linear_attn.in_proj_qkv.weight],decode,True
2561,linear_attn,in_proj_qkv,view,"[[B, 1, d_model]]",,,"[[B, d_model]]",[2559],17,linear_attn,in_proj_qkv,2,model.layers.17.linear_attn.in_proj_qkv,aten.view.default,[],decode,True
2562,linear_attn,in_proj_qkv,matmul,"[[B, d_model], [d_model, 2*d_k_lin+d_v_lin]]","[2*d_k_lin+d_v_lin, d_model]",1,"[[B, 2*d_k_lin+d_v_lin]]","[2560, 2561]",17,linear_attn,in_proj_qkv,2,model.layers.17.linear_attn.in_proj_qkv,aten.mm.default,[model.layers.17.linear_attn.in_proj_qkv.weight],decode,False
2563,linear_attn,in_proj_qkv,_unsafe_view,"[[B, 2*d_k_lin+d_v_lin]]",,,"[[B, 1, 2*d_k_lin+d_v_lin]]",[2562],17,linear_attn,in_proj_qkv,2,model.layers.17.linear_attn.in_proj_qkv,aten._unsafe_view.default,[],decode,True
2564,linear_attn,,transpose,"[[B, 1, 2*d_k_lin+d_v_lin]]",,,"[[B, 2*d_k_lin+d_v_lin, 1]]",[2563],17,linear_attn,,1,model.layers.17.linear_attn,aten.transpose.int,[],decode,True
2565,linear_attn,in_proj_z,t,"[[n_v*d_v, d_model]]","[n_v*d_v, d_model]",0,"[[d_model, n_v*d_v]]",[],17,linear_attn,in_proj_z,2,model.layers.17.linear_attn.in_proj_z,aten.t.default,[model.layers.17.linear_attn.in_proj_z.weight],decode,True
2566,linear_attn,in_proj_z,view,"[[B, 1, d_model]]",,,"[[B, d_model]]",[2559],17,linear_attn,in_proj_z,2,model.layers.17.linear_attn.in_proj_z,aten.view.default,[],decode,True
2567,linear_attn,in_proj_z,matmul,"[[B, d_model], [d_model, n_v*d_v]]","[n_v*d_v, d_model]",1,"[[B, n_v*d_v]]","[2565, 2566]",17,linear_attn,in_proj_z,2,model.layers.17.linear_attn.in_proj_z,aten.mm.default,[model.layers.17.linear_attn.in_proj_z.weight],decode,False
2568,linear_attn,in_proj_z,_unsafe_view,"[[B, n_v*d_v]]",,,"[[B, 1, n_v*d_v]]",[2567],17,linear_attn,in_proj_z,2,model.layers.17.linear_attn.in_proj_z,aten._unsafe_view.default,[],decode,True
2569,linear_attn,,view,"[[B, 1, n_v*d_v]]",,,"[[B, 1, n_h_lin_v, d_head_lin_v]]",[2568],17,linear_attn,,1,model.layers.17.linear_attn,aten.view.default,[],decode,True
2570,linear_attn,in_proj_b,t,"[[n_h_lin_v, d_model]]","[n_h_lin_v, d_model]",0,"[[d_model, n_h_lin_v]]",[],17,linear_attn,in_proj_b,2,model.layers.17.linear_attn.in_proj_b,aten.t.default,[model.layers.17.linear_attn.in_proj_b.weight],decode,True
2571,linear_attn,in_proj_b,view,"[[B, 1, d_model]]",,,"[[B, d_model]]",[2559],17,linear_attn,in_proj_b,2,model.layers.17.linear_attn.in_proj_b,aten.view.default,[],decode,True
2572,linear_attn,in_proj_b,matmul,"[[B, d_model], [d_model, n_h_lin_v]]","[n_h_lin_v, d_model]",1,"[[B, n_h_lin_v]]","[2570, 2571]",17,linear_attn,in_proj_b,2,model.layers.17.linear_attn.in_proj_b,aten.mm.default,[model.layers.17.linear_attn.in_proj_b.weight],decode,False
2573,linear_attn,in_proj_b,_unsafe_view,"[[B, n_h_lin_v]]",,,"[[B, 1, n_h_lin_v]]",[2572],17,linear_attn,in_proj_b,2,model.layers.17.linear_attn.in_proj_b,aten._unsafe_view.default,[],decode,True
2574,linear_attn,in_proj_a,t,"[[n_h_lin_v, d_model]]","[n_h_lin_v, d_model]",0,"[[d_model, n_h_lin_v]]",[],17,linear_attn,in_proj_a,2,model.layers.17.linear_attn.in_proj_a,aten.t.default,[model.layers.17.linear_attn.in_proj_a.weight],decode,True
2575,linear_attn,in_proj_a,view,"[[B, 1, d_model]]",,,"[[B, d_model]]",[2559],17,linear_attn,in_proj_a,2,model.layers.17.linear_attn.in_proj_a,aten.view.default,[],decode,True
2576,linear_attn,in_proj_a,matmul,"[[B, d_model], [d_model, n_h_lin_v]]","[n_h_lin_v, d_model]",1,"[[B, n_h_lin_v]]","[2574, 2575]",17,linear_attn,in_proj_a,2,model.layers.17.linear_attn.in_proj_a,aten.mm.default,[model.layers.17.linear_attn.in_proj_a.weight],decode,False
2577,linear_attn,in_proj_a,_unsafe_view,"[[B, n_h_lin_v]]",,,"[[B, 1, n_h_lin_v]]",[2576],17,linear_attn,in_proj_a,2,model.layers.17.linear_attn.in_proj_a,aten._unsafe_view.default,[],decode,True
2578,linear_attn,,squeeze,"[[2*d_k_lin+d_v_lin, 1, d_conv_lin]]","[2*d_k_lin+d_v_lin, 1, d_conv_lin]",0,"[[2*d_k_lin+d_v_lin, d_conv_lin]]",[],17,linear_attn,,1,model.layers.17.linear_attn,aten.squeeze.dim,[model.layers.17.linear_attn.conv1d.weight],decode,True
2579,linear_attn,,concat,"[[B, 2*d_k_lin+d_v_lin, d_conv_lin], [B, 2*d_k_lin+d_v_lin, 1]]",,,"[[B, 2*d_k_lin+d_v_lin, 5]]",[2564],17,linear_attn,,1,model.layers.17.linear_attn,aten.cat.default,[],decode,False
2580,linear_attn,,slice,"[[B, 2*d_k_lin+d_v_lin, 5]]",,,"[[B, 2*d_k_lin+d_v_lin, d_conv_lin]]",[2579],17,linear_attn,,1,model.layers.17.linear_attn,aten.slice.Tensor,[],decode,True
2581,linear_attn,,copy_,"[[B, 2*d_k_lin+d_v_lin, d_conv_lin], [B, 2*d_k_lin+d_v_lin, d_conv_lin]]",,,"[[B, 2*d_k_lin+d_v_lin, d_conv_lin]]",[2580],17,linear_attn,,1,model.layers.17.linear_attn,aten.copy_.default,[],decode,True
2582,linear_attn,,unsqueeze,"[[2*d_k_lin+d_v_lin, d_conv_lin]]",,,"[[2*d_k_lin+d_v_lin, 1, d_conv_lin]]",[2578],17,linear_attn,,1,model.layers.17.linear_attn,aten.unsqueeze.default,[],decode,True
2583,linear_attn,,conv1d,"[[B, 2*d_k_lin+d_v_lin, 5], [2*d_k_lin+d_v_lin, 1, d_conv_lin]]",,,"[[B, 2*d_k_lin+d_v_lin, 2]]","[2579, 2582]",17,linear_attn,,1,model.layers.17.linear_attn,aten.convolution.default,[],decode,False
2584,linear_attn,,slice,"[[B, 2*d_k_lin+d_v_lin, 2]]",,,"[[B, 2*d_k_lin+d_v_lin, 1]]",[2583],17,linear_attn,,1,model.layers.17.linear_attn,aten.slice.Tensor,[],decode,True
2585,linear_attn,,silu,"[[B, 2*d_k_lin+d_v_lin, 1]]",,,"[[B, 2*d_k_lin+d_v_lin, 1]]",[2584],17,linear_attn,,1,model.layers.17.linear_attn,aten.silu.default,[],decode,False
2586,linear_attn,,transpose,"[[B, 2*d_k_lin+d_v_lin, 1]]",,,"[[B, 1, 2*d_k_lin+d_v_lin]]",[2585],17,linear_attn,,1,model.layers.17.linear_attn,aten.transpose.int,[],decode,True
2587,linear_attn,,split_with_sizes,"[[B, 1, 2*d_k_lin+d_v_lin]]",,,"[[B, 1, n_k*d_k], [B, 1, n_k*d_k], [B, 1, n_v*d_v]]",[2586],17,linear_attn,,1,model.layers.17.linear_attn,aten.split_with_sizes.default,[],decode,True
2588,linear_attn,,view,"[[B, 1, n_k*d_k]]",,,"[[B, 1, n_h_lin_k, d_head_lin_k]]",[2587],17,linear_attn,,1,model.layers.17.linear_attn,aten.view.default,[],decode,True
2589,linear_attn,,view,"[[B, 1, n_k*d_k]]",,,"[[B, 1, n_h_lin_k, d_head_lin_k]]",[2587],17,linear_attn,,1,model.layers.17.linear_attn,aten.view.default,[],decode,True
2590,linear_attn,,view,"[[B, 1, n_v*d_v]]",,,"[[B, 1, n_h_lin_v, d_head_lin_v]]",[2587],17,linear_attn,,1,model.layers.17.linear_attn,aten.view.default,[],decode,True
2591,linear_attn,,sigmoid,"[[B, 1, n_h_lin_v]]",,,"[[B, 1, n_h_lin_v]]",[2573],17,linear_attn,,1,model.layers.17.linear_attn,aten.sigmoid.default,[],decode,False
2592,linear_attn,,_to_copy,[[n_h_lin_v]],,,[[n_h_lin_v]],[],17,linear_attn,,1,model.layers.17.linear_attn,aten._to_copy.default,[model.layers.17.linear_attn.A_log],decode,True
2593,linear_attn,,exp,[[n_h_lin_v]],,,[[n_h_lin_v]],[2592],17,linear_attn,,1,model.layers.17.linear_attn,aten.exp.default,[model.layers.17.linear_attn.A_log],decode,False
2594,linear_attn,,neg,[[n_h_lin_v]],,,[[n_h_lin_v]],[2593],17,linear_attn,,1,model.layers.17.linear_attn,aten.neg.default,[],decode,False
2595,linear_attn,,_to_copy,"[[B, 1, n_h_lin_v]]",,,"[[B, 1, n_h_lin_v]]",[2577],17,linear_attn,,1,model.layers.17.linear_attn,aten._to_copy.default,[],decode,True
2596,linear_attn,,elementwise_add,"[[B, 1, n_h_lin_v], [n_h_lin_v]]",,,"[[B, 1, n_h_lin_v]]",[2595],17,linear_attn,,1,model.layers.17.linear_attn,aten.add.Tensor,[model.layers.17.linear_attn.dt_bias],decode,False
2597,linear_attn,,softplus,"[[B, 1, n_h_lin_v]]",,,"[[B, 1, n_h_lin_v]]",[2596],17,linear_attn,,1,model.layers.17.linear_attn,aten.softplus.default,[],decode,True
2598,linear_attn,,elementwise_mul,"[[n_h_lin_v], [B, 1, n_h_lin_v]]",,,"[[B, 1, n_h_lin_v]]","[2594, 2597]",17,linear_attn,,1,model.layers.17.linear_attn,aten.mul.Tensor,[],decode,False
2599,linear_attn,,unsqueeze,"[[B, 1, n_h_lin_k, d_head_lin_k]]",,,"[[B, 1, n_h_lin_k, 1, d_head_lin_k]]",[2588],17,linear_attn,,1,model.layers.17.linear_attn,aten.unsqueeze.default,[],decode,True
2600,linear_attn,,expand,"[[B, 1, n_h_lin_k, 1, d_head_lin_k]]",,,"[[B, 1, n_h_lin_k, n_v/n_k, d_head_lin_k]]",[2599],17,linear_attn,,1,model.layers.17.linear_attn,aten.expand.default,[],decode,True
2601,linear_attn,,clone,"[[B, 1, n_h_lin_k, n_v/n_k, d_head_lin_k]]",,,"[[B, 1, n_h_lin_k, n_v/n_k, d_head_lin_k]]",[2600],17,linear_attn,,1,model.layers.17.linear_attn,aten.clone.default,[],decode,True
2602,linear_attn,,view,"[[B, 1, n_h_lin_k, n_v/n_k, d_head_lin_k]]",,,"[[B, 1, n_h_lin_v, d_head_lin_k]]",[2601],17,linear_attn,,1,model.layers.17.linear_attn,aten.view.default,[],decode,True
2603,linear_attn,,unsqueeze,"[[B, 1, n_h_lin_k, d_head_lin_k]]",,,"[[B, 1, n_h_lin_k, 1, d_head_lin_k]]",[2589],17,linear_attn,,1,model.layers.17.linear_attn,aten.unsqueeze.default,[],decode,True
2604,linear_attn,,expand,"[[B, 1, n_h_lin_k, 1, d_head_lin_k]]",,,"[[B, 1, n_h_lin_k, n_v/n_k, d_head_lin_k]]",[2603],17,linear_attn,,1,model.layers.17.linear_attn,aten.expand.default,[],decode,True
2605,linear_attn,,clone,"[[B, 1, n_h_lin_k, n_v/n_k, d_head_lin_k]]",,,"[[B, 1, n_h_lin_k, n_v/n_k, d_head_lin_k]]",[2604],17,linear_attn,,1,model.layers.17.linear_attn,aten.clone.default,[],decode,True
2606,linear_attn,,view,"[[B, 1, n_h_lin_k, n_v/n_k, d_head_lin_k]]",,,"[[B, 1, n_h_lin_v, d_head_lin_k]]",[2605],17,linear_attn,,1,model.layers.17.linear_attn,aten.view.default,[],decode,True
2607,linear_attn,,elementwise_mul,"[[B, 1, n_h_lin_v, d_head_lin_k], [B, 1, n_h_lin_v, d_head_lin_k]]",,,"[[B, 1, n_h_lin_v, d_head_lin_k]]",[2602],17,linear_attn,,1,model.layers.17.linear_attn,aten.mul.Tensor,[],decode,False
2608,linear_attn,,sum,"[[B, 1, n_h_lin_v, d_head_lin_k]]",,,"[[B, 1, n_h_lin_v, 1]]",[2607],17,linear_attn,,1,model.layers.17.linear_attn,aten.sum.dim_IntList,[],decode,True
2609,linear_attn,,elementwise_add,"[[B, 1, n_h_lin_v, 1]]",,,"[[B, 1, n_h_lin_v, 1]]",[2608],17,linear_attn,,1,model.layers.17.linear_attn,aten.add.Tensor,[],decode,False
2610,linear_attn,,rsqrt,"[[B, 1, n_h_lin_v, 1]]",,,"[[B, 1, n_h_lin_v, 1]]",[2609],17,linear_attn,,1,model.layers.17.linear_attn,aten.rsqrt.default,[],decode,False
2611,linear_attn,,elementwise_mul,"[[B, 1, n_h_lin_v, d_head_lin_k], [B, 1, n_h_lin_v, 1]]",,,"[[B, 1, n_h_lin_v, d_head_lin_k]]","[2602, 2610]",17,linear_attn,,1,model.layers.17.linear_attn,aten.mul.Tensor,[],decode,False
2612,linear_attn,,elementwise_mul,"[[B, 1, n_h_lin_v, d_head_lin_k], [B, 1, n_h_lin_v, d_head_lin_k]]",,,"[[B, 1, n_h_lin_v, d_head_lin_k]]",[2606],17,linear_attn,,1,model.layers.17.linear_attn,aten.mul.Tensor,[],decode,False
2613,linear_attn,,sum,"[[B, 1, n_h_lin_v, d_head_lin_k]]",,,"[[B, 1, n_h_lin_v, 1]]",[2612],17,linear_attn,,1,model.layers.17.linear_attn,aten.sum.dim_IntList,[],decode,True
2614,linear_attn,,elementwise_add,"[[B, 1, n_h_lin_v, 1]]",,,"[[B, 1, n_h_lin_v, 1]]",[2613],17,linear_attn,,1,model.layers.17.linear_attn,aten.add.Tensor,[],decode,False
2615,linear_attn,,rsqrt,"[[B, 1, n_h_lin_v, 1]]",,,"[[B, 1, n_h_lin_v, 1]]",[2614],17,linear_attn,,1,model.layers.17.linear_attn,aten.rsqrt.default,[],decode,False
2616,linear_attn,,elementwise_mul,"[[B, 1, n_h_lin_v, d_head_lin_k], [B, 1, n_h_lin_v, 1]]",,,"[[B, 1, n_h_lin_v, d_head_lin_k]]","[2606, 2615]",17,linear_attn,,1,model.layers.17.linear_attn,aten.mul.Tensor,[],decode,False
2617,linear_attn,,transpose,"[[B, 1, n_h_lin_v, d_head_lin_k]]",,,"[[B, n_h_lin_v, 1, d_head_lin_k]]",[2611],17,linear_attn,,1,model.layers.17.linear_attn,aten.transpose.int,[],decode,True
2618,linear_attn,,_to_copy,"[[B, n_h_lin_v, 1, d_head_lin_k]]",,,"[[B, n_h_lin_v, 1, d_head_lin_k]]",[2617],17,linear_attn,,1,model.layers.17.linear_attn,aten._to_copy.default,[],decode,True
2619,linear_attn,,transpose,"[[B, 1, n_h_lin_v, d_head_lin_k]]",,,"[[B, n_h_lin_v, 1, d_head_lin_k]]",[2616],17,linear_attn,,1,model.layers.17.linear_attn,aten.transpose.int,[],decode,True
2620,linear_attn,,_to_copy,"[[B, n_h_lin_v, 1, d_head_lin_k]]",,,"[[B, n_h_lin_v, 1, d_head_lin_k]]",[2619],17,linear_attn,,1,model.layers.17.linear_attn,aten._to_copy.default,[],decode,True
2621,linear_attn,,transpose,"[[B, 1, n_h_lin_v, d_head_lin_v]]",,,"[[B, n_h_lin_v, 1, d_head_lin_v]]",[2590],17,linear_attn,,1,model.layers.17.linear_attn,aten.transpose.int,[],decode,True
2622,linear_attn,,_to_copy,"[[B, n_h_lin_v, 1, d_head_lin_v]]",,,"[[B, n_h_lin_v, 1, d_head_lin_v]]",[2621],17,linear_attn,,1,model.layers.17.linear_attn,aten._to_copy.default,[],decode,True
2623,linear_attn,,transpose,"[[B, 1, n_h_lin_v]]",,,"[[B, n_h_lin_v, 1]]",[2591],17,linear_attn,,1,model.layers.17.linear_attn,aten.transpose.int,[],decode,True
2624,linear_attn,,_to_copy,"[[B, n_h_lin_v, 1]]",,,"[[B, n_h_lin_v, 1]]",[2623],17,linear_attn,,1,model.layers.17.linear_attn,aten._to_copy.default,[],decode,True
2625,linear_attn,,transpose,"[[B, 1, n_h_lin_v]]",,,"[[B, n_h_lin_v, 1]]",[2598],17,linear_attn,,1,model.layers.17.linear_attn,aten.transpose.int,[],decode,True
2626,linear_attn,,elementwise_mul,"[[B, n_h_lin_v, 1, d_head_lin_k]]",,,"[[B, n_h_lin_v, 1, d_head_lin_k]]",[2618],17,linear_attn,,1,model.layers.17.linear_attn,aten.mul.Tensor,[],decode,False
2627,linear_attn,,zeros,[],,,"[[B, n_h_lin_v, 1, d_head_lin_v]]",[],17,linear_attn,,1,model.layers.17.linear_attn,aten.zeros.default,[],decode,True
2628,linear_attn,,select,"[[B, n_h_lin_v, 1, d_head_lin_k]]",,,"[[B, n_h_lin_v, d_head_lin_k]]",[2626],17,linear_attn,,1,model.layers.17.linear_attn,aten.select.int,[],decode,True
2629,linear_attn,,select,"[[B, n_h_lin_v, 1, d_head_lin_k]]",,,"[[B, n_h_lin_v, d_head_lin_k]]",[2620],17,linear_attn,,1,model.layers.17.linear_attn,aten.select.int,[],decode,True
2630,linear_attn,,select,"[[B, n_h_lin_v, 1, d_head_lin_v]]",,,"[[B, n_h_lin_v, d_head_lin_v]]",[2622],17,linear_attn,,1,model.layers.17.linear_attn,aten.select.int,[],decode,True
2631,linear_attn,,select,"[[B, n_h_lin_v, 1]]",,,"[[B, n_h_lin_v]]",[2625],17,linear_attn,,1,model.layers.17.linear_attn,aten.select.int,[],decode,True
2632,linear_attn,,exp,"[[B, n_h_lin_v]]",,,"[[B, n_h_lin_v]]",[2631],17,linear_attn,,1,model.layers.17.linear_attn,aten.exp.default,[],decode,False
2633,linear_attn,,unsqueeze,"[[B, n_h_lin_v]]",,,"[[B, n_h_lin_v, 1]]",[2632],17,linear_attn,,1,model.layers.17.linear_attn,aten.unsqueeze.default,[],decode,True
2634,linear_attn,,unsqueeze,"[[B, n_h_lin_v, 1]]",,,"[[B, n_h_lin_v, 1, 1]]",[2633],17,linear_attn,,1,model.layers.17.linear_attn,aten.unsqueeze.default,[],decode,True
2635,linear_attn,,select,"[[B, n_h_lin_v, 1]]",,,"[[B, n_h_lin_v]]",[2624],17,linear_attn,,1,model.layers.17.linear_attn,aten.select.int,[],decode,True
2636,linear_attn,,unsqueeze,"[[B, n_h_lin_v]]",,,"[[B, n_h_lin_v, 1]]",[2635],17,linear_attn,,1,model.layers.17.linear_attn,aten.unsqueeze.default,[],decode,True
2637,linear_attn,,elementwise_mul,"[[B, n_h_lin_v, d_head_lin_k, d_head_lin_v], [B, n_h_lin_v, 1, 1]]",,,"[[B, n_h_lin_v, d_head_lin_k, d_head_lin_v]]",[2634],17,linear_attn,,1,model.layers.17.linear_attn,aten.mul.Tensor,[],decode,False
2638,linear_attn,,unsqueeze,"[[B, n_h_lin_v, d_head_lin_k]]",,,"[[B, n_h_lin_v, d_head_lin_k, 1]]",[2629],17,linear_attn,,1,model.layers.17.linear_attn,aten.unsqueeze.default,[],decode,True
2639,linear_attn,,elementwise_mul,"[[B, n_h_lin_v, d_head_lin_k, d_head_lin_v], [B, n_h_lin_v, d_head_lin_k, 1]]",,,"[[B, n_h_lin_v, d_head_lin_k, d_head_lin_v]]","[2637, 2638]",17,linear_attn,,1,model.layers.17.linear_attn,aten.mul.Tensor,[],decode,False
2640,linear_attn,,sum,"[[B, n_h_lin_v, d_head_lin_k, d_head_lin_v]]",,,"[[B, n_h_lin_v, d_head_lin_v]]",[2639],17,linear_attn,,1,model.layers.17.linear_attn,aten.sum.dim_IntList,[],decode,True
2641,linear_attn,,sub,"[[B, n_h_lin_v, d_head_lin_v], [B, n_h_lin_v, d_head_lin_v]]",,,"[[B, n_h_lin_v, d_head_lin_v]]","[2630, 2640]",17,linear_attn,,1,model.layers.17.linear_attn,aten.sub.Tensor,[],decode,True
2642,linear_attn,,elementwise_mul,"[[B, n_h_lin_v, d_head_lin_v], [B, n_h_lin_v, 1]]",,,"[[B, n_h_lin_v, d_head_lin_v]]","[2636, 2641]",17,linear_attn,,1,model.layers.17.linear_attn,aten.mul.Tensor,[],decode,False
2643,linear_attn,,unsqueeze,"[[B, n_h_lin_v, d_head_lin_k]]",,,"[[B, n_h_lin_v, d_head_lin_k, 1]]",[2629],17,linear_attn,,1,model.layers.17.linear_attn,aten.unsqueeze.default,[],decode,True
2644,linear_attn,,unsqueeze,"[[B, n_h_lin_v, d_head_lin_v]]",,,"[[B, n_h_lin_v, 1, d_head_lin_v]]",[2642],17,linear_attn,,1,model.layers.17.linear_attn,aten.unsqueeze.default,[],decode,True
2645,linear_attn,,elementwise_mul,"[[B, n_h_lin_v, d_head_lin_k, 1], [B, n_h_lin_v, 1, d_head_lin_v]]",,,"[[B, n_h_lin_v, d_head_lin_k, d_head_lin_v]]","[2643, 2644]",17,linear_attn,,1,model.layers.17.linear_attn,aten.mul.Tensor,[],decode,False
2646,linear_attn,,elementwise_add,"[[B, n_h_lin_v, d_head_lin_k, d_head_lin_v], [B, n_h_lin_v, d_head_lin_k, d_head_lin_v]]",,,"[[B, n_h_lin_v, d_head_lin_k, d_head_lin_v]]","[2637, 2645]",17,linear_attn,,1,model.layers.17.linear_attn,aten.add.Tensor,[],decode,False
2647,linear_attn,,unsqueeze,"[[B, n_h_lin_v, d_head_lin_k]]",,,"[[B, n_h_lin_v, d_head_lin_k, 1]]",[2628],17,linear_attn,,1,model.layers.17.linear_attn,aten.unsqueeze.default,[],decode,True
2648,linear_attn,,elementwise_mul,"[[B, n_h_lin_v, d_head_lin_k, d_head_lin_v], [B, n_h_lin_v, d_head_lin_k, 1]]",,,"[[B, n_h_lin_v, d_head_lin_k, d_head_lin_v]]","[2646, 2647]",17,linear_attn,,1,model.layers.17.linear_attn,aten.mul.Tensor,[],decode,False
2649,linear_attn,,sum,"[[B, n_h_lin_v, d_head_lin_k, d_head_lin_v]]",,,"[[B, n_h_lin_v, d_head_lin_v]]",[2648],17,linear_attn,,1,model.layers.17.linear_attn,aten.sum.dim_IntList,[],decode,True
2650,linear_attn,,select,"[[B, n_h_lin_v, 1, d_head_lin_v]]",,,"[[B, n_h_lin_v, d_head_lin_v]]",[2627],17,linear_attn,,1,model.layers.17.linear_attn,aten.select.int,[],decode,True
2651,linear_attn,,copy_,"[[B, n_h_lin_v, d_head_lin_v], [B, n_h_lin_v, d_head_lin_v]]",,,"[[B, n_h_lin_v, d_head_lin_v]]","[2649, 2650]",17,linear_attn,,1,model.layers.17.linear_attn,aten.copy_.default,[],decode,True
2652,linear_attn,,transpose,"[[B, n_h_lin_v, 1, d_head_lin_v]]",,,"[[B, 1, n_h_lin_v, d_head_lin_v]]",[2627],17,linear_attn,,1,model.layers.17.linear_attn,aten.transpose.int,[],decode,True
2653,linear_attn,,_to_copy,"[[B, 1, n_h_lin_v, d_head_lin_v]]",,,"[[B, 1, n_h_lin_v, d_head_lin_v]]",[2652],17,linear_attn,,1,model.layers.17.linear_attn,aten._to_copy.default,[],decode,True
2654,linear_attn,,copy_,"[[B, n_h_lin_v, d_head_lin_k, d_head_lin_v], [B, n_h_lin_v, d_head_lin_k, d_head_lin_v]]",,,"[[B, n_h_lin_v, d_head_lin_k, d_head_lin_v]]",[2646],17,linear_attn,,1,model.layers.17.linear_attn,aten.copy_.default,[],decode,True
2655,linear_attn,,view,"[[B, 1, n_h_lin_v, d_head_lin_v]]",,,"[[n_h_lin_v, d_head_lin_v]]",[2653],17,linear_attn,,1,model.layers.17.linear_attn,aten.view.default,[],decode,True
2656,linear_attn,,view,"[[B, 1, n_h_lin_v, d_head_lin_v]]",,,"[[n_h_lin_v, d_head_lin_v]]",[2569],17,linear_attn,,1,model.layers.17.linear_attn,aten.view.default,[],decode,True
2657,linear_attn,norm,_to_copy,"[[n_h_lin_v, d_head_lin_v]]",,,"[[n_h_lin_v, d_head_lin_v]]",[2655],17,linear_attn,norm,2,model.layers.17.linear_attn.norm,aten._to_copy.default,[],decode,True
2658,linear_attn,norm,pow,"[[n_h_lin_v, d_head_lin_v]]",,,"[[n_h_lin_v, d_head_lin_v]]",[2657],17,linear_attn,norm,2,model.layers.17.linear_attn.norm,aten.pow.Tensor_Scalar,[],decode,False
2659,linear_attn,norm,mean,"[[n_h_lin_v, d_head_lin_v]]",,,"[[n_h_lin_v, B]]",[2658],17,linear_attn,norm,2,model.layers.17.linear_attn.norm,aten.mean.dim,[],decode,False
2660,linear_attn,norm,elementwise_add,"[[n_h_lin_v, B]]",,,"[[n_h_lin_v, B]]",[2659],17,linear_attn,norm,2,model.layers.17.linear_attn.norm,aten.add.Tensor,[],decode,False
2661,linear_attn,norm,rsqrt,"[[n_h_lin_v, B]]",,,"[[n_h_lin_v, B]]",[2660],17,linear_attn,norm,2,model.layers.17.linear_attn.norm,aten.rsqrt.default,[],decode,False
2662,linear_attn,norm,elementwise_mul,"[[n_h_lin_v, d_head_lin_v], [n_h_lin_v, B]]",,,"[[n_h_lin_v, d_head_lin_v]]","[2657, 2661]",17,linear_attn,norm,2,model.layers.17.linear_attn.norm,aten.mul.Tensor,[],decode,False
2663,linear_attn,norm,_to_copy,"[[n_h_lin_v, d_head_lin_v]]",,,"[[n_h_lin_v, d_head_lin_v]]",[2662],17,linear_attn,norm,2,model.layers.17.linear_attn.norm,aten._to_copy.default,[],decode,True
2664,linear_attn,norm,elementwise_mul,"[[d_head_lin_v], [n_h_lin_v, d_head_lin_v]]",,,"[[n_h_lin_v, d_head_lin_v]]",[2663],17,linear_attn,norm,2,model.layers.17.linear_attn.norm,aten.mul.Tensor,[model.layers.17.linear_attn.norm.weight],decode,False
2665,linear_attn,norm,_to_copy,"[[n_h_lin_v, d_head_lin_v]]",,,"[[n_h_lin_v, d_head_lin_v]]",[2656],17,linear_attn,norm,2,model.layers.17.linear_attn.norm,aten._to_copy.default,[],decode,True
2666,linear_attn,norm,silu,"[[n_h_lin_v, d_head_lin_v]]",,,"[[n_h_lin_v, d_head_lin_v]]",[2665],17,linear_attn,norm,2,model.layers.17.linear_attn.norm,aten.silu.default,[],decode,False
2667,linear_attn,norm,elementwise_mul,"[[n_h_lin_v, d_head_lin_v], [n_h_lin_v, d_head_lin_v]]",,,"[[n_h_lin_v, d_head_lin_v]]","[2664, 2666]",17,linear_attn,norm,2,model.layers.17.linear_attn.norm,aten.mul.Tensor,[],decode,False
2668,linear_attn,norm,_to_copy,"[[n_h_lin_v, d_head_lin_v]]",,,"[[n_h_lin_v, d_head_lin_v]]",[2667],17,linear_attn,norm,2,model.layers.17.linear_attn.norm,aten._to_copy.default,[],decode,True
2669,linear_attn,,view,"[[n_h_lin_v, d_head_lin_v]]",,,"[[B, 1, n_v*d_v]]",[2668],17,linear_attn,,1,model.layers.17.linear_attn,aten.view.default,[],decode,True
2670,linear_attn,out_proj,t,"[[d_model, n_v*d_v]]","[d_model, n_v*d_v]",0,"[[n_v*d_v, d_model]]",[],17,linear_attn,out_proj,2,model.layers.17.linear_attn.out_proj,aten.t.default,[model.layers.17.linear_attn.out_proj.weight],decode,True
2671,linear_attn,out_proj,view,"[[B, 1, n_v*d_v]]",,,"[[B, n_v*d_v]]",[2669],17,linear_attn,out_proj,2,model.layers.17.linear_attn.out_proj,aten.view.default,[],decode,True
2672,linear_attn,out_proj,matmul,"[[B, n_v*d_v], [n_v*d_v, d_model]]","[d_model, n_v*d_v]",1,"[[B, d_model]]","[2670, 2671]",17,linear_attn,out_proj,2,model.layers.17.linear_attn.out_proj,aten.mm.default,[model.layers.17.linear_attn.out_proj.weight],decode,False
2673,linear_attn,out_proj,_unsafe_view,"[[B, d_model]]",,,"[[B, 1, d_model]]",[2672],17,linear_attn,out_proj,2,model.layers.17.linear_attn.out_proj,aten._unsafe_view.default,[],decode,True
2674,,,elementwise_add,"[[B, 1, d_model], [B, 1, d_model]]",,,"[[B, 1, d_model]]","[2549, 2673]",17,,,0,model.layers.17,aten.add.Tensor,[],decode,False
2675,post_attention_layernorm,,_to_copy,"[[B, 1, d_model]]",,,"[[B, 1, d_model]]",[2674],17,post_attention_layernorm,,1,model.layers.17.post_attention_layernorm,aten._to_copy.default,[],decode,True
2676,post_attention_layernorm,,pow,"[[B, 1, d_model]]",,,"[[B, 1, d_model]]",[2675],17,post_attention_layernorm,,1,model.layers.17.post_attention_layernorm,aten.pow.Tensor_Scalar,[],decode,False
2677,post_attention_layernorm,,mean,"[[B, 1, d_model]]",,,"[[B, 1, 1]]",[2676],17,post_attention_layernorm,,1,model.layers.17.post_attention_layernorm,aten.mean.dim,[],decode,False
2678,post_attention_layernorm,,elementwise_add,"[[B, 1, 1]]",,,"[[B, 1, 1]]",[2677],17,post_attention_layernorm,,1,model.layers.17.post_attention_layernorm,aten.add.Tensor,[],decode,False
2679,post_attention_layernorm,,rsqrt,"[[B, 1, 1]]",,,"[[B, 1, 1]]",[2678],17,post_attention_layernorm,,1,model.layers.17.post_attention_layernorm,aten.rsqrt.default,[],decode,False
2680,post_attention_layernorm,,elementwise_mul,"[[B, 1, d_model], [B, 1, 1]]",,,"[[B, 1, d_model]]","[2675, 2679]",17,post_attention_layernorm,,1,model.layers.17.post_attention_layernorm,aten.mul.Tensor,[],decode,False
2681,post_attention_layernorm,,_to_copy,[[d_model]],,,[[d_model]],[],17,post_attention_layernorm,,1,model.layers.17.post_attention_layernorm,aten._to_copy.default,[model.layers.17.post_attention_layernorm.weight],decode,True
2682,post_attention_layernorm,,elementwise_add,[[d_model]],,,[[d_model]],[2681],17,post_attention_layernorm,,1,model.layers.17.post_attention_layernorm,aten.add.Tensor,[model.layers.17.post_attention_layernorm.weight],decode,False
2683,post_attention_layernorm,,elementwise_mul,"[[B, 1, d_model], [d_model]]",,,"[[B, 1, d_model]]","[2680, 2682]",17,post_attention_layernorm,,1,model.layers.17.post_attention_layernorm,aten.mul.Tensor,[],decode,False
2684,post_attention_layernorm,,_to_copy,"[[B, 1, d_model]]",,,"[[B, 1, d_model]]",[2683],17,post_attention_layernorm,,1,model.layers.17.post_attention_layernorm,aten._to_copy.default,[],decode,True
2685,mlp,gate_proj,t,"[[d_ff, d_model]]","[d_ff, d_model]",0,"[[d_model, d_ff]]",[],17,mlp,gate_proj,2,model.layers.17.mlp.gate_proj,aten.t.default,[model.layers.17.mlp.gate_proj.weight],decode,True
2686,mlp,gate_proj,view,"[[B, 1, d_model]]",,,"[[B, d_model]]",[2684],17,mlp,gate_proj,2,model.layers.17.mlp.gate_proj,aten.view.default,[],decode,True
2687,mlp,gate_proj,matmul,"[[B, d_model], [d_model, d_ff]]","[d_ff, d_model]",1,"[[B, d_ff]]","[2685, 2686]",17,mlp,gate_proj,2,model.layers.17.mlp.gate_proj,aten.mm.default,[model.layers.17.mlp.gate_proj.weight],decode,False
2688,mlp,gate_proj,_unsafe_view,"[[B, d_ff]]",,,"[[B, 1, d_ff]]",[2687],17,mlp,gate_proj,2,model.layers.17.mlp.gate_proj,aten._unsafe_view.default,[],decode,True
2689,mlp,act_fn,silu,"[[B, 1, d_ff]]",,,"[[B, 1, d_ff]]",[2688],17,mlp,act_fn,2,model.layers.17.mlp.act_fn,aten.silu.default,[],decode,False
2690,mlp,up_proj,t,"[[d_ff, d_model]]","[d_ff, d_model]",0,"[[d_model, d_ff]]",[],17,mlp,up_proj,2,model.layers.17.mlp.up_proj,aten.t.default,[model.layers.17.mlp.up_proj.weight],decode,True
2691,mlp,up_proj,view,"[[B, 1, d_model]]",,,"[[B, d_model]]",[2684],17,mlp,up_proj,2,model.layers.17.mlp.up_proj,aten.view.default,[],decode,True
2692,mlp,up_proj,matmul,"[[B, d_model], [d_model, d_ff]]","[d_ff, d_model]",1,"[[B, d_ff]]","[2690, 2691]",17,mlp,up_proj,2,model.layers.17.mlp.up_proj,aten.mm.default,[model.layers.17.mlp.up_proj.weight],decode,False
2693,mlp,up_proj,_unsafe_view,"[[B, d_ff]]",,,"[[B, 1, d_ff]]",[2692],17,mlp,up_proj,2,model.layers.17.mlp.up_proj,aten._unsafe_view.default,[],decode,True
2694,mlp,,elementwise_mul,"[[B, 1, d_ff], [B, 1, d_ff]]",,,"[[B, 1, d_ff]]","[2689, 2693]",17,mlp,,1,model.layers.17.mlp,aten.mul.Tensor,[],decode,False
2695,mlp,down_proj,t,"[[d_model, d_ff]]","[d_model, d_ff]",0,"[[d_ff, d_model]]",[],17,mlp,down_proj,2,model.layers.17.mlp.down_proj,aten.t.default,[model.layers.17.mlp.down_proj.weight],decode,True
2696,mlp,down_proj,view,"[[B, 1, d_ff]]",,,"[[B, d_ff]]",[2694],17,mlp,down_proj,2,model.layers.17.mlp.down_proj,aten.view.default,[],decode,True
2697,mlp,down_proj,matmul,"[[B, d_ff], [d_ff, d_model]]","[d_model, d_ff]",1,"[[B, d_model]]","[2695, 2696]",17,mlp,down_proj,2,model.layers.17.mlp.down_proj,aten.mm.default,[model.layers.17.mlp.down_proj.weight],decode,False
2698,mlp,down_proj,_unsafe_view,"[[B, d_model]]",,,"[[B, 1, d_model]]",[2697],17,mlp,down_proj,2,model.layers.17.mlp.down_proj,aten._unsafe_view.default,[],decode,True
2699,,,elementwise_add,"[[B, 1, d_model], [B, 1, d_model]]",,,"[[B, 1, d_model]]","[2674, 2698]",17,,,0,model.layers.17,aten.add.Tensor,[],decode,False
2700,input_layernorm,,_to_copy,"[[B, 1, d_model]]",,,"[[B, 1, d_model]]",[2699],18,input_layernorm,,1,model.layers.18.input_layernorm,aten._to_copy.default,[],decode,True
2701,input_layernorm,,pow,"[[B, 1, d_model]]",,,"[[B, 1, d_model]]",[2700],18,input_layernorm,,1,model.layers.18.input_layernorm,aten.pow.Tensor_Scalar,[],decode,False
2702,input_layernorm,,mean,"[[B, 1, d_model]]",,,"[[B, 1, 1]]",[2701],18,input_layernorm,,1,model.layers.18.input_layernorm,aten.mean.dim,[],decode,False
2703,input_layernorm,,elementwise_add,"[[B, 1, 1]]",,,"[[B, 1, 1]]",[2702],18,input_layernorm,,1,model.layers.18.input_layernorm,aten.add.Tensor,[],decode,False
2704,input_layernorm,,rsqrt,"[[B, 1, 1]]",,,"[[B, 1, 1]]",[2703],18,input_layernorm,,1,model.layers.18.input_layernorm,aten.rsqrt.default,[],decode,False
2705,input_layernorm,,elementwise_mul,"[[B, 1, d_model], [B, 1, 1]]",,,"[[B, 1, d_model]]","[2700, 2704]",18,input_layernorm,,1,model.layers.18.input_layernorm,aten.mul.Tensor,[],decode,False
2706,input_layernorm,,_to_copy,[[d_model]],,,[[d_model]],[],18,input_layernorm,,1,model.layers.18.input_layernorm,aten._to_copy.default,[model.layers.18.input_layernorm.weight],decode,True
2707,input_layernorm,,elementwise_add,[[d_model]],,,[[d_model]],[2706],18,input_layernorm,,1,model.layers.18.input_layernorm,aten.add.Tensor,[model.layers.18.input_layernorm.weight],decode,False
2708,input_layernorm,,elementwise_mul,"[[B, 1, d_model], [d_model]]",,,"[[B, 1, d_model]]","[2705, 2707]",18,input_layernorm,,1,model.layers.18.input_layernorm,aten.mul.Tensor,[],decode,False
2709,input_layernorm,,_to_copy,"[[B, 1, d_model]]",,,"[[B, 1, d_model]]",[2708],18,input_layernorm,,1,model.layers.18.input_layernorm,aten._to_copy.default,[],decode,True
2710,linear_attn,in_proj_qkv,t,"[[2*d_k_lin+d_v_lin, d_model]]","[2*d_k_lin+d_v_lin, d_model]",0,"[[d_model, 2*d_k_lin+d_v_lin]]",[],18,linear_attn,in_proj_qkv,2,model.layers.18.linear_attn.in_proj_qkv,aten.t.default,[model.layers.18.linear_attn.in_proj_qkv.weight],decode,True
2711,linear_attn,in_proj_qkv,view,"[[B, 1, d_model]]",,,"[[B, d_model]]",[2709],18,linear_attn,in_proj_qkv,2,model.layers.18.linear_attn.in_proj_qkv,aten.view.default,[],decode,True
2712,linear_attn,in_proj_qkv,matmul,"[[B, d_model], [d_model, 2*d_k_lin+d_v_lin]]","[2*d_k_lin+d_v_lin, d_model]",1,"[[B, 2*d_k_lin+d_v_lin]]","[2710, 2711]",18,linear_attn,in_proj_qkv,2,model.layers.18.linear_attn.in_proj_qkv,aten.mm.default,[model.layers.18.linear_attn.in_proj_qkv.weight],decode,False
2713,linear_attn,in_proj_qkv,_unsafe_view,"[[B, 2*d_k_lin+d_v_lin]]",,,"[[B, 1, 2*d_k_lin+d_v_lin]]",[2712],18,linear_attn,in_proj_qkv,2,model.layers.18.linear_attn.in_proj_qkv,aten._unsafe_view.default,[],decode,True
2714,linear_attn,,transpose,"[[B, 1, 2*d_k_lin+d_v_lin]]",,,"[[B, 2*d_k_lin+d_v_lin, 1]]",[2713],18,linear_attn,,1,model.layers.18.linear_attn,aten.transpose.int,[],decode,True
2715,linear_attn,in_proj_z,t,"[[n_v*d_v, d_model]]","[n_v*d_v, d_model]",0,"[[d_model, n_v*d_v]]",[],18,linear_attn,in_proj_z,2,model.layers.18.linear_attn.in_proj_z,aten.t.default,[model.layers.18.linear_attn.in_proj_z.weight],decode,True
2716,linear_attn,in_proj_z,view,"[[B, 1, d_model]]",,,"[[B, d_model]]",[2709],18,linear_attn,in_proj_z,2,model.layers.18.linear_attn.in_proj_z,aten.view.default,[],decode,True
2717,linear_attn,in_proj_z,matmul,"[[B, d_model], [d_model, n_v*d_v]]","[n_v*d_v, d_model]",1,"[[B, n_v*d_v]]","[2715, 2716]",18,linear_attn,in_proj_z,2,model.layers.18.linear_attn.in_proj_z,aten.mm.default,[model.layers.18.linear_attn.in_proj_z.weight],decode,False
2718,linear_attn,in_proj_z,_unsafe_view,"[[B, n_v*d_v]]",,,"[[B, 1, n_v*d_v]]",[2717],18,linear_attn,in_proj_z,2,model.layers.18.linear_attn.in_proj_z,aten._unsafe_view.default,[],decode,True
2719,linear_attn,,view,"[[B, 1, n_v*d_v]]",,,"[[B, 1, n_h_lin_v, d_head_lin_v]]",[2718],18,linear_attn,,1,model.layers.18.linear_attn,aten.view.default,[],decode,True
2720,linear_attn,in_proj_b,t,"[[n_h_lin_v, d_model]]","[n_h_lin_v, d_model]",0,"[[d_model, n_h_lin_v]]",[],18,linear_attn,in_proj_b,2,model.layers.18.linear_attn.in_proj_b,aten.t.default,[model.layers.18.linear_attn.in_proj_b.weight],decode,True
2721,linear_attn,in_proj_b,view,"[[B, 1, d_model]]",,,"[[B, d_model]]",[2709],18,linear_attn,in_proj_b,2,model.layers.18.linear_attn.in_proj_b,aten.view.default,[],decode,True
2722,linear_attn,in_proj_b,matmul,"[[B, d_model], [d_model, n_h_lin_v]]","[n_h_lin_v, d_model]",1,"[[B, n_h_lin_v]]","[2720, 2721]",18,linear_attn,in_proj_b,2,model.layers.18.linear_attn.in_proj_b,aten.mm.default,[model.layers.18.linear_attn.in_proj_b.weight],decode,False
2723,linear_attn,in_proj_b,_unsafe_view,"[[B, n_h_lin_v]]",,,"[[B, 1, n_h_lin_v]]",[2722],18,linear_attn,in_proj_b,2,model.layers.18.linear_attn.in_proj_b,aten._unsafe_view.default,[],decode,True
2724,linear_attn,in_proj_a,t,"[[n_h_lin_v, d_model]]","[n_h_lin_v, d_model]",0,"[[d_model, n_h_lin_v]]",[],18,linear_attn,in_proj_a,2,model.layers.18.linear_attn.in_proj_a,aten.t.default,[model.layers.18.linear_attn.in_proj_a.weight],decode,True
2725,linear_attn,in_proj_a,view,"[[B, 1, d_model]]",,,"[[B, d_model]]",[2709],18,linear_attn,in_proj_a,2,model.layers.18.linear_attn.in_proj_a,aten.view.default,[],decode,True
2726,linear_attn,in_proj_a,matmul,"[[B, d_model], [d_model, n_h_lin_v]]","[n_h_lin_v, d_model]",1,"[[B, n_h_lin_v]]","[2724, 2725]",18,linear_attn,in_proj_a,2,model.layers.18.linear_attn.in_proj_a,aten.mm.default,[model.layers.18.linear_attn.in_proj_a.weight],decode,False
2727,linear_attn,in_proj_a,_unsafe_view,"[[B, n_h_lin_v]]",,,"[[B, 1, n_h_lin_v]]",[2726],18,linear_attn,in_proj_a,2,model.layers.18.linear_attn.in_proj_a,aten._unsafe_view.default,[],decode,True
2728,linear_attn,,squeeze,"[[2*d_k_lin+d_v_lin, 1, d_conv_lin]]","[2*d_k_lin+d_v_lin, 1, d_conv_lin]",0,"[[2*d_k_lin+d_v_lin, d_conv_lin]]",[],18,linear_attn,,1,model.layers.18.linear_attn,aten.squeeze.dim,[model.layers.18.linear_attn.conv1d.weight],decode,True
2729,linear_attn,,concat,"[[B, 2*d_k_lin+d_v_lin, d_conv_lin], [B, 2*d_k_lin+d_v_lin, 1]]",,,"[[B, 2*d_k_lin+d_v_lin, 5]]",[2714],18,linear_attn,,1,model.layers.18.linear_attn,aten.cat.default,[],decode,False
2730,linear_attn,,slice,"[[B, 2*d_k_lin+d_v_lin, 5]]",,,"[[B, 2*d_k_lin+d_v_lin, d_conv_lin]]",[2729],18,linear_attn,,1,model.layers.18.linear_attn,aten.slice.Tensor,[],decode,True
2731,linear_attn,,copy_,"[[B, 2*d_k_lin+d_v_lin, d_conv_lin], [B, 2*d_k_lin+d_v_lin, d_conv_lin]]",,,"[[B, 2*d_k_lin+d_v_lin, d_conv_lin]]",[2730],18,linear_attn,,1,model.layers.18.linear_attn,aten.copy_.default,[],decode,True
2732,linear_attn,,unsqueeze,"[[2*d_k_lin+d_v_lin, d_conv_lin]]",,,"[[2*d_k_lin+d_v_lin, 1, d_conv_lin]]",[2728],18,linear_attn,,1,model.layers.18.linear_attn,aten.unsqueeze.default,[],decode,True
2733,linear_attn,,conv1d,"[[B, 2*d_k_lin+d_v_lin, 5], [2*d_k_lin+d_v_lin, 1, d_conv_lin]]",,,"[[B, 2*d_k_lin+d_v_lin, 2]]","[2729, 2732]",18,linear_attn,,1,model.layers.18.linear_attn,aten.convolution.default,[],decode,False
2734,linear_attn,,slice,"[[B, 2*d_k_lin+d_v_lin, 2]]",,,"[[B, 2*d_k_lin+d_v_lin, 1]]",[2733],18,linear_attn,,1,model.layers.18.linear_attn,aten.slice.Tensor,[],decode,True
2735,linear_attn,,silu,"[[B, 2*d_k_lin+d_v_lin, 1]]",,,"[[B, 2*d_k_lin+d_v_lin, 1]]",[2734],18,linear_attn,,1,model.layers.18.linear_attn,aten.silu.default,[],decode,False
2736,linear_attn,,transpose,"[[B, 2*d_k_lin+d_v_lin, 1]]",,,"[[B, 1, 2*d_k_lin+d_v_lin]]",[2735],18,linear_attn,,1,model.layers.18.linear_attn,aten.transpose.int,[],decode,True
2737,linear_attn,,split_with_sizes,"[[B, 1, 2*d_k_lin+d_v_lin]]",,,"[[B, 1, n_k*d_k], [B, 1, n_k*d_k], [B, 1, n_v*d_v]]",[2736],18,linear_attn,,1,model.layers.18.linear_attn,aten.split_with_sizes.default,[],decode,True
2738,linear_attn,,view,"[[B, 1, n_k*d_k]]",,,"[[B, 1, n_h_lin_k, d_head_lin_k]]",[2737],18,linear_attn,,1,model.layers.18.linear_attn,aten.view.default,[],decode,True
2739,linear_attn,,view,"[[B, 1, n_k*d_k]]",,,"[[B, 1, n_h_lin_k, d_head_lin_k]]",[2737],18,linear_attn,,1,model.layers.18.linear_attn,aten.view.default,[],decode,True
2740,linear_attn,,view,"[[B, 1, n_v*d_v]]",,,"[[B, 1, n_h_lin_v, d_head_lin_v]]",[2737],18,linear_attn,,1,model.layers.18.linear_attn,aten.view.default,[],decode,True
2741,linear_attn,,sigmoid,"[[B, 1, n_h_lin_v]]",,,"[[B, 1, n_h_lin_v]]",[2723],18,linear_attn,,1,model.layers.18.linear_attn,aten.sigmoid.default,[],decode,False
2742,linear_attn,,_to_copy,[[n_h_lin_v]],,,[[n_h_lin_v]],[],18,linear_attn,,1,model.layers.18.linear_attn,aten._to_copy.default,[model.layers.18.linear_attn.A_log],decode,True
2743,linear_attn,,exp,[[n_h_lin_v]],,,[[n_h_lin_v]],[2742],18,linear_attn,,1,model.layers.18.linear_attn,aten.exp.default,[model.layers.18.linear_attn.A_log],decode,False
2744,linear_attn,,neg,[[n_h_lin_v]],,,[[n_h_lin_v]],[2743],18,linear_attn,,1,model.layers.18.linear_attn,aten.neg.default,[],decode,False
2745,linear_attn,,_to_copy,"[[B, 1, n_h_lin_v]]",,,"[[B, 1, n_h_lin_v]]",[2727],18,linear_attn,,1,model.layers.18.linear_attn,aten._to_copy.default,[],decode,True
2746,linear_attn,,elementwise_add,"[[B, 1, n_h_lin_v], [n_h_lin_v]]",,,"[[B, 1, n_h_lin_v]]",[2745],18,linear_attn,,1,model.layers.18.linear_attn,aten.add.Tensor,[model.layers.18.linear_attn.dt_bias],decode,False
2747,linear_attn,,softplus,"[[B, 1, n_h_lin_v]]",,,"[[B, 1, n_h_lin_v]]",[2746],18,linear_attn,,1,model.layers.18.linear_attn,aten.softplus.default,[],decode,True
2748,linear_attn,,elementwise_mul,"[[n_h_lin_v], [B, 1, n_h_lin_v]]",,,"[[B, 1, n_h_lin_v]]","[2744, 2747]",18,linear_attn,,1,model.layers.18.linear_attn,aten.mul.Tensor,[],decode,False
2749,linear_attn,,unsqueeze,"[[B, 1, n_h_lin_k, d_head_lin_k]]",,,"[[B, 1, n_h_lin_k, 1, d_head_lin_k]]",[2738],18,linear_attn,,1,model.layers.18.linear_attn,aten.unsqueeze.default,[],decode,True
2750,linear_attn,,expand,"[[B, 1, n_h_lin_k, 1, d_head_lin_k]]",,,"[[B, 1, n_h_lin_k, n_v/n_k, d_head_lin_k]]",[2749],18,linear_attn,,1,model.layers.18.linear_attn,aten.expand.default,[],decode,True
2751,linear_attn,,clone,"[[B, 1, n_h_lin_k, n_v/n_k, d_head_lin_k]]",,,"[[B, 1, n_h_lin_k, n_v/n_k, d_head_lin_k]]",[2750],18,linear_attn,,1,model.layers.18.linear_attn,aten.clone.default,[],decode,True
2752,linear_attn,,view,"[[B, 1, n_h_lin_k, n_v/n_k, d_head_lin_k]]",,,"[[B, 1, n_h_lin_v, d_head_lin_k]]",[2751],18,linear_attn,,1,model.layers.18.linear_attn,aten.view.default,[],decode,True
2753,linear_attn,,unsqueeze,"[[B, 1, n_h_lin_k, d_head_lin_k]]",,,"[[B, 1, n_h_lin_k, 1, d_head_lin_k]]",[2739],18,linear_attn,,1,model.layers.18.linear_attn,aten.unsqueeze.default,[],decode,True
2754,linear_attn,,expand,"[[B, 1, n_h_lin_k, 1, d_head_lin_k]]",,,"[[B, 1, n_h_lin_k, n_v/n_k, d_head_lin_k]]",[2753],18,linear_attn,,1,model.layers.18.linear_attn,aten.expand.default,[],decode,True
2755,linear_attn,,clone,"[[B, 1, n_h_lin_k, n_v/n_k, d_head_lin_k]]",,,"[[B, 1, n_h_lin_k, n_v/n_k, d_head_lin_k]]",[2754],18,linear_attn,,1,model.layers.18.linear_attn,aten.clone.default,[],decode,True
2756,linear_attn,,view,"[[B, 1, n_h_lin_k, n_v/n_k, d_head_lin_k]]",,,"[[B, 1, n_h_lin_v, d_head_lin_k]]",[2755],18,linear_attn,,1,model.layers.18.linear_attn,aten.view.default,[],decode,True
2757,linear_attn,,elementwise_mul,"[[B, 1, n_h_lin_v, d_head_lin_k], [B, 1, n_h_lin_v, d_head_lin_k]]",,,"[[B, 1, n_h_lin_v, d_head_lin_k]]",[2752],18,linear_attn,,1,model.layers.18.linear_attn,aten.mul.Tensor,[],decode,False
2758,linear_attn,,sum,"[[B, 1, n_h_lin_v, d_head_lin_k]]",,,"[[B, 1, n_h_lin_v, 1]]",[2757],18,linear_attn,,1,model.layers.18.linear_attn,aten.sum.dim_IntList,[],decode,True
2759,linear_attn,,elementwise_add,"[[B, 1, n_h_lin_v, 1]]",,,"[[B, 1, n_h_lin_v, 1]]",[2758],18,linear_attn,,1,model.layers.18.linear_attn,aten.add.Tensor,[],decode,False
2760,linear_attn,,rsqrt,"[[B, 1, n_h_lin_v, 1]]",,,"[[B, 1, n_h_lin_v, 1]]",[2759],18,linear_attn,,1,model.layers.18.linear_attn,aten.rsqrt.default,[],decode,False
2761,linear_attn,,elementwise_mul,"[[B, 1, n_h_lin_v, d_head_lin_k], [B, 1, n_h_lin_v, 1]]",,,"[[B, 1, n_h_lin_v, d_head_lin_k]]","[2752, 2760]",18,linear_attn,,1,model.layers.18.linear_attn,aten.mul.Tensor,[],decode,False
2762,linear_attn,,elementwise_mul,"[[B, 1, n_h_lin_v, d_head_lin_k], [B, 1, n_h_lin_v, d_head_lin_k]]",,,"[[B, 1, n_h_lin_v, d_head_lin_k]]",[2756],18,linear_attn,,1,model.layers.18.linear_attn,aten.mul.Tensor,[],decode,False
2763,linear_attn,,sum,"[[B, 1, n_h_lin_v, d_head_lin_k]]",,,"[[B, 1, n_h_lin_v, 1]]",[2762],18,linear_attn,,1,model.layers.18.linear_attn,aten.sum.dim_IntList,[],decode,True
2764,linear_attn,,elementwise_add,"[[B, 1, n_h_lin_v, 1]]",,,"[[B, 1, n_h_lin_v, 1]]",[2763],18,linear_attn,,1,model.layers.18.linear_attn,aten.add.Tensor,[],decode,False
2765,linear_attn,,rsqrt,"[[B, 1, n_h_lin_v, 1]]",,,"[[B, 1, n_h_lin_v, 1]]",[2764],18,linear_attn,,1,model.layers.18.linear_attn,aten.rsqrt.default,[],decode,False
2766,linear_attn,,elementwise_mul,"[[B, 1, n_h_lin_v, d_head_lin_k], [B, 1, n_h_lin_v, 1]]",,,"[[B, 1, n_h_lin_v, d_head_lin_k]]","[2756, 2765]",18,linear_attn,,1,model.layers.18.linear_attn,aten.mul.Tensor,[],decode,False
2767,linear_attn,,transpose,"[[B, 1, n_h_lin_v, d_head_lin_k]]",,,"[[B, n_h_lin_v, 1, d_head_lin_k]]",[2761],18,linear_attn,,1,model.layers.18.linear_attn,aten.transpose.int,[],decode,True
2768,linear_attn,,_to_copy,"[[B, n_h_lin_v, 1, d_head_lin_k]]",,,"[[B, n_h_lin_v, 1, d_head_lin_k]]",[2767],18,linear_attn,,1,model.layers.18.linear_attn,aten._to_copy.default,[],decode,True
2769,linear_attn,,transpose,"[[B, 1, n_h_lin_v, d_head_lin_k]]",,,"[[B, n_h_lin_v, 1, d_head_lin_k]]",[2766],18,linear_attn,,1,model.layers.18.linear_attn,aten.transpose.int,[],decode,True
2770,linear_attn,,_to_copy,"[[B, n_h_lin_v, 1, d_head_lin_k]]",,,"[[B, n_h_lin_v, 1, d_head_lin_k]]",[2769],18,linear_attn,,1,model.layers.18.linear_attn,aten._to_copy.default,[],decode,True
2771,linear_attn,,transpose,"[[B, 1, n_h_lin_v, d_head_lin_v]]",,,"[[B, n_h_lin_v, 1, d_head_lin_v]]",[2740],18,linear_attn,,1,model.layers.18.linear_attn,aten.transpose.int,[],decode,True
2772,linear_attn,,_to_copy,"[[B, n_h_lin_v, 1, d_head_lin_v]]",,,"[[B, n_h_lin_v, 1, d_head_lin_v]]",[2771],18,linear_attn,,1,model.layers.18.linear_attn,aten._to_copy.default,[],decode,True
2773,linear_attn,,transpose,"[[B, 1, n_h_lin_v]]",,,"[[B, n_h_lin_v, 1]]",[2741],18,linear_attn,,1,model.layers.18.linear_attn,aten.transpose.int,[],decode,True
2774,linear_attn,,_to_copy,"[[B, n_h_lin_v, 1]]",,,"[[B, n_h_lin_v, 1]]",[2773],18,linear_attn,,1,model.layers.18.linear_attn,aten._to_copy.default,[],decode,True
2775,linear_attn,,transpose,"[[B, 1, n_h_lin_v]]",,,"[[B, n_h_lin_v, 1]]",[2748],18,linear_attn,,1,model.layers.18.linear_attn,aten.transpose.int,[],decode,True
2776,linear_attn,,elementwise_mul,"[[B, n_h_lin_v, 1, d_head_lin_k]]",,,"[[B, n_h_lin_v, 1, d_head_lin_k]]",[2768],18,linear_attn,,1,model.layers.18.linear_attn,aten.mul.Tensor,[],decode,False
2777,linear_attn,,zeros,[],,,"[[B, n_h_lin_v, 1, d_head_lin_v]]",[],18,linear_attn,,1,model.layers.18.linear_attn,aten.zeros.default,[],decode,True
2778,linear_attn,,select,"[[B, n_h_lin_v, 1, d_head_lin_k]]",,,"[[B, n_h_lin_v, d_head_lin_k]]",[2776],18,linear_attn,,1,model.layers.18.linear_attn,aten.select.int,[],decode,True
2779,linear_attn,,select,"[[B, n_h_lin_v, 1, d_head_lin_k]]",,,"[[B, n_h_lin_v, d_head_lin_k]]",[2770],18,linear_attn,,1,model.layers.18.linear_attn,aten.select.int,[],decode,True
2780,linear_attn,,select,"[[B, n_h_lin_v, 1, d_head_lin_v]]",,,"[[B, n_h_lin_v, d_head_lin_v]]",[2772],18,linear_attn,,1,model.layers.18.linear_attn,aten.select.int,[],decode,True
2781,linear_attn,,select,"[[B, n_h_lin_v, 1]]",,,"[[B, n_h_lin_v]]",[2775],18,linear_attn,,1,model.layers.18.linear_attn,aten.select.int,[],decode,True
2782,linear_attn,,exp,"[[B, n_h_lin_v]]",,,"[[B, n_h_lin_v]]",[2781],18,linear_attn,,1,model.layers.18.linear_attn,aten.exp.default,[],decode,False
2783,linear_attn,,unsqueeze,"[[B, n_h_lin_v]]",,,"[[B, n_h_lin_v, 1]]",[2782],18,linear_attn,,1,model.layers.18.linear_attn,aten.unsqueeze.default,[],decode,True
2784,linear_attn,,unsqueeze,"[[B, n_h_lin_v, 1]]",,,"[[B, n_h_lin_v, 1, 1]]",[2783],18,linear_attn,,1,model.layers.18.linear_attn,aten.unsqueeze.default,[],decode,True
2785,linear_attn,,select,"[[B, n_h_lin_v, 1]]",,,"[[B, n_h_lin_v]]",[2774],18,linear_attn,,1,model.layers.18.linear_attn,aten.select.int,[],decode,True
2786,linear_attn,,unsqueeze,"[[B, n_h_lin_v]]",,,"[[B, n_h_lin_v, 1]]",[2785],18,linear_attn,,1,model.layers.18.linear_attn,aten.unsqueeze.default,[],decode,True
2787,linear_attn,,elementwise_mul,"[[B, n_h_lin_v, d_head_lin_k, d_head_lin_v], [B, n_h_lin_v, 1, 1]]",,,"[[B, n_h_lin_v, d_head_lin_k, d_head_lin_v]]",[2784],18,linear_attn,,1,model.layers.18.linear_attn,aten.mul.Tensor,[],decode,False
2788,linear_attn,,unsqueeze,"[[B, n_h_lin_v, d_head_lin_k]]",,,"[[B, n_h_lin_v, d_head_lin_k, 1]]",[2779],18,linear_attn,,1,model.layers.18.linear_attn,aten.unsqueeze.default,[],decode,True
2789,linear_attn,,elementwise_mul,"[[B, n_h_lin_v, d_head_lin_k, d_head_lin_v], [B, n_h_lin_v, d_head_lin_k, 1]]",,,"[[B, n_h_lin_v, d_head_lin_k, d_head_lin_v]]","[2787, 2788]",18,linear_attn,,1,model.layers.18.linear_attn,aten.mul.Tensor,[],decode,False
2790,linear_attn,,sum,"[[B, n_h_lin_v, d_head_lin_k, d_head_lin_v]]",,,"[[B, n_h_lin_v, d_head_lin_v]]",[2789],18,linear_attn,,1,model.layers.18.linear_attn,aten.sum.dim_IntList,[],decode,True
2791,linear_attn,,sub,"[[B, n_h_lin_v, d_head_lin_v], [B, n_h_lin_v, d_head_lin_v]]",,,"[[B, n_h_lin_v, d_head_lin_v]]","[2780, 2790]",18,linear_attn,,1,model.layers.18.linear_attn,aten.sub.Tensor,[],decode,True
2792,linear_attn,,elementwise_mul,"[[B, n_h_lin_v, d_head_lin_v], [B, n_h_lin_v, 1]]",,,"[[B, n_h_lin_v, d_head_lin_v]]","[2786, 2791]",18,linear_attn,,1,model.layers.18.linear_attn,aten.mul.Tensor,[],decode,False
2793,linear_attn,,unsqueeze,"[[B, n_h_lin_v, d_head_lin_k]]",,,"[[B, n_h_lin_v, d_head_lin_k, 1]]",[2779],18,linear_attn,,1,model.layers.18.linear_attn,aten.unsqueeze.default,[],decode,True
2794,linear_attn,,unsqueeze,"[[B, n_h_lin_v, d_head_lin_v]]",,,"[[B, n_h_lin_v, 1, d_head_lin_v]]",[2792],18,linear_attn,,1,model.layers.18.linear_attn,aten.unsqueeze.default,[],decode,True
2795,linear_attn,,elementwise_mul,"[[B, n_h_lin_v, d_head_lin_k, 1], [B, n_h_lin_v, 1, d_head_lin_v]]",,,"[[B, n_h_lin_v, d_head_lin_k, d_head_lin_v]]","[2793, 2794]",18,linear_attn,,1,model.layers.18.linear_attn,aten.mul.Tensor,[],decode,False
2796,linear_attn,,elementwise_add,"[[B, n_h_lin_v, d_head_lin_k, d_head_lin_v], [B, n_h_lin_v, d_head_lin_k, d_head_lin_v]]",,,"[[B, n_h_lin_v, d_head_lin_k, d_head_lin_v]]","[2787, 2795]",18,linear_attn,,1,model.layers.18.linear_attn,aten.add.Tensor,[],decode,False
2797,linear_attn,,unsqueeze,"[[B, n_h_lin_v, d_head_lin_k]]",,,"[[B, n_h_lin_v, d_head_lin_k, 1]]",[2778],18,linear_attn,,1,model.layers.18.linear_attn,aten.unsqueeze.default,[],decode,True
2798,linear_attn,,elementwise_mul,"[[B, n_h_lin_v, d_head_lin_k, d_head_lin_v], [B, n_h_lin_v, d_head_lin_k, 1]]",,,"[[B, n_h_lin_v, d_head_lin_k, d_head_lin_v]]","[2796, 2797]",18,linear_attn,,1,model.layers.18.linear_attn,aten.mul.Tensor,[],decode,False
2799,linear_attn,,sum,"[[B, n_h_lin_v, d_head_lin_k, d_head_lin_v]]",,,"[[B, n_h_lin_v, d_head_lin_v]]",[2798],18,linear_attn,,1,model.layers.18.linear_attn,aten.sum.dim_IntList,[],decode,True
2800,linear_attn,,select,"[[B, n_h_lin_v, 1, d_head_lin_v]]",,,"[[B, n_h_lin_v, d_head_lin_v]]",[2777],18,linear_attn,,1,model.layers.18.linear_attn,aten.select.int,[],decode,True
2801,linear_attn,,copy_,"[[B, n_h_lin_v, d_head_lin_v], [B, n_h_lin_v, d_head_lin_v]]",,,"[[B, n_h_lin_v, d_head_lin_v]]","[2799, 2800]",18,linear_attn,,1,model.layers.18.linear_attn,aten.copy_.default,[],decode,True
2802,linear_attn,,transpose,"[[B, n_h_lin_v, 1, d_head_lin_v]]",,,"[[B, 1, n_h_lin_v, d_head_lin_v]]",[2777],18,linear_attn,,1,model.layers.18.linear_attn,aten.transpose.int,[],decode,True
2803,linear_attn,,_to_copy,"[[B, 1, n_h_lin_v, d_head_lin_v]]",,,"[[B, 1, n_h_lin_v, d_head_lin_v]]",[2802],18,linear_attn,,1,model.layers.18.linear_attn,aten._to_copy.default,[],decode,True
2804,linear_attn,,copy_,"[[B, n_h_lin_v, d_head_lin_k, d_head_lin_v], [B, n_h_lin_v, d_head_lin_k, d_head_lin_v]]",,,"[[B, n_h_lin_v, d_head_lin_k, d_head_lin_v]]",[2796],18,linear_attn,,1,model.layers.18.linear_attn,aten.copy_.default,[],decode,True
2805,linear_attn,,view,"[[B, 1, n_h_lin_v, d_head_lin_v]]",,,"[[n_h_lin_v, d_head_lin_v]]",[2803],18,linear_attn,,1,model.layers.18.linear_attn,aten.view.default,[],decode,True
2806,linear_attn,,view,"[[B, 1, n_h_lin_v, d_head_lin_v]]",,,"[[n_h_lin_v, d_head_lin_v]]",[2719],18,linear_attn,,1,model.layers.18.linear_attn,aten.view.default,[],decode,True
2807,linear_attn,norm,_to_copy,"[[n_h_lin_v, d_head_lin_v]]",,,"[[n_h_lin_v, d_head_lin_v]]",[2805],18,linear_attn,norm,2,model.layers.18.linear_attn.norm,aten._to_copy.default,[],decode,True
2808,linear_attn,norm,pow,"[[n_h_lin_v, d_head_lin_v]]",,,"[[n_h_lin_v, d_head_lin_v]]",[2807],18,linear_attn,norm,2,model.layers.18.linear_attn.norm,aten.pow.Tensor_Scalar,[],decode,False
2809,linear_attn,norm,mean,"[[n_h_lin_v, d_head_lin_v]]",,,"[[n_h_lin_v, B]]",[2808],18,linear_attn,norm,2,model.layers.18.linear_attn.norm,aten.mean.dim,[],decode,False
2810,linear_attn,norm,elementwise_add,"[[n_h_lin_v, B]]",,,"[[n_h_lin_v, B]]",[2809],18,linear_attn,norm,2,model.layers.18.linear_attn.norm,aten.add.Tensor,[],decode,False
2811,linear_attn,norm,rsqrt,"[[n_h_lin_v, B]]",,,"[[n_h_lin_v, B]]",[2810],18,linear_attn,norm,2,model.layers.18.linear_attn.norm,aten.rsqrt.default,[],decode,False
2812,linear_attn,norm,elementwise_mul,"[[n_h_lin_v, d_head_lin_v], [n_h_lin_v, B]]",,,"[[n_h_lin_v, d_head_lin_v]]","[2807, 2811]",18,linear_attn,norm,2,model.layers.18.linear_attn.norm,aten.mul.Tensor,[],decode,False
2813,linear_attn,norm,_to_copy,"[[n_h_lin_v, d_head_lin_v]]",,,"[[n_h_lin_v, d_head_lin_v]]",[2812],18,linear_attn,norm,2,model.layers.18.linear_attn.norm,aten._to_copy.default,[],decode,True
2814,linear_attn,norm,elementwise_mul,"[[d_head_lin_v], [n_h_lin_v, d_head_lin_v]]",,,"[[n_h_lin_v, d_head_lin_v]]",[2813],18,linear_attn,norm,2,model.layers.18.linear_attn.norm,aten.mul.Tensor,[model.layers.18.linear_attn.norm.weight],decode,False
2815,linear_attn,norm,_to_copy,"[[n_h_lin_v, d_head_lin_v]]",,,"[[n_h_lin_v, d_head_lin_v]]",[2806],18,linear_attn,norm,2,model.layers.18.linear_attn.norm,aten._to_copy.default,[],decode,True
2816,linear_attn,norm,silu,"[[n_h_lin_v, d_head_lin_v]]",,,"[[n_h_lin_v, d_head_lin_v]]",[2815],18,linear_attn,norm,2,model.layers.18.linear_attn.norm,aten.silu.default,[],decode,False
2817,linear_attn,norm,elementwise_mul,"[[n_h_lin_v, d_head_lin_v], [n_h_lin_v, d_head_lin_v]]",,,"[[n_h_lin_v, d_head_lin_v]]","[2814, 2816]",18,linear_attn,norm,2,model.layers.18.linear_attn.norm,aten.mul.Tensor,[],decode,False
2818,linear_attn,norm,_to_copy,"[[n_h_lin_v, d_head_lin_v]]",,,"[[n_h_lin_v, d_head_lin_v]]",[2817],18,linear_attn,norm,2,model.layers.18.linear_attn.norm,aten._to_copy.default,[],decode,True
2819,linear_attn,,view,"[[n_h_lin_v, d_head_lin_v]]",,,"[[B, 1, n_v*d_v]]",[2818],18,linear_attn,,1,model.layers.18.linear_attn,aten.view.default,[],decode,True
2820,linear_attn,out_proj,t,"[[d_model, n_v*d_v]]","[d_model, n_v*d_v]",0,"[[n_v*d_v, d_model]]",[],18,linear_attn,out_proj,2,model.layers.18.linear_attn.out_proj,aten.t.default,[model.layers.18.linear_attn.out_proj.weight],decode,True
2821,linear_attn,out_proj,view,"[[B, 1, n_v*d_v]]",,,"[[B, n_v*d_v]]",[2819],18,linear_attn,out_proj,2,model.layers.18.linear_attn.out_proj,aten.view.default,[],decode,True
2822,linear_attn,out_proj,matmul,"[[B, n_v*d_v], [n_v*d_v, d_model]]","[d_model, n_v*d_v]",1,"[[B, d_model]]","[2820, 2821]",18,linear_attn,out_proj,2,model.layers.18.linear_attn.out_proj,aten.mm.default,[model.layers.18.linear_attn.out_proj.weight],decode,False
2823,linear_attn,out_proj,_unsafe_view,"[[B, d_model]]",,,"[[B, 1, d_model]]",[2822],18,linear_attn,out_proj,2,model.layers.18.linear_attn.out_proj,aten._unsafe_view.default,[],decode,True
2824,,,elementwise_add,"[[B, 1, d_model], [B, 1, d_model]]",,,"[[B, 1, d_model]]","[2699, 2823]",18,,,0,model.layers.18,aten.add.Tensor,[],decode,False
2825,post_attention_layernorm,,_to_copy,"[[B, 1, d_model]]",,,"[[B, 1, d_model]]",[2824],18,post_attention_layernorm,,1,model.layers.18.post_attention_layernorm,aten._to_copy.default,[],decode,True
2826,post_attention_layernorm,,pow,"[[B, 1, d_model]]",,,"[[B, 1, d_model]]",[2825],18,post_attention_layernorm,,1,model.layers.18.post_attention_layernorm,aten.pow.Tensor_Scalar,[],decode,False
2827,post_attention_layernorm,,mean,"[[B, 1, d_model]]",,,"[[B, 1, 1]]",[2826],18,post_attention_layernorm,,1,model.layers.18.post_attention_layernorm,aten.mean.dim,[],decode,False
2828,post_attention_layernorm,,elementwise_add,"[[B, 1, 1]]",,,"[[B, 1, 1]]",[2827],18,post_attention_layernorm,,1,model.layers.18.post_attention_layernorm,aten.add.Tensor,[],decode,False
2829,post_attention_layernorm,,rsqrt,"[[B, 1, 1]]",,,"[[B, 1, 1]]",[2828],18,post_attention_layernorm,,1,model.layers.18.post_attention_layernorm,aten.rsqrt.default,[],decode,False
2830,post_attention_layernorm,,elementwise_mul,"[[B, 1, d_model], [B, 1, 1]]",,,"[[B, 1, d_model]]","[2825, 2829]",18,post_attention_layernorm,,1,model.layers.18.post_attention_layernorm,aten.mul.Tensor,[],decode,False
2831,post_attention_layernorm,,_to_copy,[[d_model]],,,[[d_model]],[],18,post_attention_layernorm,,1,model.layers.18.post_attention_layernorm,aten._to_copy.default,[model.layers.18.post_attention_layernorm.weight],decode,True
2832,post_attention_layernorm,,elementwise_add,[[d_model]],,,[[d_model]],[2831],18,post_attention_layernorm,,1,model.layers.18.post_attention_layernorm,aten.add.Tensor,[model.layers.18.post_attention_layernorm.weight],decode,False
2833,post_attention_layernorm,,elementwise_mul,"[[B, 1, d_model], [d_model]]",,,"[[B, 1, d_model]]","[2830, 2832]",18,post_attention_layernorm,,1,model.layers.18.post_attention_layernorm,aten.mul.Tensor,[],decode,False
2834,post_attention_layernorm,,_to_copy,"[[B, 1, d_model]]",,,"[[B, 1, d_model]]",[2833],18,post_attention_layernorm,,1,model.layers.18.post_attention_layernorm,aten._to_copy.default,[],decode,True
2835,mlp,gate_proj,t,"[[d_ff, d_model]]","[d_ff, d_model]",0,"[[d_model, d_ff]]",[],18,mlp,gate_proj,2,model.layers.18.mlp.gate_proj,aten.t.default,[model.layers.18.mlp.gate_proj.weight],decode,True
2836,mlp,gate_proj,view,"[[B, 1, d_model]]",,,"[[B, d_model]]",[2834],18,mlp,gate_proj,2,model.layers.18.mlp.gate_proj,aten.view.default,[],decode,True
2837,mlp,gate_proj,matmul,"[[B, d_model], [d_model, d_ff]]","[d_ff, d_model]",1,"[[B, d_ff]]","[2835, 2836]",18,mlp,gate_proj,2,model.layers.18.mlp.gate_proj,aten.mm.default,[model.layers.18.mlp.gate_proj.weight],decode,False
2838,mlp,gate_proj,_unsafe_view,"[[B, d_ff]]",,,"[[B, 1, d_ff]]",[2837],18,mlp,gate_proj,2,model.layers.18.mlp.gate_proj,aten._unsafe_view.default,[],decode,True
2839,mlp,act_fn,silu,"[[B, 1, d_ff]]",,,"[[B, 1, d_ff]]",[2838],18,mlp,act_fn,2,model.layers.18.mlp.act_fn,aten.silu.default,[],decode,False
2840,mlp,up_proj,t,"[[d_ff, d_model]]","[d_ff, d_model]",0,"[[d_model, d_ff]]",[],18,mlp,up_proj,2,model.layers.18.mlp.up_proj,aten.t.default,[model.layers.18.mlp.up_proj.weight],decode,True
2841,mlp,up_proj,view,"[[B, 1, d_model]]",,,"[[B, d_model]]",[2834],18,mlp,up_proj,2,model.layers.18.mlp.up_proj,aten.view.default,[],decode,True
2842,mlp,up_proj,matmul,"[[B, d_model], [d_model, d_ff]]","[d_ff, d_model]",1,"[[B, d_ff]]","[2840, 2841]",18,mlp,up_proj,2,model.layers.18.mlp.up_proj,aten.mm.default,[model.layers.18.mlp.up_proj.weight],decode,False
2843,mlp,up_proj,_unsafe_view,"[[B, d_ff]]",,,"[[B, 1, d_ff]]",[2842],18,mlp,up_proj,2,model.layers.18.mlp.up_proj,aten._unsafe_view.default,[],decode,True
2844,mlp,,elementwise_mul,"[[B, 1, d_ff], [B, 1, d_ff]]",,,"[[B, 1, d_ff]]","[2839, 2843]",18,mlp,,1,model.layers.18.mlp,aten.mul.Tensor,[],decode,False
2845,mlp,down_proj,t,"[[d_model, d_ff]]","[d_model, d_ff]",0,"[[d_ff, d_model]]",[],18,mlp,down_proj,2,model.layers.18.mlp.down_proj,aten.t.default,[model.layers.18.mlp.down_proj.weight],decode,True
2846,mlp,down_proj,view,"[[B, 1, d_ff]]",,,"[[B, d_ff]]",[2844],18,mlp,down_proj,2,model.layers.18.mlp.down_proj,aten.view.default,[],decode,True
2847,mlp,down_proj,matmul,"[[B, d_ff], [d_ff, d_model]]","[d_model, d_ff]",1,"[[B, d_model]]","[2845, 2846]",18,mlp,down_proj,2,model.layers.18.mlp.down_proj,aten.mm.default,[model.layers.18.mlp.down_proj.weight],decode,False
2848,mlp,down_proj,_unsafe_view,"[[B, d_model]]",,,"[[B, 1, d_model]]",[2847],18,mlp,down_proj,2,model.layers.18.mlp.down_proj,aten._unsafe_view.default,[],decode,True
2849,,,elementwise_add,"[[B, 1, d_model], [B, 1, d_model]]",,,"[[B, 1, d_model]]","[2824, 2848]",18,,,0,model.layers.18,aten.add.Tensor,[],decode,False
2850,input_layernorm,,_to_copy,"[[B, 1, d_model]]",,,"[[B, 1, d_model]]",[2849],19,input_layernorm,,1,model.layers.19.input_layernorm,aten._to_copy.default,[],decode,True
2851,input_layernorm,,pow,"[[B, 1, d_model]]",,,"[[B, 1, d_model]]",[2850],19,input_layernorm,,1,model.layers.19.input_layernorm,aten.pow.Tensor_Scalar,[],decode,False
2852,input_layernorm,,mean,"[[B, 1, d_model]]",,,"[[B, 1, 1]]",[2851],19,input_layernorm,,1,model.layers.19.input_layernorm,aten.mean.dim,[],decode,False
2853,input_layernorm,,elementwise_add,"[[B, 1, 1]]",,,"[[B, 1, 1]]",[2852],19,input_layernorm,,1,model.layers.19.input_layernorm,aten.add.Tensor,[],decode,False
2854,input_layernorm,,rsqrt,"[[B, 1, 1]]",,,"[[B, 1, 1]]",[2853],19,input_layernorm,,1,model.layers.19.input_layernorm,aten.rsqrt.default,[],decode,False
2855,input_layernorm,,elementwise_mul,"[[B, 1, d_model], [B, 1, 1]]",,,"[[B, 1, d_model]]","[2850, 2854]",19,input_layernorm,,1,model.layers.19.input_layernorm,aten.mul.Tensor,[],decode,False
2856,input_layernorm,,_to_copy,[[d_model]],,,[[d_model]],[],19,input_layernorm,,1,model.layers.19.input_layernorm,aten._to_copy.default,[model.layers.19.input_layernorm.weight],decode,True
2857,input_layernorm,,elementwise_add,[[d_model]],,,[[d_model]],[2856],19,input_layernorm,,1,model.layers.19.input_layernorm,aten.add.Tensor,[model.layers.19.input_layernorm.weight],decode,False
2858,input_layernorm,,elementwise_mul,"[[B, 1, d_model], [d_model]]",,,"[[B, 1, d_model]]","[2855, 2857]",19,input_layernorm,,1,model.layers.19.input_layernorm,aten.mul.Tensor,[],decode,False
2859,input_layernorm,,_to_copy,"[[B, 1, d_model]]",,,"[[B, 1, d_model]]",[2858],19,input_layernorm,,1,model.layers.19.input_layernorm,aten._to_copy.default,[],decode,True
2860,self_attn,q_proj,t,"[[2*n_h*d_head, d_model]]","[2*n_h*d_head, d_model]",0,"[[d_model, 2*n_h*d_head]]",[],19,self_attn,q_proj,2,model.layers.19.self_attn.q_proj,aten.t.default,[model.layers.19.self_attn.q_proj.weight],decode,True
2861,self_attn,q_proj,view,"[[B, 1, d_model]]",,,"[[B, d_model]]",[2859],19,self_attn,q_proj,2,model.layers.19.self_attn.q_proj,aten.view.default,[],decode,True
2862,self_attn,q_proj,matmul,"[[B, d_model], [d_model, 2*n_h*d_head]]","[2*n_h*d_head, d_model]",1,"[[B, 2*n_h*d_head]]","[2860, 2861]",19,self_attn,q_proj,2,model.layers.19.self_attn.q_proj,aten.mm.default,[model.layers.19.self_attn.q_proj.weight],decode,False
2863,self_attn,q_proj,_unsafe_view,"[[B, 2*n_h*d_head]]",,,"[[B, 1, 2*n_h*d_head]]",[2862],19,self_attn,q_proj,2,model.layers.19.self_attn.q_proj,aten._unsafe_view.default,[],decode,True
2864,self_attn,,view,"[[B, 1, 2*n_h*d_head]]",,,"[[B, 1, n_h, 2*d_head]]",[2863],19,self_attn,,1,model.layers.19.self_attn,aten.view.default,[],decode,True
2865,self_attn,,split,"[[B, 1, n_h, 2*d_head]]",,,"[[B, 1, n_h, d_head], [B, 1, n_h, d_head]]",[2864],19,self_attn,,1,model.layers.19.self_attn,aten.split.Tensor,[],decode,True
2866,self_attn,,clone,"[[B, 1, n_h, d_head]]",,,"[[B, 1, n_h, d_head]]",[2865],19,self_attn,,1,model.layers.19.self_attn,aten.clone.default,[],decode,True
2867,self_attn,,_unsafe_view,"[[B, 1, n_h, d_head]]",,,"[[B, 1, n_h*d_head]]",[2866],19,self_attn,,1,model.layers.19.self_attn,aten._unsafe_view.default,[],decode,True
2868,self_attn,,view,"[[B, 1, n_h, d_head]]",,,"[[B, 1, n_h, d_head]]",[2865],19,self_attn,,1,model.layers.19.self_attn,aten.view.default,[],decode,True
2869,self_attn,q_norm,_to_copy,"[[B, 1, n_h, d_head]]",,,"[[B, 1, n_h, d_head]]",[2868],19,self_attn,q_norm,2,model.layers.19.self_attn.q_norm,aten._to_copy.default,[],decode,True
2870,self_attn,q_norm,pow,"[[B, 1, n_h, d_head]]",,,"[[B, 1, n_h, d_head]]",[2869],19,self_attn,q_norm,2,model.layers.19.self_attn.q_norm,aten.pow.Tensor_Scalar,[],decode,False
2871,self_attn,q_norm,mean,"[[B, 1, n_h, d_head]]",,,"[[B, 1, n_h, 1]]",[2870],19,self_attn,q_norm,2,model.layers.19.self_attn.q_norm,aten.mean.dim,[],decode,False
2872,self_attn,q_norm,elementwise_add,"[[B, 1, n_h, 1]]",,,"[[B, 1, n_h, 1]]",[2871],19,self_attn,q_norm,2,model.layers.19.self_attn.q_norm,aten.add.Tensor,[],decode,False
2873,self_attn,q_norm,rsqrt,"[[B, 1, n_h, 1]]",,,"[[B, 1, n_h, 1]]",[2872],19,self_attn,q_norm,2,model.layers.19.self_attn.q_norm,aten.rsqrt.default,[],decode,False
2874,self_attn,q_norm,elementwise_mul,"[[B, 1, n_h, d_head], [B, 1, n_h, 1]]",,,"[[B, 1, n_h, d_head]]","[2869, 2873]",19,self_attn,q_norm,2,model.layers.19.self_attn.q_norm,aten.mul.Tensor,[],decode,False
2875,self_attn,q_norm,_to_copy,[[d_head]],,,[[d_head]],[],19,self_attn,q_norm,2,model.layers.19.self_attn.q_norm,aten._to_copy.default,[model.layers.19.self_attn.q_norm.weight],decode,True
2876,self_attn,q_norm,elementwise_add,[[d_head]],,,[[d_head]],[2875],19,self_attn,q_norm,2,model.layers.19.self_attn.q_norm,aten.add.Tensor,[model.layers.19.self_attn.q_norm.weight],decode,False
2877,self_attn,q_norm,elementwise_mul,"[[B, 1, n_h, d_head], [d_head]]",,,"[[B, 1, n_h, d_head]]","[2874, 2876]",19,self_attn,q_norm,2,model.layers.19.self_attn.q_norm,aten.mul.Tensor,[],decode,False
2878,self_attn,q_norm,_to_copy,"[[B, 1, n_h, d_head]]",,,"[[B, 1, n_h, d_head]]",[2877],19,self_attn,q_norm,2,model.layers.19.self_attn.q_norm,aten._to_copy.default,[],decode,True
2879,self_attn,,transpose,"[[B, 1, n_h, d_head]]",,,"[[B, n_h, 1, d_head]]",[2878],19,self_attn,,1,model.layers.19.self_attn,aten.transpose.int,[],decode,True
2880,self_attn,k_proj,t,"[[n_kv*d_head, d_model]]","[n_kv*d_head, d_model]",0,"[[d_model, n_kv*d_head]]",[],19,self_attn,k_proj,2,model.layers.19.self_attn.k_proj,aten.t.default,[model.layers.19.self_attn.k_proj.weight],decode,True
2881,self_attn,k_proj,view,"[[B, 1, d_model]]",,,"[[B, d_model]]",[2859],19,self_attn,k_proj,2,model.layers.19.self_attn.k_proj,aten.view.default,[],decode,True
2882,self_attn,k_proj,matmul,"[[B, d_model], [d_model, n_kv*d_head]]","[n_kv*d_head, d_model]",1,"[[B, n_kv*d_head]]","[2880, 2881]",19,self_attn,k_proj,2,model.layers.19.self_attn.k_proj,aten.mm.default,[model.layers.19.self_attn.k_proj.weight],decode,False
2883,self_attn,k_proj,_unsafe_view,"[[B, n_kv*d_head]]",,,"[[B, 1, n_kv*d_head]]",[2882],19,self_attn,k_proj,2,model.layers.19.self_attn.k_proj,aten._unsafe_view.default,[],decode,True
2884,self_attn,,view,"[[B, 1, n_kv*d_head]]",,,"[[B, 1, n_kv, d_head]]",[2883],19,self_attn,,1,model.layers.19.self_attn,aten.view.default,[],decode,True
2885,self_attn,k_norm,_to_copy,"[[B, 1, n_kv, d_head]]",,,"[[B, 1, n_kv, d_head]]",[2884],19,self_attn,k_norm,2,model.layers.19.self_attn.k_norm,aten._to_copy.default,[],decode,True
2886,self_attn,k_norm,pow,"[[B, 1, n_kv, d_head]]",,,"[[B, 1, n_kv, d_head]]",[2885],19,self_attn,k_norm,2,model.layers.19.self_attn.k_norm,aten.pow.Tensor_Scalar,[],decode,False
2887,self_attn,k_norm,mean,"[[B, 1, n_kv, d_head]]",,,"[[B, 1, n_kv, 1]]",[2886],19,self_attn,k_norm,2,model.layers.19.self_attn.k_norm,aten.mean.dim,[],decode,False
2888,self_attn,k_norm,elementwise_add,"[[B, 1, n_kv, 1]]",,,"[[B, 1, n_kv, 1]]",[2887],19,self_attn,k_norm,2,model.layers.19.self_attn.k_norm,aten.add.Tensor,[],decode,False
2889,self_attn,k_norm,rsqrt,"[[B, 1, n_kv, 1]]",,,"[[B, 1, n_kv, 1]]",[2888],19,self_attn,k_norm,2,model.layers.19.self_attn.k_norm,aten.rsqrt.default,[],decode,False
2890,self_attn,k_norm,elementwise_mul,"[[B, 1, n_kv, d_head], [B, 1, n_kv, 1]]",,,"[[B, 1, n_kv, d_head]]","[2885, 2889]",19,self_attn,k_norm,2,model.layers.19.self_attn.k_norm,aten.mul.Tensor,[],decode,False
2891,self_attn,k_norm,_to_copy,[[d_head]],,,[[d_head]],[],19,self_attn,k_norm,2,model.layers.19.self_attn.k_norm,aten._to_copy.default,[model.layers.19.self_attn.k_norm.weight],decode,True
2892,self_attn,k_norm,elementwise_add,[[d_head]],,,[[d_head]],[2891],19,self_attn,k_norm,2,model.layers.19.self_attn.k_norm,aten.add.Tensor,[model.layers.19.self_attn.k_norm.weight],decode,False
2893,self_attn,k_norm,elementwise_mul,"[[B, 1, n_kv, d_head], [d_head]]",,,"[[B, 1, n_kv, d_head]]","[2890, 2892]",19,self_attn,k_norm,2,model.layers.19.self_attn.k_norm,aten.mul.Tensor,[],decode,False
2894,self_attn,k_norm,_to_copy,"[[B, 1, n_kv, d_head]]",,,"[[B, 1, n_kv, d_head]]",[2893],19,self_attn,k_norm,2,model.layers.19.self_attn.k_norm,aten._to_copy.default,[],decode,True
2895,self_attn,,transpose,"[[B, 1, n_kv, d_head]]",,,"[[B, n_kv, 1, d_head]]",[2894],19,self_attn,,1,model.layers.19.self_attn,aten.transpose.int,[],decode,True
2896,self_attn,v_proj,t,"[[n_kv*d_head, d_model]]","[n_kv*d_head, d_model]",0,"[[d_model, n_kv*d_head]]",[],19,self_attn,v_proj,2,model.layers.19.self_attn.v_proj,aten.t.default,[model.layers.19.self_attn.v_proj.weight],decode,True
2897,self_attn,v_proj,view,"[[B, 1, d_model]]",,,"[[B, d_model]]",[2859],19,self_attn,v_proj,2,model.layers.19.self_attn.v_proj,aten.view.default,[],decode,True
2898,self_attn,v_proj,matmul,"[[B, d_model], [d_model, n_kv*d_head]]","[n_kv*d_head, d_model]",1,"[[B, n_kv*d_head]]","[2896, 2897]",19,self_attn,v_proj,2,model.layers.19.self_attn.v_proj,aten.mm.default,[model.layers.19.self_attn.v_proj.weight],decode,False
2899,self_attn,v_proj,_unsafe_view,"[[B, n_kv*d_head]]",,,"[[B, 1, n_kv*d_head]]",[2898],19,self_attn,v_proj,2,model.layers.19.self_attn.v_proj,aten._unsafe_view.default,[],decode,True
2900,self_attn,,view,"[[B, 1, n_kv*d_head]]",,,"[[B, 1, n_kv, d_head]]",[2899],19,self_attn,,1,model.layers.19.self_attn,aten.view.default,[],decode,True
2901,self_attn,,transpose,"[[B, 1, n_kv, d_head]]",,,"[[B, n_kv, 1, d_head]]",[2900],19,self_attn,,1,model.layers.19.self_attn,aten.transpose.int,[],decode,True
2902,self_attn,,unsqueeze,"[[B, 1, d_rope]]",,,"[[B, 1, 1, d_rope]]",[54],19,self_attn,,1,model.layers.19.self_attn,aten.unsqueeze.default,[],decode,True
2903,self_attn,,unsqueeze,"[[B, 1, d_rope]]",,,"[[B, 1, 1, d_rope]]",[55],19,self_attn,,1,model.layers.19.self_attn,aten.unsqueeze.default,[],decode,True
2904,self_attn,,slice,"[[B, n_h, 1, d_head]]",,,"[[B, n_h, 1, d_rope]]",[2879],19,self_attn,,1,model.layers.19.self_attn,aten.slice.Tensor,[],decode,True
2905,self_attn,,slice,"[[B, n_h, 1, d_head]]",,,"[[B, n_h, 1, d_head-d_rope]]",[2879],19,self_attn,,1,model.layers.19.self_attn,aten.slice.Tensor,[],decode,True
2906,self_attn,,slice,"[[B, n_kv, 1, d_head]]",,,"[[B, n_kv, 1, d_rope]]",[2895],19,self_attn,,1,model.layers.19.self_attn,aten.slice.Tensor,[],decode,True
2907,self_attn,,slice,"[[B, n_kv, 1, d_head]]",,,"[[B, n_kv, 1, d_head-d_rope]]",[2895],19,self_attn,,1,model.layers.19.self_attn,aten.slice.Tensor,[],decode,True
2908,self_attn,,elementwise_mul,"[[B, n_h, 1, d_rope], [B, 1, 1, d_rope]]",,,"[[B, n_h, 1, d_rope]]","[2902, 2904]",19,self_attn,,1,model.layers.19.self_attn,aten.mul.Tensor,[],decode,False
2909,self_attn,,slice,"[[B, n_h, 1, d_rope]]",,,"[[B, n_h, 1, d_rope/2]]",[2904],19,self_attn,,1,model.layers.19.self_attn,aten.slice.Tensor,[],decode,True
2910,self_attn,,slice,"[[B, n_h, 1, d_rope]]",,,"[[B, n_h, 1, d_rope/2]]",[2904],19,self_attn,,1,model.layers.19.self_attn,aten.slice.Tensor,[],decode,True
2911,self_attn,,neg,"[[B, n_h, 1, d_rope/2]]",,,"[[B, n_h, 1, d_rope/2]]",[2910],19,self_attn,,1,model.layers.19.self_attn,aten.neg.default,[],decode,False
2912,self_attn,,concat,"[[B, n_h, 1, d_rope/2], [B, n_h, 1, d_rope/2]]",,,"[[B, n_h, 1, d_rope]]","[2909, 2911]",19,self_attn,,1,model.layers.19.self_attn,aten.cat.default,[],decode,False
2913,self_attn,,elementwise_mul,"[[B, n_h, 1, d_rope], [B, 1, 1, d_rope]]",,,"[[B, n_h, 1, d_rope]]","[2903, 2912]",19,self_attn,,1,model.layers.19.self_attn,aten.mul.Tensor,[],decode,False
2914,self_attn,,elementwise_add,"[[B, n_h, 1, d_rope], [B, n_h, 1, d_rope]]",,,"[[B, n_h, 1, d_rope]]","[2908, 2913]",19,self_attn,,1,model.layers.19.self_attn,aten.add.Tensor,[],decode,False
2915,self_attn,,elementwise_mul,"[[B, n_kv, 1, d_rope], [B, 1, 1, d_rope]]",,,"[[B, n_kv, 1, d_rope]]","[2902, 2906]",19,self_attn,,1,model.layers.19.self_attn,aten.mul.Tensor,[],decode,False
2916,self_attn,,slice,"[[B, n_kv, 1, d_rope]]",,,"[[B, n_kv, 1, d_rope/2]]",[2906],19,self_attn,,1,model.layers.19.self_attn,aten.slice.Tensor,[],decode,True
2917,self_attn,,slice,"[[B, n_kv, 1, d_rope]]",,,"[[B, n_kv, 1, d_rope/2]]",[2906],19,self_attn,,1,model.layers.19.self_attn,aten.slice.Tensor,[],decode,True
2918,self_attn,,neg,"[[B, n_kv, 1, d_rope/2]]",,,"[[B, n_kv, 1, d_rope/2]]",[2917],19,self_attn,,1,model.layers.19.self_attn,aten.neg.default,[],decode,False
2919,self_attn,,concat,"[[B, n_kv, 1, d_rope/2], [B, n_kv, 1, d_rope/2]]",,,"[[B, n_kv, 1, d_rope]]","[2916, 2918]",19,self_attn,,1,model.layers.19.self_attn,aten.cat.default,[],decode,False
2920,self_attn,,elementwise_mul,"[[B, n_kv, 1, d_rope], [B, 1, 1, d_rope]]",,,"[[B, n_kv, 1, d_rope]]","[2903, 2919]",19,self_attn,,1,model.layers.19.self_attn,aten.mul.Tensor,[],decode,False
2921,self_attn,,elementwise_add,"[[B, n_kv, 1, d_rope], [B, n_kv, 1, d_rope]]",,,"[[B, n_kv, 1, d_rope]]","[2915, 2920]",19,self_attn,,1,model.layers.19.self_attn,aten.add.Tensor,[],decode,False
2922,self_attn,,concat,"[[B, n_h, 1, d_rope], [B, n_h, 1, d_head-d_rope]]",,,"[[B, n_h, 1, d_head]]","[2905, 2914]",19,self_attn,,1,model.layers.19.self_attn,aten.cat.default,[],decode,False
2923,self_attn,,concat,"[[B, n_kv, 1, d_rope], [B, n_kv, 1, d_head-d_rope]]",,,"[[B, n_kv, 1, d_head]]","[2907, 2921]",19,self_attn,,1,model.layers.19.self_attn,aten.cat.default,[],decode,False
2924,self_attn,,concat,"[[B, n_kv, T, d_head], [B, n_kv, 1, d_head]]",,,"[[B, n_kv, T+1, d_head]]",[2923],19,self_attn,,1,model.layers.19.self_attn,aten.cat.default,[],decode,False
2925,self_attn,,concat,"[[B, n_kv, T, d_head], [B, n_kv, 1, d_head]]",,,"[[B, n_kv, T+1, d_head]]",[2901],19,self_attn,,1,model.layers.19.self_attn,aten.cat.default,[],decode,False
2926,self_attn,,unsqueeze,"[[B, n_kv, T+1, d_head]]",,,"[[B, n_kv, 1, T+1, d_head]]",[2924],19,self_attn,,1,model.layers.19.self_attn,aten.unsqueeze.default,[],decode,True
2927,self_attn,,expand,"[[B, n_kv, 1, T+1, d_head]]",,,"[[B, n_kv, n_h/n_kv, T+1, d_head]]",[2926],19,self_attn,,1,model.layers.19.self_attn,aten.expand.default,[],decode,True
2928,self_attn,,clone,"[[B, n_kv, n_h/n_kv, T+1, d_head]]",,,"[[B, n_kv, n_h/n_kv, T+1, d_head]]",[2927],19,self_attn,,1,model.layers.19.self_attn,aten.clone.default,[],decode,True
2929,self_attn,,_unsafe_view,"[[B, n_kv, n_h/n_kv, T+1, d_head]]",,,"[[B, n_h, T+1, d_head]]",[2928],19,self_attn,,1,model.layers.19.self_attn,aten._unsafe_view.default,[],decode,True
2930,self_attn,,unsqueeze,"[[B, n_kv, T+1, d_head]]",,,"[[B, n_kv, 1, T+1, d_head]]",[2925],19,self_attn,,1,model.layers.19.self_attn,aten.unsqueeze.default,[],decode,True
2931,self_attn,,expand,"[[B, n_kv, 1, T+1, d_head]]",,,"[[B, n_kv, n_h/n_kv, T+1, d_head]]",[2930],19,self_attn,,1,model.layers.19.self_attn,aten.expand.default,[],decode,True
2932,self_attn,,clone,"[[B, n_kv, n_h/n_kv, T+1, d_head]]",,,"[[B, n_kv, n_h/n_kv, T+1, d_head]]",[2931],19,self_attn,,1,model.layers.19.self_attn,aten.clone.default,[],decode,True
2933,self_attn,,_unsafe_view,"[[B, n_kv, n_h/n_kv, T+1, d_head]]",,,"[[B, n_h, T+1, d_head]]",[2932],19,self_attn,,1,model.layers.19.self_attn,aten._unsafe_view.default,[],decode,True
2934,self_attn,,transpose,"[[B, n_h, T+1, d_head]]",,,"[[B, n_h, d_head, T+1]]",[2929],19,self_attn,,1,model.layers.19.self_attn,aten.transpose.int,[],decode,True
2935,self_attn,,expand,"[[B, n_h, 1, d_head]]",,,"[[B, n_h, 1, d_head]]",[2922],19,self_attn,,1,model.layers.19.self_attn,aten.expand.default,[],decode,True
2936,self_attn,,view,"[[B, n_h, 1, d_head]]",,,"[[n_h, B, d_head]]",[2935],19,self_attn,,1,model.layers.19.self_attn,aten.view.default,[],decode,True
2937,self_attn,,expand,"[[B, n_h, d_head, T+1]]",,,"[[B, n_h, d_head, T+1]]",[2934],19,self_attn,,1,model.layers.19.self_attn,aten.expand.default,[],decode,True
2938,self_attn,,view,"[[B, n_h, d_head, T+1]]",,,"[[n_h, d_head, T+1]]",[2937],19,self_attn,,1,model.layers.19.self_attn,aten.view.default,[],decode,True
2939,self_attn,,batched_matmul,"[[n_h, B, d_head], [n_h, d_head, T+1]]",,,"[[n_h, B, T+1]]","[2936, 2938]",19,self_attn,,1,model.layers.19.self_attn,aten.bmm.default,[],decode,False
2940,self_attn,,_unsafe_view,"[[n_h, B, T+1]]",,,"[[B, n_h, 1, T+1]]",[2939],19,self_attn,,1,model.layers.19.self_attn,aten._unsafe_view.default,[],decode,True
2941,self_attn,,elementwise_mul,"[[B, n_h, 1, T+1]]",,,"[[B, n_h, 1, T+1]]",[2940],19,self_attn,,1,model.layers.19.self_attn,aten.mul.Tensor,[],decode,False
2942,self_attn,,elementwise_add,"[[B, n_h, 1, T+1], [B, 1, 1, T+1]]",,,"[[B, n_h, 1, T+1]]","[26, 2941]",19,self_attn,,1,model.layers.19.self_attn,aten.add.Tensor,[],decode,False
2943,self_attn,,_to_copy,"[[B, n_h, 1, T+1]]",,,"[[B, n_h, 1, T+1]]",[2942],19,self_attn,,1,model.layers.19.self_attn,aten._to_copy.default,[],decode,True
2944,self_attn,,softmax,"[[B, n_h, 1, T+1]]",,,"[[B, n_h, 1, T+1]]",[2943],19,self_attn,,1,model.layers.19.self_attn,aten._softmax.default,[],decode,False
2945,self_attn,,_to_copy,"[[B, n_h, 1, T+1]]",,,"[[B, n_h, 1, T+1]]",[2944],19,self_attn,,1,model.layers.19.self_attn,aten._to_copy.default,[],decode,True
2946,self_attn,,expand,"[[B, n_h, 1, T+1]]",,,"[[B, n_h, 1, T+1]]",[2945],19,self_attn,,1,model.layers.19.self_attn,aten.expand.default,[],decode,True
2947,self_attn,,view,"[[B, n_h, 1, T+1]]",,,"[[n_h, B, T+1]]",[2946],19,self_attn,,1,model.layers.19.self_attn,aten.view.default,[],decode,True
2948,self_attn,,expand,"[[B, n_h, T+1, d_head]]",,,"[[B, n_h, T+1, d_head]]",[2933],19,self_attn,,1,model.layers.19.self_attn,aten.expand.default,[],decode,True
2949,self_attn,,view,"[[B, n_h, T+1, d_head]]",,,"[[n_h, T+1, d_head]]",[2948],19,self_attn,,1,model.layers.19.self_attn,aten.view.default,[],decode,True
2950,self_attn,,batched_matmul,"[[n_h, B, T+1], [n_h, T+1, d_head]]",,,"[[n_h, B, d_head]]","[2947, 2949]",19,self_attn,,1,model.layers.19.self_attn,aten.bmm.default,[],decode,False
2951,self_attn,,_unsafe_view,"[[n_h, B, d_head]]",,,"[[B, n_h, 1, d_head]]",[2950],19,self_attn,,1,model.layers.19.self_attn,aten._unsafe_view.default,[],decode,True
2952,self_attn,,transpose,"[[B, n_h, 1, d_head]]",,,"[[B, 1, n_h, d_head]]",[2951],19,self_attn,,1,model.layers.19.self_attn,aten.transpose.int,[],decode,True
2953,self_attn,,view,"[[B, 1, n_h, d_head]]",,,"[[B, 1, n_h*d_head]]",[2952],19,self_attn,,1,model.layers.19.self_attn,aten.view.default,[],decode,True
2954,self_attn,,sigmoid,"[[B, 1, n_h*d_head]]",,,"[[B, 1, n_h*d_head]]",[2867],19,self_attn,,1,model.layers.19.self_attn,aten.sigmoid.default,[],decode,False
2955,self_attn,,elementwise_mul,"[[B, 1, n_h*d_head], [B, 1, n_h*d_head]]",,,"[[B, 1, n_h*d_head]]","[2953, 2954]",19,self_attn,,1,model.layers.19.self_attn,aten.mul.Tensor,[],decode,False
2956,self_attn,o_proj,t,"[[d_model, n_h*d_head]]","[d_model, n_h*d_head]",0,"[[n_h*d_head, d_model]]",[],19,self_attn,o_proj,2,model.layers.19.self_attn.o_proj,aten.t.default,[model.layers.19.self_attn.o_proj.weight],decode,True
2957,self_attn,o_proj,view,"[[B, 1, n_h*d_head]]",,,"[[B, n_h*d_head]]",[2955],19,self_attn,o_proj,2,model.layers.19.self_attn.o_proj,aten.view.default,[],decode,True
2958,self_attn,o_proj,matmul,"[[B, n_h*d_head], [n_h*d_head, d_model]]","[d_model, n_h*d_head]",1,"[[B, d_model]]","[2956, 2957]",19,self_attn,o_proj,2,model.layers.19.self_attn.o_proj,aten.mm.default,[model.layers.19.self_attn.o_proj.weight],decode,False
2959,self_attn,o_proj,_unsafe_view,"[[B, d_model]]",,,"[[B, 1, d_model]]",[2958],19,self_attn,o_proj,2,model.layers.19.self_attn.o_proj,aten._unsafe_view.default,[],decode,True
2960,,,elementwise_add,"[[B, 1, d_model], [B, 1, d_model]]",,,"[[B, 1, d_model]]","[2849, 2959]",19,,,0,model.layers.19,aten.add.Tensor,[],decode,False
2961,post_attention_layernorm,,_to_copy,"[[B, 1, d_model]]",,,"[[B, 1, d_model]]",[2960],19,post_attention_layernorm,,1,model.layers.19.post_attention_layernorm,aten._to_copy.default,[],decode,True
2962,post_attention_layernorm,,pow,"[[B, 1, d_model]]",,,"[[B, 1, d_model]]",[2961],19,post_attention_layernorm,,1,model.layers.19.post_attention_layernorm,aten.pow.Tensor_Scalar,[],decode,False
2963,post_attention_layernorm,,mean,"[[B, 1, d_model]]",,,"[[B, 1, 1]]",[2962],19,post_attention_layernorm,,1,model.layers.19.post_attention_layernorm,aten.mean.dim,[],decode,False
2964,post_attention_layernorm,,elementwise_add,"[[B, 1, 1]]",,,"[[B, 1, 1]]",[2963],19,post_attention_layernorm,,1,model.layers.19.post_attention_layernorm,aten.add.Tensor,[],decode,False
2965,post_attention_layernorm,,rsqrt,"[[B, 1, 1]]",,,"[[B, 1, 1]]",[2964],19,post_attention_layernorm,,1,model.layers.19.post_attention_layernorm,aten.rsqrt.default,[],decode,False
2966,post_attention_layernorm,,elementwise_mul,"[[B, 1, d_model], [B, 1, 1]]",,,"[[B, 1, d_model]]","[2961, 2965]",19,post_attention_layernorm,,1,model.layers.19.post_attention_layernorm,aten.mul.Tensor,[],decode,False
2967,post_attention_layernorm,,_to_copy,[[d_model]],,,[[d_model]],[],19,post_attention_layernorm,,1,model.layers.19.post_attention_layernorm,aten._to_copy.default,[model.layers.19.post_attention_layernorm.weight],decode,True
2968,post_attention_layernorm,,elementwise_add,[[d_model]],,,[[d_model]],[2967],19,post_attention_layernorm,,1,model.layers.19.post_attention_layernorm,aten.add.Tensor,[model.layers.19.post_attention_layernorm.weight],decode,False
2969,post_attention_layernorm,,elementwise_mul,"[[B, 1, d_model], [d_model]]",,,"[[B, 1, d_model]]","[2966, 2968]",19,post_attention_layernorm,,1,model.layers.19.post_attention_layernorm,aten.mul.Tensor,[],decode,False
2970,post_attention_layernorm,,_to_copy,"[[B, 1, d_model]]",,,"[[B, 1, d_model]]",[2969],19,post_attention_layernorm,,1,model.layers.19.post_attention_layernorm,aten._to_copy.default,[],decode,True
2971,mlp,gate_proj,t,"[[d_ff, d_model]]","[d_ff, d_model]",0,"[[d_model, d_ff]]",[],19,mlp,gate_proj,2,model.layers.19.mlp.gate_proj,aten.t.default,[model.layers.19.mlp.gate_proj.weight],decode,True
2972,mlp,gate_proj,view,"[[B, 1, d_model]]",,,"[[B, d_model]]",[2970],19,mlp,gate_proj,2,model.layers.19.mlp.gate_proj,aten.view.default,[],decode,True
2973,mlp,gate_proj,matmul,"[[B, d_model], [d_model, d_ff]]","[d_ff, d_model]",1,"[[B, d_ff]]","[2971, 2972]",19,mlp,gate_proj,2,model.layers.19.mlp.gate_proj,aten.mm.default,[model.layers.19.mlp.gate_proj.weight],decode,False
2974,mlp,gate_proj,_unsafe_view,"[[B, d_ff]]",,,"[[B, 1, d_ff]]",[2973],19,mlp,gate_proj,2,model.layers.19.mlp.gate_proj,aten._unsafe_view.default,[],decode,True
2975,mlp,act_fn,silu,"[[B, 1, d_ff]]",,,"[[B, 1, d_ff]]",[2974],19,mlp,act_fn,2,model.layers.19.mlp.act_fn,aten.silu.default,[],decode,False
2976,mlp,up_proj,t,"[[d_ff, d_model]]","[d_ff, d_model]",0,"[[d_model, d_ff]]",[],19,mlp,up_proj,2,model.layers.19.mlp.up_proj,aten.t.default,[model.layers.19.mlp.up_proj.weight],decode,True
2977,mlp,up_proj,view,"[[B, 1, d_model]]",,,"[[B, d_model]]",[2970],19,mlp,up_proj,2,model.layers.19.mlp.up_proj,aten.view.default,[],decode,True
2978,mlp,up_proj,matmul,"[[B, d_model], [d_model, d_ff]]","[d_ff, d_model]",1,"[[B, d_ff]]","[2976, 2977]",19,mlp,up_proj,2,model.layers.19.mlp.up_proj,aten.mm.default,[model.layers.19.mlp.up_proj.weight],decode,False
2979,mlp,up_proj,_unsafe_view,"[[B, d_ff]]",,,"[[B, 1, d_ff]]",[2978],19,mlp,up_proj,2,model.layers.19.mlp.up_proj,aten._unsafe_view.default,[],decode,True
2980,mlp,,elementwise_mul,"[[B, 1, d_ff], [B, 1, d_ff]]",,,"[[B, 1, d_ff]]","[2975, 2979]",19,mlp,,1,model.layers.19.mlp,aten.mul.Tensor,[],decode,False
2981,mlp,down_proj,t,"[[d_model, d_ff]]","[d_model, d_ff]",0,"[[d_ff, d_model]]",[],19,mlp,down_proj,2,model.layers.19.mlp.down_proj,aten.t.default,[model.layers.19.mlp.down_proj.weight],decode,True
2982,mlp,down_proj,view,"[[B, 1, d_ff]]",,,"[[B, d_ff]]",[2980],19,mlp,down_proj,2,model.layers.19.mlp.down_proj,aten.view.default,[],decode,True
2983,mlp,down_proj,matmul,"[[B, d_ff], [d_ff, d_model]]","[d_model, d_ff]",1,"[[B, d_model]]","[2981, 2982]",19,mlp,down_proj,2,model.layers.19.mlp.down_proj,aten.mm.default,[model.layers.19.mlp.down_proj.weight],decode,False
2984,mlp,down_proj,_unsafe_view,"[[B, d_model]]",,,"[[B, 1, d_model]]",[2983],19,mlp,down_proj,2,model.layers.19.mlp.down_proj,aten._unsafe_view.default,[],decode,True
2985,,,elementwise_add,"[[B, 1, d_model], [B, 1, d_model]]",,,"[[B, 1, d_model]]","[2960, 2984]",19,,,0,model.layers.19,aten.add.Tensor,[],decode,False
2986,input_layernorm,,_to_copy,"[[B, 1, d_model]]",,,"[[B, 1, d_model]]",[2985],20,input_layernorm,,1,model.layers.20.input_layernorm,aten._to_copy.default,[],decode,True
2987,input_layernorm,,pow,"[[B, 1, d_model]]",,,"[[B, 1, d_model]]",[2986],20,input_layernorm,,1,model.layers.20.input_layernorm,aten.pow.Tensor_Scalar,[],decode,False
2988,input_layernorm,,mean,"[[B, 1, d_model]]",,,"[[B, 1, 1]]",[2987],20,input_layernorm,,1,model.layers.20.input_layernorm,aten.mean.dim,[],decode,False
2989,input_layernorm,,elementwise_add,"[[B, 1, 1]]",,,"[[B, 1, 1]]",[2988],20,input_layernorm,,1,model.layers.20.input_layernorm,aten.add.Tensor,[],decode,False
2990,input_layernorm,,rsqrt,"[[B, 1, 1]]",,,"[[B, 1, 1]]",[2989],20,input_layernorm,,1,model.layers.20.input_layernorm,aten.rsqrt.default,[],decode,False
2991,input_layernorm,,elementwise_mul,"[[B, 1, d_model], [B, 1, 1]]",,,"[[B, 1, d_model]]","[2986, 2990]",20,input_layernorm,,1,model.layers.20.input_layernorm,aten.mul.Tensor,[],decode,False
2992,input_layernorm,,_to_copy,[[d_model]],,,[[d_model]],[],20,input_layernorm,,1,model.layers.20.input_layernorm,aten._to_copy.default,[model.layers.20.input_layernorm.weight],decode,True
2993,input_layernorm,,elementwise_add,[[d_model]],,,[[d_model]],[2992],20,input_layernorm,,1,model.layers.20.input_layernorm,aten.add.Tensor,[model.layers.20.input_layernorm.weight],decode,False
2994,input_layernorm,,elementwise_mul,"[[B, 1, d_model], [d_model]]",,,"[[B, 1, d_model]]","[2991, 2993]",20,input_layernorm,,1,model.layers.20.input_layernorm,aten.mul.Tensor,[],decode,False
2995,input_layernorm,,_to_copy,"[[B, 1, d_model]]",,,"[[B, 1, d_model]]",[2994],20,input_layernorm,,1,model.layers.20.input_layernorm,aten._to_copy.default,[],decode,True
2996,linear_attn,in_proj_qkv,t,"[[2*d_k_lin+d_v_lin, d_model]]","[2*d_k_lin+d_v_lin, d_model]",0,"[[d_model, 2*d_k_lin+d_v_lin]]",[],20,linear_attn,in_proj_qkv,2,model.layers.20.linear_attn.in_proj_qkv,aten.t.default,[model.layers.20.linear_attn.in_proj_qkv.weight],decode,True
2997,linear_attn,in_proj_qkv,view,"[[B, 1, d_model]]",,,"[[B, d_model]]",[2995],20,linear_attn,in_proj_qkv,2,model.layers.20.linear_attn.in_proj_qkv,aten.view.default,[],decode,True
2998,linear_attn,in_proj_qkv,matmul,"[[B, d_model], [d_model, 2*d_k_lin+d_v_lin]]","[2*d_k_lin+d_v_lin, d_model]",1,"[[B, 2*d_k_lin+d_v_lin]]","[2996, 2997]",20,linear_attn,in_proj_qkv,2,model.layers.20.linear_attn.in_proj_qkv,aten.mm.default,[model.layers.20.linear_attn.in_proj_qkv.weight],decode,False
2999,linear_attn,in_proj_qkv,_unsafe_view,"[[B, 2*d_k_lin+d_v_lin]]",,,"[[B, 1, 2*d_k_lin+d_v_lin]]",[2998],20,linear_attn,in_proj_qkv,2,model.layers.20.linear_attn.in_proj_qkv,aten._unsafe_view.default,[],decode,True
3000,linear_attn,,transpose,"[[B, 1, 2*d_k_lin+d_v_lin]]",,,"[[B, 2*d_k_lin+d_v_lin, 1]]",[2999],20,linear_attn,,1,model.layers.20.linear_attn,aten.transpose.int,[],decode,True
3001,linear_attn,in_proj_z,t,"[[n_v*d_v, d_model]]","[n_v*d_v, d_model]",0,"[[d_model, n_v*d_v]]",[],20,linear_attn,in_proj_z,2,model.layers.20.linear_attn.in_proj_z,aten.t.default,[model.layers.20.linear_attn.in_proj_z.weight],decode,True
3002,linear_attn,in_proj_z,view,"[[B, 1, d_model]]",,,"[[B, d_model]]",[2995],20,linear_attn,in_proj_z,2,model.layers.20.linear_attn.in_proj_z,aten.view.default,[],decode,True
3003,linear_attn,in_proj_z,matmul,"[[B, d_model], [d_model, n_v*d_v]]","[n_v*d_v, d_model]",1,"[[B, n_v*d_v]]","[3001, 3002]",20,linear_attn,in_proj_z,2,model.layers.20.linear_attn.in_proj_z,aten.mm.default,[model.layers.20.linear_attn.in_proj_z.weight],decode,False
3004,linear_attn,in_proj_z,_unsafe_view,"[[B, n_v*d_v]]",,,"[[B, 1, n_v*d_v]]",[3003],20,linear_attn,in_proj_z,2,model.layers.20.linear_attn.in_proj_z,aten._unsafe_view.default,[],decode,True
3005,linear_attn,,view,"[[B, 1, n_v*d_v]]",,,"[[B, 1, n_h_lin_v, d_head_lin_v]]",[3004],20,linear_attn,,1,model.layers.20.linear_attn,aten.view.default,[],decode,True
3006,linear_attn,in_proj_b,t,"[[n_h_lin_v, d_model]]","[n_h_lin_v, d_model]",0,"[[d_model, n_h_lin_v]]",[],20,linear_attn,in_proj_b,2,model.layers.20.linear_attn.in_proj_b,aten.t.default,[model.layers.20.linear_attn.in_proj_b.weight],decode,True
3007,linear_attn,in_proj_b,view,"[[B, 1, d_model]]",,,"[[B, d_model]]",[2995],20,linear_attn,in_proj_b,2,model.layers.20.linear_attn.in_proj_b,aten.view.default,[],decode,True
3008,linear_attn,in_proj_b,matmul,"[[B, d_model], [d_model, n_h_lin_v]]","[n_h_lin_v, d_model]",1,"[[B, n_h_lin_v]]","[3006, 3007]",20,linear_attn,in_proj_b,2,model.layers.20.linear_attn.in_proj_b,aten.mm.default,[model.layers.20.linear_attn.in_proj_b.weight],decode,False
3009,linear_attn,in_proj_b,_unsafe_view,"[[B, n_h_lin_v]]",,,"[[B, 1, n_h_lin_v]]",[3008],20,linear_attn,in_proj_b,2,model.layers.20.linear_attn.in_proj_b,aten._unsafe_view.default,[],decode,True
3010,linear_attn,in_proj_a,t,"[[n_h_lin_v, d_model]]","[n_h_lin_v, d_model]",0,"[[d_model, n_h_lin_v]]",[],20,linear_attn,in_proj_a,2,model.layers.20.linear_attn.in_proj_a,aten.t.default,[model.layers.20.linear_attn.in_proj_a.weight],decode,True
3011,linear_attn,in_proj_a,view,"[[B, 1, d_model]]",,,"[[B, d_model]]",[2995],20,linear_attn,in_proj_a,2,model.layers.20.linear_attn.in_proj_a,aten.view.default,[],decode,True
3012,linear_attn,in_proj_a,matmul,"[[B, d_model], [d_model, n_h_lin_v]]","[n_h_lin_v, d_model]",1,"[[B, n_h_lin_v]]","[3010, 3011]",20,linear_attn,in_proj_a,2,model.layers.20.linear_attn.in_proj_a,aten.mm.default,[model.layers.20.linear_attn.in_proj_a.weight],decode,False
3013,linear_attn,in_proj_a,_unsafe_view,"[[B, n_h_lin_v]]",,,"[[B, 1, n_h_lin_v]]",[3012],20,linear_attn,in_proj_a,2,model.layers.20.linear_attn.in_proj_a,aten._unsafe_view.default,[],decode,True
3014,linear_attn,,squeeze,"[[2*d_k_lin+d_v_lin, 1, d_conv_lin]]","[2*d_k_lin+d_v_lin, 1, d_conv_lin]",0,"[[2*d_k_lin+d_v_lin, d_conv_lin]]",[],20,linear_attn,,1,model.layers.20.linear_attn,aten.squeeze.dim,[model.layers.20.linear_attn.conv1d.weight],decode,True
3015,linear_attn,,concat,"[[B, 2*d_k_lin+d_v_lin, d_conv_lin], [B, 2*d_k_lin+d_v_lin, 1]]",,,"[[B, 2*d_k_lin+d_v_lin, 5]]",[3000],20,linear_attn,,1,model.layers.20.linear_attn,aten.cat.default,[],decode,False
3016,linear_attn,,slice,"[[B, 2*d_k_lin+d_v_lin, 5]]",,,"[[B, 2*d_k_lin+d_v_lin, d_conv_lin]]",[3015],20,linear_attn,,1,model.layers.20.linear_attn,aten.slice.Tensor,[],decode,True
3017,linear_attn,,copy_,"[[B, 2*d_k_lin+d_v_lin, d_conv_lin], [B, 2*d_k_lin+d_v_lin, d_conv_lin]]",,,"[[B, 2*d_k_lin+d_v_lin, d_conv_lin]]",[3016],20,linear_attn,,1,model.layers.20.linear_attn,aten.copy_.default,[],decode,True
3018,linear_attn,,unsqueeze,"[[2*d_k_lin+d_v_lin, d_conv_lin]]",,,"[[2*d_k_lin+d_v_lin, 1, d_conv_lin]]",[3014],20,linear_attn,,1,model.layers.20.linear_attn,aten.unsqueeze.default,[],decode,True
3019,linear_attn,,conv1d,"[[B, 2*d_k_lin+d_v_lin, 5], [2*d_k_lin+d_v_lin, 1, d_conv_lin]]",,,"[[B, 2*d_k_lin+d_v_lin, 2]]","[3015, 3018]",20,linear_attn,,1,model.layers.20.linear_attn,aten.convolution.default,[],decode,False
3020,linear_attn,,slice,"[[B, 2*d_k_lin+d_v_lin, 2]]",,,"[[B, 2*d_k_lin+d_v_lin, 1]]",[3019],20,linear_attn,,1,model.layers.20.linear_attn,aten.slice.Tensor,[],decode,True
3021,linear_attn,,silu,"[[B, 2*d_k_lin+d_v_lin, 1]]",,,"[[B, 2*d_k_lin+d_v_lin, 1]]",[3020],20,linear_attn,,1,model.layers.20.linear_attn,aten.silu.default,[],decode,False
3022,linear_attn,,transpose,"[[B, 2*d_k_lin+d_v_lin, 1]]",,,"[[B, 1, 2*d_k_lin+d_v_lin]]",[3021],20,linear_attn,,1,model.layers.20.linear_attn,aten.transpose.int,[],decode,True
3023,linear_attn,,split_with_sizes,"[[B, 1, 2*d_k_lin+d_v_lin]]",,,"[[B, 1, n_k*d_k], [B, 1, n_k*d_k], [B, 1, n_v*d_v]]",[3022],20,linear_attn,,1,model.layers.20.linear_attn,aten.split_with_sizes.default,[],decode,True
3024,linear_attn,,view,"[[B, 1, n_k*d_k]]",,,"[[B, 1, n_h_lin_k, d_head_lin_k]]",[3023],20,linear_attn,,1,model.layers.20.linear_attn,aten.view.default,[],decode,True
3025,linear_attn,,view,"[[B, 1, n_k*d_k]]",,,"[[B, 1, n_h_lin_k, d_head_lin_k]]",[3023],20,linear_attn,,1,model.layers.20.linear_attn,aten.view.default,[],decode,True
3026,linear_attn,,view,"[[B, 1, n_v*d_v]]",,,"[[B, 1, n_h_lin_v, d_head_lin_v]]",[3023],20,linear_attn,,1,model.layers.20.linear_attn,aten.view.default,[],decode,True
3027,linear_attn,,sigmoid,"[[B, 1, n_h_lin_v]]",,,"[[B, 1, n_h_lin_v]]",[3009],20,linear_attn,,1,model.layers.20.linear_attn,aten.sigmoid.default,[],decode,False
3028,linear_attn,,_to_copy,[[n_h_lin_v]],,,[[n_h_lin_v]],[],20,linear_attn,,1,model.layers.20.linear_attn,aten._to_copy.default,[model.layers.20.linear_attn.A_log],decode,True
3029,linear_attn,,exp,[[n_h_lin_v]],,,[[n_h_lin_v]],[3028],20,linear_attn,,1,model.layers.20.linear_attn,aten.exp.default,[model.layers.20.linear_attn.A_log],decode,False
3030,linear_attn,,neg,[[n_h_lin_v]],,,[[n_h_lin_v]],[3029],20,linear_attn,,1,model.layers.20.linear_attn,aten.neg.default,[],decode,False
3031,linear_attn,,_to_copy,"[[B, 1, n_h_lin_v]]",,,"[[B, 1, n_h_lin_v]]",[3013],20,linear_attn,,1,model.layers.20.linear_attn,aten._to_copy.default,[],decode,True
3032,linear_attn,,elementwise_add,"[[B, 1, n_h_lin_v], [n_h_lin_v]]",,,"[[B, 1, n_h_lin_v]]",[3031],20,linear_attn,,1,model.layers.20.linear_attn,aten.add.Tensor,[model.layers.20.linear_attn.dt_bias],decode,False
3033,linear_attn,,softplus,"[[B, 1, n_h_lin_v]]",,,"[[B, 1, n_h_lin_v]]",[3032],20,linear_attn,,1,model.layers.20.linear_attn,aten.softplus.default,[],decode,True
3034,linear_attn,,elementwise_mul,"[[n_h_lin_v], [B, 1, n_h_lin_v]]",,,"[[B, 1, n_h_lin_v]]","[3030, 3033]",20,linear_attn,,1,model.layers.20.linear_attn,aten.mul.Tensor,[],decode,False
3035,linear_attn,,unsqueeze,"[[B, 1, n_h_lin_k, d_head_lin_k]]",,,"[[B, 1, n_h_lin_k, 1, d_head_lin_k]]",[3024],20,linear_attn,,1,model.layers.20.linear_attn,aten.unsqueeze.default,[],decode,True
3036,linear_attn,,expand,"[[B, 1, n_h_lin_k, 1, d_head_lin_k]]",,,"[[B, 1, n_h_lin_k, n_v/n_k, d_head_lin_k]]",[3035],20,linear_attn,,1,model.layers.20.linear_attn,aten.expand.default,[],decode,True
3037,linear_attn,,clone,"[[B, 1, n_h_lin_k, n_v/n_k, d_head_lin_k]]",,,"[[B, 1, n_h_lin_k, n_v/n_k, d_head_lin_k]]",[3036],20,linear_attn,,1,model.layers.20.linear_attn,aten.clone.default,[],decode,True
3038,linear_attn,,view,"[[B, 1, n_h_lin_k, n_v/n_k, d_head_lin_k]]",,,"[[B, 1, n_h_lin_v, d_head_lin_k]]",[3037],20,linear_attn,,1,model.layers.20.linear_attn,aten.view.default,[],decode,True
3039,linear_attn,,unsqueeze,"[[B, 1, n_h_lin_k, d_head_lin_k]]",,,"[[B, 1, n_h_lin_k, 1, d_head_lin_k]]",[3025],20,linear_attn,,1,model.layers.20.linear_attn,aten.unsqueeze.default,[],decode,True
3040,linear_attn,,expand,"[[B, 1, n_h_lin_k, 1, d_head_lin_k]]",,,"[[B, 1, n_h_lin_k, n_v/n_k, d_head_lin_k]]",[3039],20,linear_attn,,1,model.layers.20.linear_attn,aten.expand.default,[],decode,True
3041,linear_attn,,clone,"[[B, 1, n_h_lin_k, n_v/n_k, d_head_lin_k]]",,,"[[B, 1, n_h_lin_k, n_v/n_k, d_head_lin_k]]",[3040],20,linear_attn,,1,model.layers.20.linear_attn,aten.clone.default,[],decode,True
3042,linear_attn,,view,"[[B, 1, n_h_lin_k, n_v/n_k, d_head_lin_k]]",,,"[[B, 1, n_h_lin_v, d_head_lin_k]]",[3041],20,linear_attn,,1,model.layers.20.linear_attn,aten.view.default,[],decode,True
3043,linear_attn,,elementwise_mul,"[[B, 1, n_h_lin_v, d_head_lin_k], [B, 1, n_h_lin_v, d_head_lin_k]]",,,"[[B, 1, n_h_lin_v, d_head_lin_k]]",[3038],20,linear_attn,,1,model.layers.20.linear_attn,aten.mul.Tensor,[],decode,False
3044,linear_attn,,sum,"[[B, 1, n_h_lin_v, d_head_lin_k]]",,,"[[B, 1, n_h_lin_v, 1]]",[3043],20,linear_attn,,1,model.layers.20.linear_attn,aten.sum.dim_IntList,[],decode,True
3045,linear_attn,,elementwise_add,"[[B, 1, n_h_lin_v, 1]]",,,"[[B, 1, n_h_lin_v, 1]]",[3044],20,linear_attn,,1,model.layers.20.linear_attn,aten.add.Tensor,[],decode,False
3046,linear_attn,,rsqrt,"[[B, 1, n_h_lin_v, 1]]",,,"[[B, 1, n_h_lin_v, 1]]",[3045],20,linear_attn,,1,model.layers.20.linear_attn,aten.rsqrt.default,[],decode,False
3047,linear_attn,,elementwise_mul,"[[B, 1, n_h_lin_v, d_head_lin_k], [B, 1, n_h_lin_v, 1]]",,,"[[B, 1, n_h_lin_v, d_head_lin_k]]","[3038, 3046]",20,linear_attn,,1,model.layers.20.linear_attn,aten.mul.Tensor,[],decode,False
3048,linear_attn,,elementwise_mul,"[[B, 1, n_h_lin_v, d_head_lin_k], [B, 1, n_h_lin_v, d_head_lin_k]]",,,"[[B, 1, n_h_lin_v, d_head_lin_k]]",[3042],20,linear_attn,,1,model.layers.20.linear_attn,aten.mul.Tensor,[],decode,False
3049,linear_attn,,sum,"[[B, 1, n_h_lin_v, d_head_lin_k]]",,,"[[B, 1, n_h_lin_v, 1]]",[3048],20,linear_attn,,1,model.layers.20.linear_attn,aten.sum.dim_IntList,[],decode,True
3050,linear_attn,,elementwise_add,"[[B, 1, n_h_lin_v, 1]]",,,"[[B, 1, n_h_lin_v, 1]]",[3049],20,linear_attn,,1,model.layers.20.linear_attn,aten.add.Tensor,[],decode,False
3051,linear_attn,,rsqrt,"[[B, 1, n_h_lin_v, 1]]",,,"[[B, 1, n_h_lin_v, 1]]",[3050],20,linear_attn,,1,model.layers.20.linear_attn,aten.rsqrt.default,[],decode,False
3052,linear_attn,,elementwise_mul,"[[B, 1, n_h_lin_v, d_head_lin_k], [B, 1, n_h_lin_v, 1]]",,,"[[B, 1, n_h_lin_v, d_head_lin_k]]","[3042, 3051]",20,linear_attn,,1,model.layers.20.linear_attn,aten.mul.Tensor,[],decode,False
3053,linear_attn,,transpose,"[[B, 1, n_h_lin_v, d_head_lin_k]]",,,"[[B, n_h_lin_v, 1, d_head_lin_k]]",[3047],20,linear_attn,,1,model.layers.20.linear_attn,aten.transpose.int,[],decode,True
3054,linear_attn,,_to_copy,"[[B, n_h_lin_v, 1, d_head_lin_k]]",,,"[[B, n_h_lin_v, 1, d_head_lin_k]]",[3053],20,linear_attn,,1,model.layers.20.linear_attn,aten._to_copy.default,[],decode,True
3055,linear_attn,,transpose,"[[B, 1, n_h_lin_v, d_head_lin_k]]",,,"[[B, n_h_lin_v, 1, d_head_lin_k]]",[3052],20,linear_attn,,1,model.layers.20.linear_attn,aten.transpose.int,[],decode,True
3056,linear_attn,,_to_copy,"[[B, n_h_lin_v, 1, d_head_lin_k]]",,,"[[B, n_h_lin_v, 1, d_head_lin_k]]",[3055],20,linear_attn,,1,model.layers.20.linear_attn,aten._to_copy.default,[],decode,True
3057,linear_attn,,transpose,"[[B, 1, n_h_lin_v, d_head_lin_v]]",,,"[[B, n_h_lin_v, 1, d_head_lin_v]]",[3026],20,linear_attn,,1,model.layers.20.linear_attn,aten.transpose.int,[],decode,True
3058,linear_attn,,_to_copy,"[[B, n_h_lin_v, 1, d_head_lin_v]]",,,"[[B, n_h_lin_v, 1, d_head_lin_v]]",[3057],20,linear_attn,,1,model.layers.20.linear_attn,aten._to_copy.default,[],decode,True
3059,linear_attn,,transpose,"[[B, 1, n_h_lin_v]]",,,"[[B, n_h_lin_v, 1]]",[3027],20,linear_attn,,1,model.layers.20.linear_attn,aten.transpose.int,[],decode,True
3060,linear_attn,,_to_copy,"[[B, n_h_lin_v, 1]]",,,"[[B, n_h_lin_v, 1]]",[3059],20,linear_attn,,1,model.layers.20.linear_attn,aten._to_copy.default,[],decode,True
3061,linear_attn,,transpose,"[[B, 1, n_h_lin_v]]",,,"[[B, n_h_lin_v, 1]]",[3034],20,linear_attn,,1,model.layers.20.linear_attn,aten.transpose.int,[],decode,True
3062,linear_attn,,elementwise_mul,"[[B, n_h_lin_v, 1, d_head_lin_k]]",,,"[[B, n_h_lin_v, 1, d_head_lin_k]]",[3054],20,linear_attn,,1,model.layers.20.linear_attn,aten.mul.Tensor,[],decode,False
3063,linear_attn,,zeros,[],,,"[[B, n_h_lin_v, 1, d_head_lin_v]]",[],20,linear_attn,,1,model.layers.20.linear_attn,aten.zeros.default,[],decode,True
3064,linear_attn,,select,"[[B, n_h_lin_v, 1, d_head_lin_k]]",,,"[[B, n_h_lin_v, d_head_lin_k]]",[3062],20,linear_attn,,1,model.layers.20.linear_attn,aten.select.int,[],decode,True
3065,linear_attn,,select,"[[B, n_h_lin_v, 1, d_head_lin_k]]",,,"[[B, n_h_lin_v, d_head_lin_k]]",[3056],20,linear_attn,,1,model.layers.20.linear_attn,aten.select.int,[],decode,True
3066,linear_attn,,select,"[[B, n_h_lin_v, 1, d_head_lin_v]]",,,"[[B, n_h_lin_v, d_head_lin_v]]",[3058],20,linear_attn,,1,model.layers.20.linear_attn,aten.select.int,[],decode,True
3067,linear_attn,,select,"[[B, n_h_lin_v, 1]]",,,"[[B, n_h_lin_v]]",[3061],20,linear_attn,,1,model.layers.20.linear_attn,aten.select.int,[],decode,True
3068,linear_attn,,exp,"[[B, n_h_lin_v]]",,,"[[B, n_h_lin_v]]",[3067],20,linear_attn,,1,model.layers.20.linear_attn,aten.exp.default,[],decode,False
3069,linear_attn,,unsqueeze,"[[B, n_h_lin_v]]",,,"[[B, n_h_lin_v, 1]]",[3068],20,linear_attn,,1,model.layers.20.linear_attn,aten.unsqueeze.default,[],decode,True
3070,linear_attn,,unsqueeze,"[[B, n_h_lin_v, 1]]",,,"[[B, n_h_lin_v, 1, 1]]",[3069],20,linear_attn,,1,model.layers.20.linear_attn,aten.unsqueeze.default,[],decode,True
3071,linear_attn,,select,"[[B, n_h_lin_v, 1]]",,,"[[B, n_h_lin_v]]",[3060],20,linear_attn,,1,model.layers.20.linear_attn,aten.select.int,[],decode,True
3072,linear_attn,,unsqueeze,"[[B, n_h_lin_v]]",,,"[[B, n_h_lin_v, 1]]",[3071],20,linear_attn,,1,model.layers.20.linear_attn,aten.unsqueeze.default,[],decode,True
3073,linear_attn,,elementwise_mul,"[[B, n_h_lin_v, d_head_lin_k, d_head_lin_v], [B, n_h_lin_v, 1, 1]]",,,"[[B, n_h_lin_v, d_head_lin_k, d_head_lin_v]]",[3070],20,linear_attn,,1,model.layers.20.linear_attn,aten.mul.Tensor,[],decode,False
3074,linear_attn,,unsqueeze,"[[B, n_h_lin_v, d_head_lin_k]]",,,"[[B, n_h_lin_v, d_head_lin_k, 1]]",[3065],20,linear_attn,,1,model.layers.20.linear_attn,aten.unsqueeze.default,[],decode,True
3075,linear_attn,,elementwise_mul,"[[B, n_h_lin_v, d_head_lin_k, d_head_lin_v], [B, n_h_lin_v, d_head_lin_k, 1]]",,,"[[B, n_h_lin_v, d_head_lin_k, d_head_lin_v]]","[3073, 3074]",20,linear_attn,,1,model.layers.20.linear_attn,aten.mul.Tensor,[],decode,False
3076,linear_attn,,sum,"[[B, n_h_lin_v, d_head_lin_k, d_head_lin_v]]",,,"[[B, n_h_lin_v, d_head_lin_v]]",[3075],20,linear_attn,,1,model.layers.20.linear_attn,aten.sum.dim_IntList,[],decode,True
3077,linear_attn,,sub,"[[B, n_h_lin_v, d_head_lin_v], [B, n_h_lin_v, d_head_lin_v]]",,,"[[B, n_h_lin_v, d_head_lin_v]]","[3066, 3076]",20,linear_attn,,1,model.layers.20.linear_attn,aten.sub.Tensor,[],decode,True
3078,linear_attn,,elementwise_mul,"[[B, n_h_lin_v, d_head_lin_v], [B, n_h_lin_v, 1]]",,,"[[B, n_h_lin_v, d_head_lin_v]]","[3072, 3077]",20,linear_attn,,1,model.layers.20.linear_attn,aten.mul.Tensor,[],decode,False
3079,linear_attn,,unsqueeze,"[[B, n_h_lin_v, d_head_lin_k]]",,,"[[B, n_h_lin_v, d_head_lin_k, 1]]",[3065],20,linear_attn,,1,model.layers.20.linear_attn,aten.unsqueeze.default,[],decode,True
3080,linear_attn,,unsqueeze,"[[B, n_h_lin_v, d_head_lin_v]]",,,"[[B, n_h_lin_v, 1, d_head_lin_v]]",[3078],20,linear_attn,,1,model.layers.20.linear_attn,aten.unsqueeze.default,[],decode,True
3081,linear_attn,,elementwise_mul,"[[B, n_h_lin_v, d_head_lin_k, 1], [B, n_h_lin_v, 1, d_head_lin_v]]",,,"[[B, n_h_lin_v, d_head_lin_k, d_head_lin_v]]","[3079, 3080]",20,linear_attn,,1,model.layers.20.linear_attn,aten.mul.Tensor,[],decode,False
3082,linear_attn,,elementwise_add,"[[B, n_h_lin_v, d_head_lin_k, d_head_lin_v], [B, n_h_lin_v, d_head_lin_k, d_head_lin_v]]",,,"[[B, n_h_lin_v, d_head_lin_k, d_head_lin_v]]","[3073, 3081]",20,linear_attn,,1,model.layers.20.linear_attn,aten.add.Tensor,[],decode,False
3083,linear_attn,,unsqueeze,"[[B, n_h_lin_v, d_head_lin_k]]",,,"[[B, n_h_lin_v, d_head_lin_k, 1]]",[3064],20,linear_attn,,1,model.layers.20.linear_attn,aten.unsqueeze.default,[],decode,True
3084,linear_attn,,elementwise_mul,"[[B, n_h_lin_v, d_head_lin_k, d_head_lin_v], [B, n_h_lin_v, d_head_lin_k, 1]]",,,"[[B, n_h_lin_v, d_head_lin_k, d_head_lin_v]]","[3082, 3083]",20,linear_attn,,1,model.layers.20.linear_attn,aten.mul.Tensor,[],decode,False
3085,linear_attn,,sum,"[[B, n_h_lin_v, d_head_lin_k, d_head_lin_v]]",,,"[[B, n_h_lin_v, d_head_lin_v]]",[3084],20,linear_attn,,1,model.layers.20.linear_attn,aten.sum.dim_IntList,[],decode,True
3086,linear_attn,,select,"[[B, n_h_lin_v, 1, d_head_lin_v]]",,,"[[B, n_h_lin_v, d_head_lin_v]]",[3063],20,linear_attn,,1,model.layers.20.linear_attn,aten.select.int,[],decode,True
3087,linear_attn,,copy_,"[[B, n_h_lin_v, d_head_lin_v], [B, n_h_lin_v, d_head_lin_v]]",,,"[[B, n_h_lin_v, d_head_lin_v]]","[3085, 3086]",20,linear_attn,,1,model.layers.20.linear_attn,aten.copy_.default,[],decode,True
3088,linear_attn,,transpose,"[[B, n_h_lin_v, 1, d_head_lin_v]]",,,"[[B, 1, n_h_lin_v, d_head_lin_v]]",[3063],20,linear_attn,,1,model.layers.20.linear_attn,aten.transpose.int,[],decode,True
3089,linear_attn,,_to_copy,"[[B, 1, n_h_lin_v, d_head_lin_v]]",,,"[[B, 1, n_h_lin_v, d_head_lin_v]]",[3088],20,linear_attn,,1,model.layers.20.linear_attn,aten._to_copy.default,[],decode,True
3090,linear_attn,,copy_,"[[B, n_h_lin_v, d_head_lin_k, d_head_lin_v], [B, n_h_lin_v, d_head_lin_k, d_head_lin_v]]",,,"[[B, n_h_lin_v, d_head_lin_k, d_head_lin_v]]",[3082],20,linear_attn,,1,model.layers.20.linear_attn,aten.copy_.default,[],decode,True
3091,linear_attn,,view,"[[B, 1, n_h_lin_v, d_head_lin_v]]",,,"[[n_h_lin_v, d_head_lin_v]]",[3089],20,linear_attn,,1,model.layers.20.linear_attn,aten.view.default,[],decode,True
3092,linear_attn,,view,"[[B, 1, n_h_lin_v, d_head_lin_v]]",,,"[[n_h_lin_v, d_head_lin_v]]",[3005],20,linear_attn,,1,model.layers.20.linear_attn,aten.view.default,[],decode,True
3093,linear_attn,norm,_to_copy,"[[n_h_lin_v, d_head_lin_v]]",,,"[[n_h_lin_v, d_head_lin_v]]",[3091],20,linear_attn,norm,2,model.layers.20.linear_attn.norm,aten._to_copy.default,[],decode,True
3094,linear_attn,norm,pow,"[[n_h_lin_v, d_head_lin_v]]",,,"[[n_h_lin_v, d_head_lin_v]]",[3093],20,linear_attn,norm,2,model.layers.20.linear_attn.norm,aten.pow.Tensor_Scalar,[],decode,False
3095,linear_attn,norm,mean,"[[n_h_lin_v, d_head_lin_v]]",,,"[[n_h_lin_v, B]]",[3094],20,linear_attn,norm,2,model.layers.20.linear_attn.norm,aten.mean.dim,[],decode,False
3096,linear_attn,norm,elementwise_add,"[[n_h_lin_v, B]]",,,"[[n_h_lin_v, B]]",[3095],20,linear_attn,norm,2,model.layers.20.linear_attn.norm,aten.add.Tensor,[],decode,False
3097,linear_attn,norm,rsqrt,"[[n_h_lin_v, B]]",,,"[[n_h_lin_v, B]]",[3096],20,linear_attn,norm,2,model.layers.20.linear_attn.norm,aten.rsqrt.default,[],decode,False
3098,linear_attn,norm,elementwise_mul,"[[n_h_lin_v, d_head_lin_v], [n_h_lin_v, B]]",,,"[[n_h_lin_v, d_head_lin_v]]","[3093, 3097]",20,linear_attn,norm,2,model.layers.20.linear_attn.norm,aten.mul.Tensor,[],decode,False
3099,linear_attn,norm,_to_copy,"[[n_h_lin_v, d_head_lin_v]]",,,"[[n_h_lin_v, d_head_lin_v]]",[3098],20,linear_attn,norm,2,model.layers.20.linear_attn.norm,aten._to_copy.default,[],decode,True
3100,linear_attn,norm,elementwise_mul,"[[d_head_lin_v], [n_h_lin_v, d_head_lin_v]]",,,"[[n_h_lin_v, d_head_lin_v]]",[3099],20,linear_attn,norm,2,model.layers.20.linear_attn.norm,aten.mul.Tensor,[model.layers.20.linear_attn.norm.weight],decode,False
3101,linear_attn,norm,_to_copy,"[[n_h_lin_v, d_head_lin_v]]",,,"[[n_h_lin_v, d_head_lin_v]]",[3092],20,linear_attn,norm,2,model.layers.20.linear_attn.norm,aten._to_copy.default,[],decode,True
3102,linear_attn,norm,silu,"[[n_h_lin_v, d_head_lin_v]]",,,"[[n_h_lin_v, d_head_lin_v]]",[3101],20,linear_attn,norm,2,model.layers.20.linear_attn.norm,aten.silu.default,[],decode,False
3103,linear_attn,norm,elementwise_mul,"[[n_h_lin_v, d_head_lin_v], [n_h_lin_v, d_head_lin_v]]",,,"[[n_h_lin_v, d_head_lin_v]]","[3100, 3102]",20,linear_attn,norm,2,model.layers.20.linear_attn.norm,aten.mul.Tensor,[],decode,False
3104,linear_attn,norm,_to_copy,"[[n_h_lin_v, d_head_lin_v]]",,,"[[n_h_lin_v, d_head_lin_v]]",[3103],20,linear_attn,norm,2,model.layers.20.linear_attn.norm,aten._to_copy.default,[],decode,True
3105,linear_attn,,view,"[[n_h_lin_v, d_head_lin_v]]",,,"[[B, 1, n_v*d_v]]",[3104],20,linear_attn,,1,model.layers.20.linear_attn,aten.view.default,[],decode,True
3106,linear_attn,out_proj,t,"[[d_model, n_v*d_v]]","[d_model, n_v*d_v]",0,"[[n_v*d_v, d_model]]",[],20,linear_attn,out_proj,2,model.layers.20.linear_attn.out_proj,aten.t.default,[model.layers.20.linear_attn.out_proj.weight],decode,True
3107,linear_attn,out_proj,view,"[[B, 1, n_v*d_v]]",,,"[[B, n_v*d_v]]",[3105],20,linear_attn,out_proj,2,model.layers.20.linear_attn.out_proj,aten.view.default,[],decode,True
3108,linear_attn,out_proj,matmul,"[[B, n_v*d_v], [n_v*d_v, d_model]]","[d_model, n_v*d_v]",1,"[[B, d_model]]","[3106, 3107]",20,linear_attn,out_proj,2,model.layers.20.linear_attn.out_proj,aten.mm.default,[model.layers.20.linear_attn.out_proj.weight],decode,False
3109,linear_attn,out_proj,_unsafe_view,"[[B, d_model]]",,,"[[B, 1, d_model]]",[3108],20,linear_attn,out_proj,2,model.layers.20.linear_attn.out_proj,aten._unsafe_view.default,[],decode,True
3110,,,elementwise_add,"[[B, 1, d_model], [B, 1, d_model]]",,,"[[B, 1, d_model]]","[2985, 3109]",20,,,0,model.layers.20,aten.add.Tensor,[],decode,False
3111,post_attention_layernorm,,_to_copy,"[[B, 1, d_model]]",,,"[[B, 1, d_model]]",[3110],20,post_attention_layernorm,,1,model.layers.20.post_attention_layernorm,aten._to_copy.default,[],decode,True
3112,post_attention_layernorm,,pow,"[[B, 1, d_model]]",,,"[[B, 1, d_model]]",[3111],20,post_attention_layernorm,,1,model.layers.20.post_attention_layernorm,aten.pow.Tensor_Scalar,[],decode,False
3113,post_attention_layernorm,,mean,"[[B, 1, d_model]]",,,"[[B, 1, 1]]",[3112],20,post_attention_layernorm,,1,model.layers.20.post_attention_layernorm,aten.mean.dim,[],decode,False
3114,post_attention_layernorm,,elementwise_add,"[[B, 1, 1]]",,,"[[B, 1, 1]]",[3113],20,post_attention_layernorm,,1,model.layers.20.post_attention_layernorm,aten.add.Tensor,[],decode,False
3115,post_attention_layernorm,,rsqrt,"[[B, 1, 1]]",,,"[[B, 1, 1]]",[3114],20,post_attention_layernorm,,1,model.layers.20.post_attention_layernorm,aten.rsqrt.default,[],decode,False
3116,post_attention_layernorm,,elementwise_mul,"[[B, 1, d_model], [B, 1, 1]]",,,"[[B, 1, d_model]]","[3111, 3115]",20,post_attention_layernorm,,1,model.layers.20.post_attention_layernorm,aten.mul.Tensor,[],decode,False
3117,post_attention_layernorm,,_to_copy,[[d_model]],,,[[d_model]],[],20,post_attention_layernorm,,1,model.layers.20.post_attention_layernorm,aten._to_copy.default,[model.layers.20.post_attention_layernorm.weight],decode,True
3118,post_attention_layernorm,,elementwise_add,[[d_model]],,,[[d_model]],[3117],20,post_attention_layernorm,,1,model.layers.20.post_attention_layernorm,aten.add.Tensor,[model.layers.20.post_attention_layernorm.weight],decode,False
3119,post_attention_layernorm,,elementwise_mul,"[[B, 1, d_model], [d_model]]",,,"[[B, 1, d_model]]","[3116, 3118]",20,post_attention_layernorm,,1,model.layers.20.post_attention_layernorm,aten.mul.Tensor,[],decode,False
3120,post_attention_layernorm,,_to_copy,"[[B, 1, d_model]]",,,"[[B, 1, d_model]]",[3119],20,post_attention_layernorm,,1,model.layers.20.post_attention_layernorm,aten._to_copy.default,[],decode,True
3121,mlp,gate_proj,t,"[[d_ff, d_model]]","[d_ff, d_model]",0,"[[d_model, d_ff]]",[],20,mlp,gate_proj,2,model.layers.20.mlp.gate_proj,aten.t.default,[model.layers.20.mlp.gate_proj.weight],decode,True
3122,mlp,gate_proj,view,"[[B, 1, d_model]]",,,"[[B, d_model]]",[3120],20,mlp,gate_proj,2,model.layers.20.mlp.gate_proj,aten.view.default,[],decode,True
3123,mlp,gate_proj,matmul,"[[B, d_model], [d_model, d_ff]]","[d_ff, d_model]",1,"[[B, d_ff]]","[3121, 3122]",20,mlp,gate_proj,2,model.layers.20.mlp.gate_proj,aten.mm.default,[model.layers.20.mlp.gate_proj.weight],decode,False
3124,mlp,gate_proj,_unsafe_view,"[[B, d_ff]]",,,"[[B, 1, d_ff]]",[3123],20,mlp,gate_proj,2,model.layers.20.mlp.gate_proj,aten._unsafe_view.default,[],decode,True
3125,mlp,act_fn,silu,"[[B, 1, d_ff]]",,,"[[B, 1, d_ff]]",[3124],20,mlp,act_fn,2,model.layers.20.mlp.act_fn,aten.silu.default,[],decode,False
3126,mlp,up_proj,t,"[[d_ff, d_model]]","[d_ff, d_model]",0,"[[d_model, d_ff]]",[],20,mlp,up_proj,2,model.layers.20.mlp.up_proj,aten.t.default,[model.layers.20.mlp.up_proj.weight],decode,True
3127,mlp,up_proj,view,"[[B, 1, d_model]]",,,"[[B, d_model]]",[3120],20,mlp,up_proj,2,model.layers.20.mlp.up_proj,aten.view.default,[],decode,True
3128,mlp,up_proj,matmul,"[[B, d_model], [d_model, d_ff]]","[d_ff, d_model]",1,"[[B, d_ff]]","[3126, 3127]",20,mlp,up_proj,2,model.layers.20.mlp.up_proj,aten.mm.default,[model.layers.20.mlp.up_proj.weight],decode,False
3129,mlp,up_proj,_unsafe_view,"[[B, d_ff]]",,,"[[B, 1, d_ff]]",[3128],20,mlp,up_proj,2,model.layers.20.mlp.up_proj,aten._unsafe_view.default,[],decode,True
3130,mlp,,elementwise_mul,"[[B, 1, d_ff], [B, 1, d_ff]]",,,"[[B, 1, d_ff]]","[3125, 3129]",20,mlp,,1,model.layers.20.mlp,aten.mul.Tensor,[],decode,False
3131,mlp,down_proj,t,"[[d_model, d_ff]]","[d_model, d_ff]",0,"[[d_ff, d_model]]",[],20,mlp,down_proj,2,model.layers.20.mlp.down_proj,aten.t.default,[model.layers.20.mlp.down_proj.weight],decode,True
3132,mlp,down_proj,view,"[[B, 1, d_ff]]",,,"[[B, d_ff]]",[3130],20,mlp,down_proj,2,model.layers.20.mlp.down_proj,aten.view.default,[],decode,True
3133,mlp,down_proj,matmul,"[[B, d_ff], [d_ff, d_model]]","[d_model, d_ff]",1,"[[B, d_model]]","[3131, 3132]",20,mlp,down_proj,2,model.layers.20.mlp.down_proj,aten.mm.default,[model.layers.20.mlp.down_proj.weight],decode,False
3134,mlp,down_proj,_unsafe_view,"[[B, d_model]]",,,"[[B, 1, d_model]]",[3133],20,mlp,down_proj,2,model.layers.20.mlp.down_proj,aten._unsafe_view.default,[],decode,True
3135,,,elementwise_add,"[[B, 1, d_model], [B, 1, d_model]]",,,"[[B, 1, d_model]]","[3110, 3134]",20,,,0,model.layers.20,aten.add.Tensor,[],decode,False
3136,input_layernorm,,_to_copy,"[[B, 1, d_model]]",,,"[[B, 1, d_model]]",[3135],21,input_layernorm,,1,model.layers.21.input_layernorm,aten._to_copy.default,[],decode,True
3137,input_layernorm,,pow,"[[B, 1, d_model]]",,,"[[B, 1, d_model]]",[3136],21,input_layernorm,,1,model.layers.21.input_layernorm,aten.pow.Tensor_Scalar,[],decode,False
3138,input_layernorm,,mean,"[[B, 1, d_model]]",,,"[[B, 1, 1]]",[3137],21,input_layernorm,,1,model.layers.21.input_layernorm,aten.mean.dim,[],decode,False
3139,input_layernorm,,elementwise_add,"[[B, 1, 1]]",,,"[[B, 1, 1]]",[3138],21,input_layernorm,,1,model.layers.21.input_layernorm,aten.add.Tensor,[],decode,False
3140,input_layernorm,,rsqrt,"[[B, 1, 1]]",,,"[[B, 1, 1]]",[3139],21,input_layernorm,,1,model.layers.21.input_layernorm,aten.rsqrt.default,[],decode,False
3141,input_layernorm,,elementwise_mul,"[[B, 1, d_model], [B, 1, 1]]",,,"[[B, 1, d_model]]","[3136, 3140]",21,input_layernorm,,1,model.layers.21.input_layernorm,aten.mul.Tensor,[],decode,False
3142,input_layernorm,,_to_copy,[[d_model]],,,[[d_model]],[],21,input_layernorm,,1,model.layers.21.input_layernorm,aten._to_copy.default,[model.layers.21.input_layernorm.weight],decode,True
3143,input_layernorm,,elementwise_add,[[d_model]],,,[[d_model]],[3142],21,input_layernorm,,1,model.layers.21.input_layernorm,aten.add.Tensor,[model.layers.21.input_layernorm.weight],decode,False
3144,input_layernorm,,elementwise_mul,"[[B, 1, d_model], [d_model]]",,,"[[B, 1, d_model]]","[3141, 3143]",21,input_layernorm,,1,model.layers.21.input_layernorm,aten.mul.Tensor,[],decode,False
3145,input_layernorm,,_to_copy,"[[B, 1, d_model]]",,,"[[B, 1, d_model]]",[3144],21,input_layernorm,,1,model.layers.21.input_layernorm,aten._to_copy.default,[],decode,True
3146,linear_attn,in_proj_qkv,t,"[[2*d_k_lin+d_v_lin, d_model]]","[2*d_k_lin+d_v_lin, d_model]",0,"[[d_model, 2*d_k_lin+d_v_lin]]",[],21,linear_attn,in_proj_qkv,2,model.layers.21.linear_attn.in_proj_qkv,aten.t.default,[model.layers.21.linear_attn.in_proj_qkv.weight],decode,True
3147,linear_attn,in_proj_qkv,view,"[[B, 1, d_model]]",,,"[[B, d_model]]",[3145],21,linear_attn,in_proj_qkv,2,model.layers.21.linear_attn.in_proj_qkv,aten.view.default,[],decode,True
3148,linear_attn,in_proj_qkv,matmul,"[[B, d_model], [d_model, 2*d_k_lin+d_v_lin]]","[2*d_k_lin+d_v_lin, d_model]",1,"[[B, 2*d_k_lin+d_v_lin]]","[3146, 3147]",21,linear_attn,in_proj_qkv,2,model.layers.21.linear_attn.in_proj_qkv,aten.mm.default,[model.layers.21.linear_attn.in_proj_qkv.weight],decode,False
3149,linear_attn,in_proj_qkv,_unsafe_view,"[[B, 2*d_k_lin+d_v_lin]]",,,"[[B, 1, 2*d_k_lin+d_v_lin]]",[3148],21,linear_attn,in_proj_qkv,2,model.layers.21.linear_attn.in_proj_qkv,aten._unsafe_view.default,[],decode,True
3150,linear_attn,,transpose,"[[B, 1, 2*d_k_lin+d_v_lin]]",,,"[[B, 2*d_k_lin+d_v_lin, 1]]",[3149],21,linear_attn,,1,model.layers.21.linear_attn,aten.transpose.int,[],decode,True
3151,linear_attn,in_proj_z,t,"[[n_v*d_v, d_model]]","[n_v*d_v, d_model]",0,"[[d_model, n_v*d_v]]",[],21,linear_attn,in_proj_z,2,model.layers.21.linear_attn.in_proj_z,aten.t.default,[model.layers.21.linear_attn.in_proj_z.weight],decode,True
3152,linear_attn,in_proj_z,view,"[[B, 1, d_model]]",,,"[[B, d_model]]",[3145],21,linear_attn,in_proj_z,2,model.layers.21.linear_attn.in_proj_z,aten.view.default,[],decode,True
3153,linear_attn,in_proj_z,matmul,"[[B, d_model], [d_model, n_v*d_v]]","[n_v*d_v, d_model]",1,"[[B, n_v*d_v]]","[3151, 3152]",21,linear_attn,in_proj_z,2,model.layers.21.linear_attn.in_proj_z,aten.mm.default,[model.layers.21.linear_attn.in_proj_z.weight],decode,False
3154,linear_attn,in_proj_z,_unsafe_view,"[[B, n_v*d_v]]",,,"[[B, 1, n_v*d_v]]",[3153],21,linear_attn,in_proj_z,2,model.layers.21.linear_attn.in_proj_z,aten._unsafe_view.default,[],decode,True
3155,linear_attn,,view,"[[B, 1, n_v*d_v]]",,,"[[B, 1, n_h_lin_v, d_head_lin_v]]",[3154],21,linear_attn,,1,model.layers.21.linear_attn,aten.view.default,[],decode,True
3156,linear_attn,in_proj_b,t,"[[n_h_lin_v, d_model]]","[n_h_lin_v, d_model]",0,"[[d_model, n_h_lin_v]]",[],21,linear_attn,in_proj_b,2,model.layers.21.linear_attn.in_proj_b,aten.t.default,[model.layers.21.linear_attn.in_proj_b.weight],decode,True
3157,linear_attn,in_proj_b,view,"[[B, 1, d_model]]",,,"[[B, d_model]]",[3145],21,linear_attn,in_proj_b,2,model.layers.21.linear_attn.in_proj_b,aten.view.default,[],decode,True
3158,linear_attn,in_proj_b,matmul,"[[B, d_model], [d_model, n_h_lin_v]]","[n_h_lin_v, d_model]",1,"[[B, n_h_lin_v]]","[3156, 3157]",21,linear_attn,in_proj_b,2,model.layers.21.linear_attn.in_proj_b,aten.mm.default,[model.layers.21.linear_attn.in_proj_b.weight],decode,False
3159,linear_attn,in_proj_b,_unsafe_view,"[[B, n_h_lin_v]]",,,"[[B, 1, n_h_lin_v]]",[3158],21,linear_attn,in_proj_b,2,model.layers.21.linear_attn.in_proj_b,aten._unsafe_view.default,[],decode,True
3160,linear_attn,in_proj_a,t,"[[n_h_lin_v, d_model]]","[n_h_lin_v, d_model]",0,"[[d_model, n_h_lin_v]]",[],21,linear_attn,in_proj_a,2,model.layers.21.linear_attn.in_proj_a,aten.t.default,[model.layers.21.linear_attn.in_proj_a.weight],decode,True
3161,linear_attn,in_proj_a,view,"[[B, 1, d_model]]",,,"[[B, d_model]]",[3145],21,linear_attn,in_proj_a,2,model.layers.21.linear_attn.in_proj_a,aten.view.default,[],decode,True
3162,linear_attn,in_proj_a,matmul,"[[B, d_model], [d_model, n_h_lin_v]]","[n_h_lin_v, d_model]",1,"[[B, n_h_lin_v]]","[3160, 3161]",21,linear_attn,in_proj_a,2,model.layers.21.linear_attn.in_proj_a,aten.mm.default,[model.layers.21.linear_attn.in_proj_a.weight],decode,False
3163,linear_attn,in_proj_a,_unsafe_view,"[[B, n_h_lin_v]]",,,"[[B, 1, n_h_lin_v]]",[3162],21,linear_attn,in_proj_a,2,model.layers.21.linear_attn.in_proj_a,aten._unsafe_view.default,[],decode,True
3164,linear_attn,,squeeze,"[[2*d_k_lin+d_v_lin, 1, d_conv_lin]]","[2*d_k_lin+d_v_lin, 1, d_conv_lin]",0,"[[2*d_k_lin+d_v_lin, d_conv_lin]]",[],21,linear_attn,,1,model.layers.21.linear_attn,aten.squeeze.dim,[model.layers.21.linear_attn.conv1d.weight],decode,True
3165,linear_attn,,concat,"[[B, 2*d_k_lin+d_v_lin, d_conv_lin], [B, 2*d_k_lin+d_v_lin, 1]]",,,"[[B, 2*d_k_lin+d_v_lin, 5]]",[3150],21,linear_attn,,1,model.layers.21.linear_attn,aten.cat.default,[],decode,False
3166,linear_attn,,slice,"[[B, 2*d_k_lin+d_v_lin, 5]]",,,"[[B, 2*d_k_lin+d_v_lin, d_conv_lin]]",[3165],21,linear_attn,,1,model.layers.21.linear_attn,aten.slice.Tensor,[],decode,True
3167,linear_attn,,copy_,"[[B, 2*d_k_lin+d_v_lin, d_conv_lin], [B, 2*d_k_lin+d_v_lin, d_conv_lin]]",,,"[[B, 2*d_k_lin+d_v_lin, d_conv_lin]]",[3166],21,linear_attn,,1,model.layers.21.linear_attn,aten.copy_.default,[],decode,True
3168,linear_attn,,unsqueeze,"[[2*d_k_lin+d_v_lin, d_conv_lin]]",,,"[[2*d_k_lin+d_v_lin, 1, d_conv_lin]]",[3164],21,linear_attn,,1,model.layers.21.linear_attn,aten.unsqueeze.default,[],decode,True
3169,linear_attn,,conv1d,"[[B, 2*d_k_lin+d_v_lin, 5], [2*d_k_lin+d_v_lin, 1, d_conv_lin]]",,,"[[B, 2*d_k_lin+d_v_lin, 2]]","[3165, 3168]",21,linear_attn,,1,model.layers.21.linear_attn,aten.convolution.default,[],decode,False
3170,linear_attn,,slice,"[[B, 2*d_k_lin+d_v_lin, 2]]",,,"[[B, 2*d_k_lin+d_v_lin, 1]]",[3169],21,linear_attn,,1,model.layers.21.linear_attn,aten.slice.Tensor,[],decode,True
3171,linear_attn,,silu,"[[B, 2*d_k_lin+d_v_lin, 1]]",,,"[[B, 2*d_k_lin+d_v_lin, 1]]",[3170],21,linear_attn,,1,model.layers.21.linear_attn,aten.silu.default,[],decode,False
3172,linear_attn,,transpose,"[[B, 2*d_k_lin+d_v_lin, 1]]",,,"[[B, 1, 2*d_k_lin+d_v_lin]]",[3171],21,linear_attn,,1,model.layers.21.linear_attn,aten.transpose.int,[],decode,True
3173,linear_attn,,split_with_sizes,"[[B, 1, 2*d_k_lin+d_v_lin]]",,,"[[B, 1, n_k*d_k], [B, 1, n_k*d_k], [B, 1, n_v*d_v]]",[3172],21,linear_attn,,1,model.layers.21.linear_attn,aten.split_with_sizes.default,[],decode,True
3174,linear_attn,,view,"[[B, 1, n_k*d_k]]",,,"[[B, 1, n_h_lin_k, d_head_lin_k]]",[3173],21,linear_attn,,1,model.layers.21.linear_attn,aten.view.default,[],decode,True
3175,linear_attn,,view,"[[B, 1, n_k*d_k]]",,,"[[B, 1, n_h_lin_k, d_head_lin_k]]",[3173],21,linear_attn,,1,model.layers.21.linear_attn,aten.view.default,[],decode,True
3176,linear_attn,,view,"[[B, 1, n_v*d_v]]",,,"[[B, 1, n_h_lin_v, d_head_lin_v]]",[3173],21,linear_attn,,1,model.layers.21.linear_attn,aten.view.default,[],decode,True
3177,linear_attn,,sigmoid,"[[B, 1, n_h_lin_v]]",,,"[[B, 1, n_h_lin_v]]",[3159],21,linear_attn,,1,model.layers.21.linear_attn,aten.sigmoid.default,[],decode,False
3178,linear_attn,,_to_copy,[[n_h_lin_v]],,,[[n_h_lin_v]],[],21,linear_attn,,1,model.layers.21.linear_attn,aten._to_copy.default,[model.layers.21.linear_attn.A_log],decode,True
3179,linear_attn,,exp,[[n_h_lin_v]],,,[[n_h_lin_v]],[3178],21,linear_attn,,1,model.layers.21.linear_attn,aten.exp.default,[model.layers.21.linear_attn.A_log],decode,False
3180,linear_attn,,neg,[[n_h_lin_v]],,,[[n_h_lin_v]],[3179],21,linear_attn,,1,model.layers.21.linear_attn,aten.neg.default,[],decode,False
3181,linear_attn,,_to_copy,"[[B, 1, n_h_lin_v]]",,,"[[B, 1, n_h_lin_v]]",[3163],21,linear_attn,,1,model.layers.21.linear_attn,aten._to_copy.default,[],decode,True
3182,linear_attn,,elementwise_add,"[[B, 1, n_h_lin_v], [n_h_lin_v]]",,,"[[B, 1, n_h_lin_v]]",[3181],21,linear_attn,,1,model.layers.21.linear_attn,aten.add.Tensor,[model.layers.21.linear_attn.dt_bias],decode,False
3183,linear_attn,,softplus,"[[B, 1, n_h_lin_v]]",,,"[[B, 1, n_h_lin_v]]",[3182],21,linear_attn,,1,model.layers.21.linear_attn,aten.softplus.default,[],decode,True
3184,linear_attn,,elementwise_mul,"[[n_h_lin_v], [B, 1, n_h_lin_v]]",,,"[[B, 1, n_h_lin_v]]","[3180, 3183]",21,linear_attn,,1,model.layers.21.linear_attn,aten.mul.Tensor,[],decode,False
3185,linear_attn,,unsqueeze,"[[B, 1, n_h_lin_k, d_head_lin_k]]",,,"[[B, 1, n_h_lin_k, 1, d_head_lin_k]]",[3174],21,linear_attn,,1,model.layers.21.linear_attn,aten.unsqueeze.default,[],decode,True
3186,linear_attn,,expand,"[[B, 1, n_h_lin_k, 1, d_head_lin_k]]",,,"[[B, 1, n_h_lin_k, n_v/n_k, d_head_lin_k]]",[3185],21,linear_attn,,1,model.layers.21.linear_attn,aten.expand.default,[],decode,True
3187,linear_attn,,clone,"[[B, 1, n_h_lin_k, n_v/n_k, d_head_lin_k]]",,,"[[B, 1, n_h_lin_k, n_v/n_k, d_head_lin_k]]",[3186],21,linear_attn,,1,model.layers.21.linear_attn,aten.clone.default,[],decode,True
3188,linear_attn,,view,"[[B, 1, n_h_lin_k, n_v/n_k, d_head_lin_k]]",,,"[[B, 1, n_h_lin_v, d_head_lin_k]]",[3187],21,linear_attn,,1,model.layers.21.linear_attn,aten.view.default,[],decode,True
3189,linear_attn,,unsqueeze,"[[B, 1, n_h_lin_k, d_head_lin_k]]",,,"[[B, 1, n_h_lin_k, 1, d_head_lin_k]]",[3175],21,linear_attn,,1,model.layers.21.linear_attn,aten.unsqueeze.default,[],decode,True
3190,linear_attn,,expand,"[[B, 1, n_h_lin_k, 1, d_head_lin_k]]",,,"[[B, 1, n_h_lin_k, n_v/n_k, d_head_lin_k]]",[3189],21,linear_attn,,1,model.layers.21.linear_attn,aten.expand.default,[],decode,True
3191,linear_attn,,clone,"[[B, 1, n_h_lin_k, n_v/n_k, d_head_lin_k]]",,,"[[B, 1, n_h_lin_k, n_v/n_k, d_head_lin_k]]",[3190],21,linear_attn,,1,model.layers.21.linear_attn,aten.clone.default,[],decode,True
3192,linear_attn,,view,"[[B, 1, n_h_lin_k, n_v/n_k, d_head_lin_k]]",,,"[[B, 1, n_h_lin_v, d_head_lin_k]]",[3191],21,linear_attn,,1,model.layers.21.linear_attn,aten.view.default,[],decode,True
3193,linear_attn,,elementwise_mul,"[[B, 1, n_h_lin_v, d_head_lin_k], [B, 1, n_h_lin_v, d_head_lin_k]]",,,"[[B, 1, n_h_lin_v, d_head_lin_k]]",[3188],21,linear_attn,,1,model.layers.21.linear_attn,aten.mul.Tensor,[],decode,False
3194,linear_attn,,sum,"[[B, 1, n_h_lin_v, d_head_lin_k]]",,,"[[B, 1, n_h_lin_v, 1]]",[3193],21,linear_attn,,1,model.layers.21.linear_attn,aten.sum.dim_IntList,[],decode,True
3195,linear_attn,,elementwise_add,"[[B, 1, n_h_lin_v, 1]]",,,"[[B, 1, n_h_lin_v, 1]]",[3194],21,linear_attn,,1,model.layers.21.linear_attn,aten.add.Tensor,[],decode,False
3196,linear_attn,,rsqrt,"[[B, 1, n_h_lin_v, 1]]",,,"[[B, 1, n_h_lin_v, 1]]",[3195],21,linear_attn,,1,model.layers.21.linear_attn,aten.rsqrt.default,[],decode,False
3197,linear_attn,,elementwise_mul,"[[B, 1, n_h_lin_v, d_head_lin_k], [B, 1, n_h_lin_v, 1]]",,,"[[B, 1, n_h_lin_v, d_head_lin_k]]","[3188, 3196]",21,linear_attn,,1,model.layers.21.linear_attn,aten.mul.Tensor,[],decode,False
3198,linear_attn,,elementwise_mul,"[[B, 1, n_h_lin_v, d_head_lin_k], [B, 1, n_h_lin_v, d_head_lin_k]]",,,"[[B, 1, n_h_lin_v, d_head_lin_k]]",[3192],21,linear_attn,,1,model.layers.21.linear_attn,aten.mul.Tensor,[],decode,False
3199,linear_attn,,sum,"[[B, 1, n_h_lin_v, d_head_lin_k]]",,,"[[B, 1, n_h_lin_v, 1]]",[3198],21,linear_attn,,1,model.layers.21.linear_attn,aten.sum.dim_IntList,[],decode,True
3200,linear_attn,,elementwise_add,"[[B, 1, n_h_lin_v, 1]]",,,"[[B, 1, n_h_lin_v, 1]]",[3199],21,linear_attn,,1,model.layers.21.linear_attn,aten.add.Tensor,[],decode,False
3201,linear_attn,,rsqrt,"[[B, 1, n_h_lin_v, 1]]",,,"[[B, 1, n_h_lin_v, 1]]",[3200],21,linear_attn,,1,model.layers.21.linear_attn,aten.rsqrt.default,[],decode,False
3202,linear_attn,,elementwise_mul,"[[B, 1, n_h_lin_v, d_head_lin_k], [B, 1, n_h_lin_v, 1]]",,,"[[B, 1, n_h_lin_v, d_head_lin_k]]","[3192, 3201]",21,linear_attn,,1,model.layers.21.linear_attn,aten.mul.Tensor,[],decode,False
3203,linear_attn,,transpose,"[[B, 1, n_h_lin_v, d_head_lin_k]]",,,"[[B, n_h_lin_v, 1, d_head_lin_k]]",[3197],21,linear_attn,,1,model.layers.21.linear_attn,aten.transpose.int,[],decode,True
3204,linear_attn,,_to_copy,"[[B, n_h_lin_v, 1, d_head_lin_k]]",,,"[[B, n_h_lin_v, 1, d_head_lin_k]]",[3203],21,linear_attn,,1,model.layers.21.linear_attn,aten._to_copy.default,[],decode,True
3205,linear_attn,,transpose,"[[B, 1, n_h_lin_v, d_head_lin_k]]",,,"[[B, n_h_lin_v, 1, d_head_lin_k]]",[3202],21,linear_attn,,1,model.layers.21.linear_attn,aten.transpose.int,[],decode,True
3206,linear_attn,,_to_copy,"[[B, n_h_lin_v, 1, d_head_lin_k]]",,,"[[B, n_h_lin_v, 1, d_head_lin_k]]",[3205],21,linear_attn,,1,model.layers.21.linear_attn,aten._to_copy.default,[],decode,True
3207,linear_attn,,transpose,"[[B, 1, n_h_lin_v, d_head_lin_v]]",,,"[[B, n_h_lin_v, 1, d_head_lin_v]]",[3176],21,linear_attn,,1,model.layers.21.linear_attn,aten.transpose.int,[],decode,True
3208,linear_attn,,_to_copy,"[[B, n_h_lin_v, 1, d_head_lin_v]]",,,"[[B, n_h_lin_v, 1, d_head_lin_v]]",[3207],21,linear_attn,,1,model.layers.21.linear_attn,aten._to_copy.default,[],decode,True
3209,linear_attn,,transpose,"[[B, 1, n_h_lin_v]]",,,"[[B, n_h_lin_v, 1]]",[3177],21,linear_attn,,1,model.layers.21.linear_attn,aten.transpose.int,[],decode,True
3210,linear_attn,,_to_copy,"[[B, n_h_lin_v, 1]]",,,"[[B, n_h_lin_v, 1]]",[3209],21,linear_attn,,1,model.layers.21.linear_attn,aten._to_copy.default,[],decode,True
3211,linear_attn,,transpose,"[[B, 1, n_h_lin_v]]",,,"[[B, n_h_lin_v, 1]]",[3184],21,linear_attn,,1,model.layers.21.linear_attn,aten.transpose.int,[],decode,True
3212,linear_attn,,elementwise_mul,"[[B, n_h_lin_v, 1, d_head_lin_k]]",,,"[[B, n_h_lin_v, 1, d_head_lin_k]]",[3204],21,linear_attn,,1,model.layers.21.linear_attn,aten.mul.Tensor,[],decode,False
3213,linear_attn,,zeros,[],,,"[[B, n_h_lin_v, 1, d_head_lin_v]]",[],21,linear_attn,,1,model.layers.21.linear_attn,aten.zeros.default,[],decode,True
3214,linear_attn,,select,"[[B, n_h_lin_v, 1, d_head_lin_k]]",,,"[[B, n_h_lin_v, d_head_lin_k]]",[3212],21,linear_attn,,1,model.layers.21.linear_attn,aten.select.int,[],decode,True
3215,linear_attn,,select,"[[B, n_h_lin_v, 1, d_head_lin_k]]",,,"[[B, n_h_lin_v, d_head_lin_k]]",[3206],21,linear_attn,,1,model.layers.21.linear_attn,aten.select.int,[],decode,True
3216,linear_attn,,select,"[[B, n_h_lin_v, 1, d_head_lin_v]]",,,"[[B, n_h_lin_v, d_head_lin_v]]",[3208],21,linear_attn,,1,model.layers.21.linear_attn,aten.select.int,[],decode,True
3217,linear_attn,,select,"[[B, n_h_lin_v, 1]]",,,"[[B, n_h_lin_v]]",[3211],21,linear_attn,,1,model.layers.21.linear_attn,aten.select.int,[],decode,True
3218,linear_attn,,exp,"[[B, n_h_lin_v]]",,,"[[B, n_h_lin_v]]",[3217],21,linear_attn,,1,model.layers.21.linear_attn,aten.exp.default,[],decode,False
3219,linear_attn,,unsqueeze,"[[B, n_h_lin_v]]",,,"[[B, n_h_lin_v, 1]]",[3218],21,linear_attn,,1,model.layers.21.linear_attn,aten.unsqueeze.default,[],decode,True
3220,linear_attn,,unsqueeze,"[[B, n_h_lin_v, 1]]",,,"[[B, n_h_lin_v, 1, 1]]",[3219],21,linear_attn,,1,model.layers.21.linear_attn,aten.unsqueeze.default,[],decode,True
3221,linear_attn,,select,"[[B, n_h_lin_v, 1]]",,,"[[B, n_h_lin_v]]",[3210],21,linear_attn,,1,model.layers.21.linear_attn,aten.select.int,[],decode,True
3222,linear_attn,,unsqueeze,"[[B, n_h_lin_v]]",,,"[[B, n_h_lin_v, 1]]",[3221],21,linear_attn,,1,model.layers.21.linear_attn,aten.unsqueeze.default,[],decode,True
3223,linear_attn,,elementwise_mul,"[[B, n_h_lin_v, d_head_lin_k, d_head_lin_v], [B, n_h_lin_v, 1, 1]]",,,"[[B, n_h_lin_v, d_head_lin_k, d_head_lin_v]]",[3220],21,linear_attn,,1,model.layers.21.linear_attn,aten.mul.Tensor,[],decode,False
3224,linear_attn,,unsqueeze,"[[B, n_h_lin_v, d_head_lin_k]]",,,"[[B, n_h_lin_v, d_head_lin_k, 1]]",[3215],21,linear_attn,,1,model.layers.21.linear_attn,aten.unsqueeze.default,[],decode,True
3225,linear_attn,,elementwise_mul,"[[B, n_h_lin_v, d_head_lin_k, d_head_lin_v], [B, n_h_lin_v, d_head_lin_k, 1]]",,,"[[B, n_h_lin_v, d_head_lin_k, d_head_lin_v]]","[3223, 3224]",21,linear_attn,,1,model.layers.21.linear_attn,aten.mul.Tensor,[],decode,False
3226,linear_attn,,sum,"[[B, n_h_lin_v, d_head_lin_k, d_head_lin_v]]",,,"[[B, n_h_lin_v, d_head_lin_v]]",[3225],21,linear_attn,,1,model.layers.21.linear_attn,aten.sum.dim_IntList,[],decode,True
3227,linear_attn,,sub,"[[B, n_h_lin_v, d_head_lin_v], [B, n_h_lin_v, d_head_lin_v]]",,,"[[B, n_h_lin_v, d_head_lin_v]]","[3216, 3226]",21,linear_attn,,1,model.layers.21.linear_attn,aten.sub.Tensor,[],decode,True
3228,linear_attn,,elementwise_mul,"[[B, n_h_lin_v, d_head_lin_v], [B, n_h_lin_v, 1]]",,,"[[B, n_h_lin_v, d_head_lin_v]]","[3222, 3227]",21,linear_attn,,1,model.layers.21.linear_attn,aten.mul.Tensor,[],decode,False
3229,linear_attn,,unsqueeze,"[[B, n_h_lin_v, d_head_lin_k]]",,,"[[B, n_h_lin_v, d_head_lin_k, 1]]",[3215],21,linear_attn,,1,model.layers.21.linear_attn,aten.unsqueeze.default,[],decode,True
3230,linear_attn,,unsqueeze,"[[B, n_h_lin_v, d_head_lin_v]]",,,"[[B, n_h_lin_v, 1, d_head_lin_v]]",[3228],21,linear_attn,,1,model.layers.21.linear_attn,aten.unsqueeze.default,[],decode,True
3231,linear_attn,,elementwise_mul,"[[B, n_h_lin_v, d_head_lin_k, 1], [B, n_h_lin_v, 1, d_head_lin_v]]",,,"[[B, n_h_lin_v, d_head_lin_k, d_head_lin_v]]","[3229, 3230]",21,linear_attn,,1,model.layers.21.linear_attn,aten.mul.Tensor,[],decode,False
3232,linear_attn,,elementwise_add,"[[B, n_h_lin_v, d_head_lin_k, d_head_lin_v], [B, n_h_lin_v, d_head_lin_k, d_head_lin_v]]",,,"[[B, n_h_lin_v, d_head_lin_k, d_head_lin_v]]","[3223, 3231]",21,linear_attn,,1,model.layers.21.linear_attn,aten.add.Tensor,[],decode,False
3233,linear_attn,,unsqueeze,"[[B, n_h_lin_v, d_head_lin_k]]",,,"[[B, n_h_lin_v, d_head_lin_k, 1]]",[3214],21,linear_attn,,1,model.layers.21.linear_attn,aten.unsqueeze.default,[],decode,True
3234,linear_attn,,elementwise_mul,"[[B, n_h_lin_v, d_head_lin_k, d_head_lin_v], [B, n_h_lin_v, d_head_lin_k, 1]]",,,"[[B, n_h_lin_v, d_head_lin_k, d_head_lin_v]]","[3232, 3233]",21,linear_attn,,1,model.layers.21.linear_attn,aten.mul.Tensor,[],decode,False
3235,linear_attn,,sum,"[[B, n_h_lin_v, d_head_lin_k, d_head_lin_v]]",,,"[[B, n_h_lin_v, d_head_lin_v]]",[3234],21,linear_attn,,1,model.layers.21.linear_attn,aten.sum.dim_IntList,[],decode,True
3236,linear_attn,,select,"[[B, n_h_lin_v, 1, d_head_lin_v]]",,,"[[B, n_h_lin_v, d_head_lin_v]]",[3213],21,linear_attn,,1,model.layers.21.linear_attn,aten.select.int,[],decode,True
3237,linear_attn,,copy_,"[[B, n_h_lin_v, d_head_lin_v], [B, n_h_lin_v, d_head_lin_v]]",,,"[[B, n_h_lin_v, d_head_lin_v]]","[3235, 3236]",21,linear_attn,,1,model.layers.21.linear_attn,aten.copy_.default,[],decode,True
3238,linear_attn,,transpose,"[[B, n_h_lin_v, 1, d_head_lin_v]]",,,"[[B, 1, n_h_lin_v, d_head_lin_v]]",[3213],21,linear_attn,,1,model.layers.21.linear_attn,aten.transpose.int,[],decode,True
3239,linear_attn,,_to_copy,"[[B, 1, n_h_lin_v, d_head_lin_v]]",,,"[[B, 1, n_h_lin_v, d_head_lin_v]]",[3238],21,linear_attn,,1,model.layers.21.linear_attn,aten._to_copy.default,[],decode,True
3240,linear_attn,,copy_,"[[B, n_h_lin_v, d_head_lin_k, d_head_lin_v], [B, n_h_lin_v, d_head_lin_k, d_head_lin_v]]",,,"[[B, n_h_lin_v, d_head_lin_k, d_head_lin_v]]",[3232],21,linear_attn,,1,model.layers.21.linear_attn,aten.copy_.default,[],decode,True
3241,linear_attn,,view,"[[B, 1, n_h_lin_v, d_head_lin_v]]",,,"[[n_h_lin_v, d_head_lin_v]]",[3239],21,linear_attn,,1,model.layers.21.linear_attn,aten.view.default,[],decode,True
3242,linear_attn,,view,"[[B, 1, n_h_lin_v, d_head_lin_v]]",,,"[[n_h_lin_v, d_head_lin_v]]",[3155],21,linear_attn,,1,model.layers.21.linear_attn,aten.view.default,[],decode,True
3243,linear_attn,norm,_to_copy,"[[n_h_lin_v, d_head_lin_v]]",,,"[[n_h_lin_v, d_head_lin_v]]",[3241],21,linear_attn,norm,2,model.layers.21.linear_attn.norm,aten._to_copy.default,[],decode,True
3244,linear_attn,norm,pow,"[[n_h_lin_v, d_head_lin_v]]",,,"[[n_h_lin_v, d_head_lin_v]]",[3243],21,linear_attn,norm,2,model.layers.21.linear_attn.norm,aten.pow.Tensor_Scalar,[],decode,False
3245,linear_attn,norm,mean,"[[n_h_lin_v, d_head_lin_v]]",,,"[[n_h_lin_v, B]]",[3244],21,linear_attn,norm,2,model.layers.21.linear_attn.norm,aten.mean.dim,[],decode,False
3246,linear_attn,norm,elementwise_add,"[[n_h_lin_v, B]]",,,"[[n_h_lin_v, B]]",[3245],21,linear_attn,norm,2,model.layers.21.linear_attn.norm,aten.add.Tensor,[],decode,False
3247,linear_attn,norm,rsqrt,"[[n_h_lin_v, B]]",,,"[[n_h_lin_v, B]]",[3246],21,linear_attn,norm,2,model.layers.21.linear_attn.norm,aten.rsqrt.default,[],decode,False
3248,linear_attn,norm,elementwise_mul,"[[n_h_lin_v, d_head_lin_v], [n_h_lin_v, B]]",,,"[[n_h_lin_v, d_head_lin_v]]","[3243, 3247]",21,linear_attn,norm,2,model.layers.21.linear_attn.norm,aten.mul.Tensor,[],decode,False
3249,linear_attn,norm,_to_copy,"[[n_h_lin_v, d_head_lin_v]]",,,"[[n_h_lin_v, d_head_lin_v]]",[3248],21,linear_attn,norm,2,model.layers.21.linear_attn.norm,aten._to_copy.default,[],decode,True
3250,linear_attn,norm,elementwise_mul,"[[d_head_lin_v], [n_h_lin_v, d_head_lin_v]]",,,"[[n_h_lin_v, d_head_lin_v]]",[3249],21,linear_attn,norm,2,model.layers.21.linear_attn.norm,aten.mul.Tensor,[model.layers.21.linear_attn.norm.weight],decode,False
3251,linear_attn,norm,_to_copy,"[[n_h_lin_v, d_head_lin_v]]",,,"[[n_h_lin_v, d_head_lin_v]]",[3242],21,linear_attn,norm,2,model.layers.21.linear_attn.norm,aten._to_copy.default,[],decode,True
3252,linear_attn,norm,silu,"[[n_h_lin_v, d_head_lin_v]]",,,"[[n_h_lin_v, d_head_lin_v]]",[3251],21,linear_attn,norm,2,model.layers.21.linear_attn.norm,aten.silu.default,[],decode,False
3253,linear_attn,norm,elementwise_mul,"[[n_h_lin_v, d_head_lin_v], [n_h_lin_v, d_head_lin_v]]",,,"[[n_h_lin_v, d_head_lin_v]]","[3250, 3252]",21,linear_attn,norm,2,model.layers.21.linear_attn.norm,aten.mul.Tensor,[],decode,False
3254,linear_attn,norm,_to_copy,"[[n_h_lin_v, d_head_lin_v]]",,,"[[n_h_lin_v, d_head_lin_v]]",[3253],21,linear_attn,norm,2,model.layers.21.linear_attn.norm,aten._to_copy.default,[],decode,True
3255,linear_attn,,view,"[[n_h_lin_v, d_head_lin_v]]",,,"[[B, 1, n_v*d_v]]",[3254],21,linear_attn,,1,model.layers.21.linear_attn,aten.view.default,[],decode,True
3256,linear_attn,out_proj,t,"[[d_model, n_v*d_v]]","[d_model, n_v*d_v]",0,"[[n_v*d_v, d_model]]",[],21,linear_attn,out_proj,2,model.layers.21.linear_attn.out_proj,aten.t.default,[model.layers.21.linear_attn.out_proj.weight],decode,True
3257,linear_attn,out_proj,view,"[[B, 1, n_v*d_v]]",,,"[[B, n_v*d_v]]",[3255],21,linear_attn,out_proj,2,model.layers.21.linear_attn.out_proj,aten.view.default,[],decode,True
3258,linear_attn,out_proj,matmul,"[[B, n_v*d_v], [n_v*d_v, d_model]]","[d_model, n_v*d_v]",1,"[[B, d_model]]","[3256, 3257]",21,linear_attn,out_proj,2,model.layers.21.linear_attn.out_proj,aten.mm.default,[model.layers.21.linear_attn.out_proj.weight],decode,False
3259,linear_attn,out_proj,_unsafe_view,"[[B, d_model]]",,,"[[B, 1, d_model]]",[3258],21,linear_attn,out_proj,2,model.layers.21.linear_attn.out_proj,aten._unsafe_view.default,[],decode,True
3260,,,elementwise_add,"[[B, 1, d_model], [B, 1, d_model]]",,,"[[B, 1, d_model]]","[3135, 3259]",21,,,0,model.layers.21,aten.add.Tensor,[],decode,False
3261,post_attention_layernorm,,_to_copy,"[[B, 1, d_model]]",,,"[[B, 1, d_model]]",[3260],21,post_attention_layernorm,,1,model.layers.21.post_attention_layernorm,aten._to_copy.default,[],decode,True
3262,post_attention_layernorm,,pow,"[[B, 1, d_model]]",,,"[[B, 1, d_model]]",[3261],21,post_attention_layernorm,,1,model.layers.21.post_attention_layernorm,aten.pow.Tensor_Scalar,[],decode,False
3263,post_attention_layernorm,,mean,"[[B, 1, d_model]]",,,"[[B, 1, 1]]",[3262],21,post_attention_layernorm,,1,model.layers.21.post_attention_layernorm,aten.mean.dim,[],decode,False
3264,post_attention_layernorm,,elementwise_add,"[[B, 1, 1]]",,,"[[B, 1, 1]]",[3263],21,post_attention_layernorm,,1,model.layers.21.post_attention_layernorm,aten.add.Tensor,[],decode,False
3265,post_attention_layernorm,,rsqrt,"[[B, 1, 1]]",,,"[[B, 1, 1]]",[3264],21,post_attention_layernorm,,1,model.layers.21.post_attention_layernorm,aten.rsqrt.default,[],decode,False
3266,post_attention_layernorm,,elementwise_mul,"[[B, 1, d_model], [B, 1, 1]]",,,"[[B, 1, d_model]]","[3261, 3265]",21,post_attention_layernorm,,1,model.layers.21.post_attention_layernorm,aten.mul.Tensor,[],decode,False
3267,post_attention_layernorm,,_to_copy,[[d_model]],,,[[d_model]],[],21,post_attention_layernorm,,1,model.layers.21.post_attention_layernorm,aten._to_copy.default,[model.layers.21.post_attention_layernorm.weight],decode,True
3268,post_attention_layernorm,,elementwise_add,[[d_model]],,,[[d_model]],[3267],21,post_attention_layernorm,,1,model.layers.21.post_attention_layernorm,aten.add.Tensor,[model.layers.21.post_attention_layernorm.weight],decode,False
3269,post_attention_layernorm,,elementwise_mul,"[[B, 1, d_model], [d_model]]",,,"[[B, 1, d_model]]","[3266, 3268]",21,post_attention_layernorm,,1,model.layers.21.post_attention_layernorm,aten.mul.Tensor,[],decode,False
3270,post_attention_layernorm,,_to_copy,"[[B, 1, d_model]]",,,"[[B, 1, d_model]]",[3269],21,post_attention_layernorm,,1,model.layers.21.post_attention_layernorm,aten._to_copy.default,[],decode,True
3271,mlp,gate_proj,t,"[[d_ff, d_model]]","[d_ff, d_model]",0,"[[d_model, d_ff]]",[],21,mlp,gate_proj,2,model.layers.21.mlp.gate_proj,aten.t.default,[model.layers.21.mlp.gate_proj.weight],decode,True
3272,mlp,gate_proj,view,"[[B, 1, d_model]]",,,"[[B, d_model]]",[3270],21,mlp,gate_proj,2,model.layers.21.mlp.gate_proj,aten.view.default,[],decode,True
3273,mlp,gate_proj,matmul,"[[B, d_model], [d_model, d_ff]]","[d_ff, d_model]",1,"[[B, d_ff]]","[3271, 3272]",21,mlp,gate_proj,2,model.layers.21.mlp.gate_proj,aten.mm.default,[model.layers.21.mlp.gate_proj.weight],decode,False
3274,mlp,gate_proj,_unsafe_view,"[[B, d_ff]]",,,"[[B, 1, d_ff]]",[3273],21,mlp,gate_proj,2,model.layers.21.mlp.gate_proj,aten._unsafe_view.default,[],decode,True
3275,mlp,act_fn,silu,"[[B, 1, d_ff]]",,,"[[B, 1, d_ff]]",[3274],21,mlp,act_fn,2,model.layers.21.mlp.act_fn,aten.silu.default,[],decode,False
3276,mlp,up_proj,t,"[[d_ff, d_model]]","[d_ff, d_model]",0,"[[d_model, d_ff]]",[],21,mlp,up_proj,2,model.layers.21.mlp.up_proj,aten.t.default,[model.layers.21.mlp.up_proj.weight],decode,True
3277,mlp,up_proj,view,"[[B, 1, d_model]]",,,"[[B, d_model]]",[3270],21,mlp,up_proj,2,model.layers.21.mlp.up_proj,aten.view.default,[],decode,True
3278,mlp,up_proj,matmul,"[[B, d_model], [d_model, d_ff]]","[d_ff, d_model]",1,"[[B, d_ff]]","[3276, 3277]",21,mlp,up_proj,2,model.layers.21.mlp.up_proj,aten.mm.default,[model.layers.21.mlp.up_proj.weight],decode,False
3279,mlp,up_proj,_unsafe_view,"[[B, d_ff]]",,,"[[B, 1, d_ff]]",[3278],21,mlp,up_proj,2,model.layers.21.mlp.up_proj,aten._unsafe_view.default,[],decode,True
3280,mlp,,elementwise_mul,"[[B, 1, d_ff], [B, 1, d_ff]]",,,"[[B, 1, d_ff]]","[3275, 3279]",21,mlp,,1,model.layers.21.mlp,aten.mul.Tensor,[],decode,False
3281,mlp,down_proj,t,"[[d_model, d_ff]]","[d_model, d_ff]",0,"[[d_ff, d_model]]",[],21,mlp,down_proj,2,model.layers.21.mlp.down_proj,aten.t.default,[model.layers.21.mlp.down_proj.weight],decode,True
3282,mlp,down_proj,view,"[[B, 1, d_ff]]",,,"[[B, d_ff]]",[3280],21,mlp,down_proj,2,model.layers.21.mlp.down_proj,aten.view.default,[],decode,True
3283,mlp,down_proj,matmul,"[[B, d_ff], [d_ff, d_model]]","[d_model, d_ff]",1,"[[B, d_model]]","[3281, 3282]",21,mlp,down_proj,2,model.layers.21.mlp.down_proj,aten.mm.default,[model.layers.21.mlp.down_proj.weight],decode,False
3284,mlp,down_proj,_unsafe_view,"[[B, d_model]]",,,"[[B, 1, d_model]]",[3283],21,mlp,down_proj,2,model.layers.21.mlp.down_proj,aten._unsafe_view.default,[],decode,True
3285,,,elementwise_add,"[[B, 1, d_model], [B, 1, d_model]]",,,"[[B, 1, d_model]]","[3260, 3284]",21,,,0,model.layers.21,aten.add.Tensor,[],decode,False
3286,input_layernorm,,_to_copy,"[[B, 1, d_model]]",,,"[[B, 1, d_model]]",[3285],22,input_layernorm,,1,model.layers.22.input_layernorm,aten._to_copy.default,[],decode,True
3287,input_layernorm,,pow,"[[B, 1, d_model]]",,,"[[B, 1, d_model]]",[3286],22,input_layernorm,,1,model.layers.22.input_layernorm,aten.pow.Tensor_Scalar,[],decode,False
3288,input_layernorm,,mean,"[[B, 1, d_model]]",,,"[[B, 1, 1]]",[3287],22,input_layernorm,,1,model.layers.22.input_layernorm,aten.mean.dim,[],decode,False
3289,input_layernorm,,elementwise_add,"[[B, 1, 1]]",,,"[[B, 1, 1]]",[3288],22,input_layernorm,,1,model.layers.22.input_layernorm,aten.add.Tensor,[],decode,False
3290,input_layernorm,,rsqrt,"[[B, 1, 1]]",,,"[[B, 1, 1]]",[3289],22,input_layernorm,,1,model.layers.22.input_layernorm,aten.rsqrt.default,[],decode,False
3291,input_layernorm,,elementwise_mul,"[[B, 1, d_model], [B, 1, 1]]",,,"[[B, 1, d_model]]","[3286, 3290]",22,input_layernorm,,1,model.layers.22.input_layernorm,aten.mul.Tensor,[],decode,False
3292,input_layernorm,,_to_copy,[[d_model]],,,[[d_model]],[],22,input_layernorm,,1,model.layers.22.input_layernorm,aten._to_copy.default,[model.layers.22.input_layernorm.weight],decode,True
3293,input_layernorm,,elementwise_add,[[d_model]],,,[[d_model]],[3292],22,input_layernorm,,1,model.layers.22.input_layernorm,aten.add.Tensor,[model.layers.22.input_layernorm.weight],decode,False
3294,input_layernorm,,elementwise_mul,"[[B, 1, d_model], [d_model]]",,,"[[B, 1, d_model]]","[3291, 3293]",22,input_layernorm,,1,model.layers.22.input_layernorm,aten.mul.Tensor,[],decode,False
3295,input_layernorm,,_to_copy,"[[B, 1, d_model]]",,,"[[B, 1, d_model]]",[3294],22,input_layernorm,,1,model.layers.22.input_layernorm,aten._to_copy.default,[],decode,True
3296,linear_attn,in_proj_qkv,t,"[[2*d_k_lin+d_v_lin, d_model]]","[2*d_k_lin+d_v_lin, d_model]",0,"[[d_model, 2*d_k_lin+d_v_lin]]",[],22,linear_attn,in_proj_qkv,2,model.layers.22.linear_attn.in_proj_qkv,aten.t.default,[model.layers.22.linear_attn.in_proj_qkv.weight],decode,True
3297,linear_attn,in_proj_qkv,view,"[[B, 1, d_model]]",,,"[[B, d_model]]",[3295],22,linear_attn,in_proj_qkv,2,model.layers.22.linear_attn.in_proj_qkv,aten.view.default,[],decode,True
3298,linear_attn,in_proj_qkv,matmul,"[[B, d_model], [d_model, 2*d_k_lin+d_v_lin]]","[2*d_k_lin+d_v_lin, d_model]",1,"[[B, 2*d_k_lin+d_v_lin]]","[3296, 3297]",22,linear_attn,in_proj_qkv,2,model.layers.22.linear_attn.in_proj_qkv,aten.mm.default,[model.layers.22.linear_attn.in_proj_qkv.weight],decode,False
3299,linear_attn,in_proj_qkv,_unsafe_view,"[[B, 2*d_k_lin+d_v_lin]]",,,"[[B, 1, 2*d_k_lin+d_v_lin]]",[3298],22,linear_attn,in_proj_qkv,2,model.layers.22.linear_attn.in_proj_qkv,aten._unsafe_view.default,[],decode,True
3300,linear_attn,,transpose,"[[B, 1, 2*d_k_lin+d_v_lin]]",,,"[[B, 2*d_k_lin+d_v_lin, 1]]",[3299],22,linear_attn,,1,model.layers.22.linear_attn,aten.transpose.int,[],decode,True
3301,linear_attn,in_proj_z,t,"[[n_v*d_v, d_model]]","[n_v*d_v, d_model]",0,"[[d_model, n_v*d_v]]",[],22,linear_attn,in_proj_z,2,model.layers.22.linear_attn.in_proj_z,aten.t.default,[model.layers.22.linear_attn.in_proj_z.weight],decode,True
3302,linear_attn,in_proj_z,view,"[[B, 1, d_model]]",,,"[[B, d_model]]",[3295],22,linear_attn,in_proj_z,2,model.layers.22.linear_attn.in_proj_z,aten.view.default,[],decode,True
3303,linear_attn,in_proj_z,matmul,"[[B, d_model], [d_model, n_v*d_v]]","[n_v*d_v, d_model]",1,"[[B, n_v*d_v]]","[3301, 3302]",22,linear_attn,in_proj_z,2,model.layers.22.linear_attn.in_proj_z,aten.mm.default,[model.layers.22.linear_attn.in_proj_z.weight],decode,False
3304,linear_attn,in_proj_z,_unsafe_view,"[[B, n_v*d_v]]",,,"[[B, 1, n_v*d_v]]",[3303],22,linear_attn,in_proj_z,2,model.layers.22.linear_attn.in_proj_z,aten._unsafe_view.default,[],decode,True
3305,linear_attn,,view,"[[B, 1, n_v*d_v]]",,,"[[B, 1, n_h_lin_v, d_head_lin_v]]",[3304],22,linear_attn,,1,model.layers.22.linear_attn,aten.view.default,[],decode,True
3306,linear_attn,in_proj_b,t,"[[n_h_lin_v, d_model]]","[n_h_lin_v, d_model]",0,"[[d_model, n_h_lin_v]]",[],22,linear_attn,in_proj_b,2,model.layers.22.linear_attn.in_proj_b,aten.t.default,[model.layers.22.linear_attn.in_proj_b.weight],decode,True
3307,linear_attn,in_proj_b,view,"[[B, 1, d_model]]",,,"[[B, d_model]]",[3295],22,linear_attn,in_proj_b,2,model.layers.22.linear_attn.in_proj_b,aten.view.default,[],decode,True
3308,linear_attn,in_proj_b,matmul,"[[B, d_model], [d_model, n_h_lin_v]]","[n_h_lin_v, d_model]",1,"[[B, n_h_lin_v]]","[3306, 3307]",22,linear_attn,in_proj_b,2,model.layers.22.linear_attn.in_proj_b,aten.mm.default,[model.layers.22.linear_attn.in_proj_b.weight],decode,False
3309,linear_attn,in_proj_b,_unsafe_view,"[[B, n_h_lin_v]]",,,"[[B, 1, n_h_lin_v]]",[3308],22,linear_attn,in_proj_b,2,model.layers.22.linear_attn.in_proj_b,aten._unsafe_view.default,[],decode,True
3310,linear_attn,in_proj_a,t,"[[n_h_lin_v, d_model]]","[n_h_lin_v, d_model]",0,"[[d_model, n_h_lin_v]]",[],22,linear_attn,in_proj_a,2,model.layers.22.linear_attn.in_proj_a,aten.t.default,[model.layers.22.linear_attn.in_proj_a.weight],decode,True
3311,linear_attn,in_proj_a,view,"[[B, 1, d_model]]",,,"[[B, d_model]]",[3295],22,linear_attn,in_proj_a,2,model.layers.22.linear_attn.in_proj_a,aten.view.default,[],decode,True
3312,linear_attn,in_proj_a,matmul,"[[B, d_model], [d_model, n_h_lin_v]]","[n_h_lin_v, d_model]",1,"[[B, n_h_lin_v]]","[3310, 3311]",22,linear_attn,in_proj_a,2,model.layers.22.linear_attn.in_proj_a,aten.mm.default,[model.layers.22.linear_attn.in_proj_a.weight],decode,False
3313,linear_attn,in_proj_a,_unsafe_view,"[[B, n_h_lin_v]]",,,"[[B, 1, n_h_lin_v]]",[3312],22,linear_attn,in_proj_a,2,model.layers.22.linear_attn.in_proj_a,aten._unsafe_view.default,[],decode,True
3314,linear_attn,,squeeze,"[[2*d_k_lin+d_v_lin, 1, d_conv_lin]]","[2*d_k_lin+d_v_lin, 1, d_conv_lin]",0,"[[2*d_k_lin+d_v_lin, d_conv_lin]]",[],22,linear_attn,,1,model.layers.22.linear_attn,aten.squeeze.dim,[model.layers.22.linear_attn.conv1d.weight],decode,True
3315,linear_attn,,concat,"[[B, 2*d_k_lin+d_v_lin, d_conv_lin], [B, 2*d_k_lin+d_v_lin, 1]]",,,"[[B, 2*d_k_lin+d_v_lin, 5]]",[3300],22,linear_attn,,1,model.layers.22.linear_attn,aten.cat.default,[],decode,False
3316,linear_attn,,slice,"[[B, 2*d_k_lin+d_v_lin, 5]]",,,"[[B, 2*d_k_lin+d_v_lin, d_conv_lin]]",[3315],22,linear_attn,,1,model.layers.22.linear_attn,aten.slice.Tensor,[],decode,True
3317,linear_attn,,copy_,"[[B, 2*d_k_lin+d_v_lin, d_conv_lin], [B, 2*d_k_lin+d_v_lin, d_conv_lin]]",,,"[[B, 2*d_k_lin+d_v_lin, d_conv_lin]]",[3316],22,linear_attn,,1,model.layers.22.linear_attn,aten.copy_.default,[],decode,True
3318,linear_attn,,unsqueeze,"[[2*d_k_lin+d_v_lin, d_conv_lin]]",,,"[[2*d_k_lin+d_v_lin, 1, d_conv_lin]]",[3314],22,linear_attn,,1,model.layers.22.linear_attn,aten.unsqueeze.default,[],decode,True
3319,linear_attn,,conv1d,"[[B, 2*d_k_lin+d_v_lin, 5], [2*d_k_lin+d_v_lin, 1, d_conv_lin]]",,,"[[B, 2*d_k_lin+d_v_lin, 2]]","[3315, 3318]",22,linear_attn,,1,model.layers.22.linear_attn,aten.convolution.default,[],decode,False
3320,linear_attn,,slice,"[[B, 2*d_k_lin+d_v_lin, 2]]",,,"[[B, 2*d_k_lin+d_v_lin, 1]]",[3319],22,linear_attn,,1,model.layers.22.linear_attn,aten.slice.Tensor,[],decode,True
3321,linear_attn,,silu,"[[B, 2*d_k_lin+d_v_lin, 1]]",,,"[[B, 2*d_k_lin+d_v_lin, 1]]",[3320],22,linear_attn,,1,model.layers.22.linear_attn,aten.silu.default,[],decode,False
3322,linear_attn,,transpose,"[[B, 2*d_k_lin+d_v_lin, 1]]",,,"[[B, 1, 2*d_k_lin+d_v_lin]]",[3321],22,linear_attn,,1,model.layers.22.linear_attn,aten.transpose.int,[],decode,True
3323,linear_attn,,split_with_sizes,"[[B, 1, 2*d_k_lin+d_v_lin]]",,,"[[B, 1, n_k*d_k], [B, 1, n_k*d_k], [B, 1, n_v*d_v]]",[3322],22,linear_attn,,1,model.layers.22.linear_attn,aten.split_with_sizes.default,[],decode,True
3324,linear_attn,,view,"[[B, 1, n_k*d_k]]",,,"[[B, 1, n_h_lin_k, d_head_lin_k]]",[3323],22,linear_attn,,1,model.layers.22.linear_attn,aten.view.default,[],decode,True
3325,linear_attn,,view,"[[B, 1, n_k*d_k]]",,,"[[B, 1, n_h_lin_k, d_head_lin_k]]",[3323],22,linear_attn,,1,model.layers.22.linear_attn,aten.view.default,[],decode,True
3326,linear_attn,,view,"[[B, 1, n_v*d_v]]",,,"[[B, 1, n_h_lin_v, d_head_lin_v]]",[3323],22,linear_attn,,1,model.layers.22.linear_attn,aten.view.default,[],decode,True
3327,linear_attn,,sigmoid,"[[B, 1, n_h_lin_v]]",,,"[[B, 1, n_h_lin_v]]",[3309],22,linear_attn,,1,model.layers.22.linear_attn,aten.sigmoid.default,[],decode,False
3328,linear_attn,,_to_copy,[[n_h_lin_v]],,,[[n_h_lin_v]],[],22,linear_attn,,1,model.layers.22.linear_attn,aten._to_copy.default,[model.layers.22.linear_attn.A_log],decode,True
3329,linear_attn,,exp,[[n_h_lin_v]],,,[[n_h_lin_v]],[3328],22,linear_attn,,1,model.layers.22.linear_attn,aten.exp.default,[model.layers.22.linear_attn.A_log],decode,False
3330,linear_attn,,neg,[[n_h_lin_v]],,,[[n_h_lin_v]],[3329],22,linear_attn,,1,model.layers.22.linear_attn,aten.neg.default,[],decode,False
3331,linear_attn,,_to_copy,"[[B, 1, n_h_lin_v]]",,,"[[B, 1, n_h_lin_v]]",[3313],22,linear_attn,,1,model.layers.22.linear_attn,aten._to_copy.default,[],decode,True
3332,linear_attn,,elementwise_add,"[[B, 1, n_h_lin_v], [n_h_lin_v]]",,,"[[B, 1, n_h_lin_v]]",[3331],22,linear_attn,,1,model.layers.22.linear_attn,aten.add.Tensor,[model.layers.22.linear_attn.dt_bias],decode,False
3333,linear_attn,,softplus,"[[B, 1, n_h_lin_v]]",,,"[[B, 1, n_h_lin_v]]",[3332],22,linear_attn,,1,model.layers.22.linear_attn,aten.softplus.default,[],decode,True
3334,linear_attn,,elementwise_mul,"[[n_h_lin_v], [B, 1, n_h_lin_v]]",,,"[[B, 1, n_h_lin_v]]","[3330, 3333]",22,linear_attn,,1,model.layers.22.linear_attn,aten.mul.Tensor,[],decode,False
3335,linear_attn,,unsqueeze,"[[B, 1, n_h_lin_k, d_head_lin_k]]",,,"[[B, 1, n_h_lin_k, 1, d_head_lin_k]]",[3324],22,linear_attn,,1,model.layers.22.linear_attn,aten.unsqueeze.default,[],decode,True
3336,linear_attn,,expand,"[[B, 1, n_h_lin_k, 1, d_head_lin_k]]",,,"[[B, 1, n_h_lin_k, n_v/n_k, d_head_lin_k]]",[3335],22,linear_attn,,1,model.layers.22.linear_attn,aten.expand.default,[],decode,True
3337,linear_attn,,clone,"[[B, 1, n_h_lin_k, n_v/n_k, d_head_lin_k]]",,,"[[B, 1, n_h_lin_k, n_v/n_k, d_head_lin_k]]",[3336],22,linear_attn,,1,model.layers.22.linear_attn,aten.clone.default,[],decode,True
3338,linear_attn,,view,"[[B, 1, n_h_lin_k, n_v/n_k, d_head_lin_k]]",,,"[[B, 1, n_h_lin_v, d_head_lin_k]]",[3337],22,linear_attn,,1,model.layers.22.linear_attn,aten.view.default,[],decode,True
3339,linear_attn,,unsqueeze,"[[B, 1, n_h_lin_k, d_head_lin_k]]",,,"[[B, 1, n_h_lin_k, 1, d_head_lin_k]]",[3325],22,linear_attn,,1,model.layers.22.linear_attn,aten.unsqueeze.default,[],decode,True
3340,linear_attn,,expand,"[[B, 1, n_h_lin_k, 1, d_head_lin_k]]",,,"[[B, 1, n_h_lin_k, n_v/n_k, d_head_lin_k]]",[3339],22,linear_attn,,1,model.layers.22.linear_attn,aten.expand.default,[],decode,True
3341,linear_attn,,clone,"[[B, 1, n_h_lin_k, n_v/n_k, d_head_lin_k]]",,,"[[B, 1, n_h_lin_k, n_v/n_k, d_head_lin_k]]",[3340],22,linear_attn,,1,model.layers.22.linear_attn,aten.clone.default,[],decode,True
3342,linear_attn,,view,"[[B, 1, n_h_lin_k, n_v/n_k, d_head_lin_k]]",,,"[[B, 1, n_h_lin_v, d_head_lin_k]]",[3341],22,linear_attn,,1,model.layers.22.linear_attn,aten.view.default,[],decode,True
3343,linear_attn,,elementwise_mul,"[[B, 1, n_h_lin_v, d_head_lin_k], [B, 1, n_h_lin_v, d_head_lin_k]]",,,"[[B, 1, n_h_lin_v, d_head_lin_k]]",[3338],22,linear_attn,,1,model.layers.22.linear_attn,aten.mul.Tensor,[],decode,False
3344,linear_attn,,sum,"[[B, 1, n_h_lin_v, d_head_lin_k]]",,,"[[B, 1, n_h_lin_v, 1]]",[3343],22,linear_attn,,1,model.layers.22.linear_attn,aten.sum.dim_IntList,[],decode,True
3345,linear_attn,,elementwise_add,"[[B, 1, n_h_lin_v, 1]]",,,"[[B, 1, n_h_lin_v, 1]]",[3344],22,linear_attn,,1,model.layers.22.linear_attn,aten.add.Tensor,[],decode,False
3346,linear_attn,,rsqrt,"[[B, 1, n_h_lin_v, 1]]",,,"[[B, 1, n_h_lin_v, 1]]",[3345],22,linear_attn,,1,model.layers.22.linear_attn,aten.rsqrt.default,[],decode,False
3347,linear_attn,,elementwise_mul,"[[B, 1, n_h_lin_v, d_head_lin_k], [B, 1, n_h_lin_v, 1]]",,,"[[B, 1, n_h_lin_v, d_head_lin_k]]","[3338, 3346]",22,linear_attn,,1,model.layers.22.linear_attn,aten.mul.Tensor,[],decode,False
3348,linear_attn,,elementwise_mul,"[[B, 1, n_h_lin_v, d_head_lin_k], [B, 1, n_h_lin_v, d_head_lin_k]]",,,"[[B, 1, n_h_lin_v, d_head_lin_k]]",[3342],22,linear_attn,,1,model.layers.22.linear_attn,aten.mul.Tensor,[],decode,False
3349,linear_attn,,sum,"[[B, 1, n_h_lin_v, d_head_lin_k]]",,,"[[B, 1, n_h_lin_v, 1]]",[3348],22,linear_attn,,1,model.layers.22.linear_attn,aten.sum.dim_IntList,[],decode,True
3350,linear_attn,,elementwise_add,"[[B, 1, n_h_lin_v, 1]]",,,"[[B, 1, n_h_lin_v, 1]]",[3349],22,linear_attn,,1,model.layers.22.linear_attn,aten.add.Tensor,[],decode,False
3351,linear_attn,,rsqrt,"[[B, 1, n_h_lin_v, 1]]",,,"[[B, 1, n_h_lin_v, 1]]",[3350],22,linear_attn,,1,model.layers.22.linear_attn,aten.rsqrt.default,[],decode,False
3352,linear_attn,,elementwise_mul,"[[B, 1, n_h_lin_v, d_head_lin_k], [B, 1, n_h_lin_v, 1]]",,,"[[B, 1, n_h_lin_v, d_head_lin_k]]","[3342, 3351]",22,linear_attn,,1,model.layers.22.linear_attn,aten.mul.Tensor,[],decode,False
3353,linear_attn,,transpose,"[[B, 1, n_h_lin_v, d_head_lin_k]]",,,"[[B, n_h_lin_v, 1, d_head_lin_k]]",[3347],22,linear_attn,,1,model.layers.22.linear_attn,aten.transpose.int,[],decode,True
3354,linear_attn,,_to_copy,"[[B, n_h_lin_v, 1, d_head_lin_k]]",,,"[[B, n_h_lin_v, 1, d_head_lin_k]]",[3353],22,linear_attn,,1,model.layers.22.linear_attn,aten._to_copy.default,[],decode,True
3355,linear_attn,,transpose,"[[B, 1, n_h_lin_v, d_head_lin_k]]",,,"[[B, n_h_lin_v, 1, d_head_lin_k]]",[3352],22,linear_attn,,1,model.layers.22.linear_attn,aten.transpose.int,[],decode,True
3356,linear_attn,,_to_copy,"[[B, n_h_lin_v, 1, d_head_lin_k]]",,,"[[B, n_h_lin_v, 1, d_head_lin_k]]",[3355],22,linear_attn,,1,model.layers.22.linear_attn,aten._to_copy.default,[],decode,True
3357,linear_attn,,transpose,"[[B, 1, n_h_lin_v, d_head_lin_v]]",,,"[[B, n_h_lin_v, 1, d_head_lin_v]]",[3326],22,linear_attn,,1,model.layers.22.linear_attn,aten.transpose.int,[],decode,True
3358,linear_attn,,_to_copy,"[[B, n_h_lin_v, 1, d_head_lin_v]]",,,"[[B, n_h_lin_v, 1, d_head_lin_v]]",[3357],22,linear_attn,,1,model.layers.22.linear_attn,aten._to_copy.default,[],decode,True
3359,linear_attn,,transpose,"[[B, 1, n_h_lin_v]]",,,"[[B, n_h_lin_v, 1]]",[3327],22,linear_attn,,1,model.layers.22.linear_attn,aten.transpose.int,[],decode,True
3360,linear_attn,,_to_copy,"[[B, n_h_lin_v, 1]]",,,"[[B, n_h_lin_v, 1]]",[3359],22,linear_attn,,1,model.layers.22.linear_attn,aten._to_copy.default,[],decode,True
3361,linear_attn,,transpose,"[[B, 1, n_h_lin_v]]",,,"[[B, n_h_lin_v, 1]]",[3334],22,linear_attn,,1,model.layers.22.linear_attn,aten.transpose.int,[],decode,True
3362,linear_attn,,elementwise_mul,"[[B, n_h_lin_v, 1, d_head_lin_k]]",,,"[[B, n_h_lin_v, 1, d_head_lin_k]]",[3354],22,linear_attn,,1,model.layers.22.linear_attn,aten.mul.Tensor,[],decode,False
3363,linear_attn,,zeros,[],,,"[[B, n_h_lin_v, 1, d_head_lin_v]]",[],22,linear_attn,,1,model.layers.22.linear_attn,aten.zeros.default,[],decode,True
3364,linear_attn,,select,"[[B, n_h_lin_v, 1, d_head_lin_k]]",,,"[[B, n_h_lin_v, d_head_lin_k]]",[3362],22,linear_attn,,1,model.layers.22.linear_attn,aten.select.int,[],decode,True
3365,linear_attn,,select,"[[B, n_h_lin_v, 1, d_head_lin_k]]",,,"[[B, n_h_lin_v, d_head_lin_k]]",[3356],22,linear_attn,,1,model.layers.22.linear_attn,aten.select.int,[],decode,True
3366,linear_attn,,select,"[[B, n_h_lin_v, 1, d_head_lin_v]]",,,"[[B, n_h_lin_v, d_head_lin_v]]",[3358],22,linear_attn,,1,model.layers.22.linear_attn,aten.select.int,[],decode,True
3367,linear_attn,,select,"[[B, n_h_lin_v, 1]]",,,"[[B, n_h_lin_v]]",[3361],22,linear_attn,,1,model.layers.22.linear_attn,aten.select.int,[],decode,True
3368,linear_attn,,exp,"[[B, n_h_lin_v]]",,,"[[B, n_h_lin_v]]",[3367],22,linear_attn,,1,model.layers.22.linear_attn,aten.exp.default,[],decode,False
3369,linear_attn,,unsqueeze,"[[B, n_h_lin_v]]",,,"[[B, n_h_lin_v, 1]]",[3368],22,linear_attn,,1,model.layers.22.linear_attn,aten.unsqueeze.default,[],decode,True
3370,linear_attn,,unsqueeze,"[[B, n_h_lin_v, 1]]",,,"[[B, n_h_lin_v, 1, 1]]",[3369],22,linear_attn,,1,model.layers.22.linear_attn,aten.unsqueeze.default,[],decode,True
3371,linear_attn,,select,"[[B, n_h_lin_v, 1]]",,,"[[B, n_h_lin_v]]",[3360],22,linear_attn,,1,model.layers.22.linear_attn,aten.select.int,[],decode,True
3372,linear_attn,,unsqueeze,"[[B, n_h_lin_v]]",,,"[[B, n_h_lin_v, 1]]",[3371],22,linear_attn,,1,model.layers.22.linear_attn,aten.unsqueeze.default,[],decode,True
3373,linear_attn,,elementwise_mul,"[[B, n_h_lin_v, d_head_lin_k, d_head_lin_v], [B, n_h_lin_v, 1, 1]]",,,"[[B, n_h_lin_v, d_head_lin_k, d_head_lin_v]]",[3370],22,linear_attn,,1,model.layers.22.linear_attn,aten.mul.Tensor,[],decode,False
3374,linear_attn,,unsqueeze,"[[B, n_h_lin_v, d_head_lin_k]]",,,"[[B, n_h_lin_v, d_head_lin_k, 1]]",[3365],22,linear_attn,,1,model.layers.22.linear_attn,aten.unsqueeze.default,[],decode,True
3375,linear_attn,,elementwise_mul,"[[B, n_h_lin_v, d_head_lin_k, d_head_lin_v], [B, n_h_lin_v, d_head_lin_k, 1]]",,,"[[B, n_h_lin_v, d_head_lin_k, d_head_lin_v]]","[3373, 3374]",22,linear_attn,,1,model.layers.22.linear_attn,aten.mul.Tensor,[],decode,False
3376,linear_attn,,sum,"[[B, n_h_lin_v, d_head_lin_k, d_head_lin_v]]",,,"[[B, n_h_lin_v, d_head_lin_v]]",[3375],22,linear_attn,,1,model.layers.22.linear_attn,aten.sum.dim_IntList,[],decode,True
3377,linear_attn,,sub,"[[B, n_h_lin_v, d_head_lin_v], [B, n_h_lin_v, d_head_lin_v]]",,,"[[B, n_h_lin_v, d_head_lin_v]]","[3366, 3376]",22,linear_attn,,1,model.layers.22.linear_attn,aten.sub.Tensor,[],decode,True
3378,linear_attn,,elementwise_mul,"[[B, n_h_lin_v, d_head_lin_v], [B, n_h_lin_v, 1]]",,,"[[B, n_h_lin_v, d_head_lin_v]]","[3372, 3377]",22,linear_attn,,1,model.layers.22.linear_attn,aten.mul.Tensor,[],decode,False
3379,linear_attn,,unsqueeze,"[[B, n_h_lin_v, d_head_lin_k]]",,,"[[B, n_h_lin_v, d_head_lin_k, 1]]",[3365],22,linear_attn,,1,model.layers.22.linear_attn,aten.unsqueeze.default,[],decode,True
3380,linear_attn,,unsqueeze,"[[B, n_h_lin_v, d_head_lin_v]]",,,"[[B, n_h_lin_v, 1, d_head_lin_v]]",[3378],22,linear_attn,,1,model.layers.22.linear_attn,aten.unsqueeze.default,[],decode,True
3381,linear_attn,,elementwise_mul,"[[B, n_h_lin_v, d_head_lin_k, 1], [B, n_h_lin_v, 1, d_head_lin_v]]",,,"[[B, n_h_lin_v, d_head_lin_k, d_head_lin_v]]","[3379, 3380]",22,linear_attn,,1,model.layers.22.linear_attn,aten.mul.Tensor,[],decode,False
3382,linear_attn,,elementwise_add,"[[B, n_h_lin_v, d_head_lin_k, d_head_lin_v], [B, n_h_lin_v, d_head_lin_k, d_head_lin_v]]",,,"[[B, n_h_lin_v, d_head_lin_k, d_head_lin_v]]","[3373, 3381]",22,linear_attn,,1,model.layers.22.linear_attn,aten.add.Tensor,[],decode,False
3383,linear_attn,,unsqueeze,"[[B, n_h_lin_v, d_head_lin_k]]",,,"[[B, n_h_lin_v, d_head_lin_k, 1]]",[3364],22,linear_attn,,1,model.layers.22.linear_attn,aten.unsqueeze.default,[],decode,True
3384,linear_attn,,elementwise_mul,"[[B, n_h_lin_v, d_head_lin_k, d_head_lin_v], [B, n_h_lin_v, d_head_lin_k, 1]]",,,"[[B, n_h_lin_v, d_head_lin_k, d_head_lin_v]]","[3382, 3383]",22,linear_attn,,1,model.layers.22.linear_attn,aten.mul.Tensor,[],decode,False
3385,linear_attn,,sum,"[[B, n_h_lin_v, d_head_lin_k, d_head_lin_v]]",,,"[[B, n_h_lin_v, d_head_lin_v]]",[3384],22,linear_attn,,1,model.layers.22.linear_attn,aten.sum.dim_IntList,[],decode,True
3386,linear_attn,,select,"[[B, n_h_lin_v, 1, d_head_lin_v]]",,,"[[B, n_h_lin_v, d_head_lin_v]]",[3363],22,linear_attn,,1,model.layers.22.linear_attn,aten.select.int,[],decode,True
3387,linear_attn,,copy_,"[[B, n_h_lin_v, d_head_lin_v], [B, n_h_lin_v, d_head_lin_v]]",,,"[[B, n_h_lin_v, d_head_lin_v]]","[3385, 3386]",22,linear_attn,,1,model.layers.22.linear_attn,aten.copy_.default,[],decode,True
3388,linear_attn,,transpose,"[[B, n_h_lin_v, 1, d_head_lin_v]]",,,"[[B, 1, n_h_lin_v, d_head_lin_v]]",[3363],22,linear_attn,,1,model.layers.22.linear_attn,aten.transpose.int,[],decode,True
3389,linear_attn,,_to_copy,"[[B, 1, n_h_lin_v, d_head_lin_v]]",,,"[[B, 1, n_h_lin_v, d_head_lin_v]]",[3388],22,linear_attn,,1,model.layers.22.linear_attn,aten._to_copy.default,[],decode,True
3390,linear_attn,,copy_,"[[B, n_h_lin_v, d_head_lin_k, d_head_lin_v], [B, n_h_lin_v, d_head_lin_k, d_head_lin_v]]",,,"[[B, n_h_lin_v, d_head_lin_k, d_head_lin_v]]",[3382],22,linear_attn,,1,model.layers.22.linear_attn,aten.copy_.default,[],decode,True
3391,linear_attn,,view,"[[B, 1, n_h_lin_v, d_head_lin_v]]",,,"[[n_h_lin_v, d_head_lin_v]]",[3389],22,linear_attn,,1,model.layers.22.linear_attn,aten.view.default,[],decode,True
3392,linear_attn,,view,"[[B, 1, n_h_lin_v, d_head_lin_v]]",,,"[[n_h_lin_v, d_head_lin_v]]",[3305],22,linear_attn,,1,model.layers.22.linear_attn,aten.view.default,[],decode,True
3393,linear_attn,norm,_to_copy,"[[n_h_lin_v, d_head_lin_v]]",,,"[[n_h_lin_v, d_head_lin_v]]",[3391],22,linear_attn,norm,2,model.layers.22.linear_attn.norm,aten._to_copy.default,[],decode,True
3394,linear_attn,norm,pow,"[[n_h_lin_v, d_head_lin_v]]",,,"[[n_h_lin_v, d_head_lin_v]]",[3393],22,linear_attn,norm,2,model.layers.22.linear_attn.norm,aten.pow.Tensor_Scalar,[],decode,False
3395,linear_attn,norm,mean,"[[n_h_lin_v, d_head_lin_v]]",,,"[[n_h_lin_v, B]]",[3394],22,linear_attn,norm,2,model.layers.22.linear_attn.norm,aten.mean.dim,[],decode,False
3396,linear_attn,norm,elementwise_add,"[[n_h_lin_v, B]]",,,"[[n_h_lin_v, B]]",[3395],22,linear_attn,norm,2,model.layers.22.linear_attn.norm,aten.add.Tensor,[],decode,False
3397,linear_attn,norm,rsqrt,"[[n_h_lin_v, B]]",,,"[[n_h_lin_v, B]]",[3396],22,linear_attn,norm,2,model.layers.22.linear_attn.norm,aten.rsqrt.default,[],decode,False
3398,linear_attn,norm,elementwise_mul,"[[n_h_lin_v, d_head_lin_v], [n_h_lin_v, B]]",,,"[[n_h_lin_v, d_head_lin_v]]","[3393, 3397]",22,linear_attn,norm,2,model.layers.22.linear_attn.norm,aten.mul.Tensor,[],decode,False
3399,linear_attn,norm,_to_copy,"[[n_h_lin_v, d_head_lin_v]]",,,"[[n_h_lin_v, d_head_lin_v]]",[3398],22,linear_attn,norm,2,model.layers.22.linear_attn.norm,aten._to_copy.default,[],decode,True
3400,linear_attn,norm,elementwise_mul,"[[d_head_lin_v], [n_h_lin_v, d_head_lin_v]]",,,"[[n_h_lin_v, d_head_lin_v]]",[3399],22,linear_attn,norm,2,model.layers.22.linear_attn.norm,aten.mul.Tensor,[model.layers.22.linear_attn.norm.weight],decode,False
3401,linear_attn,norm,_to_copy,"[[n_h_lin_v, d_head_lin_v]]",,,"[[n_h_lin_v, d_head_lin_v]]",[3392],22,linear_attn,norm,2,model.layers.22.linear_attn.norm,aten._to_copy.default,[],decode,True
3402,linear_attn,norm,silu,"[[n_h_lin_v, d_head_lin_v]]",,,"[[n_h_lin_v, d_head_lin_v]]",[3401],22,linear_attn,norm,2,model.layers.22.linear_attn.norm,aten.silu.default,[],decode,False
3403,linear_attn,norm,elementwise_mul,"[[n_h_lin_v, d_head_lin_v], [n_h_lin_v, d_head_lin_v]]",,,"[[n_h_lin_v, d_head_lin_v]]","[3400, 3402]",22,linear_attn,norm,2,model.layers.22.linear_attn.norm,aten.mul.Tensor,[],decode,False
3404,linear_attn,norm,_to_copy,"[[n_h_lin_v, d_head_lin_v]]",,,"[[n_h_lin_v, d_head_lin_v]]",[3403],22,linear_attn,norm,2,model.layers.22.linear_attn.norm,aten._to_copy.default,[],decode,True
3405,linear_attn,,view,"[[n_h_lin_v, d_head_lin_v]]",,,"[[B, 1, n_v*d_v]]",[3404],22,linear_attn,,1,model.layers.22.linear_attn,aten.view.default,[],decode,True
3406,linear_attn,out_proj,t,"[[d_model, n_v*d_v]]","[d_model, n_v*d_v]",0,"[[n_v*d_v, d_model]]",[],22,linear_attn,out_proj,2,model.layers.22.linear_attn.out_proj,aten.t.default,[model.layers.22.linear_attn.out_proj.weight],decode,True
3407,linear_attn,out_proj,view,"[[B, 1, n_v*d_v]]",,,"[[B, n_v*d_v]]",[3405],22,linear_attn,out_proj,2,model.layers.22.linear_attn.out_proj,aten.view.default,[],decode,True
3408,linear_attn,out_proj,matmul,"[[B, n_v*d_v], [n_v*d_v, d_model]]","[d_model, n_v*d_v]",1,"[[B, d_model]]","[3406, 3407]",22,linear_attn,out_proj,2,model.layers.22.linear_attn.out_proj,aten.mm.default,[model.layers.22.linear_attn.out_proj.weight],decode,False
3409,linear_attn,out_proj,_unsafe_view,"[[B, d_model]]",,,"[[B, 1, d_model]]",[3408],22,linear_attn,out_proj,2,model.layers.22.linear_attn.out_proj,aten._unsafe_view.default,[],decode,True
3410,,,elementwise_add,"[[B, 1, d_model], [B, 1, d_model]]",,,"[[B, 1, d_model]]","[3285, 3409]",22,,,0,model.layers.22,aten.add.Tensor,[],decode,False
3411,post_attention_layernorm,,_to_copy,"[[B, 1, d_model]]",,,"[[B, 1, d_model]]",[3410],22,post_attention_layernorm,,1,model.layers.22.post_attention_layernorm,aten._to_copy.default,[],decode,True
3412,post_attention_layernorm,,pow,"[[B, 1, d_model]]",,,"[[B, 1, d_model]]",[3411],22,post_attention_layernorm,,1,model.layers.22.post_attention_layernorm,aten.pow.Tensor_Scalar,[],decode,False
3413,post_attention_layernorm,,mean,"[[B, 1, d_model]]",,,"[[B, 1, 1]]",[3412],22,post_attention_layernorm,,1,model.layers.22.post_attention_layernorm,aten.mean.dim,[],decode,False
3414,post_attention_layernorm,,elementwise_add,"[[B, 1, 1]]",,,"[[B, 1, 1]]",[3413],22,post_attention_layernorm,,1,model.layers.22.post_attention_layernorm,aten.add.Tensor,[],decode,False
3415,post_attention_layernorm,,rsqrt,"[[B, 1, 1]]",,,"[[B, 1, 1]]",[3414],22,post_attention_layernorm,,1,model.layers.22.post_attention_layernorm,aten.rsqrt.default,[],decode,False
3416,post_attention_layernorm,,elementwise_mul,"[[B, 1, d_model], [B, 1, 1]]",,,"[[B, 1, d_model]]","[3411, 3415]",22,post_attention_layernorm,,1,model.layers.22.post_attention_layernorm,aten.mul.Tensor,[],decode,False
3417,post_attention_layernorm,,_to_copy,[[d_model]],,,[[d_model]],[],22,post_attention_layernorm,,1,model.layers.22.post_attention_layernorm,aten._to_copy.default,[model.layers.22.post_attention_layernorm.weight],decode,True
3418,post_attention_layernorm,,elementwise_add,[[d_model]],,,[[d_model]],[3417],22,post_attention_layernorm,,1,model.layers.22.post_attention_layernorm,aten.add.Tensor,[model.layers.22.post_attention_layernorm.weight],decode,False
3419,post_attention_layernorm,,elementwise_mul,"[[B, 1, d_model], [d_model]]",,,"[[B, 1, d_model]]","[3416, 3418]",22,post_attention_layernorm,,1,model.layers.22.post_attention_layernorm,aten.mul.Tensor,[],decode,False
3420,post_attention_layernorm,,_to_copy,"[[B, 1, d_model]]",,,"[[B, 1, d_model]]",[3419],22,post_attention_layernorm,,1,model.layers.22.post_attention_layernorm,aten._to_copy.default,[],decode,True
3421,mlp,gate_proj,t,"[[d_ff, d_model]]","[d_ff, d_model]",0,"[[d_model, d_ff]]",[],22,mlp,gate_proj,2,model.layers.22.mlp.gate_proj,aten.t.default,[model.layers.22.mlp.gate_proj.weight],decode,True
3422,mlp,gate_proj,view,"[[B, 1, d_model]]",,,"[[B, d_model]]",[3420],22,mlp,gate_proj,2,model.layers.22.mlp.gate_proj,aten.view.default,[],decode,True
3423,mlp,gate_proj,matmul,"[[B, d_model], [d_model, d_ff]]","[d_ff, d_model]",1,"[[B, d_ff]]","[3421, 3422]",22,mlp,gate_proj,2,model.layers.22.mlp.gate_proj,aten.mm.default,[model.layers.22.mlp.gate_proj.weight],decode,False
3424,mlp,gate_proj,_unsafe_view,"[[B, d_ff]]",,,"[[B, 1, d_ff]]",[3423],22,mlp,gate_proj,2,model.layers.22.mlp.gate_proj,aten._unsafe_view.default,[],decode,True
3425,mlp,act_fn,silu,"[[B, 1, d_ff]]",,,"[[B, 1, d_ff]]",[3424],22,mlp,act_fn,2,model.layers.22.mlp.act_fn,aten.silu.default,[],decode,False
3426,mlp,up_proj,t,"[[d_ff, d_model]]","[d_ff, d_model]",0,"[[d_model, d_ff]]",[],22,mlp,up_proj,2,model.layers.22.mlp.up_proj,aten.t.default,[model.layers.22.mlp.up_proj.weight],decode,True
3427,mlp,up_proj,view,"[[B, 1, d_model]]",,,"[[B, d_model]]",[3420],22,mlp,up_proj,2,model.layers.22.mlp.up_proj,aten.view.default,[],decode,True
3428,mlp,up_proj,matmul,"[[B, d_model], [d_model, d_ff]]","[d_ff, d_model]",1,"[[B, d_ff]]","[3426, 3427]",22,mlp,up_proj,2,model.layers.22.mlp.up_proj,aten.mm.default,[model.layers.22.mlp.up_proj.weight],decode,False
3429,mlp,up_proj,_unsafe_view,"[[B, d_ff]]",,,"[[B, 1, d_ff]]",[3428],22,mlp,up_proj,2,model.layers.22.mlp.up_proj,aten._unsafe_view.default,[],decode,True
3430,mlp,,elementwise_mul,"[[B, 1, d_ff], [B, 1, d_ff]]",,,"[[B, 1, d_ff]]","[3425, 3429]",22,mlp,,1,model.layers.22.mlp,aten.mul.Tensor,[],decode,False
3431,mlp,down_proj,t,"[[d_model, d_ff]]","[d_model, d_ff]",0,"[[d_ff, d_model]]",[],22,mlp,down_proj,2,model.layers.22.mlp.down_proj,aten.t.default,[model.layers.22.mlp.down_proj.weight],decode,True
3432,mlp,down_proj,view,"[[B, 1, d_ff]]",,,"[[B, d_ff]]",[3430],22,mlp,down_proj,2,model.layers.22.mlp.down_proj,aten.view.default,[],decode,True
3433,mlp,down_proj,matmul,"[[B, d_ff], [d_ff, d_model]]","[d_model, d_ff]",1,"[[B, d_model]]","[3431, 3432]",22,mlp,down_proj,2,model.layers.22.mlp.down_proj,aten.mm.default,[model.layers.22.mlp.down_proj.weight],decode,False
3434,mlp,down_proj,_unsafe_view,"[[B, d_model]]",,,"[[B, 1, d_model]]",[3433],22,mlp,down_proj,2,model.layers.22.mlp.down_proj,aten._unsafe_view.default,[],decode,True
3435,,,elementwise_add,"[[B, 1, d_model], [B, 1, d_model]]",,,"[[B, 1, d_model]]","[3410, 3434]",22,,,0,model.layers.22,aten.add.Tensor,[],decode,False
3436,input_layernorm,,_to_copy,"[[B, 1, d_model]]",,,"[[B, 1, d_model]]",[3435],23,input_layernorm,,1,model.layers.23.input_layernorm,aten._to_copy.default,[],decode,True
3437,input_layernorm,,pow,"[[B, 1, d_model]]",,,"[[B, 1, d_model]]",[3436],23,input_layernorm,,1,model.layers.23.input_layernorm,aten.pow.Tensor_Scalar,[],decode,False
3438,input_layernorm,,mean,"[[B, 1, d_model]]",,,"[[B, 1, 1]]",[3437],23,input_layernorm,,1,model.layers.23.input_layernorm,aten.mean.dim,[],decode,False
3439,input_layernorm,,elementwise_add,"[[B, 1, 1]]",,,"[[B, 1, 1]]",[3438],23,input_layernorm,,1,model.layers.23.input_layernorm,aten.add.Tensor,[],decode,False
3440,input_layernorm,,rsqrt,"[[B, 1, 1]]",,,"[[B, 1, 1]]",[3439],23,input_layernorm,,1,model.layers.23.input_layernorm,aten.rsqrt.default,[],decode,False
3441,input_layernorm,,elementwise_mul,"[[B, 1, d_model], [B, 1, 1]]",,,"[[B, 1, d_model]]","[3436, 3440]",23,input_layernorm,,1,model.layers.23.input_layernorm,aten.mul.Tensor,[],decode,False
3442,input_layernorm,,_to_copy,[[d_model]],,,[[d_model]],[],23,input_layernorm,,1,model.layers.23.input_layernorm,aten._to_copy.default,[model.layers.23.input_layernorm.weight],decode,True
3443,input_layernorm,,elementwise_add,[[d_model]],,,[[d_model]],[3442],23,input_layernorm,,1,model.layers.23.input_layernorm,aten.add.Tensor,[model.layers.23.input_layernorm.weight],decode,False
3444,input_layernorm,,elementwise_mul,"[[B, 1, d_model], [d_model]]",,,"[[B, 1, d_model]]","[3441, 3443]",23,input_layernorm,,1,model.layers.23.input_layernorm,aten.mul.Tensor,[],decode,False
3445,input_layernorm,,_to_copy,"[[B, 1, d_model]]",,,"[[B, 1, d_model]]",[3444],23,input_layernorm,,1,model.layers.23.input_layernorm,aten._to_copy.default,[],decode,True
3446,self_attn,q_proj,t,"[[2*n_h*d_head, d_model]]","[2*n_h*d_head, d_model]",0,"[[d_model, 2*n_h*d_head]]",[],23,self_attn,q_proj,2,model.layers.23.self_attn.q_proj,aten.t.default,[model.layers.23.self_attn.q_proj.weight],decode,True
3447,self_attn,q_proj,view,"[[B, 1, d_model]]",,,"[[B, d_model]]",[3445],23,self_attn,q_proj,2,model.layers.23.self_attn.q_proj,aten.view.default,[],decode,True
3448,self_attn,q_proj,matmul,"[[B, d_model], [d_model, 2*n_h*d_head]]","[2*n_h*d_head, d_model]",1,"[[B, 2*n_h*d_head]]","[3446, 3447]",23,self_attn,q_proj,2,model.layers.23.self_attn.q_proj,aten.mm.default,[model.layers.23.self_attn.q_proj.weight],decode,False
3449,self_attn,q_proj,_unsafe_view,"[[B, 2*n_h*d_head]]",,,"[[B, 1, 2*n_h*d_head]]",[3448],23,self_attn,q_proj,2,model.layers.23.self_attn.q_proj,aten._unsafe_view.default,[],decode,True
3450,self_attn,,view,"[[B, 1, 2*n_h*d_head]]",,,"[[B, 1, n_h, 2*d_head]]",[3449],23,self_attn,,1,model.layers.23.self_attn,aten.view.default,[],decode,True
3451,self_attn,,split,"[[B, 1, n_h, 2*d_head]]",,,"[[B, 1, n_h, d_head], [B, 1, n_h, d_head]]",[3450],23,self_attn,,1,model.layers.23.self_attn,aten.split.Tensor,[],decode,True
3452,self_attn,,clone,"[[B, 1, n_h, d_head]]",,,"[[B, 1, n_h, d_head]]",[3451],23,self_attn,,1,model.layers.23.self_attn,aten.clone.default,[],decode,True
3453,self_attn,,_unsafe_view,"[[B, 1, n_h, d_head]]",,,"[[B, 1, n_h*d_head]]",[3452],23,self_attn,,1,model.layers.23.self_attn,aten._unsafe_view.default,[],decode,True
3454,self_attn,,view,"[[B, 1, n_h, d_head]]",,,"[[B, 1, n_h, d_head]]",[3451],23,self_attn,,1,model.layers.23.self_attn,aten.view.default,[],decode,True
3455,self_attn,q_norm,_to_copy,"[[B, 1, n_h, d_head]]",,,"[[B, 1, n_h, d_head]]",[3454],23,self_attn,q_norm,2,model.layers.23.self_attn.q_norm,aten._to_copy.default,[],decode,True
3456,self_attn,q_norm,pow,"[[B, 1, n_h, d_head]]",,,"[[B, 1, n_h, d_head]]",[3455],23,self_attn,q_norm,2,model.layers.23.self_attn.q_norm,aten.pow.Tensor_Scalar,[],decode,False
3457,self_attn,q_norm,mean,"[[B, 1, n_h, d_head]]",,,"[[B, 1, n_h, 1]]",[3456],23,self_attn,q_norm,2,model.layers.23.self_attn.q_norm,aten.mean.dim,[],decode,False
3458,self_attn,q_norm,elementwise_add,"[[B, 1, n_h, 1]]",,,"[[B, 1, n_h, 1]]",[3457],23,self_attn,q_norm,2,model.layers.23.self_attn.q_norm,aten.add.Tensor,[],decode,False
3459,self_attn,q_norm,rsqrt,"[[B, 1, n_h, 1]]",,,"[[B, 1, n_h, 1]]",[3458],23,self_attn,q_norm,2,model.layers.23.self_attn.q_norm,aten.rsqrt.default,[],decode,False
3460,self_attn,q_norm,elementwise_mul,"[[B, 1, n_h, d_head], [B, 1, n_h, 1]]",,,"[[B, 1, n_h, d_head]]","[3455, 3459]",23,self_attn,q_norm,2,model.layers.23.self_attn.q_norm,aten.mul.Tensor,[],decode,False
3461,self_attn,q_norm,_to_copy,[[d_head]],,,[[d_head]],[],23,self_attn,q_norm,2,model.layers.23.self_attn.q_norm,aten._to_copy.default,[model.layers.23.self_attn.q_norm.weight],decode,True
3462,self_attn,q_norm,elementwise_add,[[d_head]],,,[[d_head]],[3461],23,self_attn,q_norm,2,model.layers.23.self_attn.q_norm,aten.add.Tensor,[model.layers.23.self_attn.q_norm.weight],decode,False
3463,self_attn,q_norm,elementwise_mul,"[[B, 1, n_h, d_head], [d_head]]",,,"[[B, 1, n_h, d_head]]","[3460, 3462]",23,self_attn,q_norm,2,model.layers.23.self_attn.q_norm,aten.mul.Tensor,[],decode,False
3464,self_attn,q_norm,_to_copy,"[[B, 1, n_h, d_head]]",,,"[[B, 1, n_h, d_head]]",[3463],23,self_attn,q_norm,2,model.layers.23.self_attn.q_norm,aten._to_copy.default,[],decode,True
3465,self_attn,,transpose,"[[B, 1, n_h, d_head]]",,,"[[B, n_h, 1, d_head]]",[3464],23,self_attn,,1,model.layers.23.self_attn,aten.transpose.int,[],decode,True
3466,self_attn,k_proj,t,"[[n_kv*d_head, d_model]]","[n_kv*d_head, d_model]",0,"[[d_model, n_kv*d_head]]",[],23,self_attn,k_proj,2,model.layers.23.self_attn.k_proj,aten.t.default,[model.layers.23.self_attn.k_proj.weight],decode,True
3467,self_attn,k_proj,view,"[[B, 1, d_model]]",,,"[[B, d_model]]",[3445],23,self_attn,k_proj,2,model.layers.23.self_attn.k_proj,aten.view.default,[],decode,True
3468,self_attn,k_proj,matmul,"[[B, d_model], [d_model, n_kv*d_head]]","[n_kv*d_head, d_model]",1,"[[B, n_kv*d_head]]","[3466, 3467]",23,self_attn,k_proj,2,model.layers.23.self_attn.k_proj,aten.mm.default,[model.layers.23.self_attn.k_proj.weight],decode,False
3469,self_attn,k_proj,_unsafe_view,"[[B, n_kv*d_head]]",,,"[[B, 1, n_kv*d_head]]",[3468],23,self_attn,k_proj,2,model.layers.23.self_attn.k_proj,aten._unsafe_view.default,[],decode,True
3470,self_attn,,view,"[[B, 1, n_kv*d_head]]",,,"[[B, 1, n_kv, d_head]]",[3469],23,self_attn,,1,model.layers.23.self_attn,aten.view.default,[],decode,True
3471,self_attn,k_norm,_to_copy,"[[B, 1, n_kv, d_head]]",,,"[[B, 1, n_kv, d_head]]",[3470],23,self_attn,k_norm,2,model.layers.23.self_attn.k_norm,aten._to_copy.default,[],decode,True
3472,self_attn,k_norm,pow,"[[B, 1, n_kv, d_head]]",,,"[[B, 1, n_kv, d_head]]",[3471],23,self_attn,k_norm,2,model.layers.23.self_attn.k_norm,aten.pow.Tensor_Scalar,[],decode,False
3473,self_attn,k_norm,mean,"[[B, 1, n_kv, d_head]]",,,"[[B, 1, n_kv, 1]]",[3472],23,self_attn,k_norm,2,model.layers.23.self_attn.k_norm,aten.mean.dim,[],decode,False
3474,self_attn,k_norm,elementwise_add,"[[B, 1, n_kv, 1]]",,,"[[B, 1, n_kv, 1]]",[3473],23,self_attn,k_norm,2,model.layers.23.self_attn.k_norm,aten.add.Tensor,[],decode,False
3475,self_attn,k_norm,rsqrt,"[[B, 1, n_kv, 1]]",,,"[[B, 1, n_kv, 1]]",[3474],23,self_attn,k_norm,2,model.layers.23.self_attn.k_norm,aten.rsqrt.default,[],decode,False
3476,self_attn,k_norm,elementwise_mul,"[[B, 1, n_kv, d_head], [B, 1, n_kv, 1]]",,,"[[B, 1, n_kv, d_head]]","[3471, 3475]",23,self_attn,k_norm,2,model.layers.23.self_attn.k_norm,aten.mul.Tensor,[],decode,False
3477,self_attn,k_norm,_to_copy,[[d_head]],,,[[d_head]],[],23,self_attn,k_norm,2,model.layers.23.self_attn.k_norm,aten._to_copy.default,[model.layers.23.self_attn.k_norm.weight],decode,True
3478,self_attn,k_norm,elementwise_add,[[d_head]],,,[[d_head]],[3477],23,self_attn,k_norm,2,model.layers.23.self_attn.k_norm,aten.add.Tensor,[model.layers.23.self_attn.k_norm.weight],decode,False
3479,self_attn,k_norm,elementwise_mul,"[[B, 1, n_kv, d_head], [d_head]]",,,"[[B, 1, n_kv, d_head]]","[3476, 3478]",23,self_attn,k_norm,2,model.layers.23.self_attn.k_norm,aten.mul.Tensor,[],decode,False
3480,self_attn,k_norm,_to_copy,"[[B, 1, n_kv, d_head]]",,,"[[B, 1, n_kv, d_head]]",[3479],23,self_attn,k_norm,2,model.layers.23.self_attn.k_norm,aten._to_copy.default,[],decode,True
3481,self_attn,,transpose,"[[B, 1, n_kv, d_head]]",,,"[[B, n_kv, 1, d_head]]",[3480],23,self_attn,,1,model.layers.23.self_attn,aten.transpose.int,[],decode,True
3482,self_attn,v_proj,t,"[[n_kv*d_head, d_model]]","[n_kv*d_head, d_model]",0,"[[d_model, n_kv*d_head]]",[],23,self_attn,v_proj,2,model.layers.23.self_attn.v_proj,aten.t.default,[model.layers.23.self_attn.v_proj.weight],decode,True
3483,self_attn,v_proj,view,"[[B, 1, d_model]]",,,"[[B, d_model]]",[3445],23,self_attn,v_proj,2,model.layers.23.self_attn.v_proj,aten.view.default,[],decode,True
3484,self_attn,v_proj,matmul,"[[B, d_model], [d_model, n_kv*d_head]]","[n_kv*d_head, d_model]",1,"[[B, n_kv*d_head]]","[3482, 3483]",23,self_attn,v_proj,2,model.layers.23.self_attn.v_proj,aten.mm.default,[model.layers.23.self_attn.v_proj.weight],decode,False
3485,self_attn,v_proj,_unsafe_view,"[[B, n_kv*d_head]]",,,"[[B, 1, n_kv*d_head]]",[3484],23,self_attn,v_proj,2,model.layers.23.self_attn.v_proj,aten._unsafe_view.default,[],decode,True
3486,self_attn,,view,"[[B, 1, n_kv*d_head]]",,,"[[B, 1, n_kv, d_head]]",[3485],23,self_attn,,1,model.layers.23.self_attn,aten.view.default,[],decode,True
3487,self_attn,,transpose,"[[B, 1, n_kv, d_head]]",,,"[[B, n_kv, 1, d_head]]",[3486],23,self_attn,,1,model.layers.23.self_attn,aten.transpose.int,[],decode,True
3488,self_attn,,unsqueeze,"[[B, 1, d_rope]]",,,"[[B, 1, 1, d_rope]]",[54],23,self_attn,,1,model.layers.23.self_attn,aten.unsqueeze.default,[],decode,True
3489,self_attn,,unsqueeze,"[[B, 1, d_rope]]",,,"[[B, 1, 1, d_rope]]",[55],23,self_attn,,1,model.layers.23.self_attn,aten.unsqueeze.default,[],decode,True
3490,self_attn,,slice,"[[B, n_h, 1, d_head]]",,,"[[B, n_h, 1, d_rope]]",[3465],23,self_attn,,1,model.layers.23.self_attn,aten.slice.Tensor,[],decode,True
3491,self_attn,,slice,"[[B, n_h, 1, d_head]]",,,"[[B, n_h, 1, d_head-d_rope]]",[3465],23,self_attn,,1,model.layers.23.self_attn,aten.slice.Tensor,[],decode,True
3492,self_attn,,slice,"[[B, n_kv, 1, d_head]]",,,"[[B, n_kv, 1, d_rope]]",[3481],23,self_attn,,1,model.layers.23.self_attn,aten.slice.Tensor,[],decode,True
3493,self_attn,,slice,"[[B, n_kv, 1, d_head]]",,,"[[B, n_kv, 1, d_head-d_rope]]",[3481],23,self_attn,,1,model.layers.23.self_attn,aten.slice.Tensor,[],decode,True
3494,self_attn,,elementwise_mul,"[[B, n_h, 1, d_rope], [B, 1, 1, d_rope]]",,,"[[B, n_h, 1, d_rope]]","[3488, 3490]",23,self_attn,,1,model.layers.23.self_attn,aten.mul.Tensor,[],decode,False
3495,self_attn,,slice,"[[B, n_h, 1, d_rope]]",,,"[[B, n_h, 1, d_rope/2]]",[3490],23,self_attn,,1,model.layers.23.self_attn,aten.slice.Tensor,[],decode,True
3496,self_attn,,slice,"[[B, n_h, 1, d_rope]]",,,"[[B, n_h, 1, d_rope/2]]",[3490],23,self_attn,,1,model.layers.23.self_attn,aten.slice.Tensor,[],decode,True
3497,self_attn,,neg,"[[B, n_h, 1, d_rope/2]]",,,"[[B, n_h, 1, d_rope/2]]",[3496],23,self_attn,,1,model.layers.23.self_attn,aten.neg.default,[],decode,False
3498,self_attn,,concat,"[[B, n_h, 1, d_rope/2], [B, n_h, 1, d_rope/2]]",,,"[[B, n_h, 1, d_rope]]","[3495, 3497]",23,self_attn,,1,model.layers.23.self_attn,aten.cat.default,[],decode,False
3499,self_attn,,elementwise_mul,"[[B, n_h, 1, d_rope], [B, 1, 1, d_rope]]",,,"[[B, n_h, 1, d_rope]]","[3489, 3498]",23,self_attn,,1,model.layers.23.self_attn,aten.mul.Tensor,[],decode,False
3500,self_attn,,elementwise_add,"[[B, n_h, 1, d_rope], [B, n_h, 1, d_rope]]",,,"[[B, n_h, 1, d_rope]]","[3494, 3499]",23,self_attn,,1,model.layers.23.self_attn,aten.add.Tensor,[],decode,False
3501,self_attn,,elementwise_mul,"[[B, n_kv, 1, d_rope], [B, 1, 1, d_rope]]",,,"[[B, n_kv, 1, d_rope]]","[3488, 3492]",23,self_attn,,1,model.layers.23.self_attn,aten.mul.Tensor,[],decode,False
3502,self_attn,,slice,"[[B, n_kv, 1, d_rope]]",,,"[[B, n_kv, 1, d_rope/2]]",[3492],23,self_attn,,1,model.layers.23.self_attn,aten.slice.Tensor,[],decode,True
3503,self_attn,,slice,"[[B, n_kv, 1, d_rope]]",,,"[[B, n_kv, 1, d_rope/2]]",[3492],23,self_attn,,1,model.layers.23.self_attn,aten.slice.Tensor,[],decode,True
3504,self_attn,,neg,"[[B, n_kv, 1, d_rope/2]]",,,"[[B, n_kv, 1, d_rope/2]]",[3503],23,self_attn,,1,model.layers.23.self_attn,aten.neg.default,[],decode,False
3505,self_attn,,concat,"[[B, n_kv, 1, d_rope/2], [B, n_kv, 1, d_rope/2]]",,,"[[B, n_kv, 1, d_rope]]","[3502, 3504]",23,self_attn,,1,model.layers.23.self_attn,aten.cat.default,[],decode,False
3506,self_attn,,elementwise_mul,"[[B, n_kv, 1, d_rope], [B, 1, 1, d_rope]]",,,"[[B, n_kv, 1, d_rope]]","[3489, 3505]",23,self_attn,,1,model.layers.23.self_attn,aten.mul.Tensor,[],decode,False
3507,self_attn,,elementwise_add,"[[B, n_kv, 1, d_rope], [B, n_kv, 1, d_rope]]",,,"[[B, n_kv, 1, d_rope]]","[3501, 3506]",23,self_attn,,1,model.layers.23.self_attn,aten.add.Tensor,[],decode,False
3508,self_attn,,concat,"[[B, n_h, 1, d_rope], [B, n_h, 1, d_head-d_rope]]",,,"[[B, n_h, 1, d_head]]","[3491, 3500]",23,self_attn,,1,model.layers.23.self_attn,aten.cat.default,[],decode,False
3509,self_attn,,concat,"[[B, n_kv, 1, d_rope], [B, n_kv, 1, d_head-d_rope]]",,,"[[B, n_kv, 1, d_head]]","[3493, 3507]",23,self_attn,,1,model.layers.23.self_attn,aten.cat.default,[],decode,False
3510,self_attn,,concat,"[[B, n_kv, T, d_head], [B, n_kv, 1, d_head]]",,,"[[B, n_kv, T+1, d_head]]",[3509],23,self_attn,,1,model.layers.23.self_attn,aten.cat.default,[],decode,False
3511,self_attn,,concat,"[[B, n_kv, T, d_head], [B, n_kv, 1, d_head]]",,,"[[B, n_kv, T+1, d_head]]",[3487],23,self_attn,,1,model.layers.23.self_attn,aten.cat.default,[],decode,False
3512,self_attn,,unsqueeze,"[[B, n_kv, T+1, d_head]]",,,"[[B, n_kv, 1, T+1, d_head]]",[3510],23,self_attn,,1,model.layers.23.self_attn,aten.unsqueeze.default,[],decode,True
3513,self_attn,,expand,"[[B, n_kv, 1, T+1, d_head]]",,,"[[B, n_kv, n_h/n_kv, T+1, d_head]]",[3512],23,self_attn,,1,model.layers.23.self_attn,aten.expand.default,[],decode,True
3514,self_attn,,clone,"[[B, n_kv, n_h/n_kv, T+1, d_head]]",,,"[[B, n_kv, n_h/n_kv, T+1, d_head]]",[3513],23,self_attn,,1,model.layers.23.self_attn,aten.clone.default,[],decode,True
3515,self_attn,,_unsafe_view,"[[B, n_kv, n_h/n_kv, T+1, d_head]]",,,"[[B, n_h, T+1, d_head]]",[3514],23,self_attn,,1,model.layers.23.self_attn,aten._unsafe_view.default,[],decode,True
3516,self_attn,,unsqueeze,"[[B, n_kv, T+1, d_head]]",,,"[[B, n_kv, 1, T+1, d_head]]",[3511],23,self_attn,,1,model.layers.23.self_attn,aten.unsqueeze.default,[],decode,True
3517,self_attn,,expand,"[[B, n_kv, 1, T+1, d_head]]",,,"[[B, n_kv, n_h/n_kv, T+1, d_head]]",[3516],23,self_attn,,1,model.layers.23.self_attn,aten.expand.default,[],decode,True
3518,self_attn,,clone,"[[B, n_kv, n_h/n_kv, T+1, d_head]]",,,"[[B, n_kv, n_h/n_kv, T+1, d_head]]",[3517],23,self_attn,,1,model.layers.23.self_attn,aten.clone.default,[],decode,True
3519,self_attn,,_unsafe_view,"[[B, n_kv, n_h/n_kv, T+1, d_head]]",,,"[[B, n_h, T+1, d_head]]",[3518],23,self_attn,,1,model.layers.23.self_attn,aten._unsafe_view.default,[],decode,True
3520,self_attn,,transpose,"[[B, n_h, T+1, d_head]]",,,"[[B, n_h, d_head, T+1]]",[3515],23,self_attn,,1,model.layers.23.self_attn,aten.transpose.int,[],decode,True
3521,self_attn,,expand,"[[B, n_h, 1, d_head]]",,,"[[B, n_h, 1, d_head]]",[3508],23,self_attn,,1,model.layers.23.self_attn,aten.expand.default,[],decode,True
3522,self_attn,,view,"[[B, n_h, 1, d_head]]",,,"[[n_h, B, d_head]]",[3521],23,self_attn,,1,model.layers.23.self_attn,aten.view.default,[],decode,True
3523,self_attn,,expand,"[[B, n_h, d_head, T+1]]",,,"[[B, n_h, d_head, T+1]]",[3520],23,self_attn,,1,model.layers.23.self_attn,aten.expand.default,[],decode,True
3524,self_attn,,view,"[[B, n_h, d_head, T+1]]",,,"[[n_h, d_head, T+1]]",[3523],23,self_attn,,1,model.layers.23.self_attn,aten.view.default,[],decode,True
3525,self_attn,,batched_matmul,"[[n_h, B, d_head], [n_h, d_head, T+1]]",,,"[[n_h, B, T+1]]","[3522, 3524]",23,self_attn,,1,model.layers.23.self_attn,aten.bmm.default,[],decode,False
3526,self_attn,,_unsafe_view,"[[n_h, B, T+1]]",,,"[[B, n_h, 1, T+1]]",[3525],23,self_attn,,1,model.layers.23.self_attn,aten._unsafe_view.default,[],decode,True
3527,self_attn,,elementwise_mul,"[[B, n_h, 1, T+1]]",,,"[[B, n_h, 1, T+1]]",[3526],23,self_attn,,1,model.layers.23.self_attn,aten.mul.Tensor,[],decode,False
3528,self_attn,,elementwise_add,"[[B, n_h, 1, T+1], [B, 1, 1, T+1]]",,,"[[B, n_h, 1, T+1]]","[26, 3527]",23,self_attn,,1,model.layers.23.self_attn,aten.add.Tensor,[],decode,False
3529,self_attn,,_to_copy,"[[B, n_h, 1, T+1]]",,,"[[B, n_h, 1, T+1]]",[3528],23,self_attn,,1,model.layers.23.self_attn,aten._to_copy.default,[],decode,True
3530,self_attn,,softmax,"[[B, n_h, 1, T+1]]",,,"[[B, n_h, 1, T+1]]",[3529],23,self_attn,,1,model.layers.23.self_attn,aten._softmax.default,[],decode,False
3531,self_attn,,_to_copy,"[[B, n_h, 1, T+1]]",,,"[[B, n_h, 1, T+1]]",[3530],23,self_attn,,1,model.layers.23.self_attn,aten._to_copy.default,[],decode,True
3532,self_attn,,expand,"[[B, n_h, 1, T+1]]",,,"[[B, n_h, 1, T+1]]",[3531],23,self_attn,,1,model.layers.23.self_attn,aten.expand.default,[],decode,True
3533,self_attn,,view,"[[B, n_h, 1, T+1]]",,,"[[n_h, B, T+1]]",[3532],23,self_attn,,1,model.layers.23.self_attn,aten.view.default,[],decode,True
3534,self_attn,,expand,"[[B, n_h, T+1, d_head]]",,,"[[B, n_h, T+1, d_head]]",[3519],23,self_attn,,1,model.layers.23.self_attn,aten.expand.default,[],decode,True
3535,self_attn,,view,"[[B, n_h, T+1, d_head]]",,,"[[n_h, T+1, d_head]]",[3534],23,self_attn,,1,model.layers.23.self_attn,aten.view.default,[],decode,True
3536,self_attn,,batched_matmul,"[[n_h, B, T+1], [n_h, T+1, d_head]]",,,"[[n_h, B, d_head]]","[3533, 3535]",23,self_attn,,1,model.layers.23.self_attn,aten.bmm.default,[],decode,False
3537,self_attn,,_unsafe_view,"[[n_h, B, d_head]]",,,"[[B, n_h, 1, d_head]]",[3536],23,self_attn,,1,model.layers.23.self_attn,aten._unsafe_view.default,[],decode,True
3538,self_attn,,transpose,"[[B, n_h, 1, d_head]]",,,"[[B, 1, n_h, d_head]]",[3537],23,self_attn,,1,model.layers.23.self_attn,aten.transpose.int,[],decode,True
3539,self_attn,,view,"[[B, 1, n_h, d_head]]",,,"[[B, 1, n_h*d_head]]",[3538],23,self_attn,,1,model.layers.23.self_attn,aten.view.default,[],decode,True
3540,self_attn,,sigmoid,"[[B, 1, n_h*d_head]]",,,"[[B, 1, n_h*d_head]]",[3453],23,self_attn,,1,model.layers.23.self_attn,aten.sigmoid.default,[],decode,False
3541,self_attn,,elementwise_mul,"[[B, 1, n_h*d_head], [B, 1, n_h*d_head]]",,,"[[B, 1, n_h*d_head]]","[3539, 3540]",23,self_attn,,1,model.layers.23.self_attn,aten.mul.Tensor,[],decode,False
3542,self_attn,o_proj,t,"[[d_model, n_h*d_head]]","[d_model, n_h*d_head]",0,"[[n_h*d_head, d_model]]",[],23,self_attn,o_proj,2,model.layers.23.self_attn.o_proj,aten.t.default,[model.layers.23.self_attn.o_proj.weight],decode,True
3543,self_attn,o_proj,view,"[[B, 1, n_h*d_head]]",,,"[[B, n_h*d_head]]",[3541],23,self_attn,o_proj,2,model.layers.23.self_attn.o_proj,aten.view.default,[],decode,True
3544,self_attn,o_proj,matmul,"[[B, n_h*d_head], [n_h*d_head, d_model]]","[d_model, n_h*d_head]",1,"[[B, d_model]]","[3542, 3543]",23,self_attn,o_proj,2,model.layers.23.self_attn.o_proj,aten.mm.default,[model.layers.23.self_attn.o_proj.weight],decode,False
3545,self_attn,o_proj,_unsafe_view,"[[B, d_model]]",,,"[[B, 1, d_model]]",[3544],23,self_attn,o_proj,2,model.layers.23.self_attn.o_proj,aten._unsafe_view.default,[],decode,True
3546,,,elementwise_add,"[[B, 1, d_model], [B, 1, d_model]]",,,"[[B, 1, d_model]]","[3435, 3545]",23,,,0,model.layers.23,aten.add.Tensor,[],decode,False
3547,post_attention_layernorm,,_to_copy,"[[B, 1, d_model]]",,,"[[B, 1, d_model]]",[3546],23,post_attention_layernorm,,1,model.layers.23.post_attention_layernorm,aten._to_copy.default,[],decode,True
3548,post_attention_layernorm,,pow,"[[B, 1, d_model]]",,,"[[B, 1, d_model]]",[3547],23,post_attention_layernorm,,1,model.layers.23.post_attention_layernorm,aten.pow.Tensor_Scalar,[],decode,False
3549,post_attention_layernorm,,mean,"[[B, 1, d_model]]",,,"[[B, 1, 1]]",[3548],23,post_attention_layernorm,,1,model.layers.23.post_attention_layernorm,aten.mean.dim,[],decode,False
3550,post_attention_layernorm,,elementwise_add,"[[B, 1, 1]]",,,"[[B, 1, 1]]",[3549],23,post_attention_layernorm,,1,model.layers.23.post_attention_layernorm,aten.add.Tensor,[],decode,False
3551,post_attention_layernorm,,rsqrt,"[[B, 1, 1]]",,,"[[B, 1, 1]]",[3550],23,post_attention_layernorm,,1,model.layers.23.post_attention_layernorm,aten.rsqrt.default,[],decode,False
3552,post_attention_layernorm,,elementwise_mul,"[[B, 1, d_model], [B, 1, 1]]",,,"[[B, 1, d_model]]","[3547, 3551]",23,post_attention_layernorm,,1,model.layers.23.post_attention_layernorm,aten.mul.Tensor,[],decode,False
3553,post_attention_layernorm,,_to_copy,[[d_model]],,,[[d_model]],[],23,post_attention_layernorm,,1,model.layers.23.post_attention_layernorm,aten._to_copy.default,[model.layers.23.post_attention_layernorm.weight],decode,True
3554,post_attention_layernorm,,elementwise_add,[[d_model]],,,[[d_model]],[3553],23,post_attention_layernorm,,1,model.layers.23.post_attention_layernorm,aten.add.Tensor,[model.layers.23.post_attention_layernorm.weight],decode,False
3555,post_attention_layernorm,,elementwise_mul,"[[B, 1, d_model], [d_model]]",,,"[[B, 1, d_model]]","[3552, 3554]",23,post_attention_layernorm,,1,model.layers.23.post_attention_layernorm,aten.mul.Tensor,[],decode,False
3556,post_attention_layernorm,,_to_copy,"[[B, 1, d_model]]",,,"[[B, 1, d_model]]",[3555],23,post_attention_layernorm,,1,model.layers.23.post_attention_layernorm,aten._to_copy.default,[],decode,True
3557,mlp,gate_proj,t,"[[d_ff, d_model]]","[d_ff, d_model]",0,"[[d_model, d_ff]]",[],23,mlp,gate_proj,2,model.layers.23.mlp.gate_proj,aten.t.default,[model.layers.23.mlp.gate_proj.weight],decode,True
3558,mlp,gate_proj,view,"[[B, 1, d_model]]",,,"[[B, d_model]]",[3556],23,mlp,gate_proj,2,model.layers.23.mlp.gate_proj,aten.view.default,[],decode,True
3559,mlp,gate_proj,matmul,"[[B, d_model], [d_model, d_ff]]","[d_ff, d_model]",1,"[[B, d_ff]]","[3557, 3558]",23,mlp,gate_proj,2,model.layers.23.mlp.gate_proj,aten.mm.default,[model.layers.23.mlp.gate_proj.weight],decode,False
3560,mlp,gate_proj,_unsafe_view,"[[B, d_ff]]",,,"[[B, 1, d_ff]]",[3559],23,mlp,gate_proj,2,model.layers.23.mlp.gate_proj,aten._unsafe_view.default,[],decode,True
3561,mlp,act_fn,silu,"[[B, 1, d_ff]]",,,"[[B, 1, d_ff]]",[3560],23,mlp,act_fn,2,model.layers.23.mlp.act_fn,aten.silu.default,[],decode,False
3562,mlp,up_proj,t,"[[d_ff, d_model]]","[d_ff, d_model]",0,"[[d_model, d_ff]]",[],23,mlp,up_proj,2,model.layers.23.mlp.up_proj,aten.t.default,[model.layers.23.mlp.up_proj.weight],decode,True
3563,mlp,up_proj,view,"[[B, 1, d_model]]",,,"[[B, d_model]]",[3556],23,mlp,up_proj,2,model.layers.23.mlp.up_proj,aten.view.default,[],decode,True
3564,mlp,up_proj,matmul,"[[B, d_model], [d_model, d_ff]]","[d_ff, d_model]",1,"[[B, d_ff]]","[3562, 3563]",23,mlp,up_proj,2,model.layers.23.mlp.up_proj,aten.mm.default,[model.layers.23.mlp.up_proj.weight],decode,False
3565,mlp,up_proj,_unsafe_view,"[[B, d_ff]]",,,"[[B, 1, d_ff]]",[3564],23,mlp,up_proj,2,model.layers.23.mlp.up_proj,aten._unsafe_view.default,[],decode,True
3566,mlp,,elementwise_mul,"[[B, 1, d_ff], [B, 1, d_ff]]",,,"[[B, 1, d_ff]]","[3561, 3565]",23,mlp,,1,model.layers.23.mlp,aten.mul.Tensor,[],decode,False
3567,mlp,down_proj,t,"[[d_model, d_ff]]","[d_model, d_ff]",0,"[[d_ff, d_model]]",[],23,mlp,down_proj,2,model.layers.23.mlp.down_proj,aten.t.default,[model.layers.23.mlp.down_proj.weight],decode,True
3568,mlp,down_proj,view,"[[B, 1, d_ff]]",,,"[[B, d_ff]]",[3566],23,mlp,down_proj,2,model.layers.23.mlp.down_proj,aten.view.default,[],decode,True
3569,mlp,down_proj,matmul,"[[B, d_ff], [d_ff, d_model]]","[d_model, d_ff]",1,"[[B, d_model]]","[3567, 3568]",23,mlp,down_proj,2,model.layers.23.mlp.down_proj,aten.mm.default,[model.layers.23.mlp.down_proj.weight],decode,False
3570,mlp,down_proj,_unsafe_view,"[[B, d_model]]",,,"[[B, 1, d_model]]",[3569],23,mlp,down_proj,2,model.layers.23.mlp.down_proj,aten._unsafe_view.default,[],decode,True
3571,,,elementwise_add,"[[B, 1, d_model], [B, 1, d_model]]",,,"[[B, 1, d_model]]","[3546, 3570]",23,,,0,model.layers.23,aten.add.Tensor,[],decode,False
3572,input_layernorm,,_to_copy,"[[B, 1, d_model]]",,,"[[B, 1, d_model]]",[3571],24,input_layernorm,,1,model.layers.24.input_layernorm,aten._to_copy.default,[],decode,True
3573,input_layernorm,,pow,"[[B, 1, d_model]]",,,"[[B, 1, d_model]]",[3572],24,input_layernorm,,1,model.layers.24.input_layernorm,aten.pow.Tensor_Scalar,[],decode,False
3574,input_layernorm,,mean,"[[B, 1, d_model]]",,,"[[B, 1, 1]]",[3573],24,input_layernorm,,1,model.layers.24.input_layernorm,aten.mean.dim,[],decode,False
3575,input_layernorm,,elementwise_add,"[[B, 1, 1]]",,,"[[B, 1, 1]]",[3574],24,input_layernorm,,1,model.layers.24.input_layernorm,aten.add.Tensor,[],decode,False
3576,input_layernorm,,rsqrt,"[[B, 1, 1]]",,,"[[B, 1, 1]]",[3575],24,input_layernorm,,1,model.layers.24.input_layernorm,aten.rsqrt.default,[],decode,False
3577,input_layernorm,,elementwise_mul,"[[B, 1, d_model], [B, 1, 1]]",,,"[[B, 1, d_model]]","[3572, 3576]",24,input_layernorm,,1,model.layers.24.input_layernorm,aten.mul.Tensor,[],decode,False
3578,input_layernorm,,_to_copy,[[d_model]],,,[[d_model]],[],24,input_layernorm,,1,model.layers.24.input_layernorm,aten._to_copy.default,[model.layers.24.input_layernorm.weight],decode,True
3579,input_layernorm,,elementwise_add,[[d_model]],,,[[d_model]],[3578],24,input_layernorm,,1,model.layers.24.input_layernorm,aten.add.Tensor,[model.layers.24.input_layernorm.weight],decode,False
3580,input_layernorm,,elementwise_mul,"[[B, 1, d_model], [d_model]]",,,"[[B, 1, d_model]]","[3577, 3579]",24,input_layernorm,,1,model.layers.24.input_layernorm,aten.mul.Tensor,[],decode,False
3581,input_layernorm,,_to_copy,"[[B, 1, d_model]]",,,"[[B, 1, d_model]]",[3580],24,input_layernorm,,1,model.layers.24.input_layernorm,aten._to_copy.default,[],decode,True
3582,linear_attn,in_proj_qkv,t,"[[2*d_k_lin+d_v_lin, d_model]]","[2*d_k_lin+d_v_lin, d_model]",0,"[[d_model, 2*d_k_lin+d_v_lin]]",[],24,linear_attn,in_proj_qkv,2,model.layers.24.linear_attn.in_proj_qkv,aten.t.default,[model.layers.24.linear_attn.in_proj_qkv.weight],decode,True
3583,linear_attn,in_proj_qkv,view,"[[B, 1, d_model]]",,,"[[B, d_model]]",[3581],24,linear_attn,in_proj_qkv,2,model.layers.24.linear_attn.in_proj_qkv,aten.view.default,[],decode,True
3584,linear_attn,in_proj_qkv,matmul,"[[B, d_model], [d_model, 2*d_k_lin+d_v_lin]]","[2*d_k_lin+d_v_lin, d_model]",1,"[[B, 2*d_k_lin+d_v_lin]]","[3582, 3583]",24,linear_attn,in_proj_qkv,2,model.layers.24.linear_attn.in_proj_qkv,aten.mm.default,[model.layers.24.linear_attn.in_proj_qkv.weight],decode,False
3585,linear_attn,in_proj_qkv,_unsafe_view,"[[B, 2*d_k_lin+d_v_lin]]",,,"[[B, 1, 2*d_k_lin+d_v_lin]]",[3584],24,linear_attn,in_proj_qkv,2,model.layers.24.linear_attn.in_proj_qkv,aten._unsafe_view.default,[],decode,True
3586,linear_attn,,transpose,"[[B, 1, 2*d_k_lin+d_v_lin]]",,,"[[B, 2*d_k_lin+d_v_lin, 1]]",[3585],24,linear_attn,,1,model.layers.24.linear_attn,aten.transpose.int,[],decode,True
3587,linear_attn,in_proj_z,t,"[[n_v*d_v, d_model]]","[n_v*d_v, d_model]",0,"[[d_model, n_v*d_v]]",[],24,linear_attn,in_proj_z,2,model.layers.24.linear_attn.in_proj_z,aten.t.default,[model.layers.24.linear_attn.in_proj_z.weight],decode,True
3588,linear_attn,in_proj_z,view,"[[B, 1, d_model]]",,,"[[B, d_model]]",[3581],24,linear_attn,in_proj_z,2,model.layers.24.linear_attn.in_proj_z,aten.view.default,[],decode,True
3589,linear_attn,in_proj_z,matmul,"[[B, d_model], [d_model, n_v*d_v]]","[n_v*d_v, d_model]",1,"[[B, n_v*d_v]]","[3587, 3588]",24,linear_attn,in_proj_z,2,model.layers.24.linear_attn.in_proj_z,aten.mm.default,[model.layers.24.linear_attn.in_proj_z.weight],decode,False
3590,linear_attn,in_proj_z,_unsafe_view,"[[B, n_v*d_v]]",,,"[[B, 1, n_v*d_v]]",[3589],24,linear_attn,in_proj_z,2,model.layers.24.linear_attn.in_proj_z,aten._unsafe_view.default,[],decode,True
3591,linear_attn,,view,"[[B, 1, n_v*d_v]]",,,"[[B, 1, n_h_lin_v, d_head_lin_v]]",[3590],24,linear_attn,,1,model.layers.24.linear_attn,aten.view.default,[],decode,True
3592,linear_attn,in_proj_b,t,"[[n_h_lin_v, d_model]]","[n_h_lin_v, d_model]",0,"[[d_model, n_h_lin_v]]",[],24,linear_attn,in_proj_b,2,model.layers.24.linear_attn.in_proj_b,aten.t.default,[model.layers.24.linear_attn.in_proj_b.weight],decode,True
3593,linear_attn,in_proj_b,view,"[[B, 1, d_model]]",,,"[[B, d_model]]",[3581],24,linear_attn,in_proj_b,2,model.layers.24.linear_attn.in_proj_b,aten.view.default,[],decode,True
3594,linear_attn,in_proj_b,matmul,"[[B, d_model], [d_model, n_h_lin_v]]","[n_h_lin_v, d_model]",1,"[[B, n_h_lin_v]]","[3592, 3593]",24,linear_attn,in_proj_b,2,model.layers.24.linear_attn.in_proj_b,aten.mm.default,[model.layers.24.linear_attn.in_proj_b.weight],decode,False
3595,linear_attn,in_proj_b,_unsafe_view,"[[B, n_h_lin_v]]",,,"[[B, 1, n_h_lin_v]]",[3594],24,linear_attn,in_proj_b,2,model.layers.24.linear_attn.in_proj_b,aten._unsafe_view.default,[],decode,True
3596,linear_attn,in_proj_a,t,"[[n_h_lin_v, d_model]]","[n_h_lin_v, d_model]",0,"[[d_model, n_h_lin_v]]",[],24,linear_attn,in_proj_a,2,model.layers.24.linear_attn.in_proj_a,aten.t.default,[model.layers.24.linear_attn.in_proj_a.weight],decode,True
3597,linear_attn,in_proj_a,view,"[[B, 1, d_model]]",,,"[[B, d_model]]",[3581],24,linear_attn,in_proj_a,2,model.layers.24.linear_attn.in_proj_a,aten.view.default,[],decode,True
3598,linear_attn,in_proj_a,matmul,"[[B, d_model], [d_model, n_h_lin_v]]","[n_h_lin_v, d_model]",1,"[[B, n_h_lin_v]]","[3596, 3597]",24,linear_attn,in_proj_a,2,model.layers.24.linear_attn.in_proj_a,aten.mm.default,[model.layers.24.linear_attn.in_proj_a.weight],decode,False
3599,linear_attn,in_proj_a,_unsafe_view,"[[B, n_h_lin_v]]",,,"[[B, 1, n_h_lin_v]]",[3598],24,linear_attn,in_proj_a,2,model.layers.24.linear_attn.in_proj_a,aten._unsafe_view.default,[],decode,True
3600,linear_attn,,squeeze,"[[2*d_k_lin+d_v_lin, 1, d_conv_lin]]","[2*d_k_lin+d_v_lin, 1, d_conv_lin]",0,"[[2*d_k_lin+d_v_lin, d_conv_lin]]",[],24,linear_attn,,1,model.layers.24.linear_attn,aten.squeeze.dim,[model.layers.24.linear_attn.conv1d.weight],decode,True
3601,linear_attn,,concat,"[[B, 2*d_k_lin+d_v_lin, d_conv_lin], [B, 2*d_k_lin+d_v_lin, 1]]",,,"[[B, 2*d_k_lin+d_v_lin, 5]]",[3586],24,linear_attn,,1,model.layers.24.linear_attn,aten.cat.default,[],decode,False
3602,linear_attn,,slice,"[[B, 2*d_k_lin+d_v_lin, 5]]",,,"[[B, 2*d_k_lin+d_v_lin, d_conv_lin]]",[3601],24,linear_attn,,1,model.layers.24.linear_attn,aten.slice.Tensor,[],decode,True
3603,linear_attn,,copy_,"[[B, 2*d_k_lin+d_v_lin, d_conv_lin], [B, 2*d_k_lin+d_v_lin, d_conv_lin]]",,,"[[B, 2*d_k_lin+d_v_lin, d_conv_lin]]",[3602],24,linear_attn,,1,model.layers.24.linear_attn,aten.copy_.default,[],decode,True
3604,linear_attn,,unsqueeze,"[[2*d_k_lin+d_v_lin, d_conv_lin]]",,,"[[2*d_k_lin+d_v_lin, 1, d_conv_lin]]",[3600],24,linear_attn,,1,model.layers.24.linear_attn,aten.unsqueeze.default,[],decode,True
3605,linear_attn,,conv1d,"[[B, 2*d_k_lin+d_v_lin, 5], [2*d_k_lin+d_v_lin, 1, d_conv_lin]]",,,"[[B, 2*d_k_lin+d_v_lin, 2]]","[3601, 3604]",24,linear_attn,,1,model.layers.24.linear_attn,aten.convolution.default,[],decode,False
3606,linear_attn,,slice,"[[B, 2*d_k_lin+d_v_lin, 2]]",,,"[[B, 2*d_k_lin+d_v_lin, 1]]",[3605],24,linear_attn,,1,model.layers.24.linear_attn,aten.slice.Tensor,[],decode,True
3607,linear_attn,,silu,"[[B, 2*d_k_lin+d_v_lin, 1]]",,,"[[B, 2*d_k_lin+d_v_lin, 1]]",[3606],24,linear_attn,,1,model.layers.24.linear_attn,aten.silu.default,[],decode,False
3608,linear_attn,,transpose,"[[B, 2*d_k_lin+d_v_lin, 1]]",,,"[[B, 1, 2*d_k_lin+d_v_lin]]",[3607],24,linear_attn,,1,model.layers.24.linear_attn,aten.transpose.int,[],decode,True
3609,linear_attn,,split_with_sizes,"[[B, 1, 2*d_k_lin+d_v_lin]]",,,"[[B, 1, n_k*d_k], [B, 1, n_k*d_k], [B, 1, n_v*d_v]]",[3608],24,linear_attn,,1,model.layers.24.linear_attn,aten.split_with_sizes.default,[],decode,True
3610,linear_attn,,view,"[[B, 1, n_k*d_k]]",,,"[[B, 1, n_h_lin_k, d_head_lin_k]]",[3609],24,linear_attn,,1,model.layers.24.linear_attn,aten.view.default,[],decode,True
3611,linear_attn,,view,"[[B, 1, n_k*d_k]]",,,"[[B, 1, n_h_lin_k, d_head_lin_k]]",[3609],24,linear_attn,,1,model.layers.24.linear_attn,aten.view.default,[],decode,True
3612,linear_attn,,view,"[[B, 1, n_v*d_v]]",,,"[[B, 1, n_h_lin_v, d_head_lin_v]]",[3609],24,linear_attn,,1,model.layers.24.linear_attn,aten.view.default,[],decode,True
3613,linear_attn,,sigmoid,"[[B, 1, n_h_lin_v]]",,,"[[B, 1, n_h_lin_v]]",[3595],24,linear_attn,,1,model.layers.24.linear_attn,aten.sigmoid.default,[],decode,False
3614,linear_attn,,_to_copy,[[n_h_lin_v]],,,[[n_h_lin_v]],[],24,linear_attn,,1,model.layers.24.linear_attn,aten._to_copy.default,[model.layers.24.linear_attn.A_log],decode,True
3615,linear_attn,,exp,[[n_h_lin_v]],,,[[n_h_lin_v]],[3614],24,linear_attn,,1,model.layers.24.linear_attn,aten.exp.default,[model.layers.24.linear_attn.A_log],decode,False
3616,linear_attn,,neg,[[n_h_lin_v]],,,[[n_h_lin_v]],[3615],24,linear_attn,,1,model.layers.24.linear_attn,aten.neg.default,[],decode,False
3617,linear_attn,,_to_copy,"[[B, 1, n_h_lin_v]]",,,"[[B, 1, n_h_lin_v]]",[3599],24,linear_attn,,1,model.layers.24.linear_attn,aten._to_copy.default,[],decode,True
3618,linear_attn,,elementwise_add,"[[B, 1, n_h_lin_v], [n_h_lin_v]]",,,"[[B, 1, n_h_lin_v]]",[3617],24,linear_attn,,1,model.layers.24.linear_attn,aten.add.Tensor,[model.layers.24.linear_attn.dt_bias],decode,False
3619,linear_attn,,softplus,"[[B, 1, n_h_lin_v]]",,,"[[B, 1, n_h_lin_v]]",[3618],24,linear_attn,,1,model.layers.24.linear_attn,aten.softplus.default,[],decode,True
3620,linear_attn,,elementwise_mul,"[[n_h_lin_v], [B, 1, n_h_lin_v]]",,,"[[B, 1, n_h_lin_v]]","[3616, 3619]",24,linear_attn,,1,model.layers.24.linear_attn,aten.mul.Tensor,[],decode,False
3621,linear_attn,,unsqueeze,"[[B, 1, n_h_lin_k, d_head_lin_k]]",,,"[[B, 1, n_h_lin_k, 1, d_head_lin_k]]",[3610],24,linear_attn,,1,model.layers.24.linear_attn,aten.unsqueeze.default,[],decode,True
3622,linear_attn,,expand,"[[B, 1, n_h_lin_k, 1, d_head_lin_k]]",,,"[[B, 1, n_h_lin_k, n_v/n_k, d_head_lin_k]]",[3621],24,linear_attn,,1,model.layers.24.linear_attn,aten.expand.default,[],decode,True
3623,linear_attn,,clone,"[[B, 1, n_h_lin_k, n_v/n_k, d_head_lin_k]]",,,"[[B, 1, n_h_lin_k, n_v/n_k, d_head_lin_k]]",[3622],24,linear_attn,,1,model.layers.24.linear_attn,aten.clone.default,[],decode,True
3624,linear_attn,,view,"[[B, 1, n_h_lin_k, n_v/n_k, d_head_lin_k]]",,,"[[B, 1, n_h_lin_v, d_head_lin_k]]",[3623],24,linear_attn,,1,model.layers.24.linear_attn,aten.view.default,[],decode,True
3625,linear_attn,,unsqueeze,"[[B, 1, n_h_lin_k, d_head_lin_k]]",,,"[[B, 1, n_h_lin_k, 1, d_head_lin_k]]",[3611],24,linear_attn,,1,model.layers.24.linear_attn,aten.unsqueeze.default,[],decode,True
3626,linear_attn,,expand,"[[B, 1, n_h_lin_k, 1, d_head_lin_k]]",,,"[[B, 1, n_h_lin_k, n_v/n_k, d_head_lin_k]]",[3625],24,linear_attn,,1,model.layers.24.linear_attn,aten.expand.default,[],decode,True
3627,linear_attn,,clone,"[[B, 1, n_h_lin_k, n_v/n_k, d_head_lin_k]]",,,"[[B, 1, n_h_lin_k, n_v/n_k, d_head_lin_k]]",[3626],24,linear_attn,,1,model.layers.24.linear_attn,aten.clone.default,[],decode,True
3628,linear_attn,,view,"[[B, 1, n_h_lin_k, n_v/n_k, d_head_lin_k]]",,,"[[B, 1, n_h_lin_v, d_head_lin_k]]",[3627],24,linear_attn,,1,model.layers.24.linear_attn,aten.view.default,[],decode,True
3629,linear_attn,,elementwise_mul,"[[B, 1, n_h_lin_v, d_head_lin_k], [B, 1, n_h_lin_v, d_head_lin_k]]",,,"[[B, 1, n_h_lin_v, d_head_lin_k]]",[3624],24,linear_attn,,1,model.layers.24.linear_attn,aten.mul.Tensor,[],decode,False
3630,linear_attn,,sum,"[[B, 1, n_h_lin_v, d_head_lin_k]]",,,"[[B, 1, n_h_lin_v, 1]]",[3629],24,linear_attn,,1,model.layers.24.linear_attn,aten.sum.dim_IntList,[],decode,True
3631,linear_attn,,elementwise_add,"[[B, 1, n_h_lin_v, 1]]",,,"[[B, 1, n_h_lin_v, 1]]",[3630],24,linear_attn,,1,model.layers.24.linear_attn,aten.add.Tensor,[],decode,False
3632,linear_attn,,rsqrt,"[[B, 1, n_h_lin_v, 1]]",,,"[[B, 1, n_h_lin_v, 1]]",[3631],24,linear_attn,,1,model.layers.24.linear_attn,aten.rsqrt.default,[],decode,False
3633,linear_attn,,elementwise_mul,"[[B, 1, n_h_lin_v, d_head_lin_k], [B, 1, n_h_lin_v, 1]]",,,"[[B, 1, n_h_lin_v, d_head_lin_k]]","[3624, 3632]",24,linear_attn,,1,model.layers.24.linear_attn,aten.mul.Tensor,[],decode,False
3634,linear_attn,,elementwise_mul,"[[B, 1, n_h_lin_v, d_head_lin_k], [B, 1, n_h_lin_v, d_head_lin_k]]",,,"[[B, 1, n_h_lin_v, d_head_lin_k]]",[3628],24,linear_attn,,1,model.layers.24.linear_attn,aten.mul.Tensor,[],decode,False
3635,linear_attn,,sum,"[[B, 1, n_h_lin_v, d_head_lin_k]]",,,"[[B, 1, n_h_lin_v, 1]]",[3634],24,linear_attn,,1,model.layers.24.linear_attn,aten.sum.dim_IntList,[],decode,True
3636,linear_attn,,elementwise_add,"[[B, 1, n_h_lin_v, 1]]",,,"[[B, 1, n_h_lin_v, 1]]",[3635],24,linear_attn,,1,model.layers.24.linear_attn,aten.add.Tensor,[],decode,False
3637,linear_attn,,rsqrt,"[[B, 1, n_h_lin_v, 1]]",,,"[[B, 1, n_h_lin_v, 1]]",[3636],24,linear_attn,,1,model.layers.24.linear_attn,aten.rsqrt.default,[],decode,False
3638,linear_attn,,elementwise_mul,"[[B, 1, n_h_lin_v, d_head_lin_k], [B, 1, n_h_lin_v, 1]]",,,"[[B, 1, n_h_lin_v, d_head_lin_k]]","[3628, 3637]",24,linear_attn,,1,model.layers.24.linear_attn,aten.mul.Tensor,[],decode,False
3639,linear_attn,,transpose,"[[B, 1, n_h_lin_v, d_head_lin_k]]",,,"[[B, n_h_lin_v, 1, d_head_lin_k]]",[3633],24,linear_attn,,1,model.layers.24.linear_attn,aten.transpose.int,[],decode,True
3640,linear_attn,,_to_copy,"[[B, n_h_lin_v, 1, d_head_lin_k]]",,,"[[B, n_h_lin_v, 1, d_head_lin_k]]",[3639],24,linear_attn,,1,model.layers.24.linear_attn,aten._to_copy.default,[],decode,True
3641,linear_attn,,transpose,"[[B, 1, n_h_lin_v, d_head_lin_k]]",,,"[[B, n_h_lin_v, 1, d_head_lin_k]]",[3638],24,linear_attn,,1,model.layers.24.linear_attn,aten.transpose.int,[],decode,True
3642,linear_attn,,_to_copy,"[[B, n_h_lin_v, 1, d_head_lin_k]]",,,"[[B, n_h_lin_v, 1, d_head_lin_k]]",[3641],24,linear_attn,,1,model.layers.24.linear_attn,aten._to_copy.default,[],decode,True
3643,linear_attn,,transpose,"[[B, 1, n_h_lin_v, d_head_lin_v]]",,,"[[B, n_h_lin_v, 1, d_head_lin_v]]",[3612],24,linear_attn,,1,model.layers.24.linear_attn,aten.transpose.int,[],decode,True
3644,linear_attn,,_to_copy,"[[B, n_h_lin_v, 1, d_head_lin_v]]",,,"[[B, n_h_lin_v, 1, d_head_lin_v]]",[3643],24,linear_attn,,1,model.layers.24.linear_attn,aten._to_copy.default,[],decode,True
3645,linear_attn,,transpose,"[[B, 1, n_h_lin_v]]",,,"[[B, n_h_lin_v, 1]]",[3613],24,linear_attn,,1,model.layers.24.linear_attn,aten.transpose.int,[],decode,True
3646,linear_attn,,_to_copy,"[[B, n_h_lin_v, 1]]",,,"[[B, n_h_lin_v, 1]]",[3645],24,linear_attn,,1,model.layers.24.linear_attn,aten._to_copy.default,[],decode,True
3647,linear_attn,,transpose,"[[B, 1, n_h_lin_v]]",,,"[[B, n_h_lin_v, 1]]",[3620],24,linear_attn,,1,model.layers.24.linear_attn,aten.transpose.int,[],decode,True
3648,linear_attn,,elementwise_mul,"[[B, n_h_lin_v, 1, d_head_lin_k]]",,,"[[B, n_h_lin_v, 1, d_head_lin_k]]",[3640],24,linear_attn,,1,model.layers.24.linear_attn,aten.mul.Tensor,[],decode,False
3649,linear_attn,,zeros,[],,,"[[B, n_h_lin_v, 1, d_head_lin_v]]",[],24,linear_attn,,1,model.layers.24.linear_attn,aten.zeros.default,[],decode,True
3650,linear_attn,,select,"[[B, n_h_lin_v, 1, d_head_lin_k]]",,,"[[B, n_h_lin_v, d_head_lin_k]]",[3648],24,linear_attn,,1,model.layers.24.linear_attn,aten.select.int,[],decode,True
3651,linear_attn,,select,"[[B, n_h_lin_v, 1, d_head_lin_k]]",,,"[[B, n_h_lin_v, d_head_lin_k]]",[3642],24,linear_attn,,1,model.layers.24.linear_attn,aten.select.int,[],decode,True
3652,linear_attn,,select,"[[B, n_h_lin_v, 1, d_head_lin_v]]",,,"[[B, n_h_lin_v, d_head_lin_v]]",[3644],24,linear_attn,,1,model.layers.24.linear_attn,aten.select.int,[],decode,True
3653,linear_attn,,select,"[[B, n_h_lin_v, 1]]",,,"[[B, n_h_lin_v]]",[3647],24,linear_attn,,1,model.layers.24.linear_attn,aten.select.int,[],decode,True
3654,linear_attn,,exp,"[[B, n_h_lin_v]]",,,"[[B, n_h_lin_v]]",[3653],24,linear_attn,,1,model.layers.24.linear_attn,aten.exp.default,[],decode,False
3655,linear_attn,,unsqueeze,"[[B, n_h_lin_v]]",,,"[[B, n_h_lin_v, 1]]",[3654],24,linear_attn,,1,model.layers.24.linear_attn,aten.unsqueeze.default,[],decode,True
3656,linear_attn,,unsqueeze,"[[B, n_h_lin_v, 1]]",,,"[[B, n_h_lin_v, 1, 1]]",[3655],24,linear_attn,,1,model.layers.24.linear_attn,aten.unsqueeze.default,[],decode,True
3657,linear_attn,,select,"[[B, n_h_lin_v, 1]]",,,"[[B, n_h_lin_v]]",[3646],24,linear_attn,,1,model.layers.24.linear_attn,aten.select.int,[],decode,True
3658,linear_attn,,unsqueeze,"[[B, n_h_lin_v]]",,,"[[B, n_h_lin_v, 1]]",[3657],24,linear_attn,,1,model.layers.24.linear_attn,aten.unsqueeze.default,[],decode,True
3659,linear_attn,,elementwise_mul,"[[B, n_h_lin_v, d_head_lin_k, d_head_lin_v], [B, n_h_lin_v, 1, 1]]",,,"[[B, n_h_lin_v, d_head_lin_k, d_head_lin_v]]",[3656],24,linear_attn,,1,model.layers.24.linear_attn,aten.mul.Tensor,[],decode,False
3660,linear_attn,,unsqueeze,"[[B, n_h_lin_v, d_head_lin_k]]",,,"[[B, n_h_lin_v, d_head_lin_k, 1]]",[3651],24,linear_attn,,1,model.layers.24.linear_attn,aten.unsqueeze.default,[],decode,True
3661,linear_attn,,elementwise_mul,"[[B, n_h_lin_v, d_head_lin_k, d_head_lin_v], [B, n_h_lin_v, d_head_lin_k, 1]]",,,"[[B, n_h_lin_v, d_head_lin_k, d_head_lin_v]]","[3659, 3660]",24,linear_attn,,1,model.layers.24.linear_attn,aten.mul.Tensor,[],decode,False
3662,linear_attn,,sum,"[[B, n_h_lin_v, d_head_lin_k, d_head_lin_v]]",,,"[[B, n_h_lin_v, d_head_lin_v]]",[3661],24,linear_attn,,1,model.layers.24.linear_attn,aten.sum.dim_IntList,[],decode,True
3663,linear_attn,,sub,"[[B, n_h_lin_v, d_head_lin_v], [B, n_h_lin_v, d_head_lin_v]]",,,"[[B, n_h_lin_v, d_head_lin_v]]","[3652, 3662]",24,linear_attn,,1,model.layers.24.linear_attn,aten.sub.Tensor,[],decode,True
3664,linear_attn,,elementwise_mul,"[[B, n_h_lin_v, d_head_lin_v], [B, n_h_lin_v, 1]]",,,"[[B, n_h_lin_v, d_head_lin_v]]","[3658, 3663]",24,linear_attn,,1,model.layers.24.linear_attn,aten.mul.Tensor,[],decode,False
3665,linear_attn,,unsqueeze,"[[B, n_h_lin_v, d_head_lin_k]]",,,"[[B, n_h_lin_v, d_head_lin_k, 1]]",[3651],24,linear_attn,,1,model.layers.24.linear_attn,aten.unsqueeze.default,[],decode,True
3666,linear_attn,,unsqueeze,"[[B, n_h_lin_v, d_head_lin_v]]",,,"[[B, n_h_lin_v, 1, d_head_lin_v]]",[3664],24,linear_attn,,1,model.layers.24.linear_attn,aten.unsqueeze.default,[],decode,True
3667,linear_attn,,elementwise_mul,"[[B, n_h_lin_v, d_head_lin_k, 1], [B, n_h_lin_v, 1, d_head_lin_v]]",,,"[[B, n_h_lin_v, d_head_lin_k, d_head_lin_v]]","[3665, 3666]",24,linear_attn,,1,model.layers.24.linear_attn,aten.mul.Tensor,[],decode,False
3668,linear_attn,,elementwise_add,"[[B, n_h_lin_v, d_head_lin_k, d_head_lin_v], [B, n_h_lin_v, d_head_lin_k, d_head_lin_v]]",,,"[[B, n_h_lin_v, d_head_lin_k, d_head_lin_v]]","[3659, 3667]",24,linear_attn,,1,model.layers.24.linear_attn,aten.add.Tensor,[],decode,False
3669,linear_attn,,unsqueeze,"[[B, n_h_lin_v, d_head_lin_k]]",,,"[[B, n_h_lin_v, d_head_lin_k, 1]]",[3650],24,linear_attn,,1,model.layers.24.linear_attn,aten.unsqueeze.default,[],decode,True
3670,linear_attn,,elementwise_mul,"[[B, n_h_lin_v, d_head_lin_k, d_head_lin_v], [B, n_h_lin_v, d_head_lin_k, 1]]",,,"[[B, n_h_lin_v, d_head_lin_k, d_head_lin_v]]","[3668, 3669]",24,linear_attn,,1,model.layers.24.linear_attn,aten.mul.Tensor,[],decode,False
3671,linear_attn,,sum,"[[B, n_h_lin_v, d_head_lin_k, d_head_lin_v]]",,,"[[B, n_h_lin_v, d_head_lin_v]]",[3670],24,linear_attn,,1,model.layers.24.linear_attn,aten.sum.dim_IntList,[],decode,True
3672,linear_attn,,select,"[[B, n_h_lin_v, 1, d_head_lin_v]]",,,"[[B, n_h_lin_v, d_head_lin_v]]",[3649],24,linear_attn,,1,model.layers.24.linear_attn,aten.select.int,[],decode,True
3673,linear_attn,,copy_,"[[B, n_h_lin_v, d_head_lin_v], [B, n_h_lin_v, d_head_lin_v]]",,,"[[B, n_h_lin_v, d_head_lin_v]]","[3671, 3672]",24,linear_attn,,1,model.layers.24.linear_attn,aten.copy_.default,[],decode,True
3674,linear_attn,,transpose,"[[B, n_h_lin_v, 1, d_head_lin_v]]",,,"[[B, 1, n_h_lin_v, d_head_lin_v]]",[3649],24,linear_attn,,1,model.layers.24.linear_attn,aten.transpose.int,[],decode,True
3675,linear_attn,,_to_copy,"[[B, 1, n_h_lin_v, d_head_lin_v]]",,,"[[B, 1, n_h_lin_v, d_head_lin_v]]",[3674],24,linear_attn,,1,model.layers.24.linear_attn,aten._to_copy.default,[],decode,True
3676,linear_attn,,copy_,"[[B, n_h_lin_v, d_head_lin_k, d_head_lin_v], [B, n_h_lin_v, d_head_lin_k, d_head_lin_v]]",,,"[[B, n_h_lin_v, d_head_lin_k, d_head_lin_v]]",[3668],24,linear_attn,,1,model.layers.24.linear_attn,aten.copy_.default,[],decode,True
3677,linear_attn,,view,"[[B, 1, n_h_lin_v, d_head_lin_v]]",,,"[[n_h_lin_v, d_head_lin_v]]",[3675],24,linear_attn,,1,model.layers.24.linear_attn,aten.view.default,[],decode,True
3678,linear_attn,,view,"[[B, 1, n_h_lin_v, d_head_lin_v]]",,,"[[n_h_lin_v, d_head_lin_v]]",[3591],24,linear_attn,,1,model.layers.24.linear_attn,aten.view.default,[],decode,True
3679,linear_attn,norm,_to_copy,"[[n_h_lin_v, d_head_lin_v]]",,,"[[n_h_lin_v, d_head_lin_v]]",[3677],24,linear_attn,norm,2,model.layers.24.linear_attn.norm,aten._to_copy.default,[],decode,True
3680,linear_attn,norm,pow,"[[n_h_lin_v, d_head_lin_v]]",,,"[[n_h_lin_v, d_head_lin_v]]",[3679],24,linear_attn,norm,2,model.layers.24.linear_attn.norm,aten.pow.Tensor_Scalar,[],decode,False
3681,linear_attn,norm,mean,"[[n_h_lin_v, d_head_lin_v]]",,,"[[n_h_lin_v, B]]",[3680],24,linear_attn,norm,2,model.layers.24.linear_attn.norm,aten.mean.dim,[],decode,False
3682,linear_attn,norm,elementwise_add,"[[n_h_lin_v, B]]",,,"[[n_h_lin_v, B]]",[3681],24,linear_attn,norm,2,model.layers.24.linear_attn.norm,aten.add.Tensor,[],decode,False
3683,linear_attn,norm,rsqrt,"[[n_h_lin_v, B]]",,,"[[n_h_lin_v, B]]",[3682],24,linear_attn,norm,2,model.layers.24.linear_attn.norm,aten.rsqrt.default,[],decode,False
3684,linear_attn,norm,elementwise_mul,"[[n_h_lin_v, d_head_lin_v], [n_h_lin_v, B]]",,,"[[n_h_lin_v, d_head_lin_v]]","[3679, 3683]",24,linear_attn,norm,2,model.layers.24.linear_attn.norm,aten.mul.Tensor,[],decode,False
3685,linear_attn,norm,_to_copy,"[[n_h_lin_v, d_head_lin_v]]",,,"[[n_h_lin_v, d_head_lin_v]]",[3684],24,linear_attn,norm,2,model.layers.24.linear_attn.norm,aten._to_copy.default,[],decode,True
3686,linear_attn,norm,elementwise_mul,"[[d_head_lin_v], [n_h_lin_v, d_head_lin_v]]",,,"[[n_h_lin_v, d_head_lin_v]]",[3685],24,linear_attn,norm,2,model.layers.24.linear_attn.norm,aten.mul.Tensor,[model.layers.24.linear_attn.norm.weight],decode,False
3687,linear_attn,norm,_to_copy,"[[n_h_lin_v, d_head_lin_v]]",,,"[[n_h_lin_v, d_head_lin_v]]",[3678],24,linear_attn,norm,2,model.layers.24.linear_attn.norm,aten._to_copy.default,[],decode,True
3688,linear_attn,norm,silu,"[[n_h_lin_v, d_head_lin_v]]",,,"[[n_h_lin_v, d_head_lin_v]]",[3687],24,linear_attn,norm,2,model.layers.24.linear_attn.norm,aten.silu.default,[],decode,False
3689,linear_attn,norm,elementwise_mul,"[[n_h_lin_v, d_head_lin_v], [n_h_lin_v, d_head_lin_v]]",,,"[[n_h_lin_v, d_head_lin_v]]","[3686, 3688]",24,linear_attn,norm,2,model.layers.24.linear_attn.norm,aten.mul.Tensor,[],decode,False
3690,linear_attn,norm,_to_copy,"[[n_h_lin_v, d_head_lin_v]]",,,"[[n_h_lin_v, d_head_lin_v]]",[3689],24,linear_attn,norm,2,model.layers.24.linear_attn.norm,aten._to_copy.default,[],decode,True
3691,linear_attn,,view,"[[n_h_lin_v, d_head_lin_v]]",,,"[[B, 1, n_v*d_v]]",[3690],24,linear_attn,,1,model.layers.24.linear_attn,aten.view.default,[],decode,True
3692,linear_attn,out_proj,t,"[[d_model, n_v*d_v]]","[d_model, n_v*d_v]",0,"[[n_v*d_v, d_model]]",[],24,linear_attn,out_proj,2,model.layers.24.linear_attn.out_proj,aten.t.default,[model.layers.24.linear_attn.out_proj.weight],decode,True
3693,linear_attn,out_proj,view,"[[B, 1, n_v*d_v]]",,,"[[B, n_v*d_v]]",[3691],24,linear_attn,out_proj,2,model.layers.24.linear_attn.out_proj,aten.view.default,[],decode,True
3694,linear_attn,out_proj,matmul,"[[B, n_v*d_v], [n_v*d_v, d_model]]","[d_model, n_v*d_v]",1,"[[B, d_model]]","[3692, 3693]",24,linear_attn,out_proj,2,model.layers.24.linear_attn.out_proj,aten.mm.default,[model.layers.24.linear_attn.out_proj.weight],decode,False
3695,linear_attn,out_proj,_unsafe_view,"[[B, d_model]]",,,"[[B, 1, d_model]]",[3694],24,linear_attn,out_proj,2,model.layers.24.linear_attn.out_proj,aten._unsafe_view.default,[],decode,True
3696,,,elementwise_add,"[[B, 1, d_model], [B, 1, d_model]]",,,"[[B, 1, d_model]]","[3571, 3695]",24,,,0,model.layers.24,aten.add.Tensor,[],decode,False
3697,post_attention_layernorm,,_to_copy,"[[B, 1, d_model]]",,,"[[B, 1, d_model]]",[3696],24,post_attention_layernorm,,1,model.layers.24.post_attention_layernorm,aten._to_copy.default,[],decode,True
3698,post_attention_layernorm,,pow,"[[B, 1, d_model]]",,,"[[B, 1, d_model]]",[3697],24,post_attention_layernorm,,1,model.layers.24.post_attention_layernorm,aten.pow.Tensor_Scalar,[],decode,False
3699,post_attention_layernorm,,mean,"[[B, 1, d_model]]",,,"[[B, 1, 1]]",[3698],24,post_attention_layernorm,,1,model.layers.24.post_attention_layernorm,aten.mean.dim,[],decode,False
3700,post_attention_layernorm,,elementwise_add,"[[B, 1, 1]]",,,"[[B, 1, 1]]",[3699],24,post_attention_layernorm,,1,model.layers.24.post_attention_layernorm,aten.add.Tensor,[],decode,False
3701,post_attention_layernorm,,rsqrt,"[[B, 1, 1]]",,,"[[B, 1, 1]]",[3700],24,post_attention_layernorm,,1,model.layers.24.post_attention_layernorm,aten.rsqrt.default,[],decode,False
3702,post_attention_layernorm,,elementwise_mul,"[[B, 1, d_model], [B, 1, 1]]",,,"[[B, 1, d_model]]","[3697, 3701]",24,post_attention_layernorm,,1,model.layers.24.post_attention_layernorm,aten.mul.Tensor,[],decode,False
3703,post_attention_layernorm,,_to_copy,[[d_model]],,,[[d_model]],[],24,post_attention_layernorm,,1,model.layers.24.post_attention_layernorm,aten._to_copy.default,[model.layers.24.post_attention_layernorm.weight],decode,True
3704,post_attention_layernorm,,elementwise_add,[[d_model]],,,[[d_model]],[3703],24,post_attention_layernorm,,1,model.layers.24.post_attention_layernorm,aten.add.Tensor,[model.layers.24.post_attention_layernorm.weight],decode,False
3705,post_attention_layernorm,,elementwise_mul,"[[B, 1, d_model], [d_model]]",,,"[[B, 1, d_model]]","[3702, 3704]",24,post_attention_layernorm,,1,model.layers.24.post_attention_layernorm,aten.mul.Tensor,[],decode,False
3706,post_attention_layernorm,,_to_copy,"[[B, 1, d_model]]",,,"[[B, 1, d_model]]",[3705],24,post_attention_layernorm,,1,model.layers.24.post_attention_layernorm,aten._to_copy.default,[],decode,True
3707,mlp,gate_proj,t,"[[d_ff, d_model]]","[d_ff, d_model]",0,"[[d_model, d_ff]]",[],24,mlp,gate_proj,2,model.layers.24.mlp.gate_proj,aten.t.default,[model.layers.24.mlp.gate_proj.weight],decode,True
3708,mlp,gate_proj,view,"[[B, 1, d_model]]",,,"[[B, d_model]]",[3706],24,mlp,gate_proj,2,model.layers.24.mlp.gate_proj,aten.view.default,[],decode,True
3709,mlp,gate_proj,matmul,"[[B, d_model], [d_model, d_ff]]","[d_ff, d_model]",1,"[[B, d_ff]]","[3707, 3708]",24,mlp,gate_proj,2,model.layers.24.mlp.gate_proj,aten.mm.default,[model.layers.24.mlp.gate_proj.weight],decode,False
3710,mlp,gate_proj,_unsafe_view,"[[B, d_ff]]",,,"[[B, 1, d_ff]]",[3709],24,mlp,gate_proj,2,model.layers.24.mlp.gate_proj,aten._unsafe_view.default,[],decode,True
3711,mlp,act_fn,silu,"[[B, 1, d_ff]]",,,"[[B, 1, d_ff]]",[3710],24,mlp,act_fn,2,model.layers.24.mlp.act_fn,aten.silu.default,[],decode,False
3712,mlp,up_proj,t,"[[d_ff, d_model]]","[d_ff, d_model]",0,"[[d_model, d_ff]]",[],24,mlp,up_proj,2,model.layers.24.mlp.up_proj,aten.t.default,[model.layers.24.mlp.up_proj.weight],decode,True
3713,mlp,up_proj,view,"[[B, 1, d_model]]",,,"[[B, d_model]]",[3706],24,mlp,up_proj,2,model.layers.24.mlp.up_proj,aten.view.default,[],decode,True
3714,mlp,up_proj,matmul,"[[B, d_model], [d_model, d_ff]]","[d_ff, d_model]",1,"[[B, d_ff]]","[3712, 3713]",24,mlp,up_proj,2,model.layers.24.mlp.up_proj,aten.mm.default,[model.layers.24.mlp.up_proj.weight],decode,False
3715,mlp,up_proj,_unsafe_view,"[[B, d_ff]]",,,"[[B, 1, d_ff]]",[3714],24,mlp,up_proj,2,model.layers.24.mlp.up_proj,aten._unsafe_view.default,[],decode,True
3716,mlp,,elementwise_mul,"[[B, 1, d_ff], [B, 1, d_ff]]",,,"[[B, 1, d_ff]]","[3711, 3715]",24,mlp,,1,model.layers.24.mlp,aten.mul.Tensor,[],decode,False
3717,mlp,down_proj,t,"[[d_model, d_ff]]","[d_model, d_ff]",0,"[[d_ff, d_model]]",[],24,mlp,down_proj,2,model.layers.24.mlp.down_proj,aten.t.default,[model.layers.24.mlp.down_proj.weight],decode,True
3718,mlp,down_proj,view,"[[B, 1, d_ff]]",,,"[[B, d_ff]]",[3716],24,mlp,down_proj,2,model.layers.24.mlp.down_proj,aten.view.default,[],decode,True
3719,mlp,down_proj,matmul,"[[B, d_ff], [d_ff, d_model]]","[d_model, d_ff]",1,"[[B, d_model]]","[3717, 3718]",24,mlp,down_proj,2,model.layers.24.mlp.down_proj,aten.mm.default,[model.layers.24.mlp.down_proj.weight],decode,False
3720,mlp,down_proj,_unsafe_view,"[[B, d_model]]",,,"[[B, 1, d_model]]",[3719],24,mlp,down_proj,2,model.layers.24.mlp.down_proj,aten._unsafe_view.default,[],decode,True
3721,,,elementwise_add,"[[B, 1, d_model], [B, 1, d_model]]",,,"[[B, 1, d_model]]","[3696, 3720]",24,,,0,model.layers.24,aten.add.Tensor,[],decode,False
3722,input_layernorm,,_to_copy,"[[B, 1, d_model]]",,,"[[B, 1, d_model]]",[3721],25,input_layernorm,,1,model.layers.25.input_layernorm,aten._to_copy.default,[],decode,True
3723,input_layernorm,,pow,"[[B, 1, d_model]]",,,"[[B, 1, d_model]]",[3722],25,input_layernorm,,1,model.layers.25.input_layernorm,aten.pow.Tensor_Scalar,[],decode,False
3724,input_layernorm,,mean,"[[B, 1, d_model]]",,,"[[B, 1, 1]]",[3723],25,input_layernorm,,1,model.layers.25.input_layernorm,aten.mean.dim,[],decode,False
3725,input_layernorm,,elementwise_add,"[[B, 1, 1]]",,,"[[B, 1, 1]]",[3724],25,input_layernorm,,1,model.layers.25.input_layernorm,aten.add.Tensor,[],decode,False
3726,input_layernorm,,rsqrt,"[[B, 1, 1]]",,,"[[B, 1, 1]]",[3725],25,input_layernorm,,1,model.layers.25.input_layernorm,aten.rsqrt.default,[],decode,False
3727,input_layernorm,,elementwise_mul,"[[B, 1, d_model], [B, 1, 1]]",,,"[[B, 1, d_model]]","[3722, 3726]",25,input_layernorm,,1,model.layers.25.input_layernorm,aten.mul.Tensor,[],decode,False
3728,input_layernorm,,_to_copy,[[d_model]],,,[[d_model]],[],25,input_layernorm,,1,model.layers.25.input_layernorm,aten._to_copy.default,[model.layers.25.input_layernorm.weight],decode,True
3729,input_layernorm,,elementwise_add,[[d_model]],,,[[d_model]],[3728],25,input_layernorm,,1,model.layers.25.input_layernorm,aten.add.Tensor,[model.layers.25.input_layernorm.weight],decode,False
3730,input_layernorm,,elementwise_mul,"[[B, 1, d_model], [d_model]]",,,"[[B, 1, d_model]]","[3727, 3729]",25,input_layernorm,,1,model.layers.25.input_layernorm,aten.mul.Tensor,[],decode,False
3731,input_layernorm,,_to_copy,"[[B, 1, d_model]]",,,"[[B, 1, d_model]]",[3730],25,input_layernorm,,1,model.layers.25.input_layernorm,aten._to_copy.default,[],decode,True
3732,linear_attn,in_proj_qkv,t,"[[2*d_k_lin+d_v_lin, d_model]]","[2*d_k_lin+d_v_lin, d_model]",0,"[[d_model, 2*d_k_lin+d_v_lin]]",[],25,linear_attn,in_proj_qkv,2,model.layers.25.linear_attn.in_proj_qkv,aten.t.default,[model.layers.25.linear_attn.in_proj_qkv.weight],decode,True
3733,linear_attn,in_proj_qkv,view,"[[B, 1, d_model]]",,,"[[B, d_model]]",[3731],25,linear_attn,in_proj_qkv,2,model.layers.25.linear_attn.in_proj_qkv,aten.view.default,[],decode,True
3734,linear_attn,in_proj_qkv,matmul,"[[B, d_model], [d_model, 2*d_k_lin+d_v_lin]]","[2*d_k_lin+d_v_lin, d_model]",1,"[[B, 2*d_k_lin+d_v_lin]]","[3732, 3733]",25,linear_attn,in_proj_qkv,2,model.layers.25.linear_attn.in_proj_qkv,aten.mm.default,[model.layers.25.linear_attn.in_proj_qkv.weight],decode,False
3735,linear_attn,in_proj_qkv,_unsafe_view,"[[B, 2*d_k_lin+d_v_lin]]",,,"[[B, 1, 2*d_k_lin+d_v_lin]]",[3734],25,linear_attn,in_proj_qkv,2,model.layers.25.linear_attn.in_proj_qkv,aten._unsafe_view.default,[],decode,True
3736,linear_attn,,transpose,"[[B, 1, 2*d_k_lin+d_v_lin]]",,,"[[B, 2*d_k_lin+d_v_lin, 1]]",[3735],25,linear_attn,,1,model.layers.25.linear_attn,aten.transpose.int,[],decode,True
3737,linear_attn,in_proj_z,t,"[[n_v*d_v, d_model]]","[n_v*d_v, d_model]",0,"[[d_model, n_v*d_v]]",[],25,linear_attn,in_proj_z,2,model.layers.25.linear_attn.in_proj_z,aten.t.default,[model.layers.25.linear_attn.in_proj_z.weight],decode,True
3738,linear_attn,in_proj_z,view,"[[B, 1, d_model]]",,,"[[B, d_model]]",[3731],25,linear_attn,in_proj_z,2,model.layers.25.linear_attn.in_proj_z,aten.view.default,[],decode,True
3739,linear_attn,in_proj_z,matmul,"[[B, d_model], [d_model, n_v*d_v]]","[n_v*d_v, d_model]",1,"[[B, n_v*d_v]]","[3737, 3738]",25,linear_attn,in_proj_z,2,model.layers.25.linear_attn.in_proj_z,aten.mm.default,[model.layers.25.linear_attn.in_proj_z.weight],decode,False
3740,linear_attn,in_proj_z,_unsafe_view,"[[B, n_v*d_v]]",,,"[[B, 1, n_v*d_v]]",[3739],25,linear_attn,in_proj_z,2,model.layers.25.linear_attn.in_proj_z,aten._unsafe_view.default,[],decode,True
3741,linear_attn,,view,"[[B, 1, n_v*d_v]]",,,"[[B, 1, n_h_lin_v, d_head_lin_v]]",[3740],25,linear_attn,,1,model.layers.25.linear_attn,aten.view.default,[],decode,True
3742,linear_attn,in_proj_b,t,"[[n_h_lin_v, d_model]]","[n_h_lin_v, d_model]",0,"[[d_model, n_h_lin_v]]",[],25,linear_attn,in_proj_b,2,model.layers.25.linear_attn.in_proj_b,aten.t.default,[model.layers.25.linear_attn.in_proj_b.weight],decode,True
3743,linear_attn,in_proj_b,view,"[[B, 1, d_model]]",,,"[[B, d_model]]",[3731],25,linear_attn,in_proj_b,2,model.layers.25.linear_attn.in_proj_b,aten.view.default,[],decode,True
3744,linear_attn,in_proj_b,matmul,"[[B, d_model], [d_model, n_h_lin_v]]","[n_h_lin_v, d_model]",1,"[[B, n_h_lin_v]]","[3742, 3743]",25,linear_attn,in_proj_b,2,model.layers.25.linear_attn.in_proj_b,aten.mm.default,[model.layers.25.linear_attn.in_proj_b.weight],decode,False
3745,linear_attn,in_proj_b,_unsafe_view,"[[B, n_h_lin_v]]",,,"[[B, 1, n_h_lin_v]]",[3744],25,linear_attn,in_proj_b,2,model.layers.25.linear_attn.in_proj_b,aten._unsafe_view.default,[],decode,True
3746,linear_attn,in_proj_a,t,"[[n_h_lin_v, d_model]]","[n_h_lin_v, d_model]",0,"[[d_model, n_h_lin_v]]",[],25,linear_attn,in_proj_a,2,model.layers.25.linear_attn.in_proj_a,aten.t.default,[model.layers.25.linear_attn.in_proj_a.weight],decode,True
3747,linear_attn,in_proj_a,view,"[[B, 1, d_model]]",,,"[[B, d_model]]",[3731],25,linear_attn,in_proj_a,2,model.layers.25.linear_attn.in_proj_a,aten.view.default,[],decode,True
3748,linear_attn,in_proj_a,matmul,"[[B, d_model], [d_model, n_h_lin_v]]","[n_h_lin_v, d_model]",1,"[[B, n_h_lin_v]]","[3746, 3747]",25,linear_attn,in_proj_a,2,model.layers.25.linear_attn.in_proj_a,aten.mm.default,[model.layers.25.linear_attn.in_proj_a.weight],decode,False
3749,linear_attn,in_proj_a,_unsafe_view,"[[B, n_h_lin_v]]",,,"[[B, 1, n_h_lin_v]]",[3748],25,linear_attn,in_proj_a,2,model.layers.25.linear_attn.in_proj_a,aten._unsafe_view.default,[],decode,True
3750,linear_attn,,squeeze,"[[2*d_k_lin+d_v_lin, 1, d_conv_lin]]","[2*d_k_lin+d_v_lin, 1, d_conv_lin]",0,"[[2*d_k_lin+d_v_lin, d_conv_lin]]",[],25,linear_attn,,1,model.layers.25.linear_attn,aten.squeeze.dim,[model.layers.25.linear_attn.conv1d.weight],decode,True
3751,linear_attn,,concat,"[[B, 2*d_k_lin+d_v_lin, d_conv_lin], [B, 2*d_k_lin+d_v_lin, 1]]",,,"[[B, 2*d_k_lin+d_v_lin, 5]]",[3736],25,linear_attn,,1,model.layers.25.linear_attn,aten.cat.default,[],decode,False
3752,linear_attn,,slice,"[[B, 2*d_k_lin+d_v_lin, 5]]",,,"[[B, 2*d_k_lin+d_v_lin, d_conv_lin]]",[3751],25,linear_attn,,1,model.layers.25.linear_attn,aten.slice.Tensor,[],decode,True
3753,linear_attn,,copy_,"[[B, 2*d_k_lin+d_v_lin, d_conv_lin], [B, 2*d_k_lin+d_v_lin, d_conv_lin]]",,,"[[B, 2*d_k_lin+d_v_lin, d_conv_lin]]",[3752],25,linear_attn,,1,model.layers.25.linear_attn,aten.copy_.default,[],decode,True
3754,linear_attn,,unsqueeze,"[[2*d_k_lin+d_v_lin, d_conv_lin]]",,,"[[2*d_k_lin+d_v_lin, 1, d_conv_lin]]",[3750],25,linear_attn,,1,model.layers.25.linear_attn,aten.unsqueeze.default,[],decode,True
3755,linear_attn,,conv1d,"[[B, 2*d_k_lin+d_v_lin, 5], [2*d_k_lin+d_v_lin, 1, d_conv_lin]]",,,"[[B, 2*d_k_lin+d_v_lin, 2]]","[3751, 3754]",25,linear_attn,,1,model.layers.25.linear_attn,aten.convolution.default,[],decode,False
3756,linear_attn,,slice,"[[B, 2*d_k_lin+d_v_lin, 2]]",,,"[[B, 2*d_k_lin+d_v_lin, 1]]",[3755],25,linear_attn,,1,model.layers.25.linear_attn,aten.slice.Tensor,[],decode,True
3757,linear_attn,,silu,"[[B, 2*d_k_lin+d_v_lin, 1]]",,,"[[B, 2*d_k_lin+d_v_lin, 1]]",[3756],25,linear_attn,,1,model.layers.25.linear_attn,aten.silu.default,[],decode,False
3758,linear_attn,,transpose,"[[B, 2*d_k_lin+d_v_lin, 1]]",,,"[[B, 1, 2*d_k_lin+d_v_lin]]",[3757],25,linear_attn,,1,model.layers.25.linear_attn,aten.transpose.int,[],decode,True
3759,linear_attn,,split_with_sizes,"[[B, 1, 2*d_k_lin+d_v_lin]]",,,"[[B, 1, n_k*d_k], [B, 1, n_k*d_k], [B, 1, n_v*d_v]]",[3758],25,linear_attn,,1,model.layers.25.linear_attn,aten.split_with_sizes.default,[],decode,True
3760,linear_attn,,view,"[[B, 1, n_k*d_k]]",,,"[[B, 1, n_h_lin_k, d_head_lin_k]]",[3759],25,linear_attn,,1,model.layers.25.linear_attn,aten.view.default,[],decode,True
3761,linear_attn,,view,"[[B, 1, n_k*d_k]]",,,"[[B, 1, n_h_lin_k, d_head_lin_k]]",[3759],25,linear_attn,,1,model.layers.25.linear_attn,aten.view.default,[],decode,True
3762,linear_attn,,view,"[[B, 1, n_v*d_v]]",,,"[[B, 1, n_h_lin_v, d_head_lin_v]]",[3759],25,linear_attn,,1,model.layers.25.linear_attn,aten.view.default,[],decode,True
3763,linear_attn,,sigmoid,"[[B, 1, n_h_lin_v]]",,,"[[B, 1, n_h_lin_v]]",[3745],25,linear_attn,,1,model.layers.25.linear_attn,aten.sigmoid.default,[],decode,False
3764,linear_attn,,_to_copy,[[n_h_lin_v]],,,[[n_h_lin_v]],[],25,linear_attn,,1,model.layers.25.linear_attn,aten._to_copy.default,[model.layers.25.linear_attn.A_log],decode,True
3765,linear_attn,,exp,[[n_h_lin_v]],,,[[n_h_lin_v]],[3764],25,linear_attn,,1,model.layers.25.linear_attn,aten.exp.default,[model.layers.25.linear_attn.A_log],decode,False
3766,linear_attn,,neg,[[n_h_lin_v]],,,[[n_h_lin_v]],[3765],25,linear_attn,,1,model.layers.25.linear_attn,aten.neg.default,[],decode,False
3767,linear_attn,,_to_copy,"[[B, 1, n_h_lin_v]]",,,"[[B, 1, n_h_lin_v]]",[3749],25,linear_attn,,1,model.layers.25.linear_attn,aten._to_copy.default,[],decode,True
3768,linear_attn,,elementwise_add,"[[B, 1, n_h_lin_v], [n_h_lin_v]]",,,"[[B, 1, n_h_lin_v]]",[3767],25,linear_attn,,1,model.layers.25.linear_attn,aten.add.Tensor,[model.layers.25.linear_attn.dt_bias],decode,False
3769,linear_attn,,softplus,"[[B, 1, n_h_lin_v]]",,,"[[B, 1, n_h_lin_v]]",[3768],25,linear_attn,,1,model.layers.25.linear_attn,aten.softplus.default,[],decode,True
3770,linear_attn,,elementwise_mul,"[[n_h_lin_v], [B, 1, n_h_lin_v]]",,,"[[B, 1, n_h_lin_v]]","[3766, 3769]",25,linear_attn,,1,model.layers.25.linear_attn,aten.mul.Tensor,[],decode,False
3771,linear_attn,,unsqueeze,"[[B, 1, n_h_lin_k, d_head_lin_k]]",,,"[[B, 1, n_h_lin_k, 1, d_head_lin_k]]",[3760],25,linear_attn,,1,model.layers.25.linear_attn,aten.unsqueeze.default,[],decode,True
3772,linear_attn,,expand,"[[B, 1, n_h_lin_k, 1, d_head_lin_k]]",,,"[[B, 1, n_h_lin_k, n_v/n_k, d_head_lin_k]]",[3771],25,linear_attn,,1,model.layers.25.linear_attn,aten.expand.default,[],decode,True
3773,linear_attn,,clone,"[[B, 1, n_h_lin_k, n_v/n_k, d_head_lin_k]]",,,"[[B, 1, n_h_lin_k, n_v/n_k, d_head_lin_k]]",[3772],25,linear_attn,,1,model.layers.25.linear_attn,aten.clone.default,[],decode,True
3774,linear_attn,,view,"[[B, 1, n_h_lin_k, n_v/n_k, d_head_lin_k]]",,,"[[B, 1, n_h_lin_v, d_head_lin_k]]",[3773],25,linear_attn,,1,model.layers.25.linear_attn,aten.view.default,[],decode,True
3775,linear_attn,,unsqueeze,"[[B, 1, n_h_lin_k, d_head_lin_k]]",,,"[[B, 1, n_h_lin_k, 1, d_head_lin_k]]",[3761],25,linear_attn,,1,model.layers.25.linear_attn,aten.unsqueeze.default,[],decode,True
3776,linear_attn,,expand,"[[B, 1, n_h_lin_k, 1, d_head_lin_k]]",,,"[[B, 1, n_h_lin_k, n_v/n_k, d_head_lin_k]]",[3775],25,linear_attn,,1,model.layers.25.linear_attn,aten.expand.default,[],decode,True
3777,linear_attn,,clone,"[[B, 1, n_h_lin_k, n_v/n_k, d_head_lin_k]]",,,"[[B, 1, n_h_lin_k, n_v/n_k, d_head_lin_k]]",[3776],25,linear_attn,,1,model.layers.25.linear_attn,aten.clone.default,[],decode,True
3778,linear_attn,,view,"[[B, 1, n_h_lin_k, n_v/n_k, d_head_lin_k]]",,,"[[B, 1, n_h_lin_v, d_head_lin_k]]",[3777],25,linear_attn,,1,model.layers.25.linear_attn,aten.view.default,[],decode,True
3779,linear_attn,,elementwise_mul,"[[B, 1, n_h_lin_v, d_head_lin_k], [B, 1, n_h_lin_v, d_head_lin_k]]",,,"[[B, 1, n_h_lin_v, d_head_lin_k]]",[3774],25,linear_attn,,1,model.layers.25.linear_attn,aten.mul.Tensor,[],decode,False
3780,linear_attn,,sum,"[[B, 1, n_h_lin_v, d_head_lin_k]]",,,"[[B, 1, n_h_lin_v, 1]]",[3779],25,linear_attn,,1,model.layers.25.linear_attn,aten.sum.dim_IntList,[],decode,True
3781,linear_attn,,elementwise_add,"[[B, 1, n_h_lin_v, 1]]",,,"[[B, 1, n_h_lin_v, 1]]",[3780],25,linear_attn,,1,model.layers.25.linear_attn,aten.add.Tensor,[],decode,False
3782,linear_attn,,rsqrt,"[[B, 1, n_h_lin_v, 1]]",,,"[[B, 1, n_h_lin_v, 1]]",[3781],25,linear_attn,,1,model.layers.25.linear_attn,aten.rsqrt.default,[],decode,False
3783,linear_attn,,elementwise_mul,"[[B, 1, n_h_lin_v, d_head_lin_k], [B, 1, n_h_lin_v, 1]]",,,"[[B, 1, n_h_lin_v, d_head_lin_k]]","[3774, 3782]",25,linear_attn,,1,model.layers.25.linear_attn,aten.mul.Tensor,[],decode,False
3784,linear_attn,,elementwise_mul,"[[B, 1, n_h_lin_v, d_head_lin_k], [B, 1, n_h_lin_v, d_head_lin_k]]",,,"[[B, 1, n_h_lin_v, d_head_lin_k]]",[3778],25,linear_attn,,1,model.layers.25.linear_attn,aten.mul.Tensor,[],decode,False
3785,linear_attn,,sum,"[[B, 1, n_h_lin_v, d_head_lin_k]]",,,"[[B, 1, n_h_lin_v, 1]]",[3784],25,linear_attn,,1,model.layers.25.linear_attn,aten.sum.dim_IntList,[],decode,True
3786,linear_attn,,elementwise_add,"[[B, 1, n_h_lin_v, 1]]",,,"[[B, 1, n_h_lin_v, 1]]",[3785],25,linear_attn,,1,model.layers.25.linear_attn,aten.add.Tensor,[],decode,False
3787,linear_attn,,rsqrt,"[[B, 1, n_h_lin_v, 1]]",,,"[[B, 1, n_h_lin_v, 1]]",[3786],25,linear_attn,,1,model.layers.25.linear_attn,aten.rsqrt.default,[],decode,False
3788,linear_attn,,elementwise_mul,"[[B, 1, n_h_lin_v, d_head_lin_k], [B, 1, n_h_lin_v, 1]]",,,"[[B, 1, n_h_lin_v, d_head_lin_k]]","[3778, 3787]",25,linear_attn,,1,model.layers.25.linear_attn,aten.mul.Tensor,[],decode,False
3789,linear_attn,,transpose,"[[B, 1, n_h_lin_v, d_head_lin_k]]",,,"[[B, n_h_lin_v, 1, d_head_lin_k]]",[3783],25,linear_attn,,1,model.layers.25.linear_attn,aten.transpose.int,[],decode,True
3790,linear_attn,,_to_copy,"[[B, n_h_lin_v, 1, d_head_lin_k]]",,,"[[B, n_h_lin_v, 1, d_head_lin_k]]",[3789],25,linear_attn,,1,model.layers.25.linear_attn,aten._to_copy.default,[],decode,True
3791,linear_attn,,transpose,"[[B, 1, n_h_lin_v, d_head_lin_k]]",,,"[[B, n_h_lin_v, 1, d_head_lin_k]]",[3788],25,linear_attn,,1,model.layers.25.linear_attn,aten.transpose.int,[],decode,True
3792,linear_attn,,_to_copy,"[[B, n_h_lin_v, 1, d_head_lin_k]]",,,"[[B, n_h_lin_v, 1, d_head_lin_k]]",[3791],25,linear_attn,,1,model.layers.25.linear_attn,aten._to_copy.default,[],decode,True
3793,linear_attn,,transpose,"[[B, 1, n_h_lin_v, d_head_lin_v]]",,,"[[B, n_h_lin_v, 1, d_head_lin_v]]",[3762],25,linear_attn,,1,model.layers.25.linear_attn,aten.transpose.int,[],decode,True
3794,linear_attn,,_to_copy,"[[B, n_h_lin_v, 1, d_head_lin_v]]",,,"[[B, n_h_lin_v, 1, d_head_lin_v]]",[3793],25,linear_attn,,1,model.layers.25.linear_attn,aten._to_copy.default,[],decode,True
3795,linear_attn,,transpose,"[[B, 1, n_h_lin_v]]",,,"[[B, n_h_lin_v, 1]]",[3763],25,linear_attn,,1,model.layers.25.linear_attn,aten.transpose.int,[],decode,True
3796,linear_attn,,_to_copy,"[[B, n_h_lin_v, 1]]",,,"[[B, n_h_lin_v, 1]]",[3795],25,linear_attn,,1,model.layers.25.linear_attn,aten._to_copy.default,[],decode,True
3797,linear_attn,,transpose,"[[B, 1, n_h_lin_v]]",,,"[[B, n_h_lin_v, 1]]",[3770],25,linear_attn,,1,model.layers.25.linear_attn,aten.transpose.int,[],decode,True
3798,linear_attn,,elementwise_mul,"[[B, n_h_lin_v, 1, d_head_lin_k]]",,,"[[B, n_h_lin_v, 1, d_head_lin_k]]",[3790],25,linear_attn,,1,model.layers.25.linear_attn,aten.mul.Tensor,[],decode,False
3799,linear_attn,,zeros,[],,,"[[B, n_h_lin_v, 1, d_head_lin_v]]",[],25,linear_attn,,1,model.layers.25.linear_attn,aten.zeros.default,[],decode,True
3800,linear_attn,,select,"[[B, n_h_lin_v, 1, d_head_lin_k]]",,,"[[B, n_h_lin_v, d_head_lin_k]]",[3798],25,linear_attn,,1,model.layers.25.linear_attn,aten.select.int,[],decode,True
3801,linear_attn,,select,"[[B, n_h_lin_v, 1, d_head_lin_k]]",,,"[[B, n_h_lin_v, d_head_lin_k]]",[3792],25,linear_attn,,1,model.layers.25.linear_attn,aten.select.int,[],decode,True
3802,linear_attn,,select,"[[B, n_h_lin_v, 1, d_head_lin_v]]",,,"[[B, n_h_lin_v, d_head_lin_v]]",[3794],25,linear_attn,,1,model.layers.25.linear_attn,aten.select.int,[],decode,True
3803,linear_attn,,select,"[[B, n_h_lin_v, 1]]",,,"[[B, n_h_lin_v]]",[3797],25,linear_attn,,1,model.layers.25.linear_attn,aten.select.int,[],decode,True
3804,linear_attn,,exp,"[[B, n_h_lin_v]]",,,"[[B, n_h_lin_v]]",[3803],25,linear_attn,,1,model.layers.25.linear_attn,aten.exp.default,[],decode,False
3805,linear_attn,,unsqueeze,"[[B, n_h_lin_v]]",,,"[[B, n_h_lin_v, 1]]",[3804],25,linear_attn,,1,model.layers.25.linear_attn,aten.unsqueeze.default,[],decode,True
3806,linear_attn,,unsqueeze,"[[B, n_h_lin_v, 1]]",,,"[[B, n_h_lin_v, 1, 1]]",[3805],25,linear_attn,,1,model.layers.25.linear_attn,aten.unsqueeze.default,[],decode,True
3807,linear_attn,,select,"[[B, n_h_lin_v, 1]]",,,"[[B, n_h_lin_v]]",[3796],25,linear_attn,,1,model.layers.25.linear_attn,aten.select.int,[],decode,True
3808,linear_attn,,unsqueeze,"[[B, n_h_lin_v]]",,,"[[B, n_h_lin_v, 1]]",[3807],25,linear_attn,,1,model.layers.25.linear_attn,aten.unsqueeze.default,[],decode,True
3809,linear_attn,,elementwise_mul,"[[B, n_h_lin_v, d_head_lin_k, d_head_lin_v], [B, n_h_lin_v, 1, 1]]",,,"[[B, n_h_lin_v, d_head_lin_k, d_head_lin_v]]",[3806],25,linear_attn,,1,model.layers.25.linear_attn,aten.mul.Tensor,[],decode,False
3810,linear_attn,,unsqueeze,"[[B, n_h_lin_v, d_head_lin_k]]",,,"[[B, n_h_lin_v, d_head_lin_k, 1]]",[3801],25,linear_attn,,1,model.layers.25.linear_attn,aten.unsqueeze.default,[],decode,True
3811,linear_attn,,elementwise_mul,"[[B, n_h_lin_v, d_head_lin_k, d_head_lin_v], [B, n_h_lin_v, d_head_lin_k, 1]]",,,"[[B, n_h_lin_v, d_head_lin_k, d_head_lin_v]]","[3809, 3810]",25,linear_attn,,1,model.layers.25.linear_attn,aten.mul.Tensor,[],decode,False
3812,linear_attn,,sum,"[[B, n_h_lin_v, d_head_lin_k, d_head_lin_v]]",,,"[[B, n_h_lin_v, d_head_lin_v]]",[3811],25,linear_attn,,1,model.layers.25.linear_attn,aten.sum.dim_IntList,[],decode,True
3813,linear_attn,,sub,"[[B, n_h_lin_v, d_head_lin_v], [B, n_h_lin_v, d_head_lin_v]]",,,"[[B, n_h_lin_v, d_head_lin_v]]","[3802, 3812]",25,linear_attn,,1,model.layers.25.linear_attn,aten.sub.Tensor,[],decode,True
3814,linear_attn,,elementwise_mul,"[[B, n_h_lin_v, d_head_lin_v], [B, n_h_lin_v, 1]]",,,"[[B, n_h_lin_v, d_head_lin_v]]","[3808, 3813]",25,linear_attn,,1,model.layers.25.linear_attn,aten.mul.Tensor,[],decode,False
3815,linear_attn,,unsqueeze,"[[B, n_h_lin_v, d_head_lin_k]]",,,"[[B, n_h_lin_v, d_head_lin_k, 1]]",[3801],25,linear_attn,,1,model.layers.25.linear_attn,aten.unsqueeze.default,[],decode,True
3816,linear_attn,,unsqueeze,"[[B, n_h_lin_v, d_head_lin_v]]",,,"[[B, n_h_lin_v, 1, d_head_lin_v]]",[3814],25,linear_attn,,1,model.layers.25.linear_attn,aten.unsqueeze.default,[],decode,True
3817,linear_attn,,elementwise_mul,"[[B, n_h_lin_v, d_head_lin_k, 1], [B, n_h_lin_v, 1, d_head_lin_v]]",,,"[[B, n_h_lin_v, d_head_lin_k, d_head_lin_v]]","[3815, 3816]",25,linear_attn,,1,model.layers.25.linear_attn,aten.mul.Tensor,[],decode,False
3818,linear_attn,,elementwise_add,"[[B, n_h_lin_v, d_head_lin_k, d_head_lin_v], [B, n_h_lin_v, d_head_lin_k, d_head_lin_v]]",,,"[[B, n_h_lin_v, d_head_lin_k, d_head_lin_v]]","[3809, 3817]",25,linear_attn,,1,model.layers.25.linear_attn,aten.add.Tensor,[],decode,False
3819,linear_attn,,unsqueeze,"[[B, n_h_lin_v, d_head_lin_k]]",,,"[[B, n_h_lin_v, d_head_lin_k, 1]]",[3800],25,linear_attn,,1,model.layers.25.linear_attn,aten.unsqueeze.default,[],decode,True
3820,linear_attn,,elementwise_mul,"[[B, n_h_lin_v, d_head_lin_k, d_head_lin_v], [B, n_h_lin_v, d_head_lin_k, 1]]",,,"[[B, n_h_lin_v, d_head_lin_k, d_head_lin_v]]","[3818, 3819]",25,linear_attn,,1,model.layers.25.linear_attn,aten.mul.Tensor,[],decode,False
3821,linear_attn,,sum,"[[B, n_h_lin_v, d_head_lin_k, d_head_lin_v]]",,,"[[B, n_h_lin_v, d_head_lin_v]]",[3820],25,linear_attn,,1,model.layers.25.linear_attn,aten.sum.dim_IntList,[],decode,True
3822,linear_attn,,select,"[[B, n_h_lin_v, 1, d_head_lin_v]]",,,"[[B, n_h_lin_v, d_head_lin_v]]",[3799],25,linear_attn,,1,model.layers.25.linear_attn,aten.select.int,[],decode,True
3823,linear_attn,,copy_,"[[B, n_h_lin_v, d_head_lin_v], [B, n_h_lin_v, d_head_lin_v]]",,,"[[B, n_h_lin_v, d_head_lin_v]]","[3821, 3822]",25,linear_attn,,1,model.layers.25.linear_attn,aten.copy_.default,[],decode,True
3824,linear_attn,,transpose,"[[B, n_h_lin_v, 1, d_head_lin_v]]",,,"[[B, 1, n_h_lin_v, d_head_lin_v]]",[3799],25,linear_attn,,1,model.layers.25.linear_attn,aten.transpose.int,[],decode,True
3825,linear_attn,,_to_copy,"[[B, 1, n_h_lin_v, d_head_lin_v]]",,,"[[B, 1, n_h_lin_v, d_head_lin_v]]",[3824],25,linear_attn,,1,model.layers.25.linear_attn,aten._to_copy.default,[],decode,True
3826,linear_attn,,copy_,"[[B, n_h_lin_v, d_head_lin_k, d_head_lin_v], [B, n_h_lin_v, d_head_lin_k, d_head_lin_v]]",,,"[[B, n_h_lin_v, d_head_lin_k, d_head_lin_v]]",[3818],25,linear_attn,,1,model.layers.25.linear_attn,aten.copy_.default,[],decode,True
3827,linear_attn,,view,"[[B, 1, n_h_lin_v, d_head_lin_v]]",,,"[[n_h_lin_v, d_head_lin_v]]",[3825],25,linear_attn,,1,model.layers.25.linear_attn,aten.view.default,[],decode,True
3828,linear_attn,,view,"[[B, 1, n_h_lin_v, d_head_lin_v]]",,,"[[n_h_lin_v, d_head_lin_v]]",[3741],25,linear_attn,,1,model.layers.25.linear_attn,aten.view.default,[],decode,True
3829,linear_attn,norm,_to_copy,"[[n_h_lin_v, d_head_lin_v]]",,,"[[n_h_lin_v, d_head_lin_v]]",[3827],25,linear_attn,norm,2,model.layers.25.linear_attn.norm,aten._to_copy.default,[],decode,True
3830,linear_attn,norm,pow,"[[n_h_lin_v, d_head_lin_v]]",,,"[[n_h_lin_v, d_head_lin_v]]",[3829],25,linear_attn,norm,2,model.layers.25.linear_attn.norm,aten.pow.Tensor_Scalar,[],decode,False
3831,linear_attn,norm,mean,"[[n_h_lin_v, d_head_lin_v]]",,,"[[n_h_lin_v, B]]",[3830],25,linear_attn,norm,2,model.layers.25.linear_attn.norm,aten.mean.dim,[],decode,False
3832,linear_attn,norm,elementwise_add,"[[n_h_lin_v, B]]",,,"[[n_h_lin_v, B]]",[3831],25,linear_attn,norm,2,model.layers.25.linear_attn.norm,aten.add.Tensor,[],decode,False
3833,linear_attn,norm,rsqrt,"[[n_h_lin_v, B]]",,,"[[n_h_lin_v, B]]",[3832],25,linear_attn,norm,2,model.layers.25.linear_attn.norm,aten.rsqrt.default,[],decode,False
3834,linear_attn,norm,elementwise_mul,"[[n_h_lin_v, d_head_lin_v], [n_h_lin_v, B]]",,,"[[n_h_lin_v, d_head_lin_v]]","[3829, 3833]",25,linear_attn,norm,2,model.layers.25.linear_attn.norm,aten.mul.Tensor,[],decode,False
3835,linear_attn,norm,_to_copy,"[[n_h_lin_v, d_head_lin_v]]",,,"[[n_h_lin_v, d_head_lin_v]]",[3834],25,linear_attn,norm,2,model.layers.25.linear_attn.norm,aten._to_copy.default,[],decode,True
3836,linear_attn,norm,elementwise_mul,"[[d_head_lin_v], [n_h_lin_v, d_head_lin_v]]",,,"[[n_h_lin_v, d_head_lin_v]]",[3835],25,linear_attn,norm,2,model.layers.25.linear_attn.norm,aten.mul.Tensor,[model.layers.25.linear_attn.norm.weight],decode,False
3837,linear_attn,norm,_to_copy,"[[n_h_lin_v, d_head_lin_v]]",,,"[[n_h_lin_v, d_head_lin_v]]",[3828],25,linear_attn,norm,2,model.layers.25.linear_attn.norm,aten._to_copy.default,[],decode,True
3838,linear_attn,norm,silu,"[[n_h_lin_v, d_head_lin_v]]",,,"[[n_h_lin_v, d_head_lin_v]]",[3837],25,linear_attn,norm,2,model.layers.25.linear_attn.norm,aten.silu.default,[],decode,False
3839,linear_attn,norm,elementwise_mul,"[[n_h_lin_v, d_head_lin_v], [n_h_lin_v, d_head_lin_v]]",,,"[[n_h_lin_v, d_head_lin_v]]","[3836, 3838]",25,linear_attn,norm,2,model.layers.25.linear_attn.norm,aten.mul.Tensor,[],decode,False
3840,linear_attn,norm,_to_copy,"[[n_h_lin_v, d_head_lin_v]]",,,"[[n_h_lin_v, d_head_lin_v]]",[3839],25,linear_attn,norm,2,model.layers.25.linear_attn.norm,aten._to_copy.default,[],decode,True
3841,linear_attn,,view,"[[n_h_lin_v, d_head_lin_v]]",,,"[[B, 1, n_v*d_v]]",[3840],25,linear_attn,,1,model.layers.25.linear_attn,aten.view.default,[],decode,True
3842,linear_attn,out_proj,t,"[[d_model, n_v*d_v]]","[d_model, n_v*d_v]",0,"[[n_v*d_v, d_model]]",[],25,linear_attn,out_proj,2,model.layers.25.linear_attn.out_proj,aten.t.default,[model.layers.25.linear_attn.out_proj.weight],decode,True
3843,linear_attn,out_proj,view,"[[B, 1, n_v*d_v]]",,,"[[B, n_v*d_v]]",[3841],25,linear_attn,out_proj,2,model.layers.25.linear_attn.out_proj,aten.view.default,[],decode,True
3844,linear_attn,out_proj,matmul,"[[B, n_v*d_v], [n_v*d_v, d_model]]","[d_model, n_v*d_v]",1,"[[B, d_model]]","[3842, 3843]",25,linear_attn,out_proj,2,model.layers.25.linear_attn.out_proj,aten.mm.default,[model.layers.25.linear_attn.out_proj.weight],decode,False
3845,linear_attn,out_proj,_unsafe_view,"[[B, d_model]]",,,"[[B, 1, d_model]]",[3844],25,linear_attn,out_proj,2,model.layers.25.linear_attn.out_proj,aten._unsafe_view.default,[],decode,True
3846,,,elementwise_add,"[[B, 1, d_model], [B, 1, d_model]]",,,"[[B, 1, d_model]]","[3721, 3845]",25,,,0,model.layers.25,aten.add.Tensor,[],decode,False
3847,post_attention_layernorm,,_to_copy,"[[B, 1, d_model]]",,,"[[B, 1, d_model]]",[3846],25,post_attention_layernorm,,1,model.layers.25.post_attention_layernorm,aten._to_copy.default,[],decode,True
3848,post_attention_layernorm,,pow,"[[B, 1, d_model]]",,,"[[B, 1, d_model]]",[3847],25,post_attention_layernorm,,1,model.layers.25.post_attention_layernorm,aten.pow.Tensor_Scalar,[],decode,False
3849,post_attention_layernorm,,mean,"[[B, 1, d_model]]",,,"[[B, 1, 1]]",[3848],25,post_attention_layernorm,,1,model.layers.25.post_attention_layernorm,aten.mean.dim,[],decode,False
3850,post_attention_layernorm,,elementwise_add,"[[B, 1, 1]]",,,"[[B, 1, 1]]",[3849],25,post_attention_layernorm,,1,model.layers.25.post_attention_layernorm,aten.add.Tensor,[],decode,False
3851,post_attention_layernorm,,rsqrt,"[[B, 1, 1]]",,,"[[B, 1, 1]]",[3850],25,post_attention_layernorm,,1,model.layers.25.post_attention_layernorm,aten.rsqrt.default,[],decode,False
3852,post_attention_layernorm,,elementwise_mul,"[[B, 1, d_model], [B, 1, 1]]",,,"[[B, 1, d_model]]","[3847, 3851]",25,post_attention_layernorm,,1,model.layers.25.post_attention_layernorm,aten.mul.Tensor,[],decode,False
3853,post_attention_layernorm,,_to_copy,[[d_model]],,,[[d_model]],[],25,post_attention_layernorm,,1,model.layers.25.post_attention_layernorm,aten._to_copy.default,[model.layers.25.post_attention_layernorm.weight],decode,True
3854,post_attention_layernorm,,elementwise_add,[[d_model]],,,[[d_model]],[3853],25,post_attention_layernorm,,1,model.layers.25.post_attention_layernorm,aten.add.Tensor,[model.layers.25.post_attention_layernorm.weight],decode,False
3855,post_attention_layernorm,,elementwise_mul,"[[B, 1, d_model], [d_model]]",,,"[[B, 1, d_model]]","[3852, 3854]",25,post_attention_layernorm,,1,model.layers.25.post_attention_layernorm,aten.mul.Tensor,[],decode,False
3856,post_attention_layernorm,,_to_copy,"[[B, 1, d_model]]",,,"[[B, 1, d_model]]",[3855],25,post_attention_layernorm,,1,model.layers.25.post_attention_layernorm,aten._to_copy.default,[],decode,True
3857,mlp,gate_proj,t,"[[d_ff, d_model]]","[d_ff, d_model]",0,"[[d_model, d_ff]]",[],25,mlp,gate_proj,2,model.layers.25.mlp.gate_proj,aten.t.default,[model.layers.25.mlp.gate_proj.weight],decode,True
3858,mlp,gate_proj,view,"[[B, 1, d_model]]",,,"[[B, d_model]]",[3856],25,mlp,gate_proj,2,model.layers.25.mlp.gate_proj,aten.view.default,[],decode,True
3859,mlp,gate_proj,matmul,"[[B, d_model], [d_model, d_ff]]","[d_ff, d_model]",1,"[[B, d_ff]]","[3857, 3858]",25,mlp,gate_proj,2,model.layers.25.mlp.gate_proj,aten.mm.default,[model.layers.25.mlp.gate_proj.weight],decode,False
3860,mlp,gate_proj,_unsafe_view,"[[B, d_ff]]",,,"[[B, 1, d_ff]]",[3859],25,mlp,gate_proj,2,model.layers.25.mlp.gate_proj,aten._unsafe_view.default,[],decode,True
3861,mlp,act_fn,silu,"[[B, 1, d_ff]]",,,"[[B, 1, d_ff]]",[3860],25,mlp,act_fn,2,model.layers.25.mlp.act_fn,aten.silu.default,[],decode,False
3862,mlp,up_proj,t,"[[d_ff, d_model]]","[d_ff, d_model]",0,"[[d_model, d_ff]]",[],25,mlp,up_proj,2,model.layers.25.mlp.up_proj,aten.t.default,[model.layers.25.mlp.up_proj.weight],decode,True
3863,mlp,up_proj,view,"[[B, 1, d_model]]",,,"[[B, d_model]]",[3856],25,mlp,up_proj,2,model.layers.25.mlp.up_proj,aten.view.default,[],decode,True
3864,mlp,up_proj,matmul,"[[B, d_model], [d_model, d_ff]]","[d_ff, d_model]",1,"[[B, d_ff]]","[3862, 3863]",25,mlp,up_proj,2,model.layers.25.mlp.up_proj,aten.mm.default,[model.layers.25.mlp.up_proj.weight],decode,False
3865,mlp,up_proj,_unsafe_view,"[[B, d_ff]]",,,"[[B, 1, d_ff]]",[3864],25,mlp,up_proj,2,model.layers.25.mlp.up_proj,aten._unsafe_view.default,[],decode,True
3866,mlp,,elementwise_mul,"[[B, 1, d_ff], [B, 1, d_ff]]",,,"[[B, 1, d_ff]]","[3861, 3865]",25,mlp,,1,model.layers.25.mlp,aten.mul.Tensor,[],decode,False
3867,mlp,down_proj,t,"[[d_model, d_ff]]","[d_model, d_ff]",0,"[[d_ff, d_model]]",[],25,mlp,down_proj,2,model.layers.25.mlp.down_proj,aten.t.default,[model.layers.25.mlp.down_proj.weight],decode,True
3868,mlp,down_proj,view,"[[B, 1, d_ff]]",,,"[[B, d_ff]]",[3866],25,mlp,down_proj,2,model.layers.25.mlp.down_proj,aten.view.default,[],decode,True
3869,mlp,down_proj,matmul,"[[B, d_ff], [d_ff, d_model]]","[d_model, d_ff]",1,"[[B, d_model]]","[3867, 3868]",25,mlp,down_proj,2,model.layers.25.mlp.down_proj,aten.mm.default,[model.layers.25.mlp.down_proj.weight],decode,False
3870,mlp,down_proj,_unsafe_view,"[[B, d_model]]",,,"[[B, 1, d_model]]",[3869],25,mlp,down_proj,2,model.layers.25.mlp.down_proj,aten._unsafe_view.default,[],decode,True
3871,,,elementwise_add,"[[B, 1, d_model], [B, 1, d_model]]",,,"[[B, 1, d_model]]","[3846, 3870]",25,,,0,model.layers.25,aten.add.Tensor,[],decode,False
3872,input_layernorm,,_to_copy,"[[B, 1, d_model]]",,,"[[B, 1, d_model]]",[3871],26,input_layernorm,,1,model.layers.26.input_layernorm,aten._to_copy.default,[],decode,True
3873,input_layernorm,,pow,"[[B, 1, d_model]]",,,"[[B, 1, d_model]]",[3872],26,input_layernorm,,1,model.layers.26.input_layernorm,aten.pow.Tensor_Scalar,[],decode,False
3874,input_layernorm,,mean,"[[B, 1, d_model]]",,,"[[B, 1, 1]]",[3873],26,input_layernorm,,1,model.layers.26.input_layernorm,aten.mean.dim,[],decode,False
3875,input_layernorm,,elementwise_add,"[[B, 1, 1]]",,,"[[B, 1, 1]]",[3874],26,input_layernorm,,1,model.layers.26.input_layernorm,aten.add.Tensor,[],decode,False
3876,input_layernorm,,rsqrt,"[[B, 1, 1]]",,,"[[B, 1, 1]]",[3875],26,input_layernorm,,1,model.layers.26.input_layernorm,aten.rsqrt.default,[],decode,False
3877,input_layernorm,,elementwise_mul,"[[B, 1, d_model], [B, 1, 1]]",,,"[[B, 1, d_model]]","[3872, 3876]",26,input_layernorm,,1,model.layers.26.input_layernorm,aten.mul.Tensor,[],decode,False
3878,input_layernorm,,_to_copy,[[d_model]],,,[[d_model]],[],26,input_layernorm,,1,model.layers.26.input_layernorm,aten._to_copy.default,[model.layers.26.input_layernorm.weight],decode,True
3879,input_layernorm,,elementwise_add,[[d_model]],,,[[d_model]],[3878],26,input_layernorm,,1,model.layers.26.input_layernorm,aten.add.Tensor,[model.layers.26.input_layernorm.weight],decode,False
3880,input_layernorm,,elementwise_mul,"[[B, 1, d_model], [d_model]]",,,"[[B, 1, d_model]]","[3877, 3879]",26,input_layernorm,,1,model.layers.26.input_layernorm,aten.mul.Tensor,[],decode,False
3881,input_layernorm,,_to_copy,"[[B, 1, d_model]]",,,"[[B, 1, d_model]]",[3880],26,input_layernorm,,1,model.layers.26.input_layernorm,aten._to_copy.default,[],decode,True
3882,linear_attn,in_proj_qkv,t,"[[2*d_k_lin+d_v_lin, d_model]]","[2*d_k_lin+d_v_lin, d_model]",0,"[[d_model, 2*d_k_lin+d_v_lin]]",[],26,linear_attn,in_proj_qkv,2,model.layers.26.linear_attn.in_proj_qkv,aten.t.default,[model.layers.26.linear_attn.in_proj_qkv.weight],decode,True
3883,linear_attn,in_proj_qkv,view,"[[B, 1, d_model]]",,,"[[B, d_model]]",[3881],26,linear_attn,in_proj_qkv,2,model.layers.26.linear_attn.in_proj_qkv,aten.view.default,[],decode,True
3884,linear_attn,in_proj_qkv,matmul,"[[B, d_model], [d_model, 2*d_k_lin+d_v_lin]]","[2*d_k_lin+d_v_lin, d_model]",1,"[[B, 2*d_k_lin+d_v_lin]]","[3882, 3883]",26,linear_attn,in_proj_qkv,2,model.layers.26.linear_attn.in_proj_qkv,aten.mm.default,[model.layers.26.linear_attn.in_proj_qkv.weight],decode,False
3885,linear_attn,in_proj_qkv,_unsafe_view,"[[B, 2*d_k_lin+d_v_lin]]",,,"[[B, 1, 2*d_k_lin+d_v_lin]]",[3884],26,linear_attn,in_proj_qkv,2,model.layers.26.linear_attn.in_proj_qkv,aten._unsafe_view.default,[],decode,True
3886,linear_attn,,transpose,"[[B, 1, 2*d_k_lin+d_v_lin]]",,,"[[B, 2*d_k_lin+d_v_lin, 1]]",[3885],26,linear_attn,,1,model.layers.26.linear_attn,aten.transpose.int,[],decode,True
3887,linear_attn,in_proj_z,t,"[[n_v*d_v, d_model]]","[n_v*d_v, d_model]",0,"[[d_model, n_v*d_v]]",[],26,linear_attn,in_proj_z,2,model.layers.26.linear_attn.in_proj_z,aten.t.default,[model.layers.26.linear_attn.in_proj_z.weight],decode,True
3888,linear_attn,in_proj_z,view,"[[B, 1, d_model]]",,,"[[B, d_model]]",[3881],26,linear_attn,in_proj_z,2,model.layers.26.linear_attn.in_proj_z,aten.view.default,[],decode,True
3889,linear_attn,in_proj_z,matmul,"[[B, d_model], [d_model, n_v*d_v]]","[n_v*d_v, d_model]",1,"[[B, n_v*d_v]]","[3887, 3888]",26,linear_attn,in_proj_z,2,model.layers.26.linear_attn.in_proj_z,aten.mm.default,[model.layers.26.linear_attn.in_proj_z.weight],decode,False
3890,linear_attn,in_proj_z,_unsafe_view,"[[B, n_v*d_v]]",,,"[[B, 1, n_v*d_v]]",[3889],26,linear_attn,in_proj_z,2,model.layers.26.linear_attn.in_proj_z,aten._unsafe_view.default,[],decode,True
3891,linear_attn,,view,"[[B, 1, n_v*d_v]]",,,"[[B, 1, n_h_lin_v, d_head_lin_v]]",[3890],26,linear_attn,,1,model.layers.26.linear_attn,aten.view.default,[],decode,True
3892,linear_attn,in_proj_b,t,"[[n_h_lin_v, d_model]]","[n_h_lin_v, d_model]",0,"[[d_model, n_h_lin_v]]",[],26,linear_attn,in_proj_b,2,model.layers.26.linear_attn.in_proj_b,aten.t.default,[model.layers.26.linear_attn.in_proj_b.weight],decode,True
3893,linear_attn,in_proj_b,view,"[[B, 1, d_model]]",,,"[[B, d_model]]",[3881],26,linear_attn,in_proj_b,2,model.layers.26.linear_attn.in_proj_b,aten.view.default,[],decode,True
3894,linear_attn,in_proj_b,matmul,"[[B, d_model], [d_model, n_h_lin_v]]","[n_h_lin_v, d_model]",1,"[[B, n_h_lin_v]]","[3892, 3893]",26,linear_attn,in_proj_b,2,model.layers.26.linear_attn.in_proj_b,aten.mm.default,[model.layers.26.linear_attn.in_proj_b.weight],decode,False
3895,linear_attn,in_proj_b,_unsafe_view,"[[B, n_h_lin_v]]",,,"[[B, 1, n_h_lin_v]]",[3894],26,linear_attn,in_proj_b,2,model.layers.26.linear_attn.in_proj_b,aten._unsafe_view.default,[],decode,True
3896,linear_attn,in_proj_a,t,"[[n_h_lin_v, d_model]]","[n_h_lin_v, d_model]",0,"[[d_model, n_h_lin_v]]",[],26,linear_attn,in_proj_a,2,model.layers.26.linear_attn.in_proj_a,aten.t.default,[model.layers.26.linear_attn.in_proj_a.weight],decode,True
3897,linear_attn,in_proj_a,view,"[[B, 1, d_model]]",,,"[[B, d_model]]",[3881],26,linear_attn,in_proj_a,2,model.layers.26.linear_attn.in_proj_a,aten.view.default,[],decode,True
3898,linear_attn,in_proj_a,matmul,"[[B, d_model], [d_model, n_h_lin_v]]","[n_h_lin_v, d_model]",1,"[[B, n_h_lin_v]]","[3896, 3897]",26,linear_attn,in_proj_a,2,model.layers.26.linear_attn.in_proj_a,aten.mm.default,[model.layers.26.linear_attn.in_proj_a.weight],decode,False
3899,linear_attn,in_proj_a,_unsafe_view,"[[B, n_h_lin_v]]",,,"[[B, 1, n_h_lin_v]]",[3898],26,linear_attn,in_proj_a,2,model.layers.26.linear_attn.in_proj_a,aten._unsafe_view.default,[],decode,True
3900,linear_attn,,squeeze,"[[2*d_k_lin+d_v_lin, 1, d_conv_lin]]","[2*d_k_lin+d_v_lin, 1, d_conv_lin]",0,"[[2*d_k_lin+d_v_lin, d_conv_lin]]",[],26,linear_attn,,1,model.layers.26.linear_attn,aten.squeeze.dim,[model.layers.26.linear_attn.conv1d.weight],decode,True
3901,linear_attn,,concat,"[[B, 2*d_k_lin+d_v_lin, d_conv_lin], [B, 2*d_k_lin+d_v_lin, 1]]",,,"[[B, 2*d_k_lin+d_v_lin, 5]]",[3886],26,linear_attn,,1,model.layers.26.linear_attn,aten.cat.default,[],decode,False
3902,linear_attn,,slice,"[[B, 2*d_k_lin+d_v_lin, 5]]",,,"[[B, 2*d_k_lin+d_v_lin, d_conv_lin]]",[3901],26,linear_attn,,1,model.layers.26.linear_attn,aten.slice.Tensor,[],decode,True
3903,linear_attn,,copy_,"[[B, 2*d_k_lin+d_v_lin, d_conv_lin], [B, 2*d_k_lin+d_v_lin, d_conv_lin]]",,,"[[B, 2*d_k_lin+d_v_lin, d_conv_lin]]",[3902],26,linear_attn,,1,model.layers.26.linear_attn,aten.copy_.default,[],decode,True
3904,linear_attn,,unsqueeze,"[[2*d_k_lin+d_v_lin, d_conv_lin]]",,,"[[2*d_k_lin+d_v_lin, 1, d_conv_lin]]",[3900],26,linear_attn,,1,model.layers.26.linear_attn,aten.unsqueeze.default,[],decode,True
3905,linear_attn,,conv1d,"[[B, 2*d_k_lin+d_v_lin, 5], [2*d_k_lin+d_v_lin, 1, d_conv_lin]]",,,"[[B, 2*d_k_lin+d_v_lin, 2]]","[3901, 3904]",26,linear_attn,,1,model.layers.26.linear_attn,aten.convolution.default,[],decode,False
3906,linear_attn,,slice,"[[B, 2*d_k_lin+d_v_lin, 2]]",,,"[[B, 2*d_k_lin+d_v_lin, 1]]",[3905],26,linear_attn,,1,model.layers.26.linear_attn,aten.slice.Tensor,[],decode,True
3907,linear_attn,,silu,"[[B, 2*d_k_lin+d_v_lin, 1]]",,,"[[B, 2*d_k_lin+d_v_lin, 1]]",[3906],26,linear_attn,,1,model.layers.26.linear_attn,aten.silu.default,[],decode,False
3908,linear_attn,,transpose,"[[B, 2*d_k_lin+d_v_lin, 1]]",,,"[[B, 1, 2*d_k_lin+d_v_lin]]",[3907],26,linear_attn,,1,model.layers.26.linear_attn,aten.transpose.int,[],decode,True
3909,linear_attn,,split_with_sizes,"[[B, 1, 2*d_k_lin+d_v_lin]]",,,"[[B, 1, n_k*d_k], [B, 1, n_k*d_k], [B, 1, n_v*d_v]]",[3908],26,linear_attn,,1,model.layers.26.linear_attn,aten.split_with_sizes.default,[],decode,True
3910,linear_attn,,view,"[[B, 1, n_k*d_k]]",,,"[[B, 1, n_h_lin_k, d_head_lin_k]]",[3909],26,linear_attn,,1,model.layers.26.linear_attn,aten.view.default,[],decode,True
3911,linear_attn,,view,"[[B, 1, n_k*d_k]]",,,"[[B, 1, n_h_lin_k, d_head_lin_k]]",[3909],26,linear_attn,,1,model.layers.26.linear_attn,aten.view.default,[],decode,True
3912,linear_attn,,view,"[[B, 1, n_v*d_v]]",,,"[[B, 1, n_h_lin_v, d_head_lin_v]]",[3909],26,linear_attn,,1,model.layers.26.linear_attn,aten.view.default,[],decode,True
3913,linear_attn,,sigmoid,"[[B, 1, n_h_lin_v]]",,,"[[B, 1, n_h_lin_v]]",[3895],26,linear_attn,,1,model.layers.26.linear_attn,aten.sigmoid.default,[],decode,False
3914,linear_attn,,_to_copy,[[n_h_lin_v]],,,[[n_h_lin_v]],[],26,linear_attn,,1,model.layers.26.linear_attn,aten._to_copy.default,[model.layers.26.linear_attn.A_log],decode,True
3915,linear_attn,,exp,[[n_h_lin_v]],,,[[n_h_lin_v]],[3914],26,linear_attn,,1,model.layers.26.linear_attn,aten.exp.default,[model.layers.26.linear_attn.A_log],decode,False
3916,linear_attn,,neg,[[n_h_lin_v]],,,[[n_h_lin_v]],[3915],26,linear_attn,,1,model.layers.26.linear_attn,aten.neg.default,[],decode,False
3917,linear_attn,,_to_copy,"[[B, 1, n_h_lin_v]]",,,"[[B, 1, n_h_lin_v]]",[3899],26,linear_attn,,1,model.layers.26.linear_attn,aten._to_copy.default,[],decode,True
3918,linear_attn,,elementwise_add,"[[B, 1, n_h_lin_v], [n_h_lin_v]]",,,"[[B, 1, n_h_lin_v]]",[3917],26,linear_attn,,1,model.layers.26.linear_attn,aten.add.Tensor,[model.layers.26.linear_attn.dt_bias],decode,False
3919,linear_attn,,softplus,"[[B, 1, n_h_lin_v]]",,,"[[B, 1, n_h_lin_v]]",[3918],26,linear_attn,,1,model.layers.26.linear_attn,aten.softplus.default,[],decode,True
3920,linear_attn,,elementwise_mul,"[[n_h_lin_v], [B, 1, n_h_lin_v]]",,,"[[B, 1, n_h_lin_v]]","[3916, 3919]",26,linear_attn,,1,model.layers.26.linear_attn,aten.mul.Tensor,[],decode,False
3921,linear_attn,,unsqueeze,"[[B, 1, n_h_lin_k, d_head_lin_k]]",,,"[[B, 1, n_h_lin_k, 1, d_head_lin_k]]",[3910],26,linear_attn,,1,model.layers.26.linear_attn,aten.unsqueeze.default,[],decode,True
3922,linear_attn,,expand,"[[B, 1, n_h_lin_k, 1, d_head_lin_k]]",,,"[[B, 1, n_h_lin_k, n_v/n_k, d_head_lin_k]]",[3921],26,linear_attn,,1,model.layers.26.linear_attn,aten.expand.default,[],decode,True
3923,linear_attn,,clone,"[[B, 1, n_h_lin_k, n_v/n_k, d_head_lin_k]]",,,"[[B, 1, n_h_lin_k, n_v/n_k, d_head_lin_k]]",[3922],26,linear_attn,,1,model.layers.26.linear_attn,aten.clone.default,[],decode,True
3924,linear_attn,,view,"[[B, 1, n_h_lin_k, n_v/n_k, d_head_lin_k]]",,,"[[B, 1, n_h_lin_v, d_head_lin_k]]",[3923],26,linear_attn,,1,model.layers.26.linear_attn,aten.view.default,[],decode,True
3925,linear_attn,,unsqueeze,"[[B, 1, n_h_lin_k, d_head_lin_k]]",,,"[[B, 1, n_h_lin_k, 1, d_head_lin_k]]",[3911],26,linear_attn,,1,model.layers.26.linear_attn,aten.unsqueeze.default,[],decode,True
3926,linear_attn,,expand,"[[B, 1, n_h_lin_k, 1, d_head_lin_k]]",,,"[[B, 1, n_h_lin_k, n_v/n_k, d_head_lin_k]]",[3925],26,linear_attn,,1,model.layers.26.linear_attn,aten.expand.default,[],decode,True
3927,linear_attn,,clone,"[[B, 1, n_h_lin_k, n_v/n_k, d_head_lin_k]]",,,"[[B, 1, n_h_lin_k, n_v/n_k, d_head_lin_k]]",[3926],26,linear_attn,,1,model.layers.26.linear_attn,aten.clone.default,[],decode,True
3928,linear_attn,,view,"[[B, 1, n_h_lin_k, n_v/n_k, d_head_lin_k]]",,,"[[B, 1, n_h_lin_v, d_head_lin_k]]",[3927],26,linear_attn,,1,model.layers.26.linear_attn,aten.view.default,[],decode,True
3929,linear_attn,,elementwise_mul,"[[B, 1, n_h_lin_v, d_head_lin_k], [B, 1, n_h_lin_v, d_head_lin_k]]",,,"[[B, 1, n_h_lin_v, d_head_lin_k]]",[3924],26,linear_attn,,1,model.layers.26.linear_attn,aten.mul.Tensor,[],decode,False
3930,linear_attn,,sum,"[[B, 1, n_h_lin_v, d_head_lin_k]]",,,"[[B, 1, n_h_lin_v, 1]]",[3929],26,linear_attn,,1,model.layers.26.linear_attn,aten.sum.dim_IntList,[],decode,True
3931,linear_attn,,elementwise_add,"[[B, 1, n_h_lin_v, 1]]",,,"[[B, 1, n_h_lin_v, 1]]",[3930],26,linear_attn,,1,model.layers.26.linear_attn,aten.add.Tensor,[],decode,False
3932,linear_attn,,rsqrt,"[[B, 1, n_h_lin_v, 1]]",,,"[[B, 1, n_h_lin_v, 1]]",[3931],26,linear_attn,,1,model.layers.26.linear_attn,aten.rsqrt.default,[],decode,False
3933,linear_attn,,elementwise_mul,"[[B, 1, n_h_lin_v, d_head_lin_k], [B, 1, n_h_lin_v, 1]]",,,"[[B, 1, n_h_lin_v, d_head_lin_k]]","[3924, 3932]",26,linear_attn,,1,model.layers.26.linear_attn,aten.mul.Tensor,[],decode,False
3934,linear_attn,,elementwise_mul,"[[B, 1, n_h_lin_v, d_head_lin_k], [B, 1, n_h_lin_v, d_head_lin_k]]",,,"[[B, 1, n_h_lin_v, d_head_lin_k]]",[3928],26,linear_attn,,1,model.layers.26.linear_attn,aten.mul.Tensor,[],decode,False
3935,linear_attn,,sum,"[[B, 1, n_h_lin_v, d_head_lin_k]]",,,"[[B, 1, n_h_lin_v, 1]]",[3934],26,linear_attn,,1,model.layers.26.linear_attn,aten.sum.dim_IntList,[],decode,True
3936,linear_attn,,elementwise_add,"[[B, 1, n_h_lin_v, 1]]",,,"[[B, 1, n_h_lin_v, 1]]",[3935],26,linear_attn,,1,model.layers.26.linear_attn,aten.add.Tensor,[],decode,False
3937,linear_attn,,rsqrt,"[[B, 1, n_h_lin_v, 1]]",,,"[[B, 1, n_h_lin_v, 1]]",[3936],26,linear_attn,,1,model.layers.26.linear_attn,aten.rsqrt.default,[],decode,False
3938,linear_attn,,elementwise_mul,"[[B, 1, n_h_lin_v, d_head_lin_k], [B, 1, n_h_lin_v, 1]]",,,"[[B, 1, n_h_lin_v, d_head_lin_k]]","[3928, 3937]",26,linear_attn,,1,model.layers.26.linear_attn,aten.mul.Tensor,[],decode,False
3939,linear_attn,,transpose,"[[B, 1, n_h_lin_v, d_head_lin_k]]",,,"[[B, n_h_lin_v, 1, d_head_lin_k]]",[3933],26,linear_attn,,1,model.layers.26.linear_attn,aten.transpose.int,[],decode,True
3940,linear_attn,,_to_copy,"[[B, n_h_lin_v, 1, d_head_lin_k]]",,,"[[B, n_h_lin_v, 1, d_head_lin_k]]",[3939],26,linear_attn,,1,model.layers.26.linear_attn,aten._to_copy.default,[],decode,True
3941,linear_attn,,transpose,"[[B, 1, n_h_lin_v, d_head_lin_k]]",,,"[[B, n_h_lin_v, 1, d_head_lin_k]]",[3938],26,linear_attn,,1,model.layers.26.linear_attn,aten.transpose.int,[],decode,True
3942,linear_attn,,_to_copy,"[[B, n_h_lin_v, 1, d_head_lin_k]]",,,"[[B, n_h_lin_v, 1, d_head_lin_k]]",[3941],26,linear_attn,,1,model.layers.26.linear_attn,aten._to_copy.default,[],decode,True
3943,linear_attn,,transpose,"[[B, 1, n_h_lin_v, d_head_lin_v]]",,,"[[B, n_h_lin_v, 1, d_head_lin_v]]",[3912],26,linear_attn,,1,model.layers.26.linear_attn,aten.transpose.int,[],decode,True
3944,linear_attn,,_to_copy,"[[B, n_h_lin_v, 1, d_head_lin_v]]",,,"[[B, n_h_lin_v, 1, d_head_lin_v]]",[3943],26,linear_attn,,1,model.layers.26.linear_attn,aten._to_copy.default,[],decode,True
3945,linear_attn,,transpose,"[[B, 1, n_h_lin_v]]",,,"[[B, n_h_lin_v, 1]]",[3913],26,linear_attn,,1,model.layers.26.linear_attn,aten.transpose.int,[],decode,True
3946,linear_attn,,_to_copy,"[[B, n_h_lin_v, 1]]",,,"[[B, n_h_lin_v, 1]]",[3945],26,linear_attn,,1,model.layers.26.linear_attn,aten._to_copy.default,[],decode,True
3947,linear_attn,,transpose,"[[B, 1, n_h_lin_v]]",,,"[[B, n_h_lin_v, 1]]",[3920],26,linear_attn,,1,model.layers.26.linear_attn,aten.transpose.int,[],decode,True
3948,linear_attn,,elementwise_mul,"[[B, n_h_lin_v, 1, d_head_lin_k]]",,,"[[B, n_h_lin_v, 1, d_head_lin_k]]",[3940],26,linear_attn,,1,model.layers.26.linear_attn,aten.mul.Tensor,[],decode,False
3949,linear_attn,,zeros,[],,,"[[B, n_h_lin_v, 1, d_head_lin_v]]",[],26,linear_attn,,1,model.layers.26.linear_attn,aten.zeros.default,[],decode,True
3950,linear_attn,,select,"[[B, n_h_lin_v, 1, d_head_lin_k]]",,,"[[B, n_h_lin_v, d_head_lin_k]]",[3948],26,linear_attn,,1,model.layers.26.linear_attn,aten.select.int,[],decode,True
3951,linear_attn,,select,"[[B, n_h_lin_v, 1, d_head_lin_k]]",,,"[[B, n_h_lin_v, d_head_lin_k]]",[3942],26,linear_attn,,1,model.layers.26.linear_attn,aten.select.int,[],decode,True
3952,linear_attn,,select,"[[B, n_h_lin_v, 1, d_head_lin_v]]",,,"[[B, n_h_lin_v, d_head_lin_v]]",[3944],26,linear_attn,,1,model.layers.26.linear_attn,aten.select.int,[],decode,True
3953,linear_attn,,select,"[[B, n_h_lin_v, 1]]",,,"[[B, n_h_lin_v]]",[3947],26,linear_attn,,1,model.layers.26.linear_attn,aten.select.int,[],decode,True
3954,linear_attn,,exp,"[[B, n_h_lin_v]]",,,"[[B, n_h_lin_v]]",[3953],26,linear_attn,,1,model.layers.26.linear_attn,aten.exp.default,[],decode,False
3955,linear_attn,,unsqueeze,"[[B, n_h_lin_v]]",,,"[[B, n_h_lin_v, 1]]",[3954],26,linear_attn,,1,model.layers.26.linear_attn,aten.unsqueeze.default,[],decode,True
3956,linear_attn,,unsqueeze,"[[B, n_h_lin_v, 1]]",,,"[[B, n_h_lin_v, 1, 1]]",[3955],26,linear_attn,,1,model.layers.26.linear_attn,aten.unsqueeze.default,[],decode,True
3957,linear_attn,,select,"[[B, n_h_lin_v, 1]]",,,"[[B, n_h_lin_v]]",[3946],26,linear_attn,,1,model.layers.26.linear_attn,aten.select.int,[],decode,True
3958,linear_attn,,unsqueeze,"[[B, n_h_lin_v]]",,,"[[B, n_h_lin_v, 1]]",[3957],26,linear_attn,,1,model.layers.26.linear_attn,aten.unsqueeze.default,[],decode,True
3959,linear_attn,,elementwise_mul,"[[B, n_h_lin_v, d_head_lin_k, d_head_lin_v], [B, n_h_lin_v, 1, 1]]",,,"[[B, n_h_lin_v, d_head_lin_k, d_head_lin_v]]",[3956],26,linear_attn,,1,model.layers.26.linear_attn,aten.mul.Tensor,[],decode,False
3960,linear_attn,,unsqueeze,"[[B, n_h_lin_v, d_head_lin_k]]",,,"[[B, n_h_lin_v, d_head_lin_k, 1]]",[3951],26,linear_attn,,1,model.layers.26.linear_attn,aten.unsqueeze.default,[],decode,True
3961,linear_attn,,elementwise_mul,"[[B, n_h_lin_v, d_head_lin_k, d_head_lin_v], [B, n_h_lin_v, d_head_lin_k, 1]]",,,"[[B, n_h_lin_v, d_head_lin_k, d_head_lin_v]]","[3959, 3960]",26,linear_attn,,1,model.layers.26.linear_attn,aten.mul.Tensor,[],decode,False
3962,linear_attn,,sum,"[[B, n_h_lin_v, d_head_lin_k, d_head_lin_v]]",,,"[[B, n_h_lin_v, d_head_lin_v]]",[3961],26,linear_attn,,1,model.layers.26.linear_attn,aten.sum.dim_IntList,[],decode,True
3963,linear_attn,,sub,"[[B, n_h_lin_v, d_head_lin_v], [B, n_h_lin_v, d_head_lin_v]]",,,"[[B, n_h_lin_v, d_head_lin_v]]","[3952, 3962]",26,linear_attn,,1,model.layers.26.linear_attn,aten.sub.Tensor,[],decode,True
3964,linear_attn,,elementwise_mul,"[[B, n_h_lin_v, d_head_lin_v], [B, n_h_lin_v, 1]]",,,"[[B, n_h_lin_v, d_head_lin_v]]","[3958, 3963]",26,linear_attn,,1,model.layers.26.linear_attn,aten.mul.Tensor,[],decode,False
3965,linear_attn,,unsqueeze,"[[B, n_h_lin_v, d_head_lin_k]]",,,"[[B, n_h_lin_v, d_head_lin_k, 1]]",[3951],26,linear_attn,,1,model.layers.26.linear_attn,aten.unsqueeze.default,[],decode,True
3966,linear_attn,,unsqueeze,"[[B, n_h_lin_v, d_head_lin_v]]",,,"[[B, n_h_lin_v, 1, d_head_lin_v]]",[3964],26,linear_attn,,1,model.layers.26.linear_attn,aten.unsqueeze.default,[],decode,True
3967,linear_attn,,elementwise_mul,"[[B, n_h_lin_v, d_head_lin_k, 1], [B, n_h_lin_v, 1, d_head_lin_v]]",,,"[[B, n_h_lin_v, d_head_lin_k, d_head_lin_v]]","[3965, 3966]",26,linear_attn,,1,model.layers.26.linear_attn,aten.mul.Tensor,[],decode,False
3968,linear_attn,,elementwise_add,"[[B, n_h_lin_v, d_head_lin_k, d_head_lin_v], [B, n_h_lin_v, d_head_lin_k, d_head_lin_v]]",,,"[[B, n_h_lin_v, d_head_lin_k, d_head_lin_v]]","[3959, 3967]",26,linear_attn,,1,model.layers.26.linear_attn,aten.add.Tensor,[],decode,False
3969,linear_attn,,unsqueeze,"[[B, n_h_lin_v, d_head_lin_k]]",,,"[[B, n_h_lin_v, d_head_lin_k, 1]]",[3950],26,linear_attn,,1,model.layers.26.linear_attn,aten.unsqueeze.default,[],decode,True
3970,linear_attn,,elementwise_mul,"[[B, n_h_lin_v, d_head_lin_k, d_head_lin_v], [B, n_h_lin_v, d_head_lin_k, 1]]",,,"[[B, n_h_lin_v, d_head_lin_k, d_head_lin_v]]","[3968, 3969]",26,linear_attn,,1,model.layers.26.linear_attn,aten.mul.Tensor,[],decode,False
3971,linear_attn,,sum,"[[B, n_h_lin_v, d_head_lin_k, d_head_lin_v]]",,,"[[B, n_h_lin_v, d_head_lin_v]]",[3970],26,linear_attn,,1,model.layers.26.linear_attn,aten.sum.dim_IntList,[],decode,True
3972,linear_attn,,select,"[[B, n_h_lin_v, 1, d_head_lin_v]]",,,"[[B, n_h_lin_v, d_head_lin_v]]",[3949],26,linear_attn,,1,model.layers.26.linear_attn,aten.select.int,[],decode,True
3973,linear_attn,,copy_,"[[B, n_h_lin_v, d_head_lin_v], [B, n_h_lin_v, d_head_lin_v]]",,,"[[B, n_h_lin_v, d_head_lin_v]]","[3971, 3972]",26,linear_attn,,1,model.layers.26.linear_attn,aten.copy_.default,[],decode,True
3974,linear_attn,,transpose,"[[B, n_h_lin_v, 1, d_head_lin_v]]",,,"[[B, 1, n_h_lin_v, d_head_lin_v]]",[3949],26,linear_attn,,1,model.layers.26.linear_attn,aten.transpose.int,[],decode,True
3975,linear_attn,,_to_copy,"[[B, 1, n_h_lin_v, d_head_lin_v]]",,,"[[B, 1, n_h_lin_v, d_head_lin_v]]",[3974],26,linear_attn,,1,model.layers.26.linear_attn,aten._to_copy.default,[],decode,True
3976,linear_attn,,copy_,"[[B, n_h_lin_v, d_head_lin_k, d_head_lin_v], [B, n_h_lin_v, d_head_lin_k, d_head_lin_v]]",,,"[[B, n_h_lin_v, d_head_lin_k, d_head_lin_v]]",[3968],26,linear_attn,,1,model.layers.26.linear_attn,aten.copy_.default,[],decode,True
3977,linear_attn,,view,"[[B, 1, n_h_lin_v, d_head_lin_v]]",,,"[[n_h_lin_v, d_head_lin_v]]",[3975],26,linear_attn,,1,model.layers.26.linear_attn,aten.view.default,[],decode,True
3978,linear_attn,,view,"[[B, 1, n_h_lin_v, d_head_lin_v]]",,,"[[n_h_lin_v, d_head_lin_v]]",[3891],26,linear_attn,,1,model.layers.26.linear_attn,aten.view.default,[],decode,True
3979,linear_attn,norm,_to_copy,"[[n_h_lin_v, d_head_lin_v]]",,,"[[n_h_lin_v, d_head_lin_v]]",[3977],26,linear_attn,norm,2,model.layers.26.linear_attn.norm,aten._to_copy.default,[],decode,True
3980,linear_attn,norm,pow,"[[n_h_lin_v, d_head_lin_v]]",,,"[[n_h_lin_v, d_head_lin_v]]",[3979],26,linear_attn,norm,2,model.layers.26.linear_attn.norm,aten.pow.Tensor_Scalar,[],decode,False
3981,linear_attn,norm,mean,"[[n_h_lin_v, d_head_lin_v]]",,,"[[n_h_lin_v, B]]",[3980],26,linear_attn,norm,2,model.layers.26.linear_attn.norm,aten.mean.dim,[],decode,False
3982,linear_attn,norm,elementwise_add,"[[n_h_lin_v, B]]",,,"[[n_h_lin_v, B]]",[3981],26,linear_attn,norm,2,model.layers.26.linear_attn.norm,aten.add.Tensor,[],decode,False
3983,linear_attn,norm,rsqrt,"[[n_h_lin_v, B]]",,,"[[n_h_lin_v, B]]",[3982],26,linear_attn,norm,2,model.layers.26.linear_attn.norm,aten.rsqrt.default,[],decode,False
3984,linear_attn,norm,elementwise_mul,"[[n_h_lin_v, d_head_lin_v], [n_h_lin_v, B]]",,,"[[n_h_lin_v, d_head_lin_v]]","[3979, 3983]",26,linear_attn,norm,2,model.layers.26.linear_attn.norm,aten.mul.Tensor,[],decode,False
3985,linear_attn,norm,_to_copy,"[[n_h_lin_v, d_head_lin_v]]",,,"[[n_h_lin_v, d_head_lin_v]]",[3984],26,linear_attn,norm,2,model.layers.26.linear_attn.norm,aten._to_copy.default,[],decode,True
3986,linear_attn,norm,elementwise_mul,"[[d_head_lin_v], [n_h_lin_v, d_head_lin_v]]",,,"[[n_h_lin_v, d_head_lin_v]]",[3985],26,linear_attn,norm,2,model.layers.26.linear_attn.norm,aten.mul.Tensor,[model.layers.26.linear_attn.norm.weight],decode,False
3987,linear_attn,norm,_to_copy,"[[n_h_lin_v, d_head_lin_v]]",,,"[[n_h_lin_v, d_head_lin_v]]",[3978],26,linear_attn,norm,2,model.layers.26.linear_attn.norm,aten._to_copy.default,[],decode,True
3988,linear_attn,norm,silu,"[[n_h_lin_v, d_head_lin_v]]",,,"[[n_h_lin_v, d_head_lin_v]]",[3987],26,linear_attn,norm,2,model.layers.26.linear_attn.norm,aten.silu.default,[],decode,False
3989,linear_attn,norm,elementwise_mul,"[[n_h_lin_v, d_head_lin_v], [n_h_lin_v, d_head_lin_v]]",,,"[[n_h_lin_v, d_head_lin_v]]","[3986, 3988]",26,linear_attn,norm,2,model.layers.26.linear_attn.norm,aten.mul.Tensor,[],decode,False
3990,linear_attn,norm,_to_copy,"[[n_h_lin_v, d_head_lin_v]]",,,"[[n_h_lin_v, d_head_lin_v]]",[3989],26,linear_attn,norm,2,model.layers.26.linear_attn.norm,aten._to_copy.default,[],decode,True
3991,linear_attn,,view,"[[n_h_lin_v, d_head_lin_v]]",,,"[[B, 1, n_v*d_v]]",[3990],26,linear_attn,,1,model.layers.26.linear_attn,aten.view.default,[],decode,True
3992,linear_attn,out_proj,t,"[[d_model, n_v*d_v]]","[d_model, n_v*d_v]",0,"[[n_v*d_v, d_model]]",[],26,linear_attn,out_proj,2,model.layers.26.linear_attn.out_proj,aten.t.default,[model.layers.26.linear_attn.out_proj.weight],decode,True
3993,linear_attn,out_proj,view,"[[B, 1, n_v*d_v]]",,,"[[B, n_v*d_v]]",[3991],26,linear_attn,out_proj,2,model.layers.26.linear_attn.out_proj,aten.view.default,[],decode,True
3994,linear_attn,out_proj,matmul,"[[B, n_v*d_v], [n_v*d_v, d_model]]","[d_model, n_v*d_v]",1,"[[B, d_model]]","[3992, 3993]",26,linear_attn,out_proj,2,model.layers.26.linear_attn.out_proj,aten.mm.default,[model.layers.26.linear_attn.out_proj.weight],decode,False
3995,linear_attn,out_proj,_unsafe_view,"[[B, d_model]]",,,"[[B, 1, d_model]]",[3994],26,linear_attn,out_proj,2,model.layers.26.linear_attn.out_proj,aten._unsafe_view.default,[],decode,True
3996,,,elementwise_add,"[[B, 1, d_model], [B, 1, d_model]]",,,"[[B, 1, d_model]]","[3871, 3995]",26,,,0,model.layers.26,aten.add.Tensor,[],decode,False
3997,post_attention_layernorm,,_to_copy,"[[B, 1, d_model]]",,,"[[B, 1, d_model]]",[3996],26,post_attention_layernorm,,1,model.layers.26.post_attention_layernorm,aten._to_copy.default,[],decode,True
3998,post_attention_layernorm,,pow,"[[B, 1, d_model]]",,,"[[B, 1, d_model]]",[3997],26,post_attention_layernorm,,1,model.layers.26.post_attention_layernorm,aten.pow.Tensor_Scalar,[],decode,False
3999,post_attention_layernorm,,mean,"[[B, 1, d_model]]",,,"[[B, 1, 1]]",[3998],26,post_attention_layernorm,,1,model.layers.26.post_attention_layernorm,aten.mean.dim,[],decode,False
4000,post_attention_layernorm,,elementwise_add,"[[B, 1, 1]]",,,"[[B, 1, 1]]",[3999],26,post_attention_layernorm,,1,model.layers.26.post_attention_layernorm,aten.add.Tensor,[],decode,False
4001,post_attention_layernorm,,rsqrt,"[[B, 1, 1]]",,,"[[B, 1, 1]]",[4000],26,post_attention_layernorm,,1,model.layers.26.post_attention_layernorm,aten.rsqrt.default,[],decode,False
4002,post_attention_layernorm,,elementwise_mul,"[[B, 1, d_model], [B, 1, 1]]",,,"[[B, 1, d_model]]","[3997, 4001]",26,post_attention_layernorm,,1,model.layers.26.post_attention_layernorm,aten.mul.Tensor,[],decode,False
4003,post_attention_layernorm,,_to_copy,[[d_model]],,,[[d_model]],[],26,post_attention_layernorm,,1,model.layers.26.post_attention_layernorm,aten._to_copy.default,[model.layers.26.post_attention_layernorm.weight],decode,True
4004,post_attention_layernorm,,elementwise_add,[[d_model]],,,[[d_model]],[4003],26,post_attention_layernorm,,1,model.layers.26.post_attention_layernorm,aten.add.Tensor,[model.layers.26.post_attention_layernorm.weight],decode,False
4005,post_attention_layernorm,,elementwise_mul,"[[B, 1, d_model], [d_model]]",,,"[[B, 1, d_model]]","[4002, 4004]",26,post_attention_layernorm,,1,model.layers.26.post_attention_layernorm,aten.mul.Tensor,[],decode,False
4006,post_attention_layernorm,,_to_copy,"[[B, 1, d_model]]",,,"[[B, 1, d_model]]",[4005],26,post_attention_layernorm,,1,model.layers.26.post_attention_layernorm,aten._to_copy.default,[],decode,True
4007,mlp,gate_proj,t,"[[d_ff, d_model]]","[d_ff, d_model]",0,"[[d_model, d_ff]]",[],26,mlp,gate_proj,2,model.layers.26.mlp.gate_proj,aten.t.default,[model.layers.26.mlp.gate_proj.weight],decode,True
4008,mlp,gate_proj,view,"[[B, 1, d_model]]",,,"[[B, d_model]]",[4006],26,mlp,gate_proj,2,model.layers.26.mlp.gate_proj,aten.view.default,[],decode,True
4009,mlp,gate_proj,matmul,"[[B, d_model], [d_model, d_ff]]","[d_ff, d_model]",1,"[[B, d_ff]]","[4007, 4008]",26,mlp,gate_proj,2,model.layers.26.mlp.gate_proj,aten.mm.default,[model.layers.26.mlp.gate_proj.weight],decode,False
4010,mlp,gate_proj,_unsafe_view,"[[B, d_ff]]",,,"[[B, 1, d_ff]]",[4009],26,mlp,gate_proj,2,model.layers.26.mlp.gate_proj,aten._unsafe_view.default,[],decode,True
4011,mlp,act_fn,silu,"[[B, 1, d_ff]]",,,"[[B, 1, d_ff]]",[4010],26,mlp,act_fn,2,model.layers.26.mlp.act_fn,aten.silu.default,[],decode,False
4012,mlp,up_proj,t,"[[d_ff, d_model]]","[d_ff, d_model]",0,"[[d_model, d_ff]]",[],26,mlp,up_proj,2,model.layers.26.mlp.up_proj,aten.t.default,[model.layers.26.mlp.up_proj.weight],decode,True
4013,mlp,up_proj,view,"[[B, 1, d_model]]",,,"[[B, d_model]]",[4006],26,mlp,up_proj,2,model.layers.26.mlp.up_proj,aten.view.default,[],decode,True
4014,mlp,up_proj,matmul,"[[B, d_model], [d_model, d_ff]]","[d_ff, d_model]",1,"[[B, d_ff]]","[4012, 4013]",26,mlp,up_proj,2,model.layers.26.mlp.up_proj,aten.mm.default,[model.layers.26.mlp.up_proj.weight],decode,False
4015,mlp,up_proj,_unsafe_view,"[[B, d_ff]]",,,"[[B, 1, d_ff]]",[4014],26,mlp,up_proj,2,model.layers.26.mlp.up_proj,aten._unsafe_view.default,[],decode,True
4016,mlp,,elementwise_mul,"[[B, 1, d_ff], [B, 1, d_ff]]",,,"[[B, 1, d_ff]]","[4011, 4015]",26,mlp,,1,model.layers.26.mlp,aten.mul.Tensor,[],decode,False
4017,mlp,down_proj,t,"[[d_model, d_ff]]","[d_model, d_ff]",0,"[[d_ff, d_model]]",[],26,mlp,down_proj,2,model.layers.26.mlp.down_proj,aten.t.default,[model.layers.26.mlp.down_proj.weight],decode,True
4018,mlp,down_proj,view,"[[B, 1, d_ff]]",,,"[[B, d_ff]]",[4016],26,mlp,down_proj,2,model.layers.26.mlp.down_proj,aten.view.default,[],decode,True
4019,mlp,down_proj,matmul,"[[B, d_ff], [d_ff, d_model]]","[d_model, d_ff]",1,"[[B, d_model]]","[4017, 4018]",26,mlp,down_proj,2,model.layers.26.mlp.down_proj,aten.mm.default,[model.layers.26.mlp.down_proj.weight],decode,False
4020,mlp,down_proj,_unsafe_view,"[[B, d_model]]",,,"[[B, 1, d_model]]",[4019],26,mlp,down_proj,2,model.layers.26.mlp.down_proj,aten._unsafe_view.default,[],decode,True
4021,,,elementwise_add,"[[B, 1, d_model], [B, 1, d_model]]",,,"[[B, 1, d_model]]","[3996, 4020]",26,,,0,model.layers.26,aten.add.Tensor,[],decode,False
4022,input_layernorm,,_to_copy,"[[B, 1, d_model]]",,,"[[B, 1, d_model]]",[4021],27,input_layernorm,,1,model.layers.27.input_layernorm,aten._to_copy.default,[],decode,True
4023,input_layernorm,,pow,"[[B, 1, d_model]]",,,"[[B, 1, d_model]]",[4022],27,input_layernorm,,1,model.layers.27.input_layernorm,aten.pow.Tensor_Scalar,[],decode,False
4024,input_layernorm,,mean,"[[B, 1, d_model]]",,,"[[B, 1, 1]]",[4023],27,input_layernorm,,1,model.layers.27.input_layernorm,aten.mean.dim,[],decode,False
4025,input_layernorm,,elementwise_add,"[[B, 1, 1]]",,,"[[B, 1, 1]]",[4024],27,input_layernorm,,1,model.layers.27.input_layernorm,aten.add.Tensor,[],decode,False
4026,input_layernorm,,rsqrt,"[[B, 1, 1]]",,,"[[B, 1, 1]]",[4025],27,input_layernorm,,1,model.layers.27.input_layernorm,aten.rsqrt.default,[],decode,False
4027,input_layernorm,,elementwise_mul,"[[B, 1, d_model], [B, 1, 1]]",,,"[[B, 1, d_model]]","[4022, 4026]",27,input_layernorm,,1,model.layers.27.input_layernorm,aten.mul.Tensor,[],decode,False
4028,input_layernorm,,_to_copy,[[d_model]],,,[[d_model]],[],27,input_layernorm,,1,model.layers.27.input_layernorm,aten._to_copy.default,[model.layers.27.input_layernorm.weight],decode,True
4029,input_layernorm,,elementwise_add,[[d_model]],,,[[d_model]],[4028],27,input_layernorm,,1,model.layers.27.input_layernorm,aten.add.Tensor,[model.layers.27.input_layernorm.weight],decode,False
4030,input_layernorm,,elementwise_mul,"[[B, 1, d_model], [d_model]]",,,"[[B, 1, d_model]]","[4027, 4029]",27,input_layernorm,,1,model.layers.27.input_layernorm,aten.mul.Tensor,[],decode,False
4031,input_layernorm,,_to_copy,"[[B, 1, d_model]]",,,"[[B, 1, d_model]]",[4030],27,input_layernorm,,1,model.layers.27.input_layernorm,aten._to_copy.default,[],decode,True
4032,self_attn,q_proj,t,"[[2*n_h*d_head, d_model]]","[2*n_h*d_head, d_model]",0,"[[d_model, 2*n_h*d_head]]",[],27,self_attn,q_proj,2,model.layers.27.self_attn.q_proj,aten.t.default,[model.layers.27.self_attn.q_proj.weight],decode,True
4033,self_attn,q_proj,view,"[[B, 1, d_model]]",,,"[[B, d_model]]",[4031],27,self_attn,q_proj,2,model.layers.27.self_attn.q_proj,aten.view.default,[],decode,True
4034,self_attn,q_proj,matmul,"[[B, d_model], [d_model, 2*n_h*d_head]]","[2*n_h*d_head, d_model]",1,"[[B, 2*n_h*d_head]]","[4032, 4033]",27,self_attn,q_proj,2,model.layers.27.self_attn.q_proj,aten.mm.default,[model.layers.27.self_attn.q_proj.weight],decode,False
4035,self_attn,q_proj,_unsafe_view,"[[B, 2*n_h*d_head]]",,,"[[B, 1, 2*n_h*d_head]]",[4034],27,self_attn,q_proj,2,model.layers.27.self_attn.q_proj,aten._unsafe_view.default,[],decode,True
4036,self_attn,,view,"[[B, 1, 2*n_h*d_head]]",,,"[[B, 1, n_h, 2*d_head]]",[4035],27,self_attn,,1,model.layers.27.self_attn,aten.view.default,[],decode,True
4037,self_attn,,split,"[[B, 1, n_h, 2*d_head]]",,,"[[B, 1, n_h, d_head], [B, 1, n_h, d_head]]",[4036],27,self_attn,,1,model.layers.27.self_attn,aten.split.Tensor,[],decode,True
4038,self_attn,,clone,"[[B, 1, n_h, d_head]]",,,"[[B, 1, n_h, d_head]]",[4037],27,self_attn,,1,model.layers.27.self_attn,aten.clone.default,[],decode,True
4039,self_attn,,_unsafe_view,"[[B, 1, n_h, d_head]]",,,"[[B, 1, n_h*d_head]]",[4038],27,self_attn,,1,model.layers.27.self_attn,aten._unsafe_view.default,[],decode,True
4040,self_attn,,view,"[[B, 1, n_h, d_head]]",,,"[[B, 1, n_h, d_head]]",[4037],27,self_attn,,1,model.layers.27.self_attn,aten.view.default,[],decode,True
4041,self_attn,q_norm,_to_copy,"[[B, 1, n_h, d_head]]",,,"[[B, 1, n_h, d_head]]",[4040],27,self_attn,q_norm,2,model.layers.27.self_attn.q_norm,aten._to_copy.default,[],decode,True
4042,self_attn,q_norm,pow,"[[B, 1, n_h, d_head]]",,,"[[B, 1, n_h, d_head]]",[4041],27,self_attn,q_norm,2,model.layers.27.self_attn.q_norm,aten.pow.Tensor_Scalar,[],decode,False
4043,self_attn,q_norm,mean,"[[B, 1, n_h, d_head]]",,,"[[B, 1, n_h, 1]]",[4042],27,self_attn,q_norm,2,model.layers.27.self_attn.q_norm,aten.mean.dim,[],decode,False
4044,self_attn,q_norm,elementwise_add,"[[B, 1, n_h, 1]]",,,"[[B, 1, n_h, 1]]",[4043],27,self_attn,q_norm,2,model.layers.27.self_attn.q_norm,aten.add.Tensor,[],decode,False
4045,self_attn,q_norm,rsqrt,"[[B, 1, n_h, 1]]",,,"[[B, 1, n_h, 1]]",[4044],27,self_attn,q_norm,2,model.layers.27.self_attn.q_norm,aten.rsqrt.default,[],decode,False
4046,self_attn,q_norm,elementwise_mul,"[[B, 1, n_h, d_head], [B, 1, n_h, 1]]",,,"[[B, 1, n_h, d_head]]","[4041, 4045]",27,self_attn,q_norm,2,model.layers.27.self_attn.q_norm,aten.mul.Tensor,[],decode,False
4047,self_attn,q_norm,_to_copy,[[d_head]],,,[[d_head]],[],27,self_attn,q_norm,2,model.layers.27.self_attn.q_norm,aten._to_copy.default,[model.layers.27.self_attn.q_norm.weight],decode,True
4048,self_attn,q_norm,elementwise_add,[[d_head]],,,[[d_head]],[4047],27,self_attn,q_norm,2,model.layers.27.self_attn.q_norm,aten.add.Tensor,[model.layers.27.self_attn.q_norm.weight],decode,False
4049,self_attn,q_norm,elementwise_mul,"[[B, 1, n_h, d_head], [d_head]]",,,"[[B, 1, n_h, d_head]]","[4046, 4048]",27,self_attn,q_norm,2,model.layers.27.self_attn.q_norm,aten.mul.Tensor,[],decode,False
4050,self_attn,q_norm,_to_copy,"[[B, 1, n_h, d_head]]",,,"[[B, 1, n_h, d_head]]",[4049],27,self_attn,q_norm,2,model.layers.27.self_attn.q_norm,aten._to_copy.default,[],decode,True
4051,self_attn,,transpose,"[[B, 1, n_h, d_head]]",,,"[[B, n_h, 1, d_head]]",[4050],27,self_attn,,1,model.layers.27.self_attn,aten.transpose.int,[],decode,True
4052,self_attn,k_proj,t,"[[n_kv*d_head, d_model]]","[n_kv*d_head, d_model]",0,"[[d_model, n_kv*d_head]]",[],27,self_attn,k_proj,2,model.layers.27.self_attn.k_proj,aten.t.default,[model.layers.27.self_attn.k_proj.weight],decode,True
4053,self_attn,k_proj,view,"[[B, 1, d_model]]",,,"[[B, d_model]]",[4031],27,self_attn,k_proj,2,model.layers.27.self_attn.k_proj,aten.view.default,[],decode,True
4054,self_attn,k_proj,matmul,"[[B, d_model], [d_model, n_kv*d_head]]","[n_kv*d_head, d_model]",1,"[[B, n_kv*d_head]]","[4052, 4053]",27,self_attn,k_proj,2,model.layers.27.self_attn.k_proj,aten.mm.default,[model.layers.27.self_attn.k_proj.weight],decode,False
4055,self_attn,k_proj,_unsafe_view,"[[B, n_kv*d_head]]",,,"[[B, 1, n_kv*d_head]]",[4054],27,self_attn,k_proj,2,model.layers.27.self_attn.k_proj,aten._unsafe_view.default,[],decode,True
4056,self_attn,,view,"[[B, 1, n_kv*d_head]]",,,"[[B, 1, n_kv, d_head]]",[4055],27,self_attn,,1,model.layers.27.self_attn,aten.view.default,[],decode,True
4057,self_attn,k_norm,_to_copy,"[[B, 1, n_kv, d_head]]",,,"[[B, 1, n_kv, d_head]]",[4056],27,self_attn,k_norm,2,model.layers.27.self_attn.k_norm,aten._to_copy.default,[],decode,True
4058,self_attn,k_norm,pow,"[[B, 1, n_kv, d_head]]",,,"[[B, 1, n_kv, d_head]]",[4057],27,self_attn,k_norm,2,model.layers.27.self_attn.k_norm,aten.pow.Tensor_Scalar,[],decode,False
4059,self_attn,k_norm,mean,"[[B, 1, n_kv, d_head]]",,,"[[B, 1, n_kv, 1]]",[4058],27,self_attn,k_norm,2,model.layers.27.self_attn.k_norm,aten.mean.dim,[],decode,False
4060,self_attn,k_norm,elementwise_add,"[[B, 1, n_kv, 1]]",,,"[[B, 1, n_kv, 1]]",[4059],27,self_attn,k_norm,2,model.layers.27.self_attn.k_norm,aten.add.Tensor,[],decode,False
4061,self_attn,k_norm,rsqrt,"[[B, 1, n_kv, 1]]",,,"[[B, 1, n_kv, 1]]",[4060],27,self_attn,k_norm,2,model.layers.27.self_attn.k_norm,aten.rsqrt.default,[],decode,False
4062,self_attn,k_norm,elementwise_mul,"[[B, 1, n_kv, d_head], [B, 1, n_kv, 1]]",,,"[[B, 1, n_kv, d_head]]","[4057, 4061]",27,self_attn,k_norm,2,model.layers.27.self_attn.k_norm,aten.mul.Tensor,[],decode,False
4063,self_attn,k_norm,_to_copy,[[d_head]],,,[[d_head]],[],27,self_attn,k_norm,2,model.layers.27.self_attn.k_norm,aten._to_copy.default,[model.layers.27.self_attn.k_norm.weight],decode,True
4064,self_attn,k_norm,elementwise_add,[[d_head]],,,[[d_head]],[4063],27,self_attn,k_norm,2,model.layers.27.self_attn.k_norm,aten.add.Tensor,[model.layers.27.self_attn.k_norm.weight],decode,False
4065,self_attn,k_norm,elementwise_mul,"[[B, 1, n_kv, d_head], [d_head]]",,,"[[B, 1, n_kv, d_head]]","[4062, 4064]",27,self_attn,k_norm,2,model.layers.27.self_attn.k_norm,aten.mul.Tensor,[],decode,False
4066,self_attn,k_norm,_to_copy,"[[B, 1, n_kv, d_head]]",,,"[[B, 1, n_kv, d_head]]",[4065],27,self_attn,k_norm,2,model.layers.27.self_attn.k_norm,aten._to_copy.default,[],decode,True
4067,self_attn,,transpose,"[[B, 1, n_kv, d_head]]",,,"[[B, n_kv, 1, d_head]]",[4066],27,self_attn,,1,model.layers.27.self_attn,aten.transpose.int,[],decode,True
4068,self_attn,v_proj,t,"[[n_kv*d_head, d_model]]","[n_kv*d_head, d_model]",0,"[[d_model, n_kv*d_head]]",[],27,self_attn,v_proj,2,model.layers.27.self_attn.v_proj,aten.t.default,[model.layers.27.self_attn.v_proj.weight],decode,True
4069,self_attn,v_proj,view,"[[B, 1, d_model]]",,,"[[B, d_model]]",[4031],27,self_attn,v_proj,2,model.layers.27.self_attn.v_proj,aten.view.default,[],decode,True
4070,self_attn,v_proj,matmul,"[[B, d_model], [d_model, n_kv*d_head]]","[n_kv*d_head, d_model]",1,"[[B, n_kv*d_head]]","[4068, 4069]",27,self_attn,v_proj,2,model.layers.27.self_attn.v_proj,aten.mm.default,[model.layers.27.self_attn.v_proj.weight],decode,False
4071,self_attn,v_proj,_unsafe_view,"[[B, n_kv*d_head]]",,,"[[B, 1, n_kv*d_head]]",[4070],27,self_attn,v_proj,2,model.layers.27.self_attn.v_proj,aten._unsafe_view.default,[],decode,True
4072,self_attn,,view,"[[B, 1, n_kv*d_head]]",,,"[[B, 1, n_kv, d_head]]",[4071],27,self_attn,,1,model.layers.27.self_attn,aten.view.default,[],decode,True
4073,self_attn,,transpose,"[[B, 1, n_kv, d_head]]",,,"[[B, n_kv, 1, d_head]]",[4072],27,self_attn,,1,model.layers.27.self_attn,aten.transpose.int,[],decode,True
4074,self_attn,,unsqueeze,"[[B, 1, d_rope]]",,,"[[B, 1, 1, d_rope]]",[54],27,self_attn,,1,model.layers.27.self_attn,aten.unsqueeze.default,[],decode,True
4075,self_attn,,unsqueeze,"[[B, 1, d_rope]]",,,"[[B, 1, 1, d_rope]]",[55],27,self_attn,,1,model.layers.27.self_attn,aten.unsqueeze.default,[],decode,True
4076,self_attn,,slice,"[[B, n_h, 1, d_head]]",,,"[[B, n_h, 1, d_rope]]",[4051],27,self_attn,,1,model.layers.27.self_attn,aten.slice.Tensor,[],decode,True
4077,self_attn,,slice,"[[B, n_h, 1, d_head]]",,,"[[B, n_h, 1, d_head-d_rope]]",[4051],27,self_attn,,1,model.layers.27.self_attn,aten.slice.Tensor,[],decode,True
4078,self_attn,,slice,"[[B, n_kv, 1, d_head]]",,,"[[B, n_kv, 1, d_rope]]",[4067],27,self_attn,,1,model.layers.27.self_attn,aten.slice.Tensor,[],decode,True
4079,self_attn,,slice,"[[B, n_kv, 1, d_head]]",,,"[[B, n_kv, 1, d_head-d_rope]]",[4067],27,self_attn,,1,model.layers.27.self_attn,aten.slice.Tensor,[],decode,True
4080,self_attn,,elementwise_mul,"[[B, n_h, 1, d_rope], [B, 1, 1, d_rope]]",,,"[[B, n_h, 1, d_rope]]","[4074, 4076]",27,self_attn,,1,model.layers.27.self_attn,aten.mul.Tensor,[],decode,False
4081,self_attn,,slice,"[[B, n_h, 1, d_rope]]",,,"[[B, n_h, 1, d_rope/2]]",[4076],27,self_attn,,1,model.layers.27.self_attn,aten.slice.Tensor,[],decode,True
4082,self_attn,,slice,"[[B, n_h, 1, d_rope]]",,,"[[B, n_h, 1, d_rope/2]]",[4076],27,self_attn,,1,model.layers.27.self_attn,aten.slice.Tensor,[],decode,True
4083,self_attn,,neg,"[[B, n_h, 1, d_rope/2]]",,,"[[B, n_h, 1, d_rope/2]]",[4082],27,self_attn,,1,model.layers.27.self_attn,aten.neg.default,[],decode,False
4084,self_attn,,concat,"[[B, n_h, 1, d_rope/2], [B, n_h, 1, d_rope/2]]",,,"[[B, n_h, 1, d_rope]]","[4081, 4083]",27,self_attn,,1,model.layers.27.self_attn,aten.cat.default,[],decode,False
4085,self_attn,,elementwise_mul,"[[B, n_h, 1, d_rope], [B, 1, 1, d_rope]]",,,"[[B, n_h, 1, d_rope]]","[4075, 4084]",27,self_attn,,1,model.layers.27.self_attn,aten.mul.Tensor,[],decode,False
4086,self_attn,,elementwise_add,"[[B, n_h, 1, d_rope], [B, n_h, 1, d_rope]]",,,"[[B, n_h, 1, d_rope]]","[4080, 4085]",27,self_attn,,1,model.layers.27.self_attn,aten.add.Tensor,[],decode,False
4087,self_attn,,elementwise_mul,"[[B, n_kv, 1, d_rope], [B, 1, 1, d_rope]]",,,"[[B, n_kv, 1, d_rope]]","[4074, 4078]",27,self_attn,,1,model.layers.27.self_attn,aten.mul.Tensor,[],decode,False
4088,self_attn,,slice,"[[B, n_kv, 1, d_rope]]",,,"[[B, n_kv, 1, d_rope/2]]",[4078],27,self_attn,,1,model.layers.27.self_attn,aten.slice.Tensor,[],decode,True
4089,self_attn,,slice,"[[B, n_kv, 1, d_rope]]",,,"[[B, n_kv, 1, d_rope/2]]",[4078],27,self_attn,,1,model.layers.27.self_attn,aten.slice.Tensor,[],decode,True
4090,self_attn,,neg,"[[B, n_kv, 1, d_rope/2]]",,,"[[B, n_kv, 1, d_rope/2]]",[4089],27,self_attn,,1,model.layers.27.self_attn,aten.neg.default,[],decode,False
4091,self_attn,,concat,"[[B, n_kv, 1, d_rope/2], [B, n_kv, 1, d_rope/2]]",,,"[[B, n_kv, 1, d_rope]]","[4088, 4090]",27,self_attn,,1,model.layers.27.self_attn,aten.cat.default,[],decode,False
4092,self_attn,,elementwise_mul,"[[B, n_kv, 1, d_rope], [B, 1, 1, d_rope]]",,,"[[B, n_kv, 1, d_rope]]","[4075, 4091]",27,self_attn,,1,model.layers.27.self_attn,aten.mul.Tensor,[],decode,False
4093,self_attn,,elementwise_add,"[[B, n_kv, 1, d_rope], [B, n_kv, 1, d_rope]]",,,"[[B, n_kv, 1, d_rope]]","[4087, 4092]",27,self_attn,,1,model.layers.27.self_attn,aten.add.Tensor,[],decode,False
4094,self_attn,,concat,"[[B, n_h, 1, d_rope], [B, n_h, 1, d_head-d_rope]]",,,"[[B, n_h, 1, d_head]]","[4077, 4086]",27,self_attn,,1,model.layers.27.self_attn,aten.cat.default,[],decode,False
4095,self_attn,,concat,"[[B, n_kv, 1, d_rope], [B, n_kv, 1, d_head-d_rope]]",,,"[[B, n_kv, 1, d_head]]","[4079, 4093]",27,self_attn,,1,model.layers.27.self_attn,aten.cat.default,[],decode,False
4096,self_attn,,concat,"[[B, n_kv, T, d_head], [B, n_kv, 1, d_head]]",,,"[[B, n_kv, T+1, d_head]]",[4095],27,self_attn,,1,model.layers.27.self_attn,aten.cat.default,[],decode,False
4097,self_attn,,concat,"[[B, n_kv, T, d_head], [B, n_kv, 1, d_head]]",,,"[[B, n_kv, T+1, d_head]]",[4073],27,self_attn,,1,model.layers.27.self_attn,aten.cat.default,[],decode,False
4098,self_attn,,unsqueeze,"[[B, n_kv, T+1, d_head]]",,,"[[B, n_kv, 1, T+1, d_head]]",[4096],27,self_attn,,1,model.layers.27.self_attn,aten.unsqueeze.default,[],decode,True
4099,self_attn,,expand,"[[B, n_kv, 1, T+1, d_head]]",,,"[[B, n_kv, n_h/n_kv, T+1, d_head]]",[4098],27,self_attn,,1,model.layers.27.self_attn,aten.expand.default,[],decode,True
4100,self_attn,,clone,"[[B, n_kv, n_h/n_kv, T+1, d_head]]",,,"[[B, n_kv, n_h/n_kv, T+1, d_head]]",[4099],27,self_attn,,1,model.layers.27.self_attn,aten.clone.default,[],decode,True
4101,self_attn,,_unsafe_view,"[[B, n_kv, n_h/n_kv, T+1, d_head]]",,,"[[B, n_h, T+1, d_head]]",[4100],27,self_attn,,1,model.layers.27.self_attn,aten._unsafe_view.default,[],decode,True
4102,self_attn,,unsqueeze,"[[B, n_kv, T+1, d_head]]",,,"[[B, n_kv, 1, T+1, d_head]]",[4097],27,self_attn,,1,model.layers.27.self_attn,aten.unsqueeze.default,[],decode,True
4103,self_attn,,expand,"[[B, n_kv, 1, T+1, d_head]]",,,"[[B, n_kv, n_h/n_kv, T+1, d_head]]",[4102],27,self_attn,,1,model.layers.27.self_attn,aten.expand.default,[],decode,True
4104,self_attn,,clone,"[[B, n_kv, n_h/n_kv, T+1, d_head]]",,,"[[B, n_kv, n_h/n_kv, T+1, d_head]]",[4103],27,self_attn,,1,model.layers.27.self_attn,aten.clone.default,[],decode,True
4105,self_attn,,_unsafe_view,"[[B, n_kv, n_h/n_kv, T+1, d_head]]",,,"[[B, n_h, T+1, d_head]]",[4104],27,self_attn,,1,model.layers.27.self_attn,aten._unsafe_view.default,[],decode,True
4106,self_attn,,transpose,"[[B, n_h, T+1, d_head]]",,,"[[B, n_h, d_head, T+1]]",[4101],27,self_attn,,1,model.layers.27.self_attn,aten.transpose.int,[],decode,True
4107,self_attn,,expand,"[[B, n_h, 1, d_head]]",,,"[[B, n_h, 1, d_head]]",[4094],27,self_attn,,1,model.layers.27.self_attn,aten.expand.default,[],decode,True
4108,self_attn,,view,"[[B, n_h, 1, d_head]]",,,"[[n_h, B, d_head]]",[4107],27,self_attn,,1,model.layers.27.self_attn,aten.view.default,[],decode,True
4109,self_attn,,expand,"[[B, n_h, d_head, T+1]]",,,"[[B, n_h, d_head, T+1]]",[4106],27,self_attn,,1,model.layers.27.self_attn,aten.expand.default,[],decode,True
4110,self_attn,,view,"[[B, n_h, d_head, T+1]]",,,"[[n_h, d_head, T+1]]",[4109],27,self_attn,,1,model.layers.27.self_attn,aten.view.default,[],decode,True
4111,self_attn,,batched_matmul,"[[n_h, B, d_head], [n_h, d_head, T+1]]",,,"[[n_h, B, T+1]]","[4108, 4110]",27,self_attn,,1,model.layers.27.self_attn,aten.bmm.default,[],decode,False
4112,self_attn,,_unsafe_view,"[[n_h, B, T+1]]",,,"[[B, n_h, 1, T+1]]",[4111],27,self_attn,,1,model.layers.27.self_attn,aten._unsafe_view.default,[],decode,True
4113,self_attn,,elementwise_mul,"[[B, n_h, 1, T+1]]",,,"[[B, n_h, 1, T+1]]",[4112],27,self_attn,,1,model.layers.27.self_attn,aten.mul.Tensor,[],decode,False
4114,self_attn,,elementwise_add,"[[B, n_h, 1, T+1], [B, 1, 1, T+1]]",,,"[[B, n_h, 1, T+1]]","[26, 4113]",27,self_attn,,1,model.layers.27.self_attn,aten.add.Tensor,[],decode,False
4115,self_attn,,_to_copy,"[[B, n_h, 1, T+1]]",,,"[[B, n_h, 1, T+1]]",[4114],27,self_attn,,1,model.layers.27.self_attn,aten._to_copy.default,[],decode,True
4116,self_attn,,softmax,"[[B, n_h, 1, T+1]]",,,"[[B, n_h, 1, T+1]]",[4115],27,self_attn,,1,model.layers.27.self_attn,aten._softmax.default,[],decode,False
4117,self_attn,,_to_copy,"[[B, n_h, 1, T+1]]",,,"[[B, n_h, 1, T+1]]",[4116],27,self_attn,,1,model.layers.27.self_attn,aten._to_copy.default,[],decode,True
4118,self_attn,,expand,"[[B, n_h, 1, T+1]]",,,"[[B, n_h, 1, T+1]]",[4117],27,self_attn,,1,model.layers.27.self_attn,aten.expand.default,[],decode,True
4119,self_attn,,view,"[[B, n_h, 1, T+1]]",,,"[[n_h, B, T+1]]",[4118],27,self_attn,,1,model.layers.27.self_attn,aten.view.default,[],decode,True
4120,self_attn,,expand,"[[B, n_h, T+1, d_head]]",,,"[[B, n_h, T+1, d_head]]",[4105],27,self_attn,,1,model.layers.27.self_attn,aten.expand.default,[],decode,True
4121,self_attn,,view,"[[B, n_h, T+1, d_head]]",,,"[[n_h, T+1, d_head]]",[4120],27,self_attn,,1,model.layers.27.self_attn,aten.view.default,[],decode,True
4122,self_attn,,batched_matmul,"[[n_h, B, T+1], [n_h, T+1, d_head]]",,,"[[n_h, B, d_head]]","[4119, 4121]",27,self_attn,,1,model.layers.27.self_attn,aten.bmm.default,[],decode,False
4123,self_attn,,_unsafe_view,"[[n_h, B, d_head]]",,,"[[B, n_h, 1, d_head]]",[4122],27,self_attn,,1,model.layers.27.self_attn,aten._unsafe_view.default,[],decode,True
4124,self_attn,,transpose,"[[B, n_h, 1, d_head]]",,,"[[B, 1, n_h, d_head]]",[4123],27,self_attn,,1,model.layers.27.self_attn,aten.transpose.int,[],decode,True
4125,self_attn,,view,"[[B, 1, n_h, d_head]]",,,"[[B, 1, n_h*d_head]]",[4124],27,self_attn,,1,model.layers.27.self_attn,aten.view.default,[],decode,True
4126,self_attn,,sigmoid,"[[B, 1, n_h*d_head]]",,,"[[B, 1, n_h*d_head]]",[4039],27,self_attn,,1,model.layers.27.self_attn,aten.sigmoid.default,[],decode,False
4127,self_attn,,elementwise_mul,"[[B, 1, n_h*d_head], [B, 1, n_h*d_head]]",,,"[[B, 1, n_h*d_head]]","[4125, 4126]",27,self_attn,,1,model.layers.27.self_attn,aten.mul.Tensor,[],decode,False
4128,self_attn,o_proj,t,"[[d_model, n_h*d_head]]","[d_model, n_h*d_head]",0,"[[n_h*d_head, d_model]]",[],27,self_attn,o_proj,2,model.layers.27.self_attn.o_proj,aten.t.default,[model.layers.27.self_attn.o_proj.weight],decode,True
4129,self_attn,o_proj,view,"[[B, 1, n_h*d_head]]",,,"[[B, n_h*d_head]]",[4127],27,self_attn,o_proj,2,model.layers.27.self_attn.o_proj,aten.view.default,[],decode,True
4130,self_attn,o_proj,matmul,"[[B, n_h*d_head], [n_h*d_head, d_model]]","[d_model, n_h*d_head]",1,"[[B, d_model]]","[4128, 4129]",27,self_attn,o_proj,2,model.layers.27.self_attn.o_proj,aten.mm.default,[model.layers.27.self_attn.o_proj.weight],decode,False
4131,self_attn,o_proj,_unsafe_view,"[[B, d_model]]",,,"[[B, 1, d_model]]",[4130],27,self_attn,o_proj,2,model.layers.27.self_attn.o_proj,aten._unsafe_view.default,[],decode,True
4132,,,elementwise_add,"[[B, 1, d_model], [B, 1, d_model]]",,,"[[B, 1, d_model]]","[4021, 4131]",27,,,0,model.layers.27,aten.add.Tensor,[],decode,False
4133,post_attention_layernorm,,_to_copy,"[[B, 1, d_model]]",,,"[[B, 1, d_model]]",[4132],27,post_attention_layernorm,,1,model.layers.27.post_attention_layernorm,aten._to_copy.default,[],decode,True
4134,post_attention_layernorm,,pow,"[[B, 1, d_model]]",,,"[[B, 1, d_model]]",[4133],27,post_attention_layernorm,,1,model.layers.27.post_attention_layernorm,aten.pow.Tensor_Scalar,[],decode,False
4135,post_attention_layernorm,,mean,"[[B, 1, d_model]]",,,"[[B, 1, 1]]",[4134],27,post_attention_layernorm,,1,model.layers.27.post_attention_layernorm,aten.mean.dim,[],decode,False
4136,post_attention_layernorm,,elementwise_add,"[[B, 1, 1]]",,,"[[B, 1, 1]]",[4135],27,post_attention_layernorm,,1,model.layers.27.post_attention_layernorm,aten.add.Tensor,[],decode,False
4137,post_attention_layernorm,,rsqrt,"[[B, 1, 1]]",,,"[[B, 1, 1]]",[4136],27,post_attention_layernorm,,1,model.layers.27.post_attention_layernorm,aten.rsqrt.default,[],decode,False
4138,post_attention_layernorm,,elementwise_mul,"[[B, 1, d_model], [B, 1, 1]]",,,"[[B, 1, d_model]]","[4133, 4137]",27,post_attention_layernorm,,1,model.layers.27.post_attention_layernorm,aten.mul.Tensor,[],decode,False
4139,post_attention_layernorm,,_to_copy,[[d_model]],,,[[d_model]],[],27,post_attention_layernorm,,1,model.layers.27.post_attention_layernorm,aten._to_copy.default,[model.layers.27.post_attention_layernorm.weight],decode,True
4140,post_attention_layernorm,,elementwise_add,[[d_model]],,,[[d_model]],[4139],27,post_attention_layernorm,,1,model.layers.27.post_attention_layernorm,aten.add.Tensor,[model.layers.27.post_attention_layernorm.weight],decode,False
4141,post_attention_layernorm,,elementwise_mul,"[[B, 1, d_model], [d_model]]",,,"[[B, 1, d_model]]","[4138, 4140]",27,post_attention_layernorm,,1,model.layers.27.post_attention_layernorm,aten.mul.Tensor,[],decode,False
4142,post_attention_layernorm,,_to_copy,"[[B, 1, d_model]]",,,"[[B, 1, d_model]]",[4141],27,post_attention_layernorm,,1,model.layers.27.post_attention_layernorm,aten._to_copy.default,[],decode,True
4143,mlp,gate_proj,t,"[[d_ff, d_model]]","[d_ff, d_model]",0,"[[d_model, d_ff]]",[],27,mlp,gate_proj,2,model.layers.27.mlp.gate_proj,aten.t.default,[model.layers.27.mlp.gate_proj.weight],decode,True
4144,mlp,gate_proj,view,"[[B, 1, d_model]]",,,"[[B, d_model]]",[4142],27,mlp,gate_proj,2,model.layers.27.mlp.gate_proj,aten.view.default,[],decode,True
4145,mlp,gate_proj,matmul,"[[B, d_model], [d_model, d_ff]]","[d_ff, d_model]",1,"[[B, d_ff]]","[4143, 4144]",27,mlp,gate_proj,2,model.layers.27.mlp.gate_proj,aten.mm.default,[model.layers.27.mlp.gate_proj.weight],decode,False
4146,mlp,gate_proj,_unsafe_view,"[[B, d_ff]]",,,"[[B, 1, d_ff]]",[4145],27,mlp,gate_proj,2,model.layers.27.mlp.gate_proj,aten._unsafe_view.default,[],decode,True
4147,mlp,act_fn,silu,"[[B, 1, d_ff]]",,,"[[B, 1, d_ff]]",[4146],27,mlp,act_fn,2,model.layers.27.mlp.act_fn,aten.silu.default,[],decode,False
4148,mlp,up_proj,t,"[[d_ff, d_model]]","[d_ff, d_model]",0,"[[d_model, d_ff]]",[],27,mlp,up_proj,2,model.layers.27.mlp.up_proj,aten.t.default,[model.layers.27.mlp.up_proj.weight],decode,True
4149,mlp,up_proj,view,"[[B, 1, d_model]]",,,"[[B, d_model]]",[4142],27,mlp,up_proj,2,model.layers.27.mlp.up_proj,aten.view.default,[],decode,True
4150,mlp,up_proj,matmul,"[[B, d_model], [d_model, d_ff]]","[d_ff, d_model]",1,"[[B, d_ff]]","[4148, 4149]",27,mlp,up_proj,2,model.layers.27.mlp.up_proj,aten.mm.default,[model.layers.27.mlp.up_proj.weight],decode,False
4151,mlp,up_proj,_unsafe_view,"[[B, d_ff]]",,,"[[B, 1, d_ff]]",[4150],27,mlp,up_proj,2,model.layers.27.mlp.up_proj,aten._unsafe_view.default,[],decode,True
4152,mlp,,elementwise_mul,"[[B, 1, d_ff], [B, 1, d_ff]]",,,"[[B, 1, d_ff]]","[4147, 4151]",27,mlp,,1,model.layers.27.mlp,aten.mul.Tensor,[],decode,False
4153,mlp,down_proj,t,"[[d_model, d_ff]]","[d_model, d_ff]",0,"[[d_ff, d_model]]",[],27,mlp,down_proj,2,model.layers.27.mlp.down_proj,aten.t.default,[model.layers.27.mlp.down_proj.weight],decode,True
4154,mlp,down_proj,view,"[[B, 1, d_ff]]",,,"[[B, d_ff]]",[4152],27,mlp,down_proj,2,model.layers.27.mlp.down_proj,aten.view.default,[],decode,True
4155,mlp,down_proj,matmul,"[[B, d_ff], [d_ff, d_model]]","[d_model, d_ff]",1,"[[B, d_model]]","[4153, 4154]",27,mlp,down_proj,2,model.layers.27.mlp.down_proj,aten.mm.default,[model.layers.27.mlp.down_proj.weight],decode,False
4156,mlp,down_proj,_unsafe_view,"[[B, d_model]]",,,"[[B, 1, d_model]]",[4155],27,mlp,down_proj,2,model.layers.27.mlp.down_proj,aten._unsafe_view.default,[],decode,True
4157,,,elementwise_add,"[[B, 1, d_model], [B, 1, d_model]]",,,"[[B, 1, d_model]]","[4132, 4156]",27,,,0,model.layers.27,aten.add.Tensor,[],decode,False
4158,input_layernorm,,_to_copy,"[[B, 1, d_model]]",,,"[[B, 1, d_model]]",[4157],28,input_layernorm,,1,model.layers.28.input_layernorm,aten._to_copy.default,[],decode,True
4159,input_layernorm,,pow,"[[B, 1, d_model]]",,,"[[B, 1, d_model]]",[4158],28,input_layernorm,,1,model.layers.28.input_layernorm,aten.pow.Tensor_Scalar,[],decode,False
4160,input_layernorm,,mean,"[[B, 1, d_model]]",,,"[[B, 1, 1]]",[4159],28,input_layernorm,,1,model.layers.28.input_layernorm,aten.mean.dim,[],decode,False
4161,input_layernorm,,elementwise_add,"[[B, 1, 1]]",,,"[[B, 1, 1]]",[4160],28,input_layernorm,,1,model.layers.28.input_layernorm,aten.add.Tensor,[],decode,False
4162,input_layernorm,,rsqrt,"[[B, 1, 1]]",,,"[[B, 1, 1]]",[4161],28,input_layernorm,,1,model.layers.28.input_layernorm,aten.rsqrt.default,[],decode,False
4163,input_layernorm,,elementwise_mul,"[[B, 1, d_model], [B, 1, 1]]",,,"[[B, 1, d_model]]","[4158, 4162]",28,input_layernorm,,1,model.layers.28.input_layernorm,aten.mul.Tensor,[],decode,False
4164,input_layernorm,,_to_copy,[[d_model]],,,[[d_model]],[],28,input_layernorm,,1,model.layers.28.input_layernorm,aten._to_copy.default,[model.layers.28.input_layernorm.weight],decode,True
4165,input_layernorm,,elementwise_add,[[d_model]],,,[[d_model]],[4164],28,input_layernorm,,1,model.layers.28.input_layernorm,aten.add.Tensor,[model.layers.28.input_layernorm.weight],decode,False
4166,input_layernorm,,elementwise_mul,"[[B, 1, d_model], [d_model]]",,,"[[B, 1, d_model]]","[4163, 4165]",28,input_layernorm,,1,model.layers.28.input_layernorm,aten.mul.Tensor,[],decode,False
4167,input_layernorm,,_to_copy,"[[B, 1, d_model]]",,,"[[B, 1, d_model]]",[4166],28,input_layernorm,,1,model.layers.28.input_layernorm,aten._to_copy.default,[],decode,True
4168,linear_attn,in_proj_qkv,t,"[[2*d_k_lin+d_v_lin, d_model]]","[2*d_k_lin+d_v_lin, d_model]",0,"[[d_model, 2*d_k_lin+d_v_lin]]",[],28,linear_attn,in_proj_qkv,2,model.layers.28.linear_attn.in_proj_qkv,aten.t.default,[model.layers.28.linear_attn.in_proj_qkv.weight],decode,True
4169,linear_attn,in_proj_qkv,view,"[[B, 1, d_model]]",,,"[[B, d_model]]",[4167],28,linear_attn,in_proj_qkv,2,model.layers.28.linear_attn.in_proj_qkv,aten.view.default,[],decode,True
4170,linear_attn,in_proj_qkv,matmul,"[[B, d_model], [d_model, 2*d_k_lin+d_v_lin]]","[2*d_k_lin+d_v_lin, d_model]",1,"[[B, 2*d_k_lin+d_v_lin]]","[4168, 4169]",28,linear_attn,in_proj_qkv,2,model.layers.28.linear_attn.in_proj_qkv,aten.mm.default,[model.layers.28.linear_attn.in_proj_qkv.weight],decode,False
4171,linear_attn,in_proj_qkv,_unsafe_view,"[[B, 2*d_k_lin+d_v_lin]]",,,"[[B, 1, 2*d_k_lin+d_v_lin]]",[4170],28,linear_attn,in_proj_qkv,2,model.layers.28.linear_attn.in_proj_qkv,aten._unsafe_view.default,[],decode,True
4172,linear_attn,,transpose,"[[B, 1, 2*d_k_lin+d_v_lin]]",,,"[[B, 2*d_k_lin+d_v_lin, 1]]",[4171],28,linear_attn,,1,model.layers.28.linear_attn,aten.transpose.int,[],decode,True
4173,linear_attn,in_proj_z,t,"[[n_v*d_v, d_model]]","[n_v*d_v, d_model]",0,"[[d_model, n_v*d_v]]",[],28,linear_attn,in_proj_z,2,model.layers.28.linear_attn.in_proj_z,aten.t.default,[model.layers.28.linear_attn.in_proj_z.weight],decode,True
4174,linear_attn,in_proj_z,view,"[[B, 1, d_model]]",,,"[[B, d_model]]",[4167],28,linear_attn,in_proj_z,2,model.layers.28.linear_attn.in_proj_z,aten.view.default,[],decode,True
4175,linear_attn,in_proj_z,matmul,"[[B, d_model], [d_model, n_v*d_v]]","[n_v*d_v, d_model]",1,"[[B, n_v*d_v]]","[4173, 4174]",28,linear_attn,in_proj_z,2,model.layers.28.linear_attn.in_proj_z,aten.mm.default,[model.layers.28.linear_attn.in_proj_z.weight],decode,False
4176,linear_attn,in_proj_z,_unsafe_view,"[[B, n_v*d_v]]",,,"[[B, 1, n_v*d_v]]",[4175],28,linear_attn,in_proj_z,2,model.layers.28.linear_attn.in_proj_z,aten._unsafe_view.default,[],decode,True
4177,linear_attn,,view,"[[B, 1, n_v*d_v]]",,,"[[B, 1, n_h_lin_v, d_head_lin_v]]",[4176],28,linear_attn,,1,model.layers.28.linear_attn,aten.view.default,[],decode,True
4178,linear_attn,in_proj_b,t,"[[n_h_lin_v, d_model]]","[n_h_lin_v, d_model]",0,"[[d_model, n_h_lin_v]]",[],28,linear_attn,in_proj_b,2,model.layers.28.linear_attn.in_proj_b,aten.t.default,[model.layers.28.linear_attn.in_proj_b.weight],decode,True
4179,linear_attn,in_proj_b,view,"[[B, 1, d_model]]",,,"[[B, d_model]]",[4167],28,linear_attn,in_proj_b,2,model.layers.28.linear_attn.in_proj_b,aten.view.default,[],decode,True
4180,linear_attn,in_proj_b,matmul,"[[B, d_model], [d_model, n_h_lin_v]]","[n_h_lin_v, d_model]",1,"[[B, n_h_lin_v]]","[4178, 4179]",28,linear_attn,in_proj_b,2,model.layers.28.linear_attn.in_proj_b,aten.mm.default,[model.layers.28.linear_attn.in_proj_b.weight],decode,False
4181,linear_attn,in_proj_b,_unsafe_view,"[[B, n_h_lin_v]]",,,"[[B, 1, n_h_lin_v]]",[4180],28,linear_attn,in_proj_b,2,model.layers.28.linear_attn.in_proj_b,aten._unsafe_view.default,[],decode,True
4182,linear_attn,in_proj_a,t,"[[n_h_lin_v, d_model]]","[n_h_lin_v, d_model]",0,"[[d_model, n_h_lin_v]]",[],28,linear_attn,in_proj_a,2,model.layers.28.linear_attn.in_proj_a,aten.t.default,[model.layers.28.linear_attn.in_proj_a.weight],decode,True
4183,linear_attn,in_proj_a,view,"[[B, 1, d_model]]",,,"[[B, d_model]]",[4167],28,linear_attn,in_proj_a,2,model.layers.28.linear_attn.in_proj_a,aten.view.default,[],decode,True
4184,linear_attn,in_proj_a,matmul,"[[B, d_model], [d_model, n_h_lin_v]]","[n_h_lin_v, d_model]",1,"[[B, n_h_lin_v]]","[4182, 4183]",28,linear_attn,in_proj_a,2,model.layers.28.linear_attn.in_proj_a,aten.mm.default,[model.layers.28.linear_attn.in_proj_a.weight],decode,False
4185,linear_attn,in_proj_a,_unsafe_view,"[[B, n_h_lin_v]]",,,"[[B, 1, n_h_lin_v]]",[4184],28,linear_attn,in_proj_a,2,model.layers.28.linear_attn.in_proj_a,aten._unsafe_view.default,[],decode,True
4186,linear_attn,,squeeze,"[[2*d_k_lin+d_v_lin, 1, d_conv_lin]]","[2*d_k_lin+d_v_lin, 1, d_conv_lin]",0,"[[2*d_k_lin+d_v_lin, d_conv_lin]]",[],28,linear_attn,,1,model.layers.28.linear_attn,aten.squeeze.dim,[model.layers.28.linear_attn.conv1d.weight],decode,True
4187,linear_attn,,concat,"[[B, 2*d_k_lin+d_v_lin, d_conv_lin], [B, 2*d_k_lin+d_v_lin, 1]]",,,"[[B, 2*d_k_lin+d_v_lin, 5]]",[4172],28,linear_attn,,1,model.layers.28.linear_attn,aten.cat.default,[],decode,False
4188,linear_attn,,slice,"[[B, 2*d_k_lin+d_v_lin, 5]]",,,"[[B, 2*d_k_lin+d_v_lin, d_conv_lin]]",[4187],28,linear_attn,,1,model.layers.28.linear_attn,aten.slice.Tensor,[],decode,True
4189,linear_attn,,copy_,"[[B, 2*d_k_lin+d_v_lin, d_conv_lin], [B, 2*d_k_lin+d_v_lin, d_conv_lin]]",,,"[[B, 2*d_k_lin+d_v_lin, d_conv_lin]]",[4188],28,linear_attn,,1,model.layers.28.linear_attn,aten.copy_.default,[],decode,True
4190,linear_attn,,unsqueeze,"[[2*d_k_lin+d_v_lin, d_conv_lin]]",,,"[[2*d_k_lin+d_v_lin, 1, d_conv_lin]]",[4186],28,linear_attn,,1,model.layers.28.linear_attn,aten.unsqueeze.default,[],decode,True
4191,linear_attn,,conv1d,"[[B, 2*d_k_lin+d_v_lin, 5], [2*d_k_lin+d_v_lin, 1, d_conv_lin]]",,,"[[B, 2*d_k_lin+d_v_lin, 2]]","[4187, 4190]",28,linear_attn,,1,model.layers.28.linear_attn,aten.convolution.default,[],decode,False
4192,linear_attn,,slice,"[[B, 2*d_k_lin+d_v_lin, 2]]",,,"[[B, 2*d_k_lin+d_v_lin, 1]]",[4191],28,linear_attn,,1,model.layers.28.linear_attn,aten.slice.Tensor,[],decode,True
4193,linear_attn,,silu,"[[B, 2*d_k_lin+d_v_lin, 1]]",,,"[[B, 2*d_k_lin+d_v_lin, 1]]",[4192],28,linear_attn,,1,model.layers.28.linear_attn,aten.silu.default,[],decode,False
4194,linear_attn,,transpose,"[[B, 2*d_k_lin+d_v_lin, 1]]",,,"[[B, 1, 2*d_k_lin+d_v_lin]]",[4193],28,linear_attn,,1,model.layers.28.linear_attn,aten.transpose.int,[],decode,True
4195,linear_attn,,split_with_sizes,"[[B, 1, 2*d_k_lin+d_v_lin]]",,,"[[B, 1, n_k*d_k], [B, 1, n_k*d_k], [B, 1, n_v*d_v]]",[4194],28,linear_attn,,1,model.layers.28.linear_attn,aten.split_with_sizes.default,[],decode,True
4196,linear_attn,,view,"[[B, 1, n_k*d_k]]",,,"[[B, 1, n_h_lin_k, d_head_lin_k]]",[4195],28,linear_attn,,1,model.layers.28.linear_attn,aten.view.default,[],decode,True
4197,linear_attn,,view,"[[B, 1, n_k*d_k]]",,,"[[B, 1, n_h_lin_k, d_head_lin_k]]",[4195],28,linear_attn,,1,model.layers.28.linear_attn,aten.view.default,[],decode,True
4198,linear_attn,,view,"[[B, 1, n_v*d_v]]",,,"[[B, 1, n_h_lin_v, d_head_lin_v]]",[4195],28,linear_attn,,1,model.layers.28.linear_attn,aten.view.default,[],decode,True
4199,linear_attn,,sigmoid,"[[B, 1, n_h_lin_v]]",,,"[[B, 1, n_h_lin_v]]",[4181],28,linear_attn,,1,model.layers.28.linear_attn,aten.sigmoid.default,[],decode,False
4200,linear_attn,,_to_copy,[[n_h_lin_v]],,,[[n_h_lin_v]],[],28,linear_attn,,1,model.layers.28.linear_attn,aten._to_copy.default,[model.layers.28.linear_attn.A_log],decode,True
4201,linear_attn,,exp,[[n_h_lin_v]],,,[[n_h_lin_v]],[4200],28,linear_attn,,1,model.layers.28.linear_attn,aten.exp.default,[model.layers.28.linear_attn.A_log],decode,False
4202,linear_attn,,neg,[[n_h_lin_v]],,,[[n_h_lin_v]],[4201],28,linear_attn,,1,model.layers.28.linear_attn,aten.neg.default,[],decode,False
4203,linear_attn,,_to_copy,"[[B, 1, n_h_lin_v]]",,,"[[B, 1, n_h_lin_v]]",[4185],28,linear_attn,,1,model.layers.28.linear_attn,aten._to_copy.default,[],decode,True
4204,linear_attn,,elementwise_add,"[[B, 1, n_h_lin_v], [n_h_lin_v]]",,,"[[B, 1, n_h_lin_v]]",[4203],28,linear_attn,,1,model.layers.28.linear_attn,aten.add.Tensor,[model.layers.28.linear_attn.dt_bias],decode,False
4205,linear_attn,,softplus,"[[B, 1, n_h_lin_v]]",,,"[[B, 1, n_h_lin_v]]",[4204],28,linear_attn,,1,model.layers.28.linear_attn,aten.softplus.default,[],decode,True
4206,linear_attn,,elementwise_mul,"[[n_h_lin_v], [B, 1, n_h_lin_v]]",,,"[[B, 1, n_h_lin_v]]","[4202, 4205]",28,linear_attn,,1,model.layers.28.linear_attn,aten.mul.Tensor,[],decode,False
4207,linear_attn,,unsqueeze,"[[B, 1, n_h_lin_k, d_head_lin_k]]",,,"[[B, 1, n_h_lin_k, 1, d_head_lin_k]]",[4196],28,linear_attn,,1,model.layers.28.linear_attn,aten.unsqueeze.default,[],decode,True
4208,linear_attn,,expand,"[[B, 1, n_h_lin_k, 1, d_head_lin_k]]",,,"[[B, 1, n_h_lin_k, n_v/n_k, d_head_lin_k]]",[4207],28,linear_attn,,1,model.layers.28.linear_attn,aten.expand.default,[],decode,True
4209,linear_attn,,clone,"[[B, 1, n_h_lin_k, n_v/n_k, d_head_lin_k]]",,,"[[B, 1, n_h_lin_k, n_v/n_k, d_head_lin_k]]",[4208],28,linear_attn,,1,model.layers.28.linear_attn,aten.clone.default,[],decode,True
4210,linear_attn,,view,"[[B, 1, n_h_lin_k, n_v/n_k, d_head_lin_k]]",,,"[[B, 1, n_h_lin_v, d_head_lin_k]]",[4209],28,linear_attn,,1,model.layers.28.linear_attn,aten.view.default,[],decode,True
4211,linear_attn,,unsqueeze,"[[B, 1, n_h_lin_k, d_head_lin_k]]",,,"[[B, 1, n_h_lin_k, 1, d_head_lin_k]]",[4197],28,linear_attn,,1,model.layers.28.linear_attn,aten.unsqueeze.default,[],decode,True
4212,linear_attn,,expand,"[[B, 1, n_h_lin_k, 1, d_head_lin_k]]",,,"[[B, 1, n_h_lin_k, n_v/n_k, d_head_lin_k]]",[4211],28,linear_attn,,1,model.layers.28.linear_attn,aten.expand.default,[],decode,True
4213,linear_attn,,clone,"[[B, 1, n_h_lin_k, n_v/n_k, d_head_lin_k]]",,,"[[B, 1, n_h_lin_k, n_v/n_k, d_head_lin_k]]",[4212],28,linear_attn,,1,model.layers.28.linear_attn,aten.clone.default,[],decode,True
4214,linear_attn,,view,"[[B, 1, n_h_lin_k, n_v/n_k, d_head_lin_k]]",,,"[[B, 1, n_h_lin_v, d_head_lin_k]]",[4213],28,linear_attn,,1,model.layers.28.linear_attn,aten.view.default,[],decode,True
4215,linear_attn,,elementwise_mul,"[[B, 1, n_h_lin_v, d_head_lin_k], [B, 1, n_h_lin_v, d_head_lin_k]]",,,"[[B, 1, n_h_lin_v, d_head_lin_k]]",[4210],28,linear_attn,,1,model.layers.28.linear_attn,aten.mul.Tensor,[],decode,False
4216,linear_attn,,sum,"[[B, 1, n_h_lin_v, d_head_lin_k]]",,,"[[B, 1, n_h_lin_v, 1]]",[4215],28,linear_attn,,1,model.layers.28.linear_attn,aten.sum.dim_IntList,[],decode,True
4217,linear_attn,,elementwise_add,"[[B, 1, n_h_lin_v, 1]]",,,"[[B, 1, n_h_lin_v, 1]]",[4216],28,linear_attn,,1,model.layers.28.linear_attn,aten.add.Tensor,[],decode,False
4218,linear_attn,,rsqrt,"[[B, 1, n_h_lin_v, 1]]",,,"[[B, 1, n_h_lin_v, 1]]",[4217],28,linear_attn,,1,model.layers.28.linear_attn,aten.rsqrt.default,[],decode,False
4219,linear_attn,,elementwise_mul,"[[B, 1, n_h_lin_v, d_head_lin_k], [B, 1, n_h_lin_v, 1]]",,,"[[B, 1, n_h_lin_v, d_head_lin_k]]","[4210, 4218]",28,linear_attn,,1,model.layers.28.linear_attn,aten.mul.Tensor,[],decode,False
4220,linear_attn,,elementwise_mul,"[[B, 1, n_h_lin_v, d_head_lin_k], [B, 1, n_h_lin_v, d_head_lin_k]]",,,"[[B, 1, n_h_lin_v, d_head_lin_k]]",[4214],28,linear_attn,,1,model.layers.28.linear_attn,aten.mul.Tensor,[],decode,False
4221,linear_attn,,sum,"[[B, 1, n_h_lin_v, d_head_lin_k]]",,,"[[B, 1, n_h_lin_v, 1]]",[4220],28,linear_attn,,1,model.layers.28.linear_attn,aten.sum.dim_IntList,[],decode,True
4222,linear_attn,,elementwise_add,"[[B, 1, n_h_lin_v, 1]]",,,"[[B, 1, n_h_lin_v, 1]]",[4221],28,linear_attn,,1,model.layers.28.linear_attn,aten.add.Tensor,[],decode,False
4223,linear_attn,,rsqrt,"[[B, 1, n_h_lin_v, 1]]",,,"[[B, 1, n_h_lin_v, 1]]",[4222],28,linear_attn,,1,model.layers.28.linear_attn,aten.rsqrt.default,[],decode,False
4224,linear_attn,,elementwise_mul,"[[B, 1, n_h_lin_v, d_head_lin_k], [B, 1, n_h_lin_v, 1]]",,,"[[B, 1, n_h_lin_v, d_head_lin_k]]","[4214, 4223]",28,linear_attn,,1,model.layers.28.linear_attn,aten.mul.Tensor,[],decode,False
4225,linear_attn,,transpose,"[[B, 1, n_h_lin_v, d_head_lin_k]]",,,"[[B, n_h_lin_v, 1, d_head_lin_k]]",[4219],28,linear_attn,,1,model.layers.28.linear_attn,aten.transpose.int,[],decode,True
4226,linear_attn,,_to_copy,"[[B, n_h_lin_v, 1, d_head_lin_k]]",,,"[[B, n_h_lin_v, 1, d_head_lin_k]]",[4225],28,linear_attn,,1,model.layers.28.linear_attn,aten._to_copy.default,[],decode,True
4227,linear_attn,,transpose,"[[B, 1, n_h_lin_v, d_head_lin_k]]",,,"[[B, n_h_lin_v, 1, d_head_lin_k]]",[4224],28,linear_attn,,1,model.layers.28.linear_attn,aten.transpose.int,[],decode,True
4228,linear_attn,,_to_copy,"[[B, n_h_lin_v, 1, d_head_lin_k]]",,,"[[B, n_h_lin_v, 1, d_head_lin_k]]",[4227],28,linear_attn,,1,model.layers.28.linear_attn,aten._to_copy.default,[],decode,True
4229,linear_attn,,transpose,"[[B, 1, n_h_lin_v, d_head_lin_v]]",,,"[[B, n_h_lin_v, 1, d_head_lin_v]]",[4198],28,linear_attn,,1,model.layers.28.linear_attn,aten.transpose.int,[],decode,True
4230,linear_attn,,_to_copy,"[[B, n_h_lin_v, 1, d_head_lin_v]]",,,"[[B, n_h_lin_v, 1, d_head_lin_v]]",[4229],28,linear_attn,,1,model.layers.28.linear_attn,aten._to_copy.default,[],decode,True
4231,linear_attn,,transpose,"[[B, 1, n_h_lin_v]]",,,"[[B, n_h_lin_v, 1]]",[4199],28,linear_attn,,1,model.layers.28.linear_attn,aten.transpose.int,[],decode,True
4232,linear_attn,,_to_copy,"[[B, n_h_lin_v, 1]]",,,"[[B, n_h_lin_v, 1]]",[4231],28,linear_attn,,1,model.layers.28.linear_attn,aten._to_copy.default,[],decode,True
4233,linear_attn,,transpose,"[[B, 1, n_h_lin_v]]",,,"[[B, n_h_lin_v, 1]]",[4206],28,linear_attn,,1,model.layers.28.linear_attn,aten.transpose.int,[],decode,True
4234,linear_attn,,elementwise_mul,"[[B, n_h_lin_v, 1, d_head_lin_k]]",,,"[[B, n_h_lin_v, 1, d_head_lin_k]]",[4226],28,linear_attn,,1,model.layers.28.linear_attn,aten.mul.Tensor,[],decode,False
4235,linear_attn,,zeros,[],,,"[[B, n_h_lin_v, 1, d_head_lin_v]]",[],28,linear_attn,,1,model.layers.28.linear_attn,aten.zeros.default,[],decode,True
4236,linear_attn,,select,"[[B, n_h_lin_v, 1, d_head_lin_k]]",,,"[[B, n_h_lin_v, d_head_lin_k]]",[4234],28,linear_attn,,1,model.layers.28.linear_attn,aten.select.int,[],decode,True
4237,linear_attn,,select,"[[B, n_h_lin_v, 1, d_head_lin_k]]",,,"[[B, n_h_lin_v, d_head_lin_k]]",[4228],28,linear_attn,,1,model.layers.28.linear_attn,aten.select.int,[],decode,True
4238,linear_attn,,select,"[[B, n_h_lin_v, 1, d_head_lin_v]]",,,"[[B, n_h_lin_v, d_head_lin_v]]",[4230],28,linear_attn,,1,model.layers.28.linear_attn,aten.select.int,[],decode,True
4239,linear_attn,,select,"[[B, n_h_lin_v, 1]]",,,"[[B, n_h_lin_v]]",[4233],28,linear_attn,,1,model.layers.28.linear_attn,aten.select.int,[],decode,True
4240,linear_attn,,exp,"[[B, n_h_lin_v]]",,,"[[B, n_h_lin_v]]",[4239],28,linear_attn,,1,model.layers.28.linear_attn,aten.exp.default,[],decode,False
4241,linear_attn,,unsqueeze,"[[B, n_h_lin_v]]",,,"[[B, n_h_lin_v, 1]]",[4240],28,linear_attn,,1,model.layers.28.linear_attn,aten.unsqueeze.default,[],decode,True
4242,linear_attn,,unsqueeze,"[[B, n_h_lin_v, 1]]",,,"[[B, n_h_lin_v, 1, 1]]",[4241],28,linear_attn,,1,model.layers.28.linear_attn,aten.unsqueeze.default,[],decode,True
4243,linear_attn,,select,"[[B, n_h_lin_v, 1]]",,,"[[B, n_h_lin_v]]",[4232],28,linear_attn,,1,model.layers.28.linear_attn,aten.select.int,[],decode,True
4244,linear_attn,,unsqueeze,"[[B, n_h_lin_v]]",,,"[[B, n_h_lin_v, 1]]",[4243],28,linear_attn,,1,model.layers.28.linear_attn,aten.unsqueeze.default,[],decode,True
4245,linear_attn,,elementwise_mul,"[[B, n_h_lin_v, d_head_lin_k, d_head_lin_v], [B, n_h_lin_v, 1, 1]]",,,"[[B, n_h_lin_v, d_head_lin_k, d_head_lin_v]]",[4242],28,linear_attn,,1,model.layers.28.linear_attn,aten.mul.Tensor,[],decode,False
4246,linear_attn,,unsqueeze,"[[B, n_h_lin_v, d_head_lin_k]]",,,"[[B, n_h_lin_v, d_head_lin_k, 1]]",[4237],28,linear_attn,,1,model.layers.28.linear_attn,aten.unsqueeze.default,[],decode,True
4247,linear_attn,,elementwise_mul,"[[B, n_h_lin_v, d_head_lin_k, d_head_lin_v], [B, n_h_lin_v, d_head_lin_k, 1]]",,,"[[B, n_h_lin_v, d_head_lin_k, d_head_lin_v]]","[4245, 4246]",28,linear_attn,,1,model.layers.28.linear_attn,aten.mul.Tensor,[],decode,False
4248,linear_attn,,sum,"[[B, n_h_lin_v, d_head_lin_k, d_head_lin_v]]",,,"[[B, n_h_lin_v, d_head_lin_v]]",[4247],28,linear_attn,,1,model.layers.28.linear_attn,aten.sum.dim_IntList,[],decode,True
4249,linear_attn,,sub,"[[B, n_h_lin_v, d_head_lin_v], [B, n_h_lin_v, d_head_lin_v]]",,,"[[B, n_h_lin_v, d_head_lin_v]]","[4238, 4248]",28,linear_attn,,1,model.layers.28.linear_attn,aten.sub.Tensor,[],decode,True
4250,linear_attn,,elementwise_mul,"[[B, n_h_lin_v, d_head_lin_v], [B, n_h_lin_v, 1]]",,,"[[B, n_h_lin_v, d_head_lin_v]]","[4244, 4249]",28,linear_attn,,1,model.layers.28.linear_attn,aten.mul.Tensor,[],decode,False
4251,linear_attn,,unsqueeze,"[[B, n_h_lin_v, d_head_lin_k]]",,,"[[B, n_h_lin_v, d_head_lin_k, 1]]",[4237],28,linear_attn,,1,model.layers.28.linear_attn,aten.unsqueeze.default,[],decode,True
4252,linear_attn,,unsqueeze,"[[B, n_h_lin_v, d_head_lin_v]]",,,"[[B, n_h_lin_v, 1, d_head_lin_v]]",[4250],28,linear_attn,,1,model.layers.28.linear_attn,aten.unsqueeze.default,[],decode,True
4253,linear_attn,,elementwise_mul,"[[B, n_h_lin_v, d_head_lin_k, 1], [B, n_h_lin_v, 1, d_head_lin_v]]",,,"[[B, n_h_lin_v, d_head_lin_k, d_head_lin_v]]","[4251, 4252]",28,linear_attn,,1,model.layers.28.linear_attn,aten.mul.Tensor,[],decode,False
4254,linear_attn,,elementwise_add,"[[B, n_h_lin_v, d_head_lin_k, d_head_lin_v], [B, n_h_lin_v, d_head_lin_k, d_head_lin_v]]",,,"[[B, n_h_lin_v, d_head_lin_k, d_head_lin_v]]","[4245, 4253]",28,linear_attn,,1,model.layers.28.linear_attn,aten.add.Tensor,[],decode,False
4255,linear_attn,,unsqueeze,"[[B, n_h_lin_v, d_head_lin_k]]",,,"[[B, n_h_lin_v, d_head_lin_k, 1]]",[4236],28,linear_attn,,1,model.layers.28.linear_attn,aten.unsqueeze.default,[],decode,True
4256,linear_attn,,elementwise_mul,"[[B, n_h_lin_v, d_head_lin_k, d_head_lin_v], [B, n_h_lin_v, d_head_lin_k, 1]]",,,"[[B, n_h_lin_v, d_head_lin_k, d_head_lin_v]]","[4254, 4255]",28,linear_attn,,1,model.layers.28.linear_attn,aten.mul.Tensor,[],decode,False
4257,linear_attn,,sum,"[[B, n_h_lin_v, d_head_lin_k, d_head_lin_v]]",,,"[[B, n_h_lin_v, d_head_lin_v]]",[4256],28,linear_attn,,1,model.layers.28.linear_attn,aten.sum.dim_IntList,[],decode,True
4258,linear_attn,,select,"[[B, n_h_lin_v, 1, d_head_lin_v]]",,,"[[B, n_h_lin_v, d_head_lin_v]]",[4235],28,linear_attn,,1,model.layers.28.linear_attn,aten.select.int,[],decode,True
4259,linear_attn,,copy_,"[[B, n_h_lin_v, d_head_lin_v], [B, n_h_lin_v, d_head_lin_v]]",,,"[[B, n_h_lin_v, d_head_lin_v]]","[4257, 4258]",28,linear_attn,,1,model.layers.28.linear_attn,aten.copy_.default,[],decode,True
4260,linear_attn,,transpose,"[[B, n_h_lin_v, 1, d_head_lin_v]]",,,"[[B, 1, n_h_lin_v, d_head_lin_v]]",[4235],28,linear_attn,,1,model.layers.28.linear_attn,aten.transpose.int,[],decode,True
4261,linear_attn,,_to_copy,"[[B, 1, n_h_lin_v, d_head_lin_v]]",,,"[[B, 1, n_h_lin_v, d_head_lin_v]]",[4260],28,linear_attn,,1,model.layers.28.linear_attn,aten._to_copy.default,[],decode,True
4262,linear_attn,,copy_,"[[B, n_h_lin_v, d_head_lin_k, d_head_lin_v], [B, n_h_lin_v, d_head_lin_k, d_head_lin_v]]",,,"[[B, n_h_lin_v, d_head_lin_k, d_head_lin_v]]",[4254],28,linear_attn,,1,model.layers.28.linear_attn,aten.copy_.default,[],decode,True
4263,linear_attn,,view,"[[B, 1, n_h_lin_v, d_head_lin_v]]",,,"[[n_h_lin_v, d_head_lin_v]]",[4261],28,linear_attn,,1,model.layers.28.linear_attn,aten.view.default,[],decode,True
4264,linear_attn,,view,"[[B, 1, n_h_lin_v, d_head_lin_v]]",,,"[[n_h_lin_v, d_head_lin_v]]",[4177],28,linear_attn,,1,model.layers.28.linear_attn,aten.view.default,[],decode,True
4265,linear_attn,norm,_to_copy,"[[n_h_lin_v, d_head_lin_v]]",,,"[[n_h_lin_v, d_head_lin_v]]",[4263],28,linear_attn,norm,2,model.layers.28.linear_attn.norm,aten._to_copy.default,[],decode,True
4266,linear_attn,norm,pow,"[[n_h_lin_v, d_head_lin_v]]",,,"[[n_h_lin_v, d_head_lin_v]]",[4265],28,linear_attn,norm,2,model.layers.28.linear_attn.norm,aten.pow.Tensor_Scalar,[],decode,False
4267,linear_attn,norm,mean,"[[n_h_lin_v, d_head_lin_v]]",,,"[[n_h_lin_v, B]]",[4266],28,linear_attn,norm,2,model.layers.28.linear_attn.norm,aten.mean.dim,[],decode,False
4268,linear_attn,norm,elementwise_add,"[[n_h_lin_v, B]]",,,"[[n_h_lin_v, B]]",[4267],28,linear_attn,norm,2,model.layers.28.linear_attn.norm,aten.add.Tensor,[],decode,False
4269,linear_attn,norm,rsqrt,"[[n_h_lin_v, B]]",,,"[[n_h_lin_v, B]]",[4268],28,linear_attn,norm,2,model.layers.28.linear_attn.norm,aten.rsqrt.default,[],decode,False
4270,linear_attn,norm,elementwise_mul,"[[n_h_lin_v, d_head_lin_v], [n_h_lin_v, B]]",,,"[[n_h_lin_v, d_head_lin_v]]","[4265, 4269]",28,linear_attn,norm,2,model.layers.28.linear_attn.norm,aten.mul.Tensor,[],decode,False
4271,linear_attn,norm,_to_copy,"[[n_h_lin_v, d_head_lin_v]]",,,"[[n_h_lin_v, d_head_lin_v]]",[4270],28,linear_attn,norm,2,model.layers.28.linear_attn.norm,aten._to_copy.default,[],decode,True
4272,linear_attn,norm,elementwise_mul,"[[d_head_lin_v], [n_h_lin_v, d_head_lin_v]]",,,"[[n_h_lin_v, d_head_lin_v]]",[4271],28,linear_attn,norm,2,model.layers.28.linear_attn.norm,aten.mul.Tensor,[model.layers.28.linear_attn.norm.weight],decode,False
4273,linear_attn,norm,_to_copy,"[[n_h_lin_v, d_head_lin_v]]",,,"[[n_h_lin_v, d_head_lin_v]]",[4264],28,linear_attn,norm,2,model.layers.28.linear_attn.norm,aten._to_copy.default,[],decode,True
4274,linear_attn,norm,silu,"[[n_h_lin_v, d_head_lin_v]]",,,"[[n_h_lin_v, d_head_lin_v]]",[4273],28,linear_attn,norm,2,model.layers.28.linear_attn.norm,aten.silu.default,[],decode,False
4275,linear_attn,norm,elementwise_mul,"[[n_h_lin_v, d_head_lin_v], [n_h_lin_v, d_head_lin_v]]",,,"[[n_h_lin_v, d_head_lin_v]]","[4272, 4274]",28,linear_attn,norm,2,model.layers.28.linear_attn.norm,aten.mul.Tensor,[],decode,False
4276,linear_attn,norm,_to_copy,"[[n_h_lin_v, d_head_lin_v]]",,,"[[n_h_lin_v, d_head_lin_v]]",[4275],28,linear_attn,norm,2,model.layers.28.linear_attn.norm,aten._to_copy.default,[],decode,True
4277,linear_attn,,view,"[[n_h_lin_v, d_head_lin_v]]",,,"[[B, 1, n_v*d_v]]",[4276],28,linear_attn,,1,model.layers.28.linear_attn,aten.view.default,[],decode,True
4278,linear_attn,out_proj,t,"[[d_model, n_v*d_v]]","[d_model, n_v*d_v]",0,"[[n_v*d_v, d_model]]",[],28,linear_attn,out_proj,2,model.layers.28.linear_attn.out_proj,aten.t.default,[model.layers.28.linear_attn.out_proj.weight],decode,True
4279,linear_attn,out_proj,view,"[[B, 1, n_v*d_v]]",,,"[[B, n_v*d_v]]",[4277],28,linear_attn,out_proj,2,model.layers.28.linear_attn.out_proj,aten.view.default,[],decode,True
4280,linear_attn,out_proj,matmul,"[[B, n_v*d_v], [n_v*d_v, d_model]]","[d_model, n_v*d_v]",1,"[[B, d_model]]","[4278, 4279]",28,linear_attn,out_proj,2,model.layers.28.linear_attn.out_proj,aten.mm.default,[model.layers.28.linear_attn.out_proj.weight],decode,False
4281,linear_attn,out_proj,_unsafe_view,"[[B, d_model]]",,,"[[B, 1, d_model]]",[4280],28,linear_attn,out_proj,2,model.layers.28.linear_attn.out_proj,aten._unsafe_view.default,[],decode,True
4282,,,elementwise_add,"[[B, 1, d_model], [B, 1, d_model]]",,,"[[B, 1, d_model]]","[4157, 4281]",28,,,0,model.layers.28,aten.add.Tensor,[],decode,False
4283,post_attention_layernorm,,_to_copy,"[[B, 1, d_model]]",,,"[[B, 1, d_model]]",[4282],28,post_attention_layernorm,,1,model.layers.28.post_attention_layernorm,aten._to_copy.default,[],decode,True
4284,post_attention_layernorm,,pow,"[[B, 1, d_model]]",,,"[[B, 1, d_model]]",[4283],28,post_attention_layernorm,,1,model.layers.28.post_attention_layernorm,aten.pow.Tensor_Scalar,[],decode,False
4285,post_attention_layernorm,,mean,"[[B, 1, d_model]]",,,"[[B, 1, 1]]",[4284],28,post_attention_layernorm,,1,model.layers.28.post_attention_layernorm,aten.mean.dim,[],decode,False
4286,post_attention_layernorm,,elementwise_add,"[[B, 1, 1]]",,,"[[B, 1, 1]]",[4285],28,post_attention_layernorm,,1,model.layers.28.post_attention_layernorm,aten.add.Tensor,[],decode,False
4287,post_attention_layernorm,,rsqrt,"[[B, 1, 1]]",,,"[[B, 1, 1]]",[4286],28,post_attention_layernorm,,1,model.layers.28.post_attention_layernorm,aten.rsqrt.default,[],decode,False
4288,post_attention_layernorm,,elementwise_mul,"[[B, 1, d_model], [B, 1, 1]]",,,"[[B, 1, d_model]]","[4283, 4287]",28,post_attention_layernorm,,1,model.layers.28.post_attention_layernorm,aten.mul.Tensor,[],decode,False
4289,post_attention_layernorm,,_to_copy,[[d_model]],,,[[d_model]],[],28,post_attention_layernorm,,1,model.layers.28.post_attention_layernorm,aten._to_copy.default,[model.layers.28.post_attention_layernorm.weight],decode,True
4290,post_attention_layernorm,,elementwise_add,[[d_model]],,,[[d_model]],[4289],28,post_attention_layernorm,,1,model.layers.28.post_attention_layernorm,aten.add.Tensor,[model.layers.28.post_attention_layernorm.weight],decode,False
4291,post_attention_layernorm,,elementwise_mul,"[[B, 1, d_model], [d_model]]",,,"[[B, 1, d_model]]","[4288, 4290]",28,post_attention_layernorm,,1,model.layers.28.post_attention_layernorm,aten.mul.Tensor,[],decode,False
4292,post_attention_layernorm,,_to_copy,"[[B, 1, d_model]]",,,"[[B, 1, d_model]]",[4291],28,post_attention_layernorm,,1,model.layers.28.post_attention_layernorm,aten._to_copy.default,[],decode,True
4293,mlp,gate_proj,t,"[[d_ff, d_model]]","[d_ff, d_model]",0,"[[d_model, d_ff]]",[],28,mlp,gate_proj,2,model.layers.28.mlp.gate_proj,aten.t.default,[model.layers.28.mlp.gate_proj.weight],decode,True
4294,mlp,gate_proj,view,"[[B, 1, d_model]]",,,"[[B, d_model]]",[4292],28,mlp,gate_proj,2,model.layers.28.mlp.gate_proj,aten.view.default,[],decode,True
4295,mlp,gate_proj,matmul,"[[B, d_model], [d_model, d_ff]]","[d_ff, d_model]",1,"[[B, d_ff]]","[4293, 4294]",28,mlp,gate_proj,2,model.layers.28.mlp.gate_proj,aten.mm.default,[model.layers.28.mlp.gate_proj.weight],decode,False
4296,mlp,gate_proj,_unsafe_view,"[[B, d_ff]]",,,"[[B, 1, d_ff]]",[4295],28,mlp,gate_proj,2,model.layers.28.mlp.gate_proj,aten._unsafe_view.default,[],decode,True
4297,mlp,act_fn,silu,"[[B, 1, d_ff]]",,,"[[B, 1, d_ff]]",[4296],28,mlp,act_fn,2,model.layers.28.mlp.act_fn,aten.silu.default,[],decode,False
4298,mlp,up_proj,t,"[[d_ff, d_model]]","[d_ff, d_model]",0,"[[d_model, d_ff]]",[],28,mlp,up_proj,2,model.layers.28.mlp.up_proj,aten.t.default,[model.layers.28.mlp.up_proj.weight],decode,True
4299,mlp,up_proj,view,"[[B, 1, d_model]]",,,"[[B, d_model]]",[4292],28,mlp,up_proj,2,model.layers.28.mlp.up_proj,aten.view.default,[],decode,True
4300,mlp,up_proj,matmul,"[[B, d_model], [d_model, d_ff]]","[d_ff, d_model]",1,"[[B, d_ff]]","[4298, 4299]",28,mlp,up_proj,2,model.layers.28.mlp.up_proj,aten.mm.default,[model.layers.28.mlp.up_proj.weight],decode,False
4301,mlp,up_proj,_unsafe_view,"[[B, d_ff]]",,,"[[B, 1, d_ff]]",[4300],28,mlp,up_proj,2,model.layers.28.mlp.up_proj,aten._unsafe_view.default,[],decode,True
4302,mlp,,elementwise_mul,"[[B, 1, d_ff], [B, 1, d_ff]]",,,"[[B, 1, d_ff]]","[4297, 4301]",28,mlp,,1,model.layers.28.mlp,aten.mul.Tensor,[],decode,False
4303,mlp,down_proj,t,"[[d_model, d_ff]]","[d_model, d_ff]",0,"[[d_ff, d_model]]",[],28,mlp,down_proj,2,model.layers.28.mlp.down_proj,aten.t.default,[model.layers.28.mlp.down_proj.weight],decode,True
4304,mlp,down_proj,view,"[[B, 1, d_ff]]",,,"[[B, d_ff]]",[4302],28,mlp,down_proj,2,model.layers.28.mlp.down_proj,aten.view.default,[],decode,True
4305,mlp,down_proj,matmul,"[[B, d_ff], [d_ff, d_model]]","[d_model, d_ff]",1,"[[B, d_model]]","[4303, 4304]",28,mlp,down_proj,2,model.layers.28.mlp.down_proj,aten.mm.default,[model.layers.28.mlp.down_proj.weight],decode,False
4306,mlp,down_proj,_unsafe_view,"[[B, d_model]]",,,"[[B, 1, d_model]]",[4305],28,mlp,down_proj,2,model.layers.28.mlp.down_proj,aten._unsafe_view.default,[],decode,True
4307,,,elementwise_add,"[[B, 1, d_model], [B, 1, d_model]]",,,"[[B, 1, d_model]]","[4282, 4306]",28,,,0,model.layers.28,aten.add.Tensor,[],decode,False
4308,input_layernorm,,_to_copy,"[[B, 1, d_model]]",,,"[[B, 1, d_model]]",[4307],29,input_layernorm,,1,model.layers.29.input_layernorm,aten._to_copy.default,[],decode,True
4309,input_layernorm,,pow,"[[B, 1, d_model]]",,,"[[B, 1, d_model]]",[4308],29,input_layernorm,,1,model.layers.29.input_layernorm,aten.pow.Tensor_Scalar,[],decode,False
4310,input_layernorm,,mean,"[[B, 1, d_model]]",,,"[[B, 1, 1]]",[4309],29,input_layernorm,,1,model.layers.29.input_layernorm,aten.mean.dim,[],decode,False
4311,input_layernorm,,elementwise_add,"[[B, 1, 1]]",,,"[[B, 1, 1]]",[4310],29,input_layernorm,,1,model.layers.29.input_layernorm,aten.add.Tensor,[],decode,False
4312,input_layernorm,,rsqrt,"[[B, 1, 1]]",,,"[[B, 1, 1]]",[4311],29,input_layernorm,,1,model.layers.29.input_layernorm,aten.rsqrt.default,[],decode,False
4313,input_layernorm,,elementwise_mul,"[[B, 1, d_model], [B, 1, 1]]",,,"[[B, 1, d_model]]","[4308, 4312]",29,input_layernorm,,1,model.layers.29.input_layernorm,aten.mul.Tensor,[],decode,False
4314,input_layernorm,,_to_copy,[[d_model]],,,[[d_model]],[],29,input_layernorm,,1,model.layers.29.input_layernorm,aten._to_copy.default,[model.layers.29.input_layernorm.weight],decode,True
4315,input_layernorm,,elementwise_add,[[d_model]],,,[[d_model]],[4314],29,input_layernorm,,1,model.layers.29.input_layernorm,aten.add.Tensor,[model.layers.29.input_layernorm.weight],decode,False
4316,input_layernorm,,elementwise_mul,"[[B, 1, d_model], [d_model]]",,,"[[B, 1, d_model]]","[4313, 4315]",29,input_layernorm,,1,model.layers.29.input_layernorm,aten.mul.Tensor,[],decode,False
4317,input_layernorm,,_to_copy,"[[B, 1, d_model]]",,,"[[B, 1, d_model]]",[4316],29,input_layernorm,,1,model.layers.29.input_layernorm,aten._to_copy.default,[],decode,True
4318,linear_attn,in_proj_qkv,t,"[[2*d_k_lin+d_v_lin, d_model]]","[2*d_k_lin+d_v_lin, d_model]",0,"[[d_model, 2*d_k_lin+d_v_lin]]",[],29,linear_attn,in_proj_qkv,2,model.layers.29.linear_attn.in_proj_qkv,aten.t.default,[model.layers.29.linear_attn.in_proj_qkv.weight],decode,True
4319,linear_attn,in_proj_qkv,view,"[[B, 1, d_model]]",,,"[[B, d_model]]",[4317],29,linear_attn,in_proj_qkv,2,model.layers.29.linear_attn.in_proj_qkv,aten.view.default,[],decode,True
4320,linear_attn,in_proj_qkv,matmul,"[[B, d_model], [d_model, 2*d_k_lin+d_v_lin]]","[2*d_k_lin+d_v_lin, d_model]",1,"[[B, 2*d_k_lin+d_v_lin]]","[4318, 4319]",29,linear_attn,in_proj_qkv,2,model.layers.29.linear_attn.in_proj_qkv,aten.mm.default,[model.layers.29.linear_attn.in_proj_qkv.weight],decode,False
4321,linear_attn,in_proj_qkv,_unsafe_view,"[[B, 2*d_k_lin+d_v_lin]]",,,"[[B, 1, 2*d_k_lin+d_v_lin]]",[4320],29,linear_attn,in_proj_qkv,2,model.layers.29.linear_attn.in_proj_qkv,aten._unsafe_view.default,[],decode,True
4322,linear_attn,,transpose,"[[B, 1, 2*d_k_lin+d_v_lin]]",,,"[[B, 2*d_k_lin+d_v_lin, 1]]",[4321],29,linear_attn,,1,model.layers.29.linear_attn,aten.transpose.int,[],decode,True
4323,linear_attn,in_proj_z,t,"[[n_v*d_v, d_model]]","[n_v*d_v, d_model]",0,"[[d_model, n_v*d_v]]",[],29,linear_attn,in_proj_z,2,model.layers.29.linear_attn.in_proj_z,aten.t.default,[model.layers.29.linear_attn.in_proj_z.weight],decode,True
4324,linear_attn,in_proj_z,view,"[[B, 1, d_model]]",,,"[[B, d_model]]",[4317],29,linear_attn,in_proj_z,2,model.layers.29.linear_attn.in_proj_z,aten.view.default,[],decode,True
4325,linear_attn,in_proj_z,matmul,"[[B, d_model], [d_model, n_v*d_v]]","[n_v*d_v, d_model]",1,"[[B, n_v*d_v]]","[4323, 4324]",29,linear_attn,in_proj_z,2,model.layers.29.linear_attn.in_proj_z,aten.mm.default,[model.layers.29.linear_attn.in_proj_z.weight],decode,False
4326,linear_attn,in_proj_z,_unsafe_view,"[[B, n_v*d_v]]",,,"[[B, 1, n_v*d_v]]",[4325],29,linear_attn,in_proj_z,2,model.layers.29.linear_attn.in_proj_z,aten._unsafe_view.default,[],decode,True
4327,linear_attn,,view,"[[B, 1, n_v*d_v]]",,,"[[B, 1, n_h_lin_v, d_head_lin_v]]",[4326],29,linear_attn,,1,model.layers.29.linear_attn,aten.view.default,[],decode,True
4328,linear_attn,in_proj_b,t,"[[n_h_lin_v, d_model]]","[n_h_lin_v, d_model]",0,"[[d_model, n_h_lin_v]]",[],29,linear_attn,in_proj_b,2,model.layers.29.linear_attn.in_proj_b,aten.t.default,[model.layers.29.linear_attn.in_proj_b.weight],decode,True
4329,linear_attn,in_proj_b,view,"[[B, 1, d_model]]",,,"[[B, d_model]]",[4317],29,linear_attn,in_proj_b,2,model.layers.29.linear_attn.in_proj_b,aten.view.default,[],decode,True
4330,linear_attn,in_proj_b,matmul,"[[B, d_model], [d_model, n_h_lin_v]]","[n_h_lin_v, d_model]",1,"[[B, n_h_lin_v]]","[4328, 4329]",29,linear_attn,in_proj_b,2,model.layers.29.linear_attn.in_proj_b,aten.mm.default,[model.layers.29.linear_attn.in_proj_b.weight],decode,False
4331,linear_attn,in_proj_b,_unsafe_view,"[[B, n_h_lin_v]]",,,"[[B, 1, n_h_lin_v]]",[4330],29,linear_attn,in_proj_b,2,model.layers.29.linear_attn.in_proj_b,aten._unsafe_view.default,[],decode,True
4332,linear_attn,in_proj_a,t,"[[n_h_lin_v, d_model]]","[n_h_lin_v, d_model]",0,"[[d_model, n_h_lin_v]]",[],29,linear_attn,in_proj_a,2,model.layers.29.linear_attn.in_proj_a,aten.t.default,[model.layers.29.linear_attn.in_proj_a.weight],decode,True
4333,linear_attn,in_proj_a,view,"[[B, 1, d_model]]",,,"[[B, d_model]]",[4317],29,linear_attn,in_proj_a,2,model.layers.29.linear_attn.in_proj_a,aten.view.default,[],decode,True
4334,linear_attn,in_proj_a,matmul,"[[B, d_model], [d_model, n_h_lin_v]]","[n_h_lin_v, d_model]",1,"[[B, n_h_lin_v]]","[4332, 4333]",29,linear_attn,in_proj_a,2,model.layers.29.linear_attn.in_proj_a,aten.mm.default,[model.layers.29.linear_attn.in_proj_a.weight],decode,False
4335,linear_attn,in_proj_a,_unsafe_view,"[[B, n_h_lin_v]]",,,"[[B, 1, n_h_lin_v]]",[4334],29,linear_attn,in_proj_a,2,model.layers.29.linear_attn.in_proj_a,aten._unsafe_view.default,[],decode,True
4336,linear_attn,,squeeze,"[[2*d_k_lin+d_v_lin, 1, d_conv_lin]]","[2*d_k_lin+d_v_lin, 1, d_conv_lin]",0,"[[2*d_k_lin+d_v_lin, d_conv_lin]]",[],29,linear_attn,,1,model.layers.29.linear_attn,aten.squeeze.dim,[model.layers.29.linear_attn.conv1d.weight],decode,True
4337,linear_attn,,concat,"[[B, 2*d_k_lin+d_v_lin, d_conv_lin], [B, 2*d_k_lin+d_v_lin, 1]]",,,"[[B, 2*d_k_lin+d_v_lin, 5]]",[4322],29,linear_attn,,1,model.layers.29.linear_attn,aten.cat.default,[],decode,False
4338,linear_attn,,slice,"[[B, 2*d_k_lin+d_v_lin, 5]]",,,"[[B, 2*d_k_lin+d_v_lin, d_conv_lin]]",[4337],29,linear_attn,,1,model.layers.29.linear_attn,aten.slice.Tensor,[],decode,True
4339,linear_attn,,copy_,"[[B, 2*d_k_lin+d_v_lin, d_conv_lin], [B, 2*d_k_lin+d_v_lin, d_conv_lin]]",,,"[[B, 2*d_k_lin+d_v_lin, d_conv_lin]]",[4338],29,linear_attn,,1,model.layers.29.linear_attn,aten.copy_.default,[],decode,True
4340,linear_attn,,unsqueeze,"[[2*d_k_lin+d_v_lin, d_conv_lin]]",,,"[[2*d_k_lin+d_v_lin, 1, d_conv_lin]]",[4336],29,linear_attn,,1,model.layers.29.linear_attn,aten.unsqueeze.default,[],decode,True
4341,linear_attn,,conv1d,"[[B, 2*d_k_lin+d_v_lin, 5], [2*d_k_lin+d_v_lin, 1, d_conv_lin]]",,,"[[B, 2*d_k_lin+d_v_lin, 2]]","[4337, 4340]",29,linear_attn,,1,model.layers.29.linear_attn,aten.convolution.default,[],decode,False
4342,linear_attn,,slice,"[[B, 2*d_k_lin+d_v_lin, 2]]",,,"[[B, 2*d_k_lin+d_v_lin, 1]]",[4341],29,linear_attn,,1,model.layers.29.linear_attn,aten.slice.Tensor,[],decode,True
4343,linear_attn,,silu,"[[B, 2*d_k_lin+d_v_lin, 1]]",,,"[[B, 2*d_k_lin+d_v_lin, 1]]",[4342],29,linear_attn,,1,model.layers.29.linear_attn,aten.silu.default,[],decode,False
4344,linear_attn,,transpose,"[[B, 2*d_k_lin+d_v_lin, 1]]",,,"[[B, 1, 2*d_k_lin+d_v_lin]]",[4343],29,linear_attn,,1,model.layers.29.linear_attn,aten.transpose.int,[],decode,True
4345,linear_attn,,split_with_sizes,"[[B, 1, 2*d_k_lin+d_v_lin]]",,,"[[B, 1, n_k*d_k], [B, 1, n_k*d_k], [B, 1, n_v*d_v]]",[4344],29,linear_attn,,1,model.layers.29.linear_attn,aten.split_with_sizes.default,[],decode,True
4346,linear_attn,,view,"[[B, 1, n_k*d_k]]",,,"[[B, 1, n_h_lin_k, d_head_lin_k]]",[4345],29,linear_attn,,1,model.layers.29.linear_attn,aten.view.default,[],decode,True
4347,linear_attn,,view,"[[B, 1, n_k*d_k]]",,,"[[B, 1, n_h_lin_k, d_head_lin_k]]",[4345],29,linear_attn,,1,model.layers.29.linear_attn,aten.view.default,[],decode,True
4348,linear_attn,,view,"[[B, 1, n_v*d_v]]",,,"[[B, 1, n_h_lin_v, d_head_lin_v]]",[4345],29,linear_attn,,1,model.layers.29.linear_attn,aten.view.default,[],decode,True
4349,linear_attn,,sigmoid,"[[B, 1, n_h_lin_v]]",,,"[[B, 1, n_h_lin_v]]",[4331],29,linear_attn,,1,model.layers.29.linear_attn,aten.sigmoid.default,[],decode,False
4350,linear_attn,,_to_copy,[[n_h_lin_v]],,,[[n_h_lin_v]],[],29,linear_attn,,1,model.layers.29.linear_attn,aten._to_copy.default,[model.layers.29.linear_attn.A_log],decode,True
4351,linear_attn,,exp,[[n_h_lin_v]],,,[[n_h_lin_v]],[4350],29,linear_attn,,1,model.layers.29.linear_attn,aten.exp.default,[model.layers.29.linear_attn.A_log],decode,False
4352,linear_attn,,neg,[[n_h_lin_v]],,,[[n_h_lin_v]],[4351],29,linear_attn,,1,model.layers.29.linear_attn,aten.neg.default,[],decode,False
4353,linear_attn,,_to_copy,"[[B, 1, n_h_lin_v]]",,,"[[B, 1, n_h_lin_v]]",[4335],29,linear_attn,,1,model.layers.29.linear_attn,aten._to_copy.default,[],decode,True
4354,linear_attn,,elementwise_add,"[[B, 1, n_h_lin_v], [n_h_lin_v]]",,,"[[B, 1, n_h_lin_v]]",[4353],29,linear_attn,,1,model.layers.29.linear_attn,aten.add.Tensor,[model.layers.29.linear_attn.dt_bias],decode,False
4355,linear_attn,,softplus,"[[B, 1, n_h_lin_v]]",,,"[[B, 1, n_h_lin_v]]",[4354],29,linear_attn,,1,model.layers.29.linear_attn,aten.softplus.default,[],decode,True
4356,linear_attn,,elementwise_mul,"[[n_h_lin_v], [B, 1, n_h_lin_v]]",,,"[[B, 1, n_h_lin_v]]","[4352, 4355]",29,linear_attn,,1,model.layers.29.linear_attn,aten.mul.Tensor,[],decode,False
4357,linear_attn,,unsqueeze,"[[B, 1, n_h_lin_k, d_head_lin_k]]",,,"[[B, 1, n_h_lin_k, 1, d_head_lin_k]]",[4346],29,linear_attn,,1,model.layers.29.linear_attn,aten.unsqueeze.default,[],decode,True
4358,linear_attn,,expand,"[[B, 1, n_h_lin_k, 1, d_head_lin_k]]",,,"[[B, 1, n_h_lin_k, n_v/n_k, d_head_lin_k]]",[4357],29,linear_attn,,1,model.layers.29.linear_attn,aten.expand.default,[],decode,True
4359,linear_attn,,clone,"[[B, 1, n_h_lin_k, n_v/n_k, d_head_lin_k]]",,,"[[B, 1, n_h_lin_k, n_v/n_k, d_head_lin_k]]",[4358],29,linear_attn,,1,model.layers.29.linear_attn,aten.clone.default,[],decode,True
4360,linear_attn,,view,"[[B, 1, n_h_lin_k, n_v/n_k, d_head_lin_k]]",,,"[[B, 1, n_h_lin_v, d_head_lin_k]]",[4359],29,linear_attn,,1,model.layers.29.linear_attn,aten.view.default,[],decode,True
4361,linear_attn,,unsqueeze,"[[B, 1, n_h_lin_k, d_head_lin_k]]",,,"[[B, 1, n_h_lin_k, 1, d_head_lin_k]]",[4347],29,linear_attn,,1,model.layers.29.linear_attn,aten.unsqueeze.default,[],decode,True
4362,linear_attn,,expand,"[[B, 1, n_h_lin_k, 1, d_head_lin_k]]",,,"[[B, 1, n_h_lin_k, n_v/n_k, d_head_lin_k]]",[4361],29,linear_attn,,1,model.layers.29.linear_attn,aten.expand.default,[],decode,True
4363,linear_attn,,clone,"[[B, 1, n_h_lin_k, n_v/n_k, d_head_lin_k]]",,,"[[B, 1, n_h_lin_k, n_v/n_k, d_head_lin_k]]",[4362],29,linear_attn,,1,model.layers.29.linear_attn,aten.clone.default,[],decode,True
4364,linear_attn,,view,"[[B, 1, n_h_lin_k, n_v/n_k, d_head_lin_k]]",,,"[[B, 1, n_h_lin_v, d_head_lin_k]]",[4363],29,linear_attn,,1,model.layers.29.linear_attn,aten.view.default,[],decode,True
4365,linear_attn,,elementwise_mul,"[[B, 1, n_h_lin_v, d_head_lin_k], [B, 1, n_h_lin_v, d_head_lin_k]]",,,"[[B, 1, n_h_lin_v, d_head_lin_k]]",[4360],29,linear_attn,,1,model.layers.29.linear_attn,aten.mul.Tensor,[],decode,False
4366,linear_attn,,sum,"[[B, 1, n_h_lin_v, d_head_lin_k]]",,,"[[B, 1, n_h_lin_v, 1]]",[4365],29,linear_attn,,1,model.layers.29.linear_attn,aten.sum.dim_IntList,[],decode,True
4367,linear_attn,,elementwise_add,"[[B, 1, n_h_lin_v, 1]]",,,"[[B, 1, n_h_lin_v, 1]]",[4366],29,linear_attn,,1,model.layers.29.linear_attn,aten.add.Tensor,[],decode,False
4368,linear_attn,,rsqrt,"[[B, 1, n_h_lin_v, 1]]",,,"[[B, 1, n_h_lin_v, 1]]",[4367],29,linear_attn,,1,model.layers.29.linear_attn,aten.rsqrt.default,[],decode,False
4369,linear_attn,,elementwise_mul,"[[B, 1, n_h_lin_v, d_head_lin_k], [B, 1, n_h_lin_v, 1]]",,,"[[B, 1, n_h_lin_v, d_head_lin_k]]","[4360, 4368]",29,linear_attn,,1,model.layers.29.linear_attn,aten.mul.Tensor,[],decode,False
4370,linear_attn,,elementwise_mul,"[[B, 1, n_h_lin_v, d_head_lin_k], [B, 1, n_h_lin_v, d_head_lin_k]]",,,"[[B, 1, n_h_lin_v, d_head_lin_k]]",[4364],29,linear_attn,,1,model.layers.29.linear_attn,aten.mul.Tensor,[],decode,False
4371,linear_attn,,sum,"[[B, 1, n_h_lin_v, d_head_lin_k]]",,,"[[B, 1, n_h_lin_v, 1]]",[4370],29,linear_attn,,1,model.layers.29.linear_attn,aten.sum.dim_IntList,[],decode,True
4372,linear_attn,,elementwise_add,"[[B, 1, n_h_lin_v, 1]]",,,"[[B, 1, n_h_lin_v, 1]]",[4371],29,linear_attn,,1,model.layers.29.linear_attn,aten.add.Tensor,[],decode,False
4373,linear_attn,,rsqrt,"[[B, 1, n_h_lin_v, 1]]",,,"[[B, 1, n_h_lin_v, 1]]",[4372],29,linear_attn,,1,model.layers.29.linear_attn,aten.rsqrt.default,[],decode,False
4374,linear_attn,,elementwise_mul,"[[B, 1, n_h_lin_v, d_head_lin_k], [B, 1, n_h_lin_v, 1]]",,,"[[B, 1, n_h_lin_v, d_head_lin_k]]","[4364, 4373]",29,linear_attn,,1,model.layers.29.linear_attn,aten.mul.Tensor,[],decode,False
4375,linear_attn,,transpose,"[[B, 1, n_h_lin_v, d_head_lin_k]]",,,"[[B, n_h_lin_v, 1, d_head_lin_k]]",[4369],29,linear_attn,,1,model.layers.29.linear_attn,aten.transpose.int,[],decode,True
4376,linear_attn,,_to_copy,"[[B, n_h_lin_v, 1, d_head_lin_k]]",,,"[[B, n_h_lin_v, 1, d_head_lin_k]]",[4375],29,linear_attn,,1,model.layers.29.linear_attn,aten._to_copy.default,[],decode,True
4377,linear_attn,,transpose,"[[B, 1, n_h_lin_v, d_head_lin_k]]",,,"[[B, n_h_lin_v, 1, d_head_lin_k]]",[4374],29,linear_attn,,1,model.layers.29.linear_attn,aten.transpose.int,[],decode,True
4378,linear_attn,,_to_copy,"[[B, n_h_lin_v, 1, d_head_lin_k]]",,,"[[B, n_h_lin_v, 1, d_head_lin_k]]",[4377],29,linear_attn,,1,model.layers.29.linear_attn,aten._to_copy.default,[],decode,True
4379,linear_attn,,transpose,"[[B, 1, n_h_lin_v, d_head_lin_v]]",,,"[[B, n_h_lin_v, 1, d_head_lin_v]]",[4348],29,linear_attn,,1,model.layers.29.linear_attn,aten.transpose.int,[],decode,True
4380,linear_attn,,_to_copy,"[[B, n_h_lin_v, 1, d_head_lin_v]]",,,"[[B, n_h_lin_v, 1, d_head_lin_v]]",[4379],29,linear_attn,,1,model.layers.29.linear_attn,aten._to_copy.default,[],decode,True
4381,linear_attn,,transpose,"[[B, 1, n_h_lin_v]]",,,"[[B, n_h_lin_v, 1]]",[4349],29,linear_attn,,1,model.layers.29.linear_attn,aten.transpose.int,[],decode,True
4382,linear_attn,,_to_copy,"[[B, n_h_lin_v, 1]]",,,"[[B, n_h_lin_v, 1]]",[4381],29,linear_attn,,1,model.layers.29.linear_attn,aten._to_copy.default,[],decode,True
4383,linear_attn,,transpose,"[[B, 1, n_h_lin_v]]",,,"[[B, n_h_lin_v, 1]]",[4356],29,linear_attn,,1,model.layers.29.linear_attn,aten.transpose.int,[],decode,True
4384,linear_attn,,elementwise_mul,"[[B, n_h_lin_v, 1, d_head_lin_k]]",,,"[[B, n_h_lin_v, 1, d_head_lin_k]]",[4376],29,linear_attn,,1,model.layers.29.linear_attn,aten.mul.Tensor,[],decode,False
4385,linear_attn,,zeros,[],,,"[[B, n_h_lin_v, 1, d_head_lin_v]]",[],29,linear_attn,,1,model.layers.29.linear_attn,aten.zeros.default,[],decode,True
4386,linear_attn,,select,"[[B, n_h_lin_v, 1, d_head_lin_k]]",,,"[[B, n_h_lin_v, d_head_lin_k]]",[4384],29,linear_attn,,1,model.layers.29.linear_attn,aten.select.int,[],decode,True
4387,linear_attn,,select,"[[B, n_h_lin_v, 1, d_head_lin_k]]",,,"[[B, n_h_lin_v, d_head_lin_k]]",[4378],29,linear_attn,,1,model.layers.29.linear_attn,aten.select.int,[],decode,True
4388,linear_attn,,select,"[[B, n_h_lin_v, 1, d_head_lin_v]]",,,"[[B, n_h_lin_v, d_head_lin_v]]",[4380],29,linear_attn,,1,model.layers.29.linear_attn,aten.select.int,[],decode,True
4389,linear_attn,,select,"[[B, n_h_lin_v, 1]]",,,"[[B, n_h_lin_v]]",[4383],29,linear_attn,,1,model.layers.29.linear_attn,aten.select.int,[],decode,True
4390,linear_attn,,exp,"[[B, n_h_lin_v]]",,,"[[B, n_h_lin_v]]",[4389],29,linear_attn,,1,model.layers.29.linear_attn,aten.exp.default,[],decode,False
4391,linear_attn,,unsqueeze,"[[B, n_h_lin_v]]",,,"[[B, n_h_lin_v, 1]]",[4390],29,linear_attn,,1,model.layers.29.linear_attn,aten.unsqueeze.default,[],decode,True
4392,linear_attn,,unsqueeze,"[[B, n_h_lin_v, 1]]",,,"[[B, n_h_lin_v, 1, 1]]",[4391],29,linear_attn,,1,model.layers.29.linear_attn,aten.unsqueeze.default,[],decode,True
4393,linear_attn,,select,"[[B, n_h_lin_v, 1]]",,,"[[B, n_h_lin_v]]",[4382],29,linear_attn,,1,model.layers.29.linear_attn,aten.select.int,[],decode,True
4394,linear_attn,,unsqueeze,"[[B, n_h_lin_v]]",,,"[[B, n_h_lin_v, 1]]",[4393],29,linear_attn,,1,model.layers.29.linear_attn,aten.unsqueeze.default,[],decode,True
4395,linear_attn,,elementwise_mul,"[[B, n_h_lin_v, d_head_lin_k, d_head_lin_v], [B, n_h_lin_v, 1, 1]]",,,"[[B, n_h_lin_v, d_head_lin_k, d_head_lin_v]]",[4392],29,linear_attn,,1,model.layers.29.linear_attn,aten.mul.Tensor,[],decode,False
4396,linear_attn,,unsqueeze,"[[B, n_h_lin_v, d_head_lin_k]]",,,"[[B, n_h_lin_v, d_head_lin_k, 1]]",[4387],29,linear_attn,,1,model.layers.29.linear_attn,aten.unsqueeze.default,[],decode,True
4397,linear_attn,,elementwise_mul,"[[B, n_h_lin_v, d_head_lin_k, d_head_lin_v], [B, n_h_lin_v, d_head_lin_k, 1]]",,,"[[B, n_h_lin_v, d_head_lin_k, d_head_lin_v]]","[4395, 4396]",29,linear_attn,,1,model.layers.29.linear_attn,aten.mul.Tensor,[],decode,False
4398,linear_attn,,sum,"[[B, n_h_lin_v, d_head_lin_k, d_head_lin_v]]",,,"[[B, n_h_lin_v, d_head_lin_v]]",[4397],29,linear_attn,,1,model.layers.29.linear_attn,aten.sum.dim_IntList,[],decode,True
4399,linear_attn,,sub,"[[B, n_h_lin_v, d_head_lin_v], [B, n_h_lin_v, d_head_lin_v]]",,,"[[B, n_h_lin_v, d_head_lin_v]]","[4388, 4398]",29,linear_attn,,1,model.layers.29.linear_attn,aten.sub.Tensor,[],decode,True
4400,linear_attn,,elementwise_mul,"[[B, n_h_lin_v, d_head_lin_v], [B, n_h_lin_v, 1]]",,,"[[B, n_h_lin_v, d_head_lin_v]]","[4394, 4399]",29,linear_attn,,1,model.layers.29.linear_attn,aten.mul.Tensor,[],decode,False
4401,linear_attn,,unsqueeze,"[[B, n_h_lin_v, d_head_lin_k]]",,,"[[B, n_h_lin_v, d_head_lin_k, 1]]",[4387],29,linear_attn,,1,model.layers.29.linear_attn,aten.unsqueeze.default,[],decode,True
4402,linear_attn,,unsqueeze,"[[B, n_h_lin_v, d_head_lin_v]]",,,"[[B, n_h_lin_v, 1, d_head_lin_v]]",[4400],29,linear_attn,,1,model.layers.29.linear_attn,aten.unsqueeze.default,[],decode,True
4403,linear_attn,,elementwise_mul,"[[B, n_h_lin_v, d_head_lin_k, 1], [B, n_h_lin_v, 1, d_head_lin_v]]",,,"[[B, n_h_lin_v, d_head_lin_k, d_head_lin_v]]","[4401, 4402]",29,linear_attn,,1,model.layers.29.linear_attn,aten.mul.Tensor,[],decode,False
4404,linear_attn,,elementwise_add,"[[B, n_h_lin_v, d_head_lin_k, d_head_lin_v], [B, n_h_lin_v, d_head_lin_k, d_head_lin_v]]",,,"[[B, n_h_lin_v, d_head_lin_k, d_head_lin_v]]","[4395, 4403]",29,linear_attn,,1,model.layers.29.linear_attn,aten.add.Tensor,[],decode,False
4405,linear_attn,,unsqueeze,"[[B, n_h_lin_v, d_head_lin_k]]",,,"[[B, n_h_lin_v, d_head_lin_k, 1]]",[4386],29,linear_attn,,1,model.layers.29.linear_attn,aten.unsqueeze.default,[],decode,True
4406,linear_attn,,elementwise_mul,"[[B, n_h_lin_v, d_head_lin_k, d_head_lin_v], [B, n_h_lin_v, d_head_lin_k, 1]]",,,"[[B, n_h_lin_v, d_head_lin_k, d_head_lin_v]]","[4404, 4405]",29,linear_attn,,1,model.layers.29.linear_attn,aten.mul.Tensor,[],decode,False
4407,linear_attn,,sum,"[[B, n_h_lin_v, d_head_lin_k, d_head_lin_v]]",,,"[[B, n_h_lin_v, d_head_lin_v]]",[4406],29,linear_attn,,1,model.layers.29.linear_attn,aten.sum.dim_IntList,[],decode,True
4408,linear_attn,,select,"[[B, n_h_lin_v, 1, d_head_lin_v]]",,,"[[B, n_h_lin_v, d_head_lin_v]]",[4385],29,linear_attn,,1,model.layers.29.linear_attn,aten.select.int,[],decode,True
4409,linear_attn,,copy_,"[[B, n_h_lin_v, d_head_lin_v], [B, n_h_lin_v, d_head_lin_v]]",,,"[[B, n_h_lin_v, d_head_lin_v]]","[4407, 4408]",29,linear_attn,,1,model.layers.29.linear_attn,aten.copy_.default,[],decode,True
4410,linear_attn,,transpose,"[[B, n_h_lin_v, 1, d_head_lin_v]]",,,"[[B, 1, n_h_lin_v, d_head_lin_v]]",[4385],29,linear_attn,,1,model.layers.29.linear_attn,aten.transpose.int,[],decode,True
4411,linear_attn,,_to_copy,"[[B, 1, n_h_lin_v, d_head_lin_v]]",,,"[[B, 1, n_h_lin_v, d_head_lin_v]]",[4410],29,linear_attn,,1,model.layers.29.linear_attn,aten._to_copy.default,[],decode,True
4412,linear_attn,,copy_,"[[B, n_h_lin_v, d_head_lin_k, d_head_lin_v], [B, n_h_lin_v, d_head_lin_k, d_head_lin_v]]",,,"[[B, n_h_lin_v, d_head_lin_k, d_head_lin_v]]",[4404],29,linear_attn,,1,model.layers.29.linear_attn,aten.copy_.default,[],decode,True
4413,linear_attn,,view,"[[B, 1, n_h_lin_v, d_head_lin_v]]",,,"[[n_h_lin_v, d_head_lin_v]]",[4411],29,linear_attn,,1,model.layers.29.linear_attn,aten.view.default,[],decode,True
4414,linear_attn,,view,"[[B, 1, n_h_lin_v, d_head_lin_v]]",,,"[[n_h_lin_v, d_head_lin_v]]",[4327],29,linear_attn,,1,model.layers.29.linear_attn,aten.view.default,[],decode,True
4415,linear_attn,norm,_to_copy,"[[n_h_lin_v, d_head_lin_v]]",,,"[[n_h_lin_v, d_head_lin_v]]",[4413],29,linear_attn,norm,2,model.layers.29.linear_attn.norm,aten._to_copy.default,[],decode,True
4416,linear_attn,norm,pow,"[[n_h_lin_v, d_head_lin_v]]",,,"[[n_h_lin_v, d_head_lin_v]]",[4415],29,linear_attn,norm,2,model.layers.29.linear_attn.norm,aten.pow.Tensor_Scalar,[],decode,False
4417,linear_attn,norm,mean,"[[n_h_lin_v, d_head_lin_v]]",,,"[[n_h_lin_v, B]]",[4416],29,linear_attn,norm,2,model.layers.29.linear_attn.norm,aten.mean.dim,[],decode,False
4418,linear_attn,norm,elementwise_add,"[[n_h_lin_v, B]]",,,"[[n_h_lin_v, B]]",[4417],29,linear_attn,norm,2,model.layers.29.linear_attn.norm,aten.add.Tensor,[],decode,False
4419,linear_attn,norm,rsqrt,"[[n_h_lin_v, B]]",,,"[[n_h_lin_v, B]]",[4418],29,linear_attn,norm,2,model.layers.29.linear_attn.norm,aten.rsqrt.default,[],decode,False
4420,linear_attn,norm,elementwise_mul,"[[n_h_lin_v, d_head_lin_v], [n_h_lin_v, B]]",,,"[[n_h_lin_v, d_head_lin_v]]","[4415, 4419]",29,linear_attn,norm,2,model.layers.29.linear_attn.norm,aten.mul.Tensor,[],decode,False
4421,linear_attn,norm,_to_copy,"[[n_h_lin_v, d_head_lin_v]]",,,"[[n_h_lin_v, d_head_lin_v]]",[4420],29,linear_attn,norm,2,model.layers.29.linear_attn.norm,aten._to_copy.default,[],decode,True
4422,linear_attn,norm,elementwise_mul,"[[d_head_lin_v], [n_h_lin_v, d_head_lin_v]]",,,"[[n_h_lin_v, d_head_lin_v]]",[4421],29,linear_attn,norm,2,model.layers.29.linear_attn.norm,aten.mul.Tensor,[model.layers.29.linear_attn.norm.weight],decode,False
4423,linear_attn,norm,_to_copy,"[[n_h_lin_v, d_head_lin_v]]",,,"[[n_h_lin_v, d_head_lin_v]]",[4414],29,linear_attn,norm,2,model.layers.29.linear_attn.norm,aten._to_copy.default,[],decode,True
4424,linear_attn,norm,silu,"[[n_h_lin_v, d_head_lin_v]]",,,"[[n_h_lin_v, d_head_lin_v]]",[4423],29,linear_attn,norm,2,model.layers.29.linear_attn.norm,aten.silu.default,[],decode,False
4425,linear_attn,norm,elementwise_mul,"[[n_h_lin_v, d_head_lin_v], [n_h_lin_v, d_head_lin_v]]",,,"[[n_h_lin_v, d_head_lin_v]]","[4422, 4424]",29,linear_attn,norm,2,model.layers.29.linear_attn.norm,aten.mul.Tensor,[],decode,False
4426,linear_attn,norm,_to_copy,"[[n_h_lin_v, d_head_lin_v]]",,,"[[n_h_lin_v, d_head_lin_v]]",[4425],29,linear_attn,norm,2,model.layers.29.linear_attn.norm,aten._to_copy.default,[],decode,True
4427,linear_attn,,view,"[[n_h_lin_v, d_head_lin_v]]",,,"[[B, 1, n_v*d_v]]",[4426],29,linear_attn,,1,model.layers.29.linear_attn,aten.view.default,[],decode,True
4428,linear_attn,out_proj,t,"[[d_model, n_v*d_v]]","[d_model, n_v*d_v]",0,"[[n_v*d_v, d_model]]",[],29,linear_attn,out_proj,2,model.layers.29.linear_attn.out_proj,aten.t.default,[model.layers.29.linear_attn.out_proj.weight],decode,True
4429,linear_attn,out_proj,view,"[[B, 1, n_v*d_v]]",,,"[[B, n_v*d_v]]",[4427],29,linear_attn,out_proj,2,model.layers.29.linear_attn.out_proj,aten.view.default,[],decode,True
4430,linear_attn,out_proj,matmul,"[[B, n_v*d_v], [n_v*d_v, d_model]]","[d_model, n_v*d_v]",1,"[[B, d_model]]","[4428, 4429]",29,linear_attn,out_proj,2,model.layers.29.linear_attn.out_proj,aten.mm.default,[model.layers.29.linear_attn.out_proj.weight],decode,False
4431,linear_attn,out_proj,_unsafe_view,"[[B, d_model]]",,,"[[B, 1, d_model]]",[4430],29,linear_attn,out_proj,2,model.layers.29.linear_attn.out_proj,aten._unsafe_view.default,[],decode,True
4432,,,elementwise_add,"[[B, 1, d_model], [B, 1, d_model]]",,,"[[B, 1, d_model]]","[4307, 4431]",29,,,0,model.layers.29,aten.add.Tensor,[],decode,False
4433,post_attention_layernorm,,_to_copy,"[[B, 1, d_model]]",,,"[[B, 1, d_model]]",[4432],29,post_attention_layernorm,,1,model.layers.29.post_attention_layernorm,aten._to_copy.default,[],decode,True
4434,post_attention_layernorm,,pow,"[[B, 1, d_model]]",,,"[[B, 1, d_model]]",[4433],29,post_attention_layernorm,,1,model.layers.29.post_attention_layernorm,aten.pow.Tensor_Scalar,[],decode,False
4435,post_attention_layernorm,,mean,"[[B, 1, d_model]]",,,"[[B, 1, 1]]",[4434],29,post_attention_layernorm,,1,model.layers.29.post_attention_layernorm,aten.mean.dim,[],decode,False
4436,post_attention_layernorm,,elementwise_add,"[[B, 1, 1]]",,,"[[B, 1, 1]]",[4435],29,post_attention_layernorm,,1,model.layers.29.post_attention_layernorm,aten.add.Tensor,[],decode,False
4437,post_attention_layernorm,,rsqrt,"[[B, 1, 1]]",,,"[[B, 1, 1]]",[4436],29,post_attention_layernorm,,1,model.layers.29.post_attention_layernorm,aten.rsqrt.default,[],decode,False
4438,post_attention_layernorm,,elementwise_mul,"[[B, 1, d_model], [B, 1, 1]]",,,"[[B, 1, d_model]]","[4433, 4437]",29,post_attention_layernorm,,1,model.layers.29.post_attention_layernorm,aten.mul.Tensor,[],decode,False
4439,post_attention_layernorm,,_to_copy,[[d_model]],,,[[d_model]],[],29,post_attention_layernorm,,1,model.layers.29.post_attention_layernorm,aten._to_copy.default,[model.layers.29.post_attention_layernorm.weight],decode,True
4440,post_attention_layernorm,,elementwise_add,[[d_model]],,,[[d_model]],[4439],29,post_attention_layernorm,,1,model.layers.29.post_attention_layernorm,aten.add.Tensor,[model.layers.29.post_attention_layernorm.weight],decode,False
4441,post_attention_layernorm,,elementwise_mul,"[[B, 1, d_model], [d_model]]",,,"[[B, 1, d_model]]","[4438, 4440]",29,post_attention_layernorm,,1,model.layers.29.post_attention_layernorm,aten.mul.Tensor,[],decode,False
4442,post_attention_layernorm,,_to_copy,"[[B, 1, d_model]]",,,"[[B, 1, d_model]]",[4441],29,post_attention_layernorm,,1,model.layers.29.post_attention_layernorm,aten._to_copy.default,[],decode,True
4443,mlp,gate_proj,t,"[[d_ff, d_model]]","[d_ff, d_model]",0,"[[d_model, d_ff]]",[],29,mlp,gate_proj,2,model.layers.29.mlp.gate_proj,aten.t.default,[model.layers.29.mlp.gate_proj.weight],decode,True
4444,mlp,gate_proj,view,"[[B, 1, d_model]]",,,"[[B, d_model]]",[4442],29,mlp,gate_proj,2,model.layers.29.mlp.gate_proj,aten.view.default,[],decode,True
4445,mlp,gate_proj,matmul,"[[B, d_model], [d_model, d_ff]]","[d_ff, d_model]",1,"[[B, d_ff]]","[4443, 4444]",29,mlp,gate_proj,2,model.layers.29.mlp.gate_proj,aten.mm.default,[model.layers.29.mlp.gate_proj.weight],decode,False
4446,mlp,gate_proj,_unsafe_view,"[[B, d_ff]]",,,"[[B, 1, d_ff]]",[4445],29,mlp,gate_proj,2,model.layers.29.mlp.gate_proj,aten._unsafe_view.default,[],decode,True
4447,mlp,act_fn,silu,"[[B, 1, d_ff]]",,,"[[B, 1, d_ff]]",[4446],29,mlp,act_fn,2,model.layers.29.mlp.act_fn,aten.silu.default,[],decode,False
4448,mlp,up_proj,t,"[[d_ff, d_model]]","[d_ff, d_model]",0,"[[d_model, d_ff]]",[],29,mlp,up_proj,2,model.layers.29.mlp.up_proj,aten.t.default,[model.layers.29.mlp.up_proj.weight],decode,True
4449,mlp,up_proj,view,"[[B, 1, d_model]]",,,"[[B, d_model]]",[4442],29,mlp,up_proj,2,model.layers.29.mlp.up_proj,aten.view.default,[],decode,True
4450,mlp,up_proj,matmul,"[[B, d_model], [d_model, d_ff]]","[d_ff, d_model]",1,"[[B, d_ff]]","[4448, 4449]",29,mlp,up_proj,2,model.layers.29.mlp.up_proj,aten.mm.default,[model.layers.29.mlp.up_proj.weight],decode,False
4451,mlp,up_proj,_unsafe_view,"[[B, d_ff]]",,,"[[B, 1, d_ff]]",[4450],29,mlp,up_proj,2,model.layers.29.mlp.up_proj,aten._unsafe_view.default,[],decode,True
4452,mlp,,elementwise_mul,"[[B, 1, d_ff], [B, 1, d_ff]]",,,"[[B, 1, d_ff]]","[4447, 4451]",29,mlp,,1,model.layers.29.mlp,aten.mul.Tensor,[],decode,False
4453,mlp,down_proj,t,"[[d_model, d_ff]]","[d_model, d_ff]",0,"[[d_ff, d_model]]",[],29,mlp,down_proj,2,model.layers.29.mlp.down_proj,aten.t.default,[model.layers.29.mlp.down_proj.weight],decode,True
4454,mlp,down_proj,view,"[[B, 1, d_ff]]",,,"[[B, d_ff]]",[4452],29,mlp,down_proj,2,model.layers.29.mlp.down_proj,aten.view.default,[],decode,True
4455,mlp,down_proj,matmul,"[[B, d_ff], [d_ff, d_model]]","[d_model, d_ff]",1,"[[B, d_model]]","[4453, 4454]",29,mlp,down_proj,2,model.layers.29.mlp.down_proj,aten.mm.default,[model.layers.29.mlp.down_proj.weight],decode,False
4456,mlp,down_proj,_unsafe_view,"[[B, d_model]]",,,"[[B, 1, d_model]]",[4455],29,mlp,down_proj,2,model.layers.29.mlp.down_proj,aten._unsafe_view.default,[],decode,True
4457,,,elementwise_add,"[[B, 1, d_model], [B, 1, d_model]]",,,"[[B, 1, d_model]]","[4432, 4456]",29,,,0,model.layers.29,aten.add.Tensor,[],decode,False
4458,input_layernorm,,_to_copy,"[[B, 1, d_model]]",,,"[[B, 1, d_model]]",[4457],30,input_layernorm,,1,model.layers.30.input_layernorm,aten._to_copy.default,[],decode,True
4459,input_layernorm,,pow,"[[B, 1, d_model]]",,,"[[B, 1, d_model]]",[4458],30,input_layernorm,,1,model.layers.30.input_layernorm,aten.pow.Tensor_Scalar,[],decode,False
4460,input_layernorm,,mean,"[[B, 1, d_model]]",,,"[[B, 1, 1]]",[4459],30,input_layernorm,,1,model.layers.30.input_layernorm,aten.mean.dim,[],decode,False
4461,input_layernorm,,elementwise_add,"[[B, 1, 1]]",,,"[[B, 1, 1]]",[4460],30,input_layernorm,,1,model.layers.30.input_layernorm,aten.add.Tensor,[],decode,False
4462,input_layernorm,,rsqrt,"[[B, 1, 1]]",,,"[[B, 1, 1]]",[4461],30,input_layernorm,,1,model.layers.30.input_layernorm,aten.rsqrt.default,[],decode,False
4463,input_layernorm,,elementwise_mul,"[[B, 1, d_model], [B, 1, 1]]",,,"[[B, 1, d_model]]","[4458, 4462]",30,input_layernorm,,1,model.layers.30.input_layernorm,aten.mul.Tensor,[],decode,False
4464,input_layernorm,,_to_copy,[[d_model]],,,[[d_model]],[],30,input_layernorm,,1,model.layers.30.input_layernorm,aten._to_copy.default,[model.layers.30.input_layernorm.weight],decode,True
4465,input_layernorm,,elementwise_add,[[d_model]],,,[[d_model]],[4464],30,input_layernorm,,1,model.layers.30.input_layernorm,aten.add.Tensor,[model.layers.30.input_layernorm.weight],decode,False
4466,input_layernorm,,elementwise_mul,"[[B, 1, d_model], [d_model]]",,,"[[B, 1, d_model]]","[4463, 4465]",30,input_layernorm,,1,model.layers.30.input_layernorm,aten.mul.Tensor,[],decode,False
4467,input_layernorm,,_to_copy,"[[B, 1, d_model]]",,,"[[B, 1, d_model]]",[4466],30,input_layernorm,,1,model.layers.30.input_layernorm,aten._to_copy.default,[],decode,True
4468,linear_attn,in_proj_qkv,t,"[[2*d_k_lin+d_v_lin, d_model]]","[2*d_k_lin+d_v_lin, d_model]",0,"[[d_model, 2*d_k_lin+d_v_lin]]",[],30,linear_attn,in_proj_qkv,2,model.layers.30.linear_attn.in_proj_qkv,aten.t.default,[model.layers.30.linear_attn.in_proj_qkv.weight],decode,True
4469,linear_attn,in_proj_qkv,view,"[[B, 1, d_model]]",,,"[[B, d_model]]",[4467],30,linear_attn,in_proj_qkv,2,model.layers.30.linear_attn.in_proj_qkv,aten.view.default,[],decode,True
4470,linear_attn,in_proj_qkv,matmul,"[[B, d_model], [d_model, 2*d_k_lin+d_v_lin]]","[2*d_k_lin+d_v_lin, d_model]",1,"[[B, 2*d_k_lin+d_v_lin]]","[4468, 4469]",30,linear_attn,in_proj_qkv,2,model.layers.30.linear_attn.in_proj_qkv,aten.mm.default,[model.layers.30.linear_attn.in_proj_qkv.weight],decode,False
4471,linear_attn,in_proj_qkv,_unsafe_view,"[[B, 2*d_k_lin+d_v_lin]]",,,"[[B, 1, 2*d_k_lin+d_v_lin]]",[4470],30,linear_attn,in_proj_qkv,2,model.layers.30.linear_attn.in_proj_qkv,aten._unsafe_view.default,[],decode,True
4472,linear_attn,,transpose,"[[B, 1, 2*d_k_lin+d_v_lin]]",,,"[[B, 2*d_k_lin+d_v_lin, 1]]",[4471],30,linear_attn,,1,model.layers.30.linear_attn,aten.transpose.int,[],decode,True
4473,linear_attn,in_proj_z,t,"[[n_v*d_v, d_model]]","[n_v*d_v, d_model]",0,"[[d_model, n_v*d_v]]",[],30,linear_attn,in_proj_z,2,model.layers.30.linear_attn.in_proj_z,aten.t.default,[model.layers.30.linear_attn.in_proj_z.weight],decode,True
4474,linear_attn,in_proj_z,view,"[[B, 1, d_model]]",,,"[[B, d_model]]",[4467],30,linear_attn,in_proj_z,2,model.layers.30.linear_attn.in_proj_z,aten.view.default,[],decode,True
4475,linear_attn,in_proj_z,matmul,"[[B, d_model], [d_model, n_v*d_v]]","[n_v*d_v, d_model]",1,"[[B, n_v*d_v]]","[4473, 4474]",30,linear_attn,in_proj_z,2,model.layers.30.linear_attn.in_proj_z,aten.mm.default,[model.layers.30.linear_attn.in_proj_z.weight],decode,False
4476,linear_attn,in_proj_z,_unsafe_view,"[[B, n_v*d_v]]",,,"[[B, 1, n_v*d_v]]",[4475],30,linear_attn,in_proj_z,2,model.layers.30.linear_attn.in_proj_z,aten._unsafe_view.default,[],decode,True
4477,linear_attn,,view,"[[B, 1, n_v*d_v]]",,,"[[B, 1, n_h_lin_v, d_head_lin_v]]",[4476],30,linear_attn,,1,model.layers.30.linear_attn,aten.view.default,[],decode,True
4478,linear_attn,in_proj_b,t,"[[n_h_lin_v, d_model]]","[n_h_lin_v, d_model]",0,"[[d_model, n_h_lin_v]]",[],30,linear_attn,in_proj_b,2,model.layers.30.linear_attn.in_proj_b,aten.t.default,[model.layers.30.linear_attn.in_proj_b.weight],decode,True
4479,linear_attn,in_proj_b,view,"[[B, 1, d_model]]",,,"[[B, d_model]]",[4467],30,linear_attn,in_proj_b,2,model.layers.30.linear_attn.in_proj_b,aten.view.default,[],decode,True
4480,linear_attn,in_proj_b,matmul,"[[B, d_model], [d_model, n_h_lin_v]]","[n_h_lin_v, d_model]",1,"[[B, n_h_lin_v]]","[4478, 4479]",30,linear_attn,in_proj_b,2,model.layers.30.linear_attn.in_proj_b,aten.mm.default,[model.layers.30.linear_attn.in_proj_b.weight],decode,False
4481,linear_attn,in_proj_b,_unsafe_view,"[[B, n_h_lin_v]]",,,"[[B, 1, n_h_lin_v]]",[4480],30,linear_attn,in_proj_b,2,model.layers.30.linear_attn.in_proj_b,aten._unsafe_view.default,[],decode,True
4482,linear_attn,in_proj_a,t,"[[n_h_lin_v, d_model]]","[n_h_lin_v, d_model]",0,"[[d_model, n_h_lin_v]]",[],30,linear_attn,in_proj_a,2,model.layers.30.linear_attn.in_proj_a,aten.t.default,[model.layers.30.linear_attn.in_proj_a.weight],decode,True
4483,linear_attn,in_proj_a,view,"[[B, 1, d_model]]",,,"[[B, d_model]]",[4467],30,linear_attn,in_proj_a,2,model.layers.30.linear_attn.in_proj_a,aten.view.default,[],decode,True
4484,linear_attn,in_proj_a,matmul,"[[B, d_model], [d_model, n_h_lin_v]]","[n_h_lin_v, d_model]",1,"[[B, n_h_lin_v]]","[4482, 4483]",30,linear_attn,in_proj_a,2,model.layers.30.linear_attn.in_proj_a,aten.mm.default,[model.layers.30.linear_attn.in_proj_a.weight],decode,False
4485,linear_attn,in_proj_a,_unsafe_view,"[[B, n_h_lin_v]]",,,"[[B, 1, n_h_lin_v]]",[4484],30,linear_attn,in_proj_a,2,model.layers.30.linear_attn.in_proj_a,aten._unsafe_view.default,[],decode,True
4486,linear_attn,,squeeze,"[[2*d_k_lin+d_v_lin, 1, d_conv_lin]]","[2*d_k_lin+d_v_lin, 1, d_conv_lin]",0,"[[2*d_k_lin+d_v_lin, d_conv_lin]]",[],30,linear_attn,,1,model.layers.30.linear_attn,aten.squeeze.dim,[model.layers.30.linear_attn.conv1d.weight],decode,True
4487,linear_attn,,concat,"[[B, 2*d_k_lin+d_v_lin, d_conv_lin], [B, 2*d_k_lin+d_v_lin, 1]]",,,"[[B, 2*d_k_lin+d_v_lin, 5]]",[4472],30,linear_attn,,1,model.layers.30.linear_attn,aten.cat.default,[],decode,False
4488,linear_attn,,slice,"[[B, 2*d_k_lin+d_v_lin, 5]]",,,"[[B, 2*d_k_lin+d_v_lin, d_conv_lin]]",[4487],30,linear_attn,,1,model.layers.30.linear_attn,aten.slice.Tensor,[],decode,True
4489,linear_attn,,copy_,"[[B, 2*d_k_lin+d_v_lin, d_conv_lin], [B, 2*d_k_lin+d_v_lin, d_conv_lin]]",,,"[[B, 2*d_k_lin+d_v_lin, d_conv_lin]]",[4488],30,linear_attn,,1,model.layers.30.linear_attn,aten.copy_.default,[],decode,True
4490,linear_attn,,unsqueeze,"[[2*d_k_lin+d_v_lin, d_conv_lin]]",,,"[[2*d_k_lin+d_v_lin, 1, d_conv_lin]]",[4486],30,linear_attn,,1,model.layers.30.linear_attn,aten.unsqueeze.default,[],decode,True
4491,linear_attn,,conv1d,"[[B, 2*d_k_lin+d_v_lin, 5], [2*d_k_lin+d_v_lin, 1, d_conv_lin]]",,,"[[B, 2*d_k_lin+d_v_lin, 2]]","[4487, 4490]",30,linear_attn,,1,model.layers.30.linear_attn,aten.convolution.default,[],decode,False
4492,linear_attn,,slice,"[[B, 2*d_k_lin+d_v_lin, 2]]",,,"[[B, 2*d_k_lin+d_v_lin, 1]]",[4491],30,linear_attn,,1,model.layers.30.linear_attn,aten.slice.Tensor,[],decode,True
4493,linear_attn,,silu,"[[B, 2*d_k_lin+d_v_lin, 1]]",,,"[[B, 2*d_k_lin+d_v_lin, 1]]",[4492],30,linear_attn,,1,model.layers.30.linear_attn,aten.silu.default,[],decode,False
4494,linear_attn,,transpose,"[[B, 2*d_k_lin+d_v_lin, 1]]",,,"[[B, 1, 2*d_k_lin+d_v_lin]]",[4493],30,linear_attn,,1,model.layers.30.linear_attn,aten.transpose.int,[],decode,True
4495,linear_attn,,split_with_sizes,"[[B, 1, 2*d_k_lin+d_v_lin]]",,,"[[B, 1, n_k*d_k], [B, 1, n_k*d_k], [B, 1, n_v*d_v]]",[4494],30,linear_attn,,1,model.layers.30.linear_attn,aten.split_with_sizes.default,[],decode,True
4496,linear_attn,,view,"[[B, 1, n_k*d_k]]",,,"[[B, 1, n_h_lin_k, d_head_lin_k]]",[4495],30,linear_attn,,1,model.layers.30.linear_attn,aten.view.default,[],decode,True
4497,linear_attn,,view,"[[B, 1, n_k*d_k]]",,,"[[B, 1, n_h_lin_k, d_head_lin_k]]",[4495],30,linear_attn,,1,model.layers.30.linear_attn,aten.view.default,[],decode,True
4498,linear_attn,,view,"[[B, 1, n_v*d_v]]",,,"[[B, 1, n_h_lin_v, d_head_lin_v]]",[4495],30,linear_attn,,1,model.layers.30.linear_attn,aten.view.default,[],decode,True
4499,linear_attn,,sigmoid,"[[B, 1, n_h_lin_v]]",,,"[[B, 1, n_h_lin_v]]",[4481],30,linear_attn,,1,model.layers.30.linear_attn,aten.sigmoid.default,[],decode,False
4500,linear_attn,,_to_copy,[[n_h_lin_v]],,,[[n_h_lin_v]],[],30,linear_attn,,1,model.layers.30.linear_attn,aten._to_copy.default,[model.layers.30.linear_attn.A_log],decode,True
4501,linear_attn,,exp,[[n_h_lin_v]],,,[[n_h_lin_v]],[4500],30,linear_attn,,1,model.layers.30.linear_attn,aten.exp.default,[model.layers.30.linear_attn.A_log],decode,False
4502,linear_attn,,neg,[[n_h_lin_v]],,,[[n_h_lin_v]],[4501],30,linear_attn,,1,model.layers.30.linear_attn,aten.neg.default,[],decode,False
4503,linear_attn,,_to_copy,"[[B, 1, n_h_lin_v]]",,,"[[B, 1, n_h_lin_v]]",[4485],30,linear_attn,,1,model.layers.30.linear_attn,aten._to_copy.default,[],decode,True
4504,linear_attn,,elementwise_add,"[[B, 1, n_h_lin_v], [n_h_lin_v]]",,,"[[B, 1, n_h_lin_v]]",[4503],30,linear_attn,,1,model.layers.30.linear_attn,aten.add.Tensor,[model.layers.30.linear_attn.dt_bias],decode,False
4505,linear_attn,,softplus,"[[B, 1, n_h_lin_v]]",,,"[[B, 1, n_h_lin_v]]",[4504],30,linear_attn,,1,model.layers.30.linear_attn,aten.softplus.default,[],decode,True
4506,linear_attn,,elementwise_mul,"[[n_h_lin_v], [B, 1, n_h_lin_v]]",,,"[[B, 1, n_h_lin_v]]","[4502, 4505]",30,linear_attn,,1,model.layers.30.linear_attn,aten.mul.Tensor,[],decode,False
4507,linear_attn,,unsqueeze,"[[B, 1, n_h_lin_k, d_head_lin_k]]",,,"[[B, 1, n_h_lin_k, 1, d_head_lin_k]]",[4496],30,linear_attn,,1,model.layers.30.linear_attn,aten.unsqueeze.default,[],decode,True
4508,linear_attn,,expand,"[[B, 1, n_h_lin_k, 1, d_head_lin_k]]",,,"[[B, 1, n_h_lin_k, n_v/n_k, d_head_lin_k]]",[4507],30,linear_attn,,1,model.layers.30.linear_attn,aten.expand.default,[],decode,True
4509,linear_attn,,clone,"[[B, 1, n_h_lin_k, n_v/n_k, d_head_lin_k]]",,,"[[B, 1, n_h_lin_k, n_v/n_k, d_head_lin_k]]",[4508],30,linear_attn,,1,model.layers.30.linear_attn,aten.clone.default,[],decode,True
4510,linear_attn,,view,"[[B, 1, n_h_lin_k, n_v/n_k, d_head_lin_k]]",,,"[[B, 1, n_h_lin_v, d_head_lin_k]]",[4509],30,linear_attn,,1,model.layers.30.linear_attn,aten.view.default,[],decode,True
4511,linear_attn,,unsqueeze,"[[B, 1, n_h_lin_k, d_head_lin_k]]",,,"[[B, 1, n_h_lin_k, 1, d_head_lin_k]]",[4497],30,linear_attn,,1,model.layers.30.linear_attn,aten.unsqueeze.default,[],decode,True
4512,linear_attn,,expand,"[[B, 1, n_h_lin_k, 1, d_head_lin_k]]",,,"[[B, 1, n_h_lin_k, n_v/n_k, d_head_lin_k]]",[4511],30,linear_attn,,1,model.layers.30.linear_attn,aten.expand.default,[],decode,True
4513,linear_attn,,clone,"[[B, 1, n_h_lin_k, n_v/n_k, d_head_lin_k]]",,,"[[B, 1, n_h_lin_k, n_v/n_k, d_head_lin_k]]",[4512],30,linear_attn,,1,model.layers.30.linear_attn,aten.clone.default,[],decode,True
4514,linear_attn,,view,"[[B, 1, n_h_lin_k, n_v/n_k, d_head_lin_k]]",,,"[[B, 1, n_h_lin_v, d_head_lin_k]]",[4513],30,linear_attn,,1,model.layers.30.linear_attn,aten.view.default,[],decode,True
4515,linear_attn,,elementwise_mul,"[[B, 1, n_h_lin_v, d_head_lin_k], [B, 1, n_h_lin_v, d_head_lin_k]]",,,"[[B, 1, n_h_lin_v, d_head_lin_k]]",[4510],30,linear_attn,,1,model.layers.30.linear_attn,aten.mul.Tensor,[],decode,False
4516,linear_attn,,sum,"[[B, 1, n_h_lin_v, d_head_lin_k]]",,,"[[B, 1, n_h_lin_v, 1]]",[4515],30,linear_attn,,1,model.layers.30.linear_attn,aten.sum.dim_IntList,[],decode,True
4517,linear_attn,,elementwise_add,"[[B, 1, n_h_lin_v, 1]]",,,"[[B, 1, n_h_lin_v, 1]]",[4516],30,linear_attn,,1,model.layers.30.linear_attn,aten.add.Tensor,[],decode,False
4518,linear_attn,,rsqrt,"[[B, 1, n_h_lin_v, 1]]",,,"[[B, 1, n_h_lin_v, 1]]",[4517],30,linear_attn,,1,model.layers.30.linear_attn,aten.rsqrt.default,[],decode,False
4519,linear_attn,,elementwise_mul,"[[B, 1, n_h_lin_v, d_head_lin_k], [B, 1, n_h_lin_v, 1]]",,,"[[B, 1, n_h_lin_v, d_head_lin_k]]","[4510, 4518]",30,linear_attn,,1,model.layers.30.linear_attn,aten.mul.Tensor,[],decode,False
4520,linear_attn,,elementwise_mul,"[[B, 1, n_h_lin_v, d_head_lin_k], [B, 1, n_h_lin_v, d_head_lin_k]]",,,"[[B, 1, n_h_lin_v, d_head_lin_k]]",[4514],30,linear_attn,,1,model.layers.30.linear_attn,aten.mul.Tensor,[],decode,False
4521,linear_attn,,sum,"[[B, 1, n_h_lin_v, d_head_lin_k]]",,,"[[B, 1, n_h_lin_v, 1]]",[4520],30,linear_attn,,1,model.layers.30.linear_attn,aten.sum.dim_IntList,[],decode,True
4522,linear_attn,,elementwise_add,"[[B, 1, n_h_lin_v, 1]]",,,"[[B, 1, n_h_lin_v, 1]]",[4521],30,linear_attn,,1,model.layers.30.linear_attn,aten.add.Tensor,[],decode,False
4523,linear_attn,,rsqrt,"[[B, 1, n_h_lin_v, 1]]",,,"[[B, 1, n_h_lin_v, 1]]",[4522],30,linear_attn,,1,model.layers.30.linear_attn,aten.rsqrt.default,[],decode,False
4524,linear_attn,,elementwise_mul,"[[B, 1, n_h_lin_v, d_head_lin_k], [B, 1, n_h_lin_v, 1]]",,,"[[B, 1, n_h_lin_v, d_head_lin_k]]","[4514, 4523]",30,linear_attn,,1,model.layers.30.linear_attn,aten.mul.Tensor,[],decode,False
4525,linear_attn,,transpose,"[[B, 1, n_h_lin_v, d_head_lin_k]]",,,"[[B, n_h_lin_v, 1, d_head_lin_k]]",[4519],30,linear_attn,,1,model.layers.30.linear_attn,aten.transpose.int,[],decode,True
4526,linear_attn,,_to_copy,"[[B, n_h_lin_v, 1, d_head_lin_k]]",,,"[[B, n_h_lin_v, 1, d_head_lin_k]]",[4525],30,linear_attn,,1,model.layers.30.linear_attn,aten._to_copy.default,[],decode,True
4527,linear_attn,,transpose,"[[B, 1, n_h_lin_v, d_head_lin_k]]",,,"[[B, n_h_lin_v, 1, d_head_lin_k]]",[4524],30,linear_attn,,1,model.layers.30.linear_attn,aten.transpose.int,[],decode,True
4528,linear_attn,,_to_copy,"[[B, n_h_lin_v, 1, d_head_lin_k]]",,,"[[B, n_h_lin_v, 1, d_head_lin_k]]",[4527],30,linear_attn,,1,model.layers.30.linear_attn,aten._to_copy.default,[],decode,True
4529,linear_attn,,transpose,"[[B, 1, n_h_lin_v, d_head_lin_v]]",,,"[[B, n_h_lin_v, 1, d_head_lin_v]]",[4498],30,linear_attn,,1,model.layers.30.linear_attn,aten.transpose.int,[],decode,True
4530,linear_attn,,_to_copy,"[[B, n_h_lin_v, 1, d_head_lin_v]]",,,"[[B, n_h_lin_v, 1, d_head_lin_v]]",[4529],30,linear_attn,,1,model.layers.30.linear_attn,aten._to_copy.default,[],decode,True
4531,linear_attn,,transpose,"[[B, 1, n_h_lin_v]]",,,"[[B, n_h_lin_v, 1]]",[4499],30,linear_attn,,1,model.layers.30.linear_attn,aten.transpose.int,[],decode,True
4532,linear_attn,,_to_copy,"[[B, n_h_lin_v, 1]]",,,"[[B, n_h_lin_v, 1]]",[4531],30,linear_attn,,1,model.layers.30.linear_attn,aten._to_copy.default,[],decode,True
4533,linear_attn,,transpose,"[[B, 1, n_h_lin_v]]",,,"[[B, n_h_lin_v, 1]]",[4506],30,linear_attn,,1,model.layers.30.linear_attn,aten.transpose.int,[],decode,True
4534,linear_attn,,elementwise_mul,"[[B, n_h_lin_v, 1, d_head_lin_k]]",,,"[[B, n_h_lin_v, 1, d_head_lin_k]]",[4526],30,linear_attn,,1,model.layers.30.linear_attn,aten.mul.Tensor,[],decode,False
4535,linear_attn,,zeros,[],,,"[[B, n_h_lin_v, 1, d_head_lin_v]]",[],30,linear_attn,,1,model.layers.30.linear_attn,aten.zeros.default,[],decode,True
4536,linear_attn,,select,"[[B, n_h_lin_v, 1, d_head_lin_k]]",,,"[[B, n_h_lin_v, d_head_lin_k]]",[4534],30,linear_attn,,1,model.layers.30.linear_attn,aten.select.int,[],decode,True
4537,linear_attn,,select,"[[B, n_h_lin_v, 1, d_head_lin_k]]",,,"[[B, n_h_lin_v, d_head_lin_k]]",[4528],30,linear_attn,,1,model.layers.30.linear_attn,aten.select.int,[],decode,True
4538,linear_attn,,select,"[[B, n_h_lin_v, 1, d_head_lin_v]]",,,"[[B, n_h_lin_v, d_head_lin_v]]",[4530],30,linear_attn,,1,model.layers.30.linear_attn,aten.select.int,[],decode,True
4539,linear_attn,,select,"[[B, n_h_lin_v, 1]]",,,"[[B, n_h_lin_v]]",[4533],30,linear_attn,,1,model.layers.30.linear_attn,aten.select.int,[],decode,True
4540,linear_attn,,exp,"[[B, n_h_lin_v]]",,,"[[B, n_h_lin_v]]",[4539],30,linear_attn,,1,model.layers.30.linear_attn,aten.exp.default,[],decode,False
4541,linear_attn,,unsqueeze,"[[B, n_h_lin_v]]",,,"[[B, n_h_lin_v, 1]]",[4540],30,linear_attn,,1,model.layers.30.linear_attn,aten.unsqueeze.default,[],decode,True
4542,linear_attn,,unsqueeze,"[[B, n_h_lin_v, 1]]",,,"[[B, n_h_lin_v, 1, 1]]",[4541],30,linear_attn,,1,model.layers.30.linear_attn,aten.unsqueeze.default,[],decode,True
4543,linear_attn,,select,"[[B, n_h_lin_v, 1]]",,,"[[B, n_h_lin_v]]",[4532],30,linear_attn,,1,model.layers.30.linear_attn,aten.select.int,[],decode,True
4544,linear_attn,,unsqueeze,"[[B, n_h_lin_v]]",,,"[[B, n_h_lin_v, 1]]",[4543],30,linear_attn,,1,model.layers.30.linear_attn,aten.unsqueeze.default,[],decode,True
4545,linear_attn,,elementwise_mul,"[[B, n_h_lin_v, d_head_lin_k, d_head_lin_v], [B, n_h_lin_v, 1, 1]]",,,"[[B, n_h_lin_v, d_head_lin_k, d_head_lin_v]]",[4542],30,linear_attn,,1,model.layers.30.linear_attn,aten.mul.Tensor,[],decode,False
4546,linear_attn,,unsqueeze,"[[B, n_h_lin_v, d_head_lin_k]]",,,"[[B, n_h_lin_v, d_head_lin_k, 1]]",[4537],30,linear_attn,,1,model.layers.30.linear_attn,aten.unsqueeze.default,[],decode,True
4547,linear_attn,,elementwise_mul,"[[B, n_h_lin_v, d_head_lin_k, d_head_lin_v], [B, n_h_lin_v, d_head_lin_k, 1]]",,,"[[B, n_h_lin_v, d_head_lin_k, d_head_lin_v]]","[4545, 4546]",30,linear_attn,,1,model.layers.30.linear_attn,aten.mul.Tensor,[],decode,False
4548,linear_attn,,sum,"[[B, n_h_lin_v, d_head_lin_k, d_head_lin_v]]",,,"[[B, n_h_lin_v, d_head_lin_v]]",[4547],30,linear_attn,,1,model.layers.30.linear_attn,aten.sum.dim_IntList,[],decode,True
4549,linear_attn,,sub,"[[B, n_h_lin_v, d_head_lin_v], [B, n_h_lin_v, d_head_lin_v]]",,,"[[B, n_h_lin_v, d_head_lin_v]]","[4538, 4548]",30,linear_attn,,1,model.layers.30.linear_attn,aten.sub.Tensor,[],decode,True
4550,linear_attn,,elementwise_mul,"[[B, n_h_lin_v, d_head_lin_v], [B, n_h_lin_v, 1]]",,,"[[B, n_h_lin_v, d_head_lin_v]]","[4544, 4549]",30,linear_attn,,1,model.layers.30.linear_attn,aten.mul.Tensor,[],decode,False
4551,linear_attn,,unsqueeze,"[[B, n_h_lin_v, d_head_lin_k]]",,,"[[B, n_h_lin_v, d_head_lin_k, 1]]",[4537],30,linear_attn,,1,model.layers.30.linear_attn,aten.unsqueeze.default,[],decode,True
4552,linear_attn,,unsqueeze,"[[B, n_h_lin_v, d_head_lin_v]]",,,"[[B, n_h_lin_v, 1, d_head_lin_v]]",[4550],30,linear_attn,,1,model.layers.30.linear_attn,aten.unsqueeze.default,[],decode,True
4553,linear_attn,,elementwise_mul,"[[B, n_h_lin_v, d_head_lin_k, 1], [B, n_h_lin_v, 1, d_head_lin_v]]",,,"[[B, n_h_lin_v, d_head_lin_k, d_head_lin_v]]","[4551, 4552]",30,linear_attn,,1,model.layers.30.linear_attn,aten.mul.Tensor,[],decode,False
4554,linear_attn,,elementwise_add,"[[B, n_h_lin_v, d_head_lin_k, d_head_lin_v], [B, n_h_lin_v, d_head_lin_k, d_head_lin_v]]",,,"[[B, n_h_lin_v, d_head_lin_k, d_head_lin_v]]","[4545, 4553]",30,linear_attn,,1,model.layers.30.linear_attn,aten.add.Tensor,[],decode,False
4555,linear_attn,,unsqueeze,"[[B, n_h_lin_v, d_head_lin_k]]",,,"[[B, n_h_lin_v, d_head_lin_k, 1]]",[4536],30,linear_attn,,1,model.layers.30.linear_attn,aten.unsqueeze.default,[],decode,True
4556,linear_attn,,elementwise_mul,"[[B, n_h_lin_v, d_head_lin_k, d_head_lin_v], [B, n_h_lin_v, d_head_lin_k, 1]]",,,"[[B, n_h_lin_v, d_head_lin_k, d_head_lin_v]]","[4554, 4555]",30,linear_attn,,1,model.layers.30.linear_attn,aten.mul.Tensor,[],decode,False
4557,linear_attn,,sum,"[[B, n_h_lin_v, d_head_lin_k, d_head_lin_v]]",,,"[[B, n_h_lin_v, d_head_lin_v]]",[4556],30,linear_attn,,1,model.layers.30.linear_attn,aten.sum.dim_IntList,[],decode,True
4558,linear_attn,,select,"[[B, n_h_lin_v, 1, d_head_lin_v]]",,,"[[B, n_h_lin_v, d_head_lin_v]]",[4535],30,linear_attn,,1,model.layers.30.linear_attn,aten.select.int,[],decode,True
4559,linear_attn,,copy_,"[[B, n_h_lin_v, d_head_lin_v], [B, n_h_lin_v, d_head_lin_v]]",,,"[[B, n_h_lin_v, d_head_lin_v]]","[4557, 4558]",30,linear_attn,,1,model.layers.30.linear_attn,aten.copy_.default,[],decode,True
4560,linear_attn,,transpose,"[[B, n_h_lin_v, 1, d_head_lin_v]]",,,"[[B, 1, n_h_lin_v, d_head_lin_v]]",[4535],30,linear_attn,,1,model.layers.30.linear_attn,aten.transpose.int,[],decode,True
4561,linear_attn,,_to_copy,"[[B, 1, n_h_lin_v, d_head_lin_v]]",,,"[[B, 1, n_h_lin_v, d_head_lin_v]]",[4560],30,linear_attn,,1,model.layers.30.linear_attn,aten._to_copy.default,[],decode,True
4562,linear_attn,,copy_,"[[B, n_h_lin_v, d_head_lin_k, d_head_lin_v], [B, n_h_lin_v, d_head_lin_k, d_head_lin_v]]",,,"[[B, n_h_lin_v, d_head_lin_k, d_head_lin_v]]",[4554],30,linear_attn,,1,model.layers.30.linear_attn,aten.copy_.default,[],decode,True
4563,linear_attn,,view,"[[B, 1, n_h_lin_v, d_head_lin_v]]",,,"[[n_h_lin_v, d_head_lin_v]]",[4561],30,linear_attn,,1,model.layers.30.linear_attn,aten.view.default,[],decode,True
4564,linear_attn,,view,"[[B, 1, n_h_lin_v, d_head_lin_v]]",,,"[[n_h_lin_v, d_head_lin_v]]",[4477],30,linear_attn,,1,model.layers.30.linear_attn,aten.view.default,[],decode,True
4565,linear_attn,norm,_to_copy,"[[n_h_lin_v, d_head_lin_v]]",,,"[[n_h_lin_v, d_head_lin_v]]",[4563],30,linear_attn,norm,2,model.layers.30.linear_attn.norm,aten._to_copy.default,[],decode,True
4566,linear_attn,norm,pow,"[[n_h_lin_v, d_head_lin_v]]",,,"[[n_h_lin_v, d_head_lin_v]]",[4565],30,linear_attn,norm,2,model.layers.30.linear_attn.norm,aten.pow.Tensor_Scalar,[],decode,False
4567,linear_attn,norm,mean,"[[n_h_lin_v, d_head_lin_v]]",,,"[[n_h_lin_v, B]]",[4566],30,linear_attn,norm,2,model.layers.30.linear_attn.norm,aten.mean.dim,[],decode,False
4568,linear_attn,norm,elementwise_add,"[[n_h_lin_v, B]]",,,"[[n_h_lin_v, B]]",[4567],30,linear_attn,norm,2,model.layers.30.linear_attn.norm,aten.add.Tensor,[],decode,False
4569,linear_attn,norm,rsqrt,"[[n_h_lin_v, B]]",,,"[[n_h_lin_v, B]]",[4568],30,linear_attn,norm,2,model.layers.30.linear_attn.norm,aten.rsqrt.default,[],decode,False
4570,linear_attn,norm,elementwise_mul,"[[n_h_lin_v, d_head_lin_v], [n_h_lin_v, B]]",,,"[[n_h_lin_v, d_head_lin_v]]","[4565, 4569]",30,linear_attn,norm,2,model.layers.30.linear_attn.norm,aten.mul.Tensor,[],decode,False
4571,linear_attn,norm,_to_copy,"[[n_h_lin_v, d_head_lin_v]]",,,"[[n_h_lin_v, d_head_lin_v]]",[4570],30,linear_attn,norm,2,model.layers.30.linear_attn.norm,aten._to_copy.default,[],decode,True
4572,linear_attn,norm,elementwise_mul,"[[d_head_lin_v], [n_h_lin_v, d_head_lin_v]]",,,"[[n_h_lin_v, d_head_lin_v]]",[4571],30,linear_attn,norm,2,model.layers.30.linear_attn.norm,aten.mul.Tensor,[model.layers.30.linear_attn.norm.weight],decode,False
4573,linear_attn,norm,_to_copy,"[[n_h_lin_v, d_head_lin_v]]",,,"[[n_h_lin_v, d_head_lin_v]]",[4564],30,linear_attn,norm,2,model.layers.30.linear_attn.norm,aten._to_copy.default,[],decode,True
4574,linear_attn,norm,silu,"[[n_h_lin_v, d_head_lin_v]]",,,"[[n_h_lin_v, d_head_lin_v]]",[4573],30,linear_attn,norm,2,model.layers.30.linear_attn.norm,aten.silu.default,[],decode,False
4575,linear_attn,norm,elementwise_mul,"[[n_h_lin_v, d_head_lin_v], [n_h_lin_v, d_head_lin_v]]",,,"[[n_h_lin_v, d_head_lin_v]]","[4572, 4574]",30,linear_attn,norm,2,model.layers.30.linear_attn.norm,aten.mul.Tensor,[],decode,False
4576,linear_attn,norm,_to_copy,"[[n_h_lin_v, d_head_lin_v]]",,,"[[n_h_lin_v, d_head_lin_v]]",[4575],30,linear_attn,norm,2,model.layers.30.linear_attn.norm,aten._to_copy.default,[],decode,True
4577,linear_attn,,view,"[[n_h_lin_v, d_head_lin_v]]",,,"[[B, 1, n_v*d_v]]",[4576],30,linear_attn,,1,model.layers.30.linear_attn,aten.view.default,[],decode,True
4578,linear_attn,out_proj,t,"[[d_model, n_v*d_v]]","[d_model, n_v*d_v]",0,"[[n_v*d_v, d_model]]",[],30,linear_attn,out_proj,2,model.layers.30.linear_attn.out_proj,aten.t.default,[model.layers.30.linear_attn.out_proj.weight],decode,True
4579,linear_attn,out_proj,view,"[[B, 1, n_v*d_v]]",,,"[[B, n_v*d_v]]",[4577],30,linear_attn,out_proj,2,model.layers.30.linear_attn.out_proj,aten.view.default,[],decode,True
4580,linear_attn,out_proj,matmul,"[[B, n_v*d_v], [n_v*d_v, d_model]]","[d_model, n_v*d_v]",1,"[[B, d_model]]","[4578, 4579]",30,linear_attn,out_proj,2,model.layers.30.linear_attn.out_proj,aten.mm.default,[model.layers.30.linear_attn.out_proj.weight],decode,False
4581,linear_attn,out_proj,_unsafe_view,"[[B, d_model]]",,,"[[B, 1, d_model]]",[4580],30,linear_attn,out_proj,2,model.layers.30.linear_attn.out_proj,aten._unsafe_view.default,[],decode,True
4582,,,elementwise_add,"[[B, 1, d_model], [B, 1, d_model]]",,,"[[B, 1, d_model]]","[4457, 4581]",30,,,0,model.layers.30,aten.add.Tensor,[],decode,False
4583,post_attention_layernorm,,_to_copy,"[[B, 1, d_model]]",,,"[[B, 1, d_model]]",[4582],30,post_attention_layernorm,,1,model.layers.30.post_attention_layernorm,aten._to_copy.default,[],decode,True
4584,post_attention_layernorm,,pow,"[[B, 1, d_model]]",,,"[[B, 1, d_model]]",[4583],30,post_attention_layernorm,,1,model.layers.30.post_attention_layernorm,aten.pow.Tensor_Scalar,[],decode,False
4585,post_attention_layernorm,,mean,"[[B, 1, d_model]]",,,"[[B, 1, 1]]",[4584],30,post_attention_layernorm,,1,model.layers.30.post_attention_layernorm,aten.mean.dim,[],decode,False
4586,post_attention_layernorm,,elementwise_add,"[[B, 1, 1]]",,,"[[B, 1, 1]]",[4585],30,post_attention_layernorm,,1,model.layers.30.post_attention_layernorm,aten.add.Tensor,[],decode,False
4587,post_attention_layernorm,,rsqrt,"[[B, 1, 1]]",,,"[[B, 1, 1]]",[4586],30,post_attention_layernorm,,1,model.layers.30.post_attention_layernorm,aten.rsqrt.default,[],decode,False
4588,post_attention_layernorm,,elementwise_mul,"[[B, 1, d_model], [B, 1, 1]]",,,"[[B, 1, d_model]]","[4583, 4587]",30,post_attention_layernorm,,1,model.layers.30.post_attention_layernorm,aten.mul.Tensor,[],decode,False
4589,post_attention_layernorm,,_to_copy,[[d_model]],,,[[d_model]],[],30,post_attention_layernorm,,1,model.layers.30.post_attention_layernorm,aten._to_copy.default,[model.layers.30.post_attention_layernorm.weight],decode,True
4590,post_attention_layernorm,,elementwise_add,[[d_model]],,,[[d_model]],[4589],30,post_attention_layernorm,,1,model.layers.30.post_attention_layernorm,aten.add.Tensor,[model.layers.30.post_attention_layernorm.weight],decode,False
4591,post_attention_layernorm,,elementwise_mul,"[[B, 1, d_model], [d_model]]",,,"[[B, 1, d_model]]","[4588, 4590]",30,post_attention_layernorm,,1,model.layers.30.post_attention_layernorm,aten.mul.Tensor,[],decode,False
4592,post_attention_layernorm,,_to_copy,"[[B, 1, d_model]]",,,"[[B, 1, d_model]]",[4591],30,post_attention_layernorm,,1,model.layers.30.post_attention_layernorm,aten._to_copy.default,[],decode,True
4593,mlp,gate_proj,t,"[[d_ff, d_model]]","[d_ff, d_model]",0,"[[d_model, d_ff]]",[],30,mlp,gate_proj,2,model.layers.30.mlp.gate_proj,aten.t.default,[model.layers.30.mlp.gate_proj.weight],decode,True
4594,mlp,gate_proj,view,"[[B, 1, d_model]]",,,"[[B, d_model]]",[4592],30,mlp,gate_proj,2,model.layers.30.mlp.gate_proj,aten.view.default,[],decode,True
4595,mlp,gate_proj,matmul,"[[B, d_model], [d_model, d_ff]]","[d_ff, d_model]",1,"[[B, d_ff]]","[4593, 4594]",30,mlp,gate_proj,2,model.layers.30.mlp.gate_proj,aten.mm.default,[model.layers.30.mlp.gate_proj.weight],decode,False
4596,mlp,gate_proj,_unsafe_view,"[[B, d_ff]]",,,"[[B, 1, d_ff]]",[4595],30,mlp,gate_proj,2,model.layers.30.mlp.gate_proj,aten._unsafe_view.default,[],decode,True
4597,mlp,act_fn,silu,"[[B, 1, d_ff]]",,,"[[B, 1, d_ff]]",[4596],30,mlp,act_fn,2,model.layers.30.mlp.act_fn,aten.silu.default,[],decode,False
4598,mlp,up_proj,t,"[[d_ff, d_model]]","[d_ff, d_model]",0,"[[d_model, d_ff]]",[],30,mlp,up_proj,2,model.layers.30.mlp.up_proj,aten.t.default,[model.layers.30.mlp.up_proj.weight],decode,True
4599,mlp,up_proj,view,"[[B, 1, d_model]]",,,"[[B, d_model]]",[4592],30,mlp,up_proj,2,model.layers.30.mlp.up_proj,aten.view.default,[],decode,True
4600,mlp,up_proj,matmul,"[[B, d_model], [d_model, d_ff]]","[d_ff, d_model]",1,"[[B, d_ff]]","[4598, 4599]",30,mlp,up_proj,2,model.layers.30.mlp.up_proj,aten.mm.default,[model.layers.30.mlp.up_proj.weight],decode,False
4601,mlp,up_proj,_unsafe_view,"[[B, d_ff]]",,,"[[B, 1, d_ff]]",[4600],30,mlp,up_proj,2,model.layers.30.mlp.up_proj,aten._unsafe_view.default,[],decode,True
4602,mlp,,elementwise_mul,"[[B, 1, d_ff], [B, 1, d_ff]]",,,"[[B, 1, d_ff]]","[4597, 4601]",30,mlp,,1,model.layers.30.mlp,aten.mul.Tensor,[],decode,False
4603,mlp,down_proj,t,"[[d_model, d_ff]]","[d_model, d_ff]",0,"[[d_ff, d_model]]",[],30,mlp,down_proj,2,model.layers.30.mlp.down_proj,aten.t.default,[model.layers.30.mlp.down_proj.weight],decode,True
4604,mlp,down_proj,view,"[[B, 1, d_ff]]",,,"[[B, d_ff]]",[4602],30,mlp,down_proj,2,model.layers.30.mlp.down_proj,aten.view.default,[],decode,True
4605,mlp,down_proj,matmul,"[[B, d_ff], [d_ff, d_model]]","[d_model, d_ff]",1,"[[B, d_model]]","[4603, 4604]",30,mlp,down_proj,2,model.layers.30.mlp.down_proj,aten.mm.default,[model.layers.30.mlp.down_proj.weight],decode,False
4606,mlp,down_proj,_unsafe_view,"[[B, d_model]]",,,"[[B, 1, d_model]]",[4605],30,mlp,down_proj,2,model.layers.30.mlp.down_proj,aten._unsafe_view.default,[],decode,True
4607,,,elementwise_add,"[[B, 1, d_model], [B, 1, d_model]]",,,"[[B, 1, d_model]]","[4582, 4606]",30,,,0,model.layers.30,aten.add.Tensor,[],decode,False
4608,input_layernorm,,_to_copy,"[[B, 1, d_model]]",,,"[[B, 1, d_model]]",[4607],31,input_layernorm,,1,model.layers.31.input_layernorm,aten._to_copy.default,[],decode,True
4609,input_layernorm,,pow,"[[B, 1, d_model]]",,,"[[B, 1, d_model]]",[4608],31,input_layernorm,,1,model.layers.31.input_layernorm,aten.pow.Tensor_Scalar,[],decode,False
4610,input_layernorm,,mean,"[[B, 1, d_model]]",,,"[[B, 1, 1]]",[4609],31,input_layernorm,,1,model.layers.31.input_layernorm,aten.mean.dim,[],decode,False
4611,input_layernorm,,elementwise_add,"[[B, 1, 1]]",,,"[[B, 1, 1]]",[4610],31,input_layernorm,,1,model.layers.31.input_layernorm,aten.add.Tensor,[],decode,False
4612,input_layernorm,,rsqrt,"[[B, 1, 1]]",,,"[[B, 1, 1]]",[4611],31,input_layernorm,,1,model.layers.31.input_layernorm,aten.rsqrt.default,[],decode,False
4613,input_layernorm,,elementwise_mul,"[[B, 1, d_model], [B, 1, 1]]",,,"[[B, 1, d_model]]","[4608, 4612]",31,input_layernorm,,1,model.layers.31.input_layernorm,aten.mul.Tensor,[],decode,False
4614,input_layernorm,,_to_copy,[[d_model]],,,[[d_model]],[],31,input_layernorm,,1,model.layers.31.input_layernorm,aten._to_copy.default,[model.layers.31.input_layernorm.weight],decode,True
4615,input_layernorm,,elementwise_add,[[d_model]],,,[[d_model]],[4614],31,input_layernorm,,1,model.layers.31.input_layernorm,aten.add.Tensor,[model.layers.31.input_layernorm.weight],decode,False
4616,input_layernorm,,elementwise_mul,"[[B, 1, d_model], [d_model]]",,,"[[B, 1, d_model]]","[4613, 4615]",31,input_layernorm,,1,model.layers.31.input_layernorm,aten.mul.Tensor,[],decode,False
4617,input_layernorm,,_to_copy,"[[B, 1, d_model]]",,,"[[B, 1, d_model]]",[4616],31,input_layernorm,,1,model.layers.31.input_layernorm,aten._to_copy.default,[],decode,True
4618,self_attn,q_proj,t,"[[2*n_h*d_head, d_model]]","[2*n_h*d_head, d_model]",0,"[[d_model, 2*n_h*d_head]]",[],31,self_attn,q_proj,2,model.layers.31.self_attn.q_proj,aten.t.default,[model.layers.31.self_attn.q_proj.weight],decode,True
4619,self_attn,q_proj,view,"[[B, 1, d_model]]",,,"[[B, d_model]]",[4617],31,self_attn,q_proj,2,model.layers.31.self_attn.q_proj,aten.view.default,[],decode,True
4620,self_attn,q_proj,matmul,"[[B, d_model], [d_model, 2*n_h*d_head]]","[2*n_h*d_head, d_model]",1,"[[B, 2*n_h*d_head]]","[4618, 4619]",31,self_attn,q_proj,2,model.layers.31.self_attn.q_proj,aten.mm.default,[model.layers.31.self_attn.q_proj.weight],decode,False
4621,self_attn,q_proj,_unsafe_view,"[[B, 2*n_h*d_head]]",,,"[[B, 1, 2*n_h*d_head]]",[4620],31,self_attn,q_proj,2,model.layers.31.self_attn.q_proj,aten._unsafe_view.default,[],decode,True
4622,self_attn,,view,"[[B, 1, 2*n_h*d_head]]",,,"[[B, 1, n_h, 2*d_head]]",[4621],31,self_attn,,1,model.layers.31.self_attn,aten.view.default,[],decode,True
4623,self_attn,,split,"[[B, 1, n_h, 2*d_head]]",,,"[[B, 1, n_h, d_head], [B, 1, n_h, d_head]]",[4622],31,self_attn,,1,model.layers.31.self_attn,aten.split.Tensor,[],decode,True
4624,self_attn,,clone,"[[B, 1, n_h, d_head]]",,,"[[B, 1, n_h, d_head]]",[4623],31,self_attn,,1,model.layers.31.self_attn,aten.clone.default,[],decode,True
4625,self_attn,,_unsafe_view,"[[B, 1, n_h, d_head]]",,,"[[B, 1, n_h*d_head]]",[4624],31,self_attn,,1,model.layers.31.self_attn,aten._unsafe_view.default,[],decode,True
4626,self_attn,,view,"[[B, 1, n_h, d_head]]",,,"[[B, 1, n_h, d_head]]",[4623],31,self_attn,,1,model.layers.31.self_attn,aten.view.default,[],decode,True
4627,self_attn,q_norm,_to_copy,"[[B, 1, n_h, d_head]]",,,"[[B, 1, n_h, d_head]]",[4626],31,self_attn,q_norm,2,model.layers.31.self_attn.q_norm,aten._to_copy.default,[],decode,True
4628,self_attn,q_norm,pow,"[[B, 1, n_h, d_head]]",,,"[[B, 1, n_h, d_head]]",[4627],31,self_attn,q_norm,2,model.layers.31.self_attn.q_norm,aten.pow.Tensor_Scalar,[],decode,False
4629,self_attn,q_norm,mean,"[[B, 1, n_h, d_head]]",,,"[[B, 1, n_h, 1]]",[4628],31,self_attn,q_norm,2,model.layers.31.self_attn.q_norm,aten.mean.dim,[],decode,False
4630,self_attn,q_norm,elementwise_add,"[[B, 1, n_h, 1]]",,,"[[B, 1, n_h, 1]]",[4629],31,self_attn,q_norm,2,model.layers.31.self_attn.q_norm,aten.add.Tensor,[],decode,False
4631,self_attn,q_norm,rsqrt,"[[B, 1, n_h, 1]]",,,"[[B, 1, n_h, 1]]",[4630],31,self_attn,q_norm,2,model.layers.31.self_attn.q_norm,aten.rsqrt.default,[],decode,False
4632,self_attn,q_norm,elementwise_mul,"[[B, 1, n_h, d_head], [B, 1, n_h, 1]]",,,"[[B, 1, n_h, d_head]]","[4627, 4631]",31,self_attn,q_norm,2,model.layers.31.self_attn.q_norm,aten.mul.Tensor,[],decode,False
4633,self_attn,q_norm,_to_copy,[[d_head]],,,[[d_head]],[],31,self_attn,q_norm,2,model.layers.31.self_attn.q_norm,aten._to_copy.default,[model.layers.31.self_attn.q_norm.weight],decode,True
4634,self_attn,q_norm,elementwise_add,[[d_head]],,,[[d_head]],[4633],31,self_attn,q_norm,2,model.layers.31.self_attn.q_norm,aten.add.Tensor,[model.layers.31.self_attn.q_norm.weight],decode,False
4635,self_attn,q_norm,elementwise_mul,"[[B, 1, n_h, d_head], [d_head]]",,,"[[B, 1, n_h, d_head]]","[4632, 4634]",31,self_attn,q_norm,2,model.layers.31.self_attn.q_norm,aten.mul.Tensor,[],decode,False
4636,self_attn,q_norm,_to_copy,"[[B, 1, n_h, d_head]]",,,"[[B, 1, n_h, d_head]]",[4635],31,self_attn,q_norm,2,model.layers.31.self_attn.q_norm,aten._to_copy.default,[],decode,True
4637,self_attn,,transpose,"[[B, 1, n_h, d_head]]",,,"[[B, n_h, 1, d_head]]",[4636],31,self_attn,,1,model.layers.31.self_attn,aten.transpose.int,[],decode,True
4638,self_attn,k_proj,t,"[[n_kv*d_head, d_model]]","[n_kv*d_head, d_model]",0,"[[d_model, n_kv*d_head]]",[],31,self_attn,k_proj,2,model.layers.31.self_attn.k_proj,aten.t.default,[model.layers.31.self_attn.k_proj.weight],decode,True
4639,self_attn,k_proj,view,"[[B, 1, d_model]]",,,"[[B, d_model]]",[4617],31,self_attn,k_proj,2,model.layers.31.self_attn.k_proj,aten.view.default,[],decode,True
4640,self_attn,k_proj,matmul,"[[B, d_model], [d_model, n_kv*d_head]]","[n_kv*d_head, d_model]",1,"[[B, n_kv*d_head]]","[4638, 4639]",31,self_attn,k_proj,2,model.layers.31.self_attn.k_proj,aten.mm.default,[model.layers.31.self_attn.k_proj.weight],decode,False
4641,self_attn,k_proj,_unsafe_view,"[[B, n_kv*d_head]]",,,"[[B, 1, n_kv*d_head]]",[4640],31,self_attn,k_proj,2,model.layers.31.self_attn.k_proj,aten._unsafe_view.default,[],decode,True
4642,self_attn,,view,"[[B, 1, n_kv*d_head]]",,,"[[B, 1, n_kv, d_head]]",[4641],31,self_attn,,1,model.layers.31.self_attn,aten.view.default,[],decode,True
4643,self_attn,k_norm,_to_copy,"[[B, 1, n_kv, d_head]]",,,"[[B, 1, n_kv, d_head]]",[4642],31,self_attn,k_norm,2,model.layers.31.self_attn.k_norm,aten._to_copy.default,[],decode,True
4644,self_attn,k_norm,pow,"[[B, 1, n_kv, d_head]]",,,"[[B, 1, n_kv, d_head]]",[4643],31,self_attn,k_norm,2,model.layers.31.self_attn.k_norm,aten.pow.Tensor_Scalar,[],decode,False
4645,self_attn,k_norm,mean,"[[B, 1, n_kv, d_head]]",,,"[[B, 1, n_kv, 1]]",[4644],31,self_attn,k_norm,2,model.layers.31.self_attn.k_norm,aten.mean.dim,[],decode,False
4646,self_attn,k_norm,elementwise_add,"[[B, 1, n_kv, 1]]",,,"[[B, 1, n_kv, 1]]",[4645],31,self_attn,k_norm,2,model.layers.31.self_attn.k_norm,aten.add.Tensor,[],decode,False
4647,self_attn,k_norm,rsqrt,"[[B, 1, n_kv, 1]]",,,"[[B, 1, n_kv, 1]]",[4646],31,self_attn,k_norm,2,model.layers.31.self_attn.k_norm,aten.rsqrt.default,[],decode,False
4648,self_attn,k_norm,elementwise_mul,"[[B, 1, n_kv, d_head], [B, 1, n_kv, 1]]",,,"[[B, 1, n_kv, d_head]]","[4643, 4647]",31,self_attn,k_norm,2,model.layers.31.self_attn.k_norm,aten.mul.Tensor,[],decode,False
4649,self_attn,k_norm,_to_copy,[[d_head]],,,[[d_head]],[],31,self_attn,k_norm,2,model.layers.31.self_attn.k_norm,aten._to_copy.default,[model.layers.31.self_attn.k_norm.weight],decode,True
4650,self_attn,k_norm,elementwise_add,[[d_head]],,,[[d_head]],[4649],31,self_attn,k_norm,2,model.layers.31.self_attn.k_norm,aten.add.Tensor,[model.layers.31.self_attn.k_norm.weight],decode,False
4651,self_attn,k_norm,elementwise_mul,"[[B, 1, n_kv, d_head], [d_head]]",,,"[[B, 1, n_kv, d_head]]","[4648, 4650]",31,self_attn,k_norm,2,model.layers.31.self_attn.k_norm,aten.mul.Tensor,[],decode,False
4652,self_attn,k_norm,_to_copy,"[[B, 1, n_kv, d_head]]",,,"[[B, 1, n_kv, d_head]]",[4651],31,self_attn,k_norm,2,model.layers.31.self_attn.k_norm,aten._to_copy.default,[],decode,True
4653,self_attn,,transpose,"[[B, 1, n_kv, d_head]]",,,"[[B, n_kv, 1, d_head]]",[4652],31,self_attn,,1,model.layers.31.self_attn,aten.transpose.int,[],decode,True
4654,self_attn,v_proj,t,"[[n_kv*d_head, d_model]]","[n_kv*d_head, d_model]",0,"[[d_model, n_kv*d_head]]",[],31,self_attn,v_proj,2,model.layers.31.self_attn.v_proj,aten.t.default,[model.layers.31.self_attn.v_proj.weight],decode,True
4655,self_attn,v_proj,view,"[[B, 1, d_model]]",,,"[[B, d_model]]",[4617],31,self_attn,v_proj,2,model.layers.31.self_attn.v_proj,aten.view.default,[],decode,True
4656,self_attn,v_proj,matmul,"[[B, d_model], [d_model, n_kv*d_head]]","[n_kv*d_head, d_model]",1,"[[B, n_kv*d_head]]","[4654, 4655]",31,self_attn,v_proj,2,model.layers.31.self_attn.v_proj,aten.mm.default,[model.layers.31.self_attn.v_proj.weight],decode,False
4657,self_attn,v_proj,_unsafe_view,"[[B, n_kv*d_head]]",,,"[[B, 1, n_kv*d_head]]",[4656],31,self_attn,v_proj,2,model.layers.31.self_attn.v_proj,aten._unsafe_view.default,[],decode,True
4658,self_attn,,view,"[[B, 1, n_kv*d_head]]",,,"[[B, 1, n_kv, d_head]]",[4657],31,self_attn,,1,model.layers.31.self_attn,aten.view.default,[],decode,True
4659,self_attn,,transpose,"[[B, 1, n_kv, d_head]]",,,"[[B, n_kv, 1, d_head]]",[4658],31,self_attn,,1,model.layers.31.self_attn,aten.transpose.int,[],decode,True
4660,self_attn,,unsqueeze,"[[B, 1, d_rope]]",,,"[[B, 1, 1, d_rope]]",[54],31,self_attn,,1,model.layers.31.self_attn,aten.unsqueeze.default,[],decode,True
4661,self_attn,,unsqueeze,"[[B, 1, d_rope]]",,,"[[B, 1, 1, d_rope]]",[55],31,self_attn,,1,model.layers.31.self_attn,aten.unsqueeze.default,[],decode,True
4662,self_attn,,slice,"[[B, n_h, 1, d_head]]",,,"[[B, n_h, 1, d_rope]]",[4637],31,self_attn,,1,model.layers.31.self_attn,aten.slice.Tensor,[],decode,True
4663,self_attn,,slice,"[[B, n_h, 1, d_head]]",,,"[[B, n_h, 1, d_head-d_rope]]",[4637],31,self_attn,,1,model.layers.31.self_attn,aten.slice.Tensor,[],decode,True
4664,self_attn,,slice,"[[B, n_kv, 1, d_head]]",,,"[[B, n_kv, 1, d_rope]]",[4653],31,self_attn,,1,model.layers.31.self_attn,aten.slice.Tensor,[],decode,True
4665,self_attn,,slice,"[[B, n_kv, 1, d_head]]",,,"[[B, n_kv, 1, d_head-d_rope]]",[4653],31,self_attn,,1,model.layers.31.self_attn,aten.slice.Tensor,[],decode,True
4666,self_attn,,elementwise_mul,"[[B, n_h, 1, d_rope], [B, 1, 1, d_rope]]",,,"[[B, n_h, 1, d_rope]]","[4660, 4662]",31,self_attn,,1,model.layers.31.self_attn,aten.mul.Tensor,[],decode,False
4667,self_attn,,slice,"[[B, n_h, 1, d_rope]]",,,"[[B, n_h, 1, d_rope/2]]",[4662],31,self_attn,,1,model.layers.31.self_attn,aten.slice.Tensor,[],decode,True
4668,self_attn,,slice,"[[B, n_h, 1, d_rope]]",,,"[[B, n_h, 1, d_rope/2]]",[4662],31,self_attn,,1,model.layers.31.self_attn,aten.slice.Tensor,[],decode,True
4669,self_attn,,neg,"[[B, n_h, 1, d_rope/2]]",,,"[[B, n_h, 1, d_rope/2]]",[4668],31,self_attn,,1,model.layers.31.self_attn,aten.neg.default,[],decode,False
4670,self_attn,,concat,"[[B, n_h, 1, d_rope/2], [B, n_h, 1, d_rope/2]]",,,"[[B, n_h, 1, d_rope]]","[4667, 4669]",31,self_attn,,1,model.layers.31.self_attn,aten.cat.default,[],decode,False
4671,self_attn,,elementwise_mul,"[[B, n_h, 1, d_rope], [B, 1, 1, d_rope]]",,,"[[B, n_h, 1, d_rope]]","[4661, 4670]",31,self_attn,,1,model.layers.31.self_attn,aten.mul.Tensor,[],decode,False
4672,self_attn,,elementwise_add,"[[B, n_h, 1, d_rope], [B, n_h, 1, d_rope]]",,,"[[B, n_h, 1, d_rope]]","[4666, 4671]",31,self_attn,,1,model.layers.31.self_attn,aten.add.Tensor,[],decode,False
4673,self_attn,,elementwise_mul,"[[B, n_kv, 1, d_rope], [B, 1, 1, d_rope]]",,,"[[B, n_kv, 1, d_rope]]","[4660, 4664]",31,self_attn,,1,model.layers.31.self_attn,aten.mul.Tensor,[],decode,False
4674,self_attn,,slice,"[[B, n_kv, 1, d_rope]]",,,"[[B, n_kv, 1, d_rope/2]]",[4664],31,self_attn,,1,model.layers.31.self_attn,aten.slice.Tensor,[],decode,True
4675,self_attn,,slice,"[[B, n_kv, 1, d_rope]]",,,"[[B, n_kv, 1, d_rope/2]]",[4664],31,self_attn,,1,model.layers.31.self_attn,aten.slice.Tensor,[],decode,True
4676,self_attn,,neg,"[[B, n_kv, 1, d_rope/2]]",,,"[[B, n_kv, 1, d_rope/2]]",[4675],31,self_attn,,1,model.layers.31.self_attn,aten.neg.default,[],decode,False
4677,self_attn,,concat,"[[B, n_kv, 1, d_rope/2], [B, n_kv, 1, d_rope/2]]",,,"[[B, n_kv, 1, d_rope]]","[4674, 4676]",31,self_attn,,1,model.layers.31.self_attn,aten.cat.default,[],decode,False
4678,self_attn,,elementwise_mul,"[[B, n_kv, 1, d_rope], [B, 1, 1, d_rope]]",,,"[[B, n_kv, 1, d_rope]]","[4661, 4677]",31,self_attn,,1,model.layers.31.self_attn,aten.mul.Tensor,[],decode,False
4679,self_attn,,elementwise_add,"[[B, n_kv, 1, d_rope], [B, n_kv, 1, d_rope]]",,,"[[B, n_kv, 1, d_rope]]","[4673, 4678]",31,self_attn,,1,model.layers.31.self_attn,aten.add.Tensor,[],decode,False
4680,self_attn,,concat,"[[B, n_h, 1, d_rope], [B, n_h, 1, d_head-d_rope]]",,,"[[B, n_h, 1, d_head]]","[4663, 4672]",31,self_attn,,1,model.layers.31.self_attn,aten.cat.default,[],decode,False
4681,self_attn,,concat,"[[B, n_kv, 1, d_rope], [B, n_kv, 1, d_head-d_rope]]",,,"[[B, n_kv, 1, d_head]]","[4665, 4679]",31,self_attn,,1,model.layers.31.self_attn,aten.cat.default,[],decode,False
4682,self_attn,,concat,"[[B, n_kv, T, d_head], [B, n_kv, 1, d_head]]",,,"[[B, n_kv, T+1, d_head]]",[4681],31,self_attn,,1,model.layers.31.self_attn,aten.cat.default,[],decode,False
4683,self_attn,,concat,"[[B, n_kv, T, d_head], [B, n_kv, 1, d_head]]",,,"[[B, n_kv, T+1, d_head]]",[4659],31,self_attn,,1,model.layers.31.self_attn,aten.cat.default,[],decode,False
4684,self_attn,,unsqueeze,"[[B, n_kv, T+1, d_head]]",,,"[[B, n_kv, 1, T+1, d_head]]",[4682],31,self_attn,,1,model.layers.31.self_attn,aten.unsqueeze.default,[],decode,True
4685,self_attn,,expand,"[[B, n_kv, 1, T+1, d_head]]",,,"[[B, n_kv, n_h/n_kv, T+1, d_head]]",[4684],31,self_attn,,1,model.layers.31.self_attn,aten.expand.default,[],decode,True
4686,self_attn,,clone,"[[B, n_kv, n_h/n_kv, T+1, d_head]]",,,"[[B, n_kv, n_h/n_kv, T+1, d_head]]",[4685],31,self_attn,,1,model.layers.31.self_attn,aten.clone.default,[],decode,True
4687,self_attn,,_unsafe_view,"[[B, n_kv, n_h/n_kv, T+1, d_head]]",,,"[[B, n_h, T+1, d_head]]",[4686],31,self_attn,,1,model.layers.31.self_attn,aten._unsafe_view.default,[],decode,True
4688,self_attn,,unsqueeze,"[[B, n_kv, T+1, d_head]]",,,"[[B, n_kv, 1, T+1, d_head]]",[4683],31,self_attn,,1,model.layers.31.self_attn,aten.unsqueeze.default,[],decode,True
4689,self_attn,,expand,"[[B, n_kv, 1, T+1, d_head]]",,,"[[B, n_kv, n_h/n_kv, T+1, d_head]]",[4688],31,self_attn,,1,model.layers.31.self_attn,aten.expand.default,[],decode,True
4690,self_attn,,clone,"[[B, n_kv, n_h/n_kv, T+1, d_head]]",,,"[[B, n_kv, n_h/n_kv, T+1, d_head]]",[4689],31,self_attn,,1,model.layers.31.self_attn,aten.clone.default,[],decode,True
4691,self_attn,,_unsafe_view,"[[B, n_kv, n_h/n_kv, T+1, d_head]]",,,"[[B, n_h, T+1, d_head]]",[4690],31,self_attn,,1,model.layers.31.self_attn,aten._unsafe_view.default,[],decode,True
4692,self_attn,,transpose,"[[B, n_h, T+1, d_head]]",,,"[[B, n_h, d_head, T+1]]",[4687],31,self_attn,,1,model.layers.31.self_attn,aten.transpose.int,[],decode,True
4693,self_attn,,expand,"[[B, n_h, 1, d_head]]",,,"[[B, n_h, 1, d_head]]",[4680],31,self_attn,,1,model.layers.31.self_attn,aten.expand.default,[],decode,True
4694,self_attn,,view,"[[B, n_h, 1, d_head]]",,,"[[n_h, B, d_head]]",[4693],31,self_attn,,1,model.layers.31.self_attn,aten.view.default,[],decode,True
4695,self_attn,,expand,"[[B, n_h, d_head, T+1]]",,,"[[B, n_h, d_head, T+1]]",[4692],31,self_attn,,1,model.layers.31.self_attn,aten.expand.default,[],decode,True
4696,self_attn,,view,"[[B, n_h, d_head, T+1]]",,,"[[n_h, d_head, T+1]]",[4695],31,self_attn,,1,model.layers.31.self_attn,aten.view.default,[],decode,True
4697,self_attn,,batched_matmul,"[[n_h, B, d_head], [n_h, d_head, T+1]]",,,"[[n_h, B, T+1]]","[4694, 4696]",31,self_attn,,1,model.layers.31.self_attn,aten.bmm.default,[],decode,False
4698,self_attn,,_unsafe_view,"[[n_h, B, T+1]]",,,"[[B, n_h, 1, T+1]]",[4697],31,self_attn,,1,model.layers.31.self_attn,aten._unsafe_view.default,[],decode,True
4699,self_attn,,elementwise_mul,"[[B, n_h, 1, T+1]]",,,"[[B, n_h, 1, T+1]]",[4698],31,self_attn,,1,model.layers.31.self_attn,aten.mul.Tensor,[],decode,False
4700,self_attn,,elementwise_add,"[[B, n_h, 1, T+1], [B, 1, 1, T+1]]",,,"[[B, n_h, 1, T+1]]","[26, 4699]",31,self_attn,,1,model.layers.31.self_attn,aten.add.Tensor,[],decode,False
4701,self_attn,,_to_copy,"[[B, n_h, 1, T+1]]",,,"[[B, n_h, 1, T+1]]",[4700],31,self_attn,,1,model.layers.31.self_attn,aten._to_copy.default,[],decode,True
4702,self_attn,,softmax,"[[B, n_h, 1, T+1]]",,,"[[B, n_h, 1, T+1]]",[4701],31,self_attn,,1,model.layers.31.self_attn,aten._softmax.default,[],decode,False
4703,self_attn,,_to_copy,"[[B, n_h, 1, T+1]]",,,"[[B, n_h, 1, T+1]]",[4702],31,self_attn,,1,model.layers.31.self_attn,aten._to_copy.default,[],decode,True
4704,self_attn,,expand,"[[B, n_h, 1, T+1]]",,,"[[B, n_h, 1, T+1]]",[4703],31,self_attn,,1,model.layers.31.self_attn,aten.expand.default,[],decode,True
4705,self_attn,,view,"[[B, n_h, 1, T+1]]",,,"[[n_h, B, T+1]]",[4704],31,self_attn,,1,model.layers.31.self_attn,aten.view.default,[],decode,True
4706,self_attn,,expand,"[[B, n_h, T+1, d_head]]",,,"[[B, n_h, T+1, d_head]]",[4691],31,self_attn,,1,model.layers.31.self_attn,aten.expand.default,[],decode,True
4707,self_attn,,view,"[[B, n_h, T+1, d_head]]",,,"[[n_h, T+1, d_head]]",[4706],31,self_attn,,1,model.layers.31.self_attn,aten.view.default,[],decode,True
4708,self_attn,,batched_matmul,"[[n_h, B, T+1], [n_h, T+1, d_head]]",,,"[[n_h, B, d_head]]","[4705, 4707]",31,self_attn,,1,model.layers.31.self_attn,aten.bmm.default,[],decode,False
4709,self_attn,,_unsafe_view,"[[n_h, B, d_head]]",,,"[[B, n_h, 1, d_head]]",[4708],31,self_attn,,1,model.layers.31.self_attn,aten._unsafe_view.default,[],decode,True
4710,self_attn,,transpose,"[[B, n_h, 1, d_head]]",,,"[[B, 1, n_h, d_head]]",[4709],31,self_attn,,1,model.layers.31.self_attn,aten.transpose.int,[],decode,True
4711,self_attn,,view,"[[B, 1, n_h, d_head]]",,,"[[B, 1, n_h*d_head]]",[4710],31,self_attn,,1,model.layers.31.self_attn,aten.view.default,[],decode,True
4712,self_attn,,sigmoid,"[[B, 1, n_h*d_head]]",,,"[[B, 1, n_h*d_head]]",[4625],31,self_attn,,1,model.layers.31.self_attn,aten.sigmoid.default,[],decode,False
4713,self_attn,,elementwise_mul,"[[B, 1, n_h*d_head], [B, 1, n_h*d_head]]",,,"[[B, 1, n_h*d_head]]","[4711, 4712]",31,self_attn,,1,model.layers.31.self_attn,aten.mul.Tensor,[],decode,False
4714,self_attn,o_proj,t,"[[d_model, n_h*d_head]]","[d_model, n_h*d_head]",0,"[[n_h*d_head, d_model]]",[],31,self_attn,o_proj,2,model.layers.31.self_attn.o_proj,aten.t.default,[model.layers.31.self_attn.o_proj.weight],decode,True
4715,self_attn,o_proj,view,"[[B, 1, n_h*d_head]]",,,"[[B, n_h*d_head]]",[4713],31,self_attn,o_proj,2,model.layers.31.self_attn.o_proj,aten.view.default,[],decode,True
4716,self_attn,o_proj,matmul,"[[B, n_h*d_head], [n_h*d_head, d_model]]","[d_model, n_h*d_head]",1,"[[B, d_model]]","[4714, 4715]",31,self_attn,o_proj,2,model.layers.31.self_attn.o_proj,aten.mm.default,[model.layers.31.self_attn.o_proj.weight],decode,False
4717,self_attn,o_proj,_unsafe_view,"[[B, d_model]]",,,"[[B, 1, d_model]]",[4716],31,self_attn,o_proj,2,model.layers.31.self_attn.o_proj,aten._unsafe_view.default,[],decode,True
4718,,,elementwise_add,"[[B, 1, d_model], [B, 1, d_model]]",,,"[[B, 1, d_model]]","[4607, 4717]",31,,,0,model.layers.31,aten.add.Tensor,[],decode,False
4719,post_attention_layernorm,,_to_copy,"[[B, 1, d_model]]",,,"[[B, 1, d_model]]",[4718],31,post_attention_layernorm,,1,model.layers.31.post_attention_layernorm,aten._to_copy.default,[],decode,True
4720,post_attention_layernorm,,pow,"[[B, 1, d_model]]",,,"[[B, 1, d_model]]",[4719],31,post_attention_layernorm,,1,model.layers.31.post_attention_layernorm,aten.pow.Tensor_Scalar,[],decode,False
4721,post_attention_layernorm,,mean,"[[B, 1, d_model]]",,,"[[B, 1, 1]]",[4720],31,post_attention_layernorm,,1,model.layers.31.post_attention_layernorm,aten.mean.dim,[],decode,False
4722,post_attention_layernorm,,elementwise_add,"[[B, 1, 1]]",,,"[[B, 1, 1]]",[4721],31,post_attention_layernorm,,1,model.layers.31.post_attention_layernorm,aten.add.Tensor,[],decode,False
4723,post_attention_layernorm,,rsqrt,"[[B, 1, 1]]",,,"[[B, 1, 1]]",[4722],31,post_attention_layernorm,,1,model.layers.31.post_attention_layernorm,aten.rsqrt.default,[],decode,False
4724,post_attention_layernorm,,elementwise_mul,"[[B, 1, d_model], [B, 1, 1]]",,,"[[B, 1, d_model]]","[4719, 4723]",31,post_attention_layernorm,,1,model.layers.31.post_attention_layernorm,aten.mul.Tensor,[],decode,False
4725,post_attention_layernorm,,_to_copy,[[d_model]],,,[[d_model]],[],31,post_attention_layernorm,,1,model.layers.31.post_attention_layernorm,aten._to_copy.default,[model.layers.31.post_attention_layernorm.weight],decode,True
4726,post_attention_layernorm,,elementwise_add,[[d_model]],,,[[d_model]],[4725],31,post_attention_layernorm,,1,model.layers.31.post_attention_layernorm,aten.add.Tensor,[model.layers.31.post_attention_layernorm.weight],decode,False
4727,post_attention_layernorm,,elementwise_mul,"[[B, 1, d_model], [d_model]]",,,"[[B, 1, d_model]]","[4724, 4726]",31,post_attention_layernorm,,1,model.layers.31.post_attention_layernorm,aten.mul.Tensor,[],decode,False
4728,post_attention_layernorm,,_to_copy,"[[B, 1, d_model]]",,,"[[B, 1, d_model]]",[4727],31,post_attention_layernorm,,1,model.layers.31.post_attention_layernorm,aten._to_copy.default,[],decode,True
4729,mlp,gate_proj,t,"[[d_ff, d_model]]","[d_ff, d_model]",0,"[[d_model, d_ff]]",[],31,mlp,gate_proj,2,model.layers.31.mlp.gate_proj,aten.t.default,[model.layers.31.mlp.gate_proj.weight],decode,True
4730,mlp,gate_proj,view,"[[B, 1, d_model]]",,,"[[B, d_model]]",[4728],31,mlp,gate_proj,2,model.layers.31.mlp.gate_proj,aten.view.default,[],decode,True
4731,mlp,gate_proj,matmul,"[[B, d_model], [d_model, d_ff]]","[d_ff, d_model]",1,"[[B, d_ff]]","[4729, 4730]",31,mlp,gate_proj,2,model.layers.31.mlp.gate_proj,aten.mm.default,[model.layers.31.mlp.gate_proj.weight],decode,False
4732,mlp,gate_proj,_unsafe_view,"[[B, d_ff]]",,,"[[B, 1, d_ff]]",[4731],31,mlp,gate_proj,2,model.layers.31.mlp.gate_proj,aten._unsafe_view.default,[],decode,True
4733,mlp,act_fn,silu,"[[B, 1, d_ff]]",,,"[[B, 1, d_ff]]",[4732],31,mlp,act_fn,2,model.layers.31.mlp.act_fn,aten.silu.default,[],decode,False
4734,mlp,up_proj,t,"[[d_ff, d_model]]","[d_ff, d_model]",0,"[[d_model, d_ff]]",[],31,mlp,up_proj,2,model.layers.31.mlp.up_proj,aten.t.default,[model.layers.31.mlp.up_proj.weight],decode,True
4735,mlp,up_proj,view,"[[B, 1, d_model]]",,,"[[B, d_model]]",[4728],31,mlp,up_proj,2,model.layers.31.mlp.up_proj,aten.view.default,[],decode,True
4736,mlp,up_proj,matmul,"[[B, d_model], [d_model, d_ff]]","[d_ff, d_model]",1,"[[B, d_ff]]","[4734, 4735]",31,mlp,up_proj,2,model.layers.31.mlp.up_proj,aten.mm.default,[model.layers.31.mlp.up_proj.weight],decode,False
4737,mlp,up_proj,_unsafe_view,"[[B, d_ff]]",,,"[[B, 1, d_ff]]",[4736],31,mlp,up_proj,2,model.layers.31.mlp.up_proj,aten._unsafe_view.default,[],decode,True
4738,mlp,,elementwise_mul,"[[B, 1, d_ff], [B, 1, d_ff]]",,,"[[B, 1, d_ff]]","[4733, 4737]",31,mlp,,1,model.layers.31.mlp,aten.mul.Tensor,[],decode,False
4739,mlp,down_proj,t,"[[d_model, d_ff]]","[d_model, d_ff]",0,"[[d_ff, d_model]]",[],31,mlp,down_proj,2,model.layers.31.mlp.down_proj,aten.t.default,[model.layers.31.mlp.down_proj.weight],decode,True
4740,mlp,down_proj,view,"[[B, 1, d_ff]]",,,"[[B, d_ff]]",[4738],31,mlp,down_proj,2,model.layers.31.mlp.down_proj,aten.view.default,[],decode,True
4741,mlp,down_proj,matmul,"[[B, d_ff], [d_ff, d_model]]","[d_model, d_ff]",1,"[[B, d_model]]","[4739, 4740]",31,mlp,down_proj,2,model.layers.31.mlp.down_proj,aten.mm.default,[model.layers.31.mlp.down_proj.weight],decode,False
4742,mlp,down_proj,_unsafe_view,"[[B, d_model]]",,,"[[B, 1, d_model]]",[4741],31,mlp,down_proj,2,model.layers.31.mlp.down_proj,aten._unsafe_view.default,[],decode,True
4743,,,elementwise_add,"[[B, 1, d_model], [B, 1, d_model]]",,,"[[B, 1, d_model]]","[4718, 4742]",31,,,0,model.layers.31,aten.add.Tensor,[],decode,False
4744,model,norm,_to_copy,"[[B, 1, d_model]]",,,"[[B, 1, d_model]]",[4743],,other,,2,model.norm,aten._to_copy.default,[],decode,True
4745,model,norm,pow,"[[B, 1, d_model]]",,,"[[B, 1, d_model]]",[4744],,other,,2,model.norm,aten.pow.Tensor_Scalar,[],decode,False
4746,model,norm,mean,"[[B, 1, d_model]]",,,"[[B, 1, 1]]",[4745],,other,,2,model.norm,aten.mean.dim,[],decode,False
4747,model,norm,elementwise_add,"[[B, 1, 1]]",,,"[[B, 1, 1]]",[4746],,other,,2,model.norm,aten.add.Tensor,[],decode,False
4748,model,norm,rsqrt,"[[B, 1, 1]]",,,"[[B, 1, 1]]",[4747],,other,,2,model.norm,aten.rsqrt.default,[],decode,False
4749,model,norm,elementwise_mul,"[[B, 1, d_model], [B, 1, 1]]",,,"[[B, 1, d_model]]","[4744, 4748]",,other,,2,model.norm,aten.mul.Tensor,[],decode,False
4750,model,norm,_to_copy,[[d_model]],,,[[d_model]],[],,other,,2,model.norm,aten._to_copy.default,[model.norm.weight],decode,True
4751,model,norm,elementwise_add,[[d_model]],,,[[d_model]],[4750],,other,,2,model.norm,aten.add.Tensor,[model.norm.weight],decode,False
4752,model,norm,elementwise_mul,"[[B, 1, d_model], [d_model]]",,,"[[B, 1, d_model]]","[4749, 4751]",,other,,2,model.norm,aten.mul.Tensor,[],decode,False
4753,model,norm,_to_copy,"[[B, 1, d_model]]",,,"[[B, 1, d_model]]",[4752],,other,,2,model.norm,aten._to_copy.default,[],decode,True
4754,,,alias,"[[B, 1, d_model]]",,,"[[B, 1, d_model]]",[4753],,other,,0,,aten.alias.default,[],decode,True
4755,lm_head,,t,"[[V, d_model]]","[V, d_model]",0,"[[d_model, V]]",[],,other,,1,lm_head,aten.t.default,[model.embed_tokens.weight],decode,True
4756,lm_head,,view,"[[B, 1, d_model]]",,,"[[B, d_model]]",[4754],,other,,1,lm_head,aten.view.default,[],decode,True
4757,lm_head,,matmul,"[[B, d_model], [d_model, V]]","[V, d_model]",1,"[[B, V]]","[4755, 4756]",,other,,1,lm_head,aten.mm.default,[model.embed_tokens.weight],decode,False
4758,lm_head,,_unsafe_view,"[[B, V]]",,,"[[B, 1, V]]",[4757],,other,,1,lm_head,aten._unsafe_view.default,[],decode,True
