op_id,h1,h2,op_type,input_shape,weight_shape,weight_pos,output_shape,depends_on,layer_idx,block,sub_block,depth,module_path,raw_op,params,phase,unmapped
0,model,embed_tokens,embedding,"[[V, d_model], [B, 1]]","[V, d_model]",0,"[[B, 1, d_model]]",[],,other,,2,model.embed_tokens,aten.embedding.default,[model.embed_tokens.weight],decode,False
1,model,,arange,[],,,[[B]],[],,other,,1,model,aten.arange.default,[],decode,True
2,model,,arange,[],,,[[B]],[],,other,,1,model,aten.arange.default,[],decode,True
3,model,,arange,[],,,[[B]],[],,other,,1,model,aten.arange.default,[],decode,True
4,model,,elementwise_add,[[B]],,,[[B]],[3],,other,,1,model,aten.add.Tensor,[],decode,False
5,model,,arange,[],,,[[T+1]],[],,other,,1,model,aten.arange.default,[],decode,True
6,model,,elementwise_add,[[T+1]],,,[[T+1]],[5],,other,,1,model,aten.add.Tensor,[],decode,False
7,model,,unsqueeze,[[B]],,,"[[B, 1]]",[1],,other,,1,model,aten.unsqueeze.default,[],decode,True
8,model,,unsqueeze,"[[B, 1]]",,,"[[B, 1, 1]]",[7],,other,,1,model,aten.unsqueeze.default,[],decode,True
9,model,,unsqueeze,"[[B, 1, 1]]",,,"[[B, 1, 1, 1]]",[8],,other,,1,model,aten.unsqueeze.default,[],decode,True
10,model,,unsqueeze,[[B]],,,"[[B, 1]]",[2],,other,,1,model,aten.unsqueeze.default,[],decode,True
11,model,,unsqueeze,"[[B, 1]]",,,"[[B, 1, 1]]",[10],,other,,1,model,aten.unsqueeze.default,[],decode,True
12,model,,unsqueeze,"[[B, 1, 1]]",,,"[[B, 1, 1, 1]]",[11],,other,,1,model,aten.unsqueeze.default,[],decode,True
13,model,,unsqueeze,[[B]],,,"[[B, 1]]",[4],,other,,1,model,aten.unsqueeze.default,[],decode,True
14,model,,unsqueeze,"[[B, 1]]",,,"[[B, 1, 1]]",[13],,other,,1,model,aten.unsqueeze.default,[],decode,True
15,model,,unsqueeze,"[[B, 1, 1]]",,,"[[B, 1, 1, 1]]",[14],,other,,1,model,aten.unsqueeze.default,[],decode,True
16,model,,unsqueeze,[[T+1]],,,"[[B, T+1]]",[6],,other,,1,model,aten.unsqueeze.default,[],decode,True
17,model,,unsqueeze,"[[B, T+1]]",,,"[[B, 1, T+1]]",[16],,other,,1,model,aten.unsqueeze.default,[],decode,True
18,model,,unsqueeze,"[[B, 1, T+1]]",,,"[[B, 1, 1, T+1]]",[17],,other,,1,model,aten.unsqueeze.default,[],decode,True
19,model,,le,"[[B, 1, 1, T+1], [B, 1, 1, 1]]",,,"[[B, 1, 1, T+1]]","[15, 18]",,other,,1,model,aten.le.Tensor,[],decode,True
20,model,,expand,"[[B, 1, 1, T+1]]",,,"[[B, 1, 1, T+1]]",[19],,other,,1,model,aten.expand.default,[],decode,True
21,model,,scalar_tensor,[],,,[[]],[],,other,,1,model,aten.scalar_tensor.default,[],decode,True
22,model,,where,"[[B, 1, 1, T+1], [], []]",,,"[[B, 1, 1, T+1]]","[20, 21]",,other,,1,model,aten.where.self,[],decode,True
23,model,rotary_emb,unsqueeze,[[d_head/2]],,,"[[B, d_head/2]]",[],,other,,2,model.rotary_emb,aten.unsqueeze.default,[model.rotary_emb.inv_freq],decode,True
24,model,rotary_emb,unsqueeze,"[[B, d_head/2]]",,,"[[B, d_head/2, 1]]",[23],,other,,2,model.rotary_emb,aten.unsqueeze.default,[],decode,True
25,model,rotary_emb,expand,"[[B, d_head/2, 1]]",,,"[[B, d_head/2, 1]]",[24],,other,,2,model.rotary_emb,aten.expand.default,[],decode,True
26,model,rotary_emb,unsqueeze,"[[B, 1]]",,,"[[B, 1, 1]]",[],,other,,2,model.rotary_emb,aten.unsqueeze.default,[],decode,True
27,model,rotary_emb,_to_copy,"[[B, 1, 1]]",,,"[[B, 1, 1]]",[26],,other,,2,model.rotary_emb,aten._to_copy.default,[],decode,True
28,model,rotary_emb,expand,"[[B, d_head/2, 1]]",,,"[[B, d_head/2, 1]]",[25],,other,,2,model.rotary_emb,aten.expand.default,[],decode,True
29,model,rotary_emb,view,"[[B, d_head/2, 1]]",,,"[[B, d_head/2, 1]]",[28],,other,,2,model.rotary_emb,aten.view.default,[],decode,True
30,model,rotary_emb,expand,"[[B, 1, 1]]",,,"[[B, 1, 1]]",[27],,other,,2,model.rotary_emb,aten.expand.default,[],decode,True
31,model,rotary_emb,view,"[[B, 1, 1]]",,,"[[B, 1, 1]]",[30],,other,,2,model.rotary_emb,aten.view.default,[],decode,True
32,model,rotary_emb,batched_matmul,"[[B, d_head/2, 1], [B, 1, 1]]",,,"[[B, d_head/2, 1]]","[29, 31]",,other,,2,model.rotary_emb,aten.bmm.default,[],decode,False
33,model,rotary_emb,_unsafe_view,"[[B, d_head/2, 1]]",,,"[[B, d_head/2, 1]]",[32],,other,,2,model.rotary_emb,aten._unsafe_view.default,[],decode,True
34,model,rotary_emb,transpose,"[[B, d_head/2, 1]]",,,"[[B, 1, d_head/2]]",[33],,other,,2,model.rotary_emb,aten.transpose.int,[],decode,True
35,model,rotary_emb,concat,"[[B, 1, d_head/2], [B, 1, d_head/2]]",,,"[[B, 1, d_head]]",[34],,other,,2,model.rotary_emb,aten.cat.default,[],decode,False
36,model,rotary_emb,cos,"[[B, 1, d_head]]",,,"[[B, 1, d_head]]",[35],,other,,2,model.rotary_emb,aten.cos.default,[],decode,False
37,model,rotary_emb,elementwise_mul,"[[B, 1, d_head]]",,,"[[B, 1, d_head]]",[36],,other,,2,model.rotary_emb,aten.mul.Tensor,[],decode,False
38,model,rotary_emb,sin,"[[B, 1, d_head]]",,,"[[B, 1, d_head]]",[35],,other,,2,model.rotary_emb,aten.sin.default,[],decode,False
39,model,rotary_emb,elementwise_mul,"[[B, 1, d_head]]",,,"[[B, 1, d_head]]",[38],,other,,2,model.rotary_emb,aten.mul.Tensor,[],decode,False
40,model,rotary_emb,_to_copy,"[[B, 1, d_head]]",,,"[[B, 1, d_head]]",[37],,other,,2,model.rotary_emb,aten._to_copy.default,[],decode,True
41,model,rotary_emb,_to_copy,"[[B, 1, d_head]]",,,"[[B, 1, d_head]]",[39],,other,,2,model.rotary_emb,aten._to_copy.default,[],decode,True
42,input_layernorm,,_to_copy,"[[B, 1, d_model]]",,,"[[B, 1, d_model]]",[0],0,input_layernorm,,1,model.layers.0.input_layernorm,aten._to_copy.default,[],decode,True
43,input_layernorm,,pow,"[[B, 1, d_model]]",,,"[[B, 1, d_model]]",[42],0,input_layernorm,,1,model.layers.0.input_layernorm,aten.pow.Tensor_Scalar,[],decode,False
44,input_layernorm,,mean,"[[B, 1, d_model]]",,,"[[B, 1, 1]]",[43],0,input_layernorm,,1,model.layers.0.input_layernorm,aten.mean.dim,[],decode,False
45,input_layernorm,,elementwise_add,"[[B, 1, 1]]",,,"[[B, 1, 1]]",[44],0,input_layernorm,,1,model.layers.0.input_layernorm,aten.add.Tensor,[],decode,False
46,input_layernorm,,rsqrt,"[[B, 1, 1]]",,,"[[B, 1, 1]]",[45],0,input_layernorm,,1,model.layers.0.input_layernorm,aten.rsqrt.default,[],decode,False
47,input_layernorm,,elementwise_mul,"[[B, 1, d_model], [B, 1, 1]]",,,"[[B, 1, d_model]]","[42, 46]",0,input_layernorm,,1,model.layers.0.input_layernorm,aten.mul.Tensor,[],decode,False
48,input_layernorm,,_to_copy,"[[B, 1, d_model]]",,,"[[B, 1, d_model]]",[47],0,input_layernorm,,1,model.layers.0.input_layernorm,aten._to_copy.default,[],decode,True
49,input_layernorm,,elementwise_mul,"[[d_model], [B, 1, d_model]]",,,"[[B, 1, d_model]]",[48],0,input_layernorm,,1,model.layers.0.input_layernorm,aten.mul.Tensor,[model.layers.0.input_layernorm.weight],decode,False
50,self_attn,q_proj,t,"[[n_h*d_head, d_model]]","[n_h*d_head, d_model]",0,"[[d_model, n_h*d_head]]",[],0,self_attn,q_proj,2,model.layers.0.self_attn.q_proj,aten.t.default,[model.layers.0.self_attn.q_proj.weight],decode,True
51,self_attn,q_proj,view,"[[B, 1, d_model]]",,,"[[B, d_model]]",[49],0,self_attn,q_proj,2,model.layers.0.self_attn.q_proj,aten.view.default,[],decode,True
52,self_attn,q_proj,matmul,"[[B, d_model], [d_model, n_h*d_head]]","[n_h*d_head, d_model]",1,"[[B, n_h*d_head]]","[50, 51]",0,self_attn,q_proj,2,model.layers.0.self_attn.q_proj,aten.mm.default,[model.layers.0.self_attn.q_proj.weight],decode,False
53,self_attn,q_proj,_unsafe_view,"[[B, n_h*d_head]]",,,"[[B, 1, n_h*d_head]]",[52],0,self_attn,q_proj,2,model.layers.0.self_attn.q_proj,aten._unsafe_view.default,[],decode,True
54,self_attn,,view,"[[B, 1, n_h*d_head]]",,,"[[B, 1, n_h, d_head]]",[53],0,self_attn,,1,model.layers.0.self_attn,aten.view.default,[],decode,True
55,self_attn,,transpose,"[[B, 1, n_h, d_head]]",,,"[[B, n_h, 1, d_head]]",[54],0,self_attn,,1,model.layers.0.self_attn,aten.transpose.int,[],decode,True
56,self_attn,k_proj,t,"[[n_kv*d_head, d_model]]","[n_kv*d_head, d_model]",0,"[[d_model, n_kv*d_head]]",[],0,self_attn,k_proj,2,model.layers.0.self_attn.k_proj,aten.t.default,[model.layers.0.self_attn.k_proj.weight],decode,True
57,self_attn,k_proj,view,"[[B, 1, d_model]]",,,"[[B, d_model]]",[49],0,self_attn,k_proj,2,model.layers.0.self_attn.k_proj,aten.view.default,[],decode,True
58,self_attn,k_proj,matmul,"[[B, d_model], [d_model, n_kv*d_head]]","[n_kv*d_head, d_model]",1,"[[B, n_kv*d_head]]","[56, 57]",0,self_attn,k_proj,2,model.layers.0.self_attn.k_proj,aten.mm.default,[model.layers.0.self_attn.k_proj.weight],decode,False
59,self_attn,k_proj,_unsafe_view,"[[B, n_kv*d_head]]",,,"[[B, 1, n_kv*d_head]]",[58],0,self_attn,k_proj,2,model.layers.0.self_attn.k_proj,aten._unsafe_view.default,[],decode,True
60,self_attn,,view,"[[B, 1, n_kv*d_head]]",,,"[[B, 1, n_kv, d_head]]",[59],0,self_attn,,1,model.layers.0.self_attn,aten.view.default,[],decode,True
61,self_attn,,transpose,"[[B, 1, n_kv, d_head]]",,,"[[B, n_kv, 1, d_head]]",[60],0,self_attn,,1,model.layers.0.self_attn,aten.transpose.int,[],decode,True
62,self_attn,v_proj,t,"[[n_kv*d_head, d_model]]","[n_kv*d_head, d_model]",0,"[[d_model, n_kv*d_head]]",[],0,self_attn,v_proj,2,model.layers.0.self_attn.v_proj,aten.t.default,[model.layers.0.self_attn.v_proj.weight],decode,True
63,self_attn,v_proj,view,"[[B, 1, d_model]]",,,"[[B, d_model]]",[49],0,self_attn,v_proj,2,model.layers.0.self_attn.v_proj,aten.view.default,[],decode,True
64,self_attn,v_proj,matmul,"[[B, d_model], [d_model, n_kv*d_head]]","[n_kv*d_head, d_model]",1,"[[B, n_kv*d_head]]","[62, 63]",0,self_attn,v_proj,2,model.layers.0.self_attn.v_proj,aten.mm.default,[model.layers.0.self_attn.v_proj.weight],decode,False
65,self_attn,v_proj,_unsafe_view,"[[B, n_kv*d_head]]",,,"[[B, 1, n_kv*d_head]]",[64],0,self_attn,v_proj,2,model.layers.0.self_attn.v_proj,aten._unsafe_view.default,[],decode,True
66,self_attn,,view,"[[B, 1, n_kv*d_head]]",,,"[[B, 1, n_kv, d_head]]",[65],0,self_attn,,1,model.layers.0.self_attn,aten.view.default,[],decode,True
67,self_attn,,transpose,"[[B, 1, n_kv, d_head]]",,,"[[B, n_kv, 1, d_head]]",[66],0,self_attn,,1,model.layers.0.self_attn,aten.transpose.int,[],decode,True
68,self_attn,,unsqueeze,"[[B, 1, d_head]]",,,"[[B, 1, 1, d_head]]",[40],0,self_attn,,1,model.layers.0.self_attn,aten.unsqueeze.default,[],decode,True
69,self_attn,,unsqueeze,"[[B, 1, d_head]]",,,"[[B, 1, 1, d_head]]",[41],0,self_attn,,1,model.layers.0.self_attn,aten.unsqueeze.default,[],decode,True
70,self_attn,,elementwise_mul,"[[B, n_h, 1, d_head], [B, 1, 1, d_head]]",,,"[[B, n_h, 1, d_head]]","[55, 68]",0,self_attn,,1,model.layers.0.self_attn,aten.mul.Tensor,[],decode,False
71,self_attn,,slice,"[[B, n_h, 1, d_head]]",,,"[[B, n_h, 1, d_head/2]]",[55],0,self_attn,,1,model.layers.0.self_attn,aten.slice.Tensor,[],decode,True
72,self_attn,,slice,"[[B, n_h, 1, d_head]]",,,"[[B, n_h, 1, d_head/2]]",[55],0,self_attn,,1,model.layers.0.self_attn,aten.slice.Tensor,[],decode,True
73,self_attn,,neg,"[[B, n_h, 1, d_head/2]]",,,"[[B, n_h, 1, d_head/2]]",[72],0,self_attn,,1,model.layers.0.self_attn,aten.neg.default,[],decode,False
74,self_attn,,concat,"[[B, n_h, 1, d_head/2], [B, n_h, 1, d_head/2]]",,,"[[B, n_h, 1, d_head]]","[71, 73]",0,self_attn,,1,model.layers.0.self_attn,aten.cat.default,[],decode,False
75,self_attn,,elementwise_mul,"[[B, n_h, 1, d_head], [B, 1, 1, d_head]]",,,"[[B, n_h, 1, d_head]]","[69, 74]",0,self_attn,,1,model.layers.0.self_attn,aten.mul.Tensor,[],decode,False
76,self_attn,,elementwise_add,"[[B, n_h, 1, d_head], [B, n_h, 1, d_head]]",,,"[[B, n_h, 1, d_head]]","[70, 75]",0,self_attn,,1,model.layers.0.self_attn,aten.add.Tensor,[],decode,False
77,self_attn,,elementwise_mul,"[[B, n_kv, 1, d_head], [B, 1, 1, d_head]]",,,"[[B, n_kv, 1, d_head]]","[61, 68]",0,self_attn,,1,model.layers.0.self_attn,aten.mul.Tensor,[],decode,False
78,self_attn,,slice,"[[B, n_kv, 1, d_head]]",,,"[[B, n_kv, 1, d_head/2]]",[61],0,self_attn,,1,model.layers.0.self_attn,aten.slice.Tensor,[],decode,True
79,self_attn,,slice,"[[B, n_kv, 1, d_head]]",,,"[[B, n_kv, 1, d_head/2]]",[61],0,self_attn,,1,model.layers.0.self_attn,aten.slice.Tensor,[],decode,True
80,self_attn,,neg,"[[B, n_kv, 1, d_head/2]]",,,"[[B, n_kv, 1, d_head/2]]",[79],0,self_attn,,1,model.layers.0.self_attn,aten.neg.default,[],decode,False
81,self_attn,,concat,"[[B, n_kv, 1, d_head/2], [B, n_kv, 1, d_head/2]]",,,"[[B, n_kv, 1, d_head]]","[78, 80]",0,self_attn,,1,model.layers.0.self_attn,aten.cat.default,[],decode,False
82,self_attn,,elementwise_mul,"[[B, n_kv, 1, d_head], [B, 1, 1, d_head]]",,,"[[B, n_kv, 1, d_head]]","[69, 81]",0,self_attn,,1,model.layers.0.self_attn,aten.mul.Tensor,[],decode,False
83,self_attn,,elementwise_add,"[[B, n_kv, 1, d_head], [B, n_kv, 1, d_head]]",,,"[[B, n_kv, 1, d_head]]","[77, 82]",0,self_attn,,1,model.layers.0.self_attn,aten.add.Tensor,[],decode,False
84,self_attn,,concat,"[[B, n_kv, T, d_head], [B, n_kv, 1, d_head]]",,,"[[B, n_kv, T+1, d_head]]",[83],0,self_attn,,1,model.layers.0.self_attn,aten.cat.default,[],decode,False
85,self_attn,,concat,"[[B, n_kv, T, d_head], [B, n_kv, 1, d_head]]",,,"[[B, n_kv, T+1, d_head]]",[67],0,self_attn,,1,model.layers.0.self_attn,aten.cat.default,[],decode,False
86,self_attn,,unsqueeze,"[[B, n_kv, T+1, d_head]]",,,"[[B, n_kv, 1, T+1, d_head]]",[84],0,self_attn,,1,model.layers.0.self_attn,aten.unsqueeze.default,[],decode,True
87,self_attn,,expand,"[[B, n_kv, 1, T+1, d_head]]",,,"[[B, n_kv, n_h/n_kv, T+1, d_head]]",[86],0,self_attn,,1,model.layers.0.self_attn,aten.expand.default,[],decode,True
88,self_attn,,clone,"[[B, n_kv, n_h/n_kv, T+1, d_head]]",,,"[[B, n_kv, n_h/n_kv, T+1, d_head]]",[87],0,self_attn,,1,model.layers.0.self_attn,aten.clone.default,[],decode,True
89,self_attn,,_unsafe_view,"[[B, n_kv, n_h/n_kv, T+1, d_head]]",,,"[[B, n_h, T+1, d_head]]",[88],0,self_attn,,1,model.layers.0.self_attn,aten._unsafe_view.default,[],decode,True
90,self_attn,,unsqueeze,"[[B, n_kv, T+1, d_head]]",,,"[[B, n_kv, 1, T+1, d_head]]",[85],0,self_attn,,1,model.layers.0.self_attn,aten.unsqueeze.default,[],decode,True
91,self_attn,,expand,"[[B, n_kv, 1, T+1, d_head]]",,,"[[B, n_kv, n_h/n_kv, T+1, d_head]]",[90],0,self_attn,,1,model.layers.0.self_attn,aten.expand.default,[],decode,True
92,self_attn,,clone,"[[B, n_kv, n_h/n_kv, T+1, d_head]]",,,"[[B, n_kv, n_h/n_kv, T+1, d_head]]",[91],0,self_attn,,1,model.layers.0.self_attn,aten.clone.default,[],decode,True
93,self_attn,,_unsafe_view,"[[B, n_kv, n_h/n_kv, T+1, d_head]]",,,"[[B, n_h, T+1, d_head]]",[92],0,self_attn,,1,model.layers.0.self_attn,aten._unsafe_view.default,[],decode,True
94,self_attn,,transpose,"[[B, n_h, T+1, d_head]]",,,"[[B, n_h, d_head, T+1]]",[89],0,self_attn,,1,model.layers.0.self_attn,aten.transpose.int,[],decode,True
95,self_attn,,expand,"[[B, n_h, 1, d_head]]",,,"[[B, n_h, 1, d_head]]",[76],0,self_attn,,1,model.layers.0.self_attn,aten.expand.default,[],decode,True
96,self_attn,,view,"[[B, n_h, 1, d_head]]",,,"[[n_h, B, d_head]]",[95],0,self_attn,,1,model.layers.0.self_attn,aten.view.default,[],decode,True
97,self_attn,,expand,"[[B, n_h, d_head, T+1]]",,,"[[B, n_h, d_head, T+1]]",[94],0,self_attn,,1,model.layers.0.self_attn,aten.expand.default,[],decode,True
98,self_attn,,view,"[[B, n_h, d_head, T+1]]",,,"[[n_h, d_head, T+1]]",[97],0,self_attn,,1,model.layers.0.self_attn,aten.view.default,[],decode,True
99,self_attn,,batched_matmul,"[[n_h, B, d_head], [n_h, d_head, T+1]]",,,"[[n_h, B, T+1]]","[96, 98]",0,self_attn,,1,model.layers.0.self_attn,aten.bmm.default,[],decode,False
100,self_attn,,_unsafe_view,"[[n_h, B, T+1]]",,,"[[B, n_h, 1, T+1]]",[99],0,self_attn,,1,model.layers.0.self_attn,aten._unsafe_view.default,[],decode,True
101,self_attn,,elementwise_mul,"[[B, n_h, 1, T+1]]",,,"[[B, n_h, 1, T+1]]",[100],0,self_attn,,1,model.layers.0.self_attn,aten.mul.Tensor,[],decode,False
102,self_attn,,elementwise_add,"[[B, n_h, 1, T+1], [B, 1, 1, T+1]]",,,"[[B, n_h, 1, T+1]]","[22, 101]",0,self_attn,,1,model.layers.0.self_attn,aten.add.Tensor,[],decode,False
103,self_attn,,_to_copy,"[[B, n_h, 1, T+1]]",,,"[[B, n_h, 1, T+1]]",[102],0,self_attn,,1,model.layers.0.self_attn,aten._to_copy.default,[],decode,True
104,self_attn,,softmax,"[[B, n_h, 1, T+1]]",,,"[[B, n_h, 1, T+1]]",[103],0,self_attn,,1,model.layers.0.self_attn,aten._softmax.default,[],decode,False
105,self_attn,,_to_copy,"[[B, n_h, 1, T+1]]",,,"[[B, n_h, 1, T+1]]",[104],0,self_attn,,1,model.layers.0.self_attn,aten._to_copy.default,[],decode,True
106,self_attn,,expand,"[[B, n_h, 1, T+1]]",,,"[[B, n_h, 1, T+1]]",[105],0,self_attn,,1,model.layers.0.self_attn,aten.expand.default,[],decode,True
107,self_attn,,view,"[[B, n_h, 1, T+1]]",,,"[[n_h, B, T+1]]",[106],0,self_attn,,1,model.layers.0.self_attn,aten.view.default,[],decode,True
108,self_attn,,expand,"[[B, n_h, T+1, d_head]]",,,"[[B, n_h, T+1, d_head]]",[93],0,self_attn,,1,model.layers.0.self_attn,aten.expand.default,[],decode,True
109,self_attn,,view,"[[B, n_h, T+1, d_head]]",,,"[[n_h, T+1, d_head]]",[108],0,self_attn,,1,model.layers.0.self_attn,aten.view.default,[],decode,True
110,self_attn,,batched_matmul,"[[n_h, B, T+1], [n_h, T+1, d_head]]",,,"[[n_h, B, d_head]]","[107, 109]",0,self_attn,,1,model.layers.0.self_attn,aten.bmm.default,[],decode,False
111,self_attn,,_unsafe_view,"[[n_h, B, d_head]]",,,"[[B, n_h, 1, d_head]]",[110],0,self_attn,,1,model.layers.0.self_attn,aten._unsafe_view.default,[],decode,True
112,self_attn,,transpose,"[[B, n_h, 1, d_head]]",,,"[[B, 1, n_h, d_head]]",[111],0,self_attn,,1,model.layers.0.self_attn,aten.transpose.int,[],decode,True
113,self_attn,,view,"[[B, 1, n_h, d_head]]",,,"[[B, 1, n_h*d_head]]",[112],0,self_attn,,1,model.layers.0.self_attn,aten.view.default,[],decode,True
114,self_attn,o_proj,t,"[[d_model, n_h*d_head]]","[d_model, n_h*d_head]",0,"[[n_h*d_head, d_model]]",[],0,self_attn,o_proj,2,model.layers.0.self_attn.o_proj,aten.t.default,[model.layers.0.self_attn.o_proj.weight],decode,True
115,self_attn,o_proj,view,"[[B, 1, n_h*d_head]]",,,"[[B, n_h*d_head]]",[113],0,self_attn,o_proj,2,model.layers.0.self_attn.o_proj,aten.view.default,[],decode,True
116,self_attn,o_proj,matmul,"[[B, n_h*d_head], [n_h*d_head, d_model]]","[d_model, n_h*d_head]",1,"[[B, d_model]]","[114, 115]",0,self_attn,o_proj,2,model.layers.0.self_attn.o_proj,aten.mm.default,[model.layers.0.self_attn.o_proj.weight],decode,False
117,self_attn,o_proj,_unsafe_view,"[[B, d_model]]",,,"[[B, 1, d_model]]",[116],0,self_attn,o_proj,2,model.layers.0.self_attn.o_proj,aten._unsafe_view.default,[],decode,True
118,,,elementwise_add,"[[B, 1, d_model], [B, 1, d_model]]",,,"[[B, 1, d_model]]","[0, 117]",0,,,0,model.layers.0,aten.add.Tensor,[],decode,False
119,post_attention_layernorm,,_to_copy,"[[B, 1, d_model]]",,,"[[B, 1, d_model]]",[118],0,post_attention_layernorm,,1,model.layers.0.post_attention_layernorm,aten._to_copy.default,[],decode,True
120,post_attention_layernorm,,pow,"[[B, 1, d_model]]",,,"[[B, 1, d_model]]",[119],0,post_attention_layernorm,,1,model.layers.0.post_attention_layernorm,aten.pow.Tensor_Scalar,[],decode,False
121,post_attention_layernorm,,mean,"[[B, 1, d_model]]",,,"[[B, 1, 1]]",[120],0,post_attention_layernorm,,1,model.layers.0.post_attention_layernorm,aten.mean.dim,[],decode,False
122,post_attention_layernorm,,elementwise_add,"[[B, 1, 1]]",,,"[[B, 1, 1]]",[121],0,post_attention_layernorm,,1,model.layers.0.post_attention_layernorm,aten.add.Tensor,[],decode,False
123,post_attention_layernorm,,rsqrt,"[[B, 1, 1]]",,,"[[B, 1, 1]]",[122],0,post_attention_layernorm,,1,model.layers.0.post_attention_layernorm,aten.rsqrt.default,[],decode,False
124,post_attention_layernorm,,elementwise_mul,"[[B, 1, d_model], [B, 1, 1]]",,,"[[B, 1, d_model]]","[119, 123]",0,post_attention_layernorm,,1,model.layers.0.post_attention_layernorm,aten.mul.Tensor,[],decode,False
125,post_attention_layernorm,,_to_copy,"[[B, 1, d_model]]",,,"[[B, 1, d_model]]",[124],0,post_attention_layernorm,,1,model.layers.0.post_attention_layernorm,aten._to_copy.default,[],decode,True
126,post_attention_layernorm,,elementwise_mul,"[[d_model], [B, 1, d_model]]",,,"[[B, 1, d_model]]",[125],0,post_attention_layernorm,,1,model.layers.0.post_attention_layernorm,aten.mul.Tensor,[model.layers.0.post_attention_layernorm.weight],decode,False
127,mlp,gate_proj,t,"[[d_ff, d_model]]","[d_ff, d_model]",0,"[[d_model, d_ff]]",[],0,mlp,gate_proj,2,model.layers.0.mlp.gate_proj,aten.t.default,[model.layers.0.mlp.gate_proj.weight],decode,True
128,mlp,gate_proj,view,"[[B, 1, d_model]]",,,"[[B, d_model]]",[126],0,mlp,gate_proj,2,model.layers.0.mlp.gate_proj,aten.view.default,[],decode,True
129,mlp,gate_proj,matmul,"[[B, d_model], [d_model, d_ff]]","[d_ff, d_model]",1,"[[B, d_ff]]","[127, 128]",0,mlp,gate_proj,2,model.layers.0.mlp.gate_proj,aten.mm.default,[model.layers.0.mlp.gate_proj.weight],decode,False
130,mlp,gate_proj,_unsafe_view,"[[B, d_ff]]",,,"[[B, 1, d_ff]]",[129],0,mlp,gate_proj,2,model.layers.0.mlp.gate_proj,aten._unsafe_view.default,[],decode,True
131,mlp,act_fn,silu,"[[B, 1, d_ff]]",,,"[[B, 1, d_ff]]",[130],0,mlp,act_fn,2,model.layers.0.mlp.act_fn,aten.silu.default,[],decode,False
132,mlp,up_proj,t,"[[d_ff, d_model]]","[d_ff, d_model]",0,"[[d_model, d_ff]]",[],0,mlp,up_proj,2,model.layers.0.mlp.up_proj,aten.t.default,[model.layers.0.mlp.up_proj.weight],decode,True
133,mlp,up_proj,view,"[[B, 1, d_model]]",,,"[[B, d_model]]",[126],0,mlp,up_proj,2,model.layers.0.mlp.up_proj,aten.view.default,[],decode,True
134,mlp,up_proj,matmul,"[[B, d_model], [d_model, d_ff]]","[d_ff, d_model]",1,"[[B, d_ff]]","[132, 133]",0,mlp,up_proj,2,model.layers.0.mlp.up_proj,aten.mm.default,[model.layers.0.mlp.up_proj.weight],decode,False
135,mlp,up_proj,_unsafe_view,"[[B, d_ff]]",,,"[[B, 1, d_ff]]",[134],0,mlp,up_proj,2,model.layers.0.mlp.up_proj,aten._unsafe_view.default,[],decode,True
136,mlp,,elementwise_mul,"[[B, 1, d_ff], [B, 1, d_ff]]",,,"[[B, 1, d_ff]]","[131, 135]",0,mlp,,1,model.layers.0.mlp,aten.mul.Tensor,[],decode,False
137,mlp,down_proj,t,"[[d_model, d_ff]]","[d_model, d_ff]",0,"[[d_ff, d_model]]",[],0,mlp,down_proj,2,model.layers.0.mlp.down_proj,aten.t.default,[model.layers.0.mlp.down_proj.weight],decode,True
138,mlp,down_proj,view,"[[B, 1, d_ff]]",,,"[[B, d_ff]]",[136],0,mlp,down_proj,2,model.layers.0.mlp.down_proj,aten.view.default,[],decode,True
139,mlp,down_proj,matmul,"[[B, d_ff], [d_ff, d_model]]","[d_model, d_ff]",1,"[[B, d_model]]","[137, 138]",0,mlp,down_proj,2,model.layers.0.mlp.down_proj,aten.mm.default,[model.layers.0.mlp.down_proj.weight],decode,False
140,mlp,down_proj,_unsafe_view,"[[B, d_model]]",,,"[[B, 1, d_model]]",[139],0,mlp,down_proj,2,model.layers.0.mlp.down_proj,aten._unsafe_view.default,[],decode,True
141,,,elementwise_add,"[[B, 1, d_model], [B, 1, d_model]]",,,"[[B, 1, d_model]]","[118, 140]",0,,,0,model.layers.0,aten.add.Tensor,[],decode,False
142,input_layernorm,,_to_copy,"[[B, 1, d_model]]",,,"[[B, 1, d_model]]",[141],1,input_layernorm,,1,model.layers.1.input_layernorm,aten._to_copy.default,[],decode,True
143,input_layernorm,,pow,"[[B, 1, d_model]]",,,"[[B, 1, d_model]]",[142],1,input_layernorm,,1,model.layers.1.input_layernorm,aten.pow.Tensor_Scalar,[],decode,False
144,input_layernorm,,mean,"[[B, 1, d_model]]",,,"[[B, 1, 1]]",[143],1,input_layernorm,,1,model.layers.1.input_layernorm,aten.mean.dim,[],decode,False
145,input_layernorm,,elementwise_add,"[[B, 1, 1]]",,,"[[B, 1, 1]]",[144],1,input_layernorm,,1,model.layers.1.input_layernorm,aten.add.Tensor,[],decode,False
146,input_layernorm,,rsqrt,"[[B, 1, 1]]",,,"[[B, 1, 1]]",[145],1,input_layernorm,,1,model.layers.1.input_layernorm,aten.rsqrt.default,[],decode,False
147,input_layernorm,,elementwise_mul,"[[B, 1, d_model], [B, 1, 1]]",,,"[[B, 1, d_model]]","[142, 146]",1,input_layernorm,,1,model.layers.1.input_layernorm,aten.mul.Tensor,[],decode,False
148,input_layernorm,,_to_copy,"[[B, 1, d_model]]",,,"[[B, 1, d_model]]",[147],1,input_layernorm,,1,model.layers.1.input_layernorm,aten._to_copy.default,[],decode,True
149,input_layernorm,,elementwise_mul,"[[d_model], [B, 1, d_model]]",,,"[[B, 1, d_model]]",[148],1,input_layernorm,,1,model.layers.1.input_layernorm,aten.mul.Tensor,[model.layers.1.input_layernorm.weight],decode,False
150,self_attn,q_proj,t,"[[n_h*d_head, d_model]]","[n_h*d_head, d_model]",0,"[[d_model, n_h*d_head]]",[],1,self_attn,q_proj,2,model.layers.1.self_attn.q_proj,aten.t.default,[model.layers.1.self_attn.q_proj.weight],decode,True
151,self_attn,q_proj,view,"[[B, 1, d_model]]",,,"[[B, d_model]]",[149],1,self_attn,q_proj,2,model.layers.1.self_attn.q_proj,aten.view.default,[],decode,True
152,self_attn,q_proj,matmul,"[[B, d_model], [d_model, n_h*d_head]]","[n_h*d_head, d_model]",1,"[[B, n_h*d_head]]","[150, 151]",1,self_attn,q_proj,2,model.layers.1.self_attn.q_proj,aten.mm.default,[model.layers.1.self_attn.q_proj.weight],decode,False
153,self_attn,q_proj,_unsafe_view,"[[B, n_h*d_head]]",,,"[[B, 1, n_h*d_head]]",[152],1,self_attn,q_proj,2,model.layers.1.self_attn.q_proj,aten._unsafe_view.default,[],decode,True
154,self_attn,,view,"[[B, 1, n_h*d_head]]",,,"[[B, 1, n_h, d_head]]",[153],1,self_attn,,1,model.layers.1.self_attn,aten.view.default,[],decode,True
155,self_attn,,transpose,"[[B, 1, n_h, d_head]]",,,"[[B, n_h, 1, d_head]]",[154],1,self_attn,,1,model.layers.1.self_attn,aten.transpose.int,[],decode,True
156,self_attn,k_proj,t,"[[n_kv*d_head, d_model]]","[n_kv*d_head, d_model]",0,"[[d_model, n_kv*d_head]]",[],1,self_attn,k_proj,2,model.layers.1.self_attn.k_proj,aten.t.default,[model.layers.1.self_attn.k_proj.weight],decode,True
157,self_attn,k_proj,view,"[[B, 1, d_model]]",,,"[[B, d_model]]",[149],1,self_attn,k_proj,2,model.layers.1.self_attn.k_proj,aten.view.default,[],decode,True
158,self_attn,k_proj,matmul,"[[B, d_model], [d_model, n_kv*d_head]]","[n_kv*d_head, d_model]",1,"[[B, n_kv*d_head]]","[156, 157]",1,self_attn,k_proj,2,model.layers.1.self_attn.k_proj,aten.mm.default,[model.layers.1.self_attn.k_proj.weight],decode,False
159,self_attn,k_proj,_unsafe_view,"[[B, n_kv*d_head]]",,,"[[B, 1, n_kv*d_head]]",[158],1,self_attn,k_proj,2,model.layers.1.self_attn.k_proj,aten._unsafe_view.default,[],decode,True
160,self_attn,,view,"[[B, 1, n_kv*d_head]]",,,"[[B, 1, n_kv, d_head]]",[159],1,self_attn,,1,model.layers.1.self_attn,aten.view.default,[],decode,True
161,self_attn,,transpose,"[[B, 1, n_kv, d_head]]",,,"[[B, n_kv, 1, d_head]]",[160],1,self_attn,,1,model.layers.1.self_attn,aten.transpose.int,[],decode,True
162,self_attn,v_proj,t,"[[n_kv*d_head, d_model]]","[n_kv*d_head, d_model]",0,"[[d_model, n_kv*d_head]]",[],1,self_attn,v_proj,2,model.layers.1.self_attn.v_proj,aten.t.default,[model.layers.1.self_attn.v_proj.weight],decode,True
163,self_attn,v_proj,view,"[[B, 1, d_model]]",,,"[[B, d_model]]",[149],1,self_attn,v_proj,2,model.layers.1.self_attn.v_proj,aten.view.default,[],decode,True
164,self_attn,v_proj,matmul,"[[B, d_model], [d_model, n_kv*d_head]]","[n_kv*d_head, d_model]",1,"[[B, n_kv*d_head]]","[162, 163]",1,self_attn,v_proj,2,model.layers.1.self_attn.v_proj,aten.mm.default,[model.layers.1.self_attn.v_proj.weight],decode,False
165,self_attn,v_proj,_unsafe_view,"[[B, n_kv*d_head]]",,,"[[B, 1, n_kv*d_head]]",[164],1,self_attn,v_proj,2,model.layers.1.self_attn.v_proj,aten._unsafe_view.default,[],decode,True
166,self_attn,,view,"[[B, 1, n_kv*d_head]]",,,"[[B, 1, n_kv, d_head]]",[165],1,self_attn,,1,model.layers.1.self_attn,aten.view.default,[],decode,True
167,self_attn,,transpose,"[[B, 1, n_kv, d_head]]",,,"[[B, n_kv, 1, d_head]]",[166],1,self_attn,,1,model.layers.1.self_attn,aten.transpose.int,[],decode,True
168,self_attn,,unsqueeze,"[[B, 1, d_head]]",,,"[[B, 1, 1, d_head]]",[40],1,self_attn,,1,model.layers.1.self_attn,aten.unsqueeze.default,[],decode,True
169,self_attn,,unsqueeze,"[[B, 1, d_head]]",,,"[[B, 1, 1, d_head]]",[41],1,self_attn,,1,model.layers.1.self_attn,aten.unsqueeze.default,[],decode,True
170,self_attn,,elementwise_mul,"[[B, n_h, 1, d_head], [B, 1, 1, d_head]]",,,"[[B, n_h, 1, d_head]]","[155, 168]",1,self_attn,,1,model.layers.1.self_attn,aten.mul.Tensor,[],decode,False
171,self_attn,,slice,"[[B, n_h, 1, d_head]]",,,"[[B, n_h, 1, d_head/2]]",[155],1,self_attn,,1,model.layers.1.self_attn,aten.slice.Tensor,[],decode,True
172,self_attn,,slice,"[[B, n_h, 1, d_head]]",,,"[[B, n_h, 1, d_head/2]]",[155],1,self_attn,,1,model.layers.1.self_attn,aten.slice.Tensor,[],decode,True
173,self_attn,,neg,"[[B, n_h, 1, d_head/2]]",,,"[[B, n_h, 1, d_head/2]]",[172],1,self_attn,,1,model.layers.1.self_attn,aten.neg.default,[],decode,False
174,self_attn,,concat,"[[B, n_h, 1, d_head/2], [B, n_h, 1, d_head/2]]",,,"[[B, n_h, 1, d_head]]","[171, 173]",1,self_attn,,1,model.layers.1.self_attn,aten.cat.default,[],decode,False
175,self_attn,,elementwise_mul,"[[B, n_h, 1, d_head], [B, 1, 1, d_head]]",,,"[[B, n_h, 1, d_head]]","[169, 174]",1,self_attn,,1,model.layers.1.self_attn,aten.mul.Tensor,[],decode,False
176,self_attn,,elementwise_add,"[[B, n_h, 1, d_head], [B, n_h, 1, d_head]]",,,"[[B, n_h, 1, d_head]]","[170, 175]",1,self_attn,,1,model.layers.1.self_attn,aten.add.Tensor,[],decode,False
177,self_attn,,elementwise_mul,"[[B, n_kv, 1, d_head], [B, 1, 1, d_head]]",,,"[[B, n_kv, 1, d_head]]","[161, 168]",1,self_attn,,1,model.layers.1.self_attn,aten.mul.Tensor,[],decode,False
178,self_attn,,slice,"[[B, n_kv, 1, d_head]]",,,"[[B, n_kv, 1, d_head/2]]",[161],1,self_attn,,1,model.layers.1.self_attn,aten.slice.Tensor,[],decode,True
179,self_attn,,slice,"[[B, n_kv, 1, d_head]]",,,"[[B, n_kv, 1, d_head/2]]",[161],1,self_attn,,1,model.layers.1.self_attn,aten.slice.Tensor,[],decode,True
180,self_attn,,neg,"[[B, n_kv, 1, d_head/2]]",,,"[[B, n_kv, 1, d_head/2]]",[179],1,self_attn,,1,model.layers.1.self_attn,aten.neg.default,[],decode,False
181,self_attn,,concat,"[[B, n_kv, 1, d_head/2], [B, n_kv, 1, d_head/2]]",,,"[[B, n_kv, 1, d_head]]","[178, 180]",1,self_attn,,1,model.layers.1.self_attn,aten.cat.default,[],decode,False
182,self_attn,,elementwise_mul,"[[B, n_kv, 1, d_head], [B, 1, 1, d_head]]",,,"[[B, n_kv, 1, d_head]]","[169, 181]",1,self_attn,,1,model.layers.1.self_attn,aten.mul.Tensor,[],decode,False
183,self_attn,,elementwise_add,"[[B, n_kv, 1, d_head], [B, n_kv, 1, d_head]]",,,"[[B, n_kv, 1, d_head]]","[177, 182]",1,self_attn,,1,model.layers.1.self_attn,aten.add.Tensor,[],decode,False
184,self_attn,,concat,"[[B, n_kv, T, d_head], [B, n_kv, 1, d_head]]",,,"[[B, n_kv, T+1, d_head]]",[183],1,self_attn,,1,model.layers.1.self_attn,aten.cat.default,[],decode,False
185,self_attn,,concat,"[[B, n_kv, T, d_head], [B, n_kv, 1, d_head]]",,,"[[B, n_kv, T+1, d_head]]",[167],1,self_attn,,1,model.layers.1.self_attn,aten.cat.default,[],decode,False
186,self_attn,,unsqueeze,"[[B, n_kv, T+1, d_head]]",,,"[[B, n_kv, 1, T+1, d_head]]",[184],1,self_attn,,1,model.layers.1.self_attn,aten.unsqueeze.default,[],decode,True
187,self_attn,,expand,"[[B, n_kv, 1, T+1, d_head]]",,,"[[B, n_kv, n_h/n_kv, T+1, d_head]]",[186],1,self_attn,,1,model.layers.1.self_attn,aten.expand.default,[],decode,True
188,self_attn,,clone,"[[B, n_kv, n_h/n_kv, T+1, d_head]]",,,"[[B, n_kv, n_h/n_kv, T+1, d_head]]",[187],1,self_attn,,1,model.layers.1.self_attn,aten.clone.default,[],decode,True
189,self_attn,,_unsafe_view,"[[B, n_kv, n_h/n_kv, T+1, d_head]]",,,"[[B, n_h, T+1, d_head]]",[188],1,self_attn,,1,model.layers.1.self_attn,aten._unsafe_view.default,[],decode,True
190,self_attn,,unsqueeze,"[[B, n_kv, T+1, d_head]]",,,"[[B, n_kv, 1, T+1, d_head]]",[185],1,self_attn,,1,model.layers.1.self_attn,aten.unsqueeze.default,[],decode,True
191,self_attn,,expand,"[[B, n_kv, 1, T+1, d_head]]",,,"[[B, n_kv, n_h/n_kv, T+1, d_head]]",[190],1,self_attn,,1,model.layers.1.self_attn,aten.expand.default,[],decode,True
192,self_attn,,clone,"[[B, n_kv, n_h/n_kv, T+1, d_head]]",,,"[[B, n_kv, n_h/n_kv, T+1, d_head]]",[191],1,self_attn,,1,model.layers.1.self_attn,aten.clone.default,[],decode,True
193,self_attn,,_unsafe_view,"[[B, n_kv, n_h/n_kv, T+1, d_head]]",,,"[[B, n_h, T+1, d_head]]",[192],1,self_attn,,1,model.layers.1.self_attn,aten._unsafe_view.default,[],decode,True
194,self_attn,,transpose,"[[B, n_h, T+1, d_head]]",,,"[[B, n_h, d_head, T+1]]",[189],1,self_attn,,1,model.layers.1.self_attn,aten.transpose.int,[],decode,True
195,self_attn,,expand,"[[B, n_h, 1, d_head]]",,,"[[B, n_h, 1, d_head]]",[176],1,self_attn,,1,model.layers.1.self_attn,aten.expand.default,[],decode,True
196,self_attn,,view,"[[B, n_h, 1, d_head]]",,,"[[n_h, B, d_head]]",[195],1,self_attn,,1,model.layers.1.self_attn,aten.view.default,[],decode,True
197,self_attn,,expand,"[[B, n_h, d_head, T+1]]",,,"[[B, n_h, d_head, T+1]]",[194],1,self_attn,,1,model.layers.1.self_attn,aten.expand.default,[],decode,True
198,self_attn,,view,"[[B, n_h, d_head, T+1]]",,,"[[n_h, d_head, T+1]]",[197],1,self_attn,,1,model.layers.1.self_attn,aten.view.default,[],decode,True
199,self_attn,,batched_matmul,"[[n_h, B, d_head], [n_h, d_head, T+1]]",,,"[[n_h, B, T+1]]","[196, 198]",1,self_attn,,1,model.layers.1.self_attn,aten.bmm.default,[],decode,False
200,self_attn,,_unsafe_view,"[[n_h, B, T+1]]",,,"[[B, n_h, 1, T+1]]",[199],1,self_attn,,1,model.layers.1.self_attn,aten._unsafe_view.default,[],decode,True
201,self_attn,,elementwise_mul,"[[B, n_h, 1, T+1]]",,,"[[B, n_h, 1, T+1]]",[200],1,self_attn,,1,model.layers.1.self_attn,aten.mul.Tensor,[],decode,False
202,self_attn,,elementwise_add,"[[B, n_h, 1, T+1], [B, 1, 1, T+1]]",,,"[[B, n_h, 1, T+1]]","[22, 201]",1,self_attn,,1,model.layers.1.self_attn,aten.add.Tensor,[],decode,False
203,self_attn,,_to_copy,"[[B, n_h, 1, T+1]]",,,"[[B, n_h, 1, T+1]]",[202],1,self_attn,,1,model.layers.1.self_attn,aten._to_copy.default,[],decode,True
204,self_attn,,softmax,"[[B, n_h, 1, T+1]]",,,"[[B, n_h, 1, T+1]]",[203],1,self_attn,,1,model.layers.1.self_attn,aten._softmax.default,[],decode,False
205,self_attn,,_to_copy,"[[B, n_h, 1, T+1]]",,,"[[B, n_h, 1, T+1]]",[204],1,self_attn,,1,model.layers.1.self_attn,aten._to_copy.default,[],decode,True
206,self_attn,,expand,"[[B, n_h, 1, T+1]]",,,"[[B, n_h, 1, T+1]]",[205],1,self_attn,,1,model.layers.1.self_attn,aten.expand.default,[],decode,True
207,self_attn,,view,"[[B, n_h, 1, T+1]]",,,"[[n_h, B, T+1]]",[206],1,self_attn,,1,model.layers.1.self_attn,aten.view.default,[],decode,True
208,self_attn,,expand,"[[B, n_h, T+1, d_head]]",,,"[[B, n_h, T+1, d_head]]",[193],1,self_attn,,1,model.layers.1.self_attn,aten.expand.default,[],decode,True
209,self_attn,,view,"[[B, n_h, T+1, d_head]]",,,"[[n_h, T+1, d_head]]",[208],1,self_attn,,1,model.layers.1.self_attn,aten.view.default,[],decode,True
210,self_attn,,batched_matmul,"[[n_h, B, T+1], [n_h, T+1, d_head]]",,,"[[n_h, B, d_head]]","[207, 209]",1,self_attn,,1,model.layers.1.self_attn,aten.bmm.default,[],decode,False
211,self_attn,,_unsafe_view,"[[n_h, B, d_head]]",,,"[[B, n_h, 1, d_head]]",[210],1,self_attn,,1,model.layers.1.self_attn,aten._unsafe_view.default,[],decode,True
212,self_attn,,transpose,"[[B, n_h, 1, d_head]]",,,"[[B, 1, n_h, d_head]]",[211],1,self_attn,,1,model.layers.1.self_attn,aten.transpose.int,[],decode,True
213,self_attn,,view,"[[B, 1, n_h, d_head]]",,,"[[B, 1, n_h*d_head]]",[212],1,self_attn,,1,model.layers.1.self_attn,aten.view.default,[],decode,True
214,self_attn,o_proj,t,"[[d_model, n_h*d_head]]","[d_model, n_h*d_head]",0,"[[n_h*d_head, d_model]]",[],1,self_attn,o_proj,2,model.layers.1.self_attn.o_proj,aten.t.default,[model.layers.1.self_attn.o_proj.weight],decode,True
215,self_attn,o_proj,view,"[[B, 1, n_h*d_head]]",,,"[[B, n_h*d_head]]",[213],1,self_attn,o_proj,2,model.layers.1.self_attn.o_proj,aten.view.default,[],decode,True
216,self_attn,o_proj,matmul,"[[B, n_h*d_head], [n_h*d_head, d_model]]","[d_model, n_h*d_head]",1,"[[B, d_model]]","[214, 215]",1,self_attn,o_proj,2,model.layers.1.self_attn.o_proj,aten.mm.default,[model.layers.1.self_attn.o_proj.weight],decode,False
217,self_attn,o_proj,_unsafe_view,"[[B, d_model]]",,,"[[B, 1, d_model]]",[216],1,self_attn,o_proj,2,model.layers.1.self_attn.o_proj,aten._unsafe_view.default,[],decode,True
218,,,elementwise_add,"[[B, 1, d_model], [B, 1, d_model]]",,,"[[B, 1, d_model]]","[141, 217]",1,,,0,model.layers.1,aten.add.Tensor,[],decode,False
219,post_attention_layernorm,,_to_copy,"[[B, 1, d_model]]",,,"[[B, 1, d_model]]",[218],1,post_attention_layernorm,,1,model.layers.1.post_attention_layernorm,aten._to_copy.default,[],decode,True
220,post_attention_layernorm,,pow,"[[B, 1, d_model]]",,,"[[B, 1, d_model]]",[219],1,post_attention_layernorm,,1,model.layers.1.post_attention_layernorm,aten.pow.Tensor_Scalar,[],decode,False
221,post_attention_layernorm,,mean,"[[B, 1, d_model]]",,,"[[B, 1, 1]]",[220],1,post_attention_layernorm,,1,model.layers.1.post_attention_layernorm,aten.mean.dim,[],decode,False
222,post_attention_layernorm,,elementwise_add,"[[B, 1, 1]]",,,"[[B, 1, 1]]",[221],1,post_attention_layernorm,,1,model.layers.1.post_attention_layernorm,aten.add.Tensor,[],decode,False
223,post_attention_layernorm,,rsqrt,"[[B, 1, 1]]",,,"[[B, 1, 1]]",[222],1,post_attention_layernorm,,1,model.layers.1.post_attention_layernorm,aten.rsqrt.default,[],decode,False
224,post_attention_layernorm,,elementwise_mul,"[[B, 1, d_model], [B, 1, 1]]",,,"[[B, 1, d_model]]","[219, 223]",1,post_attention_layernorm,,1,model.layers.1.post_attention_layernorm,aten.mul.Tensor,[],decode,False
225,post_attention_layernorm,,_to_copy,"[[B, 1, d_model]]",,,"[[B, 1, d_model]]",[224],1,post_attention_layernorm,,1,model.layers.1.post_attention_layernorm,aten._to_copy.default,[],decode,True
226,post_attention_layernorm,,elementwise_mul,"[[d_model], [B, 1, d_model]]",,,"[[B, 1, d_model]]",[225],1,post_attention_layernorm,,1,model.layers.1.post_attention_layernorm,aten.mul.Tensor,[model.layers.1.post_attention_layernorm.weight],decode,False
227,mlp,gate_proj,t,"[[d_ff, d_model]]","[d_ff, d_model]",0,"[[d_model, d_ff]]",[],1,mlp,gate_proj,2,model.layers.1.mlp.gate_proj,aten.t.default,[model.layers.1.mlp.gate_proj.weight],decode,True
228,mlp,gate_proj,view,"[[B, 1, d_model]]",,,"[[B, d_model]]",[226],1,mlp,gate_proj,2,model.layers.1.mlp.gate_proj,aten.view.default,[],decode,True
229,mlp,gate_proj,matmul,"[[B, d_model], [d_model, d_ff]]","[d_ff, d_model]",1,"[[B, d_ff]]","[227, 228]",1,mlp,gate_proj,2,model.layers.1.mlp.gate_proj,aten.mm.default,[model.layers.1.mlp.gate_proj.weight],decode,False
230,mlp,gate_proj,_unsafe_view,"[[B, d_ff]]",,,"[[B, 1, d_ff]]",[229],1,mlp,gate_proj,2,model.layers.1.mlp.gate_proj,aten._unsafe_view.default,[],decode,True
231,mlp,act_fn,silu,"[[B, 1, d_ff]]",,,"[[B, 1, d_ff]]",[230],1,mlp,act_fn,2,model.layers.1.mlp.act_fn,aten.silu.default,[],decode,False
232,mlp,up_proj,t,"[[d_ff, d_model]]","[d_ff, d_model]",0,"[[d_model, d_ff]]",[],1,mlp,up_proj,2,model.layers.1.mlp.up_proj,aten.t.default,[model.layers.1.mlp.up_proj.weight],decode,True
233,mlp,up_proj,view,"[[B, 1, d_model]]",,,"[[B, d_model]]",[226],1,mlp,up_proj,2,model.layers.1.mlp.up_proj,aten.view.default,[],decode,True
234,mlp,up_proj,matmul,"[[B, d_model], [d_model, d_ff]]","[d_ff, d_model]",1,"[[B, d_ff]]","[232, 233]",1,mlp,up_proj,2,model.layers.1.mlp.up_proj,aten.mm.default,[model.layers.1.mlp.up_proj.weight],decode,False
235,mlp,up_proj,_unsafe_view,"[[B, d_ff]]",,,"[[B, 1, d_ff]]",[234],1,mlp,up_proj,2,model.layers.1.mlp.up_proj,aten._unsafe_view.default,[],decode,True
236,mlp,,elementwise_mul,"[[B, 1, d_ff], [B, 1, d_ff]]",,,"[[B, 1, d_ff]]","[231, 235]",1,mlp,,1,model.layers.1.mlp,aten.mul.Tensor,[],decode,False
237,mlp,down_proj,t,"[[d_model, d_ff]]","[d_model, d_ff]",0,"[[d_ff, d_model]]",[],1,mlp,down_proj,2,model.layers.1.mlp.down_proj,aten.t.default,[model.layers.1.mlp.down_proj.weight],decode,True
238,mlp,down_proj,view,"[[B, 1, d_ff]]",,,"[[B, d_ff]]",[236],1,mlp,down_proj,2,model.layers.1.mlp.down_proj,aten.view.default,[],decode,True
239,mlp,down_proj,matmul,"[[B, d_ff], [d_ff, d_model]]","[d_model, d_ff]",1,"[[B, d_model]]","[237, 238]",1,mlp,down_proj,2,model.layers.1.mlp.down_proj,aten.mm.default,[model.layers.1.mlp.down_proj.weight],decode,False
240,mlp,down_proj,_unsafe_view,"[[B, d_model]]",,,"[[B, 1, d_model]]",[239],1,mlp,down_proj,2,model.layers.1.mlp.down_proj,aten._unsafe_view.default,[],decode,True
241,,,elementwise_add,"[[B, 1, d_model], [B, 1, d_model]]",,,"[[B, 1, d_model]]","[218, 240]",1,,,0,model.layers.1,aten.add.Tensor,[],decode,False
242,input_layernorm,,_to_copy,"[[B, 1, d_model]]",,,"[[B, 1, d_model]]",[241],2,input_layernorm,,1,model.layers.2.input_layernorm,aten._to_copy.default,[],decode,True
243,input_layernorm,,pow,"[[B, 1, d_model]]",,,"[[B, 1, d_model]]",[242],2,input_layernorm,,1,model.layers.2.input_layernorm,aten.pow.Tensor_Scalar,[],decode,False
244,input_layernorm,,mean,"[[B, 1, d_model]]",,,"[[B, 1, 1]]",[243],2,input_layernorm,,1,model.layers.2.input_layernorm,aten.mean.dim,[],decode,False
245,input_layernorm,,elementwise_add,"[[B, 1, 1]]",,,"[[B, 1, 1]]",[244],2,input_layernorm,,1,model.layers.2.input_layernorm,aten.add.Tensor,[],decode,False
246,input_layernorm,,rsqrt,"[[B, 1, 1]]",,,"[[B, 1, 1]]",[245],2,input_layernorm,,1,model.layers.2.input_layernorm,aten.rsqrt.default,[],decode,False
247,input_layernorm,,elementwise_mul,"[[B, 1, d_model], [B, 1, 1]]",,,"[[B, 1, d_model]]","[242, 246]",2,input_layernorm,,1,model.layers.2.input_layernorm,aten.mul.Tensor,[],decode,False
248,input_layernorm,,_to_copy,"[[B, 1, d_model]]",,,"[[B, 1, d_model]]",[247],2,input_layernorm,,1,model.layers.2.input_layernorm,aten._to_copy.default,[],decode,True
249,input_layernorm,,elementwise_mul,"[[d_model], [B, 1, d_model]]",,,"[[B, 1, d_model]]",[248],2,input_layernorm,,1,model.layers.2.input_layernorm,aten.mul.Tensor,[model.layers.2.input_layernorm.weight],decode,False
250,self_attn,q_proj,t,"[[n_h*d_head, d_model]]","[n_h*d_head, d_model]",0,"[[d_model, n_h*d_head]]",[],2,self_attn,q_proj,2,model.layers.2.self_attn.q_proj,aten.t.default,[model.layers.2.self_attn.q_proj.weight],decode,True
251,self_attn,q_proj,view,"[[B, 1, d_model]]",,,"[[B, d_model]]",[249],2,self_attn,q_proj,2,model.layers.2.self_attn.q_proj,aten.view.default,[],decode,True
252,self_attn,q_proj,matmul,"[[B, d_model], [d_model, n_h*d_head]]","[n_h*d_head, d_model]",1,"[[B, n_h*d_head]]","[250, 251]",2,self_attn,q_proj,2,model.layers.2.self_attn.q_proj,aten.mm.default,[model.layers.2.self_attn.q_proj.weight],decode,False
253,self_attn,q_proj,_unsafe_view,"[[B, n_h*d_head]]",,,"[[B, 1, n_h*d_head]]",[252],2,self_attn,q_proj,2,model.layers.2.self_attn.q_proj,aten._unsafe_view.default,[],decode,True
254,self_attn,,view,"[[B, 1, n_h*d_head]]",,,"[[B, 1, n_h, d_head]]",[253],2,self_attn,,1,model.layers.2.self_attn,aten.view.default,[],decode,True
255,self_attn,,transpose,"[[B, 1, n_h, d_head]]",,,"[[B, n_h, 1, d_head]]",[254],2,self_attn,,1,model.layers.2.self_attn,aten.transpose.int,[],decode,True
256,self_attn,k_proj,t,"[[n_kv*d_head, d_model]]","[n_kv*d_head, d_model]",0,"[[d_model, n_kv*d_head]]",[],2,self_attn,k_proj,2,model.layers.2.self_attn.k_proj,aten.t.default,[model.layers.2.self_attn.k_proj.weight],decode,True
257,self_attn,k_proj,view,"[[B, 1, d_model]]",,,"[[B, d_model]]",[249],2,self_attn,k_proj,2,model.layers.2.self_attn.k_proj,aten.view.default,[],decode,True
258,self_attn,k_proj,matmul,"[[B, d_model], [d_model, n_kv*d_head]]","[n_kv*d_head, d_model]",1,"[[B, n_kv*d_head]]","[256, 257]",2,self_attn,k_proj,2,model.layers.2.self_attn.k_proj,aten.mm.default,[model.layers.2.self_attn.k_proj.weight],decode,False
259,self_attn,k_proj,_unsafe_view,"[[B, n_kv*d_head]]",,,"[[B, 1, n_kv*d_head]]",[258],2,self_attn,k_proj,2,model.layers.2.self_attn.k_proj,aten._unsafe_view.default,[],decode,True
260,self_attn,,view,"[[B, 1, n_kv*d_head]]",,,"[[B, 1, n_kv, d_head]]",[259],2,self_attn,,1,model.layers.2.self_attn,aten.view.default,[],decode,True
261,self_attn,,transpose,"[[B, 1, n_kv, d_head]]",,,"[[B, n_kv, 1, d_head]]",[260],2,self_attn,,1,model.layers.2.self_attn,aten.transpose.int,[],decode,True
262,self_attn,v_proj,t,"[[n_kv*d_head, d_model]]","[n_kv*d_head, d_model]",0,"[[d_model, n_kv*d_head]]",[],2,self_attn,v_proj,2,model.layers.2.self_attn.v_proj,aten.t.default,[model.layers.2.self_attn.v_proj.weight],decode,True
263,self_attn,v_proj,view,"[[B, 1, d_model]]",,,"[[B, d_model]]",[249],2,self_attn,v_proj,2,model.layers.2.self_attn.v_proj,aten.view.default,[],decode,True
264,self_attn,v_proj,matmul,"[[B, d_model], [d_model, n_kv*d_head]]","[n_kv*d_head, d_model]",1,"[[B, n_kv*d_head]]","[262, 263]",2,self_attn,v_proj,2,model.layers.2.self_attn.v_proj,aten.mm.default,[model.layers.2.self_attn.v_proj.weight],decode,False
265,self_attn,v_proj,_unsafe_view,"[[B, n_kv*d_head]]",,,"[[B, 1, n_kv*d_head]]",[264],2,self_attn,v_proj,2,model.layers.2.self_attn.v_proj,aten._unsafe_view.default,[],decode,True
266,self_attn,,view,"[[B, 1, n_kv*d_head]]",,,"[[B, 1, n_kv, d_head]]",[265],2,self_attn,,1,model.layers.2.self_attn,aten.view.default,[],decode,True
267,self_attn,,transpose,"[[B, 1, n_kv, d_head]]",,,"[[B, n_kv, 1, d_head]]",[266],2,self_attn,,1,model.layers.2.self_attn,aten.transpose.int,[],decode,True
268,self_attn,,unsqueeze,"[[B, 1, d_head]]",,,"[[B, 1, 1, d_head]]",[40],2,self_attn,,1,model.layers.2.self_attn,aten.unsqueeze.default,[],decode,True
269,self_attn,,unsqueeze,"[[B, 1, d_head]]",,,"[[B, 1, 1, d_head]]",[41],2,self_attn,,1,model.layers.2.self_attn,aten.unsqueeze.default,[],decode,True
270,self_attn,,elementwise_mul,"[[B, n_h, 1, d_head], [B, 1, 1, d_head]]",,,"[[B, n_h, 1, d_head]]","[255, 268]",2,self_attn,,1,model.layers.2.self_attn,aten.mul.Tensor,[],decode,False
271,self_attn,,slice,"[[B, n_h, 1, d_head]]",,,"[[B, n_h, 1, d_head/2]]",[255],2,self_attn,,1,model.layers.2.self_attn,aten.slice.Tensor,[],decode,True
272,self_attn,,slice,"[[B, n_h, 1, d_head]]",,,"[[B, n_h, 1, d_head/2]]",[255],2,self_attn,,1,model.layers.2.self_attn,aten.slice.Tensor,[],decode,True
273,self_attn,,neg,"[[B, n_h, 1, d_head/2]]",,,"[[B, n_h, 1, d_head/2]]",[272],2,self_attn,,1,model.layers.2.self_attn,aten.neg.default,[],decode,False
274,self_attn,,concat,"[[B, n_h, 1, d_head/2], [B, n_h, 1, d_head/2]]",,,"[[B, n_h, 1, d_head]]","[271, 273]",2,self_attn,,1,model.layers.2.self_attn,aten.cat.default,[],decode,False
275,self_attn,,elementwise_mul,"[[B, n_h, 1, d_head], [B, 1, 1, d_head]]",,,"[[B, n_h, 1, d_head]]","[269, 274]",2,self_attn,,1,model.layers.2.self_attn,aten.mul.Tensor,[],decode,False
276,self_attn,,elementwise_add,"[[B, n_h, 1, d_head], [B, n_h, 1, d_head]]",,,"[[B, n_h, 1, d_head]]","[270, 275]",2,self_attn,,1,model.layers.2.self_attn,aten.add.Tensor,[],decode,False
277,self_attn,,elementwise_mul,"[[B, n_kv, 1, d_head], [B, 1, 1, d_head]]",,,"[[B, n_kv, 1, d_head]]","[261, 268]",2,self_attn,,1,model.layers.2.self_attn,aten.mul.Tensor,[],decode,False
278,self_attn,,slice,"[[B, n_kv, 1, d_head]]",,,"[[B, n_kv, 1, d_head/2]]",[261],2,self_attn,,1,model.layers.2.self_attn,aten.slice.Tensor,[],decode,True
279,self_attn,,slice,"[[B, n_kv, 1, d_head]]",,,"[[B, n_kv, 1, d_head/2]]",[261],2,self_attn,,1,model.layers.2.self_attn,aten.slice.Tensor,[],decode,True
280,self_attn,,neg,"[[B, n_kv, 1, d_head/2]]",,,"[[B, n_kv, 1, d_head/2]]",[279],2,self_attn,,1,model.layers.2.self_attn,aten.neg.default,[],decode,False
281,self_attn,,concat,"[[B, n_kv, 1, d_head/2], [B, n_kv, 1, d_head/2]]",,,"[[B, n_kv, 1, d_head]]","[278, 280]",2,self_attn,,1,model.layers.2.self_attn,aten.cat.default,[],decode,False
282,self_attn,,elementwise_mul,"[[B, n_kv, 1, d_head], [B, 1, 1, d_head]]",,,"[[B, n_kv, 1, d_head]]","[269, 281]",2,self_attn,,1,model.layers.2.self_attn,aten.mul.Tensor,[],decode,False
283,self_attn,,elementwise_add,"[[B, n_kv, 1, d_head], [B, n_kv, 1, d_head]]",,,"[[B, n_kv, 1, d_head]]","[277, 282]",2,self_attn,,1,model.layers.2.self_attn,aten.add.Tensor,[],decode,False
284,self_attn,,concat,"[[B, n_kv, T, d_head], [B, n_kv, 1, d_head]]",,,"[[B, n_kv, T+1, d_head]]",[283],2,self_attn,,1,model.layers.2.self_attn,aten.cat.default,[],decode,False
285,self_attn,,concat,"[[B, n_kv, T, d_head], [B, n_kv, 1, d_head]]",,,"[[B, n_kv, T+1, d_head]]",[267],2,self_attn,,1,model.layers.2.self_attn,aten.cat.default,[],decode,False
286,self_attn,,unsqueeze,"[[B, n_kv, T+1, d_head]]",,,"[[B, n_kv, 1, T+1, d_head]]",[284],2,self_attn,,1,model.layers.2.self_attn,aten.unsqueeze.default,[],decode,True
287,self_attn,,expand,"[[B, n_kv, 1, T+1, d_head]]",,,"[[B, n_kv, n_h/n_kv, T+1, d_head]]",[286],2,self_attn,,1,model.layers.2.self_attn,aten.expand.default,[],decode,True
288,self_attn,,clone,"[[B, n_kv, n_h/n_kv, T+1, d_head]]",,,"[[B, n_kv, n_h/n_kv, T+1, d_head]]",[287],2,self_attn,,1,model.layers.2.self_attn,aten.clone.default,[],decode,True
289,self_attn,,_unsafe_view,"[[B, n_kv, n_h/n_kv, T+1, d_head]]",,,"[[B, n_h, T+1, d_head]]",[288],2,self_attn,,1,model.layers.2.self_attn,aten._unsafe_view.default,[],decode,True
290,self_attn,,unsqueeze,"[[B, n_kv, T+1, d_head]]",,,"[[B, n_kv, 1, T+1, d_head]]",[285],2,self_attn,,1,model.layers.2.self_attn,aten.unsqueeze.default,[],decode,True
291,self_attn,,expand,"[[B, n_kv, 1, T+1, d_head]]",,,"[[B, n_kv, n_h/n_kv, T+1, d_head]]",[290],2,self_attn,,1,model.layers.2.self_attn,aten.expand.default,[],decode,True
292,self_attn,,clone,"[[B, n_kv, n_h/n_kv, T+1, d_head]]",,,"[[B, n_kv, n_h/n_kv, T+1, d_head]]",[291],2,self_attn,,1,model.layers.2.self_attn,aten.clone.default,[],decode,True
293,self_attn,,_unsafe_view,"[[B, n_kv, n_h/n_kv, T+1, d_head]]",,,"[[B, n_h, T+1, d_head]]",[292],2,self_attn,,1,model.layers.2.self_attn,aten._unsafe_view.default,[],decode,True
294,self_attn,,transpose,"[[B, n_h, T+1, d_head]]",,,"[[B, n_h, d_head, T+1]]",[289],2,self_attn,,1,model.layers.2.self_attn,aten.transpose.int,[],decode,True
295,self_attn,,expand,"[[B, n_h, 1, d_head]]",,,"[[B, n_h, 1, d_head]]",[276],2,self_attn,,1,model.layers.2.self_attn,aten.expand.default,[],decode,True
296,self_attn,,view,"[[B, n_h, 1, d_head]]",,,"[[n_h, B, d_head]]",[295],2,self_attn,,1,model.layers.2.self_attn,aten.view.default,[],decode,True
297,self_attn,,expand,"[[B, n_h, d_head, T+1]]",,,"[[B, n_h, d_head, T+1]]",[294],2,self_attn,,1,model.layers.2.self_attn,aten.expand.default,[],decode,True
298,self_attn,,view,"[[B, n_h, d_head, T+1]]",,,"[[n_h, d_head, T+1]]",[297],2,self_attn,,1,model.layers.2.self_attn,aten.view.default,[],decode,True
299,self_attn,,batched_matmul,"[[n_h, B, d_head], [n_h, d_head, T+1]]",,,"[[n_h, B, T+1]]","[296, 298]",2,self_attn,,1,model.layers.2.self_attn,aten.bmm.default,[],decode,False
300,self_attn,,_unsafe_view,"[[n_h, B, T+1]]",,,"[[B, n_h, 1, T+1]]",[299],2,self_attn,,1,model.layers.2.self_attn,aten._unsafe_view.default,[],decode,True
301,self_attn,,elementwise_mul,"[[B, n_h, 1, T+1]]",,,"[[B, n_h, 1, T+1]]",[300],2,self_attn,,1,model.layers.2.self_attn,aten.mul.Tensor,[],decode,False
302,self_attn,,elementwise_add,"[[B, n_h, 1, T+1], [B, 1, 1, T+1]]",,,"[[B, n_h, 1, T+1]]","[22, 301]",2,self_attn,,1,model.layers.2.self_attn,aten.add.Tensor,[],decode,False
303,self_attn,,_to_copy,"[[B, n_h, 1, T+1]]",,,"[[B, n_h, 1, T+1]]",[302],2,self_attn,,1,model.layers.2.self_attn,aten._to_copy.default,[],decode,True
304,self_attn,,softmax,"[[B, n_h, 1, T+1]]",,,"[[B, n_h, 1, T+1]]",[303],2,self_attn,,1,model.layers.2.self_attn,aten._softmax.default,[],decode,False
305,self_attn,,_to_copy,"[[B, n_h, 1, T+1]]",,,"[[B, n_h, 1, T+1]]",[304],2,self_attn,,1,model.layers.2.self_attn,aten._to_copy.default,[],decode,True
306,self_attn,,expand,"[[B, n_h, 1, T+1]]",,,"[[B, n_h, 1, T+1]]",[305],2,self_attn,,1,model.layers.2.self_attn,aten.expand.default,[],decode,True
307,self_attn,,view,"[[B, n_h, 1, T+1]]",,,"[[n_h, B, T+1]]",[306],2,self_attn,,1,model.layers.2.self_attn,aten.view.default,[],decode,True
308,self_attn,,expand,"[[B, n_h, T+1, d_head]]",,,"[[B, n_h, T+1, d_head]]",[293],2,self_attn,,1,model.layers.2.self_attn,aten.expand.default,[],decode,True
309,self_attn,,view,"[[B, n_h, T+1, d_head]]",,,"[[n_h, T+1, d_head]]",[308],2,self_attn,,1,model.layers.2.self_attn,aten.view.default,[],decode,True
310,self_attn,,batched_matmul,"[[n_h, B, T+1], [n_h, T+1, d_head]]",,,"[[n_h, B, d_head]]","[307, 309]",2,self_attn,,1,model.layers.2.self_attn,aten.bmm.default,[],decode,False
311,self_attn,,_unsafe_view,"[[n_h, B, d_head]]",,,"[[B, n_h, 1, d_head]]",[310],2,self_attn,,1,model.layers.2.self_attn,aten._unsafe_view.default,[],decode,True
312,self_attn,,transpose,"[[B, n_h, 1, d_head]]",,,"[[B, 1, n_h, d_head]]",[311],2,self_attn,,1,model.layers.2.self_attn,aten.transpose.int,[],decode,True
313,self_attn,,view,"[[B, 1, n_h, d_head]]",,,"[[B, 1, n_h*d_head]]",[312],2,self_attn,,1,model.layers.2.self_attn,aten.view.default,[],decode,True
314,self_attn,o_proj,t,"[[d_model, n_h*d_head]]","[d_model, n_h*d_head]",0,"[[n_h*d_head, d_model]]",[],2,self_attn,o_proj,2,model.layers.2.self_attn.o_proj,aten.t.default,[model.layers.2.self_attn.o_proj.weight],decode,True
315,self_attn,o_proj,view,"[[B, 1, n_h*d_head]]",,,"[[B, n_h*d_head]]",[313],2,self_attn,o_proj,2,model.layers.2.self_attn.o_proj,aten.view.default,[],decode,True
316,self_attn,o_proj,matmul,"[[B, n_h*d_head], [n_h*d_head, d_model]]","[d_model, n_h*d_head]",1,"[[B, d_model]]","[314, 315]",2,self_attn,o_proj,2,model.layers.2.self_attn.o_proj,aten.mm.default,[model.layers.2.self_attn.o_proj.weight],decode,False
317,self_attn,o_proj,_unsafe_view,"[[B, d_model]]",,,"[[B, 1, d_model]]",[316],2,self_attn,o_proj,2,model.layers.2.self_attn.o_proj,aten._unsafe_view.default,[],decode,True
318,,,elementwise_add,"[[B, 1, d_model], [B, 1, d_model]]",,,"[[B, 1, d_model]]","[241, 317]",2,,,0,model.layers.2,aten.add.Tensor,[],decode,False
319,post_attention_layernorm,,_to_copy,"[[B, 1, d_model]]",,,"[[B, 1, d_model]]",[318],2,post_attention_layernorm,,1,model.layers.2.post_attention_layernorm,aten._to_copy.default,[],decode,True
320,post_attention_layernorm,,pow,"[[B, 1, d_model]]",,,"[[B, 1, d_model]]",[319],2,post_attention_layernorm,,1,model.layers.2.post_attention_layernorm,aten.pow.Tensor_Scalar,[],decode,False
321,post_attention_layernorm,,mean,"[[B, 1, d_model]]",,,"[[B, 1, 1]]",[320],2,post_attention_layernorm,,1,model.layers.2.post_attention_layernorm,aten.mean.dim,[],decode,False
322,post_attention_layernorm,,elementwise_add,"[[B, 1, 1]]",,,"[[B, 1, 1]]",[321],2,post_attention_layernorm,,1,model.layers.2.post_attention_layernorm,aten.add.Tensor,[],decode,False
323,post_attention_layernorm,,rsqrt,"[[B, 1, 1]]",,,"[[B, 1, 1]]",[322],2,post_attention_layernorm,,1,model.layers.2.post_attention_layernorm,aten.rsqrt.default,[],decode,False
324,post_attention_layernorm,,elementwise_mul,"[[B, 1, d_model], [B, 1, 1]]",,,"[[B, 1, d_model]]","[319, 323]",2,post_attention_layernorm,,1,model.layers.2.post_attention_layernorm,aten.mul.Tensor,[],decode,False
325,post_attention_layernorm,,_to_copy,"[[B, 1, d_model]]",,,"[[B, 1, d_model]]",[324],2,post_attention_layernorm,,1,model.layers.2.post_attention_layernorm,aten._to_copy.default,[],decode,True
326,post_attention_layernorm,,elementwise_mul,"[[d_model], [B, 1, d_model]]",,,"[[B, 1, d_model]]",[325],2,post_attention_layernorm,,1,model.layers.2.post_attention_layernorm,aten.mul.Tensor,[model.layers.2.post_attention_layernorm.weight],decode,False
327,mlp,gate_proj,t,"[[d_ff, d_model]]","[d_ff, d_model]",0,"[[d_model, d_ff]]",[],2,mlp,gate_proj,2,model.layers.2.mlp.gate_proj,aten.t.default,[model.layers.2.mlp.gate_proj.weight],decode,True
328,mlp,gate_proj,view,"[[B, 1, d_model]]",,,"[[B, d_model]]",[326],2,mlp,gate_proj,2,model.layers.2.mlp.gate_proj,aten.view.default,[],decode,True
329,mlp,gate_proj,matmul,"[[B, d_model], [d_model, d_ff]]","[d_ff, d_model]",1,"[[B, d_ff]]","[327, 328]",2,mlp,gate_proj,2,model.layers.2.mlp.gate_proj,aten.mm.default,[model.layers.2.mlp.gate_proj.weight],decode,False
330,mlp,gate_proj,_unsafe_view,"[[B, d_ff]]",,,"[[B, 1, d_ff]]",[329],2,mlp,gate_proj,2,model.layers.2.mlp.gate_proj,aten._unsafe_view.default,[],decode,True
331,mlp,act_fn,silu,"[[B, 1, d_ff]]",,,"[[B, 1, d_ff]]",[330],2,mlp,act_fn,2,model.layers.2.mlp.act_fn,aten.silu.default,[],decode,False
332,mlp,up_proj,t,"[[d_ff, d_model]]","[d_ff, d_model]",0,"[[d_model, d_ff]]",[],2,mlp,up_proj,2,model.layers.2.mlp.up_proj,aten.t.default,[model.layers.2.mlp.up_proj.weight],decode,True
333,mlp,up_proj,view,"[[B, 1, d_model]]",,,"[[B, d_model]]",[326],2,mlp,up_proj,2,model.layers.2.mlp.up_proj,aten.view.default,[],decode,True
334,mlp,up_proj,matmul,"[[B, d_model], [d_model, d_ff]]","[d_ff, d_model]",1,"[[B, d_ff]]","[332, 333]",2,mlp,up_proj,2,model.layers.2.mlp.up_proj,aten.mm.default,[model.layers.2.mlp.up_proj.weight],decode,False
335,mlp,up_proj,_unsafe_view,"[[B, d_ff]]",,,"[[B, 1, d_ff]]",[334],2,mlp,up_proj,2,model.layers.2.mlp.up_proj,aten._unsafe_view.default,[],decode,True
336,mlp,,elementwise_mul,"[[B, 1, d_ff], [B, 1, d_ff]]",,,"[[B, 1, d_ff]]","[331, 335]",2,mlp,,1,model.layers.2.mlp,aten.mul.Tensor,[],decode,False
337,mlp,down_proj,t,"[[d_model, d_ff]]","[d_model, d_ff]",0,"[[d_ff, d_model]]",[],2,mlp,down_proj,2,model.layers.2.mlp.down_proj,aten.t.default,[model.layers.2.mlp.down_proj.weight],decode,True
338,mlp,down_proj,view,"[[B, 1, d_ff]]",,,"[[B, d_ff]]",[336],2,mlp,down_proj,2,model.layers.2.mlp.down_proj,aten.view.default,[],decode,True
339,mlp,down_proj,matmul,"[[B, d_ff], [d_ff, d_model]]","[d_model, d_ff]",1,"[[B, d_model]]","[337, 338]",2,mlp,down_proj,2,model.layers.2.mlp.down_proj,aten.mm.default,[model.layers.2.mlp.down_proj.weight],decode,False
340,mlp,down_proj,_unsafe_view,"[[B, d_model]]",,,"[[B, 1, d_model]]",[339],2,mlp,down_proj,2,model.layers.2.mlp.down_proj,aten._unsafe_view.default,[],decode,True
341,,,elementwise_add,"[[B, 1, d_model], [B, 1, d_model]]",,,"[[B, 1, d_model]]","[318, 340]",2,,,0,model.layers.2,aten.add.Tensor,[],decode,False
342,input_layernorm,,_to_copy,"[[B, 1, d_model]]",,,"[[B, 1, d_model]]",[341],3,input_layernorm,,1,model.layers.3.input_layernorm,aten._to_copy.default,[],decode,True
343,input_layernorm,,pow,"[[B, 1, d_model]]",,,"[[B, 1, d_model]]",[342],3,input_layernorm,,1,model.layers.3.input_layernorm,aten.pow.Tensor_Scalar,[],decode,False
344,input_layernorm,,mean,"[[B, 1, d_model]]",,,"[[B, 1, 1]]",[343],3,input_layernorm,,1,model.layers.3.input_layernorm,aten.mean.dim,[],decode,False
345,input_layernorm,,elementwise_add,"[[B, 1, 1]]",,,"[[B, 1, 1]]",[344],3,input_layernorm,,1,model.layers.3.input_layernorm,aten.add.Tensor,[],decode,False
346,input_layernorm,,rsqrt,"[[B, 1, 1]]",,,"[[B, 1, 1]]",[345],3,input_layernorm,,1,model.layers.3.input_layernorm,aten.rsqrt.default,[],decode,False
347,input_layernorm,,elementwise_mul,"[[B, 1, d_model], [B, 1, 1]]",,,"[[B, 1, d_model]]","[342, 346]",3,input_layernorm,,1,model.layers.3.input_layernorm,aten.mul.Tensor,[],decode,False
348,input_layernorm,,_to_copy,"[[B, 1, d_model]]",,,"[[B, 1, d_model]]",[347],3,input_layernorm,,1,model.layers.3.input_layernorm,aten._to_copy.default,[],decode,True
349,input_layernorm,,elementwise_mul,"[[d_model], [B, 1, d_model]]",,,"[[B, 1, d_model]]",[348],3,input_layernorm,,1,model.layers.3.input_layernorm,aten.mul.Tensor,[model.layers.3.input_layernorm.weight],decode,False
350,self_attn,q_proj,t,"[[n_h*d_head, d_model]]","[n_h*d_head, d_model]",0,"[[d_model, n_h*d_head]]",[],3,self_attn,q_proj,2,model.layers.3.self_attn.q_proj,aten.t.default,[model.layers.3.self_attn.q_proj.weight],decode,True
351,self_attn,q_proj,view,"[[B, 1, d_model]]",,,"[[B, d_model]]",[349],3,self_attn,q_proj,2,model.layers.3.self_attn.q_proj,aten.view.default,[],decode,True
352,self_attn,q_proj,matmul,"[[B, d_model], [d_model, n_h*d_head]]","[n_h*d_head, d_model]",1,"[[B, n_h*d_head]]","[350, 351]",3,self_attn,q_proj,2,model.layers.3.self_attn.q_proj,aten.mm.default,[model.layers.3.self_attn.q_proj.weight],decode,False
353,self_attn,q_proj,_unsafe_view,"[[B, n_h*d_head]]",,,"[[B, 1, n_h*d_head]]",[352],3,self_attn,q_proj,2,model.layers.3.self_attn.q_proj,aten._unsafe_view.default,[],decode,True
354,self_attn,,view,"[[B, 1, n_h*d_head]]",,,"[[B, 1, n_h, d_head]]",[353],3,self_attn,,1,model.layers.3.self_attn,aten.view.default,[],decode,True
355,self_attn,,transpose,"[[B, 1, n_h, d_head]]",,,"[[B, n_h, 1, d_head]]",[354],3,self_attn,,1,model.layers.3.self_attn,aten.transpose.int,[],decode,True
356,self_attn,k_proj,t,"[[n_kv*d_head, d_model]]","[n_kv*d_head, d_model]",0,"[[d_model, n_kv*d_head]]",[],3,self_attn,k_proj,2,model.layers.3.self_attn.k_proj,aten.t.default,[model.layers.3.self_attn.k_proj.weight],decode,True
357,self_attn,k_proj,view,"[[B, 1, d_model]]",,,"[[B, d_model]]",[349],3,self_attn,k_proj,2,model.layers.3.self_attn.k_proj,aten.view.default,[],decode,True
358,self_attn,k_proj,matmul,"[[B, d_model], [d_model, n_kv*d_head]]","[n_kv*d_head, d_model]",1,"[[B, n_kv*d_head]]","[356, 357]",3,self_attn,k_proj,2,model.layers.3.self_attn.k_proj,aten.mm.default,[model.layers.3.self_attn.k_proj.weight],decode,False
359,self_attn,k_proj,_unsafe_view,"[[B, n_kv*d_head]]",,,"[[B, 1, n_kv*d_head]]",[358],3,self_attn,k_proj,2,model.layers.3.self_attn.k_proj,aten._unsafe_view.default,[],decode,True
360,self_attn,,view,"[[B, 1, n_kv*d_head]]",,,"[[B, 1, n_kv, d_head]]",[359],3,self_attn,,1,model.layers.3.self_attn,aten.view.default,[],decode,True
361,self_attn,,transpose,"[[B, 1, n_kv, d_head]]",,,"[[B, n_kv, 1, d_head]]",[360],3,self_attn,,1,model.layers.3.self_attn,aten.transpose.int,[],decode,True
362,self_attn,v_proj,t,"[[n_kv*d_head, d_model]]","[n_kv*d_head, d_model]",0,"[[d_model, n_kv*d_head]]",[],3,self_attn,v_proj,2,model.layers.3.self_attn.v_proj,aten.t.default,[model.layers.3.self_attn.v_proj.weight],decode,True
363,self_attn,v_proj,view,"[[B, 1, d_model]]",,,"[[B, d_model]]",[349],3,self_attn,v_proj,2,model.layers.3.self_attn.v_proj,aten.view.default,[],decode,True
364,self_attn,v_proj,matmul,"[[B, d_model], [d_model, n_kv*d_head]]","[n_kv*d_head, d_model]",1,"[[B, n_kv*d_head]]","[362, 363]",3,self_attn,v_proj,2,model.layers.3.self_attn.v_proj,aten.mm.default,[model.layers.3.self_attn.v_proj.weight],decode,False
365,self_attn,v_proj,_unsafe_view,"[[B, n_kv*d_head]]",,,"[[B, 1, n_kv*d_head]]",[364],3,self_attn,v_proj,2,model.layers.3.self_attn.v_proj,aten._unsafe_view.default,[],decode,True
366,self_attn,,view,"[[B, 1, n_kv*d_head]]",,,"[[B, 1, n_kv, d_head]]",[365],3,self_attn,,1,model.layers.3.self_attn,aten.view.default,[],decode,True
367,self_attn,,transpose,"[[B, 1, n_kv, d_head]]",,,"[[B, n_kv, 1, d_head]]",[366],3,self_attn,,1,model.layers.3.self_attn,aten.transpose.int,[],decode,True
368,self_attn,,concat,"[[B, n_kv, T, d_head], [B, n_kv, 1, d_head]]",,,"[[B, n_kv, T+1, d_head]]",[361],3,self_attn,,1,model.layers.3.self_attn,aten.cat.default,[],decode,False
369,self_attn,,concat,"[[B, n_kv, T, d_head], [B, n_kv, 1, d_head]]",,,"[[B, n_kv, T+1, d_head]]",[367],3,self_attn,,1,model.layers.3.self_attn,aten.cat.default,[],decode,False
370,self_attn,,unsqueeze,"[[B, n_kv, T+1, d_head]]",,,"[[B, n_kv, 1, T+1, d_head]]",[368],3,self_attn,,1,model.layers.3.self_attn,aten.unsqueeze.default,[],decode,True
371,self_attn,,expand,"[[B, n_kv, 1, T+1, d_head]]",,,"[[B, n_kv, n_h/n_kv, T+1, d_head]]",[370],3,self_attn,,1,model.layers.3.self_attn,aten.expand.default,[],decode,True
372,self_attn,,clone,"[[B, n_kv, n_h/n_kv, T+1, d_head]]",,,"[[B, n_kv, n_h/n_kv, T+1, d_head]]",[371],3,self_attn,,1,model.layers.3.self_attn,aten.clone.default,[],decode,True
373,self_attn,,_unsafe_view,"[[B, n_kv, n_h/n_kv, T+1, d_head]]",,,"[[B, n_h, T+1, d_head]]",[372],3,self_attn,,1,model.layers.3.self_attn,aten._unsafe_view.default,[],decode,True
374,self_attn,,unsqueeze,"[[B, n_kv, T+1, d_head]]",,,"[[B, n_kv, 1, T+1, d_head]]",[369],3,self_attn,,1,model.layers.3.self_attn,aten.unsqueeze.default,[],decode,True
375,self_attn,,expand,"[[B, n_kv, 1, T+1, d_head]]",,,"[[B, n_kv, n_h/n_kv, T+1, d_head]]",[374],3,self_attn,,1,model.layers.3.self_attn,aten.expand.default,[],decode,True
376,self_attn,,clone,"[[B, n_kv, n_h/n_kv, T+1, d_head]]",,,"[[B, n_kv, n_h/n_kv, T+1, d_head]]",[375],3,self_attn,,1,model.layers.3.self_attn,aten.clone.default,[],decode,True
377,self_attn,,_unsafe_view,"[[B, n_kv, n_h/n_kv, T+1, d_head]]",,,"[[B, n_h, T+1, d_head]]",[376],3,self_attn,,1,model.layers.3.self_attn,aten._unsafe_view.default,[],decode,True
378,self_attn,,transpose,"[[B, n_h, T+1, d_head]]",,,"[[B, n_h, d_head, T+1]]",[373],3,self_attn,,1,model.layers.3.self_attn,aten.transpose.int,[],decode,True
379,self_attn,,expand,"[[B, n_h, 1, d_head]]",,,"[[B, n_h, 1, d_head]]",[355],3,self_attn,,1,model.layers.3.self_attn,aten.expand.default,[],decode,True
380,self_attn,,view,"[[B, n_h, 1, d_head]]",,,"[[n_h, B, d_head]]",[379],3,self_attn,,1,model.layers.3.self_attn,aten.view.default,[],decode,True
381,self_attn,,expand,"[[B, n_h, d_head, T+1]]",,,"[[B, n_h, d_head, T+1]]",[378],3,self_attn,,1,model.layers.3.self_attn,aten.expand.default,[],decode,True
382,self_attn,,view,"[[B, n_h, d_head, T+1]]",,,"[[n_h, d_head, T+1]]",[381],3,self_attn,,1,model.layers.3.self_attn,aten.view.default,[],decode,True
383,self_attn,,batched_matmul,"[[n_h, B, d_head], [n_h, d_head, T+1]]",,,"[[n_h, B, T+1]]","[380, 382]",3,self_attn,,1,model.layers.3.self_attn,aten.bmm.default,[],decode,False
384,self_attn,,_unsafe_view,"[[n_h, B, T+1]]",,,"[[B, n_h, 1, T+1]]",[383],3,self_attn,,1,model.layers.3.self_attn,aten._unsafe_view.default,[],decode,True
385,self_attn,,elementwise_mul,"[[B, n_h, 1, T+1]]",,,"[[B, n_h, 1, T+1]]",[384],3,self_attn,,1,model.layers.3.self_attn,aten.mul.Tensor,[],decode,False
386,self_attn,,elementwise_add,"[[B, n_h, 1, T+1], [B, 1, 1, T+1]]",,,"[[B, n_h, 1, T+1]]","[22, 385]",3,self_attn,,1,model.layers.3.self_attn,aten.add.Tensor,[],decode,False
387,self_attn,,_to_copy,"[[B, n_h, 1, T+1]]",,,"[[B, n_h, 1, T+1]]",[386],3,self_attn,,1,model.layers.3.self_attn,aten._to_copy.default,[],decode,True
388,self_attn,,softmax,"[[B, n_h, 1, T+1]]",,,"[[B, n_h, 1, T+1]]",[387],3,self_attn,,1,model.layers.3.self_attn,aten._softmax.default,[],decode,False
389,self_attn,,_to_copy,"[[B, n_h, 1, T+1]]",,,"[[B, n_h, 1, T+1]]",[388],3,self_attn,,1,model.layers.3.self_attn,aten._to_copy.default,[],decode,True
390,self_attn,,expand,"[[B, n_h, 1, T+1]]",,,"[[B, n_h, 1, T+1]]",[389],3,self_attn,,1,model.layers.3.self_attn,aten.expand.default,[],decode,True
391,self_attn,,view,"[[B, n_h, 1, T+1]]",,,"[[n_h, B, T+1]]",[390],3,self_attn,,1,model.layers.3.self_attn,aten.view.default,[],decode,True
392,self_attn,,expand,"[[B, n_h, T+1, d_head]]",,,"[[B, n_h, T+1, d_head]]",[377],3,self_attn,,1,model.layers.3.self_attn,aten.expand.default,[],decode,True
393,self_attn,,view,"[[B, n_h, T+1, d_head]]",,,"[[n_h, T+1, d_head]]",[392],3,self_attn,,1,model.layers.3.self_attn,aten.view.default,[],decode,True
394,self_attn,,batched_matmul,"[[n_h, B, T+1], [n_h, T+1, d_head]]",,,"[[n_h, B, d_head]]","[391, 393]",3,self_attn,,1,model.layers.3.self_attn,aten.bmm.default,[],decode,False
395,self_attn,,_unsafe_view,"[[n_h, B, d_head]]",,,"[[B, n_h, 1, d_head]]",[394],3,self_attn,,1,model.layers.3.self_attn,aten._unsafe_view.default,[],decode,True
396,self_attn,,transpose,"[[B, n_h, 1, d_head]]",,,"[[B, 1, n_h, d_head]]",[395],3,self_attn,,1,model.layers.3.self_attn,aten.transpose.int,[],decode,True
397,self_attn,,view,"[[B, 1, n_h, d_head]]",,,"[[B, 1, n_h*d_head]]",[396],3,self_attn,,1,model.layers.3.self_attn,aten.view.default,[],decode,True
398,self_attn,o_proj,t,"[[d_model, n_h*d_head]]","[d_model, n_h*d_head]",0,"[[n_h*d_head, d_model]]",[],3,self_attn,o_proj,2,model.layers.3.self_attn.o_proj,aten.t.default,[model.layers.3.self_attn.o_proj.weight],decode,True
399,self_attn,o_proj,view,"[[B, 1, n_h*d_head]]",,,"[[B, n_h*d_head]]",[397],3,self_attn,o_proj,2,model.layers.3.self_attn.o_proj,aten.view.default,[],decode,True
400,self_attn,o_proj,matmul,"[[B, n_h*d_head], [n_h*d_head, d_model]]","[d_model, n_h*d_head]",1,"[[B, d_model]]","[398, 399]",3,self_attn,o_proj,2,model.layers.3.self_attn.o_proj,aten.mm.default,[model.layers.3.self_attn.o_proj.weight],decode,False
401,self_attn,o_proj,_unsafe_view,"[[B, d_model]]",,,"[[B, 1, d_model]]",[400],3,self_attn,o_proj,2,model.layers.3.self_attn.o_proj,aten._unsafe_view.default,[],decode,True
402,,,elementwise_add,"[[B, 1, d_model], [B, 1, d_model]]",,,"[[B, 1, d_model]]","[341, 401]",3,,,0,model.layers.3,aten.add.Tensor,[],decode,False
403,post_attention_layernorm,,_to_copy,"[[B, 1, d_model]]",,,"[[B, 1, d_model]]",[402],3,post_attention_layernorm,,1,model.layers.3.post_attention_layernorm,aten._to_copy.default,[],decode,True
404,post_attention_layernorm,,pow,"[[B, 1, d_model]]",,,"[[B, 1, d_model]]",[403],3,post_attention_layernorm,,1,model.layers.3.post_attention_layernorm,aten.pow.Tensor_Scalar,[],decode,False
405,post_attention_layernorm,,mean,"[[B, 1, d_model]]",,,"[[B, 1, 1]]",[404],3,post_attention_layernorm,,1,model.layers.3.post_attention_layernorm,aten.mean.dim,[],decode,False
406,post_attention_layernorm,,elementwise_add,"[[B, 1, 1]]",,,"[[B, 1, 1]]",[405],3,post_attention_layernorm,,1,model.layers.3.post_attention_layernorm,aten.add.Tensor,[],decode,False
407,post_attention_layernorm,,rsqrt,"[[B, 1, 1]]",,,"[[B, 1, 1]]",[406],3,post_attention_layernorm,,1,model.layers.3.post_attention_layernorm,aten.rsqrt.default,[],decode,False
408,post_attention_layernorm,,elementwise_mul,"[[B, 1, d_model], [B, 1, 1]]",,,"[[B, 1, d_model]]","[403, 407]",3,post_attention_layernorm,,1,model.layers.3.post_attention_layernorm,aten.mul.Tensor,[],decode,False
409,post_attention_layernorm,,_to_copy,"[[B, 1, d_model]]",,,"[[B, 1, d_model]]",[408],3,post_attention_layernorm,,1,model.layers.3.post_attention_layernorm,aten._to_copy.default,[],decode,True
410,post_attention_layernorm,,elementwise_mul,"[[d_model], [B, 1, d_model]]",,,"[[B, 1, d_model]]",[409],3,post_attention_layernorm,,1,model.layers.3.post_attention_layernorm,aten.mul.Tensor,[model.layers.3.post_attention_layernorm.weight],decode,False
411,mlp,gate_proj,t,"[[d_ff, d_model]]","[d_ff, d_model]",0,"[[d_model, d_ff]]",[],3,mlp,gate_proj,2,model.layers.3.mlp.gate_proj,aten.t.default,[model.layers.3.mlp.gate_proj.weight],decode,True
412,mlp,gate_proj,view,"[[B, 1, d_model]]",,,"[[B, d_model]]",[410],3,mlp,gate_proj,2,model.layers.3.mlp.gate_proj,aten.view.default,[],decode,True
413,mlp,gate_proj,matmul,"[[B, d_model], [d_model, d_ff]]","[d_ff, d_model]",1,"[[B, d_ff]]","[411, 412]",3,mlp,gate_proj,2,model.layers.3.mlp.gate_proj,aten.mm.default,[model.layers.3.mlp.gate_proj.weight],decode,False
414,mlp,gate_proj,_unsafe_view,"[[B, d_ff]]",,,"[[B, 1, d_ff]]",[413],3,mlp,gate_proj,2,model.layers.3.mlp.gate_proj,aten._unsafe_view.default,[],decode,True
415,mlp,act_fn,silu,"[[B, 1, d_ff]]",,,"[[B, 1, d_ff]]",[414],3,mlp,act_fn,2,model.layers.3.mlp.act_fn,aten.silu.default,[],decode,False
416,mlp,up_proj,t,"[[d_ff, d_model]]","[d_ff, d_model]",0,"[[d_model, d_ff]]",[],3,mlp,up_proj,2,model.layers.3.mlp.up_proj,aten.t.default,[model.layers.3.mlp.up_proj.weight],decode,True
417,mlp,up_proj,view,"[[B, 1, d_model]]",,,"[[B, d_model]]",[410],3,mlp,up_proj,2,model.layers.3.mlp.up_proj,aten.view.default,[],decode,True
418,mlp,up_proj,matmul,"[[B, d_model], [d_model, d_ff]]","[d_ff, d_model]",1,"[[B, d_ff]]","[416, 417]",3,mlp,up_proj,2,model.layers.3.mlp.up_proj,aten.mm.default,[model.layers.3.mlp.up_proj.weight],decode,False
419,mlp,up_proj,_unsafe_view,"[[B, d_ff]]",,,"[[B, 1, d_ff]]",[418],3,mlp,up_proj,2,model.layers.3.mlp.up_proj,aten._unsafe_view.default,[],decode,True
420,mlp,,elementwise_mul,"[[B, 1, d_ff], [B, 1, d_ff]]",,,"[[B, 1, d_ff]]","[415, 419]",3,mlp,,1,model.layers.3.mlp,aten.mul.Tensor,[],decode,False
421,mlp,down_proj,t,"[[d_model, d_ff]]","[d_model, d_ff]",0,"[[d_ff, d_model]]",[],3,mlp,down_proj,2,model.layers.3.mlp.down_proj,aten.t.default,[model.layers.3.mlp.down_proj.weight],decode,True
422,mlp,down_proj,view,"[[B, 1, d_ff]]",,,"[[B, d_ff]]",[420],3,mlp,down_proj,2,model.layers.3.mlp.down_proj,aten.view.default,[],decode,True
423,mlp,down_proj,matmul,"[[B, d_ff], [d_ff, d_model]]","[d_model, d_ff]",1,"[[B, d_model]]","[421, 422]",3,mlp,down_proj,2,model.layers.3.mlp.down_proj,aten.mm.default,[model.layers.3.mlp.down_proj.weight],decode,False
424,mlp,down_proj,_unsafe_view,"[[B, d_model]]",,,"[[B, 1, d_model]]",[423],3,mlp,down_proj,2,model.layers.3.mlp.down_proj,aten._unsafe_view.default,[],decode,True
425,,,elementwise_add,"[[B, 1, d_model], [B, 1, d_model]]",,,"[[B, 1, d_model]]","[402, 424]",3,,,0,model.layers.3,aten.add.Tensor,[],decode,False
426,input_layernorm,,_to_copy,"[[B, 1, d_model]]",,,"[[B, 1, d_model]]",[425],4,input_layernorm,,1,model.layers.4.input_layernorm,aten._to_copy.default,[],decode,True
427,input_layernorm,,pow,"[[B, 1, d_model]]",,,"[[B, 1, d_model]]",[426],4,input_layernorm,,1,model.layers.4.input_layernorm,aten.pow.Tensor_Scalar,[],decode,False
428,input_layernorm,,mean,"[[B, 1, d_model]]",,,"[[B, 1, 1]]",[427],4,input_layernorm,,1,model.layers.4.input_layernorm,aten.mean.dim,[],decode,False
429,input_layernorm,,elementwise_add,"[[B, 1, 1]]",,,"[[B, 1, 1]]",[428],4,input_layernorm,,1,model.layers.4.input_layernorm,aten.add.Tensor,[],decode,False
430,input_layernorm,,rsqrt,"[[B, 1, 1]]",,,"[[B, 1, 1]]",[429],4,input_layernorm,,1,model.layers.4.input_layernorm,aten.rsqrt.default,[],decode,False
431,input_layernorm,,elementwise_mul,"[[B, 1, d_model], [B, 1, 1]]",,,"[[B, 1, d_model]]","[426, 430]",4,input_layernorm,,1,model.layers.4.input_layernorm,aten.mul.Tensor,[],decode,False
432,input_layernorm,,_to_copy,"[[B, 1, d_model]]",,,"[[B, 1, d_model]]",[431],4,input_layernorm,,1,model.layers.4.input_layernorm,aten._to_copy.default,[],decode,True
433,input_layernorm,,elementwise_mul,"[[d_model], [B, 1, d_model]]",,,"[[B, 1, d_model]]",[432],4,input_layernorm,,1,model.layers.4.input_layernorm,aten.mul.Tensor,[model.layers.4.input_layernorm.weight],decode,False
434,self_attn,q_proj,t,"[[n_h*d_head, d_model]]","[n_h*d_head, d_model]",0,"[[d_model, n_h*d_head]]",[],4,self_attn,q_proj,2,model.layers.4.self_attn.q_proj,aten.t.default,[model.layers.4.self_attn.q_proj.weight],decode,True
435,self_attn,q_proj,view,"[[B, 1, d_model]]",,,"[[B, d_model]]",[433],4,self_attn,q_proj,2,model.layers.4.self_attn.q_proj,aten.view.default,[],decode,True
436,self_attn,q_proj,matmul,"[[B, d_model], [d_model, n_h*d_head]]","[n_h*d_head, d_model]",1,"[[B, n_h*d_head]]","[434, 435]",4,self_attn,q_proj,2,model.layers.4.self_attn.q_proj,aten.mm.default,[model.layers.4.self_attn.q_proj.weight],decode,False
437,self_attn,q_proj,_unsafe_view,"[[B, n_h*d_head]]",,,"[[B, 1, n_h*d_head]]",[436],4,self_attn,q_proj,2,model.layers.4.self_attn.q_proj,aten._unsafe_view.default,[],decode,True
438,self_attn,,view,"[[B, 1, n_h*d_head]]",,,"[[B, 1, n_h, d_head]]",[437],4,self_attn,,1,model.layers.4.self_attn,aten.view.default,[],decode,True
439,self_attn,,transpose,"[[B, 1, n_h, d_head]]",,,"[[B, n_h, 1, d_head]]",[438],4,self_attn,,1,model.layers.4.self_attn,aten.transpose.int,[],decode,True
440,self_attn,k_proj,t,"[[n_kv*d_head, d_model]]","[n_kv*d_head, d_model]",0,"[[d_model, n_kv*d_head]]",[],4,self_attn,k_proj,2,model.layers.4.self_attn.k_proj,aten.t.default,[model.layers.4.self_attn.k_proj.weight],decode,True
441,self_attn,k_proj,view,"[[B, 1, d_model]]",,,"[[B, d_model]]",[433],4,self_attn,k_proj,2,model.layers.4.self_attn.k_proj,aten.view.default,[],decode,True
442,self_attn,k_proj,matmul,"[[B, d_model], [d_model, n_kv*d_head]]","[n_kv*d_head, d_model]",1,"[[B, n_kv*d_head]]","[440, 441]",4,self_attn,k_proj,2,model.layers.4.self_attn.k_proj,aten.mm.default,[model.layers.4.self_attn.k_proj.weight],decode,False
443,self_attn,k_proj,_unsafe_view,"[[B, n_kv*d_head]]",,,"[[B, 1, n_kv*d_head]]",[442],4,self_attn,k_proj,2,model.layers.4.self_attn.k_proj,aten._unsafe_view.default,[],decode,True
444,self_attn,,view,"[[B, 1, n_kv*d_head]]",,,"[[B, 1, n_kv, d_head]]",[443],4,self_attn,,1,model.layers.4.self_attn,aten.view.default,[],decode,True
445,self_attn,,transpose,"[[B, 1, n_kv, d_head]]",,,"[[B, n_kv, 1, d_head]]",[444],4,self_attn,,1,model.layers.4.self_attn,aten.transpose.int,[],decode,True
446,self_attn,v_proj,t,"[[n_kv*d_head, d_model]]","[n_kv*d_head, d_model]",0,"[[d_model, n_kv*d_head]]",[],4,self_attn,v_proj,2,model.layers.4.self_attn.v_proj,aten.t.default,[model.layers.4.self_attn.v_proj.weight],decode,True
447,self_attn,v_proj,view,"[[B, 1, d_model]]",,,"[[B, d_model]]",[433],4,self_attn,v_proj,2,model.layers.4.self_attn.v_proj,aten.view.default,[],decode,True
448,self_attn,v_proj,matmul,"[[B, d_model], [d_model, n_kv*d_head]]","[n_kv*d_head, d_model]",1,"[[B, n_kv*d_head]]","[446, 447]",4,self_attn,v_proj,2,model.layers.4.self_attn.v_proj,aten.mm.default,[model.layers.4.self_attn.v_proj.weight],decode,False
449,self_attn,v_proj,_unsafe_view,"[[B, n_kv*d_head]]",,,"[[B, 1, n_kv*d_head]]",[448],4,self_attn,v_proj,2,model.layers.4.self_attn.v_proj,aten._unsafe_view.default,[],decode,True
450,self_attn,,view,"[[B, 1, n_kv*d_head]]",,,"[[B, 1, n_kv, d_head]]",[449],4,self_attn,,1,model.layers.4.self_attn,aten.view.default,[],decode,True
451,self_attn,,transpose,"[[B, 1, n_kv, d_head]]",,,"[[B, n_kv, 1, d_head]]",[450],4,self_attn,,1,model.layers.4.self_attn,aten.transpose.int,[],decode,True
452,self_attn,,unsqueeze,"[[B, 1, d_head]]",,,"[[B, 1, 1, d_head]]",[40],4,self_attn,,1,model.layers.4.self_attn,aten.unsqueeze.default,[],decode,True
453,self_attn,,unsqueeze,"[[B, 1, d_head]]",,,"[[B, 1, 1, d_head]]",[41],4,self_attn,,1,model.layers.4.self_attn,aten.unsqueeze.default,[],decode,True
454,self_attn,,elementwise_mul,"[[B, n_h, 1, d_head], [B, 1, 1, d_head]]",,,"[[B, n_h, 1, d_head]]","[439, 452]",4,self_attn,,1,model.layers.4.self_attn,aten.mul.Tensor,[],decode,False
455,self_attn,,slice,"[[B, n_h, 1, d_head]]",,,"[[B, n_h, 1, d_head/2]]",[439],4,self_attn,,1,model.layers.4.self_attn,aten.slice.Tensor,[],decode,True
456,self_attn,,slice,"[[B, n_h, 1, d_head]]",,,"[[B, n_h, 1, d_head/2]]",[439],4,self_attn,,1,model.layers.4.self_attn,aten.slice.Tensor,[],decode,True
457,self_attn,,neg,"[[B, n_h, 1, d_head/2]]",,,"[[B, n_h, 1, d_head/2]]",[456],4,self_attn,,1,model.layers.4.self_attn,aten.neg.default,[],decode,False
458,self_attn,,concat,"[[B, n_h, 1, d_head/2], [B, n_h, 1, d_head/2]]",,,"[[B, n_h, 1, d_head]]","[455, 457]",4,self_attn,,1,model.layers.4.self_attn,aten.cat.default,[],decode,False
459,self_attn,,elementwise_mul,"[[B, n_h, 1, d_head], [B, 1, 1, d_head]]",,,"[[B, n_h, 1, d_head]]","[453, 458]",4,self_attn,,1,model.layers.4.self_attn,aten.mul.Tensor,[],decode,False
460,self_attn,,elementwise_add,"[[B, n_h, 1, d_head], [B, n_h, 1, d_head]]",,,"[[B, n_h, 1, d_head]]","[454, 459]",4,self_attn,,1,model.layers.4.self_attn,aten.add.Tensor,[],decode,False
461,self_attn,,elementwise_mul,"[[B, n_kv, 1, d_head], [B, 1, 1, d_head]]",,,"[[B, n_kv, 1, d_head]]","[445, 452]",4,self_attn,,1,model.layers.4.self_attn,aten.mul.Tensor,[],decode,False
462,self_attn,,slice,"[[B, n_kv, 1, d_head]]",,,"[[B, n_kv, 1, d_head/2]]",[445],4,self_attn,,1,model.layers.4.self_attn,aten.slice.Tensor,[],decode,True
463,self_attn,,slice,"[[B, n_kv, 1, d_head]]",,,"[[B, n_kv, 1, d_head/2]]",[445],4,self_attn,,1,model.layers.4.self_attn,aten.slice.Tensor,[],decode,True
464,self_attn,,neg,"[[B, n_kv, 1, d_head/2]]",,,"[[B, n_kv, 1, d_head/2]]",[463],4,self_attn,,1,model.layers.4.self_attn,aten.neg.default,[],decode,False
465,self_attn,,concat,"[[B, n_kv, 1, d_head/2], [B, n_kv, 1, d_head/2]]",,,"[[B, n_kv, 1, d_head]]","[462, 464]",4,self_attn,,1,model.layers.4.self_attn,aten.cat.default,[],decode,False
466,self_attn,,elementwise_mul,"[[B, n_kv, 1, d_head], [B, 1, 1, d_head]]",,,"[[B, n_kv, 1, d_head]]","[453, 465]",4,self_attn,,1,model.layers.4.self_attn,aten.mul.Tensor,[],decode,False
467,self_attn,,elementwise_add,"[[B, n_kv, 1, d_head], [B, n_kv, 1, d_head]]",,,"[[B, n_kv, 1, d_head]]","[461, 466]",4,self_attn,,1,model.layers.4.self_attn,aten.add.Tensor,[],decode,False
468,self_attn,,concat,"[[B, n_kv, T, d_head], [B, n_kv, 1, d_head]]",,,"[[B, n_kv, T+1, d_head]]",[467],4,self_attn,,1,model.layers.4.self_attn,aten.cat.default,[],decode,False
469,self_attn,,concat,"[[B, n_kv, T, d_head], [B, n_kv, 1, d_head]]",,,"[[B, n_kv, T+1, d_head]]",[451],4,self_attn,,1,model.layers.4.self_attn,aten.cat.default,[],decode,False
470,self_attn,,unsqueeze,"[[B, n_kv, T+1, d_head]]",,,"[[B, n_kv, 1, T+1, d_head]]",[468],4,self_attn,,1,model.layers.4.self_attn,aten.unsqueeze.default,[],decode,True
471,self_attn,,expand,"[[B, n_kv, 1, T+1, d_head]]",,,"[[B, n_kv, n_h/n_kv, T+1, d_head]]",[470],4,self_attn,,1,model.layers.4.self_attn,aten.expand.default,[],decode,True
472,self_attn,,clone,"[[B, n_kv, n_h/n_kv, T+1, d_head]]",,,"[[B, n_kv, n_h/n_kv, T+1, d_head]]",[471],4,self_attn,,1,model.layers.4.self_attn,aten.clone.default,[],decode,True
473,self_attn,,_unsafe_view,"[[B, n_kv, n_h/n_kv, T+1, d_head]]",,,"[[B, n_h, T+1, d_head]]",[472],4,self_attn,,1,model.layers.4.self_attn,aten._unsafe_view.default,[],decode,True
474,self_attn,,unsqueeze,"[[B, n_kv, T+1, d_head]]",,,"[[B, n_kv, 1, T+1, d_head]]",[469],4,self_attn,,1,model.layers.4.self_attn,aten.unsqueeze.default,[],decode,True
475,self_attn,,expand,"[[B, n_kv, 1, T+1, d_head]]",,,"[[B, n_kv, n_h/n_kv, T+1, d_head]]",[474],4,self_attn,,1,model.layers.4.self_attn,aten.expand.default,[],decode,True
476,self_attn,,clone,"[[B, n_kv, n_h/n_kv, T+1, d_head]]",,,"[[B, n_kv, n_h/n_kv, T+1, d_head]]",[475],4,self_attn,,1,model.layers.4.self_attn,aten.clone.default,[],decode,True
477,self_attn,,_unsafe_view,"[[B, n_kv, n_h/n_kv, T+1, d_head]]",,,"[[B, n_h, T+1, d_head]]",[476],4,self_attn,,1,model.layers.4.self_attn,aten._unsafe_view.default,[],decode,True
478,self_attn,,transpose,"[[B, n_h, T+1, d_head]]",,,"[[B, n_h, d_head, T+1]]",[473],4,self_attn,,1,model.layers.4.self_attn,aten.transpose.int,[],decode,True
479,self_attn,,expand,"[[B, n_h, 1, d_head]]",,,"[[B, n_h, 1, d_head]]",[460],4,self_attn,,1,model.layers.4.self_attn,aten.expand.default,[],decode,True
480,self_attn,,view,"[[B, n_h, 1, d_head]]",,,"[[n_h, B, d_head]]",[479],4,self_attn,,1,model.layers.4.self_attn,aten.view.default,[],decode,True
481,self_attn,,expand,"[[B, n_h, d_head, T+1]]",,,"[[B, n_h, d_head, T+1]]",[478],4,self_attn,,1,model.layers.4.self_attn,aten.expand.default,[],decode,True
482,self_attn,,view,"[[B, n_h, d_head, T+1]]",,,"[[n_h, d_head, T+1]]",[481],4,self_attn,,1,model.layers.4.self_attn,aten.view.default,[],decode,True
483,self_attn,,batched_matmul,"[[n_h, B, d_head], [n_h, d_head, T+1]]",,,"[[n_h, B, T+1]]","[480, 482]",4,self_attn,,1,model.layers.4.self_attn,aten.bmm.default,[],decode,False
484,self_attn,,_unsafe_view,"[[n_h, B, T+1]]",,,"[[B, n_h, 1, T+1]]",[483],4,self_attn,,1,model.layers.4.self_attn,aten._unsafe_view.default,[],decode,True
485,self_attn,,elementwise_mul,"[[B, n_h, 1, T+1]]",,,"[[B, n_h, 1, T+1]]",[484],4,self_attn,,1,model.layers.4.self_attn,aten.mul.Tensor,[],decode,False
486,self_attn,,elementwise_add,"[[B, n_h, 1, T+1], [B, 1, 1, T+1]]",,,"[[B, n_h, 1, T+1]]","[22, 485]",4,self_attn,,1,model.layers.4.self_attn,aten.add.Tensor,[],decode,False
487,self_attn,,_to_copy,"[[B, n_h, 1, T+1]]",,,"[[B, n_h, 1, T+1]]",[486],4,self_attn,,1,model.layers.4.self_attn,aten._to_copy.default,[],decode,True
488,self_attn,,softmax,"[[B, n_h, 1, T+1]]",,,"[[B, n_h, 1, T+1]]",[487],4,self_attn,,1,model.layers.4.self_attn,aten._softmax.default,[],decode,False
489,self_attn,,_to_copy,"[[B, n_h, 1, T+1]]",,,"[[B, n_h, 1, T+1]]",[488],4,self_attn,,1,model.layers.4.self_attn,aten._to_copy.default,[],decode,True
490,self_attn,,expand,"[[B, n_h, 1, T+1]]",,,"[[B, n_h, 1, T+1]]",[489],4,self_attn,,1,model.layers.4.self_attn,aten.expand.default,[],decode,True
491,self_attn,,view,"[[B, n_h, 1, T+1]]",,,"[[n_h, B, T+1]]",[490],4,self_attn,,1,model.layers.4.self_attn,aten.view.default,[],decode,True
492,self_attn,,expand,"[[B, n_h, T+1, d_head]]",,,"[[B, n_h, T+1, d_head]]",[477],4,self_attn,,1,model.layers.4.self_attn,aten.expand.default,[],decode,True
493,self_attn,,view,"[[B, n_h, T+1, d_head]]",,,"[[n_h, T+1, d_head]]",[492],4,self_attn,,1,model.layers.4.self_attn,aten.view.default,[],decode,True
494,self_attn,,batched_matmul,"[[n_h, B, T+1], [n_h, T+1, d_head]]",,,"[[n_h, B, d_head]]","[491, 493]",4,self_attn,,1,model.layers.4.self_attn,aten.bmm.default,[],decode,False
495,self_attn,,_unsafe_view,"[[n_h, B, d_head]]",,,"[[B, n_h, 1, d_head]]",[494],4,self_attn,,1,model.layers.4.self_attn,aten._unsafe_view.default,[],decode,True
496,self_attn,,transpose,"[[B, n_h, 1, d_head]]",,,"[[B, 1, n_h, d_head]]",[495],4,self_attn,,1,model.layers.4.self_attn,aten.transpose.int,[],decode,True
497,self_attn,,view,"[[B, 1, n_h, d_head]]",,,"[[B, 1, n_h*d_head]]",[496],4,self_attn,,1,model.layers.4.self_attn,aten.view.default,[],decode,True
498,self_attn,o_proj,t,"[[d_model, n_h*d_head]]","[d_model, n_h*d_head]",0,"[[n_h*d_head, d_model]]",[],4,self_attn,o_proj,2,model.layers.4.self_attn.o_proj,aten.t.default,[model.layers.4.self_attn.o_proj.weight],decode,True
499,self_attn,o_proj,view,"[[B, 1, n_h*d_head]]",,,"[[B, n_h*d_head]]",[497],4,self_attn,o_proj,2,model.layers.4.self_attn.o_proj,aten.view.default,[],decode,True
500,self_attn,o_proj,matmul,"[[B, n_h*d_head], [n_h*d_head, d_model]]","[d_model, n_h*d_head]",1,"[[B, d_model]]","[498, 499]",4,self_attn,o_proj,2,model.layers.4.self_attn.o_proj,aten.mm.default,[model.layers.4.self_attn.o_proj.weight],decode,False
501,self_attn,o_proj,_unsafe_view,"[[B, d_model]]",,,"[[B, 1, d_model]]",[500],4,self_attn,o_proj,2,model.layers.4.self_attn.o_proj,aten._unsafe_view.default,[],decode,True
502,,,elementwise_add,"[[B, 1, d_model], [B, 1, d_model]]",,,"[[B, 1, d_model]]","[425, 501]",4,,,0,model.layers.4,aten.add.Tensor,[],decode,False
503,post_attention_layernorm,,_to_copy,"[[B, 1, d_model]]",,,"[[B, 1, d_model]]",[502],4,post_attention_layernorm,,1,model.layers.4.post_attention_layernorm,aten._to_copy.default,[],decode,True
504,post_attention_layernorm,,pow,"[[B, 1, d_model]]",,,"[[B, 1, d_model]]",[503],4,post_attention_layernorm,,1,model.layers.4.post_attention_layernorm,aten.pow.Tensor_Scalar,[],decode,False
505,post_attention_layernorm,,mean,"[[B, 1, d_model]]",,,"[[B, 1, 1]]",[504],4,post_attention_layernorm,,1,model.layers.4.post_attention_layernorm,aten.mean.dim,[],decode,False
506,post_attention_layernorm,,elementwise_add,"[[B, 1, 1]]",,,"[[B, 1, 1]]",[505],4,post_attention_layernorm,,1,model.layers.4.post_attention_layernorm,aten.add.Tensor,[],decode,False
507,post_attention_layernorm,,rsqrt,"[[B, 1, 1]]",,,"[[B, 1, 1]]",[506],4,post_attention_layernorm,,1,model.layers.4.post_attention_layernorm,aten.rsqrt.default,[],decode,False
508,post_attention_layernorm,,elementwise_mul,"[[B, 1, d_model], [B, 1, 1]]",,,"[[B, 1, d_model]]","[503, 507]",4,post_attention_layernorm,,1,model.layers.4.post_attention_layernorm,aten.mul.Tensor,[],decode,False
509,post_attention_layernorm,,_to_copy,"[[B, 1, d_model]]",,,"[[B, 1, d_model]]",[508],4,post_attention_layernorm,,1,model.layers.4.post_attention_layernorm,aten._to_copy.default,[],decode,True
510,post_attention_layernorm,,elementwise_mul,"[[d_model], [B, 1, d_model]]",,,"[[B, 1, d_model]]",[509],4,post_attention_layernorm,,1,model.layers.4.post_attention_layernorm,aten.mul.Tensor,[model.layers.4.post_attention_layernorm.weight],decode,False
511,mlp,gate_proj,t,"[[d_ff, d_model]]","[d_ff, d_model]",0,"[[d_model, d_ff]]",[],4,mlp,gate_proj,2,model.layers.4.mlp.gate_proj,aten.t.default,[model.layers.4.mlp.gate_proj.weight],decode,True
512,mlp,gate_proj,view,"[[B, 1, d_model]]",,,"[[B, d_model]]",[510],4,mlp,gate_proj,2,model.layers.4.mlp.gate_proj,aten.view.default,[],decode,True
513,mlp,gate_proj,matmul,"[[B, d_model], [d_model, d_ff]]","[d_ff, d_model]",1,"[[B, d_ff]]","[511, 512]",4,mlp,gate_proj,2,model.layers.4.mlp.gate_proj,aten.mm.default,[model.layers.4.mlp.gate_proj.weight],decode,False
514,mlp,gate_proj,_unsafe_view,"[[B, d_ff]]",,,"[[B, 1, d_ff]]",[513],4,mlp,gate_proj,2,model.layers.4.mlp.gate_proj,aten._unsafe_view.default,[],decode,True
515,mlp,act_fn,silu,"[[B, 1, d_ff]]",,,"[[B, 1, d_ff]]",[514],4,mlp,act_fn,2,model.layers.4.mlp.act_fn,aten.silu.default,[],decode,False
516,mlp,up_proj,t,"[[d_ff, d_model]]","[d_ff, d_model]",0,"[[d_model, d_ff]]",[],4,mlp,up_proj,2,model.layers.4.mlp.up_proj,aten.t.default,[model.layers.4.mlp.up_proj.weight],decode,True
517,mlp,up_proj,view,"[[B, 1, d_model]]",,,"[[B, d_model]]",[510],4,mlp,up_proj,2,model.layers.4.mlp.up_proj,aten.view.default,[],decode,True
518,mlp,up_proj,matmul,"[[B, d_model], [d_model, d_ff]]","[d_ff, d_model]",1,"[[B, d_ff]]","[516, 517]",4,mlp,up_proj,2,model.layers.4.mlp.up_proj,aten.mm.default,[model.layers.4.mlp.up_proj.weight],decode,False
519,mlp,up_proj,_unsafe_view,"[[B, d_ff]]",,,"[[B, 1, d_ff]]",[518],4,mlp,up_proj,2,model.layers.4.mlp.up_proj,aten._unsafe_view.default,[],decode,True
520,mlp,,elementwise_mul,"[[B, 1, d_ff], [B, 1, d_ff]]",,,"[[B, 1, d_ff]]","[515, 519]",4,mlp,,1,model.layers.4.mlp,aten.mul.Tensor,[],decode,False
521,mlp,down_proj,t,"[[d_model, d_ff]]","[d_model, d_ff]",0,"[[d_ff, d_model]]",[],4,mlp,down_proj,2,model.layers.4.mlp.down_proj,aten.t.default,[model.layers.4.mlp.down_proj.weight],decode,True
522,mlp,down_proj,view,"[[B, 1, d_ff]]",,,"[[B, d_ff]]",[520],4,mlp,down_proj,2,model.layers.4.mlp.down_proj,aten.view.default,[],decode,True
523,mlp,down_proj,matmul,"[[B, d_ff], [d_ff, d_model]]","[d_model, d_ff]",1,"[[B, d_model]]","[521, 522]",4,mlp,down_proj,2,model.layers.4.mlp.down_proj,aten.mm.default,[model.layers.4.mlp.down_proj.weight],decode,False
524,mlp,down_proj,_unsafe_view,"[[B, d_model]]",,,"[[B, 1, d_model]]",[523],4,mlp,down_proj,2,model.layers.4.mlp.down_proj,aten._unsafe_view.default,[],decode,True
525,,,elementwise_add,"[[B, 1, d_model], [B, 1, d_model]]",,,"[[B, 1, d_model]]","[502, 524]",4,,,0,model.layers.4,aten.add.Tensor,[],decode,False
526,input_layernorm,,_to_copy,"[[B, 1, d_model]]",,,"[[B, 1, d_model]]",[525],5,input_layernorm,,1,model.layers.5.input_layernorm,aten._to_copy.default,[],decode,True
527,input_layernorm,,pow,"[[B, 1, d_model]]",,,"[[B, 1, d_model]]",[526],5,input_layernorm,,1,model.layers.5.input_layernorm,aten.pow.Tensor_Scalar,[],decode,False
528,input_layernorm,,mean,"[[B, 1, d_model]]",,,"[[B, 1, 1]]",[527],5,input_layernorm,,1,model.layers.5.input_layernorm,aten.mean.dim,[],decode,False
529,input_layernorm,,elementwise_add,"[[B, 1, 1]]",,,"[[B, 1, 1]]",[528],5,input_layernorm,,1,model.layers.5.input_layernorm,aten.add.Tensor,[],decode,False
530,input_layernorm,,rsqrt,"[[B, 1, 1]]",,,"[[B, 1, 1]]",[529],5,input_layernorm,,1,model.layers.5.input_layernorm,aten.rsqrt.default,[],decode,False
531,input_layernorm,,elementwise_mul,"[[B, 1, d_model], [B, 1, 1]]",,,"[[B, 1, d_model]]","[526, 530]",5,input_layernorm,,1,model.layers.5.input_layernorm,aten.mul.Tensor,[],decode,False
532,input_layernorm,,_to_copy,"[[B, 1, d_model]]",,,"[[B, 1, d_model]]",[531],5,input_layernorm,,1,model.layers.5.input_layernorm,aten._to_copy.default,[],decode,True
533,input_layernorm,,elementwise_mul,"[[d_model], [B, 1, d_model]]",,,"[[B, 1, d_model]]",[532],5,input_layernorm,,1,model.layers.5.input_layernorm,aten.mul.Tensor,[model.layers.5.input_layernorm.weight],decode,False
534,self_attn,q_proj,t,"[[n_h*d_head, d_model]]","[n_h*d_head, d_model]",0,"[[d_model, n_h*d_head]]",[],5,self_attn,q_proj,2,model.layers.5.self_attn.q_proj,aten.t.default,[model.layers.5.self_attn.q_proj.weight],decode,True
535,self_attn,q_proj,view,"[[B, 1, d_model]]",,,"[[B, d_model]]",[533],5,self_attn,q_proj,2,model.layers.5.self_attn.q_proj,aten.view.default,[],decode,True
536,self_attn,q_proj,matmul,"[[B, d_model], [d_model, n_h*d_head]]","[n_h*d_head, d_model]",1,"[[B, n_h*d_head]]","[534, 535]",5,self_attn,q_proj,2,model.layers.5.self_attn.q_proj,aten.mm.default,[model.layers.5.self_attn.q_proj.weight],decode,False
537,self_attn,q_proj,_unsafe_view,"[[B, n_h*d_head]]",,,"[[B, 1, n_h*d_head]]",[536],5,self_attn,q_proj,2,model.layers.5.self_attn.q_proj,aten._unsafe_view.default,[],decode,True
538,self_attn,,view,"[[B, 1, n_h*d_head]]",,,"[[B, 1, n_h, d_head]]",[537],5,self_attn,,1,model.layers.5.self_attn,aten.view.default,[],decode,True
539,self_attn,,transpose,"[[B, 1, n_h, d_head]]",,,"[[B, n_h, 1, d_head]]",[538],5,self_attn,,1,model.layers.5.self_attn,aten.transpose.int,[],decode,True
540,self_attn,k_proj,t,"[[n_kv*d_head, d_model]]","[n_kv*d_head, d_model]",0,"[[d_model, n_kv*d_head]]",[],5,self_attn,k_proj,2,model.layers.5.self_attn.k_proj,aten.t.default,[model.layers.5.self_attn.k_proj.weight],decode,True
541,self_attn,k_proj,view,"[[B, 1, d_model]]",,,"[[B, d_model]]",[533],5,self_attn,k_proj,2,model.layers.5.self_attn.k_proj,aten.view.default,[],decode,True
542,self_attn,k_proj,matmul,"[[B, d_model], [d_model, n_kv*d_head]]","[n_kv*d_head, d_model]",1,"[[B, n_kv*d_head]]","[540, 541]",5,self_attn,k_proj,2,model.layers.5.self_attn.k_proj,aten.mm.default,[model.layers.5.self_attn.k_proj.weight],decode,False
543,self_attn,k_proj,_unsafe_view,"[[B, n_kv*d_head]]",,,"[[B, 1, n_kv*d_head]]",[542],5,self_attn,k_proj,2,model.layers.5.self_attn.k_proj,aten._unsafe_view.default,[],decode,True
544,self_attn,,view,"[[B, 1, n_kv*d_head]]",,,"[[B, 1, n_kv, d_head]]",[543],5,self_attn,,1,model.layers.5.self_attn,aten.view.default,[],decode,True
545,self_attn,,transpose,"[[B, 1, n_kv, d_head]]",,,"[[B, n_kv, 1, d_head]]",[544],5,self_attn,,1,model.layers.5.self_attn,aten.transpose.int,[],decode,True
546,self_attn,v_proj,t,"[[n_kv*d_head, d_model]]","[n_kv*d_head, d_model]",0,"[[d_model, n_kv*d_head]]",[],5,self_attn,v_proj,2,model.layers.5.self_attn.v_proj,aten.t.default,[model.layers.5.self_attn.v_proj.weight],decode,True
547,self_attn,v_proj,view,"[[B, 1, d_model]]",,,"[[B, d_model]]",[533],5,self_attn,v_proj,2,model.layers.5.self_attn.v_proj,aten.view.default,[],decode,True
548,self_attn,v_proj,matmul,"[[B, d_model], [d_model, n_kv*d_head]]","[n_kv*d_head, d_model]",1,"[[B, n_kv*d_head]]","[546, 547]",5,self_attn,v_proj,2,model.layers.5.self_attn.v_proj,aten.mm.default,[model.layers.5.self_attn.v_proj.weight],decode,False
549,self_attn,v_proj,_unsafe_view,"[[B, n_kv*d_head]]",,,"[[B, 1, n_kv*d_head]]",[548],5,self_attn,v_proj,2,model.layers.5.self_attn.v_proj,aten._unsafe_view.default,[],decode,True
550,self_attn,,view,"[[B, 1, n_kv*d_head]]",,,"[[B, 1, n_kv, d_head]]",[549],5,self_attn,,1,model.layers.5.self_attn,aten.view.default,[],decode,True
551,self_attn,,transpose,"[[B, 1, n_kv, d_head]]",,,"[[B, n_kv, 1, d_head]]",[550],5,self_attn,,1,model.layers.5.self_attn,aten.transpose.int,[],decode,True
552,self_attn,,unsqueeze,"[[B, 1, d_head]]",,,"[[B, 1, 1, d_head]]",[40],5,self_attn,,1,model.layers.5.self_attn,aten.unsqueeze.default,[],decode,True
553,self_attn,,unsqueeze,"[[B, 1, d_head]]",,,"[[B, 1, 1, d_head]]",[41],5,self_attn,,1,model.layers.5.self_attn,aten.unsqueeze.default,[],decode,True
554,self_attn,,elementwise_mul,"[[B, n_h, 1, d_head], [B, 1, 1, d_head]]",,,"[[B, n_h, 1, d_head]]","[539, 552]",5,self_attn,,1,model.layers.5.self_attn,aten.mul.Tensor,[],decode,False
555,self_attn,,slice,"[[B, n_h, 1, d_head]]",,,"[[B, n_h, 1, d_head/2]]",[539],5,self_attn,,1,model.layers.5.self_attn,aten.slice.Tensor,[],decode,True
556,self_attn,,slice,"[[B, n_h, 1, d_head]]",,,"[[B, n_h, 1, d_head/2]]",[539],5,self_attn,,1,model.layers.5.self_attn,aten.slice.Tensor,[],decode,True
557,self_attn,,neg,"[[B, n_h, 1, d_head/2]]",,,"[[B, n_h, 1, d_head/2]]",[556],5,self_attn,,1,model.layers.5.self_attn,aten.neg.default,[],decode,False
558,self_attn,,concat,"[[B, n_h, 1, d_head/2], [B, n_h, 1, d_head/2]]",,,"[[B, n_h, 1, d_head]]","[555, 557]",5,self_attn,,1,model.layers.5.self_attn,aten.cat.default,[],decode,False
559,self_attn,,elementwise_mul,"[[B, n_h, 1, d_head], [B, 1, 1, d_head]]",,,"[[B, n_h, 1, d_head]]","[553, 558]",5,self_attn,,1,model.layers.5.self_attn,aten.mul.Tensor,[],decode,False
560,self_attn,,elementwise_add,"[[B, n_h, 1, d_head], [B, n_h, 1, d_head]]",,,"[[B, n_h, 1, d_head]]","[554, 559]",5,self_attn,,1,model.layers.5.self_attn,aten.add.Tensor,[],decode,False
561,self_attn,,elementwise_mul,"[[B, n_kv, 1, d_head], [B, 1, 1, d_head]]",,,"[[B, n_kv, 1, d_head]]","[545, 552]",5,self_attn,,1,model.layers.5.self_attn,aten.mul.Tensor,[],decode,False
562,self_attn,,slice,"[[B, n_kv, 1, d_head]]",,,"[[B, n_kv, 1, d_head/2]]",[545],5,self_attn,,1,model.layers.5.self_attn,aten.slice.Tensor,[],decode,True
563,self_attn,,slice,"[[B, n_kv, 1, d_head]]",,,"[[B, n_kv, 1, d_head/2]]",[545],5,self_attn,,1,model.layers.5.self_attn,aten.slice.Tensor,[],decode,True
564,self_attn,,neg,"[[B, n_kv, 1, d_head/2]]",,,"[[B, n_kv, 1, d_head/2]]",[563],5,self_attn,,1,model.layers.5.self_attn,aten.neg.default,[],decode,False
565,self_attn,,concat,"[[B, n_kv, 1, d_head/2], [B, n_kv, 1, d_head/2]]",,,"[[B, n_kv, 1, d_head]]","[562, 564]",5,self_attn,,1,model.layers.5.self_attn,aten.cat.default,[],decode,False
566,self_attn,,elementwise_mul,"[[B, n_kv, 1, d_head], [B, 1, 1, d_head]]",,,"[[B, n_kv, 1, d_head]]","[553, 565]",5,self_attn,,1,model.layers.5.self_attn,aten.mul.Tensor,[],decode,False
567,self_attn,,elementwise_add,"[[B, n_kv, 1, d_head], [B, n_kv, 1, d_head]]",,,"[[B, n_kv, 1, d_head]]","[561, 566]",5,self_attn,,1,model.layers.5.self_attn,aten.add.Tensor,[],decode,False
568,self_attn,,concat,"[[B, n_kv, T, d_head], [B, n_kv, 1, d_head]]",,,"[[B, n_kv, T+1, d_head]]",[567],5,self_attn,,1,model.layers.5.self_attn,aten.cat.default,[],decode,False
569,self_attn,,concat,"[[B, n_kv, T, d_head], [B, n_kv, 1, d_head]]",,,"[[B, n_kv, T+1, d_head]]",[551],5,self_attn,,1,model.layers.5.self_attn,aten.cat.default,[],decode,False
570,self_attn,,unsqueeze,"[[B, n_kv, T+1, d_head]]",,,"[[B, n_kv, 1, T+1, d_head]]",[568],5,self_attn,,1,model.layers.5.self_attn,aten.unsqueeze.default,[],decode,True
571,self_attn,,expand,"[[B, n_kv, 1, T+1, d_head]]",,,"[[B, n_kv, n_h/n_kv, T+1, d_head]]",[570],5,self_attn,,1,model.layers.5.self_attn,aten.expand.default,[],decode,True
572,self_attn,,clone,"[[B, n_kv, n_h/n_kv, T+1, d_head]]",,,"[[B, n_kv, n_h/n_kv, T+1, d_head]]",[571],5,self_attn,,1,model.layers.5.self_attn,aten.clone.default,[],decode,True
573,self_attn,,_unsafe_view,"[[B, n_kv, n_h/n_kv, T+1, d_head]]",,,"[[B, n_h, T+1, d_head]]",[572],5,self_attn,,1,model.layers.5.self_attn,aten._unsafe_view.default,[],decode,True
574,self_attn,,unsqueeze,"[[B, n_kv, T+1, d_head]]",,,"[[B, n_kv, 1, T+1, d_head]]",[569],5,self_attn,,1,model.layers.5.self_attn,aten.unsqueeze.default,[],decode,True
575,self_attn,,expand,"[[B, n_kv, 1, T+1, d_head]]",,,"[[B, n_kv, n_h/n_kv, T+1, d_head]]",[574],5,self_attn,,1,model.layers.5.self_attn,aten.expand.default,[],decode,True
576,self_attn,,clone,"[[B, n_kv, n_h/n_kv, T+1, d_head]]",,,"[[B, n_kv, n_h/n_kv, T+1, d_head]]",[575],5,self_attn,,1,model.layers.5.self_attn,aten.clone.default,[],decode,True
577,self_attn,,_unsafe_view,"[[B, n_kv, n_h/n_kv, T+1, d_head]]",,,"[[B, n_h, T+1, d_head]]",[576],5,self_attn,,1,model.layers.5.self_attn,aten._unsafe_view.default,[],decode,True
578,self_attn,,transpose,"[[B, n_h, T+1, d_head]]",,,"[[B, n_h, d_head, T+1]]",[573],5,self_attn,,1,model.layers.5.self_attn,aten.transpose.int,[],decode,True
579,self_attn,,expand,"[[B, n_h, 1, d_head]]",,,"[[B, n_h, 1, d_head]]",[560],5,self_attn,,1,model.layers.5.self_attn,aten.expand.default,[],decode,True
580,self_attn,,view,"[[B, n_h, 1, d_head]]",,,"[[n_h, B, d_head]]",[579],5,self_attn,,1,model.layers.5.self_attn,aten.view.default,[],decode,True
581,self_attn,,expand,"[[B, n_h, d_head, T+1]]",,,"[[B, n_h, d_head, T+1]]",[578],5,self_attn,,1,model.layers.5.self_attn,aten.expand.default,[],decode,True
582,self_attn,,view,"[[B, n_h, d_head, T+1]]",,,"[[n_h, d_head, T+1]]",[581],5,self_attn,,1,model.layers.5.self_attn,aten.view.default,[],decode,True
583,self_attn,,batched_matmul,"[[n_h, B, d_head], [n_h, d_head, T+1]]",,,"[[n_h, B, T+1]]","[580, 582]",5,self_attn,,1,model.layers.5.self_attn,aten.bmm.default,[],decode,False
584,self_attn,,_unsafe_view,"[[n_h, B, T+1]]",,,"[[B, n_h, 1, T+1]]",[583],5,self_attn,,1,model.layers.5.self_attn,aten._unsafe_view.default,[],decode,True
585,self_attn,,elementwise_mul,"[[B, n_h, 1, T+1]]",,,"[[B, n_h, 1, T+1]]",[584],5,self_attn,,1,model.layers.5.self_attn,aten.mul.Tensor,[],decode,False
586,self_attn,,elementwise_add,"[[B, n_h, 1, T+1], [B, 1, 1, T+1]]",,,"[[B, n_h, 1, T+1]]","[22, 585]",5,self_attn,,1,model.layers.5.self_attn,aten.add.Tensor,[],decode,False
587,self_attn,,_to_copy,"[[B, n_h, 1, T+1]]",,,"[[B, n_h, 1, T+1]]",[586],5,self_attn,,1,model.layers.5.self_attn,aten._to_copy.default,[],decode,True
588,self_attn,,softmax,"[[B, n_h, 1, T+1]]",,,"[[B, n_h, 1, T+1]]",[587],5,self_attn,,1,model.layers.5.self_attn,aten._softmax.default,[],decode,False
589,self_attn,,_to_copy,"[[B, n_h, 1, T+1]]",,,"[[B, n_h, 1, T+1]]",[588],5,self_attn,,1,model.layers.5.self_attn,aten._to_copy.default,[],decode,True
590,self_attn,,expand,"[[B, n_h, 1, T+1]]",,,"[[B, n_h, 1, T+1]]",[589],5,self_attn,,1,model.layers.5.self_attn,aten.expand.default,[],decode,True
591,self_attn,,view,"[[B, n_h, 1, T+1]]",,,"[[n_h, B, T+1]]",[590],5,self_attn,,1,model.layers.5.self_attn,aten.view.default,[],decode,True
592,self_attn,,expand,"[[B, n_h, T+1, d_head]]",,,"[[B, n_h, T+1, d_head]]",[577],5,self_attn,,1,model.layers.5.self_attn,aten.expand.default,[],decode,True
593,self_attn,,view,"[[B, n_h, T+1, d_head]]",,,"[[n_h, T+1, d_head]]",[592],5,self_attn,,1,model.layers.5.self_attn,aten.view.default,[],decode,True
594,self_attn,,batched_matmul,"[[n_h, B, T+1], [n_h, T+1, d_head]]",,,"[[n_h, B, d_head]]","[591, 593]",5,self_attn,,1,model.layers.5.self_attn,aten.bmm.default,[],decode,False
595,self_attn,,_unsafe_view,"[[n_h, B, d_head]]",,,"[[B, n_h, 1, d_head]]",[594],5,self_attn,,1,model.layers.5.self_attn,aten._unsafe_view.default,[],decode,True
596,self_attn,,transpose,"[[B, n_h, 1, d_head]]",,,"[[B, 1, n_h, d_head]]",[595],5,self_attn,,1,model.layers.5.self_attn,aten.transpose.int,[],decode,True
597,self_attn,,view,"[[B, 1, n_h, d_head]]",,,"[[B, 1, n_h*d_head]]",[596],5,self_attn,,1,model.layers.5.self_attn,aten.view.default,[],decode,True
598,self_attn,o_proj,t,"[[d_model, n_h*d_head]]","[d_model, n_h*d_head]",0,"[[n_h*d_head, d_model]]",[],5,self_attn,o_proj,2,model.layers.5.self_attn.o_proj,aten.t.default,[model.layers.5.self_attn.o_proj.weight],decode,True
599,self_attn,o_proj,view,"[[B, 1, n_h*d_head]]",,,"[[B, n_h*d_head]]",[597],5,self_attn,o_proj,2,model.layers.5.self_attn.o_proj,aten.view.default,[],decode,True
600,self_attn,o_proj,matmul,"[[B, n_h*d_head], [n_h*d_head, d_model]]","[d_model, n_h*d_head]",1,"[[B, d_model]]","[598, 599]",5,self_attn,o_proj,2,model.layers.5.self_attn.o_proj,aten.mm.default,[model.layers.5.self_attn.o_proj.weight],decode,False
601,self_attn,o_proj,_unsafe_view,"[[B, d_model]]",,,"[[B, 1, d_model]]",[600],5,self_attn,o_proj,2,model.layers.5.self_attn.o_proj,aten._unsafe_view.default,[],decode,True
602,,,elementwise_add,"[[B, 1, d_model], [B, 1, d_model]]",,,"[[B, 1, d_model]]","[525, 601]",5,,,0,model.layers.5,aten.add.Tensor,[],decode,False
603,post_attention_layernorm,,_to_copy,"[[B, 1, d_model]]",,,"[[B, 1, d_model]]",[602],5,post_attention_layernorm,,1,model.layers.5.post_attention_layernorm,aten._to_copy.default,[],decode,True
604,post_attention_layernorm,,pow,"[[B, 1, d_model]]",,,"[[B, 1, d_model]]",[603],5,post_attention_layernorm,,1,model.layers.5.post_attention_layernorm,aten.pow.Tensor_Scalar,[],decode,False
605,post_attention_layernorm,,mean,"[[B, 1, d_model]]",,,"[[B, 1, 1]]",[604],5,post_attention_layernorm,,1,model.layers.5.post_attention_layernorm,aten.mean.dim,[],decode,False
606,post_attention_layernorm,,elementwise_add,"[[B, 1, 1]]",,,"[[B, 1, 1]]",[605],5,post_attention_layernorm,,1,model.layers.5.post_attention_layernorm,aten.add.Tensor,[],decode,False
607,post_attention_layernorm,,rsqrt,"[[B, 1, 1]]",,,"[[B, 1, 1]]",[606],5,post_attention_layernorm,,1,model.layers.5.post_attention_layernorm,aten.rsqrt.default,[],decode,False
608,post_attention_layernorm,,elementwise_mul,"[[B, 1, d_model], [B, 1, 1]]",,,"[[B, 1, d_model]]","[603, 607]",5,post_attention_layernorm,,1,model.layers.5.post_attention_layernorm,aten.mul.Tensor,[],decode,False
609,post_attention_layernorm,,_to_copy,"[[B, 1, d_model]]",,,"[[B, 1, d_model]]",[608],5,post_attention_layernorm,,1,model.layers.5.post_attention_layernorm,aten._to_copy.default,[],decode,True
610,post_attention_layernorm,,elementwise_mul,"[[d_model], [B, 1, d_model]]",,,"[[B, 1, d_model]]",[609],5,post_attention_layernorm,,1,model.layers.5.post_attention_layernorm,aten.mul.Tensor,[model.layers.5.post_attention_layernorm.weight],decode,False
611,mlp,gate_proj,t,"[[d_ff, d_model]]","[d_ff, d_model]",0,"[[d_model, d_ff]]",[],5,mlp,gate_proj,2,model.layers.5.mlp.gate_proj,aten.t.default,[model.layers.5.mlp.gate_proj.weight],decode,True
612,mlp,gate_proj,view,"[[B, 1, d_model]]",,,"[[B, d_model]]",[610],5,mlp,gate_proj,2,model.layers.5.mlp.gate_proj,aten.view.default,[],decode,True
613,mlp,gate_proj,matmul,"[[B, d_model], [d_model, d_ff]]","[d_ff, d_model]",1,"[[B, d_ff]]","[611, 612]",5,mlp,gate_proj,2,model.layers.5.mlp.gate_proj,aten.mm.default,[model.layers.5.mlp.gate_proj.weight],decode,False
614,mlp,gate_proj,_unsafe_view,"[[B, d_ff]]",,,"[[B, 1, d_ff]]",[613],5,mlp,gate_proj,2,model.layers.5.mlp.gate_proj,aten._unsafe_view.default,[],decode,True
615,mlp,act_fn,silu,"[[B, 1, d_ff]]",,,"[[B, 1, d_ff]]",[614],5,mlp,act_fn,2,model.layers.5.mlp.act_fn,aten.silu.default,[],decode,False
616,mlp,up_proj,t,"[[d_ff, d_model]]","[d_ff, d_model]",0,"[[d_model, d_ff]]",[],5,mlp,up_proj,2,model.layers.5.mlp.up_proj,aten.t.default,[model.layers.5.mlp.up_proj.weight],decode,True
617,mlp,up_proj,view,"[[B, 1, d_model]]",,,"[[B, d_model]]",[610],5,mlp,up_proj,2,model.layers.5.mlp.up_proj,aten.view.default,[],decode,True
618,mlp,up_proj,matmul,"[[B, d_model], [d_model, d_ff]]","[d_ff, d_model]",1,"[[B, d_ff]]","[616, 617]",5,mlp,up_proj,2,model.layers.5.mlp.up_proj,aten.mm.default,[model.layers.5.mlp.up_proj.weight],decode,False
619,mlp,up_proj,_unsafe_view,"[[B, d_ff]]",,,"[[B, 1, d_ff]]",[618],5,mlp,up_proj,2,model.layers.5.mlp.up_proj,aten._unsafe_view.default,[],decode,True
620,mlp,,elementwise_mul,"[[B, 1, d_ff], [B, 1, d_ff]]",,,"[[B, 1, d_ff]]","[615, 619]",5,mlp,,1,model.layers.5.mlp,aten.mul.Tensor,[],decode,False
621,mlp,down_proj,t,"[[d_model, d_ff]]","[d_model, d_ff]",0,"[[d_ff, d_model]]",[],5,mlp,down_proj,2,model.layers.5.mlp.down_proj,aten.t.default,[model.layers.5.mlp.down_proj.weight],decode,True
622,mlp,down_proj,view,"[[B, 1, d_ff]]",,,"[[B, d_ff]]",[620],5,mlp,down_proj,2,model.layers.5.mlp.down_proj,aten.view.default,[],decode,True
623,mlp,down_proj,matmul,"[[B, d_ff], [d_ff, d_model]]","[d_model, d_ff]",1,"[[B, d_model]]","[621, 622]",5,mlp,down_proj,2,model.layers.5.mlp.down_proj,aten.mm.default,[model.layers.5.mlp.down_proj.weight],decode,False
624,mlp,down_proj,_unsafe_view,"[[B, d_model]]",,,"[[B, 1, d_model]]",[623],5,mlp,down_proj,2,model.layers.5.mlp.down_proj,aten._unsafe_view.default,[],decode,True
625,,,elementwise_add,"[[B, 1, d_model], [B, 1, d_model]]",,,"[[B, 1, d_model]]","[602, 624]",5,,,0,model.layers.5,aten.add.Tensor,[],decode,False
626,input_layernorm,,_to_copy,"[[B, 1, d_model]]",,,"[[B, 1, d_model]]",[625],6,input_layernorm,,1,model.layers.6.input_layernorm,aten._to_copy.default,[],decode,True
627,input_layernorm,,pow,"[[B, 1, d_model]]",,,"[[B, 1, d_model]]",[626],6,input_layernorm,,1,model.layers.6.input_layernorm,aten.pow.Tensor_Scalar,[],decode,False
628,input_layernorm,,mean,"[[B, 1, d_model]]",,,"[[B, 1, 1]]",[627],6,input_layernorm,,1,model.layers.6.input_layernorm,aten.mean.dim,[],decode,False
629,input_layernorm,,elementwise_add,"[[B, 1, 1]]",,,"[[B, 1, 1]]",[628],6,input_layernorm,,1,model.layers.6.input_layernorm,aten.add.Tensor,[],decode,False
630,input_layernorm,,rsqrt,"[[B, 1, 1]]",,,"[[B, 1, 1]]",[629],6,input_layernorm,,1,model.layers.6.input_layernorm,aten.rsqrt.default,[],decode,False
631,input_layernorm,,elementwise_mul,"[[B, 1, d_model], [B, 1, 1]]",,,"[[B, 1, d_model]]","[626, 630]",6,input_layernorm,,1,model.layers.6.input_layernorm,aten.mul.Tensor,[],decode,False
632,input_layernorm,,_to_copy,"[[B, 1, d_model]]",,,"[[B, 1, d_model]]",[631],6,input_layernorm,,1,model.layers.6.input_layernorm,aten._to_copy.default,[],decode,True
633,input_layernorm,,elementwise_mul,"[[d_model], [B, 1, d_model]]",,,"[[B, 1, d_model]]",[632],6,input_layernorm,,1,model.layers.6.input_layernorm,aten.mul.Tensor,[model.layers.6.input_layernorm.weight],decode,False
634,self_attn,q_proj,t,"[[n_h*d_head, d_model]]","[n_h*d_head, d_model]",0,"[[d_model, n_h*d_head]]",[],6,self_attn,q_proj,2,model.layers.6.self_attn.q_proj,aten.t.default,[model.layers.6.self_attn.q_proj.weight],decode,True
635,self_attn,q_proj,view,"[[B, 1, d_model]]",,,"[[B, d_model]]",[633],6,self_attn,q_proj,2,model.layers.6.self_attn.q_proj,aten.view.default,[],decode,True
636,self_attn,q_proj,matmul,"[[B, d_model], [d_model, n_h*d_head]]","[n_h*d_head, d_model]",1,"[[B, n_h*d_head]]","[634, 635]",6,self_attn,q_proj,2,model.layers.6.self_attn.q_proj,aten.mm.default,[model.layers.6.self_attn.q_proj.weight],decode,False
637,self_attn,q_proj,_unsafe_view,"[[B, n_h*d_head]]",,,"[[B, 1, n_h*d_head]]",[636],6,self_attn,q_proj,2,model.layers.6.self_attn.q_proj,aten._unsafe_view.default,[],decode,True
638,self_attn,,view,"[[B, 1, n_h*d_head]]",,,"[[B, 1, n_h, d_head]]",[637],6,self_attn,,1,model.layers.6.self_attn,aten.view.default,[],decode,True
639,self_attn,,transpose,"[[B, 1, n_h, d_head]]",,,"[[B, n_h, 1, d_head]]",[638],6,self_attn,,1,model.layers.6.self_attn,aten.transpose.int,[],decode,True
640,self_attn,k_proj,t,"[[n_kv*d_head, d_model]]","[n_kv*d_head, d_model]",0,"[[d_model, n_kv*d_head]]",[],6,self_attn,k_proj,2,model.layers.6.self_attn.k_proj,aten.t.default,[model.layers.6.self_attn.k_proj.weight],decode,True
641,self_attn,k_proj,view,"[[B, 1, d_model]]",,,"[[B, d_model]]",[633],6,self_attn,k_proj,2,model.layers.6.self_attn.k_proj,aten.view.default,[],decode,True
642,self_attn,k_proj,matmul,"[[B, d_model], [d_model, n_kv*d_head]]","[n_kv*d_head, d_model]",1,"[[B, n_kv*d_head]]","[640, 641]",6,self_attn,k_proj,2,model.layers.6.self_attn.k_proj,aten.mm.default,[model.layers.6.self_attn.k_proj.weight],decode,False
643,self_attn,k_proj,_unsafe_view,"[[B, n_kv*d_head]]",,,"[[B, 1, n_kv*d_head]]",[642],6,self_attn,k_proj,2,model.layers.6.self_attn.k_proj,aten._unsafe_view.default,[],decode,True
644,self_attn,,view,"[[B, 1, n_kv*d_head]]",,,"[[B, 1, n_kv, d_head]]",[643],6,self_attn,,1,model.layers.6.self_attn,aten.view.default,[],decode,True
645,self_attn,,transpose,"[[B, 1, n_kv, d_head]]",,,"[[B, n_kv, 1, d_head]]",[644],6,self_attn,,1,model.layers.6.self_attn,aten.transpose.int,[],decode,True
646,self_attn,v_proj,t,"[[n_kv*d_head, d_model]]","[n_kv*d_head, d_model]",0,"[[d_model, n_kv*d_head]]",[],6,self_attn,v_proj,2,model.layers.6.self_attn.v_proj,aten.t.default,[model.layers.6.self_attn.v_proj.weight],decode,True
647,self_attn,v_proj,view,"[[B, 1, d_model]]",,,"[[B, d_model]]",[633],6,self_attn,v_proj,2,model.layers.6.self_attn.v_proj,aten.view.default,[],decode,True
648,self_attn,v_proj,matmul,"[[B, d_model], [d_model, n_kv*d_head]]","[n_kv*d_head, d_model]",1,"[[B, n_kv*d_head]]","[646, 647]",6,self_attn,v_proj,2,model.layers.6.self_attn.v_proj,aten.mm.default,[model.layers.6.self_attn.v_proj.weight],decode,False
649,self_attn,v_proj,_unsafe_view,"[[B, n_kv*d_head]]",,,"[[B, 1, n_kv*d_head]]",[648],6,self_attn,v_proj,2,model.layers.6.self_attn.v_proj,aten._unsafe_view.default,[],decode,True
650,self_attn,,view,"[[B, 1, n_kv*d_head]]",,,"[[B, 1, n_kv, d_head]]",[649],6,self_attn,,1,model.layers.6.self_attn,aten.view.default,[],decode,True
651,self_attn,,transpose,"[[B, 1, n_kv, d_head]]",,,"[[B, n_kv, 1, d_head]]",[650],6,self_attn,,1,model.layers.6.self_attn,aten.transpose.int,[],decode,True
652,self_attn,,unsqueeze,"[[B, 1, d_head]]",,,"[[B, 1, 1, d_head]]",[40],6,self_attn,,1,model.layers.6.self_attn,aten.unsqueeze.default,[],decode,True
653,self_attn,,unsqueeze,"[[B, 1, d_head]]",,,"[[B, 1, 1, d_head]]",[41],6,self_attn,,1,model.layers.6.self_attn,aten.unsqueeze.default,[],decode,True
654,self_attn,,elementwise_mul,"[[B, n_h, 1, d_head], [B, 1, 1, d_head]]",,,"[[B, n_h, 1, d_head]]","[639, 652]",6,self_attn,,1,model.layers.6.self_attn,aten.mul.Tensor,[],decode,False
655,self_attn,,slice,"[[B, n_h, 1, d_head]]",,,"[[B, n_h, 1, d_head/2]]",[639],6,self_attn,,1,model.layers.6.self_attn,aten.slice.Tensor,[],decode,True
656,self_attn,,slice,"[[B, n_h, 1, d_head]]",,,"[[B, n_h, 1, d_head/2]]",[639],6,self_attn,,1,model.layers.6.self_attn,aten.slice.Tensor,[],decode,True
657,self_attn,,neg,"[[B, n_h, 1, d_head/2]]",,,"[[B, n_h, 1, d_head/2]]",[656],6,self_attn,,1,model.layers.6.self_attn,aten.neg.default,[],decode,False
658,self_attn,,concat,"[[B, n_h, 1, d_head/2], [B, n_h, 1, d_head/2]]",,,"[[B, n_h, 1, d_head]]","[655, 657]",6,self_attn,,1,model.layers.6.self_attn,aten.cat.default,[],decode,False
659,self_attn,,elementwise_mul,"[[B, n_h, 1, d_head], [B, 1, 1, d_head]]",,,"[[B, n_h, 1, d_head]]","[653, 658]",6,self_attn,,1,model.layers.6.self_attn,aten.mul.Tensor,[],decode,False
660,self_attn,,elementwise_add,"[[B, n_h, 1, d_head], [B, n_h, 1, d_head]]",,,"[[B, n_h, 1, d_head]]","[654, 659]",6,self_attn,,1,model.layers.6.self_attn,aten.add.Tensor,[],decode,False
661,self_attn,,elementwise_mul,"[[B, n_kv, 1, d_head], [B, 1, 1, d_head]]",,,"[[B, n_kv, 1, d_head]]","[645, 652]",6,self_attn,,1,model.layers.6.self_attn,aten.mul.Tensor,[],decode,False
662,self_attn,,slice,"[[B, n_kv, 1, d_head]]",,,"[[B, n_kv, 1, d_head/2]]",[645],6,self_attn,,1,model.layers.6.self_attn,aten.slice.Tensor,[],decode,True
663,self_attn,,slice,"[[B, n_kv, 1, d_head]]",,,"[[B, n_kv, 1, d_head/2]]",[645],6,self_attn,,1,model.layers.6.self_attn,aten.slice.Tensor,[],decode,True
664,self_attn,,neg,"[[B, n_kv, 1, d_head/2]]",,,"[[B, n_kv, 1, d_head/2]]",[663],6,self_attn,,1,model.layers.6.self_attn,aten.neg.default,[],decode,False
665,self_attn,,concat,"[[B, n_kv, 1, d_head/2], [B, n_kv, 1, d_head/2]]",,,"[[B, n_kv, 1, d_head]]","[662, 664]",6,self_attn,,1,model.layers.6.self_attn,aten.cat.default,[],decode,False
666,self_attn,,elementwise_mul,"[[B, n_kv, 1, d_head], [B, 1, 1, d_head]]",,,"[[B, n_kv, 1, d_head]]","[653, 665]",6,self_attn,,1,model.layers.6.self_attn,aten.mul.Tensor,[],decode,False
667,self_attn,,elementwise_add,"[[B, n_kv, 1, d_head], [B, n_kv, 1, d_head]]",,,"[[B, n_kv, 1, d_head]]","[661, 666]",6,self_attn,,1,model.layers.6.self_attn,aten.add.Tensor,[],decode,False
668,self_attn,,concat,"[[B, n_kv, T, d_head], [B, n_kv, 1, d_head]]",,,"[[B, n_kv, T+1, d_head]]",[667],6,self_attn,,1,model.layers.6.self_attn,aten.cat.default,[],decode,False
669,self_attn,,concat,"[[B, n_kv, T, d_head], [B, n_kv, 1, d_head]]",,,"[[B, n_kv, T+1, d_head]]",[651],6,self_attn,,1,model.layers.6.self_attn,aten.cat.default,[],decode,False
670,self_attn,,unsqueeze,"[[B, n_kv, T+1, d_head]]",,,"[[B, n_kv, 1, T+1, d_head]]",[668],6,self_attn,,1,model.layers.6.self_attn,aten.unsqueeze.default,[],decode,True
671,self_attn,,expand,"[[B, n_kv, 1, T+1, d_head]]",,,"[[B, n_kv, n_h/n_kv, T+1, d_head]]",[670],6,self_attn,,1,model.layers.6.self_attn,aten.expand.default,[],decode,True
672,self_attn,,clone,"[[B, n_kv, n_h/n_kv, T+1, d_head]]",,,"[[B, n_kv, n_h/n_kv, T+1, d_head]]",[671],6,self_attn,,1,model.layers.6.self_attn,aten.clone.default,[],decode,True
673,self_attn,,_unsafe_view,"[[B, n_kv, n_h/n_kv, T+1, d_head]]",,,"[[B, n_h, T+1, d_head]]",[672],6,self_attn,,1,model.layers.6.self_attn,aten._unsafe_view.default,[],decode,True
674,self_attn,,unsqueeze,"[[B, n_kv, T+1, d_head]]",,,"[[B, n_kv, 1, T+1, d_head]]",[669],6,self_attn,,1,model.layers.6.self_attn,aten.unsqueeze.default,[],decode,True
675,self_attn,,expand,"[[B, n_kv, 1, T+1, d_head]]",,,"[[B, n_kv, n_h/n_kv, T+1, d_head]]",[674],6,self_attn,,1,model.layers.6.self_attn,aten.expand.default,[],decode,True
676,self_attn,,clone,"[[B, n_kv, n_h/n_kv, T+1, d_head]]",,,"[[B, n_kv, n_h/n_kv, T+1, d_head]]",[675],6,self_attn,,1,model.layers.6.self_attn,aten.clone.default,[],decode,True
677,self_attn,,_unsafe_view,"[[B, n_kv, n_h/n_kv, T+1, d_head]]",,,"[[B, n_h, T+1, d_head]]",[676],6,self_attn,,1,model.layers.6.self_attn,aten._unsafe_view.default,[],decode,True
678,self_attn,,transpose,"[[B, n_h, T+1, d_head]]",,,"[[B, n_h, d_head, T+1]]",[673],6,self_attn,,1,model.layers.6.self_attn,aten.transpose.int,[],decode,True
679,self_attn,,expand,"[[B, n_h, 1, d_head]]",,,"[[B, n_h, 1, d_head]]",[660],6,self_attn,,1,model.layers.6.self_attn,aten.expand.default,[],decode,True
680,self_attn,,view,"[[B, n_h, 1, d_head]]",,,"[[n_h, B, d_head]]",[679],6,self_attn,,1,model.layers.6.self_attn,aten.view.default,[],decode,True
681,self_attn,,expand,"[[B, n_h, d_head, T+1]]",,,"[[B, n_h, d_head, T+1]]",[678],6,self_attn,,1,model.layers.6.self_attn,aten.expand.default,[],decode,True
682,self_attn,,view,"[[B, n_h, d_head, T+1]]",,,"[[n_h, d_head, T+1]]",[681],6,self_attn,,1,model.layers.6.self_attn,aten.view.default,[],decode,True
683,self_attn,,batched_matmul,"[[n_h, B, d_head], [n_h, d_head, T+1]]",,,"[[n_h, B, T+1]]","[680, 682]",6,self_attn,,1,model.layers.6.self_attn,aten.bmm.default,[],decode,False
684,self_attn,,_unsafe_view,"[[n_h, B, T+1]]",,,"[[B, n_h, 1, T+1]]",[683],6,self_attn,,1,model.layers.6.self_attn,aten._unsafe_view.default,[],decode,True
685,self_attn,,elementwise_mul,"[[B, n_h, 1, T+1]]",,,"[[B, n_h, 1, T+1]]",[684],6,self_attn,,1,model.layers.6.self_attn,aten.mul.Tensor,[],decode,False
686,self_attn,,elementwise_add,"[[B, n_h, 1, T+1], [B, 1, 1, T+1]]",,,"[[B, n_h, 1, T+1]]","[22, 685]",6,self_attn,,1,model.layers.6.self_attn,aten.add.Tensor,[],decode,False
687,self_attn,,_to_copy,"[[B, n_h, 1, T+1]]",,,"[[B, n_h, 1, T+1]]",[686],6,self_attn,,1,model.layers.6.self_attn,aten._to_copy.default,[],decode,True
688,self_attn,,softmax,"[[B, n_h, 1, T+1]]",,,"[[B, n_h, 1, T+1]]",[687],6,self_attn,,1,model.layers.6.self_attn,aten._softmax.default,[],decode,False
689,self_attn,,_to_copy,"[[B, n_h, 1, T+1]]",,,"[[B, n_h, 1, T+1]]",[688],6,self_attn,,1,model.layers.6.self_attn,aten._to_copy.default,[],decode,True
690,self_attn,,expand,"[[B, n_h, 1, T+1]]",,,"[[B, n_h, 1, T+1]]",[689],6,self_attn,,1,model.layers.6.self_attn,aten.expand.default,[],decode,True
691,self_attn,,view,"[[B, n_h, 1, T+1]]",,,"[[n_h, B, T+1]]",[690],6,self_attn,,1,model.layers.6.self_attn,aten.view.default,[],decode,True
692,self_attn,,expand,"[[B, n_h, T+1, d_head]]",,,"[[B, n_h, T+1, d_head]]",[677],6,self_attn,,1,model.layers.6.self_attn,aten.expand.default,[],decode,True
693,self_attn,,view,"[[B, n_h, T+1, d_head]]",,,"[[n_h, T+1, d_head]]",[692],6,self_attn,,1,model.layers.6.self_attn,aten.view.default,[],decode,True
694,self_attn,,batched_matmul,"[[n_h, B, T+1], [n_h, T+1, d_head]]",,,"[[n_h, B, d_head]]","[691, 693]",6,self_attn,,1,model.layers.6.self_attn,aten.bmm.default,[],decode,False
695,self_attn,,_unsafe_view,"[[n_h, B, d_head]]",,,"[[B, n_h, 1, d_head]]",[694],6,self_attn,,1,model.layers.6.self_attn,aten._unsafe_view.default,[],decode,True
696,self_attn,,transpose,"[[B, n_h, 1, d_head]]",,,"[[B, 1, n_h, d_head]]",[695],6,self_attn,,1,model.layers.6.self_attn,aten.transpose.int,[],decode,True
697,self_attn,,view,"[[B, 1, n_h, d_head]]",,,"[[B, 1, n_h*d_head]]",[696],6,self_attn,,1,model.layers.6.self_attn,aten.view.default,[],decode,True
698,self_attn,o_proj,t,"[[d_model, n_h*d_head]]","[d_model, n_h*d_head]",0,"[[n_h*d_head, d_model]]",[],6,self_attn,o_proj,2,model.layers.6.self_attn.o_proj,aten.t.default,[model.layers.6.self_attn.o_proj.weight],decode,True
699,self_attn,o_proj,view,"[[B, 1, n_h*d_head]]",,,"[[B, n_h*d_head]]",[697],6,self_attn,o_proj,2,model.layers.6.self_attn.o_proj,aten.view.default,[],decode,True
700,self_attn,o_proj,matmul,"[[B, n_h*d_head], [n_h*d_head, d_model]]","[d_model, n_h*d_head]",1,"[[B, d_model]]","[698, 699]",6,self_attn,o_proj,2,model.layers.6.self_attn.o_proj,aten.mm.default,[model.layers.6.self_attn.o_proj.weight],decode,False
701,self_attn,o_proj,_unsafe_view,"[[B, d_model]]",,,"[[B, 1, d_model]]",[700],6,self_attn,o_proj,2,model.layers.6.self_attn.o_proj,aten._unsafe_view.default,[],decode,True
702,,,elementwise_add,"[[B, 1, d_model], [B, 1, d_model]]",,,"[[B, 1, d_model]]","[625, 701]",6,,,0,model.layers.6,aten.add.Tensor,[],decode,False
703,post_attention_layernorm,,_to_copy,"[[B, 1, d_model]]",,,"[[B, 1, d_model]]",[702],6,post_attention_layernorm,,1,model.layers.6.post_attention_layernorm,aten._to_copy.default,[],decode,True
704,post_attention_layernorm,,pow,"[[B, 1, d_model]]",,,"[[B, 1, d_model]]",[703],6,post_attention_layernorm,,1,model.layers.6.post_attention_layernorm,aten.pow.Tensor_Scalar,[],decode,False
705,post_attention_layernorm,,mean,"[[B, 1, d_model]]",,,"[[B, 1, 1]]",[704],6,post_attention_layernorm,,1,model.layers.6.post_attention_layernorm,aten.mean.dim,[],decode,False
706,post_attention_layernorm,,elementwise_add,"[[B, 1, 1]]",,,"[[B, 1, 1]]",[705],6,post_attention_layernorm,,1,model.layers.6.post_attention_layernorm,aten.add.Tensor,[],decode,False
707,post_attention_layernorm,,rsqrt,"[[B, 1, 1]]",,,"[[B, 1, 1]]",[706],6,post_attention_layernorm,,1,model.layers.6.post_attention_layernorm,aten.rsqrt.default,[],decode,False
708,post_attention_layernorm,,elementwise_mul,"[[B, 1, d_model], [B, 1, 1]]",,,"[[B, 1, d_model]]","[703, 707]",6,post_attention_layernorm,,1,model.layers.6.post_attention_layernorm,aten.mul.Tensor,[],decode,False
709,post_attention_layernorm,,_to_copy,"[[B, 1, d_model]]",,,"[[B, 1, d_model]]",[708],6,post_attention_layernorm,,1,model.layers.6.post_attention_layernorm,aten._to_copy.default,[],decode,True
710,post_attention_layernorm,,elementwise_mul,"[[d_model], [B, 1, d_model]]",,,"[[B, 1, d_model]]",[709],6,post_attention_layernorm,,1,model.layers.6.post_attention_layernorm,aten.mul.Tensor,[model.layers.6.post_attention_layernorm.weight],decode,False
711,mlp,gate_proj,t,"[[d_ff, d_model]]","[d_ff, d_model]",0,"[[d_model, d_ff]]",[],6,mlp,gate_proj,2,model.layers.6.mlp.gate_proj,aten.t.default,[model.layers.6.mlp.gate_proj.weight],decode,True
712,mlp,gate_proj,view,"[[B, 1, d_model]]",,,"[[B, d_model]]",[710],6,mlp,gate_proj,2,model.layers.6.mlp.gate_proj,aten.view.default,[],decode,True
713,mlp,gate_proj,matmul,"[[B, d_model], [d_model, d_ff]]","[d_ff, d_model]",1,"[[B, d_ff]]","[711, 712]",6,mlp,gate_proj,2,model.layers.6.mlp.gate_proj,aten.mm.default,[model.layers.6.mlp.gate_proj.weight],decode,False
714,mlp,gate_proj,_unsafe_view,"[[B, d_ff]]",,,"[[B, 1, d_ff]]",[713],6,mlp,gate_proj,2,model.layers.6.mlp.gate_proj,aten._unsafe_view.default,[],decode,True
715,mlp,act_fn,silu,"[[B, 1, d_ff]]",,,"[[B, 1, d_ff]]",[714],6,mlp,act_fn,2,model.layers.6.mlp.act_fn,aten.silu.default,[],decode,False
716,mlp,up_proj,t,"[[d_ff, d_model]]","[d_ff, d_model]",0,"[[d_model, d_ff]]",[],6,mlp,up_proj,2,model.layers.6.mlp.up_proj,aten.t.default,[model.layers.6.mlp.up_proj.weight],decode,True
717,mlp,up_proj,view,"[[B, 1, d_model]]",,,"[[B, d_model]]",[710],6,mlp,up_proj,2,model.layers.6.mlp.up_proj,aten.view.default,[],decode,True
718,mlp,up_proj,matmul,"[[B, d_model], [d_model, d_ff]]","[d_ff, d_model]",1,"[[B, d_ff]]","[716, 717]",6,mlp,up_proj,2,model.layers.6.mlp.up_proj,aten.mm.default,[model.layers.6.mlp.up_proj.weight],decode,False
719,mlp,up_proj,_unsafe_view,"[[B, d_ff]]",,,"[[B, 1, d_ff]]",[718],6,mlp,up_proj,2,model.layers.6.mlp.up_proj,aten._unsafe_view.default,[],decode,True
720,mlp,,elementwise_mul,"[[B, 1, d_ff], [B, 1, d_ff]]",,,"[[B, 1, d_ff]]","[715, 719]",6,mlp,,1,model.layers.6.mlp,aten.mul.Tensor,[],decode,False
721,mlp,down_proj,t,"[[d_model, d_ff]]","[d_model, d_ff]",0,"[[d_ff, d_model]]",[],6,mlp,down_proj,2,model.layers.6.mlp.down_proj,aten.t.default,[model.layers.6.mlp.down_proj.weight],decode,True
722,mlp,down_proj,view,"[[B, 1, d_ff]]",,,"[[B, d_ff]]",[720],6,mlp,down_proj,2,model.layers.6.mlp.down_proj,aten.view.default,[],decode,True
723,mlp,down_proj,matmul,"[[B, d_ff], [d_ff, d_model]]","[d_model, d_ff]",1,"[[B, d_model]]","[721, 722]",6,mlp,down_proj,2,model.layers.6.mlp.down_proj,aten.mm.default,[model.layers.6.mlp.down_proj.weight],decode,False
724,mlp,down_proj,_unsafe_view,"[[B, d_model]]",,,"[[B, 1, d_model]]",[723],6,mlp,down_proj,2,model.layers.6.mlp.down_proj,aten._unsafe_view.default,[],decode,True
725,,,elementwise_add,"[[B, 1, d_model], [B, 1, d_model]]",,,"[[B, 1, d_model]]","[702, 724]",6,,,0,model.layers.6,aten.add.Tensor,[],decode,False
726,input_layernorm,,_to_copy,"[[B, 1, d_model]]",,,"[[B, 1, d_model]]",[725],7,input_layernorm,,1,model.layers.7.input_layernorm,aten._to_copy.default,[],decode,True
727,input_layernorm,,pow,"[[B, 1, d_model]]",,,"[[B, 1, d_model]]",[726],7,input_layernorm,,1,model.layers.7.input_layernorm,aten.pow.Tensor_Scalar,[],decode,False
728,input_layernorm,,mean,"[[B, 1, d_model]]",,,"[[B, 1, 1]]",[727],7,input_layernorm,,1,model.layers.7.input_layernorm,aten.mean.dim,[],decode,False
729,input_layernorm,,elementwise_add,"[[B, 1, 1]]",,,"[[B, 1, 1]]",[728],7,input_layernorm,,1,model.layers.7.input_layernorm,aten.add.Tensor,[],decode,False
730,input_layernorm,,rsqrt,"[[B, 1, 1]]",,,"[[B, 1, 1]]",[729],7,input_layernorm,,1,model.layers.7.input_layernorm,aten.rsqrt.default,[],decode,False
731,input_layernorm,,elementwise_mul,"[[B, 1, d_model], [B, 1, 1]]",,,"[[B, 1, d_model]]","[726, 730]",7,input_layernorm,,1,model.layers.7.input_layernorm,aten.mul.Tensor,[],decode,False
732,input_layernorm,,_to_copy,"[[B, 1, d_model]]",,,"[[B, 1, d_model]]",[731],7,input_layernorm,,1,model.layers.7.input_layernorm,aten._to_copy.default,[],decode,True
733,input_layernorm,,elementwise_mul,"[[d_model], [B, 1, d_model]]",,,"[[B, 1, d_model]]",[732],7,input_layernorm,,1,model.layers.7.input_layernorm,aten.mul.Tensor,[model.layers.7.input_layernorm.weight],decode,False
734,self_attn,q_proj,t,"[[n_h*d_head, d_model]]","[n_h*d_head, d_model]",0,"[[d_model, n_h*d_head]]",[],7,self_attn,q_proj,2,model.layers.7.self_attn.q_proj,aten.t.default,[model.layers.7.self_attn.q_proj.weight],decode,True
735,self_attn,q_proj,view,"[[B, 1, d_model]]",,,"[[B, d_model]]",[733],7,self_attn,q_proj,2,model.layers.7.self_attn.q_proj,aten.view.default,[],decode,True
736,self_attn,q_proj,matmul,"[[B, d_model], [d_model, n_h*d_head]]","[n_h*d_head, d_model]",1,"[[B, n_h*d_head]]","[734, 735]",7,self_attn,q_proj,2,model.layers.7.self_attn.q_proj,aten.mm.default,[model.layers.7.self_attn.q_proj.weight],decode,False
737,self_attn,q_proj,_unsafe_view,"[[B, n_h*d_head]]",,,"[[B, 1, n_h*d_head]]",[736],7,self_attn,q_proj,2,model.layers.7.self_attn.q_proj,aten._unsafe_view.default,[],decode,True
738,self_attn,,view,"[[B, 1, n_h*d_head]]",,,"[[B, 1, n_h, d_head]]",[737],7,self_attn,,1,model.layers.7.self_attn,aten.view.default,[],decode,True
739,self_attn,,transpose,"[[B, 1, n_h, d_head]]",,,"[[B, n_h, 1, d_head]]",[738],7,self_attn,,1,model.layers.7.self_attn,aten.transpose.int,[],decode,True
740,self_attn,k_proj,t,"[[n_kv*d_head, d_model]]","[n_kv*d_head, d_model]",0,"[[d_model, n_kv*d_head]]",[],7,self_attn,k_proj,2,model.layers.7.self_attn.k_proj,aten.t.default,[model.layers.7.self_attn.k_proj.weight],decode,True
741,self_attn,k_proj,view,"[[B, 1, d_model]]",,,"[[B, d_model]]",[733],7,self_attn,k_proj,2,model.layers.7.self_attn.k_proj,aten.view.default,[],decode,True
742,self_attn,k_proj,matmul,"[[B, d_model], [d_model, n_kv*d_head]]","[n_kv*d_head, d_model]",1,"[[B, n_kv*d_head]]","[740, 741]",7,self_attn,k_proj,2,model.layers.7.self_attn.k_proj,aten.mm.default,[model.layers.7.self_attn.k_proj.weight],decode,False
743,self_attn,k_proj,_unsafe_view,"[[B, n_kv*d_head]]",,,"[[B, 1, n_kv*d_head]]",[742],7,self_attn,k_proj,2,model.layers.7.self_attn.k_proj,aten._unsafe_view.default,[],decode,True
744,self_attn,,view,"[[B, 1, n_kv*d_head]]",,,"[[B, 1, n_kv, d_head]]",[743],7,self_attn,,1,model.layers.7.self_attn,aten.view.default,[],decode,True
745,self_attn,,transpose,"[[B, 1, n_kv, d_head]]",,,"[[B, n_kv, 1, d_head]]",[744],7,self_attn,,1,model.layers.7.self_attn,aten.transpose.int,[],decode,True
746,self_attn,v_proj,t,"[[n_kv*d_head, d_model]]","[n_kv*d_head, d_model]",0,"[[d_model, n_kv*d_head]]",[],7,self_attn,v_proj,2,model.layers.7.self_attn.v_proj,aten.t.default,[model.layers.7.self_attn.v_proj.weight],decode,True
747,self_attn,v_proj,view,"[[B, 1, d_model]]",,,"[[B, d_model]]",[733],7,self_attn,v_proj,2,model.layers.7.self_attn.v_proj,aten.view.default,[],decode,True
748,self_attn,v_proj,matmul,"[[B, d_model], [d_model, n_kv*d_head]]","[n_kv*d_head, d_model]",1,"[[B, n_kv*d_head]]","[746, 747]",7,self_attn,v_proj,2,model.layers.7.self_attn.v_proj,aten.mm.default,[model.layers.7.self_attn.v_proj.weight],decode,False
749,self_attn,v_proj,_unsafe_view,"[[B, n_kv*d_head]]",,,"[[B, 1, n_kv*d_head]]",[748],7,self_attn,v_proj,2,model.layers.7.self_attn.v_proj,aten._unsafe_view.default,[],decode,True
750,self_attn,,view,"[[B, 1, n_kv*d_head]]",,,"[[B, 1, n_kv, d_head]]",[749],7,self_attn,,1,model.layers.7.self_attn,aten.view.default,[],decode,True
751,self_attn,,transpose,"[[B, 1, n_kv, d_head]]",,,"[[B, n_kv, 1, d_head]]",[750],7,self_attn,,1,model.layers.7.self_attn,aten.transpose.int,[],decode,True
752,self_attn,,concat,"[[B, n_kv, T, d_head], [B, n_kv, 1, d_head]]",,,"[[B, n_kv, T+1, d_head]]",[745],7,self_attn,,1,model.layers.7.self_attn,aten.cat.default,[],decode,False
753,self_attn,,concat,"[[B, n_kv, T, d_head], [B, n_kv, 1, d_head]]",,,"[[B, n_kv, T+1, d_head]]",[751],7,self_attn,,1,model.layers.7.self_attn,aten.cat.default,[],decode,False
754,self_attn,,unsqueeze,"[[B, n_kv, T+1, d_head]]",,,"[[B, n_kv, 1, T+1, d_head]]",[752],7,self_attn,,1,model.layers.7.self_attn,aten.unsqueeze.default,[],decode,True
755,self_attn,,expand,"[[B, n_kv, 1, T+1, d_head]]",,,"[[B, n_kv, n_h/n_kv, T+1, d_head]]",[754],7,self_attn,,1,model.layers.7.self_attn,aten.expand.default,[],decode,True
756,self_attn,,clone,"[[B, n_kv, n_h/n_kv, T+1, d_head]]",,,"[[B, n_kv, n_h/n_kv, T+1, d_head]]",[755],7,self_attn,,1,model.layers.7.self_attn,aten.clone.default,[],decode,True
757,self_attn,,_unsafe_view,"[[B, n_kv, n_h/n_kv, T+1, d_head]]",,,"[[B, n_h, T+1, d_head]]",[756],7,self_attn,,1,model.layers.7.self_attn,aten._unsafe_view.default,[],decode,True
758,self_attn,,unsqueeze,"[[B, n_kv, T+1, d_head]]",,,"[[B, n_kv, 1, T+1, d_head]]",[753],7,self_attn,,1,model.layers.7.self_attn,aten.unsqueeze.default,[],decode,True
759,self_attn,,expand,"[[B, n_kv, 1, T+1, d_head]]",,,"[[B, n_kv, n_h/n_kv, T+1, d_head]]",[758],7,self_attn,,1,model.layers.7.self_attn,aten.expand.default,[],decode,True
760,self_attn,,clone,"[[B, n_kv, n_h/n_kv, T+1, d_head]]",,,"[[B, n_kv, n_h/n_kv, T+1, d_head]]",[759],7,self_attn,,1,model.layers.7.self_attn,aten.clone.default,[],decode,True
761,self_attn,,_unsafe_view,"[[B, n_kv, n_h/n_kv, T+1, d_head]]",,,"[[B, n_h, T+1, d_head]]",[760],7,self_attn,,1,model.layers.7.self_attn,aten._unsafe_view.default,[],decode,True
762,self_attn,,transpose,"[[B, n_h, T+1, d_head]]",,,"[[B, n_h, d_head, T+1]]",[757],7,self_attn,,1,model.layers.7.self_attn,aten.transpose.int,[],decode,True
763,self_attn,,expand,"[[B, n_h, 1, d_head]]",,,"[[B, n_h, 1, d_head]]",[739],7,self_attn,,1,model.layers.7.self_attn,aten.expand.default,[],decode,True
764,self_attn,,view,"[[B, n_h, 1, d_head]]",,,"[[n_h, B, d_head]]",[763],7,self_attn,,1,model.layers.7.self_attn,aten.view.default,[],decode,True
765,self_attn,,expand,"[[B, n_h, d_head, T+1]]",,,"[[B, n_h, d_head, T+1]]",[762],7,self_attn,,1,model.layers.7.self_attn,aten.expand.default,[],decode,True
766,self_attn,,view,"[[B, n_h, d_head, T+1]]",,,"[[n_h, d_head, T+1]]",[765],7,self_attn,,1,model.layers.7.self_attn,aten.view.default,[],decode,True
767,self_attn,,batched_matmul,"[[n_h, B, d_head], [n_h, d_head, T+1]]",,,"[[n_h, B, T+1]]","[764, 766]",7,self_attn,,1,model.layers.7.self_attn,aten.bmm.default,[],decode,False
768,self_attn,,_unsafe_view,"[[n_h, B, T+1]]",,,"[[B, n_h, 1, T+1]]",[767],7,self_attn,,1,model.layers.7.self_attn,aten._unsafe_view.default,[],decode,True
769,self_attn,,elementwise_mul,"[[B, n_h, 1, T+1]]",,,"[[B, n_h, 1, T+1]]",[768],7,self_attn,,1,model.layers.7.self_attn,aten.mul.Tensor,[],decode,False
770,self_attn,,elementwise_add,"[[B, n_h, 1, T+1], [B, 1, 1, T+1]]",,,"[[B, n_h, 1, T+1]]","[22, 769]",7,self_attn,,1,model.layers.7.self_attn,aten.add.Tensor,[],decode,False
771,self_attn,,_to_copy,"[[B, n_h, 1, T+1]]",,,"[[B, n_h, 1, T+1]]",[770],7,self_attn,,1,model.layers.7.self_attn,aten._to_copy.default,[],decode,True
772,self_attn,,softmax,"[[B, n_h, 1, T+1]]",,,"[[B, n_h, 1, T+1]]",[771],7,self_attn,,1,model.layers.7.self_attn,aten._softmax.default,[],decode,False
773,self_attn,,_to_copy,"[[B, n_h, 1, T+1]]",,,"[[B, n_h, 1, T+1]]",[772],7,self_attn,,1,model.layers.7.self_attn,aten._to_copy.default,[],decode,True
774,self_attn,,expand,"[[B, n_h, 1, T+1]]",,,"[[B, n_h, 1, T+1]]",[773],7,self_attn,,1,model.layers.7.self_attn,aten.expand.default,[],decode,True
775,self_attn,,view,"[[B, n_h, 1, T+1]]",,,"[[n_h, B, T+1]]",[774],7,self_attn,,1,model.layers.7.self_attn,aten.view.default,[],decode,True
776,self_attn,,expand,"[[B, n_h, T+1, d_head]]",,,"[[B, n_h, T+1, d_head]]",[761],7,self_attn,,1,model.layers.7.self_attn,aten.expand.default,[],decode,True
777,self_attn,,view,"[[B, n_h, T+1, d_head]]",,,"[[n_h, T+1, d_head]]",[776],7,self_attn,,1,model.layers.7.self_attn,aten.view.default,[],decode,True
778,self_attn,,batched_matmul,"[[n_h, B, T+1], [n_h, T+1, d_head]]",,,"[[n_h, B, d_head]]","[775, 777]",7,self_attn,,1,model.layers.7.self_attn,aten.bmm.default,[],decode,False
779,self_attn,,_unsafe_view,"[[n_h, B, d_head]]",,,"[[B, n_h, 1, d_head]]",[778],7,self_attn,,1,model.layers.7.self_attn,aten._unsafe_view.default,[],decode,True
780,self_attn,,transpose,"[[B, n_h, 1, d_head]]",,,"[[B, 1, n_h, d_head]]",[779],7,self_attn,,1,model.layers.7.self_attn,aten.transpose.int,[],decode,True
781,self_attn,,view,"[[B, 1, n_h, d_head]]",,,"[[B, 1, n_h*d_head]]",[780],7,self_attn,,1,model.layers.7.self_attn,aten.view.default,[],decode,True
782,self_attn,o_proj,t,"[[d_model, n_h*d_head]]","[d_model, n_h*d_head]",0,"[[n_h*d_head, d_model]]",[],7,self_attn,o_proj,2,model.layers.7.self_attn.o_proj,aten.t.default,[model.layers.7.self_attn.o_proj.weight],decode,True
783,self_attn,o_proj,view,"[[B, 1, n_h*d_head]]",,,"[[B, n_h*d_head]]",[781],7,self_attn,o_proj,2,model.layers.7.self_attn.o_proj,aten.view.default,[],decode,True
784,self_attn,o_proj,matmul,"[[B, n_h*d_head], [n_h*d_head, d_model]]","[d_model, n_h*d_head]",1,"[[B, d_model]]","[782, 783]",7,self_attn,o_proj,2,model.layers.7.self_attn.o_proj,aten.mm.default,[model.layers.7.self_attn.o_proj.weight],decode,False
785,self_attn,o_proj,_unsafe_view,"[[B, d_model]]",,,"[[B, 1, d_model]]",[784],7,self_attn,o_proj,2,model.layers.7.self_attn.o_proj,aten._unsafe_view.default,[],decode,True
786,,,elementwise_add,"[[B, 1, d_model], [B, 1, d_model]]",,,"[[B, 1, d_model]]","[725, 785]",7,,,0,model.layers.7,aten.add.Tensor,[],decode,False
787,post_attention_layernorm,,_to_copy,"[[B, 1, d_model]]",,,"[[B, 1, d_model]]",[786],7,post_attention_layernorm,,1,model.layers.7.post_attention_layernorm,aten._to_copy.default,[],decode,True
788,post_attention_layernorm,,pow,"[[B, 1, d_model]]",,,"[[B, 1, d_model]]",[787],7,post_attention_layernorm,,1,model.layers.7.post_attention_layernorm,aten.pow.Tensor_Scalar,[],decode,False
789,post_attention_layernorm,,mean,"[[B, 1, d_model]]",,,"[[B, 1, 1]]",[788],7,post_attention_layernorm,,1,model.layers.7.post_attention_layernorm,aten.mean.dim,[],decode,False
790,post_attention_layernorm,,elementwise_add,"[[B, 1, 1]]",,,"[[B, 1, 1]]",[789],7,post_attention_layernorm,,1,model.layers.7.post_attention_layernorm,aten.add.Tensor,[],decode,False
791,post_attention_layernorm,,rsqrt,"[[B, 1, 1]]",,,"[[B, 1, 1]]",[790],7,post_attention_layernorm,,1,model.layers.7.post_attention_layernorm,aten.rsqrt.default,[],decode,False
792,post_attention_layernorm,,elementwise_mul,"[[B, 1, d_model], [B, 1, 1]]",,,"[[B, 1, d_model]]","[787, 791]",7,post_attention_layernorm,,1,model.layers.7.post_attention_layernorm,aten.mul.Tensor,[],decode,False
793,post_attention_layernorm,,_to_copy,"[[B, 1, d_model]]",,,"[[B, 1, d_model]]",[792],7,post_attention_layernorm,,1,model.layers.7.post_attention_layernorm,aten._to_copy.default,[],decode,True
794,post_attention_layernorm,,elementwise_mul,"[[d_model], [B, 1, d_model]]",,,"[[B, 1, d_model]]",[793],7,post_attention_layernorm,,1,model.layers.7.post_attention_layernorm,aten.mul.Tensor,[model.layers.7.post_attention_layernorm.weight],decode,False
795,mlp,gate_proj,t,"[[d_ff, d_model]]","[d_ff, d_model]",0,"[[d_model, d_ff]]",[],7,mlp,gate_proj,2,model.layers.7.mlp.gate_proj,aten.t.default,[model.layers.7.mlp.gate_proj.weight],decode,True
796,mlp,gate_proj,view,"[[B, 1, d_model]]",,,"[[B, d_model]]",[794],7,mlp,gate_proj,2,model.layers.7.mlp.gate_proj,aten.view.default,[],decode,True
797,mlp,gate_proj,matmul,"[[B, d_model], [d_model, d_ff]]","[d_ff, d_model]",1,"[[B, d_ff]]","[795, 796]",7,mlp,gate_proj,2,model.layers.7.mlp.gate_proj,aten.mm.default,[model.layers.7.mlp.gate_proj.weight],decode,False
798,mlp,gate_proj,_unsafe_view,"[[B, d_ff]]",,,"[[B, 1, d_ff]]",[797],7,mlp,gate_proj,2,model.layers.7.mlp.gate_proj,aten._unsafe_view.default,[],decode,True
799,mlp,act_fn,silu,"[[B, 1, d_ff]]",,,"[[B, 1, d_ff]]",[798],7,mlp,act_fn,2,model.layers.7.mlp.act_fn,aten.silu.default,[],decode,False
800,mlp,up_proj,t,"[[d_ff, d_model]]","[d_ff, d_model]",0,"[[d_model, d_ff]]",[],7,mlp,up_proj,2,model.layers.7.mlp.up_proj,aten.t.default,[model.layers.7.mlp.up_proj.weight],decode,True
801,mlp,up_proj,view,"[[B, 1, d_model]]",,,"[[B, d_model]]",[794],7,mlp,up_proj,2,model.layers.7.mlp.up_proj,aten.view.default,[],decode,True
802,mlp,up_proj,matmul,"[[B, d_model], [d_model, d_ff]]","[d_ff, d_model]",1,"[[B, d_ff]]","[800, 801]",7,mlp,up_proj,2,model.layers.7.mlp.up_proj,aten.mm.default,[model.layers.7.mlp.up_proj.weight],decode,False
803,mlp,up_proj,_unsafe_view,"[[B, d_ff]]",,,"[[B, 1, d_ff]]",[802],7,mlp,up_proj,2,model.layers.7.mlp.up_proj,aten._unsafe_view.default,[],decode,True
804,mlp,,elementwise_mul,"[[B, 1, d_ff], [B, 1, d_ff]]",,,"[[B, 1, d_ff]]","[799, 803]",7,mlp,,1,model.layers.7.mlp,aten.mul.Tensor,[],decode,False
805,mlp,down_proj,t,"[[d_model, d_ff]]","[d_model, d_ff]",0,"[[d_ff, d_model]]",[],7,mlp,down_proj,2,model.layers.7.mlp.down_proj,aten.t.default,[model.layers.7.mlp.down_proj.weight],decode,True
806,mlp,down_proj,view,"[[B, 1, d_ff]]",,,"[[B, d_ff]]",[804],7,mlp,down_proj,2,model.layers.7.mlp.down_proj,aten.view.default,[],decode,True
807,mlp,down_proj,matmul,"[[B, d_ff], [d_ff, d_model]]","[d_model, d_ff]",1,"[[B, d_model]]","[805, 806]",7,mlp,down_proj,2,model.layers.7.mlp.down_proj,aten.mm.default,[model.layers.7.mlp.down_proj.weight],decode,False
808,mlp,down_proj,_unsafe_view,"[[B, d_model]]",,,"[[B, 1, d_model]]",[807],7,mlp,down_proj,2,model.layers.7.mlp.down_proj,aten._unsafe_view.default,[],decode,True
809,,,elementwise_add,"[[B, 1, d_model], [B, 1, d_model]]",,,"[[B, 1, d_model]]","[786, 808]",7,,,0,model.layers.7,aten.add.Tensor,[],decode,False
810,input_layernorm,,_to_copy,"[[B, 1, d_model]]",,,"[[B, 1, d_model]]",[809],8,input_layernorm,,1,model.layers.8.input_layernorm,aten._to_copy.default,[],decode,True
811,input_layernorm,,pow,"[[B, 1, d_model]]",,,"[[B, 1, d_model]]",[810],8,input_layernorm,,1,model.layers.8.input_layernorm,aten.pow.Tensor_Scalar,[],decode,False
812,input_layernorm,,mean,"[[B, 1, d_model]]",,,"[[B, 1, 1]]",[811],8,input_layernorm,,1,model.layers.8.input_layernorm,aten.mean.dim,[],decode,False
813,input_layernorm,,elementwise_add,"[[B, 1, 1]]",,,"[[B, 1, 1]]",[812],8,input_layernorm,,1,model.layers.8.input_layernorm,aten.add.Tensor,[],decode,False
814,input_layernorm,,rsqrt,"[[B, 1, 1]]",,,"[[B, 1, 1]]",[813],8,input_layernorm,,1,model.layers.8.input_layernorm,aten.rsqrt.default,[],decode,False
815,input_layernorm,,elementwise_mul,"[[B, 1, d_model], [B, 1, 1]]",,,"[[B, 1, d_model]]","[810, 814]",8,input_layernorm,,1,model.layers.8.input_layernorm,aten.mul.Tensor,[],decode,False
816,input_layernorm,,_to_copy,"[[B, 1, d_model]]",,,"[[B, 1, d_model]]",[815],8,input_layernorm,,1,model.layers.8.input_layernorm,aten._to_copy.default,[],decode,True
817,input_layernorm,,elementwise_mul,"[[d_model], [B, 1, d_model]]",,,"[[B, 1, d_model]]",[816],8,input_layernorm,,1,model.layers.8.input_layernorm,aten.mul.Tensor,[model.layers.8.input_layernorm.weight],decode,False
818,self_attn,q_proj,t,"[[n_h*d_head, d_model]]","[n_h*d_head, d_model]",0,"[[d_model, n_h*d_head]]",[],8,self_attn,q_proj,2,model.layers.8.self_attn.q_proj,aten.t.default,[model.layers.8.self_attn.q_proj.weight],decode,True
819,self_attn,q_proj,view,"[[B, 1, d_model]]",,,"[[B, d_model]]",[817],8,self_attn,q_proj,2,model.layers.8.self_attn.q_proj,aten.view.default,[],decode,True
820,self_attn,q_proj,matmul,"[[B, d_model], [d_model, n_h*d_head]]","[n_h*d_head, d_model]",1,"[[B, n_h*d_head]]","[818, 819]",8,self_attn,q_proj,2,model.layers.8.self_attn.q_proj,aten.mm.default,[model.layers.8.self_attn.q_proj.weight],decode,False
821,self_attn,q_proj,_unsafe_view,"[[B, n_h*d_head]]",,,"[[B, 1, n_h*d_head]]",[820],8,self_attn,q_proj,2,model.layers.8.self_attn.q_proj,aten._unsafe_view.default,[],decode,True
822,self_attn,,view,"[[B, 1, n_h*d_head]]",,,"[[B, 1, n_h, d_head]]",[821],8,self_attn,,1,model.layers.8.self_attn,aten.view.default,[],decode,True
823,self_attn,,transpose,"[[B, 1, n_h, d_head]]",,,"[[B, n_h, 1, d_head]]",[822],8,self_attn,,1,model.layers.8.self_attn,aten.transpose.int,[],decode,True
824,self_attn,k_proj,t,"[[n_kv*d_head, d_model]]","[n_kv*d_head, d_model]",0,"[[d_model, n_kv*d_head]]",[],8,self_attn,k_proj,2,model.layers.8.self_attn.k_proj,aten.t.default,[model.layers.8.self_attn.k_proj.weight],decode,True
825,self_attn,k_proj,view,"[[B, 1, d_model]]",,,"[[B, d_model]]",[817],8,self_attn,k_proj,2,model.layers.8.self_attn.k_proj,aten.view.default,[],decode,True
826,self_attn,k_proj,matmul,"[[B, d_model], [d_model, n_kv*d_head]]","[n_kv*d_head, d_model]",1,"[[B, n_kv*d_head]]","[824, 825]",8,self_attn,k_proj,2,model.layers.8.self_attn.k_proj,aten.mm.default,[model.layers.8.self_attn.k_proj.weight],decode,False
827,self_attn,k_proj,_unsafe_view,"[[B, n_kv*d_head]]",,,"[[B, 1, n_kv*d_head]]",[826],8,self_attn,k_proj,2,model.layers.8.self_attn.k_proj,aten._unsafe_view.default,[],decode,True
828,self_attn,,view,"[[B, 1, n_kv*d_head]]",,,"[[B, 1, n_kv, d_head]]",[827],8,self_attn,,1,model.layers.8.self_attn,aten.view.default,[],decode,True
829,self_attn,,transpose,"[[B, 1, n_kv, d_head]]",,,"[[B, n_kv, 1, d_head]]",[828],8,self_attn,,1,model.layers.8.self_attn,aten.transpose.int,[],decode,True
830,self_attn,v_proj,t,"[[n_kv*d_head, d_model]]","[n_kv*d_head, d_model]",0,"[[d_model, n_kv*d_head]]",[],8,self_attn,v_proj,2,model.layers.8.self_attn.v_proj,aten.t.default,[model.layers.8.self_attn.v_proj.weight],decode,True
831,self_attn,v_proj,view,"[[B, 1, d_model]]",,,"[[B, d_model]]",[817],8,self_attn,v_proj,2,model.layers.8.self_attn.v_proj,aten.view.default,[],decode,True
832,self_attn,v_proj,matmul,"[[B, d_model], [d_model, n_kv*d_head]]","[n_kv*d_head, d_model]",1,"[[B, n_kv*d_head]]","[830, 831]",8,self_attn,v_proj,2,model.layers.8.self_attn.v_proj,aten.mm.default,[model.layers.8.self_attn.v_proj.weight],decode,False
833,self_attn,v_proj,_unsafe_view,"[[B, n_kv*d_head]]",,,"[[B, 1, n_kv*d_head]]",[832],8,self_attn,v_proj,2,model.layers.8.self_attn.v_proj,aten._unsafe_view.default,[],decode,True
834,self_attn,,view,"[[B, 1, n_kv*d_head]]",,,"[[B, 1, n_kv, d_head]]",[833],8,self_attn,,1,model.layers.8.self_attn,aten.view.default,[],decode,True
835,self_attn,,transpose,"[[B, 1, n_kv, d_head]]",,,"[[B, n_kv, 1, d_head]]",[834],8,self_attn,,1,model.layers.8.self_attn,aten.transpose.int,[],decode,True
836,self_attn,,unsqueeze,"[[B, 1, d_head]]",,,"[[B, 1, 1, d_head]]",[40],8,self_attn,,1,model.layers.8.self_attn,aten.unsqueeze.default,[],decode,True
837,self_attn,,unsqueeze,"[[B, 1, d_head]]",,,"[[B, 1, 1, d_head]]",[41],8,self_attn,,1,model.layers.8.self_attn,aten.unsqueeze.default,[],decode,True
838,self_attn,,elementwise_mul,"[[B, n_h, 1, d_head], [B, 1, 1, d_head]]",,,"[[B, n_h, 1, d_head]]","[823, 836]",8,self_attn,,1,model.layers.8.self_attn,aten.mul.Tensor,[],decode,False
839,self_attn,,slice,"[[B, n_h, 1, d_head]]",,,"[[B, n_h, 1, d_head/2]]",[823],8,self_attn,,1,model.layers.8.self_attn,aten.slice.Tensor,[],decode,True
840,self_attn,,slice,"[[B, n_h, 1, d_head]]",,,"[[B, n_h, 1, d_head/2]]",[823],8,self_attn,,1,model.layers.8.self_attn,aten.slice.Tensor,[],decode,True
841,self_attn,,neg,"[[B, n_h, 1, d_head/2]]",,,"[[B, n_h, 1, d_head/2]]",[840],8,self_attn,,1,model.layers.8.self_attn,aten.neg.default,[],decode,False
842,self_attn,,concat,"[[B, n_h, 1, d_head/2], [B, n_h, 1, d_head/2]]",,,"[[B, n_h, 1, d_head]]","[839, 841]",8,self_attn,,1,model.layers.8.self_attn,aten.cat.default,[],decode,False
843,self_attn,,elementwise_mul,"[[B, n_h, 1, d_head], [B, 1, 1, d_head]]",,,"[[B, n_h, 1, d_head]]","[837, 842]",8,self_attn,,1,model.layers.8.self_attn,aten.mul.Tensor,[],decode,False
844,self_attn,,elementwise_add,"[[B, n_h, 1, d_head], [B, n_h, 1, d_head]]",,,"[[B, n_h, 1, d_head]]","[838, 843]",8,self_attn,,1,model.layers.8.self_attn,aten.add.Tensor,[],decode,False
845,self_attn,,elementwise_mul,"[[B, n_kv, 1, d_head], [B, 1, 1, d_head]]",,,"[[B, n_kv, 1, d_head]]","[829, 836]",8,self_attn,,1,model.layers.8.self_attn,aten.mul.Tensor,[],decode,False
846,self_attn,,slice,"[[B, n_kv, 1, d_head]]",,,"[[B, n_kv, 1, d_head/2]]",[829],8,self_attn,,1,model.layers.8.self_attn,aten.slice.Tensor,[],decode,True
847,self_attn,,slice,"[[B, n_kv, 1, d_head]]",,,"[[B, n_kv, 1, d_head/2]]",[829],8,self_attn,,1,model.layers.8.self_attn,aten.slice.Tensor,[],decode,True
848,self_attn,,neg,"[[B, n_kv, 1, d_head/2]]",,,"[[B, n_kv, 1, d_head/2]]",[847],8,self_attn,,1,model.layers.8.self_attn,aten.neg.default,[],decode,False
849,self_attn,,concat,"[[B, n_kv, 1, d_head/2], [B, n_kv, 1, d_head/2]]",,,"[[B, n_kv, 1, d_head]]","[846, 848]",8,self_attn,,1,model.layers.8.self_attn,aten.cat.default,[],decode,False
850,self_attn,,elementwise_mul,"[[B, n_kv, 1, d_head], [B, 1, 1, d_head]]",,,"[[B, n_kv, 1, d_head]]","[837, 849]",8,self_attn,,1,model.layers.8.self_attn,aten.mul.Tensor,[],decode,False
851,self_attn,,elementwise_add,"[[B, n_kv, 1, d_head], [B, n_kv, 1, d_head]]",,,"[[B, n_kv, 1, d_head]]","[845, 850]",8,self_attn,,1,model.layers.8.self_attn,aten.add.Tensor,[],decode,False
852,self_attn,,concat,"[[B, n_kv, T, d_head], [B, n_kv, 1, d_head]]",,,"[[B, n_kv, T+1, d_head]]",[851],8,self_attn,,1,model.layers.8.self_attn,aten.cat.default,[],decode,False
853,self_attn,,concat,"[[B, n_kv, T, d_head], [B, n_kv, 1, d_head]]",,,"[[B, n_kv, T+1, d_head]]",[835],8,self_attn,,1,model.layers.8.self_attn,aten.cat.default,[],decode,False
854,self_attn,,unsqueeze,"[[B, n_kv, T+1, d_head]]",,,"[[B, n_kv, 1, T+1, d_head]]",[852],8,self_attn,,1,model.layers.8.self_attn,aten.unsqueeze.default,[],decode,True
855,self_attn,,expand,"[[B, n_kv, 1, T+1, d_head]]",,,"[[B, n_kv, n_h/n_kv, T+1, d_head]]",[854],8,self_attn,,1,model.layers.8.self_attn,aten.expand.default,[],decode,True
856,self_attn,,clone,"[[B, n_kv, n_h/n_kv, T+1, d_head]]",,,"[[B, n_kv, n_h/n_kv, T+1, d_head]]",[855],8,self_attn,,1,model.layers.8.self_attn,aten.clone.default,[],decode,True
857,self_attn,,_unsafe_view,"[[B, n_kv, n_h/n_kv, T+1, d_head]]",,,"[[B, n_h, T+1, d_head]]",[856],8,self_attn,,1,model.layers.8.self_attn,aten._unsafe_view.default,[],decode,True
858,self_attn,,unsqueeze,"[[B, n_kv, T+1, d_head]]",,,"[[B, n_kv, 1, T+1, d_head]]",[853],8,self_attn,,1,model.layers.8.self_attn,aten.unsqueeze.default,[],decode,True
859,self_attn,,expand,"[[B, n_kv, 1, T+1, d_head]]",,,"[[B, n_kv, n_h/n_kv, T+1, d_head]]",[858],8,self_attn,,1,model.layers.8.self_attn,aten.expand.default,[],decode,True
860,self_attn,,clone,"[[B, n_kv, n_h/n_kv, T+1, d_head]]",,,"[[B, n_kv, n_h/n_kv, T+1, d_head]]",[859],8,self_attn,,1,model.layers.8.self_attn,aten.clone.default,[],decode,True
861,self_attn,,_unsafe_view,"[[B, n_kv, n_h/n_kv, T+1, d_head]]",,,"[[B, n_h, T+1, d_head]]",[860],8,self_attn,,1,model.layers.8.self_attn,aten._unsafe_view.default,[],decode,True
862,self_attn,,transpose,"[[B, n_h, T+1, d_head]]",,,"[[B, n_h, d_head, T+1]]",[857],8,self_attn,,1,model.layers.8.self_attn,aten.transpose.int,[],decode,True
863,self_attn,,expand,"[[B, n_h, 1, d_head]]",,,"[[B, n_h, 1, d_head]]",[844],8,self_attn,,1,model.layers.8.self_attn,aten.expand.default,[],decode,True
864,self_attn,,view,"[[B, n_h, 1, d_head]]",,,"[[n_h, B, d_head]]",[863],8,self_attn,,1,model.layers.8.self_attn,aten.view.default,[],decode,True
865,self_attn,,expand,"[[B, n_h, d_head, T+1]]",,,"[[B, n_h, d_head, T+1]]",[862],8,self_attn,,1,model.layers.8.self_attn,aten.expand.default,[],decode,True
866,self_attn,,view,"[[B, n_h, d_head, T+1]]",,,"[[n_h, d_head, T+1]]",[865],8,self_attn,,1,model.layers.8.self_attn,aten.view.default,[],decode,True
867,self_attn,,batched_matmul,"[[n_h, B, d_head], [n_h, d_head, T+1]]",,,"[[n_h, B, T+1]]","[864, 866]",8,self_attn,,1,model.layers.8.self_attn,aten.bmm.default,[],decode,False
868,self_attn,,_unsafe_view,"[[n_h, B, T+1]]",,,"[[B, n_h, 1, T+1]]",[867],8,self_attn,,1,model.layers.8.self_attn,aten._unsafe_view.default,[],decode,True
869,self_attn,,elementwise_mul,"[[B, n_h, 1, T+1]]",,,"[[B, n_h, 1, T+1]]",[868],8,self_attn,,1,model.layers.8.self_attn,aten.mul.Tensor,[],decode,False
870,self_attn,,elementwise_add,"[[B, n_h, 1, T+1], [B, 1, 1, T+1]]",,,"[[B, n_h, 1, T+1]]","[22, 869]",8,self_attn,,1,model.layers.8.self_attn,aten.add.Tensor,[],decode,False
871,self_attn,,_to_copy,"[[B, n_h, 1, T+1]]",,,"[[B, n_h, 1, T+1]]",[870],8,self_attn,,1,model.layers.8.self_attn,aten._to_copy.default,[],decode,True
872,self_attn,,softmax,"[[B, n_h, 1, T+1]]",,,"[[B, n_h, 1, T+1]]",[871],8,self_attn,,1,model.layers.8.self_attn,aten._softmax.default,[],decode,False
873,self_attn,,_to_copy,"[[B, n_h, 1, T+1]]",,,"[[B, n_h, 1, T+1]]",[872],8,self_attn,,1,model.layers.8.self_attn,aten._to_copy.default,[],decode,True
874,self_attn,,expand,"[[B, n_h, 1, T+1]]",,,"[[B, n_h, 1, T+1]]",[873],8,self_attn,,1,model.layers.8.self_attn,aten.expand.default,[],decode,True
875,self_attn,,view,"[[B, n_h, 1, T+1]]",,,"[[n_h, B, T+1]]",[874],8,self_attn,,1,model.layers.8.self_attn,aten.view.default,[],decode,True
876,self_attn,,expand,"[[B, n_h, T+1, d_head]]",,,"[[B, n_h, T+1, d_head]]",[861],8,self_attn,,1,model.layers.8.self_attn,aten.expand.default,[],decode,True
877,self_attn,,view,"[[B, n_h, T+1, d_head]]",,,"[[n_h, T+1, d_head]]",[876],8,self_attn,,1,model.layers.8.self_attn,aten.view.default,[],decode,True
878,self_attn,,batched_matmul,"[[n_h, B, T+1], [n_h, T+1, d_head]]",,,"[[n_h, B, d_head]]","[875, 877]",8,self_attn,,1,model.layers.8.self_attn,aten.bmm.default,[],decode,False
879,self_attn,,_unsafe_view,"[[n_h, B, d_head]]",,,"[[B, n_h, 1, d_head]]",[878],8,self_attn,,1,model.layers.8.self_attn,aten._unsafe_view.default,[],decode,True
880,self_attn,,transpose,"[[B, n_h, 1, d_head]]",,,"[[B, 1, n_h, d_head]]",[879],8,self_attn,,1,model.layers.8.self_attn,aten.transpose.int,[],decode,True
881,self_attn,,view,"[[B, 1, n_h, d_head]]",,,"[[B, 1, n_h*d_head]]",[880],8,self_attn,,1,model.layers.8.self_attn,aten.view.default,[],decode,True
882,self_attn,o_proj,t,"[[d_model, n_h*d_head]]","[d_model, n_h*d_head]",0,"[[n_h*d_head, d_model]]",[],8,self_attn,o_proj,2,model.layers.8.self_attn.o_proj,aten.t.default,[model.layers.8.self_attn.o_proj.weight],decode,True
883,self_attn,o_proj,view,"[[B, 1, n_h*d_head]]",,,"[[B, n_h*d_head]]",[881],8,self_attn,o_proj,2,model.layers.8.self_attn.o_proj,aten.view.default,[],decode,True
884,self_attn,o_proj,matmul,"[[B, n_h*d_head], [n_h*d_head, d_model]]","[d_model, n_h*d_head]",1,"[[B, d_model]]","[882, 883]",8,self_attn,o_proj,2,model.layers.8.self_attn.o_proj,aten.mm.default,[model.layers.8.self_attn.o_proj.weight],decode,False
885,self_attn,o_proj,_unsafe_view,"[[B, d_model]]",,,"[[B, 1, d_model]]",[884],8,self_attn,o_proj,2,model.layers.8.self_attn.o_proj,aten._unsafe_view.default,[],decode,True
886,,,elementwise_add,"[[B, 1, d_model], [B, 1, d_model]]",,,"[[B, 1, d_model]]","[809, 885]",8,,,0,model.layers.8,aten.add.Tensor,[],decode,False
887,post_attention_layernorm,,_to_copy,"[[B, 1, d_model]]",,,"[[B, 1, d_model]]",[886],8,post_attention_layernorm,,1,model.layers.8.post_attention_layernorm,aten._to_copy.default,[],decode,True
888,post_attention_layernorm,,pow,"[[B, 1, d_model]]",,,"[[B, 1, d_model]]",[887],8,post_attention_layernorm,,1,model.layers.8.post_attention_layernorm,aten.pow.Tensor_Scalar,[],decode,False
889,post_attention_layernorm,,mean,"[[B, 1, d_model]]",,,"[[B, 1, 1]]",[888],8,post_attention_layernorm,,1,model.layers.8.post_attention_layernorm,aten.mean.dim,[],decode,False
890,post_attention_layernorm,,elementwise_add,"[[B, 1, 1]]",,,"[[B, 1, 1]]",[889],8,post_attention_layernorm,,1,model.layers.8.post_attention_layernorm,aten.add.Tensor,[],decode,False
891,post_attention_layernorm,,rsqrt,"[[B, 1, 1]]",,,"[[B, 1, 1]]",[890],8,post_attention_layernorm,,1,model.layers.8.post_attention_layernorm,aten.rsqrt.default,[],decode,False
892,post_attention_layernorm,,elementwise_mul,"[[B, 1, d_model], [B, 1, 1]]",,,"[[B, 1, d_model]]","[887, 891]",8,post_attention_layernorm,,1,model.layers.8.post_attention_layernorm,aten.mul.Tensor,[],decode,False
893,post_attention_layernorm,,_to_copy,"[[B, 1, d_model]]",,,"[[B, 1, d_model]]",[892],8,post_attention_layernorm,,1,model.layers.8.post_attention_layernorm,aten._to_copy.default,[],decode,True
894,post_attention_layernorm,,elementwise_mul,"[[d_model], [B, 1, d_model]]",,,"[[B, 1, d_model]]",[893],8,post_attention_layernorm,,1,model.layers.8.post_attention_layernorm,aten.mul.Tensor,[model.layers.8.post_attention_layernorm.weight],decode,False
895,mlp,gate_proj,t,"[[d_ff, d_model]]","[d_ff, d_model]",0,"[[d_model, d_ff]]",[],8,mlp,gate_proj,2,model.layers.8.mlp.gate_proj,aten.t.default,[model.layers.8.mlp.gate_proj.weight],decode,True
896,mlp,gate_proj,view,"[[B, 1, d_model]]",,,"[[B, d_model]]",[894],8,mlp,gate_proj,2,model.layers.8.mlp.gate_proj,aten.view.default,[],decode,True
897,mlp,gate_proj,matmul,"[[B, d_model], [d_model, d_ff]]","[d_ff, d_model]",1,"[[B, d_ff]]","[895, 896]",8,mlp,gate_proj,2,model.layers.8.mlp.gate_proj,aten.mm.default,[model.layers.8.mlp.gate_proj.weight],decode,False
898,mlp,gate_proj,_unsafe_view,"[[B, d_ff]]",,,"[[B, 1, d_ff]]",[897],8,mlp,gate_proj,2,model.layers.8.mlp.gate_proj,aten._unsafe_view.default,[],decode,True
899,mlp,act_fn,silu,"[[B, 1, d_ff]]",,,"[[B, 1, d_ff]]",[898],8,mlp,act_fn,2,model.layers.8.mlp.act_fn,aten.silu.default,[],decode,False
900,mlp,up_proj,t,"[[d_ff, d_model]]","[d_ff, d_model]",0,"[[d_model, d_ff]]",[],8,mlp,up_proj,2,model.layers.8.mlp.up_proj,aten.t.default,[model.layers.8.mlp.up_proj.weight],decode,True
901,mlp,up_proj,view,"[[B, 1, d_model]]",,,"[[B, d_model]]",[894],8,mlp,up_proj,2,model.layers.8.mlp.up_proj,aten.view.default,[],decode,True
902,mlp,up_proj,matmul,"[[B, d_model], [d_model, d_ff]]","[d_ff, d_model]",1,"[[B, d_ff]]","[900, 901]",8,mlp,up_proj,2,model.layers.8.mlp.up_proj,aten.mm.default,[model.layers.8.mlp.up_proj.weight],decode,False
903,mlp,up_proj,_unsafe_view,"[[B, d_ff]]",,,"[[B, 1, d_ff]]",[902],8,mlp,up_proj,2,model.layers.8.mlp.up_proj,aten._unsafe_view.default,[],decode,True
904,mlp,,elementwise_mul,"[[B, 1, d_ff], [B, 1, d_ff]]",,,"[[B, 1, d_ff]]","[899, 903]",8,mlp,,1,model.layers.8.mlp,aten.mul.Tensor,[],decode,False
905,mlp,down_proj,t,"[[d_model, d_ff]]","[d_model, d_ff]",0,"[[d_ff, d_model]]",[],8,mlp,down_proj,2,model.layers.8.mlp.down_proj,aten.t.default,[model.layers.8.mlp.down_proj.weight],decode,True
906,mlp,down_proj,view,"[[B, 1, d_ff]]",,,"[[B, d_ff]]",[904],8,mlp,down_proj,2,model.layers.8.mlp.down_proj,aten.view.default,[],decode,True
907,mlp,down_proj,matmul,"[[B, d_ff], [d_ff, d_model]]","[d_model, d_ff]",1,"[[B, d_model]]","[905, 906]",8,mlp,down_proj,2,model.layers.8.mlp.down_proj,aten.mm.default,[model.layers.8.mlp.down_proj.weight],decode,False
908,mlp,down_proj,_unsafe_view,"[[B, d_model]]",,,"[[B, 1, d_model]]",[907],8,mlp,down_proj,2,model.layers.8.mlp.down_proj,aten._unsafe_view.default,[],decode,True
909,,,elementwise_add,"[[B, 1, d_model], [B, 1, d_model]]",,,"[[B, 1, d_model]]","[886, 908]",8,,,0,model.layers.8,aten.add.Tensor,[],decode,False
910,input_layernorm,,_to_copy,"[[B, 1, d_model]]",,,"[[B, 1, d_model]]",[909],9,input_layernorm,,1,model.layers.9.input_layernorm,aten._to_copy.default,[],decode,True
911,input_layernorm,,pow,"[[B, 1, d_model]]",,,"[[B, 1, d_model]]",[910],9,input_layernorm,,1,model.layers.9.input_layernorm,aten.pow.Tensor_Scalar,[],decode,False
912,input_layernorm,,mean,"[[B, 1, d_model]]",,,"[[B, 1, 1]]",[911],9,input_layernorm,,1,model.layers.9.input_layernorm,aten.mean.dim,[],decode,False
913,input_layernorm,,elementwise_add,"[[B, 1, 1]]",,,"[[B, 1, 1]]",[912],9,input_layernorm,,1,model.layers.9.input_layernorm,aten.add.Tensor,[],decode,False
914,input_layernorm,,rsqrt,"[[B, 1, 1]]",,,"[[B, 1, 1]]",[913],9,input_layernorm,,1,model.layers.9.input_layernorm,aten.rsqrt.default,[],decode,False
915,input_layernorm,,elementwise_mul,"[[B, 1, d_model], [B, 1, 1]]",,,"[[B, 1, d_model]]","[910, 914]",9,input_layernorm,,1,model.layers.9.input_layernorm,aten.mul.Tensor,[],decode,False
916,input_layernorm,,_to_copy,"[[B, 1, d_model]]",,,"[[B, 1, d_model]]",[915],9,input_layernorm,,1,model.layers.9.input_layernorm,aten._to_copy.default,[],decode,True
917,input_layernorm,,elementwise_mul,"[[d_model], [B, 1, d_model]]",,,"[[B, 1, d_model]]",[916],9,input_layernorm,,1,model.layers.9.input_layernorm,aten.mul.Tensor,[model.layers.9.input_layernorm.weight],decode,False
918,self_attn,q_proj,t,"[[n_h*d_head, d_model]]","[n_h*d_head, d_model]",0,"[[d_model, n_h*d_head]]",[],9,self_attn,q_proj,2,model.layers.9.self_attn.q_proj,aten.t.default,[model.layers.9.self_attn.q_proj.weight],decode,True
919,self_attn,q_proj,view,"[[B, 1, d_model]]",,,"[[B, d_model]]",[917],9,self_attn,q_proj,2,model.layers.9.self_attn.q_proj,aten.view.default,[],decode,True
920,self_attn,q_proj,matmul,"[[B, d_model], [d_model, n_h*d_head]]","[n_h*d_head, d_model]",1,"[[B, n_h*d_head]]","[918, 919]",9,self_attn,q_proj,2,model.layers.9.self_attn.q_proj,aten.mm.default,[model.layers.9.self_attn.q_proj.weight],decode,False
921,self_attn,q_proj,_unsafe_view,"[[B, n_h*d_head]]",,,"[[B, 1, n_h*d_head]]",[920],9,self_attn,q_proj,2,model.layers.9.self_attn.q_proj,aten._unsafe_view.default,[],decode,True
922,self_attn,,view,"[[B, 1, n_h*d_head]]",,,"[[B, 1, n_h, d_head]]",[921],9,self_attn,,1,model.layers.9.self_attn,aten.view.default,[],decode,True
923,self_attn,,transpose,"[[B, 1, n_h, d_head]]",,,"[[B, n_h, 1, d_head]]",[922],9,self_attn,,1,model.layers.9.self_attn,aten.transpose.int,[],decode,True
924,self_attn,k_proj,t,"[[n_kv*d_head, d_model]]","[n_kv*d_head, d_model]",0,"[[d_model, n_kv*d_head]]",[],9,self_attn,k_proj,2,model.layers.9.self_attn.k_proj,aten.t.default,[model.layers.9.self_attn.k_proj.weight],decode,True
925,self_attn,k_proj,view,"[[B, 1, d_model]]",,,"[[B, d_model]]",[917],9,self_attn,k_proj,2,model.layers.9.self_attn.k_proj,aten.view.default,[],decode,True
926,self_attn,k_proj,matmul,"[[B, d_model], [d_model, n_kv*d_head]]","[n_kv*d_head, d_model]",1,"[[B, n_kv*d_head]]","[924, 925]",9,self_attn,k_proj,2,model.layers.9.self_attn.k_proj,aten.mm.default,[model.layers.9.self_attn.k_proj.weight],decode,False
927,self_attn,k_proj,_unsafe_view,"[[B, n_kv*d_head]]",,,"[[B, 1, n_kv*d_head]]",[926],9,self_attn,k_proj,2,model.layers.9.self_attn.k_proj,aten._unsafe_view.default,[],decode,True
928,self_attn,,view,"[[B, 1, n_kv*d_head]]",,,"[[B, 1, n_kv, d_head]]",[927],9,self_attn,,1,model.layers.9.self_attn,aten.view.default,[],decode,True
929,self_attn,,transpose,"[[B, 1, n_kv, d_head]]",,,"[[B, n_kv, 1, d_head]]",[928],9,self_attn,,1,model.layers.9.self_attn,aten.transpose.int,[],decode,True
930,self_attn,v_proj,t,"[[n_kv*d_head, d_model]]","[n_kv*d_head, d_model]",0,"[[d_model, n_kv*d_head]]",[],9,self_attn,v_proj,2,model.layers.9.self_attn.v_proj,aten.t.default,[model.layers.9.self_attn.v_proj.weight],decode,True
931,self_attn,v_proj,view,"[[B, 1, d_model]]",,,"[[B, d_model]]",[917],9,self_attn,v_proj,2,model.layers.9.self_attn.v_proj,aten.view.default,[],decode,True
932,self_attn,v_proj,matmul,"[[B, d_model], [d_model, n_kv*d_head]]","[n_kv*d_head, d_model]",1,"[[B, n_kv*d_head]]","[930, 931]",9,self_attn,v_proj,2,model.layers.9.self_attn.v_proj,aten.mm.default,[model.layers.9.self_attn.v_proj.weight],decode,False
933,self_attn,v_proj,_unsafe_view,"[[B, n_kv*d_head]]",,,"[[B, 1, n_kv*d_head]]",[932],9,self_attn,v_proj,2,model.layers.9.self_attn.v_proj,aten._unsafe_view.default,[],decode,True
934,self_attn,,view,"[[B, 1, n_kv*d_head]]",,,"[[B, 1, n_kv, d_head]]",[933],9,self_attn,,1,model.layers.9.self_attn,aten.view.default,[],decode,True
935,self_attn,,transpose,"[[B, 1, n_kv, d_head]]",,,"[[B, n_kv, 1, d_head]]",[934],9,self_attn,,1,model.layers.9.self_attn,aten.transpose.int,[],decode,True
936,self_attn,,unsqueeze,"[[B, 1, d_head]]",,,"[[B, 1, 1, d_head]]",[40],9,self_attn,,1,model.layers.9.self_attn,aten.unsqueeze.default,[],decode,True
937,self_attn,,unsqueeze,"[[B, 1, d_head]]",,,"[[B, 1, 1, d_head]]",[41],9,self_attn,,1,model.layers.9.self_attn,aten.unsqueeze.default,[],decode,True
938,self_attn,,elementwise_mul,"[[B, n_h, 1, d_head], [B, 1, 1, d_head]]",,,"[[B, n_h, 1, d_head]]","[923, 936]",9,self_attn,,1,model.layers.9.self_attn,aten.mul.Tensor,[],decode,False
939,self_attn,,slice,"[[B, n_h, 1, d_head]]",,,"[[B, n_h, 1, d_head/2]]",[923],9,self_attn,,1,model.layers.9.self_attn,aten.slice.Tensor,[],decode,True
940,self_attn,,slice,"[[B, n_h, 1, d_head]]",,,"[[B, n_h, 1, d_head/2]]",[923],9,self_attn,,1,model.layers.9.self_attn,aten.slice.Tensor,[],decode,True
941,self_attn,,neg,"[[B, n_h, 1, d_head/2]]",,,"[[B, n_h, 1, d_head/2]]",[940],9,self_attn,,1,model.layers.9.self_attn,aten.neg.default,[],decode,False
942,self_attn,,concat,"[[B, n_h, 1, d_head/2], [B, n_h, 1, d_head/2]]",,,"[[B, n_h, 1, d_head]]","[939, 941]",9,self_attn,,1,model.layers.9.self_attn,aten.cat.default,[],decode,False
943,self_attn,,elementwise_mul,"[[B, n_h, 1, d_head], [B, 1, 1, d_head]]",,,"[[B, n_h, 1, d_head]]","[937, 942]",9,self_attn,,1,model.layers.9.self_attn,aten.mul.Tensor,[],decode,False
944,self_attn,,elementwise_add,"[[B, n_h, 1, d_head], [B, n_h, 1, d_head]]",,,"[[B, n_h, 1, d_head]]","[938, 943]",9,self_attn,,1,model.layers.9.self_attn,aten.add.Tensor,[],decode,False
945,self_attn,,elementwise_mul,"[[B, n_kv, 1, d_head], [B, 1, 1, d_head]]",,,"[[B, n_kv, 1, d_head]]","[929, 936]",9,self_attn,,1,model.layers.9.self_attn,aten.mul.Tensor,[],decode,False
946,self_attn,,slice,"[[B, n_kv, 1, d_head]]",,,"[[B, n_kv, 1, d_head/2]]",[929],9,self_attn,,1,model.layers.9.self_attn,aten.slice.Tensor,[],decode,True
947,self_attn,,slice,"[[B, n_kv, 1, d_head]]",,,"[[B, n_kv, 1, d_head/2]]",[929],9,self_attn,,1,model.layers.9.self_attn,aten.slice.Tensor,[],decode,True
948,self_attn,,neg,"[[B, n_kv, 1, d_head/2]]",,,"[[B, n_kv, 1, d_head/2]]",[947],9,self_attn,,1,model.layers.9.self_attn,aten.neg.default,[],decode,False
949,self_attn,,concat,"[[B, n_kv, 1, d_head/2], [B, n_kv, 1, d_head/2]]",,,"[[B, n_kv, 1, d_head]]","[946, 948]",9,self_attn,,1,model.layers.9.self_attn,aten.cat.default,[],decode,False
950,self_attn,,elementwise_mul,"[[B, n_kv, 1, d_head], [B, 1, 1, d_head]]",,,"[[B, n_kv, 1, d_head]]","[937, 949]",9,self_attn,,1,model.layers.9.self_attn,aten.mul.Tensor,[],decode,False
951,self_attn,,elementwise_add,"[[B, n_kv, 1, d_head], [B, n_kv, 1, d_head]]",,,"[[B, n_kv, 1, d_head]]","[945, 950]",9,self_attn,,1,model.layers.9.self_attn,aten.add.Tensor,[],decode,False
952,self_attn,,concat,"[[B, n_kv, T, d_head], [B, n_kv, 1, d_head]]",,,"[[B, n_kv, T+1, d_head]]",[951],9,self_attn,,1,model.layers.9.self_attn,aten.cat.default,[],decode,False
953,self_attn,,concat,"[[B, n_kv, T, d_head], [B, n_kv, 1, d_head]]",,,"[[B, n_kv, T+1, d_head]]",[935],9,self_attn,,1,model.layers.9.self_attn,aten.cat.default,[],decode,False
954,self_attn,,unsqueeze,"[[B, n_kv, T+1, d_head]]",,,"[[B, n_kv, 1, T+1, d_head]]",[952],9,self_attn,,1,model.layers.9.self_attn,aten.unsqueeze.default,[],decode,True
955,self_attn,,expand,"[[B, n_kv, 1, T+1, d_head]]",,,"[[B, n_kv, n_h/n_kv, T+1, d_head]]",[954],9,self_attn,,1,model.layers.9.self_attn,aten.expand.default,[],decode,True
956,self_attn,,clone,"[[B, n_kv, n_h/n_kv, T+1, d_head]]",,,"[[B, n_kv, n_h/n_kv, T+1, d_head]]",[955],9,self_attn,,1,model.layers.9.self_attn,aten.clone.default,[],decode,True
957,self_attn,,_unsafe_view,"[[B, n_kv, n_h/n_kv, T+1, d_head]]",,,"[[B, n_h, T+1, d_head]]",[956],9,self_attn,,1,model.layers.9.self_attn,aten._unsafe_view.default,[],decode,True
958,self_attn,,unsqueeze,"[[B, n_kv, T+1, d_head]]",,,"[[B, n_kv, 1, T+1, d_head]]",[953],9,self_attn,,1,model.layers.9.self_attn,aten.unsqueeze.default,[],decode,True
959,self_attn,,expand,"[[B, n_kv, 1, T+1, d_head]]",,,"[[B, n_kv, n_h/n_kv, T+1, d_head]]",[958],9,self_attn,,1,model.layers.9.self_attn,aten.expand.default,[],decode,True
960,self_attn,,clone,"[[B, n_kv, n_h/n_kv, T+1, d_head]]",,,"[[B, n_kv, n_h/n_kv, T+1, d_head]]",[959],9,self_attn,,1,model.layers.9.self_attn,aten.clone.default,[],decode,True
961,self_attn,,_unsafe_view,"[[B, n_kv, n_h/n_kv, T+1, d_head]]",,,"[[B, n_h, T+1, d_head]]",[960],9,self_attn,,1,model.layers.9.self_attn,aten._unsafe_view.default,[],decode,True
962,self_attn,,transpose,"[[B, n_h, T+1, d_head]]",,,"[[B, n_h, d_head, T+1]]",[957],9,self_attn,,1,model.layers.9.self_attn,aten.transpose.int,[],decode,True
963,self_attn,,expand,"[[B, n_h, 1, d_head]]",,,"[[B, n_h, 1, d_head]]",[944],9,self_attn,,1,model.layers.9.self_attn,aten.expand.default,[],decode,True
964,self_attn,,view,"[[B, n_h, 1, d_head]]",,,"[[n_h, B, d_head]]",[963],9,self_attn,,1,model.layers.9.self_attn,aten.view.default,[],decode,True
965,self_attn,,expand,"[[B, n_h, d_head, T+1]]",,,"[[B, n_h, d_head, T+1]]",[962],9,self_attn,,1,model.layers.9.self_attn,aten.expand.default,[],decode,True
966,self_attn,,view,"[[B, n_h, d_head, T+1]]",,,"[[n_h, d_head, T+1]]",[965],9,self_attn,,1,model.layers.9.self_attn,aten.view.default,[],decode,True
967,self_attn,,batched_matmul,"[[n_h, B, d_head], [n_h, d_head, T+1]]",,,"[[n_h, B, T+1]]","[964, 966]",9,self_attn,,1,model.layers.9.self_attn,aten.bmm.default,[],decode,False
968,self_attn,,_unsafe_view,"[[n_h, B, T+1]]",,,"[[B, n_h, 1, T+1]]",[967],9,self_attn,,1,model.layers.9.self_attn,aten._unsafe_view.default,[],decode,True
969,self_attn,,elementwise_mul,"[[B, n_h, 1, T+1]]",,,"[[B, n_h, 1, T+1]]",[968],9,self_attn,,1,model.layers.9.self_attn,aten.mul.Tensor,[],decode,False
970,self_attn,,elementwise_add,"[[B, n_h, 1, T+1], [B, 1, 1, T+1]]",,,"[[B, n_h, 1, T+1]]","[22, 969]",9,self_attn,,1,model.layers.9.self_attn,aten.add.Tensor,[],decode,False
971,self_attn,,_to_copy,"[[B, n_h, 1, T+1]]",,,"[[B, n_h, 1, T+1]]",[970],9,self_attn,,1,model.layers.9.self_attn,aten._to_copy.default,[],decode,True
972,self_attn,,softmax,"[[B, n_h, 1, T+1]]",,,"[[B, n_h, 1, T+1]]",[971],9,self_attn,,1,model.layers.9.self_attn,aten._softmax.default,[],decode,False
973,self_attn,,_to_copy,"[[B, n_h, 1, T+1]]",,,"[[B, n_h, 1, T+1]]",[972],9,self_attn,,1,model.layers.9.self_attn,aten._to_copy.default,[],decode,True
974,self_attn,,expand,"[[B, n_h, 1, T+1]]",,,"[[B, n_h, 1, T+1]]",[973],9,self_attn,,1,model.layers.9.self_attn,aten.expand.default,[],decode,True
975,self_attn,,view,"[[B, n_h, 1, T+1]]",,,"[[n_h, B, T+1]]",[974],9,self_attn,,1,model.layers.9.self_attn,aten.view.default,[],decode,True
976,self_attn,,expand,"[[B, n_h, T+1, d_head]]",,,"[[B, n_h, T+1, d_head]]",[961],9,self_attn,,1,model.layers.9.self_attn,aten.expand.default,[],decode,True
977,self_attn,,view,"[[B, n_h, T+1, d_head]]",,,"[[n_h, T+1, d_head]]",[976],9,self_attn,,1,model.layers.9.self_attn,aten.view.default,[],decode,True
978,self_attn,,batched_matmul,"[[n_h, B, T+1], [n_h, T+1, d_head]]",,,"[[n_h, B, d_head]]","[975, 977]",9,self_attn,,1,model.layers.9.self_attn,aten.bmm.default,[],decode,False
979,self_attn,,_unsafe_view,"[[n_h, B, d_head]]",,,"[[B, n_h, 1, d_head]]",[978],9,self_attn,,1,model.layers.9.self_attn,aten._unsafe_view.default,[],decode,True
980,self_attn,,transpose,"[[B, n_h, 1, d_head]]",,,"[[B, 1, n_h, d_head]]",[979],9,self_attn,,1,model.layers.9.self_attn,aten.transpose.int,[],decode,True
981,self_attn,,view,"[[B, 1, n_h, d_head]]",,,"[[B, 1, n_h*d_head]]",[980],9,self_attn,,1,model.layers.9.self_attn,aten.view.default,[],decode,True
982,self_attn,o_proj,t,"[[d_model, n_h*d_head]]","[d_model, n_h*d_head]",0,"[[n_h*d_head, d_model]]",[],9,self_attn,o_proj,2,model.layers.9.self_attn.o_proj,aten.t.default,[model.layers.9.self_attn.o_proj.weight],decode,True
983,self_attn,o_proj,view,"[[B, 1, n_h*d_head]]",,,"[[B, n_h*d_head]]",[981],9,self_attn,o_proj,2,model.layers.9.self_attn.o_proj,aten.view.default,[],decode,True
984,self_attn,o_proj,matmul,"[[B, n_h*d_head], [n_h*d_head, d_model]]","[d_model, n_h*d_head]",1,"[[B, d_model]]","[982, 983]",9,self_attn,o_proj,2,model.layers.9.self_attn.o_proj,aten.mm.default,[model.layers.9.self_attn.o_proj.weight],decode,False
985,self_attn,o_proj,_unsafe_view,"[[B, d_model]]",,,"[[B, 1, d_model]]",[984],9,self_attn,o_proj,2,model.layers.9.self_attn.o_proj,aten._unsafe_view.default,[],decode,True
986,,,elementwise_add,"[[B, 1, d_model], [B, 1, d_model]]",,,"[[B, 1, d_model]]","[909, 985]",9,,,0,model.layers.9,aten.add.Tensor,[],decode,False
987,post_attention_layernorm,,_to_copy,"[[B, 1, d_model]]",,,"[[B, 1, d_model]]",[986],9,post_attention_layernorm,,1,model.layers.9.post_attention_layernorm,aten._to_copy.default,[],decode,True
988,post_attention_layernorm,,pow,"[[B, 1, d_model]]",,,"[[B, 1, d_model]]",[987],9,post_attention_layernorm,,1,model.layers.9.post_attention_layernorm,aten.pow.Tensor_Scalar,[],decode,False
989,post_attention_layernorm,,mean,"[[B, 1, d_model]]",,,"[[B, 1, 1]]",[988],9,post_attention_layernorm,,1,model.layers.9.post_attention_layernorm,aten.mean.dim,[],decode,False
990,post_attention_layernorm,,elementwise_add,"[[B, 1, 1]]",,,"[[B, 1, 1]]",[989],9,post_attention_layernorm,,1,model.layers.9.post_attention_layernorm,aten.add.Tensor,[],decode,False
991,post_attention_layernorm,,rsqrt,"[[B, 1, 1]]",,,"[[B, 1, 1]]",[990],9,post_attention_layernorm,,1,model.layers.9.post_attention_layernorm,aten.rsqrt.default,[],decode,False
992,post_attention_layernorm,,elementwise_mul,"[[B, 1, d_model], [B, 1, 1]]",,,"[[B, 1, d_model]]","[987, 991]",9,post_attention_layernorm,,1,model.layers.9.post_attention_layernorm,aten.mul.Tensor,[],decode,False
993,post_attention_layernorm,,_to_copy,"[[B, 1, d_model]]",,,"[[B, 1, d_model]]",[992],9,post_attention_layernorm,,1,model.layers.9.post_attention_layernorm,aten._to_copy.default,[],decode,True
994,post_attention_layernorm,,elementwise_mul,"[[d_model], [B, 1, d_model]]",,,"[[B, 1, d_model]]",[993],9,post_attention_layernorm,,1,model.layers.9.post_attention_layernorm,aten.mul.Tensor,[model.layers.9.post_attention_layernorm.weight],decode,False
995,mlp,gate_proj,t,"[[d_ff, d_model]]","[d_ff, d_model]",0,"[[d_model, d_ff]]",[],9,mlp,gate_proj,2,model.layers.9.mlp.gate_proj,aten.t.default,[model.layers.9.mlp.gate_proj.weight],decode,True
996,mlp,gate_proj,view,"[[B, 1, d_model]]",,,"[[B, d_model]]",[994],9,mlp,gate_proj,2,model.layers.9.mlp.gate_proj,aten.view.default,[],decode,True
997,mlp,gate_proj,matmul,"[[B, d_model], [d_model, d_ff]]","[d_ff, d_model]",1,"[[B, d_ff]]","[995, 996]",9,mlp,gate_proj,2,model.layers.9.mlp.gate_proj,aten.mm.default,[model.layers.9.mlp.gate_proj.weight],decode,False
998,mlp,gate_proj,_unsafe_view,"[[B, d_ff]]",,,"[[B, 1, d_ff]]",[997],9,mlp,gate_proj,2,model.layers.9.mlp.gate_proj,aten._unsafe_view.default,[],decode,True
999,mlp,act_fn,silu,"[[B, 1, d_ff]]",,,"[[B, 1, d_ff]]",[998],9,mlp,act_fn,2,model.layers.9.mlp.act_fn,aten.silu.default,[],decode,False
1000,mlp,up_proj,t,"[[d_ff, d_model]]","[d_ff, d_model]",0,"[[d_model, d_ff]]",[],9,mlp,up_proj,2,model.layers.9.mlp.up_proj,aten.t.default,[model.layers.9.mlp.up_proj.weight],decode,True
1001,mlp,up_proj,view,"[[B, 1, d_model]]",,,"[[B, d_model]]",[994],9,mlp,up_proj,2,model.layers.9.mlp.up_proj,aten.view.default,[],decode,True
1002,mlp,up_proj,matmul,"[[B, d_model], [d_model, d_ff]]","[d_ff, d_model]",1,"[[B, d_ff]]","[1000, 1001]",9,mlp,up_proj,2,model.layers.9.mlp.up_proj,aten.mm.default,[model.layers.9.mlp.up_proj.weight],decode,False
1003,mlp,up_proj,_unsafe_view,"[[B, d_ff]]",,,"[[B, 1, d_ff]]",[1002],9,mlp,up_proj,2,model.layers.9.mlp.up_proj,aten._unsafe_view.default,[],decode,True
1004,mlp,,elementwise_mul,"[[B, 1, d_ff], [B, 1, d_ff]]",,,"[[B, 1, d_ff]]","[999, 1003]",9,mlp,,1,model.layers.9.mlp,aten.mul.Tensor,[],decode,False
1005,mlp,down_proj,t,"[[d_model, d_ff]]","[d_model, d_ff]",0,"[[d_ff, d_model]]",[],9,mlp,down_proj,2,model.layers.9.mlp.down_proj,aten.t.default,[model.layers.9.mlp.down_proj.weight],decode,True
1006,mlp,down_proj,view,"[[B, 1, d_ff]]",,,"[[B, d_ff]]",[1004],9,mlp,down_proj,2,model.layers.9.mlp.down_proj,aten.view.default,[],decode,True
1007,mlp,down_proj,matmul,"[[B, d_ff], [d_ff, d_model]]","[d_model, d_ff]",1,"[[B, d_model]]","[1005, 1006]",9,mlp,down_proj,2,model.layers.9.mlp.down_proj,aten.mm.default,[model.layers.9.mlp.down_proj.weight],decode,False
1008,mlp,down_proj,_unsafe_view,"[[B, d_model]]",,,"[[B, 1, d_model]]",[1007],9,mlp,down_proj,2,model.layers.9.mlp.down_proj,aten._unsafe_view.default,[],decode,True
1009,,,elementwise_add,"[[B, 1, d_model], [B, 1, d_model]]",,,"[[B, 1, d_model]]","[986, 1008]",9,,,0,model.layers.9,aten.add.Tensor,[],decode,False
1010,input_layernorm,,_to_copy,"[[B, 1, d_model]]",,,"[[B, 1, d_model]]",[1009],10,input_layernorm,,1,model.layers.10.input_layernorm,aten._to_copy.default,[],decode,True
1011,input_layernorm,,pow,"[[B, 1, d_model]]",,,"[[B, 1, d_model]]",[1010],10,input_layernorm,,1,model.layers.10.input_layernorm,aten.pow.Tensor_Scalar,[],decode,False
1012,input_layernorm,,mean,"[[B, 1, d_model]]",,,"[[B, 1, 1]]",[1011],10,input_layernorm,,1,model.layers.10.input_layernorm,aten.mean.dim,[],decode,False
1013,input_layernorm,,elementwise_add,"[[B, 1, 1]]",,,"[[B, 1, 1]]",[1012],10,input_layernorm,,1,model.layers.10.input_layernorm,aten.add.Tensor,[],decode,False
1014,input_layernorm,,rsqrt,"[[B, 1, 1]]",,,"[[B, 1, 1]]",[1013],10,input_layernorm,,1,model.layers.10.input_layernorm,aten.rsqrt.default,[],decode,False
1015,input_layernorm,,elementwise_mul,"[[B, 1, d_model], [B, 1, 1]]",,,"[[B, 1, d_model]]","[1010, 1014]",10,input_layernorm,,1,model.layers.10.input_layernorm,aten.mul.Tensor,[],decode,False
1016,input_layernorm,,_to_copy,"[[B, 1, d_model]]",,,"[[B, 1, d_model]]",[1015],10,input_layernorm,,1,model.layers.10.input_layernorm,aten._to_copy.default,[],decode,True
1017,input_layernorm,,elementwise_mul,"[[d_model], [B, 1, d_model]]",,,"[[B, 1, d_model]]",[1016],10,input_layernorm,,1,model.layers.10.input_layernorm,aten.mul.Tensor,[model.layers.10.input_layernorm.weight],decode,False
1018,self_attn,q_proj,t,"[[n_h*d_head, d_model]]","[n_h*d_head, d_model]",0,"[[d_model, n_h*d_head]]",[],10,self_attn,q_proj,2,model.layers.10.self_attn.q_proj,aten.t.default,[model.layers.10.self_attn.q_proj.weight],decode,True
1019,self_attn,q_proj,view,"[[B, 1, d_model]]",,,"[[B, d_model]]",[1017],10,self_attn,q_proj,2,model.layers.10.self_attn.q_proj,aten.view.default,[],decode,True
1020,self_attn,q_proj,matmul,"[[B, d_model], [d_model, n_h*d_head]]","[n_h*d_head, d_model]",1,"[[B, n_h*d_head]]","[1018, 1019]",10,self_attn,q_proj,2,model.layers.10.self_attn.q_proj,aten.mm.default,[model.layers.10.self_attn.q_proj.weight],decode,False
1021,self_attn,q_proj,_unsafe_view,"[[B, n_h*d_head]]",,,"[[B, 1, n_h*d_head]]",[1020],10,self_attn,q_proj,2,model.layers.10.self_attn.q_proj,aten._unsafe_view.default,[],decode,True
1022,self_attn,,view,"[[B, 1, n_h*d_head]]",,,"[[B, 1, n_h, d_head]]",[1021],10,self_attn,,1,model.layers.10.self_attn,aten.view.default,[],decode,True
1023,self_attn,,transpose,"[[B, 1, n_h, d_head]]",,,"[[B, n_h, 1, d_head]]",[1022],10,self_attn,,1,model.layers.10.self_attn,aten.transpose.int,[],decode,True
1024,self_attn,k_proj,t,"[[n_kv*d_head, d_model]]","[n_kv*d_head, d_model]",0,"[[d_model, n_kv*d_head]]",[],10,self_attn,k_proj,2,model.layers.10.self_attn.k_proj,aten.t.default,[model.layers.10.self_attn.k_proj.weight],decode,True
1025,self_attn,k_proj,view,"[[B, 1, d_model]]",,,"[[B, d_model]]",[1017],10,self_attn,k_proj,2,model.layers.10.self_attn.k_proj,aten.view.default,[],decode,True
1026,self_attn,k_proj,matmul,"[[B, d_model], [d_model, n_kv*d_head]]","[n_kv*d_head, d_model]",1,"[[B, n_kv*d_head]]","[1024, 1025]",10,self_attn,k_proj,2,model.layers.10.self_attn.k_proj,aten.mm.default,[model.layers.10.self_attn.k_proj.weight],decode,False
1027,self_attn,k_proj,_unsafe_view,"[[B, n_kv*d_head]]",,,"[[B, 1, n_kv*d_head]]",[1026],10,self_attn,k_proj,2,model.layers.10.self_attn.k_proj,aten._unsafe_view.default,[],decode,True
1028,self_attn,,view,"[[B, 1, n_kv*d_head]]",,,"[[B, 1, n_kv, d_head]]",[1027],10,self_attn,,1,model.layers.10.self_attn,aten.view.default,[],decode,True
1029,self_attn,,transpose,"[[B, 1, n_kv, d_head]]",,,"[[B, n_kv, 1, d_head]]",[1028],10,self_attn,,1,model.layers.10.self_attn,aten.transpose.int,[],decode,True
1030,self_attn,v_proj,t,"[[n_kv*d_head, d_model]]","[n_kv*d_head, d_model]",0,"[[d_model, n_kv*d_head]]",[],10,self_attn,v_proj,2,model.layers.10.self_attn.v_proj,aten.t.default,[model.layers.10.self_attn.v_proj.weight],decode,True
1031,self_attn,v_proj,view,"[[B, 1, d_model]]",,,"[[B, d_model]]",[1017],10,self_attn,v_proj,2,model.layers.10.self_attn.v_proj,aten.view.default,[],decode,True
1032,self_attn,v_proj,matmul,"[[B, d_model], [d_model, n_kv*d_head]]","[n_kv*d_head, d_model]",1,"[[B, n_kv*d_head]]","[1030, 1031]",10,self_attn,v_proj,2,model.layers.10.self_attn.v_proj,aten.mm.default,[model.layers.10.self_attn.v_proj.weight],decode,False
1033,self_attn,v_proj,_unsafe_view,"[[B, n_kv*d_head]]",,,"[[B, 1, n_kv*d_head]]",[1032],10,self_attn,v_proj,2,model.layers.10.self_attn.v_proj,aten._unsafe_view.default,[],decode,True
1034,self_attn,,view,"[[B, 1, n_kv*d_head]]",,,"[[B, 1, n_kv, d_head]]",[1033],10,self_attn,,1,model.layers.10.self_attn,aten.view.default,[],decode,True
1035,self_attn,,transpose,"[[B, 1, n_kv, d_head]]",,,"[[B, n_kv, 1, d_head]]",[1034],10,self_attn,,1,model.layers.10.self_attn,aten.transpose.int,[],decode,True
1036,self_attn,,unsqueeze,"[[B, 1, d_head]]",,,"[[B, 1, 1, d_head]]",[40],10,self_attn,,1,model.layers.10.self_attn,aten.unsqueeze.default,[],decode,True
1037,self_attn,,unsqueeze,"[[B, 1, d_head]]",,,"[[B, 1, 1, d_head]]",[41],10,self_attn,,1,model.layers.10.self_attn,aten.unsqueeze.default,[],decode,True
1038,self_attn,,elementwise_mul,"[[B, n_h, 1, d_head], [B, 1, 1, d_head]]",,,"[[B, n_h, 1, d_head]]","[1023, 1036]",10,self_attn,,1,model.layers.10.self_attn,aten.mul.Tensor,[],decode,False
1039,self_attn,,slice,"[[B, n_h, 1, d_head]]",,,"[[B, n_h, 1, d_head/2]]",[1023],10,self_attn,,1,model.layers.10.self_attn,aten.slice.Tensor,[],decode,True
1040,self_attn,,slice,"[[B, n_h, 1, d_head]]",,,"[[B, n_h, 1, d_head/2]]",[1023],10,self_attn,,1,model.layers.10.self_attn,aten.slice.Tensor,[],decode,True
1041,self_attn,,neg,"[[B, n_h, 1, d_head/2]]",,,"[[B, n_h, 1, d_head/2]]",[1040],10,self_attn,,1,model.layers.10.self_attn,aten.neg.default,[],decode,False
1042,self_attn,,concat,"[[B, n_h, 1, d_head/2], [B, n_h, 1, d_head/2]]",,,"[[B, n_h, 1, d_head]]","[1039, 1041]",10,self_attn,,1,model.layers.10.self_attn,aten.cat.default,[],decode,False
1043,self_attn,,elementwise_mul,"[[B, n_h, 1, d_head], [B, 1, 1, d_head]]",,,"[[B, n_h, 1, d_head]]","[1037, 1042]",10,self_attn,,1,model.layers.10.self_attn,aten.mul.Tensor,[],decode,False
1044,self_attn,,elementwise_add,"[[B, n_h, 1, d_head], [B, n_h, 1, d_head]]",,,"[[B, n_h, 1, d_head]]","[1038, 1043]",10,self_attn,,1,model.layers.10.self_attn,aten.add.Tensor,[],decode,False
1045,self_attn,,elementwise_mul,"[[B, n_kv, 1, d_head], [B, 1, 1, d_head]]",,,"[[B, n_kv, 1, d_head]]","[1029, 1036]",10,self_attn,,1,model.layers.10.self_attn,aten.mul.Tensor,[],decode,False
1046,self_attn,,slice,"[[B, n_kv, 1, d_head]]",,,"[[B, n_kv, 1, d_head/2]]",[1029],10,self_attn,,1,model.layers.10.self_attn,aten.slice.Tensor,[],decode,True
1047,self_attn,,slice,"[[B, n_kv, 1, d_head]]",,,"[[B, n_kv, 1, d_head/2]]",[1029],10,self_attn,,1,model.layers.10.self_attn,aten.slice.Tensor,[],decode,True
1048,self_attn,,neg,"[[B, n_kv, 1, d_head/2]]",,,"[[B, n_kv, 1, d_head/2]]",[1047],10,self_attn,,1,model.layers.10.self_attn,aten.neg.default,[],decode,False
1049,self_attn,,concat,"[[B, n_kv, 1, d_head/2], [B, n_kv, 1, d_head/2]]",,,"[[B, n_kv, 1, d_head]]","[1046, 1048]",10,self_attn,,1,model.layers.10.self_attn,aten.cat.default,[],decode,False
1050,self_attn,,elementwise_mul,"[[B, n_kv, 1, d_head], [B, 1, 1, d_head]]",,,"[[B, n_kv, 1, d_head]]","[1037, 1049]",10,self_attn,,1,model.layers.10.self_attn,aten.mul.Tensor,[],decode,False
1051,self_attn,,elementwise_add,"[[B, n_kv, 1, d_head], [B, n_kv, 1, d_head]]",,,"[[B, n_kv, 1, d_head]]","[1045, 1050]",10,self_attn,,1,model.layers.10.self_attn,aten.add.Tensor,[],decode,False
1052,self_attn,,concat,"[[B, n_kv, T, d_head], [B, n_kv, 1, d_head]]",,,"[[B, n_kv, T+1, d_head]]",[1051],10,self_attn,,1,model.layers.10.self_attn,aten.cat.default,[],decode,False
1053,self_attn,,concat,"[[B, n_kv, T, d_head], [B, n_kv, 1, d_head]]",,,"[[B, n_kv, T+1, d_head]]",[1035],10,self_attn,,1,model.layers.10.self_attn,aten.cat.default,[],decode,False
1054,self_attn,,unsqueeze,"[[B, n_kv, T+1, d_head]]",,,"[[B, n_kv, 1, T+1, d_head]]",[1052],10,self_attn,,1,model.layers.10.self_attn,aten.unsqueeze.default,[],decode,True
1055,self_attn,,expand,"[[B, n_kv, 1, T+1, d_head]]",,,"[[B, n_kv, n_h/n_kv, T+1, d_head]]",[1054],10,self_attn,,1,model.layers.10.self_attn,aten.expand.default,[],decode,True
1056,self_attn,,clone,"[[B, n_kv, n_h/n_kv, T+1, d_head]]",,,"[[B, n_kv, n_h/n_kv, T+1, d_head]]",[1055],10,self_attn,,1,model.layers.10.self_attn,aten.clone.default,[],decode,True
1057,self_attn,,_unsafe_view,"[[B, n_kv, n_h/n_kv, T+1, d_head]]",,,"[[B, n_h, T+1, d_head]]",[1056],10,self_attn,,1,model.layers.10.self_attn,aten._unsafe_view.default,[],decode,True
1058,self_attn,,unsqueeze,"[[B, n_kv, T+1, d_head]]",,,"[[B, n_kv, 1, T+1, d_head]]",[1053],10,self_attn,,1,model.layers.10.self_attn,aten.unsqueeze.default,[],decode,True
1059,self_attn,,expand,"[[B, n_kv, 1, T+1, d_head]]",,,"[[B, n_kv, n_h/n_kv, T+1, d_head]]",[1058],10,self_attn,,1,model.layers.10.self_attn,aten.expand.default,[],decode,True
1060,self_attn,,clone,"[[B, n_kv, n_h/n_kv, T+1, d_head]]",,,"[[B, n_kv, n_h/n_kv, T+1, d_head]]",[1059],10,self_attn,,1,model.layers.10.self_attn,aten.clone.default,[],decode,True
1061,self_attn,,_unsafe_view,"[[B, n_kv, n_h/n_kv, T+1, d_head]]",,,"[[B, n_h, T+1, d_head]]",[1060],10,self_attn,,1,model.layers.10.self_attn,aten._unsafe_view.default,[],decode,True
1062,self_attn,,transpose,"[[B, n_h, T+1, d_head]]",,,"[[B, n_h, d_head, T+1]]",[1057],10,self_attn,,1,model.layers.10.self_attn,aten.transpose.int,[],decode,True
1063,self_attn,,expand,"[[B, n_h, 1, d_head]]",,,"[[B, n_h, 1, d_head]]",[1044],10,self_attn,,1,model.layers.10.self_attn,aten.expand.default,[],decode,True
1064,self_attn,,view,"[[B, n_h, 1, d_head]]",,,"[[n_h, B, d_head]]",[1063],10,self_attn,,1,model.layers.10.self_attn,aten.view.default,[],decode,True
1065,self_attn,,expand,"[[B, n_h, d_head, T+1]]",,,"[[B, n_h, d_head, T+1]]",[1062],10,self_attn,,1,model.layers.10.self_attn,aten.expand.default,[],decode,True
1066,self_attn,,view,"[[B, n_h, d_head, T+1]]",,,"[[n_h, d_head, T+1]]",[1065],10,self_attn,,1,model.layers.10.self_attn,aten.view.default,[],decode,True
1067,self_attn,,batched_matmul,"[[n_h, B, d_head], [n_h, d_head, T+1]]",,,"[[n_h, B, T+1]]","[1064, 1066]",10,self_attn,,1,model.layers.10.self_attn,aten.bmm.default,[],decode,False
1068,self_attn,,_unsafe_view,"[[n_h, B, T+1]]",,,"[[B, n_h, 1, T+1]]",[1067],10,self_attn,,1,model.layers.10.self_attn,aten._unsafe_view.default,[],decode,True
1069,self_attn,,elementwise_mul,"[[B, n_h, 1, T+1]]",,,"[[B, n_h, 1, T+1]]",[1068],10,self_attn,,1,model.layers.10.self_attn,aten.mul.Tensor,[],decode,False
1070,self_attn,,elementwise_add,"[[B, n_h, 1, T+1], [B, 1, 1, T+1]]",,,"[[B, n_h, 1, T+1]]","[22, 1069]",10,self_attn,,1,model.layers.10.self_attn,aten.add.Tensor,[],decode,False
1071,self_attn,,_to_copy,"[[B, n_h, 1, T+1]]",,,"[[B, n_h, 1, T+1]]",[1070],10,self_attn,,1,model.layers.10.self_attn,aten._to_copy.default,[],decode,True
1072,self_attn,,softmax,"[[B, n_h, 1, T+1]]",,,"[[B, n_h, 1, T+1]]",[1071],10,self_attn,,1,model.layers.10.self_attn,aten._softmax.default,[],decode,False
1073,self_attn,,_to_copy,"[[B, n_h, 1, T+1]]",,,"[[B, n_h, 1, T+1]]",[1072],10,self_attn,,1,model.layers.10.self_attn,aten._to_copy.default,[],decode,True
1074,self_attn,,expand,"[[B, n_h, 1, T+1]]",,,"[[B, n_h, 1, T+1]]",[1073],10,self_attn,,1,model.layers.10.self_attn,aten.expand.default,[],decode,True
1075,self_attn,,view,"[[B, n_h, 1, T+1]]",,,"[[n_h, B, T+1]]",[1074],10,self_attn,,1,model.layers.10.self_attn,aten.view.default,[],decode,True
1076,self_attn,,expand,"[[B, n_h, T+1, d_head]]",,,"[[B, n_h, T+1, d_head]]",[1061],10,self_attn,,1,model.layers.10.self_attn,aten.expand.default,[],decode,True
1077,self_attn,,view,"[[B, n_h, T+1, d_head]]",,,"[[n_h, T+1, d_head]]",[1076],10,self_attn,,1,model.layers.10.self_attn,aten.view.default,[],decode,True
1078,self_attn,,batched_matmul,"[[n_h, B, T+1], [n_h, T+1, d_head]]",,,"[[n_h, B, d_head]]","[1075, 1077]",10,self_attn,,1,model.layers.10.self_attn,aten.bmm.default,[],decode,False
1079,self_attn,,_unsafe_view,"[[n_h, B, d_head]]",,,"[[B, n_h, 1, d_head]]",[1078],10,self_attn,,1,model.layers.10.self_attn,aten._unsafe_view.default,[],decode,True
1080,self_attn,,transpose,"[[B, n_h, 1, d_head]]",,,"[[B, 1, n_h, d_head]]",[1079],10,self_attn,,1,model.layers.10.self_attn,aten.transpose.int,[],decode,True
1081,self_attn,,view,"[[B, 1, n_h, d_head]]",,,"[[B, 1, n_h*d_head]]",[1080],10,self_attn,,1,model.layers.10.self_attn,aten.view.default,[],decode,True
1082,self_attn,o_proj,t,"[[d_model, n_h*d_head]]","[d_model, n_h*d_head]",0,"[[n_h*d_head, d_model]]",[],10,self_attn,o_proj,2,model.layers.10.self_attn.o_proj,aten.t.default,[model.layers.10.self_attn.o_proj.weight],decode,True
1083,self_attn,o_proj,view,"[[B, 1, n_h*d_head]]",,,"[[B, n_h*d_head]]",[1081],10,self_attn,o_proj,2,model.layers.10.self_attn.o_proj,aten.view.default,[],decode,True
1084,self_attn,o_proj,matmul,"[[B, n_h*d_head], [n_h*d_head, d_model]]","[d_model, n_h*d_head]",1,"[[B, d_model]]","[1082, 1083]",10,self_attn,o_proj,2,model.layers.10.self_attn.o_proj,aten.mm.default,[model.layers.10.self_attn.o_proj.weight],decode,False
1085,self_attn,o_proj,_unsafe_view,"[[B, d_model]]",,,"[[B, 1, d_model]]",[1084],10,self_attn,o_proj,2,model.layers.10.self_attn.o_proj,aten._unsafe_view.default,[],decode,True
1086,,,elementwise_add,"[[B, 1, d_model], [B, 1, d_model]]",,,"[[B, 1, d_model]]","[1009, 1085]",10,,,0,model.layers.10,aten.add.Tensor,[],decode,False
1087,post_attention_layernorm,,_to_copy,"[[B, 1, d_model]]",,,"[[B, 1, d_model]]",[1086],10,post_attention_layernorm,,1,model.layers.10.post_attention_layernorm,aten._to_copy.default,[],decode,True
1088,post_attention_layernorm,,pow,"[[B, 1, d_model]]",,,"[[B, 1, d_model]]",[1087],10,post_attention_layernorm,,1,model.layers.10.post_attention_layernorm,aten.pow.Tensor_Scalar,[],decode,False
1089,post_attention_layernorm,,mean,"[[B, 1, d_model]]",,,"[[B, 1, 1]]",[1088],10,post_attention_layernorm,,1,model.layers.10.post_attention_layernorm,aten.mean.dim,[],decode,False
1090,post_attention_layernorm,,elementwise_add,"[[B, 1, 1]]",,,"[[B, 1, 1]]",[1089],10,post_attention_layernorm,,1,model.layers.10.post_attention_layernorm,aten.add.Tensor,[],decode,False
1091,post_attention_layernorm,,rsqrt,"[[B, 1, 1]]",,,"[[B, 1, 1]]",[1090],10,post_attention_layernorm,,1,model.layers.10.post_attention_layernorm,aten.rsqrt.default,[],decode,False
1092,post_attention_layernorm,,elementwise_mul,"[[B, 1, d_model], [B, 1, 1]]",,,"[[B, 1, d_model]]","[1087, 1091]",10,post_attention_layernorm,,1,model.layers.10.post_attention_layernorm,aten.mul.Tensor,[],decode,False
1093,post_attention_layernorm,,_to_copy,"[[B, 1, d_model]]",,,"[[B, 1, d_model]]",[1092],10,post_attention_layernorm,,1,model.layers.10.post_attention_layernorm,aten._to_copy.default,[],decode,True
1094,post_attention_layernorm,,elementwise_mul,"[[d_model], [B, 1, d_model]]",,,"[[B, 1, d_model]]",[1093],10,post_attention_layernorm,,1,model.layers.10.post_attention_layernorm,aten.mul.Tensor,[model.layers.10.post_attention_layernorm.weight],decode,False
1095,mlp,gate_proj,t,"[[d_ff, d_model]]","[d_ff, d_model]",0,"[[d_model, d_ff]]",[],10,mlp,gate_proj,2,model.layers.10.mlp.gate_proj,aten.t.default,[model.layers.10.mlp.gate_proj.weight],decode,True
1096,mlp,gate_proj,view,"[[B, 1, d_model]]",,,"[[B, d_model]]",[1094],10,mlp,gate_proj,2,model.layers.10.mlp.gate_proj,aten.view.default,[],decode,True
1097,mlp,gate_proj,matmul,"[[B, d_model], [d_model, d_ff]]","[d_ff, d_model]",1,"[[B, d_ff]]","[1095, 1096]",10,mlp,gate_proj,2,model.layers.10.mlp.gate_proj,aten.mm.default,[model.layers.10.mlp.gate_proj.weight],decode,False
1098,mlp,gate_proj,_unsafe_view,"[[B, d_ff]]",,,"[[B, 1, d_ff]]",[1097],10,mlp,gate_proj,2,model.layers.10.mlp.gate_proj,aten._unsafe_view.default,[],decode,True
1099,mlp,act_fn,silu,"[[B, 1, d_ff]]",,,"[[B, 1, d_ff]]",[1098],10,mlp,act_fn,2,model.layers.10.mlp.act_fn,aten.silu.default,[],decode,False
1100,mlp,up_proj,t,"[[d_ff, d_model]]","[d_ff, d_model]",0,"[[d_model, d_ff]]",[],10,mlp,up_proj,2,model.layers.10.mlp.up_proj,aten.t.default,[model.layers.10.mlp.up_proj.weight],decode,True
1101,mlp,up_proj,view,"[[B, 1, d_model]]",,,"[[B, d_model]]",[1094],10,mlp,up_proj,2,model.layers.10.mlp.up_proj,aten.view.default,[],decode,True
1102,mlp,up_proj,matmul,"[[B, d_model], [d_model, d_ff]]","[d_ff, d_model]",1,"[[B, d_ff]]","[1100, 1101]",10,mlp,up_proj,2,model.layers.10.mlp.up_proj,aten.mm.default,[model.layers.10.mlp.up_proj.weight],decode,False
1103,mlp,up_proj,_unsafe_view,"[[B, d_ff]]",,,"[[B, 1, d_ff]]",[1102],10,mlp,up_proj,2,model.layers.10.mlp.up_proj,aten._unsafe_view.default,[],decode,True
1104,mlp,,elementwise_mul,"[[B, 1, d_ff], [B, 1, d_ff]]",,,"[[B, 1, d_ff]]","[1099, 1103]",10,mlp,,1,model.layers.10.mlp,aten.mul.Tensor,[],decode,False
1105,mlp,down_proj,t,"[[d_model, d_ff]]","[d_model, d_ff]",0,"[[d_ff, d_model]]",[],10,mlp,down_proj,2,model.layers.10.mlp.down_proj,aten.t.default,[model.layers.10.mlp.down_proj.weight],decode,True
1106,mlp,down_proj,view,"[[B, 1, d_ff]]",,,"[[B, d_ff]]",[1104],10,mlp,down_proj,2,model.layers.10.mlp.down_proj,aten.view.default,[],decode,True
1107,mlp,down_proj,matmul,"[[B, d_ff], [d_ff, d_model]]","[d_model, d_ff]",1,"[[B, d_model]]","[1105, 1106]",10,mlp,down_proj,2,model.layers.10.mlp.down_proj,aten.mm.default,[model.layers.10.mlp.down_proj.weight],decode,False
1108,mlp,down_proj,_unsafe_view,"[[B, d_model]]",,,"[[B, 1, d_model]]",[1107],10,mlp,down_proj,2,model.layers.10.mlp.down_proj,aten._unsafe_view.default,[],decode,True
1109,,,elementwise_add,"[[B, 1, d_model], [B, 1, d_model]]",,,"[[B, 1, d_model]]","[1086, 1108]",10,,,0,model.layers.10,aten.add.Tensor,[],decode,False
1110,input_layernorm,,_to_copy,"[[B, 1, d_model]]",,,"[[B, 1, d_model]]",[1109],11,input_layernorm,,1,model.layers.11.input_layernorm,aten._to_copy.default,[],decode,True
1111,input_layernorm,,pow,"[[B, 1, d_model]]",,,"[[B, 1, d_model]]",[1110],11,input_layernorm,,1,model.layers.11.input_layernorm,aten.pow.Tensor_Scalar,[],decode,False
1112,input_layernorm,,mean,"[[B, 1, d_model]]",,,"[[B, 1, 1]]",[1111],11,input_layernorm,,1,model.layers.11.input_layernorm,aten.mean.dim,[],decode,False
1113,input_layernorm,,elementwise_add,"[[B, 1, 1]]",,,"[[B, 1, 1]]",[1112],11,input_layernorm,,1,model.layers.11.input_layernorm,aten.add.Tensor,[],decode,False
1114,input_layernorm,,rsqrt,"[[B, 1, 1]]",,,"[[B, 1, 1]]",[1113],11,input_layernorm,,1,model.layers.11.input_layernorm,aten.rsqrt.default,[],decode,False
1115,input_layernorm,,elementwise_mul,"[[B, 1, d_model], [B, 1, 1]]",,,"[[B, 1, d_model]]","[1110, 1114]",11,input_layernorm,,1,model.layers.11.input_layernorm,aten.mul.Tensor,[],decode,False
1116,input_layernorm,,_to_copy,"[[B, 1, d_model]]",,,"[[B, 1, d_model]]",[1115],11,input_layernorm,,1,model.layers.11.input_layernorm,aten._to_copy.default,[],decode,True
1117,input_layernorm,,elementwise_mul,"[[d_model], [B, 1, d_model]]",,,"[[B, 1, d_model]]",[1116],11,input_layernorm,,1,model.layers.11.input_layernorm,aten.mul.Tensor,[model.layers.11.input_layernorm.weight],decode,False
1118,self_attn,q_proj,t,"[[n_h*d_head, d_model]]","[n_h*d_head, d_model]",0,"[[d_model, n_h*d_head]]",[],11,self_attn,q_proj,2,model.layers.11.self_attn.q_proj,aten.t.default,[model.layers.11.self_attn.q_proj.weight],decode,True
1119,self_attn,q_proj,view,"[[B, 1, d_model]]",,,"[[B, d_model]]",[1117],11,self_attn,q_proj,2,model.layers.11.self_attn.q_proj,aten.view.default,[],decode,True
1120,self_attn,q_proj,matmul,"[[B, d_model], [d_model, n_h*d_head]]","[n_h*d_head, d_model]",1,"[[B, n_h*d_head]]","[1118, 1119]",11,self_attn,q_proj,2,model.layers.11.self_attn.q_proj,aten.mm.default,[model.layers.11.self_attn.q_proj.weight],decode,False
1121,self_attn,q_proj,_unsafe_view,"[[B, n_h*d_head]]",,,"[[B, 1, n_h*d_head]]",[1120],11,self_attn,q_proj,2,model.layers.11.self_attn.q_proj,aten._unsafe_view.default,[],decode,True
1122,self_attn,,view,"[[B, 1, n_h*d_head]]",,,"[[B, 1, n_h, d_head]]",[1121],11,self_attn,,1,model.layers.11.self_attn,aten.view.default,[],decode,True
1123,self_attn,,transpose,"[[B, 1, n_h, d_head]]",,,"[[B, n_h, 1, d_head]]",[1122],11,self_attn,,1,model.layers.11.self_attn,aten.transpose.int,[],decode,True
1124,self_attn,k_proj,t,"[[n_kv*d_head, d_model]]","[n_kv*d_head, d_model]",0,"[[d_model, n_kv*d_head]]",[],11,self_attn,k_proj,2,model.layers.11.self_attn.k_proj,aten.t.default,[model.layers.11.self_attn.k_proj.weight],decode,True
1125,self_attn,k_proj,view,"[[B, 1, d_model]]",,,"[[B, d_model]]",[1117],11,self_attn,k_proj,2,model.layers.11.self_attn.k_proj,aten.view.default,[],decode,True
1126,self_attn,k_proj,matmul,"[[B, d_model], [d_model, n_kv*d_head]]","[n_kv*d_head, d_model]",1,"[[B, n_kv*d_head]]","[1124, 1125]",11,self_attn,k_proj,2,model.layers.11.self_attn.k_proj,aten.mm.default,[model.layers.11.self_attn.k_proj.weight],decode,False
1127,self_attn,k_proj,_unsafe_view,"[[B, n_kv*d_head]]",,,"[[B, 1, n_kv*d_head]]",[1126],11,self_attn,k_proj,2,model.layers.11.self_attn.k_proj,aten._unsafe_view.default,[],decode,True
1128,self_attn,,view,"[[B, 1, n_kv*d_head]]",,,"[[B, 1, n_kv, d_head]]",[1127],11,self_attn,,1,model.layers.11.self_attn,aten.view.default,[],decode,True
1129,self_attn,,transpose,"[[B, 1, n_kv, d_head]]",,,"[[B, n_kv, 1, d_head]]",[1128],11,self_attn,,1,model.layers.11.self_attn,aten.transpose.int,[],decode,True
1130,self_attn,v_proj,t,"[[n_kv*d_head, d_model]]","[n_kv*d_head, d_model]",0,"[[d_model, n_kv*d_head]]",[],11,self_attn,v_proj,2,model.layers.11.self_attn.v_proj,aten.t.default,[model.layers.11.self_attn.v_proj.weight],decode,True
1131,self_attn,v_proj,view,"[[B, 1, d_model]]",,,"[[B, d_model]]",[1117],11,self_attn,v_proj,2,model.layers.11.self_attn.v_proj,aten.view.default,[],decode,True
1132,self_attn,v_proj,matmul,"[[B, d_model], [d_model, n_kv*d_head]]","[n_kv*d_head, d_model]",1,"[[B, n_kv*d_head]]","[1130, 1131]",11,self_attn,v_proj,2,model.layers.11.self_attn.v_proj,aten.mm.default,[model.layers.11.self_attn.v_proj.weight],decode,False
1133,self_attn,v_proj,_unsafe_view,"[[B, n_kv*d_head]]",,,"[[B, 1, n_kv*d_head]]",[1132],11,self_attn,v_proj,2,model.layers.11.self_attn.v_proj,aten._unsafe_view.default,[],decode,True
1134,self_attn,,view,"[[B, 1, n_kv*d_head]]",,,"[[B, 1, n_kv, d_head]]",[1133],11,self_attn,,1,model.layers.11.self_attn,aten.view.default,[],decode,True
1135,self_attn,,transpose,"[[B, 1, n_kv, d_head]]",,,"[[B, n_kv, 1, d_head]]",[1134],11,self_attn,,1,model.layers.11.self_attn,aten.transpose.int,[],decode,True
1136,self_attn,,concat,"[[B, n_kv, T, d_head], [B, n_kv, 1, d_head]]",,,"[[B, n_kv, T+1, d_head]]",[1129],11,self_attn,,1,model.layers.11.self_attn,aten.cat.default,[],decode,False
1137,self_attn,,concat,"[[B, n_kv, T, d_head], [B, n_kv, 1, d_head]]",,,"[[B, n_kv, T+1, d_head]]",[1135],11,self_attn,,1,model.layers.11.self_attn,aten.cat.default,[],decode,False
1138,self_attn,,unsqueeze,"[[B, n_kv, T+1, d_head]]",,,"[[B, n_kv, 1, T+1, d_head]]",[1136],11,self_attn,,1,model.layers.11.self_attn,aten.unsqueeze.default,[],decode,True
1139,self_attn,,expand,"[[B, n_kv, 1, T+1, d_head]]",,,"[[B, n_kv, n_h/n_kv, T+1, d_head]]",[1138],11,self_attn,,1,model.layers.11.self_attn,aten.expand.default,[],decode,True
1140,self_attn,,clone,"[[B, n_kv, n_h/n_kv, T+1, d_head]]",,,"[[B, n_kv, n_h/n_kv, T+1, d_head]]",[1139],11,self_attn,,1,model.layers.11.self_attn,aten.clone.default,[],decode,True
1141,self_attn,,_unsafe_view,"[[B, n_kv, n_h/n_kv, T+1, d_head]]",,,"[[B, n_h, T+1, d_head]]",[1140],11,self_attn,,1,model.layers.11.self_attn,aten._unsafe_view.default,[],decode,True
1142,self_attn,,unsqueeze,"[[B, n_kv, T+1, d_head]]",,,"[[B, n_kv, 1, T+1, d_head]]",[1137],11,self_attn,,1,model.layers.11.self_attn,aten.unsqueeze.default,[],decode,True
1143,self_attn,,expand,"[[B, n_kv, 1, T+1, d_head]]",,,"[[B, n_kv, n_h/n_kv, T+1, d_head]]",[1142],11,self_attn,,1,model.layers.11.self_attn,aten.expand.default,[],decode,True
1144,self_attn,,clone,"[[B, n_kv, n_h/n_kv, T+1, d_head]]",,,"[[B, n_kv, n_h/n_kv, T+1, d_head]]",[1143],11,self_attn,,1,model.layers.11.self_attn,aten.clone.default,[],decode,True
1145,self_attn,,_unsafe_view,"[[B, n_kv, n_h/n_kv, T+1, d_head]]",,,"[[B, n_h, T+1, d_head]]",[1144],11,self_attn,,1,model.layers.11.self_attn,aten._unsafe_view.default,[],decode,True
1146,self_attn,,transpose,"[[B, n_h, T+1, d_head]]",,,"[[B, n_h, d_head, T+1]]",[1141],11,self_attn,,1,model.layers.11.self_attn,aten.transpose.int,[],decode,True
1147,self_attn,,expand,"[[B, n_h, 1, d_head]]",,,"[[B, n_h, 1, d_head]]",[1123],11,self_attn,,1,model.layers.11.self_attn,aten.expand.default,[],decode,True
1148,self_attn,,view,"[[B, n_h, 1, d_head]]",,,"[[n_h, B, d_head]]",[1147],11,self_attn,,1,model.layers.11.self_attn,aten.view.default,[],decode,True
1149,self_attn,,expand,"[[B, n_h, d_head, T+1]]",,,"[[B, n_h, d_head, T+1]]",[1146],11,self_attn,,1,model.layers.11.self_attn,aten.expand.default,[],decode,True
1150,self_attn,,view,"[[B, n_h, d_head, T+1]]",,,"[[n_h, d_head, T+1]]",[1149],11,self_attn,,1,model.layers.11.self_attn,aten.view.default,[],decode,True
1151,self_attn,,batched_matmul,"[[n_h, B, d_head], [n_h, d_head, T+1]]",,,"[[n_h, B, T+1]]","[1148, 1150]",11,self_attn,,1,model.layers.11.self_attn,aten.bmm.default,[],decode,False
1152,self_attn,,_unsafe_view,"[[n_h, B, T+1]]",,,"[[B, n_h, 1, T+1]]",[1151],11,self_attn,,1,model.layers.11.self_attn,aten._unsafe_view.default,[],decode,True
1153,self_attn,,elementwise_mul,"[[B, n_h, 1, T+1]]",,,"[[B, n_h, 1, T+1]]",[1152],11,self_attn,,1,model.layers.11.self_attn,aten.mul.Tensor,[],decode,False
1154,self_attn,,elementwise_add,"[[B, n_h, 1, T+1], [B, 1, 1, T+1]]",,,"[[B, n_h, 1, T+1]]","[22, 1153]",11,self_attn,,1,model.layers.11.self_attn,aten.add.Tensor,[],decode,False
1155,self_attn,,_to_copy,"[[B, n_h, 1, T+1]]",,,"[[B, n_h, 1, T+1]]",[1154],11,self_attn,,1,model.layers.11.self_attn,aten._to_copy.default,[],decode,True
1156,self_attn,,softmax,"[[B, n_h, 1, T+1]]",,,"[[B, n_h, 1, T+1]]",[1155],11,self_attn,,1,model.layers.11.self_attn,aten._softmax.default,[],decode,False
1157,self_attn,,_to_copy,"[[B, n_h, 1, T+1]]",,,"[[B, n_h, 1, T+1]]",[1156],11,self_attn,,1,model.layers.11.self_attn,aten._to_copy.default,[],decode,True
1158,self_attn,,expand,"[[B, n_h, 1, T+1]]",,,"[[B, n_h, 1, T+1]]",[1157],11,self_attn,,1,model.layers.11.self_attn,aten.expand.default,[],decode,True
1159,self_attn,,view,"[[B, n_h, 1, T+1]]",,,"[[n_h, B, T+1]]",[1158],11,self_attn,,1,model.layers.11.self_attn,aten.view.default,[],decode,True
1160,self_attn,,expand,"[[B, n_h, T+1, d_head]]",,,"[[B, n_h, T+1, d_head]]",[1145],11,self_attn,,1,model.layers.11.self_attn,aten.expand.default,[],decode,True
1161,self_attn,,view,"[[B, n_h, T+1, d_head]]",,,"[[n_h, T+1, d_head]]",[1160],11,self_attn,,1,model.layers.11.self_attn,aten.view.default,[],decode,True
1162,self_attn,,batched_matmul,"[[n_h, B, T+1], [n_h, T+1, d_head]]",,,"[[n_h, B, d_head]]","[1159, 1161]",11,self_attn,,1,model.layers.11.self_attn,aten.bmm.default,[],decode,False
1163,self_attn,,_unsafe_view,"[[n_h, B, d_head]]",,,"[[B, n_h, 1, d_head]]",[1162],11,self_attn,,1,model.layers.11.self_attn,aten._unsafe_view.default,[],decode,True
1164,self_attn,,transpose,"[[B, n_h, 1, d_head]]",,,"[[B, 1, n_h, d_head]]",[1163],11,self_attn,,1,model.layers.11.self_attn,aten.transpose.int,[],decode,True
1165,self_attn,,view,"[[B, 1, n_h, d_head]]",,,"[[B, 1, n_h*d_head]]",[1164],11,self_attn,,1,model.layers.11.self_attn,aten.view.default,[],decode,True
1166,self_attn,o_proj,t,"[[d_model, n_h*d_head]]","[d_model, n_h*d_head]",0,"[[n_h*d_head, d_model]]",[],11,self_attn,o_proj,2,model.layers.11.self_attn.o_proj,aten.t.default,[model.layers.11.self_attn.o_proj.weight],decode,True
1167,self_attn,o_proj,view,"[[B, 1, n_h*d_head]]",,,"[[B, n_h*d_head]]",[1165],11,self_attn,o_proj,2,model.layers.11.self_attn.o_proj,aten.view.default,[],decode,True
1168,self_attn,o_proj,matmul,"[[B, n_h*d_head], [n_h*d_head, d_model]]","[d_model, n_h*d_head]",1,"[[B, d_model]]","[1166, 1167]",11,self_attn,o_proj,2,model.layers.11.self_attn.o_proj,aten.mm.default,[model.layers.11.self_attn.o_proj.weight],decode,False
1169,self_attn,o_proj,_unsafe_view,"[[B, d_model]]",,,"[[B, 1, d_model]]",[1168],11,self_attn,o_proj,2,model.layers.11.self_attn.o_proj,aten._unsafe_view.default,[],decode,True
1170,,,elementwise_add,"[[B, 1, d_model], [B, 1, d_model]]",,,"[[B, 1, d_model]]","[1109, 1169]",11,,,0,model.layers.11,aten.add.Tensor,[],decode,False
1171,post_attention_layernorm,,_to_copy,"[[B, 1, d_model]]",,,"[[B, 1, d_model]]",[1170],11,post_attention_layernorm,,1,model.layers.11.post_attention_layernorm,aten._to_copy.default,[],decode,True
1172,post_attention_layernorm,,pow,"[[B, 1, d_model]]",,,"[[B, 1, d_model]]",[1171],11,post_attention_layernorm,,1,model.layers.11.post_attention_layernorm,aten.pow.Tensor_Scalar,[],decode,False
1173,post_attention_layernorm,,mean,"[[B, 1, d_model]]",,,"[[B, 1, 1]]",[1172],11,post_attention_layernorm,,1,model.layers.11.post_attention_layernorm,aten.mean.dim,[],decode,False
1174,post_attention_layernorm,,elementwise_add,"[[B, 1, 1]]",,,"[[B, 1, 1]]",[1173],11,post_attention_layernorm,,1,model.layers.11.post_attention_layernorm,aten.add.Tensor,[],decode,False
1175,post_attention_layernorm,,rsqrt,"[[B, 1, 1]]",,,"[[B, 1, 1]]",[1174],11,post_attention_layernorm,,1,model.layers.11.post_attention_layernorm,aten.rsqrt.default,[],decode,False
1176,post_attention_layernorm,,elementwise_mul,"[[B, 1, d_model], [B, 1, 1]]",,,"[[B, 1, d_model]]","[1171, 1175]",11,post_attention_layernorm,,1,model.layers.11.post_attention_layernorm,aten.mul.Tensor,[],decode,False
1177,post_attention_layernorm,,_to_copy,"[[B, 1, d_model]]",,,"[[B, 1, d_model]]",[1176],11,post_attention_layernorm,,1,model.layers.11.post_attention_layernorm,aten._to_copy.default,[],decode,True
1178,post_attention_layernorm,,elementwise_mul,"[[d_model], [B, 1, d_model]]",,,"[[B, 1, d_model]]",[1177],11,post_attention_layernorm,,1,model.layers.11.post_attention_layernorm,aten.mul.Tensor,[model.layers.11.post_attention_layernorm.weight],decode,False
1179,mlp,gate_proj,t,"[[d_ff, d_model]]","[d_ff, d_model]",0,"[[d_model, d_ff]]",[],11,mlp,gate_proj,2,model.layers.11.mlp.gate_proj,aten.t.default,[model.layers.11.mlp.gate_proj.weight],decode,True
1180,mlp,gate_proj,view,"[[B, 1, d_model]]",,,"[[B, d_model]]",[1178],11,mlp,gate_proj,2,model.layers.11.mlp.gate_proj,aten.view.default,[],decode,True
1181,mlp,gate_proj,matmul,"[[B, d_model], [d_model, d_ff]]","[d_ff, d_model]",1,"[[B, d_ff]]","[1179, 1180]",11,mlp,gate_proj,2,model.layers.11.mlp.gate_proj,aten.mm.default,[model.layers.11.mlp.gate_proj.weight],decode,False
1182,mlp,gate_proj,_unsafe_view,"[[B, d_ff]]",,,"[[B, 1, d_ff]]",[1181],11,mlp,gate_proj,2,model.layers.11.mlp.gate_proj,aten._unsafe_view.default,[],decode,True
1183,mlp,act_fn,silu,"[[B, 1, d_ff]]",,,"[[B, 1, d_ff]]",[1182],11,mlp,act_fn,2,model.layers.11.mlp.act_fn,aten.silu.default,[],decode,False
1184,mlp,up_proj,t,"[[d_ff, d_model]]","[d_ff, d_model]",0,"[[d_model, d_ff]]",[],11,mlp,up_proj,2,model.layers.11.mlp.up_proj,aten.t.default,[model.layers.11.mlp.up_proj.weight],decode,True
1185,mlp,up_proj,view,"[[B, 1, d_model]]",,,"[[B, d_model]]",[1178],11,mlp,up_proj,2,model.layers.11.mlp.up_proj,aten.view.default,[],decode,True
1186,mlp,up_proj,matmul,"[[B, d_model], [d_model, d_ff]]","[d_ff, d_model]",1,"[[B, d_ff]]","[1184, 1185]",11,mlp,up_proj,2,model.layers.11.mlp.up_proj,aten.mm.default,[model.layers.11.mlp.up_proj.weight],decode,False
1187,mlp,up_proj,_unsafe_view,"[[B, d_ff]]",,,"[[B, 1, d_ff]]",[1186],11,mlp,up_proj,2,model.layers.11.mlp.up_proj,aten._unsafe_view.default,[],decode,True
1188,mlp,,elementwise_mul,"[[B, 1, d_ff], [B, 1, d_ff]]",,,"[[B, 1, d_ff]]","[1183, 1187]",11,mlp,,1,model.layers.11.mlp,aten.mul.Tensor,[],decode,False
1189,mlp,down_proj,t,"[[d_model, d_ff]]","[d_model, d_ff]",0,"[[d_ff, d_model]]",[],11,mlp,down_proj,2,model.layers.11.mlp.down_proj,aten.t.default,[model.layers.11.mlp.down_proj.weight],decode,True
1190,mlp,down_proj,view,"[[B, 1, d_ff]]",,,"[[B, d_ff]]",[1188],11,mlp,down_proj,2,model.layers.11.mlp.down_proj,aten.view.default,[],decode,True
1191,mlp,down_proj,matmul,"[[B, d_ff], [d_ff, d_model]]","[d_model, d_ff]",1,"[[B, d_model]]","[1189, 1190]",11,mlp,down_proj,2,model.layers.11.mlp.down_proj,aten.mm.default,[model.layers.11.mlp.down_proj.weight],decode,False
1192,mlp,down_proj,_unsafe_view,"[[B, d_model]]",,,"[[B, 1, d_model]]",[1191],11,mlp,down_proj,2,model.layers.11.mlp.down_proj,aten._unsafe_view.default,[],decode,True
1193,,,elementwise_add,"[[B, 1, d_model], [B, 1, d_model]]",,,"[[B, 1, d_model]]","[1170, 1192]",11,,,0,model.layers.11,aten.add.Tensor,[],decode,False
1194,input_layernorm,,_to_copy,"[[B, 1, d_model]]",,,"[[B, 1, d_model]]",[1193],12,input_layernorm,,1,model.layers.12.input_layernorm,aten._to_copy.default,[],decode,True
1195,input_layernorm,,pow,"[[B, 1, d_model]]",,,"[[B, 1, d_model]]",[1194],12,input_layernorm,,1,model.layers.12.input_layernorm,aten.pow.Tensor_Scalar,[],decode,False
1196,input_layernorm,,mean,"[[B, 1, d_model]]",,,"[[B, 1, 1]]",[1195],12,input_layernorm,,1,model.layers.12.input_layernorm,aten.mean.dim,[],decode,False
1197,input_layernorm,,elementwise_add,"[[B, 1, 1]]",,,"[[B, 1, 1]]",[1196],12,input_layernorm,,1,model.layers.12.input_layernorm,aten.add.Tensor,[],decode,False
1198,input_layernorm,,rsqrt,"[[B, 1, 1]]",,,"[[B, 1, 1]]",[1197],12,input_layernorm,,1,model.layers.12.input_layernorm,aten.rsqrt.default,[],decode,False
1199,input_layernorm,,elementwise_mul,"[[B, 1, d_model], [B, 1, 1]]",,,"[[B, 1, d_model]]","[1194, 1198]",12,input_layernorm,,1,model.layers.12.input_layernorm,aten.mul.Tensor,[],decode,False
1200,input_layernorm,,_to_copy,"[[B, 1, d_model]]",,,"[[B, 1, d_model]]",[1199],12,input_layernorm,,1,model.layers.12.input_layernorm,aten._to_copy.default,[],decode,True
1201,input_layernorm,,elementwise_mul,"[[d_model], [B, 1, d_model]]",,,"[[B, 1, d_model]]",[1200],12,input_layernorm,,1,model.layers.12.input_layernorm,aten.mul.Tensor,[model.layers.12.input_layernorm.weight],decode,False
1202,self_attn,q_proj,t,"[[n_h*d_head, d_model]]","[n_h*d_head, d_model]",0,"[[d_model, n_h*d_head]]",[],12,self_attn,q_proj,2,model.layers.12.self_attn.q_proj,aten.t.default,[model.layers.12.self_attn.q_proj.weight],decode,True
1203,self_attn,q_proj,view,"[[B, 1, d_model]]",,,"[[B, d_model]]",[1201],12,self_attn,q_proj,2,model.layers.12.self_attn.q_proj,aten.view.default,[],decode,True
1204,self_attn,q_proj,matmul,"[[B, d_model], [d_model, n_h*d_head]]","[n_h*d_head, d_model]",1,"[[B, n_h*d_head]]","[1202, 1203]",12,self_attn,q_proj,2,model.layers.12.self_attn.q_proj,aten.mm.default,[model.layers.12.self_attn.q_proj.weight],decode,False
1205,self_attn,q_proj,_unsafe_view,"[[B, n_h*d_head]]",,,"[[B, 1, n_h*d_head]]",[1204],12,self_attn,q_proj,2,model.layers.12.self_attn.q_proj,aten._unsafe_view.default,[],decode,True
1206,self_attn,,view,"[[B, 1, n_h*d_head]]",,,"[[B, 1, n_h, d_head]]",[1205],12,self_attn,,1,model.layers.12.self_attn,aten.view.default,[],decode,True
1207,self_attn,,transpose,"[[B, 1, n_h, d_head]]",,,"[[B, n_h, 1, d_head]]",[1206],12,self_attn,,1,model.layers.12.self_attn,aten.transpose.int,[],decode,True
1208,self_attn,k_proj,t,"[[n_kv*d_head, d_model]]","[n_kv*d_head, d_model]",0,"[[d_model, n_kv*d_head]]",[],12,self_attn,k_proj,2,model.layers.12.self_attn.k_proj,aten.t.default,[model.layers.12.self_attn.k_proj.weight],decode,True
1209,self_attn,k_proj,view,"[[B, 1, d_model]]",,,"[[B, d_model]]",[1201],12,self_attn,k_proj,2,model.layers.12.self_attn.k_proj,aten.view.default,[],decode,True
1210,self_attn,k_proj,matmul,"[[B, d_model], [d_model, n_kv*d_head]]","[n_kv*d_head, d_model]",1,"[[B, n_kv*d_head]]","[1208, 1209]",12,self_attn,k_proj,2,model.layers.12.self_attn.k_proj,aten.mm.default,[model.layers.12.self_attn.k_proj.weight],decode,False
1211,self_attn,k_proj,_unsafe_view,"[[B, n_kv*d_head]]",,,"[[B, 1, n_kv*d_head]]",[1210],12,self_attn,k_proj,2,model.layers.12.self_attn.k_proj,aten._unsafe_view.default,[],decode,True
1212,self_attn,,view,"[[B, 1, n_kv*d_head]]",,,"[[B, 1, n_kv, d_head]]",[1211],12,self_attn,,1,model.layers.12.self_attn,aten.view.default,[],decode,True
1213,self_attn,,transpose,"[[B, 1, n_kv, d_head]]",,,"[[B, n_kv, 1, d_head]]",[1212],12,self_attn,,1,model.layers.12.self_attn,aten.transpose.int,[],decode,True
1214,self_attn,v_proj,t,"[[n_kv*d_head, d_model]]","[n_kv*d_head, d_model]",0,"[[d_model, n_kv*d_head]]",[],12,self_attn,v_proj,2,model.layers.12.self_attn.v_proj,aten.t.default,[model.layers.12.self_attn.v_proj.weight],decode,True
1215,self_attn,v_proj,view,"[[B, 1, d_model]]",,,"[[B, d_model]]",[1201],12,self_attn,v_proj,2,model.layers.12.self_attn.v_proj,aten.view.default,[],decode,True
1216,self_attn,v_proj,matmul,"[[B, d_model], [d_model, n_kv*d_head]]","[n_kv*d_head, d_model]",1,"[[B, n_kv*d_head]]","[1214, 1215]",12,self_attn,v_proj,2,model.layers.12.self_attn.v_proj,aten.mm.default,[model.layers.12.self_attn.v_proj.weight],decode,False
1217,self_attn,v_proj,_unsafe_view,"[[B, n_kv*d_head]]",,,"[[B, 1, n_kv*d_head]]",[1216],12,self_attn,v_proj,2,model.layers.12.self_attn.v_proj,aten._unsafe_view.default,[],decode,True
1218,self_attn,,view,"[[B, 1, n_kv*d_head]]",,,"[[B, 1, n_kv, d_head]]",[1217],12,self_attn,,1,model.layers.12.self_attn,aten.view.default,[],decode,True
1219,self_attn,,transpose,"[[B, 1, n_kv, d_head]]",,,"[[B, n_kv, 1, d_head]]",[1218],12,self_attn,,1,model.layers.12.self_attn,aten.transpose.int,[],decode,True
1220,self_attn,,unsqueeze,"[[B, 1, d_head]]",,,"[[B, 1, 1, d_head]]",[40],12,self_attn,,1,model.layers.12.self_attn,aten.unsqueeze.default,[],decode,True
1221,self_attn,,unsqueeze,"[[B, 1, d_head]]",,,"[[B, 1, 1, d_head]]",[41],12,self_attn,,1,model.layers.12.self_attn,aten.unsqueeze.default,[],decode,True
1222,self_attn,,elementwise_mul,"[[B, n_h, 1, d_head], [B, 1, 1, d_head]]",,,"[[B, n_h, 1, d_head]]","[1207, 1220]",12,self_attn,,1,model.layers.12.self_attn,aten.mul.Tensor,[],decode,False
1223,self_attn,,slice,"[[B, n_h, 1, d_head]]",,,"[[B, n_h, 1, d_head/2]]",[1207],12,self_attn,,1,model.layers.12.self_attn,aten.slice.Tensor,[],decode,True
1224,self_attn,,slice,"[[B, n_h, 1, d_head]]",,,"[[B, n_h, 1, d_head/2]]",[1207],12,self_attn,,1,model.layers.12.self_attn,aten.slice.Tensor,[],decode,True
1225,self_attn,,neg,"[[B, n_h, 1, d_head/2]]",,,"[[B, n_h, 1, d_head/2]]",[1224],12,self_attn,,1,model.layers.12.self_attn,aten.neg.default,[],decode,False
1226,self_attn,,concat,"[[B, n_h, 1, d_head/2], [B, n_h, 1, d_head/2]]",,,"[[B, n_h, 1, d_head]]","[1223, 1225]",12,self_attn,,1,model.layers.12.self_attn,aten.cat.default,[],decode,False
1227,self_attn,,elementwise_mul,"[[B, n_h, 1, d_head], [B, 1, 1, d_head]]",,,"[[B, n_h, 1, d_head]]","[1221, 1226]",12,self_attn,,1,model.layers.12.self_attn,aten.mul.Tensor,[],decode,False
1228,self_attn,,elementwise_add,"[[B, n_h, 1, d_head], [B, n_h, 1, d_head]]",,,"[[B, n_h, 1, d_head]]","[1222, 1227]",12,self_attn,,1,model.layers.12.self_attn,aten.add.Tensor,[],decode,False
1229,self_attn,,elementwise_mul,"[[B, n_kv, 1, d_head], [B, 1, 1, d_head]]",,,"[[B, n_kv, 1, d_head]]","[1213, 1220]",12,self_attn,,1,model.layers.12.self_attn,aten.mul.Tensor,[],decode,False
1230,self_attn,,slice,"[[B, n_kv, 1, d_head]]",,,"[[B, n_kv, 1, d_head/2]]",[1213],12,self_attn,,1,model.layers.12.self_attn,aten.slice.Tensor,[],decode,True
1231,self_attn,,slice,"[[B, n_kv, 1, d_head]]",,,"[[B, n_kv, 1, d_head/2]]",[1213],12,self_attn,,1,model.layers.12.self_attn,aten.slice.Tensor,[],decode,True
1232,self_attn,,neg,"[[B, n_kv, 1, d_head/2]]",,,"[[B, n_kv, 1, d_head/2]]",[1231],12,self_attn,,1,model.layers.12.self_attn,aten.neg.default,[],decode,False
1233,self_attn,,concat,"[[B, n_kv, 1, d_head/2], [B, n_kv, 1, d_head/2]]",,,"[[B, n_kv, 1, d_head]]","[1230, 1232]",12,self_attn,,1,model.layers.12.self_attn,aten.cat.default,[],decode,False
1234,self_attn,,elementwise_mul,"[[B, n_kv, 1, d_head], [B, 1, 1, d_head]]",,,"[[B, n_kv, 1, d_head]]","[1221, 1233]",12,self_attn,,1,model.layers.12.self_attn,aten.mul.Tensor,[],decode,False
1235,self_attn,,elementwise_add,"[[B, n_kv, 1, d_head], [B, n_kv, 1, d_head]]",,,"[[B, n_kv, 1, d_head]]","[1229, 1234]",12,self_attn,,1,model.layers.12.self_attn,aten.add.Tensor,[],decode,False
1236,self_attn,,concat,"[[B, n_kv, T, d_head], [B, n_kv, 1, d_head]]",,,"[[B, n_kv, T+1, d_head]]",[1235],12,self_attn,,1,model.layers.12.self_attn,aten.cat.default,[],decode,False
1237,self_attn,,concat,"[[B, n_kv, T, d_head], [B, n_kv, 1, d_head]]",,,"[[B, n_kv, T+1, d_head]]",[1219],12,self_attn,,1,model.layers.12.self_attn,aten.cat.default,[],decode,False
1238,self_attn,,unsqueeze,"[[B, n_kv, T+1, d_head]]",,,"[[B, n_kv, 1, T+1, d_head]]",[1236],12,self_attn,,1,model.layers.12.self_attn,aten.unsqueeze.default,[],decode,True
1239,self_attn,,expand,"[[B, n_kv, 1, T+1, d_head]]",,,"[[B, n_kv, n_h/n_kv, T+1, d_head]]",[1238],12,self_attn,,1,model.layers.12.self_attn,aten.expand.default,[],decode,True
1240,self_attn,,clone,"[[B, n_kv, n_h/n_kv, T+1, d_head]]",,,"[[B, n_kv, n_h/n_kv, T+1, d_head]]",[1239],12,self_attn,,1,model.layers.12.self_attn,aten.clone.default,[],decode,True
1241,self_attn,,_unsafe_view,"[[B, n_kv, n_h/n_kv, T+1, d_head]]",,,"[[B, n_h, T+1, d_head]]",[1240],12,self_attn,,1,model.layers.12.self_attn,aten._unsafe_view.default,[],decode,True
1242,self_attn,,unsqueeze,"[[B, n_kv, T+1, d_head]]",,,"[[B, n_kv, 1, T+1, d_head]]",[1237],12,self_attn,,1,model.layers.12.self_attn,aten.unsqueeze.default,[],decode,True
1243,self_attn,,expand,"[[B, n_kv, 1, T+1, d_head]]",,,"[[B, n_kv, n_h/n_kv, T+1, d_head]]",[1242],12,self_attn,,1,model.layers.12.self_attn,aten.expand.default,[],decode,True
1244,self_attn,,clone,"[[B, n_kv, n_h/n_kv, T+1, d_head]]",,,"[[B, n_kv, n_h/n_kv, T+1, d_head]]",[1243],12,self_attn,,1,model.layers.12.self_attn,aten.clone.default,[],decode,True
1245,self_attn,,_unsafe_view,"[[B, n_kv, n_h/n_kv, T+1, d_head]]",,,"[[B, n_h, T+1, d_head]]",[1244],12,self_attn,,1,model.layers.12.self_attn,aten._unsafe_view.default,[],decode,True
1246,self_attn,,transpose,"[[B, n_h, T+1, d_head]]",,,"[[B, n_h, d_head, T+1]]",[1241],12,self_attn,,1,model.layers.12.self_attn,aten.transpose.int,[],decode,True
1247,self_attn,,expand,"[[B, n_h, 1, d_head]]",,,"[[B, n_h, 1, d_head]]",[1228],12,self_attn,,1,model.layers.12.self_attn,aten.expand.default,[],decode,True
1248,self_attn,,view,"[[B, n_h, 1, d_head]]",,,"[[n_h, B, d_head]]",[1247],12,self_attn,,1,model.layers.12.self_attn,aten.view.default,[],decode,True
1249,self_attn,,expand,"[[B, n_h, d_head, T+1]]",,,"[[B, n_h, d_head, T+1]]",[1246],12,self_attn,,1,model.layers.12.self_attn,aten.expand.default,[],decode,True
1250,self_attn,,view,"[[B, n_h, d_head, T+1]]",,,"[[n_h, d_head, T+1]]",[1249],12,self_attn,,1,model.layers.12.self_attn,aten.view.default,[],decode,True
1251,self_attn,,batched_matmul,"[[n_h, B, d_head], [n_h, d_head, T+1]]",,,"[[n_h, B, T+1]]","[1248, 1250]",12,self_attn,,1,model.layers.12.self_attn,aten.bmm.default,[],decode,False
1252,self_attn,,_unsafe_view,"[[n_h, B, T+1]]",,,"[[B, n_h, 1, T+1]]",[1251],12,self_attn,,1,model.layers.12.self_attn,aten._unsafe_view.default,[],decode,True
1253,self_attn,,elementwise_mul,"[[B, n_h, 1, T+1]]",,,"[[B, n_h, 1, T+1]]",[1252],12,self_attn,,1,model.layers.12.self_attn,aten.mul.Tensor,[],decode,False
1254,self_attn,,elementwise_add,"[[B, n_h, 1, T+1], [B, 1, 1, T+1]]",,,"[[B, n_h, 1, T+1]]","[22, 1253]",12,self_attn,,1,model.layers.12.self_attn,aten.add.Tensor,[],decode,False
1255,self_attn,,_to_copy,"[[B, n_h, 1, T+1]]",,,"[[B, n_h, 1, T+1]]",[1254],12,self_attn,,1,model.layers.12.self_attn,aten._to_copy.default,[],decode,True
1256,self_attn,,softmax,"[[B, n_h, 1, T+1]]",,,"[[B, n_h, 1, T+1]]",[1255],12,self_attn,,1,model.layers.12.self_attn,aten._softmax.default,[],decode,False
1257,self_attn,,_to_copy,"[[B, n_h, 1, T+1]]",,,"[[B, n_h, 1, T+1]]",[1256],12,self_attn,,1,model.layers.12.self_attn,aten._to_copy.default,[],decode,True
1258,self_attn,,expand,"[[B, n_h, 1, T+1]]",,,"[[B, n_h, 1, T+1]]",[1257],12,self_attn,,1,model.layers.12.self_attn,aten.expand.default,[],decode,True
1259,self_attn,,view,"[[B, n_h, 1, T+1]]",,,"[[n_h, B, T+1]]",[1258],12,self_attn,,1,model.layers.12.self_attn,aten.view.default,[],decode,True
1260,self_attn,,expand,"[[B, n_h, T+1, d_head]]",,,"[[B, n_h, T+1, d_head]]",[1245],12,self_attn,,1,model.layers.12.self_attn,aten.expand.default,[],decode,True
1261,self_attn,,view,"[[B, n_h, T+1, d_head]]",,,"[[n_h, T+1, d_head]]",[1260],12,self_attn,,1,model.layers.12.self_attn,aten.view.default,[],decode,True
1262,self_attn,,batched_matmul,"[[n_h, B, T+1], [n_h, T+1, d_head]]",,,"[[n_h, B, d_head]]","[1259, 1261]",12,self_attn,,1,model.layers.12.self_attn,aten.bmm.default,[],decode,False
1263,self_attn,,_unsafe_view,"[[n_h, B, d_head]]",,,"[[B, n_h, 1, d_head]]",[1262],12,self_attn,,1,model.layers.12.self_attn,aten._unsafe_view.default,[],decode,True
1264,self_attn,,transpose,"[[B, n_h, 1, d_head]]",,,"[[B, 1, n_h, d_head]]",[1263],12,self_attn,,1,model.layers.12.self_attn,aten.transpose.int,[],decode,True
1265,self_attn,,view,"[[B, 1, n_h, d_head]]",,,"[[B, 1, n_h*d_head]]",[1264],12,self_attn,,1,model.layers.12.self_attn,aten.view.default,[],decode,True
1266,self_attn,o_proj,t,"[[d_model, n_h*d_head]]","[d_model, n_h*d_head]",0,"[[n_h*d_head, d_model]]",[],12,self_attn,o_proj,2,model.layers.12.self_attn.o_proj,aten.t.default,[model.layers.12.self_attn.o_proj.weight],decode,True
1267,self_attn,o_proj,view,"[[B, 1, n_h*d_head]]",,,"[[B, n_h*d_head]]",[1265],12,self_attn,o_proj,2,model.layers.12.self_attn.o_proj,aten.view.default,[],decode,True
1268,self_attn,o_proj,matmul,"[[B, n_h*d_head], [n_h*d_head, d_model]]","[d_model, n_h*d_head]",1,"[[B, d_model]]","[1266, 1267]",12,self_attn,o_proj,2,model.layers.12.self_attn.o_proj,aten.mm.default,[model.layers.12.self_attn.o_proj.weight],decode,False
1269,self_attn,o_proj,_unsafe_view,"[[B, d_model]]",,,"[[B, 1, d_model]]",[1268],12,self_attn,o_proj,2,model.layers.12.self_attn.o_proj,aten._unsafe_view.default,[],decode,True
1270,,,elementwise_add,"[[B, 1, d_model], [B, 1, d_model]]",,,"[[B, 1, d_model]]","[1193, 1269]",12,,,0,model.layers.12,aten.add.Tensor,[],decode,False
1271,post_attention_layernorm,,_to_copy,"[[B, 1, d_model]]",,,"[[B, 1, d_model]]",[1270],12,post_attention_layernorm,,1,model.layers.12.post_attention_layernorm,aten._to_copy.default,[],decode,True
1272,post_attention_layernorm,,pow,"[[B, 1, d_model]]",,,"[[B, 1, d_model]]",[1271],12,post_attention_layernorm,,1,model.layers.12.post_attention_layernorm,aten.pow.Tensor_Scalar,[],decode,False
1273,post_attention_layernorm,,mean,"[[B, 1, d_model]]",,,"[[B, 1, 1]]",[1272],12,post_attention_layernorm,,1,model.layers.12.post_attention_layernorm,aten.mean.dim,[],decode,False
1274,post_attention_layernorm,,elementwise_add,"[[B, 1, 1]]",,,"[[B, 1, 1]]",[1273],12,post_attention_layernorm,,1,model.layers.12.post_attention_layernorm,aten.add.Tensor,[],decode,False
1275,post_attention_layernorm,,rsqrt,"[[B, 1, 1]]",,,"[[B, 1, 1]]",[1274],12,post_attention_layernorm,,1,model.layers.12.post_attention_layernorm,aten.rsqrt.default,[],decode,False
1276,post_attention_layernorm,,elementwise_mul,"[[B, 1, d_model], [B, 1, 1]]",,,"[[B, 1, d_model]]","[1271, 1275]",12,post_attention_layernorm,,1,model.layers.12.post_attention_layernorm,aten.mul.Tensor,[],decode,False
1277,post_attention_layernorm,,_to_copy,"[[B, 1, d_model]]",,,"[[B, 1, d_model]]",[1276],12,post_attention_layernorm,,1,model.layers.12.post_attention_layernorm,aten._to_copy.default,[],decode,True
1278,post_attention_layernorm,,elementwise_mul,"[[d_model], [B, 1, d_model]]",,,"[[B, 1, d_model]]",[1277],12,post_attention_layernorm,,1,model.layers.12.post_attention_layernorm,aten.mul.Tensor,[model.layers.12.post_attention_layernorm.weight],decode,False
1279,mlp,gate_proj,t,"[[d_ff, d_model]]","[d_ff, d_model]",0,"[[d_model, d_ff]]",[],12,mlp,gate_proj,2,model.layers.12.mlp.gate_proj,aten.t.default,[model.layers.12.mlp.gate_proj.weight],decode,True
1280,mlp,gate_proj,view,"[[B, 1, d_model]]",,,"[[B, d_model]]",[1278],12,mlp,gate_proj,2,model.layers.12.mlp.gate_proj,aten.view.default,[],decode,True
1281,mlp,gate_proj,matmul,"[[B, d_model], [d_model, d_ff]]","[d_ff, d_model]",1,"[[B, d_ff]]","[1279, 1280]",12,mlp,gate_proj,2,model.layers.12.mlp.gate_proj,aten.mm.default,[model.layers.12.mlp.gate_proj.weight],decode,False
1282,mlp,gate_proj,_unsafe_view,"[[B, d_ff]]",,,"[[B, 1, d_ff]]",[1281],12,mlp,gate_proj,2,model.layers.12.mlp.gate_proj,aten._unsafe_view.default,[],decode,True
1283,mlp,act_fn,silu,"[[B, 1, d_ff]]",,,"[[B, 1, d_ff]]",[1282],12,mlp,act_fn,2,model.layers.12.mlp.act_fn,aten.silu.default,[],decode,False
1284,mlp,up_proj,t,"[[d_ff, d_model]]","[d_ff, d_model]",0,"[[d_model, d_ff]]",[],12,mlp,up_proj,2,model.layers.12.mlp.up_proj,aten.t.default,[model.layers.12.mlp.up_proj.weight],decode,True
1285,mlp,up_proj,view,"[[B, 1, d_model]]",,,"[[B, d_model]]",[1278],12,mlp,up_proj,2,model.layers.12.mlp.up_proj,aten.view.default,[],decode,True
1286,mlp,up_proj,matmul,"[[B, d_model], [d_model, d_ff]]","[d_ff, d_model]",1,"[[B, d_ff]]","[1284, 1285]",12,mlp,up_proj,2,model.layers.12.mlp.up_proj,aten.mm.default,[model.layers.12.mlp.up_proj.weight],decode,False
1287,mlp,up_proj,_unsafe_view,"[[B, d_ff]]",,,"[[B, 1, d_ff]]",[1286],12,mlp,up_proj,2,model.layers.12.mlp.up_proj,aten._unsafe_view.default,[],decode,True
1288,mlp,,elementwise_mul,"[[B, 1, d_ff], [B, 1, d_ff]]",,,"[[B, 1, d_ff]]","[1283, 1287]",12,mlp,,1,model.layers.12.mlp,aten.mul.Tensor,[],decode,False
1289,mlp,down_proj,t,"[[d_model, d_ff]]","[d_model, d_ff]",0,"[[d_ff, d_model]]",[],12,mlp,down_proj,2,model.layers.12.mlp.down_proj,aten.t.default,[model.layers.12.mlp.down_proj.weight],decode,True
1290,mlp,down_proj,view,"[[B, 1, d_ff]]",,,"[[B, d_ff]]",[1288],12,mlp,down_proj,2,model.layers.12.mlp.down_proj,aten.view.default,[],decode,True
1291,mlp,down_proj,matmul,"[[B, d_ff], [d_ff, d_model]]","[d_model, d_ff]",1,"[[B, d_model]]","[1289, 1290]",12,mlp,down_proj,2,model.layers.12.mlp.down_proj,aten.mm.default,[model.layers.12.mlp.down_proj.weight],decode,False
1292,mlp,down_proj,_unsafe_view,"[[B, d_model]]",,,"[[B, 1, d_model]]",[1291],12,mlp,down_proj,2,model.layers.12.mlp.down_proj,aten._unsafe_view.default,[],decode,True
1293,,,elementwise_add,"[[B, 1, d_model], [B, 1, d_model]]",,,"[[B, 1, d_model]]","[1270, 1292]",12,,,0,model.layers.12,aten.add.Tensor,[],decode,False
1294,input_layernorm,,_to_copy,"[[B, 1, d_model]]",,,"[[B, 1, d_model]]",[1293],13,input_layernorm,,1,model.layers.13.input_layernorm,aten._to_copy.default,[],decode,True
1295,input_layernorm,,pow,"[[B, 1, d_model]]",,,"[[B, 1, d_model]]",[1294],13,input_layernorm,,1,model.layers.13.input_layernorm,aten.pow.Tensor_Scalar,[],decode,False
1296,input_layernorm,,mean,"[[B, 1, d_model]]",,,"[[B, 1, 1]]",[1295],13,input_layernorm,,1,model.layers.13.input_layernorm,aten.mean.dim,[],decode,False
1297,input_layernorm,,elementwise_add,"[[B, 1, 1]]",,,"[[B, 1, 1]]",[1296],13,input_layernorm,,1,model.layers.13.input_layernorm,aten.add.Tensor,[],decode,False
1298,input_layernorm,,rsqrt,"[[B, 1, 1]]",,,"[[B, 1, 1]]",[1297],13,input_layernorm,,1,model.layers.13.input_layernorm,aten.rsqrt.default,[],decode,False
1299,input_layernorm,,elementwise_mul,"[[B, 1, d_model], [B, 1, 1]]",,,"[[B, 1, d_model]]","[1294, 1298]",13,input_layernorm,,1,model.layers.13.input_layernorm,aten.mul.Tensor,[],decode,False
1300,input_layernorm,,_to_copy,"[[B, 1, d_model]]",,,"[[B, 1, d_model]]",[1299],13,input_layernorm,,1,model.layers.13.input_layernorm,aten._to_copy.default,[],decode,True
1301,input_layernorm,,elementwise_mul,"[[d_model], [B, 1, d_model]]",,,"[[B, 1, d_model]]",[1300],13,input_layernorm,,1,model.layers.13.input_layernorm,aten.mul.Tensor,[model.layers.13.input_layernorm.weight],decode,False
1302,self_attn,q_proj,t,"[[n_h*d_head, d_model]]","[n_h*d_head, d_model]",0,"[[d_model, n_h*d_head]]",[],13,self_attn,q_proj,2,model.layers.13.self_attn.q_proj,aten.t.default,[model.layers.13.self_attn.q_proj.weight],decode,True
1303,self_attn,q_proj,view,"[[B, 1, d_model]]",,,"[[B, d_model]]",[1301],13,self_attn,q_proj,2,model.layers.13.self_attn.q_proj,aten.view.default,[],decode,True
1304,self_attn,q_proj,matmul,"[[B, d_model], [d_model, n_h*d_head]]","[n_h*d_head, d_model]",1,"[[B, n_h*d_head]]","[1302, 1303]",13,self_attn,q_proj,2,model.layers.13.self_attn.q_proj,aten.mm.default,[model.layers.13.self_attn.q_proj.weight],decode,False
1305,self_attn,q_proj,_unsafe_view,"[[B, n_h*d_head]]",,,"[[B, 1, n_h*d_head]]",[1304],13,self_attn,q_proj,2,model.layers.13.self_attn.q_proj,aten._unsafe_view.default,[],decode,True
1306,self_attn,,view,"[[B, 1, n_h*d_head]]",,,"[[B, 1, n_h, d_head]]",[1305],13,self_attn,,1,model.layers.13.self_attn,aten.view.default,[],decode,True
1307,self_attn,,transpose,"[[B, 1, n_h, d_head]]",,,"[[B, n_h, 1, d_head]]",[1306],13,self_attn,,1,model.layers.13.self_attn,aten.transpose.int,[],decode,True
1308,self_attn,k_proj,t,"[[n_kv*d_head, d_model]]","[n_kv*d_head, d_model]",0,"[[d_model, n_kv*d_head]]",[],13,self_attn,k_proj,2,model.layers.13.self_attn.k_proj,aten.t.default,[model.layers.13.self_attn.k_proj.weight],decode,True
1309,self_attn,k_proj,view,"[[B, 1, d_model]]",,,"[[B, d_model]]",[1301],13,self_attn,k_proj,2,model.layers.13.self_attn.k_proj,aten.view.default,[],decode,True
1310,self_attn,k_proj,matmul,"[[B, d_model], [d_model, n_kv*d_head]]","[n_kv*d_head, d_model]",1,"[[B, n_kv*d_head]]","[1308, 1309]",13,self_attn,k_proj,2,model.layers.13.self_attn.k_proj,aten.mm.default,[model.layers.13.self_attn.k_proj.weight],decode,False
1311,self_attn,k_proj,_unsafe_view,"[[B, n_kv*d_head]]",,,"[[B, 1, n_kv*d_head]]",[1310],13,self_attn,k_proj,2,model.layers.13.self_attn.k_proj,aten._unsafe_view.default,[],decode,True
1312,self_attn,,view,"[[B, 1, n_kv*d_head]]",,,"[[B, 1, n_kv, d_head]]",[1311],13,self_attn,,1,model.layers.13.self_attn,aten.view.default,[],decode,True
1313,self_attn,,transpose,"[[B, 1, n_kv, d_head]]",,,"[[B, n_kv, 1, d_head]]",[1312],13,self_attn,,1,model.layers.13.self_attn,aten.transpose.int,[],decode,True
1314,self_attn,v_proj,t,"[[n_kv*d_head, d_model]]","[n_kv*d_head, d_model]",0,"[[d_model, n_kv*d_head]]",[],13,self_attn,v_proj,2,model.layers.13.self_attn.v_proj,aten.t.default,[model.layers.13.self_attn.v_proj.weight],decode,True
1315,self_attn,v_proj,view,"[[B, 1, d_model]]",,,"[[B, d_model]]",[1301],13,self_attn,v_proj,2,model.layers.13.self_attn.v_proj,aten.view.default,[],decode,True
1316,self_attn,v_proj,matmul,"[[B, d_model], [d_model, n_kv*d_head]]","[n_kv*d_head, d_model]",1,"[[B, n_kv*d_head]]","[1314, 1315]",13,self_attn,v_proj,2,model.layers.13.self_attn.v_proj,aten.mm.default,[model.layers.13.self_attn.v_proj.weight],decode,False
1317,self_attn,v_proj,_unsafe_view,"[[B, n_kv*d_head]]",,,"[[B, 1, n_kv*d_head]]",[1316],13,self_attn,v_proj,2,model.layers.13.self_attn.v_proj,aten._unsafe_view.default,[],decode,True
1318,self_attn,,view,"[[B, 1, n_kv*d_head]]",,,"[[B, 1, n_kv, d_head]]",[1317],13,self_attn,,1,model.layers.13.self_attn,aten.view.default,[],decode,True
1319,self_attn,,transpose,"[[B, 1, n_kv, d_head]]",,,"[[B, n_kv, 1, d_head]]",[1318],13,self_attn,,1,model.layers.13.self_attn,aten.transpose.int,[],decode,True
1320,self_attn,,unsqueeze,"[[B, 1, d_head]]",,,"[[B, 1, 1, d_head]]",[40],13,self_attn,,1,model.layers.13.self_attn,aten.unsqueeze.default,[],decode,True
1321,self_attn,,unsqueeze,"[[B, 1, d_head]]",,,"[[B, 1, 1, d_head]]",[41],13,self_attn,,1,model.layers.13.self_attn,aten.unsqueeze.default,[],decode,True
1322,self_attn,,elementwise_mul,"[[B, n_h, 1, d_head], [B, 1, 1, d_head]]",,,"[[B, n_h, 1, d_head]]","[1307, 1320]",13,self_attn,,1,model.layers.13.self_attn,aten.mul.Tensor,[],decode,False
1323,self_attn,,slice,"[[B, n_h, 1, d_head]]",,,"[[B, n_h, 1, d_head/2]]",[1307],13,self_attn,,1,model.layers.13.self_attn,aten.slice.Tensor,[],decode,True
1324,self_attn,,slice,"[[B, n_h, 1, d_head]]",,,"[[B, n_h, 1, d_head/2]]",[1307],13,self_attn,,1,model.layers.13.self_attn,aten.slice.Tensor,[],decode,True
1325,self_attn,,neg,"[[B, n_h, 1, d_head/2]]",,,"[[B, n_h, 1, d_head/2]]",[1324],13,self_attn,,1,model.layers.13.self_attn,aten.neg.default,[],decode,False
1326,self_attn,,concat,"[[B, n_h, 1, d_head/2], [B, n_h, 1, d_head/2]]",,,"[[B, n_h, 1, d_head]]","[1323, 1325]",13,self_attn,,1,model.layers.13.self_attn,aten.cat.default,[],decode,False
1327,self_attn,,elementwise_mul,"[[B, n_h, 1, d_head], [B, 1, 1, d_head]]",,,"[[B, n_h, 1, d_head]]","[1321, 1326]",13,self_attn,,1,model.layers.13.self_attn,aten.mul.Tensor,[],decode,False
1328,self_attn,,elementwise_add,"[[B, n_h, 1, d_head], [B, n_h, 1, d_head]]",,,"[[B, n_h, 1, d_head]]","[1322, 1327]",13,self_attn,,1,model.layers.13.self_attn,aten.add.Tensor,[],decode,False
1329,self_attn,,elementwise_mul,"[[B, n_kv, 1, d_head], [B, 1, 1, d_head]]",,,"[[B, n_kv, 1, d_head]]","[1313, 1320]",13,self_attn,,1,model.layers.13.self_attn,aten.mul.Tensor,[],decode,False
1330,self_attn,,slice,"[[B, n_kv, 1, d_head]]",,,"[[B, n_kv, 1, d_head/2]]",[1313],13,self_attn,,1,model.layers.13.self_attn,aten.slice.Tensor,[],decode,True
1331,self_attn,,slice,"[[B, n_kv, 1, d_head]]",,,"[[B, n_kv, 1, d_head/2]]",[1313],13,self_attn,,1,model.layers.13.self_attn,aten.slice.Tensor,[],decode,True
1332,self_attn,,neg,"[[B, n_kv, 1, d_head/2]]",,,"[[B, n_kv, 1, d_head/2]]",[1331],13,self_attn,,1,model.layers.13.self_attn,aten.neg.default,[],decode,False
1333,self_attn,,concat,"[[B, n_kv, 1, d_head/2], [B, n_kv, 1, d_head/2]]",,,"[[B, n_kv, 1, d_head]]","[1330, 1332]",13,self_attn,,1,model.layers.13.self_attn,aten.cat.default,[],decode,False
1334,self_attn,,elementwise_mul,"[[B, n_kv, 1, d_head], [B, 1, 1, d_head]]",,,"[[B, n_kv, 1, d_head]]","[1321, 1333]",13,self_attn,,1,model.layers.13.self_attn,aten.mul.Tensor,[],decode,False
1335,self_attn,,elementwise_add,"[[B, n_kv, 1, d_head], [B, n_kv, 1, d_head]]",,,"[[B, n_kv, 1, d_head]]","[1329, 1334]",13,self_attn,,1,model.layers.13.self_attn,aten.add.Tensor,[],decode,False
1336,self_attn,,concat,"[[B, n_kv, T, d_head], [B, n_kv, 1, d_head]]",,,"[[B, n_kv, T+1, d_head]]",[1335],13,self_attn,,1,model.layers.13.self_attn,aten.cat.default,[],decode,False
1337,self_attn,,concat,"[[B, n_kv, T, d_head], [B, n_kv, 1, d_head]]",,,"[[B, n_kv, T+1, d_head]]",[1319],13,self_attn,,1,model.layers.13.self_attn,aten.cat.default,[],decode,False
1338,self_attn,,unsqueeze,"[[B, n_kv, T+1, d_head]]",,,"[[B, n_kv, 1, T+1, d_head]]",[1336],13,self_attn,,1,model.layers.13.self_attn,aten.unsqueeze.default,[],decode,True
1339,self_attn,,expand,"[[B, n_kv, 1, T+1, d_head]]",,,"[[B, n_kv, n_h/n_kv, T+1, d_head]]",[1338],13,self_attn,,1,model.layers.13.self_attn,aten.expand.default,[],decode,True
1340,self_attn,,clone,"[[B, n_kv, n_h/n_kv, T+1, d_head]]",,,"[[B, n_kv, n_h/n_kv, T+1, d_head]]",[1339],13,self_attn,,1,model.layers.13.self_attn,aten.clone.default,[],decode,True
1341,self_attn,,_unsafe_view,"[[B, n_kv, n_h/n_kv, T+1, d_head]]",,,"[[B, n_h, T+1, d_head]]",[1340],13,self_attn,,1,model.layers.13.self_attn,aten._unsafe_view.default,[],decode,True
1342,self_attn,,unsqueeze,"[[B, n_kv, T+1, d_head]]",,,"[[B, n_kv, 1, T+1, d_head]]",[1337],13,self_attn,,1,model.layers.13.self_attn,aten.unsqueeze.default,[],decode,True
1343,self_attn,,expand,"[[B, n_kv, 1, T+1, d_head]]",,,"[[B, n_kv, n_h/n_kv, T+1, d_head]]",[1342],13,self_attn,,1,model.layers.13.self_attn,aten.expand.default,[],decode,True
1344,self_attn,,clone,"[[B, n_kv, n_h/n_kv, T+1, d_head]]",,,"[[B, n_kv, n_h/n_kv, T+1, d_head]]",[1343],13,self_attn,,1,model.layers.13.self_attn,aten.clone.default,[],decode,True
1345,self_attn,,_unsafe_view,"[[B, n_kv, n_h/n_kv, T+1, d_head]]",,,"[[B, n_h, T+1, d_head]]",[1344],13,self_attn,,1,model.layers.13.self_attn,aten._unsafe_view.default,[],decode,True
1346,self_attn,,transpose,"[[B, n_h, T+1, d_head]]",,,"[[B, n_h, d_head, T+1]]",[1341],13,self_attn,,1,model.layers.13.self_attn,aten.transpose.int,[],decode,True
1347,self_attn,,expand,"[[B, n_h, 1, d_head]]",,,"[[B, n_h, 1, d_head]]",[1328],13,self_attn,,1,model.layers.13.self_attn,aten.expand.default,[],decode,True
1348,self_attn,,view,"[[B, n_h, 1, d_head]]",,,"[[n_h, B, d_head]]",[1347],13,self_attn,,1,model.layers.13.self_attn,aten.view.default,[],decode,True
1349,self_attn,,expand,"[[B, n_h, d_head, T+1]]",,,"[[B, n_h, d_head, T+1]]",[1346],13,self_attn,,1,model.layers.13.self_attn,aten.expand.default,[],decode,True
1350,self_attn,,view,"[[B, n_h, d_head, T+1]]",,,"[[n_h, d_head, T+1]]",[1349],13,self_attn,,1,model.layers.13.self_attn,aten.view.default,[],decode,True
1351,self_attn,,batched_matmul,"[[n_h, B, d_head], [n_h, d_head, T+1]]",,,"[[n_h, B, T+1]]","[1348, 1350]",13,self_attn,,1,model.layers.13.self_attn,aten.bmm.default,[],decode,False
1352,self_attn,,_unsafe_view,"[[n_h, B, T+1]]",,,"[[B, n_h, 1, T+1]]",[1351],13,self_attn,,1,model.layers.13.self_attn,aten._unsafe_view.default,[],decode,True
1353,self_attn,,elementwise_mul,"[[B, n_h, 1, T+1]]",,,"[[B, n_h, 1, T+1]]",[1352],13,self_attn,,1,model.layers.13.self_attn,aten.mul.Tensor,[],decode,False
1354,self_attn,,elementwise_add,"[[B, n_h, 1, T+1], [B, 1, 1, T+1]]",,,"[[B, n_h, 1, T+1]]","[22, 1353]",13,self_attn,,1,model.layers.13.self_attn,aten.add.Tensor,[],decode,False
1355,self_attn,,_to_copy,"[[B, n_h, 1, T+1]]",,,"[[B, n_h, 1, T+1]]",[1354],13,self_attn,,1,model.layers.13.self_attn,aten._to_copy.default,[],decode,True
1356,self_attn,,softmax,"[[B, n_h, 1, T+1]]",,,"[[B, n_h, 1, T+1]]",[1355],13,self_attn,,1,model.layers.13.self_attn,aten._softmax.default,[],decode,False
1357,self_attn,,_to_copy,"[[B, n_h, 1, T+1]]",,,"[[B, n_h, 1, T+1]]",[1356],13,self_attn,,1,model.layers.13.self_attn,aten._to_copy.default,[],decode,True
1358,self_attn,,expand,"[[B, n_h, 1, T+1]]",,,"[[B, n_h, 1, T+1]]",[1357],13,self_attn,,1,model.layers.13.self_attn,aten.expand.default,[],decode,True
1359,self_attn,,view,"[[B, n_h, 1, T+1]]",,,"[[n_h, B, T+1]]",[1358],13,self_attn,,1,model.layers.13.self_attn,aten.view.default,[],decode,True
1360,self_attn,,expand,"[[B, n_h, T+1, d_head]]",,,"[[B, n_h, T+1, d_head]]",[1345],13,self_attn,,1,model.layers.13.self_attn,aten.expand.default,[],decode,True
1361,self_attn,,view,"[[B, n_h, T+1, d_head]]",,,"[[n_h, T+1, d_head]]",[1360],13,self_attn,,1,model.layers.13.self_attn,aten.view.default,[],decode,True
1362,self_attn,,batched_matmul,"[[n_h, B, T+1], [n_h, T+1, d_head]]",,,"[[n_h, B, d_head]]","[1359, 1361]",13,self_attn,,1,model.layers.13.self_attn,aten.bmm.default,[],decode,False
1363,self_attn,,_unsafe_view,"[[n_h, B, d_head]]",,,"[[B, n_h, 1, d_head]]",[1362],13,self_attn,,1,model.layers.13.self_attn,aten._unsafe_view.default,[],decode,True
1364,self_attn,,transpose,"[[B, n_h, 1, d_head]]",,,"[[B, 1, n_h, d_head]]",[1363],13,self_attn,,1,model.layers.13.self_attn,aten.transpose.int,[],decode,True
1365,self_attn,,view,"[[B, 1, n_h, d_head]]",,,"[[B, 1, n_h*d_head]]",[1364],13,self_attn,,1,model.layers.13.self_attn,aten.view.default,[],decode,True
1366,self_attn,o_proj,t,"[[d_model, n_h*d_head]]","[d_model, n_h*d_head]",0,"[[n_h*d_head, d_model]]",[],13,self_attn,o_proj,2,model.layers.13.self_attn.o_proj,aten.t.default,[model.layers.13.self_attn.o_proj.weight],decode,True
1367,self_attn,o_proj,view,"[[B, 1, n_h*d_head]]",,,"[[B, n_h*d_head]]",[1365],13,self_attn,o_proj,2,model.layers.13.self_attn.o_proj,aten.view.default,[],decode,True
1368,self_attn,o_proj,matmul,"[[B, n_h*d_head], [n_h*d_head, d_model]]","[d_model, n_h*d_head]",1,"[[B, d_model]]","[1366, 1367]",13,self_attn,o_proj,2,model.layers.13.self_attn.o_proj,aten.mm.default,[model.layers.13.self_attn.o_proj.weight],decode,False
1369,self_attn,o_proj,_unsafe_view,"[[B, d_model]]",,,"[[B, 1, d_model]]",[1368],13,self_attn,o_proj,2,model.layers.13.self_attn.o_proj,aten._unsafe_view.default,[],decode,True
1370,,,elementwise_add,"[[B, 1, d_model], [B, 1, d_model]]",,,"[[B, 1, d_model]]","[1293, 1369]",13,,,0,model.layers.13,aten.add.Tensor,[],decode,False
1371,post_attention_layernorm,,_to_copy,"[[B, 1, d_model]]",,,"[[B, 1, d_model]]",[1370],13,post_attention_layernorm,,1,model.layers.13.post_attention_layernorm,aten._to_copy.default,[],decode,True
1372,post_attention_layernorm,,pow,"[[B, 1, d_model]]",,,"[[B, 1, d_model]]",[1371],13,post_attention_layernorm,,1,model.layers.13.post_attention_layernorm,aten.pow.Tensor_Scalar,[],decode,False
1373,post_attention_layernorm,,mean,"[[B, 1, d_model]]",,,"[[B, 1, 1]]",[1372],13,post_attention_layernorm,,1,model.layers.13.post_attention_layernorm,aten.mean.dim,[],decode,False
1374,post_attention_layernorm,,elementwise_add,"[[B, 1, 1]]",,,"[[B, 1, 1]]",[1373],13,post_attention_layernorm,,1,model.layers.13.post_attention_layernorm,aten.add.Tensor,[],decode,False
1375,post_attention_layernorm,,rsqrt,"[[B, 1, 1]]",,,"[[B, 1, 1]]",[1374],13,post_attention_layernorm,,1,model.layers.13.post_attention_layernorm,aten.rsqrt.default,[],decode,False
1376,post_attention_layernorm,,elementwise_mul,"[[B, 1, d_model], [B, 1, 1]]",,,"[[B, 1, d_model]]","[1371, 1375]",13,post_attention_layernorm,,1,model.layers.13.post_attention_layernorm,aten.mul.Tensor,[],decode,False
1377,post_attention_layernorm,,_to_copy,"[[B, 1, d_model]]",,,"[[B, 1, d_model]]",[1376],13,post_attention_layernorm,,1,model.layers.13.post_attention_layernorm,aten._to_copy.default,[],decode,True
1378,post_attention_layernorm,,elementwise_mul,"[[d_model], [B, 1, d_model]]",,,"[[B, 1, d_model]]",[1377],13,post_attention_layernorm,,1,model.layers.13.post_attention_layernorm,aten.mul.Tensor,[model.layers.13.post_attention_layernorm.weight],decode,False
1379,mlp,gate_proj,t,"[[d_ff, d_model]]","[d_ff, d_model]",0,"[[d_model, d_ff]]",[],13,mlp,gate_proj,2,model.layers.13.mlp.gate_proj,aten.t.default,[model.layers.13.mlp.gate_proj.weight],decode,True
1380,mlp,gate_proj,view,"[[B, 1, d_model]]",,,"[[B, d_model]]",[1378],13,mlp,gate_proj,2,model.layers.13.mlp.gate_proj,aten.view.default,[],decode,True
1381,mlp,gate_proj,matmul,"[[B, d_model], [d_model, d_ff]]","[d_ff, d_model]",1,"[[B, d_ff]]","[1379, 1380]",13,mlp,gate_proj,2,model.layers.13.mlp.gate_proj,aten.mm.default,[model.layers.13.mlp.gate_proj.weight],decode,False
1382,mlp,gate_proj,_unsafe_view,"[[B, d_ff]]",,,"[[B, 1, d_ff]]",[1381],13,mlp,gate_proj,2,model.layers.13.mlp.gate_proj,aten._unsafe_view.default,[],decode,True
1383,mlp,act_fn,silu,"[[B, 1, d_ff]]",,,"[[B, 1, d_ff]]",[1382],13,mlp,act_fn,2,model.layers.13.mlp.act_fn,aten.silu.default,[],decode,False
1384,mlp,up_proj,t,"[[d_ff, d_model]]","[d_ff, d_model]",0,"[[d_model, d_ff]]",[],13,mlp,up_proj,2,model.layers.13.mlp.up_proj,aten.t.default,[model.layers.13.mlp.up_proj.weight],decode,True
1385,mlp,up_proj,view,"[[B, 1, d_model]]",,,"[[B, d_model]]",[1378],13,mlp,up_proj,2,model.layers.13.mlp.up_proj,aten.view.default,[],decode,True
1386,mlp,up_proj,matmul,"[[B, d_model], [d_model, d_ff]]","[d_ff, d_model]",1,"[[B, d_ff]]","[1384, 1385]",13,mlp,up_proj,2,model.layers.13.mlp.up_proj,aten.mm.default,[model.layers.13.mlp.up_proj.weight],decode,False
1387,mlp,up_proj,_unsafe_view,"[[B, d_ff]]",,,"[[B, 1, d_ff]]",[1386],13,mlp,up_proj,2,model.layers.13.mlp.up_proj,aten._unsafe_view.default,[],decode,True
1388,mlp,,elementwise_mul,"[[B, 1, d_ff], [B, 1, d_ff]]",,,"[[B, 1, d_ff]]","[1383, 1387]",13,mlp,,1,model.layers.13.mlp,aten.mul.Tensor,[],decode,False
1389,mlp,down_proj,t,"[[d_model, d_ff]]","[d_model, d_ff]",0,"[[d_ff, d_model]]",[],13,mlp,down_proj,2,model.layers.13.mlp.down_proj,aten.t.default,[model.layers.13.mlp.down_proj.weight],decode,True
1390,mlp,down_proj,view,"[[B, 1, d_ff]]",,,"[[B, d_ff]]",[1388],13,mlp,down_proj,2,model.layers.13.mlp.down_proj,aten.view.default,[],decode,True
1391,mlp,down_proj,matmul,"[[B, d_ff], [d_ff, d_model]]","[d_model, d_ff]",1,"[[B, d_model]]","[1389, 1390]",13,mlp,down_proj,2,model.layers.13.mlp.down_proj,aten.mm.default,[model.layers.13.mlp.down_proj.weight],decode,False
1392,mlp,down_proj,_unsafe_view,"[[B, d_model]]",,,"[[B, 1, d_model]]",[1391],13,mlp,down_proj,2,model.layers.13.mlp.down_proj,aten._unsafe_view.default,[],decode,True
1393,,,elementwise_add,"[[B, 1, d_model], [B, 1, d_model]]",,,"[[B, 1, d_model]]","[1370, 1392]",13,,,0,model.layers.13,aten.add.Tensor,[],decode,False
1394,input_layernorm,,_to_copy,"[[B, 1, d_model]]",,,"[[B, 1, d_model]]",[1393],14,input_layernorm,,1,model.layers.14.input_layernorm,aten._to_copy.default,[],decode,True
1395,input_layernorm,,pow,"[[B, 1, d_model]]",,,"[[B, 1, d_model]]",[1394],14,input_layernorm,,1,model.layers.14.input_layernorm,aten.pow.Tensor_Scalar,[],decode,False
1396,input_layernorm,,mean,"[[B, 1, d_model]]",,,"[[B, 1, 1]]",[1395],14,input_layernorm,,1,model.layers.14.input_layernorm,aten.mean.dim,[],decode,False
1397,input_layernorm,,elementwise_add,"[[B, 1, 1]]",,,"[[B, 1, 1]]",[1396],14,input_layernorm,,1,model.layers.14.input_layernorm,aten.add.Tensor,[],decode,False
1398,input_layernorm,,rsqrt,"[[B, 1, 1]]",,,"[[B, 1, 1]]",[1397],14,input_layernorm,,1,model.layers.14.input_layernorm,aten.rsqrt.default,[],decode,False
1399,input_layernorm,,elementwise_mul,"[[B, 1, d_model], [B, 1, 1]]",,,"[[B, 1, d_model]]","[1394, 1398]",14,input_layernorm,,1,model.layers.14.input_layernorm,aten.mul.Tensor,[],decode,False
1400,input_layernorm,,_to_copy,"[[B, 1, d_model]]",,,"[[B, 1, d_model]]",[1399],14,input_layernorm,,1,model.layers.14.input_layernorm,aten._to_copy.default,[],decode,True
1401,input_layernorm,,elementwise_mul,"[[d_model], [B, 1, d_model]]",,,"[[B, 1, d_model]]",[1400],14,input_layernorm,,1,model.layers.14.input_layernorm,aten.mul.Tensor,[model.layers.14.input_layernorm.weight],decode,False
1402,self_attn,q_proj,t,"[[n_h*d_head, d_model]]","[n_h*d_head, d_model]",0,"[[d_model, n_h*d_head]]",[],14,self_attn,q_proj,2,model.layers.14.self_attn.q_proj,aten.t.default,[model.layers.14.self_attn.q_proj.weight],decode,True
1403,self_attn,q_proj,view,"[[B, 1, d_model]]",,,"[[B, d_model]]",[1401],14,self_attn,q_proj,2,model.layers.14.self_attn.q_proj,aten.view.default,[],decode,True
1404,self_attn,q_proj,matmul,"[[B, d_model], [d_model, n_h*d_head]]","[n_h*d_head, d_model]",1,"[[B, n_h*d_head]]","[1402, 1403]",14,self_attn,q_proj,2,model.layers.14.self_attn.q_proj,aten.mm.default,[model.layers.14.self_attn.q_proj.weight],decode,False
1405,self_attn,q_proj,_unsafe_view,"[[B, n_h*d_head]]",,,"[[B, 1, n_h*d_head]]",[1404],14,self_attn,q_proj,2,model.layers.14.self_attn.q_proj,aten._unsafe_view.default,[],decode,True
1406,self_attn,,view,"[[B, 1, n_h*d_head]]",,,"[[B, 1, n_h, d_head]]",[1405],14,self_attn,,1,model.layers.14.self_attn,aten.view.default,[],decode,True
1407,self_attn,,transpose,"[[B, 1, n_h, d_head]]",,,"[[B, n_h, 1, d_head]]",[1406],14,self_attn,,1,model.layers.14.self_attn,aten.transpose.int,[],decode,True
1408,self_attn,k_proj,t,"[[n_kv*d_head, d_model]]","[n_kv*d_head, d_model]",0,"[[d_model, n_kv*d_head]]",[],14,self_attn,k_proj,2,model.layers.14.self_attn.k_proj,aten.t.default,[model.layers.14.self_attn.k_proj.weight],decode,True
1409,self_attn,k_proj,view,"[[B, 1, d_model]]",,,"[[B, d_model]]",[1401],14,self_attn,k_proj,2,model.layers.14.self_attn.k_proj,aten.view.default,[],decode,True
1410,self_attn,k_proj,matmul,"[[B, d_model], [d_model, n_kv*d_head]]","[n_kv*d_head, d_model]",1,"[[B, n_kv*d_head]]","[1408, 1409]",14,self_attn,k_proj,2,model.layers.14.self_attn.k_proj,aten.mm.default,[model.layers.14.self_attn.k_proj.weight],decode,False
1411,self_attn,k_proj,_unsafe_view,"[[B, n_kv*d_head]]",,,"[[B, 1, n_kv*d_head]]",[1410],14,self_attn,k_proj,2,model.layers.14.self_attn.k_proj,aten._unsafe_view.default,[],decode,True
1412,self_attn,,view,"[[B, 1, n_kv*d_head]]",,,"[[B, 1, n_kv, d_head]]",[1411],14,self_attn,,1,model.layers.14.self_attn,aten.view.default,[],decode,True
1413,self_attn,,transpose,"[[B, 1, n_kv, d_head]]",,,"[[B, n_kv, 1, d_head]]",[1412],14,self_attn,,1,model.layers.14.self_attn,aten.transpose.int,[],decode,True
1414,self_attn,v_proj,t,"[[n_kv*d_head, d_model]]","[n_kv*d_head, d_model]",0,"[[d_model, n_kv*d_head]]",[],14,self_attn,v_proj,2,model.layers.14.self_attn.v_proj,aten.t.default,[model.layers.14.self_attn.v_proj.weight],decode,True
1415,self_attn,v_proj,view,"[[B, 1, d_model]]",,,"[[B, d_model]]",[1401],14,self_attn,v_proj,2,model.layers.14.self_attn.v_proj,aten.view.default,[],decode,True
1416,self_attn,v_proj,matmul,"[[B, d_model], [d_model, n_kv*d_head]]","[n_kv*d_head, d_model]",1,"[[B, n_kv*d_head]]","[1414, 1415]",14,self_attn,v_proj,2,model.layers.14.self_attn.v_proj,aten.mm.default,[model.layers.14.self_attn.v_proj.weight],decode,False
1417,self_attn,v_proj,_unsafe_view,"[[B, n_kv*d_head]]",,,"[[B, 1, n_kv*d_head]]",[1416],14,self_attn,v_proj,2,model.layers.14.self_attn.v_proj,aten._unsafe_view.default,[],decode,True
1418,self_attn,,view,"[[B, 1, n_kv*d_head]]",,,"[[B, 1, n_kv, d_head]]",[1417],14,self_attn,,1,model.layers.14.self_attn,aten.view.default,[],decode,True
1419,self_attn,,transpose,"[[B, 1, n_kv, d_head]]",,,"[[B, n_kv, 1, d_head]]",[1418],14,self_attn,,1,model.layers.14.self_attn,aten.transpose.int,[],decode,True
1420,self_attn,,unsqueeze,"[[B, 1, d_head]]",,,"[[B, 1, 1, d_head]]",[40],14,self_attn,,1,model.layers.14.self_attn,aten.unsqueeze.default,[],decode,True
1421,self_attn,,unsqueeze,"[[B, 1, d_head]]",,,"[[B, 1, 1, d_head]]",[41],14,self_attn,,1,model.layers.14.self_attn,aten.unsqueeze.default,[],decode,True
1422,self_attn,,elementwise_mul,"[[B, n_h, 1, d_head], [B, 1, 1, d_head]]",,,"[[B, n_h, 1, d_head]]","[1407, 1420]",14,self_attn,,1,model.layers.14.self_attn,aten.mul.Tensor,[],decode,False
1423,self_attn,,slice,"[[B, n_h, 1, d_head]]",,,"[[B, n_h, 1, d_head/2]]",[1407],14,self_attn,,1,model.layers.14.self_attn,aten.slice.Tensor,[],decode,True
1424,self_attn,,slice,"[[B, n_h, 1, d_head]]",,,"[[B, n_h, 1, d_head/2]]",[1407],14,self_attn,,1,model.layers.14.self_attn,aten.slice.Tensor,[],decode,True
1425,self_attn,,neg,"[[B, n_h, 1, d_head/2]]",,,"[[B, n_h, 1, d_head/2]]",[1424],14,self_attn,,1,model.layers.14.self_attn,aten.neg.default,[],decode,False
1426,self_attn,,concat,"[[B, n_h, 1, d_head/2], [B, n_h, 1, d_head/2]]",,,"[[B, n_h, 1, d_head]]","[1423, 1425]",14,self_attn,,1,model.layers.14.self_attn,aten.cat.default,[],decode,False
1427,self_attn,,elementwise_mul,"[[B, n_h, 1, d_head], [B, 1, 1, d_head]]",,,"[[B, n_h, 1, d_head]]","[1421, 1426]",14,self_attn,,1,model.layers.14.self_attn,aten.mul.Tensor,[],decode,False
1428,self_attn,,elementwise_add,"[[B, n_h, 1, d_head], [B, n_h, 1, d_head]]",,,"[[B, n_h, 1, d_head]]","[1422, 1427]",14,self_attn,,1,model.layers.14.self_attn,aten.add.Tensor,[],decode,False
1429,self_attn,,elementwise_mul,"[[B, n_kv, 1, d_head], [B, 1, 1, d_head]]",,,"[[B, n_kv, 1, d_head]]","[1413, 1420]",14,self_attn,,1,model.layers.14.self_attn,aten.mul.Tensor,[],decode,False
1430,self_attn,,slice,"[[B, n_kv, 1, d_head]]",,,"[[B, n_kv, 1, d_head/2]]",[1413],14,self_attn,,1,model.layers.14.self_attn,aten.slice.Tensor,[],decode,True
1431,self_attn,,slice,"[[B, n_kv, 1, d_head]]",,,"[[B, n_kv, 1, d_head/2]]",[1413],14,self_attn,,1,model.layers.14.self_attn,aten.slice.Tensor,[],decode,True
1432,self_attn,,neg,"[[B, n_kv, 1, d_head/2]]",,,"[[B, n_kv, 1, d_head/2]]",[1431],14,self_attn,,1,model.layers.14.self_attn,aten.neg.default,[],decode,False
1433,self_attn,,concat,"[[B, n_kv, 1, d_head/2], [B, n_kv, 1, d_head/2]]",,,"[[B, n_kv, 1, d_head]]","[1430, 1432]",14,self_attn,,1,model.layers.14.self_attn,aten.cat.default,[],decode,False
1434,self_attn,,elementwise_mul,"[[B, n_kv, 1, d_head], [B, 1, 1, d_head]]",,,"[[B, n_kv, 1, d_head]]","[1421, 1433]",14,self_attn,,1,model.layers.14.self_attn,aten.mul.Tensor,[],decode,False
1435,self_attn,,elementwise_add,"[[B, n_kv, 1, d_head], [B, n_kv, 1, d_head]]",,,"[[B, n_kv, 1, d_head]]","[1429, 1434]",14,self_attn,,1,model.layers.14.self_attn,aten.add.Tensor,[],decode,False
1436,self_attn,,concat,"[[B, n_kv, T, d_head], [B, n_kv, 1, d_head]]",,,"[[B, n_kv, T+1, d_head]]",[1435],14,self_attn,,1,model.layers.14.self_attn,aten.cat.default,[],decode,False
1437,self_attn,,concat,"[[B, n_kv, T, d_head], [B, n_kv, 1, d_head]]",,,"[[B, n_kv, T+1, d_head]]",[1419],14,self_attn,,1,model.layers.14.self_attn,aten.cat.default,[],decode,False
1438,self_attn,,unsqueeze,"[[B, n_kv, T+1, d_head]]",,,"[[B, n_kv, 1, T+1, d_head]]",[1436],14,self_attn,,1,model.layers.14.self_attn,aten.unsqueeze.default,[],decode,True
1439,self_attn,,expand,"[[B, n_kv, 1, T+1, d_head]]",,,"[[B, n_kv, n_h/n_kv, T+1, d_head]]",[1438],14,self_attn,,1,model.layers.14.self_attn,aten.expand.default,[],decode,True
1440,self_attn,,clone,"[[B, n_kv, n_h/n_kv, T+1, d_head]]",,,"[[B, n_kv, n_h/n_kv, T+1, d_head]]",[1439],14,self_attn,,1,model.layers.14.self_attn,aten.clone.default,[],decode,True
1441,self_attn,,_unsafe_view,"[[B, n_kv, n_h/n_kv, T+1, d_head]]",,,"[[B, n_h, T+1, d_head]]",[1440],14,self_attn,,1,model.layers.14.self_attn,aten._unsafe_view.default,[],decode,True
1442,self_attn,,unsqueeze,"[[B, n_kv, T+1, d_head]]",,,"[[B, n_kv, 1, T+1, d_head]]",[1437],14,self_attn,,1,model.layers.14.self_attn,aten.unsqueeze.default,[],decode,True
1443,self_attn,,expand,"[[B, n_kv, 1, T+1, d_head]]",,,"[[B, n_kv, n_h/n_kv, T+1, d_head]]",[1442],14,self_attn,,1,model.layers.14.self_attn,aten.expand.default,[],decode,True
1444,self_attn,,clone,"[[B, n_kv, n_h/n_kv, T+1, d_head]]",,,"[[B, n_kv, n_h/n_kv, T+1, d_head]]",[1443],14,self_attn,,1,model.layers.14.self_attn,aten.clone.default,[],decode,True
1445,self_attn,,_unsafe_view,"[[B, n_kv, n_h/n_kv, T+1, d_head]]",,,"[[B, n_h, T+1, d_head]]",[1444],14,self_attn,,1,model.layers.14.self_attn,aten._unsafe_view.default,[],decode,True
1446,self_attn,,transpose,"[[B, n_h, T+1, d_head]]",,,"[[B, n_h, d_head, T+1]]",[1441],14,self_attn,,1,model.layers.14.self_attn,aten.transpose.int,[],decode,True
1447,self_attn,,expand,"[[B, n_h, 1, d_head]]",,,"[[B, n_h, 1, d_head]]",[1428],14,self_attn,,1,model.layers.14.self_attn,aten.expand.default,[],decode,True
1448,self_attn,,view,"[[B, n_h, 1, d_head]]",,,"[[n_h, B, d_head]]",[1447],14,self_attn,,1,model.layers.14.self_attn,aten.view.default,[],decode,True
1449,self_attn,,expand,"[[B, n_h, d_head, T+1]]",,,"[[B, n_h, d_head, T+1]]",[1446],14,self_attn,,1,model.layers.14.self_attn,aten.expand.default,[],decode,True
1450,self_attn,,view,"[[B, n_h, d_head, T+1]]",,,"[[n_h, d_head, T+1]]",[1449],14,self_attn,,1,model.layers.14.self_attn,aten.view.default,[],decode,True
1451,self_attn,,batched_matmul,"[[n_h, B, d_head], [n_h, d_head, T+1]]",,,"[[n_h, B, T+1]]","[1448, 1450]",14,self_attn,,1,model.layers.14.self_attn,aten.bmm.default,[],decode,False
1452,self_attn,,_unsafe_view,"[[n_h, B, T+1]]",,,"[[B, n_h, 1, T+1]]",[1451],14,self_attn,,1,model.layers.14.self_attn,aten._unsafe_view.default,[],decode,True
1453,self_attn,,elementwise_mul,"[[B, n_h, 1, T+1]]",,,"[[B, n_h, 1, T+1]]",[1452],14,self_attn,,1,model.layers.14.self_attn,aten.mul.Tensor,[],decode,False
1454,self_attn,,elementwise_add,"[[B, n_h, 1, T+1], [B, 1, 1, T+1]]",,,"[[B, n_h, 1, T+1]]","[22, 1453]",14,self_attn,,1,model.layers.14.self_attn,aten.add.Tensor,[],decode,False
1455,self_attn,,_to_copy,"[[B, n_h, 1, T+1]]",,,"[[B, n_h, 1, T+1]]",[1454],14,self_attn,,1,model.layers.14.self_attn,aten._to_copy.default,[],decode,True
1456,self_attn,,softmax,"[[B, n_h, 1, T+1]]",,,"[[B, n_h, 1, T+1]]",[1455],14,self_attn,,1,model.layers.14.self_attn,aten._softmax.default,[],decode,False
1457,self_attn,,_to_copy,"[[B, n_h, 1, T+1]]",,,"[[B, n_h, 1, T+1]]",[1456],14,self_attn,,1,model.layers.14.self_attn,aten._to_copy.default,[],decode,True
1458,self_attn,,expand,"[[B, n_h, 1, T+1]]",,,"[[B, n_h, 1, T+1]]",[1457],14,self_attn,,1,model.layers.14.self_attn,aten.expand.default,[],decode,True
1459,self_attn,,view,"[[B, n_h, 1, T+1]]",,,"[[n_h, B, T+1]]",[1458],14,self_attn,,1,model.layers.14.self_attn,aten.view.default,[],decode,True
1460,self_attn,,expand,"[[B, n_h, T+1, d_head]]",,,"[[B, n_h, T+1, d_head]]",[1445],14,self_attn,,1,model.layers.14.self_attn,aten.expand.default,[],decode,True
1461,self_attn,,view,"[[B, n_h, T+1, d_head]]",,,"[[n_h, T+1, d_head]]",[1460],14,self_attn,,1,model.layers.14.self_attn,aten.view.default,[],decode,True
1462,self_attn,,batched_matmul,"[[n_h, B, T+1], [n_h, T+1, d_head]]",,,"[[n_h, B, d_head]]","[1459, 1461]",14,self_attn,,1,model.layers.14.self_attn,aten.bmm.default,[],decode,False
1463,self_attn,,_unsafe_view,"[[n_h, B, d_head]]",,,"[[B, n_h, 1, d_head]]",[1462],14,self_attn,,1,model.layers.14.self_attn,aten._unsafe_view.default,[],decode,True
1464,self_attn,,transpose,"[[B, n_h, 1, d_head]]",,,"[[B, 1, n_h, d_head]]",[1463],14,self_attn,,1,model.layers.14.self_attn,aten.transpose.int,[],decode,True
1465,self_attn,,view,"[[B, 1, n_h, d_head]]",,,"[[B, 1, n_h*d_head]]",[1464],14,self_attn,,1,model.layers.14.self_attn,aten.view.default,[],decode,True
1466,self_attn,o_proj,t,"[[d_model, n_h*d_head]]","[d_model, n_h*d_head]",0,"[[n_h*d_head, d_model]]",[],14,self_attn,o_proj,2,model.layers.14.self_attn.o_proj,aten.t.default,[model.layers.14.self_attn.o_proj.weight],decode,True
1467,self_attn,o_proj,view,"[[B, 1, n_h*d_head]]",,,"[[B, n_h*d_head]]",[1465],14,self_attn,o_proj,2,model.layers.14.self_attn.o_proj,aten.view.default,[],decode,True
1468,self_attn,o_proj,matmul,"[[B, n_h*d_head], [n_h*d_head, d_model]]","[d_model, n_h*d_head]",1,"[[B, d_model]]","[1466, 1467]",14,self_attn,o_proj,2,model.layers.14.self_attn.o_proj,aten.mm.default,[model.layers.14.self_attn.o_proj.weight],decode,False
1469,self_attn,o_proj,_unsafe_view,"[[B, d_model]]",,,"[[B, 1, d_model]]",[1468],14,self_attn,o_proj,2,model.layers.14.self_attn.o_proj,aten._unsafe_view.default,[],decode,True
1470,,,elementwise_add,"[[B, 1, d_model], [B, 1, d_model]]",,,"[[B, 1, d_model]]","[1393, 1469]",14,,,0,model.layers.14,aten.add.Tensor,[],decode,False
1471,post_attention_layernorm,,_to_copy,"[[B, 1, d_model]]",,,"[[B, 1, d_model]]",[1470],14,post_attention_layernorm,,1,model.layers.14.post_attention_layernorm,aten._to_copy.default,[],decode,True
1472,post_attention_layernorm,,pow,"[[B, 1, d_model]]",,,"[[B, 1, d_model]]",[1471],14,post_attention_layernorm,,1,model.layers.14.post_attention_layernorm,aten.pow.Tensor_Scalar,[],decode,False
1473,post_attention_layernorm,,mean,"[[B, 1, d_model]]",,,"[[B, 1, 1]]",[1472],14,post_attention_layernorm,,1,model.layers.14.post_attention_layernorm,aten.mean.dim,[],decode,False
1474,post_attention_layernorm,,elementwise_add,"[[B, 1, 1]]",,,"[[B, 1, 1]]",[1473],14,post_attention_layernorm,,1,model.layers.14.post_attention_layernorm,aten.add.Tensor,[],decode,False
1475,post_attention_layernorm,,rsqrt,"[[B, 1, 1]]",,,"[[B, 1, 1]]",[1474],14,post_attention_layernorm,,1,model.layers.14.post_attention_layernorm,aten.rsqrt.default,[],decode,False
1476,post_attention_layernorm,,elementwise_mul,"[[B, 1, d_model], [B, 1, 1]]",,,"[[B, 1, d_model]]","[1471, 1475]",14,post_attention_layernorm,,1,model.layers.14.post_attention_layernorm,aten.mul.Tensor,[],decode,False
1477,post_attention_layernorm,,_to_copy,"[[B, 1, d_model]]",,,"[[B, 1, d_model]]",[1476],14,post_attention_layernorm,,1,model.layers.14.post_attention_layernorm,aten._to_copy.default,[],decode,True
1478,post_attention_layernorm,,elementwise_mul,"[[d_model], [B, 1, d_model]]",,,"[[B, 1, d_model]]",[1477],14,post_attention_layernorm,,1,model.layers.14.post_attention_layernorm,aten.mul.Tensor,[model.layers.14.post_attention_layernorm.weight],decode,False
1479,mlp,gate_proj,t,"[[d_ff, d_model]]","[d_ff, d_model]",0,"[[d_model, d_ff]]",[],14,mlp,gate_proj,2,model.layers.14.mlp.gate_proj,aten.t.default,[model.layers.14.mlp.gate_proj.weight],decode,True
1480,mlp,gate_proj,view,"[[B, 1, d_model]]",,,"[[B, d_model]]",[1478],14,mlp,gate_proj,2,model.layers.14.mlp.gate_proj,aten.view.default,[],decode,True
1481,mlp,gate_proj,matmul,"[[B, d_model], [d_model, d_ff]]","[d_ff, d_model]",1,"[[B, d_ff]]","[1479, 1480]",14,mlp,gate_proj,2,model.layers.14.mlp.gate_proj,aten.mm.default,[model.layers.14.mlp.gate_proj.weight],decode,False
1482,mlp,gate_proj,_unsafe_view,"[[B, d_ff]]",,,"[[B, 1, d_ff]]",[1481],14,mlp,gate_proj,2,model.layers.14.mlp.gate_proj,aten._unsafe_view.default,[],decode,True
1483,mlp,act_fn,silu,"[[B, 1, d_ff]]",,,"[[B, 1, d_ff]]",[1482],14,mlp,act_fn,2,model.layers.14.mlp.act_fn,aten.silu.default,[],decode,False
1484,mlp,up_proj,t,"[[d_ff, d_model]]","[d_ff, d_model]",0,"[[d_model, d_ff]]",[],14,mlp,up_proj,2,model.layers.14.mlp.up_proj,aten.t.default,[model.layers.14.mlp.up_proj.weight],decode,True
1485,mlp,up_proj,view,"[[B, 1, d_model]]",,,"[[B, d_model]]",[1478],14,mlp,up_proj,2,model.layers.14.mlp.up_proj,aten.view.default,[],decode,True
1486,mlp,up_proj,matmul,"[[B, d_model], [d_model, d_ff]]","[d_ff, d_model]",1,"[[B, d_ff]]","[1484, 1485]",14,mlp,up_proj,2,model.layers.14.mlp.up_proj,aten.mm.default,[model.layers.14.mlp.up_proj.weight],decode,False
1487,mlp,up_proj,_unsafe_view,"[[B, d_ff]]",,,"[[B, 1, d_ff]]",[1486],14,mlp,up_proj,2,model.layers.14.mlp.up_proj,aten._unsafe_view.default,[],decode,True
1488,mlp,,elementwise_mul,"[[B, 1, d_ff], [B, 1, d_ff]]",,,"[[B, 1, d_ff]]","[1483, 1487]",14,mlp,,1,model.layers.14.mlp,aten.mul.Tensor,[],decode,False
1489,mlp,down_proj,t,"[[d_model, d_ff]]","[d_model, d_ff]",0,"[[d_ff, d_model]]",[],14,mlp,down_proj,2,model.layers.14.mlp.down_proj,aten.t.default,[model.layers.14.mlp.down_proj.weight],decode,True
1490,mlp,down_proj,view,"[[B, 1, d_ff]]",,,"[[B, d_ff]]",[1488],14,mlp,down_proj,2,model.layers.14.mlp.down_proj,aten.view.default,[],decode,True
1491,mlp,down_proj,matmul,"[[B, d_ff], [d_ff, d_model]]","[d_model, d_ff]",1,"[[B, d_model]]","[1489, 1490]",14,mlp,down_proj,2,model.layers.14.mlp.down_proj,aten.mm.default,[model.layers.14.mlp.down_proj.weight],decode,False
1492,mlp,down_proj,_unsafe_view,"[[B, d_model]]",,,"[[B, 1, d_model]]",[1491],14,mlp,down_proj,2,model.layers.14.mlp.down_proj,aten._unsafe_view.default,[],decode,True
1493,,,elementwise_add,"[[B, 1, d_model], [B, 1, d_model]]",,,"[[B, 1, d_model]]","[1470, 1492]",14,,,0,model.layers.14,aten.add.Tensor,[],decode,False
1494,input_layernorm,,_to_copy,"[[B, 1, d_model]]",,,"[[B, 1, d_model]]",[1493],15,input_layernorm,,1,model.layers.15.input_layernorm,aten._to_copy.default,[],decode,True
1495,input_layernorm,,pow,"[[B, 1, d_model]]",,,"[[B, 1, d_model]]",[1494],15,input_layernorm,,1,model.layers.15.input_layernorm,aten.pow.Tensor_Scalar,[],decode,False
1496,input_layernorm,,mean,"[[B, 1, d_model]]",,,"[[B, 1, 1]]",[1495],15,input_layernorm,,1,model.layers.15.input_layernorm,aten.mean.dim,[],decode,False
1497,input_layernorm,,elementwise_add,"[[B, 1, 1]]",,,"[[B, 1, 1]]",[1496],15,input_layernorm,,1,model.layers.15.input_layernorm,aten.add.Tensor,[],decode,False
1498,input_layernorm,,rsqrt,"[[B, 1, 1]]",,,"[[B, 1, 1]]",[1497],15,input_layernorm,,1,model.layers.15.input_layernorm,aten.rsqrt.default,[],decode,False
1499,input_layernorm,,elementwise_mul,"[[B, 1, d_model], [B, 1, 1]]",,,"[[B, 1, d_model]]","[1494, 1498]",15,input_layernorm,,1,model.layers.15.input_layernorm,aten.mul.Tensor,[],decode,False
1500,input_layernorm,,_to_copy,"[[B, 1, d_model]]",,,"[[B, 1, d_model]]",[1499],15,input_layernorm,,1,model.layers.15.input_layernorm,aten._to_copy.default,[],decode,True
1501,input_layernorm,,elementwise_mul,"[[d_model], [B, 1, d_model]]",,,"[[B, 1, d_model]]",[1500],15,input_layernorm,,1,model.layers.15.input_layernorm,aten.mul.Tensor,[model.layers.15.input_layernorm.weight],decode,False
1502,self_attn,q_proj,t,"[[n_h*d_head, d_model]]","[n_h*d_head, d_model]",0,"[[d_model, n_h*d_head]]",[],15,self_attn,q_proj,2,model.layers.15.self_attn.q_proj,aten.t.default,[model.layers.15.self_attn.q_proj.weight],decode,True
1503,self_attn,q_proj,view,"[[B, 1, d_model]]",,,"[[B, d_model]]",[1501],15,self_attn,q_proj,2,model.layers.15.self_attn.q_proj,aten.view.default,[],decode,True
1504,self_attn,q_proj,matmul,"[[B, d_model], [d_model, n_h*d_head]]","[n_h*d_head, d_model]",1,"[[B, n_h*d_head]]","[1502, 1503]",15,self_attn,q_proj,2,model.layers.15.self_attn.q_proj,aten.mm.default,[model.layers.15.self_attn.q_proj.weight],decode,False
1505,self_attn,q_proj,_unsafe_view,"[[B, n_h*d_head]]",,,"[[B, 1, n_h*d_head]]",[1504],15,self_attn,q_proj,2,model.layers.15.self_attn.q_proj,aten._unsafe_view.default,[],decode,True
1506,self_attn,,view,"[[B, 1, n_h*d_head]]",,,"[[B, 1, n_h, d_head]]",[1505],15,self_attn,,1,model.layers.15.self_attn,aten.view.default,[],decode,True
1507,self_attn,,transpose,"[[B, 1, n_h, d_head]]",,,"[[B, n_h, 1, d_head]]",[1506],15,self_attn,,1,model.layers.15.self_attn,aten.transpose.int,[],decode,True
1508,self_attn,k_proj,t,"[[n_kv*d_head, d_model]]","[n_kv*d_head, d_model]",0,"[[d_model, n_kv*d_head]]",[],15,self_attn,k_proj,2,model.layers.15.self_attn.k_proj,aten.t.default,[model.layers.15.self_attn.k_proj.weight],decode,True
1509,self_attn,k_proj,view,"[[B, 1, d_model]]",,,"[[B, d_model]]",[1501],15,self_attn,k_proj,2,model.layers.15.self_attn.k_proj,aten.view.default,[],decode,True
1510,self_attn,k_proj,matmul,"[[B, d_model], [d_model, n_kv*d_head]]","[n_kv*d_head, d_model]",1,"[[B, n_kv*d_head]]","[1508, 1509]",15,self_attn,k_proj,2,model.layers.15.self_attn.k_proj,aten.mm.default,[model.layers.15.self_attn.k_proj.weight],decode,False
1511,self_attn,k_proj,_unsafe_view,"[[B, n_kv*d_head]]",,,"[[B, 1, n_kv*d_head]]",[1510],15,self_attn,k_proj,2,model.layers.15.self_attn.k_proj,aten._unsafe_view.default,[],decode,True
1512,self_attn,,view,"[[B, 1, n_kv*d_head]]",,,"[[B, 1, n_kv, d_head]]",[1511],15,self_attn,,1,model.layers.15.self_attn,aten.view.default,[],decode,True
1513,self_attn,,transpose,"[[B, 1, n_kv, d_head]]",,,"[[B, n_kv, 1, d_head]]",[1512],15,self_attn,,1,model.layers.15.self_attn,aten.transpose.int,[],decode,True
1514,self_attn,v_proj,t,"[[n_kv*d_head, d_model]]","[n_kv*d_head, d_model]",0,"[[d_model, n_kv*d_head]]",[],15,self_attn,v_proj,2,model.layers.15.self_attn.v_proj,aten.t.default,[model.layers.15.self_attn.v_proj.weight],decode,True
1515,self_attn,v_proj,view,"[[B, 1, d_model]]",,,"[[B, d_model]]",[1501],15,self_attn,v_proj,2,model.layers.15.self_attn.v_proj,aten.view.default,[],decode,True
1516,self_attn,v_proj,matmul,"[[B, d_model], [d_model, n_kv*d_head]]","[n_kv*d_head, d_model]",1,"[[B, n_kv*d_head]]","[1514, 1515]",15,self_attn,v_proj,2,model.layers.15.self_attn.v_proj,aten.mm.default,[model.layers.15.self_attn.v_proj.weight],decode,False
1517,self_attn,v_proj,_unsafe_view,"[[B, n_kv*d_head]]",,,"[[B, 1, n_kv*d_head]]",[1516],15,self_attn,v_proj,2,model.layers.15.self_attn.v_proj,aten._unsafe_view.default,[],decode,True
1518,self_attn,,view,"[[B, 1, n_kv*d_head]]",,,"[[B, 1, n_kv, d_head]]",[1517],15,self_attn,,1,model.layers.15.self_attn,aten.view.default,[],decode,True
1519,self_attn,,transpose,"[[B, 1, n_kv, d_head]]",,,"[[B, n_kv, 1, d_head]]",[1518],15,self_attn,,1,model.layers.15.self_attn,aten.transpose.int,[],decode,True
1520,self_attn,,concat,"[[B, n_kv, T, d_head], [B, n_kv, 1, d_head]]",,,"[[B, n_kv, T+1, d_head]]",[1513],15,self_attn,,1,model.layers.15.self_attn,aten.cat.default,[],decode,False
1521,self_attn,,concat,"[[B, n_kv, T, d_head], [B, n_kv, 1, d_head]]",,,"[[B, n_kv, T+1, d_head]]",[1519],15,self_attn,,1,model.layers.15.self_attn,aten.cat.default,[],decode,False
1522,self_attn,,unsqueeze,"[[B, n_kv, T+1, d_head]]",,,"[[B, n_kv, 1, T+1, d_head]]",[1520],15,self_attn,,1,model.layers.15.self_attn,aten.unsqueeze.default,[],decode,True
1523,self_attn,,expand,"[[B, n_kv, 1, T+1, d_head]]",,,"[[B, n_kv, n_h/n_kv, T+1, d_head]]",[1522],15,self_attn,,1,model.layers.15.self_attn,aten.expand.default,[],decode,True
1524,self_attn,,clone,"[[B, n_kv, n_h/n_kv, T+1, d_head]]",,,"[[B, n_kv, n_h/n_kv, T+1, d_head]]",[1523],15,self_attn,,1,model.layers.15.self_attn,aten.clone.default,[],decode,True
1525,self_attn,,_unsafe_view,"[[B, n_kv, n_h/n_kv, T+1, d_head]]",,,"[[B, n_h, T+1, d_head]]",[1524],15,self_attn,,1,model.layers.15.self_attn,aten._unsafe_view.default,[],decode,True
1526,self_attn,,unsqueeze,"[[B, n_kv, T+1, d_head]]",,,"[[B, n_kv, 1, T+1, d_head]]",[1521],15,self_attn,,1,model.layers.15.self_attn,aten.unsqueeze.default,[],decode,True
1527,self_attn,,expand,"[[B, n_kv, 1, T+1, d_head]]",,,"[[B, n_kv, n_h/n_kv, T+1, d_head]]",[1526],15,self_attn,,1,model.layers.15.self_attn,aten.expand.default,[],decode,True
1528,self_attn,,clone,"[[B, n_kv, n_h/n_kv, T+1, d_head]]",,,"[[B, n_kv, n_h/n_kv, T+1, d_head]]",[1527],15,self_attn,,1,model.layers.15.self_attn,aten.clone.default,[],decode,True
1529,self_attn,,_unsafe_view,"[[B, n_kv, n_h/n_kv, T+1, d_head]]",,,"[[B, n_h, T+1, d_head]]",[1528],15,self_attn,,1,model.layers.15.self_attn,aten._unsafe_view.default,[],decode,True
1530,self_attn,,transpose,"[[B, n_h, T+1, d_head]]",,,"[[B, n_h, d_head, T+1]]",[1525],15,self_attn,,1,model.layers.15.self_attn,aten.transpose.int,[],decode,True
1531,self_attn,,expand,"[[B, n_h, 1, d_head]]",,,"[[B, n_h, 1, d_head]]",[1507],15,self_attn,,1,model.layers.15.self_attn,aten.expand.default,[],decode,True
1532,self_attn,,view,"[[B, n_h, 1, d_head]]",,,"[[n_h, B, d_head]]",[1531],15,self_attn,,1,model.layers.15.self_attn,aten.view.default,[],decode,True
1533,self_attn,,expand,"[[B, n_h, d_head, T+1]]",,,"[[B, n_h, d_head, T+1]]",[1530],15,self_attn,,1,model.layers.15.self_attn,aten.expand.default,[],decode,True
1534,self_attn,,view,"[[B, n_h, d_head, T+1]]",,,"[[n_h, d_head, T+1]]",[1533],15,self_attn,,1,model.layers.15.self_attn,aten.view.default,[],decode,True
1535,self_attn,,batched_matmul,"[[n_h, B, d_head], [n_h, d_head, T+1]]",,,"[[n_h, B, T+1]]","[1532, 1534]",15,self_attn,,1,model.layers.15.self_attn,aten.bmm.default,[],decode,False
1536,self_attn,,_unsafe_view,"[[n_h, B, T+1]]",,,"[[B, n_h, 1, T+1]]",[1535],15,self_attn,,1,model.layers.15.self_attn,aten._unsafe_view.default,[],decode,True
1537,self_attn,,elementwise_mul,"[[B, n_h, 1, T+1]]",,,"[[B, n_h, 1, T+1]]",[1536],15,self_attn,,1,model.layers.15.self_attn,aten.mul.Tensor,[],decode,False
1538,self_attn,,elementwise_add,"[[B, n_h, 1, T+1], [B, 1, 1, T+1]]",,,"[[B, n_h, 1, T+1]]","[22, 1537]",15,self_attn,,1,model.layers.15.self_attn,aten.add.Tensor,[],decode,False
1539,self_attn,,_to_copy,"[[B, n_h, 1, T+1]]",,,"[[B, n_h, 1, T+1]]",[1538],15,self_attn,,1,model.layers.15.self_attn,aten._to_copy.default,[],decode,True
1540,self_attn,,softmax,"[[B, n_h, 1, T+1]]",,,"[[B, n_h, 1, T+1]]",[1539],15,self_attn,,1,model.layers.15.self_attn,aten._softmax.default,[],decode,False
1541,self_attn,,_to_copy,"[[B, n_h, 1, T+1]]",,,"[[B, n_h, 1, T+1]]",[1540],15,self_attn,,1,model.layers.15.self_attn,aten._to_copy.default,[],decode,True
1542,self_attn,,expand,"[[B, n_h, 1, T+1]]",,,"[[B, n_h, 1, T+1]]",[1541],15,self_attn,,1,model.layers.15.self_attn,aten.expand.default,[],decode,True
1543,self_attn,,view,"[[B, n_h, 1, T+1]]",,,"[[n_h, B, T+1]]",[1542],15,self_attn,,1,model.layers.15.self_attn,aten.view.default,[],decode,True
1544,self_attn,,expand,"[[B, n_h, T+1, d_head]]",,,"[[B, n_h, T+1, d_head]]",[1529],15,self_attn,,1,model.layers.15.self_attn,aten.expand.default,[],decode,True
1545,self_attn,,view,"[[B, n_h, T+1, d_head]]",,,"[[n_h, T+1, d_head]]",[1544],15,self_attn,,1,model.layers.15.self_attn,aten.view.default,[],decode,True
1546,self_attn,,batched_matmul,"[[n_h, B, T+1], [n_h, T+1, d_head]]",,,"[[n_h, B, d_head]]","[1543, 1545]",15,self_attn,,1,model.layers.15.self_attn,aten.bmm.default,[],decode,False
1547,self_attn,,_unsafe_view,"[[n_h, B, d_head]]",,,"[[B, n_h, 1, d_head]]",[1546],15,self_attn,,1,model.layers.15.self_attn,aten._unsafe_view.default,[],decode,True
1548,self_attn,,transpose,"[[B, n_h, 1, d_head]]",,,"[[B, 1, n_h, d_head]]",[1547],15,self_attn,,1,model.layers.15.self_attn,aten.transpose.int,[],decode,True
1549,self_attn,,view,"[[B, 1, n_h, d_head]]",,,"[[B, 1, n_h*d_head]]",[1548],15,self_attn,,1,model.layers.15.self_attn,aten.view.default,[],decode,True
1550,self_attn,o_proj,t,"[[d_model, n_h*d_head]]","[d_model, n_h*d_head]",0,"[[n_h*d_head, d_model]]",[],15,self_attn,o_proj,2,model.layers.15.self_attn.o_proj,aten.t.default,[model.layers.15.self_attn.o_proj.weight],decode,True
1551,self_attn,o_proj,view,"[[B, 1, n_h*d_head]]",,,"[[B, n_h*d_head]]",[1549],15,self_attn,o_proj,2,model.layers.15.self_attn.o_proj,aten.view.default,[],decode,True
1552,self_attn,o_proj,matmul,"[[B, n_h*d_head], [n_h*d_head, d_model]]","[d_model, n_h*d_head]",1,"[[B, d_model]]","[1550, 1551]",15,self_attn,o_proj,2,model.layers.15.self_attn.o_proj,aten.mm.default,[model.layers.15.self_attn.o_proj.weight],decode,False
1553,self_attn,o_proj,_unsafe_view,"[[B, d_model]]",,,"[[B, 1, d_model]]",[1552],15,self_attn,o_proj,2,model.layers.15.self_attn.o_proj,aten._unsafe_view.default,[],decode,True
1554,,,elementwise_add,"[[B, 1, d_model], [B, 1, d_model]]",,,"[[B, 1, d_model]]","[1493, 1553]",15,,,0,model.layers.15,aten.add.Tensor,[],decode,False
1555,post_attention_layernorm,,_to_copy,"[[B, 1, d_model]]",,,"[[B, 1, d_model]]",[1554],15,post_attention_layernorm,,1,model.layers.15.post_attention_layernorm,aten._to_copy.default,[],decode,True
1556,post_attention_layernorm,,pow,"[[B, 1, d_model]]",,,"[[B, 1, d_model]]",[1555],15,post_attention_layernorm,,1,model.layers.15.post_attention_layernorm,aten.pow.Tensor_Scalar,[],decode,False
1557,post_attention_layernorm,,mean,"[[B, 1, d_model]]",,,"[[B, 1, 1]]",[1556],15,post_attention_layernorm,,1,model.layers.15.post_attention_layernorm,aten.mean.dim,[],decode,False
1558,post_attention_layernorm,,elementwise_add,"[[B, 1, 1]]",,,"[[B, 1, 1]]",[1557],15,post_attention_layernorm,,1,model.layers.15.post_attention_layernorm,aten.add.Tensor,[],decode,False
1559,post_attention_layernorm,,rsqrt,"[[B, 1, 1]]",,,"[[B, 1, 1]]",[1558],15,post_attention_layernorm,,1,model.layers.15.post_attention_layernorm,aten.rsqrt.default,[],decode,False
1560,post_attention_layernorm,,elementwise_mul,"[[B, 1, d_model], [B, 1, 1]]",,,"[[B, 1, d_model]]","[1555, 1559]",15,post_attention_layernorm,,1,model.layers.15.post_attention_layernorm,aten.mul.Tensor,[],decode,False
1561,post_attention_layernorm,,_to_copy,"[[B, 1, d_model]]",,,"[[B, 1, d_model]]",[1560],15,post_attention_layernorm,,1,model.layers.15.post_attention_layernorm,aten._to_copy.default,[],decode,True
1562,post_attention_layernorm,,elementwise_mul,"[[d_model], [B, 1, d_model]]",,,"[[B, 1, d_model]]",[1561],15,post_attention_layernorm,,1,model.layers.15.post_attention_layernorm,aten.mul.Tensor,[model.layers.15.post_attention_layernorm.weight],decode,False
1563,mlp,gate_proj,t,"[[d_ff, d_model]]","[d_ff, d_model]",0,"[[d_model, d_ff]]",[],15,mlp,gate_proj,2,model.layers.15.mlp.gate_proj,aten.t.default,[model.layers.15.mlp.gate_proj.weight],decode,True
1564,mlp,gate_proj,view,"[[B, 1, d_model]]",,,"[[B, d_model]]",[1562],15,mlp,gate_proj,2,model.layers.15.mlp.gate_proj,aten.view.default,[],decode,True
1565,mlp,gate_proj,matmul,"[[B, d_model], [d_model, d_ff]]","[d_ff, d_model]",1,"[[B, d_ff]]","[1563, 1564]",15,mlp,gate_proj,2,model.layers.15.mlp.gate_proj,aten.mm.default,[model.layers.15.mlp.gate_proj.weight],decode,False
1566,mlp,gate_proj,_unsafe_view,"[[B, d_ff]]",,,"[[B, 1, d_ff]]",[1565],15,mlp,gate_proj,2,model.layers.15.mlp.gate_proj,aten._unsafe_view.default,[],decode,True
1567,mlp,act_fn,silu,"[[B, 1, d_ff]]",,,"[[B, 1, d_ff]]",[1566],15,mlp,act_fn,2,model.layers.15.mlp.act_fn,aten.silu.default,[],decode,False
1568,mlp,up_proj,t,"[[d_ff, d_model]]","[d_ff, d_model]",0,"[[d_model, d_ff]]",[],15,mlp,up_proj,2,model.layers.15.mlp.up_proj,aten.t.default,[model.layers.15.mlp.up_proj.weight],decode,True
1569,mlp,up_proj,view,"[[B, 1, d_model]]",,,"[[B, d_model]]",[1562],15,mlp,up_proj,2,model.layers.15.mlp.up_proj,aten.view.default,[],decode,True
1570,mlp,up_proj,matmul,"[[B, d_model], [d_model, d_ff]]","[d_ff, d_model]",1,"[[B, d_ff]]","[1568, 1569]",15,mlp,up_proj,2,model.layers.15.mlp.up_proj,aten.mm.default,[model.layers.15.mlp.up_proj.weight],decode,False
1571,mlp,up_proj,_unsafe_view,"[[B, d_ff]]",,,"[[B, 1, d_ff]]",[1570],15,mlp,up_proj,2,model.layers.15.mlp.up_proj,aten._unsafe_view.default,[],decode,True
1572,mlp,,elementwise_mul,"[[B, 1, d_ff], [B, 1, d_ff]]",,,"[[B, 1, d_ff]]","[1567, 1571]",15,mlp,,1,model.layers.15.mlp,aten.mul.Tensor,[],decode,False
1573,mlp,down_proj,t,"[[d_model, d_ff]]","[d_model, d_ff]",0,"[[d_ff, d_model]]",[],15,mlp,down_proj,2,model.layers.15.mlp.down_proj,aten.t.default,[model.layers.15.mlp.down_proj.weight],decode,True
1574,mlp,down_proj,view,"[[B, 1, d_ff]]",,,"[[B, d_ff]]",[1572],15,mlp,down_proj,2,model.layers.15.mlp.down_proj,aten.view.default,[],decode,True
1575,mlp,down_proj,matmul,"[[B, d_ff], [d_ff, d_model]]","[d_model, d_ff]",1,"[[B, d_model]]","[1573, 1574]",15,mlp,down_proj,2,model.layers.15.mlp.down_proj,aten.mm.default,[model.layers.15.mlp.down_proj.weight],decode,False
1576,mlp,down_proj,_unsafe_view,"[[B, d_model]]",,,"[[B, 1, d_model]]",[1575],15,mlp,down_proj,2,model.layers.15.mlp.down_proj,aten._unsafe_view.default,[],decode,True
1577,,,elementwise_add,"[[B, 1, d_model], [B, 1, d_model]]",,,"[[B, 1, d_model]]","[1554, 1576]",15,,,0,model.layers.15,aten.add.Tensor,[],decode,False
1578,input_layernorm,,_to_copy,"[[B, 1, d_model]]",,,"[[B, 1, d_model]]",[1577],16,input_layernorm,,1,model.layers.16.input_layernorm,aten._to_copy.default,[],decode,True
1579,input_layernorm,,pow,"[[B, 1, d_model]]",,,"[[B, 1, d_model]]",[1578],16,input_layernorm,,1,model.layers.16.input_layernorm,aten.pow.Tensor_Scalar,[],decode,False
1580,input_layernorm,,mean,"[[B, 1, d_model]]",,,"[[B, 1, 1]]",[1579],16,input_layernorm,,1,model.layers.16.input_layernorm,aten.mean.dim,[],decode,False
1581,input_layernorm,,elementwise_add,"[[B, 1, 1]]",,,"[[B, 1, 1]]",[1580],16,input_layernorm,,1,model.layers.16.input_layernorm,aten.add.Tensor,[],decode,False
1582,input_layernorm,,rsqrt,"[[B, 1, 1]]",,,"[[B, 1, 1]]",[1581],16,input_layernorm,,1,model.layers.16.input_layernorm,aten.rsqrt.default,[],decode,False
1583,input_layernorm,,elementwise_mul,"[[B, 1, d_model], [B, 1, 1]]",,,"[[B, 1, d_model]]","[1578, 1582]",16,input_layernorm,,1,model.layers.16.input_layernorm,aten.mul.Tensor,[],decode,False
1584,input_layernorm,,_to_copy,"[[B, 1, d_model]]",,,"[[B, 1, d_model]]",[1583],16,input_layernorm,,1,model.layers.16.input_layernorm,aten._to_copy.default,[],decode,True
1585,input_layernorm,,elementwise_mul,"[[d_model], [B, 1, d_model]]",,,"[[B, 1, d_model]]",[1584],16,input_layernorm,,1,model.layers.16.input_layernorm,aten.mul.Tensor,[model.layers.16.input_layernorm.weight],decode,False
1586,self_attn,q_proj,t,"[[n_h*d_head, d_model]]","[n_h*d_head, d_model]",0,"[[d_model, n_h*d_head]]",[],16,self_attn,q_proj,2,model.layers.16.self_attn.q_proj,aten.t.default,[model.layers.16.self_attn.q_proj.weight],decode,True
1587,self_attn,q_proj,view,"[[B, 1, d_model]]",,,"[[B, d_model]]",[1585],16,self_attn,q_proj,2,model.layers.16.self_attn.q_proj,aten.view.default,[],decode,True
1588,self_attn,q_proj,matmul,"[[B, d_model], [d_model, n_h*d_head]]","[n_h*d_head, d_model]",1,"[[B, n_h*d_head]]","[1586, 1587]",16,self_attn,q_proj,2,model.layers.16.self_attn.q_proj,aten.mm.default,[model.layers.16.self_attn.q_proj.weight],decode,False
1589,self_attn,q_proj,_unsafe_view,"[[B, n_h*d_head]]",,,"[[B, 1, n_h*d_head]]",[1588],16,self_attn,q_proj,2,model.layers.16.self_attn.q_proj,aten._unsafe_view.default,[],decode,True
1590,self_attn,,view,"[[B, 1, n_h*d_head]]",,,"[[B, 1, n_h, d_head]]",[1589],16,self_attn,,1,model.layers.16.self_attn,aten.view.default,[],decode,True
1591,self_attn,,transpose,"[[B, 1, n_h, d_head]]",,,"[[B, n_h, 1, d_head]]",[1590],16,self_attn,,1,model.layers.16.self_attn,aten.transpose.int,[],decode,True
1592,self_attn,k_proj,t,"[[n_kv*d_head, d_model]]","[n_kv*d_head, d_model]",0,"[[d_model, n_kv*d_head]]",[],16,self_attn,k_proj,2,model.layers.16.self_attn.k_proj,aten.t.default,[model.layers.16.self_attn.k_proj.weight],decode,True
1593,self_attn,k_proj,view,"[[B, 1, d_model]]",,,"[[B, d_model]]",[1585],16,self_attn,k_proj,2,model.layers.16.self_attn.k_proj,aten.view.default,[],decode,True
1594,self_attn,k_proj,matmul,"[[B, d_model], [d_model, n_kv*d_head]]","[n_kv*d_head, d_model]",1,"[[B, n_kv*d_head]]","[1592, 1593]",16,self_attn,k_proj,2,model.layers.16.self_attn.k_proj,aten.mm.default,[model.layers.16.self_attn.k_proj.weight],decode,False
1595,self_attn,k_proj,_unsafe_view,"[[B, n_kv*d_head]]",,,"[[B, 1, n_kv*d_head]]",[1594],16,self_attn,k_proj,2,model.layers.16.self_attn.k_proj,aten._unsafe_view.default,[],decode,True
1596,self_attn,,view,"[[B, 1, n_kv*d_head]]",,,"[[B, 1, n_kv, d_head]]",[1595],16,self_attn,,1,model.layers.16.self_attn,aten.view.default,[],decode,True
1597,self_attn,,transpose,"[[B, 1, n_kv, d_head]]",,,"[[B, n_kv, 1, d_head]]",[1596],16,self_attn,,1,model.layers.16.self_attn,aten.transpose.int,[],decode,True
1598,self_attn,v_proj,t,"[[n_kv*d_head, d_model]]","[n_kv*d_head, d_model]",0,"[[d_model, n_kv*d_head]]",[],16,self_attn,v_proj,2,model.layers.16.self_attn.v_proj,aten.t.default,[model.layers.16.self_attn.v_proj.weight],decode,True
1599,self_attn,v_proj,view,"[[B, 1, d_model]]",,,"[[B, d_model]]",[1585],16,self_attn,v_proj,2,model.layers.16.self_attn.v_proj,aten.view.default,[],decode,True
1600,self_attn,v_proj,matmul,"[[B, d_model], [d_model, n_kv*d_head]]","[n_kv*d_head, d_model]",1,"[[B, n_kv*d_head]]","[1598, 1599]",16,self_attn,v_proj,2,model.layers.16.self_attn.v_proj,aten.mm.default,[model.layers.16.self_attn.v_proj.weight],decode,False
1601,self_attn,v_proj,_unsafe_view,"[[B, n_kv*d_head]]",,,"[[B, 1, n_kv*d_head]]",[1600],16,self_attn,v_proj,2,model.layers.16.self_attn.v_proj,aten._unsafe_view.default,[],decode,True
1602,self_attn,,view,"[[B, 1, n_kv*d_head]]",,,"[[B, 1, n_kv, d_head]]",[1601],16,self_attn,,1,model.layers.16.self_attn,aten.view.default,[],decode,True
1603,self_attn,,transpose,"[[B, 1, n_kv, d_head]]",,,"[[B, n_kv, 1, d_head]]",[1602],16,self_attn,,1,model.layers.16.self_attn,aten.transpose.int,[],decode,True
1604,self_attn,,unsqueeze,"[[B, 1, d_head]]",,,"[[B, 1, 1, d_head]]",[40],16,self_attn,,1,model.layers.16.self_attn,aten.unsqueeze.default,[],decode,True
1605,self_attn,,unsqueeze,"[[B, 1, d_head]]",,,"[[B, 1, 1, d_head]]",[41],16,self_attn,,1,model.layers.16.self_attn,aten.unsqueeze.default,[],decode,True
1606,self_attn,,elementwise_mul,"[[B, n_h, 1, d_head], [B, 1, 1, d_head]]",,,"[[B, n_h, 1, d_head]]","[1591, 1604]",16,self_attn,,1,model.layers.16.self_attn,aten.mul.Tensor,[],decode,False
1607,self_attn,,slice,"[[B, n_h, 1, d_head]]",,,"[[B, n_h, 1, d_head/2]]",[1591],16,self_attn,,1,model.layers.16.self_attn,aten.slice.Tensor,[],decode,True
1608,self_attn,,slice,"[[B, n_h, 1, d_head]]",,,"[[B, n_h, 1, d_head/2]]",[1591],16,self_attn,,1,model.layers.16.self_attn,aten.slice.Tensor,[],decode,True
1609,self_attn,,neg,"[[B, n_h, 1, d_head/2]]",,,"[[B, n_h, 1, d_head/2]]",[1608],16,self_attn,,1,model.layers.16.self_attn,aten.neg.default,[],decode,False
1610,self_attn,,concat,"[[B, n_h, 1, d_head/2], [B, n_h, 1, d_head/2]]",,,"[[B, n_h, 1, d_head]]","[1607, 1609]",16,self_attn,,1,model.layers.16.self_attn,aten.cat.default,[],decode,False
1611,self_attn,,elementwise_mul,"[[B, n_h, 1, d_head], [B, 1, 1, d_head]]",,,"[[B, n_h, 1, d_head]]","[1605, 1610]",16,self_attn,,1,model.layers.16.self_attn,aten.mul.Tensor,[],decode,False
1612,self_attn,,elementwise_add,"[[B, n_h, 1, d_head], [B, n_h, 1, d_head]]",,,"[[B, n_h, 1, d_head]]","[1606, 1611]",16,self_attn,,1,model.layers.16.self_attn,aten.add.Tensor,[],decode,False
1613,self_attn,,elementwise_mul,"[[B, n_kv, 1, d_head], [B, 1, 1, d_head]]",,,"[[B, n_kv, 1, d_head]]","[1597, 1604]",16,self_attn,,1,model.layers.16.self_attn,aten.mul.Tensor,[],decode,False
1614,self_attn,,slice,"[[B, n_kv, 1, d_head]]",,,"[[B, n_kv, 1, d_head/2]]",[1597],16,self_attn,,1,model.layers.16.self_attn,aten.slice.Tensor,[],decode,True
1615,self_attn,,slice,"[[B, n_kv, 1, d_head]]",,,"[[B, n_kv, 1, d_head/2]]",[1597],16,self_attn,,1,model.layers.16.self_attn,aten.slice.Tensor,[],decode,True
1616,self_attn,,neg,"[[B, n_kv, 1, d_head/2]]",,,"[[B, n_kv, 1, d_head/2]]",[1615],16,self_attn,,1,model.layers.16.self_attn,aten.neg.default,[],decode,False
1617,self_attn,,concat,"[[B, n_kv, 1, d_head/2], [B, n_kv, 1, d_head/2]]",,,"[[B, n_kv, 1, d_head]]","[1614, 1616]",16,self_attn,,1,model.layers.16.self_attn,aten.cat.default,[],decode,False
1618,self_attn,,elementwise_mul,"[[B, n_kv, 1, d_head], [B, 1, 1, d_head]]",,,"[[B, n_kv, 1, d_head]]","[1605, 1617]",16,self_attn,,1,model.layers.16.self_attn,aten.mul.Tensor,[],decode,False
1619,self_attn,,elementwise_add,"[[B, n_kv, 1, d_head], [B, n_kv, 1, d_head]]",,,"[[B, n_kv, 1, d_head]]","[1613, 1618]",16,self_attn,,1,model.layers.16.self_attn,aten.add.Tensor,[],decode,False
1620,self_attn,,concat,"[[B, n_kv, T, d_head], [B, n_kv, 1, d_head]]",,,"[[B, n_kv, T+1, d_head]]",[1619],16,self_attn,,1,model.layers.16.self_attn,aten.cat.default,[],decode,False
1621,self_attn,,concat,"[[B, n_kv, T, d_head], [B, n_kv, 1, d_head]]",,,"[[B, n_kv, T+1, d_head]]",[1603],16,self_attn,,1,model.layers.16.self_attn,aten.cat.default,[],decode,False
1622,self_attn,,unsqueeze,"[[B, n_kv, T+1, d_head]]",,,"[[B, n_kv, 1, T+1, d_head]]",[1620],16,self_attn,,1,model.layers.16.self_attn,aten.unsqueeze.default,[],decode,True
1623,self_attn,,expand,"[[B, n_kv, 1, T+1, d_head]]",,,"[[B, n_kv, n_h/n_kv, T+1, d_head]]",[1622],16,self_attn,,1,model.layers.16.self_attn,aten.expand.default,[],decode,True
1624,self_attn,,clone,"[[B, n_kv, n_h/n_kv, T+1, d_head]]",,,"[[B, n_kv, n_h/n_kv, T+1, d_head]]",[1623],16,self_attn,,1,model.layers.16.self_attn,aten.clone.default,[],decode,True
1625,self_attn,,_unsafe_view,"[[B, n_kv, n_h/n_kv, T+1, d_head]]",,,"[[B, n_h, T+1, d_head]]",[1624],16,self_attn,,1,model.layers.16.self_attn,aten._unsafe_view.default,[],decode,True
1626,self_attn,,unsqueeze,"[[B, n_kv, T+1, d_head]]",,,"[[B, n_kv, 1, T+1, d_head]]",[1621],16,self_attn,,1,model.layers.16.self_attn,aten.unsqueeze.default,[],decode,True
1627,self_attn,,expand,"[[B, n_kv, 1, T+1, d_head]]",,,"[[B, n_kv, n_h/n_kv, T+1, d_head]]",[1626],16,self_attn,,1,model.layers.16.self_attn,aten.expand.default,[],decode,True
1628,self_attn,,clone,"[[B, n_kv, n_h/n_kv, T+1, d_head]]",,,"[[B, n_kv, n_h/n_kv, T+1, d_head]]",[1627],16,self_attn,,1,model.layers.16.self_attn,aten.clone.default,[],decode,True
1629,self_attn,,_unsafe_view,"[[B, n_kv, n_h/n_kv, T+1, d_head]]",,,"[[B, n_h, T+1, d_head]]",[1628],16,self_attn,,1,model.layers.16.self_attn,aten._unsafe_view.default,[],decode,True
1630,self_attn,,transpose,"[[B, n_h, T+1, d_head]]",,,"[[B, n_h, d_head, T+1]]",[1625],16,self_attn,,1,model.layers.16.self_attn,aten.transpose.int,[],decode,True
1631,self_attn,,expand,"[[B, n_h, 1, d_head]]",,,"[[B, n_h, 1, d_head]]",[1612],16,self_attn,,1,model.layers.16.self_attn,aten.expand.default,[],decode,True
1632,self_attn,,view,"[[B, n_h, 1, d_head]]",,,"[[n_h, B, d_head]]",[1631],16,self_attn,,1,model.layers.16.self_attn,aten.view.default,[],decode,True
1633,self_attn,,expand,"[[B, n_h, d_head, T+1]]",,,"[[B, n_h, d_head, T+1]]",[1630],16,self_attn,,1,model.layers.16.self_attn,aten.expand.default,[],decode,True
1634,self_attn,,view,"[[B, n_h, d_head, T+1]]",,,"[[n_h, d_head, T+1]]",[1633],16,self_attn,,1,model.layers.16.self_attn,aten.view.default,[],decode,True
1635,self_attn,,batched_matmul,"[[n_h, B, d_head], [n_h, d_head, T+1]]",,,"[[n_h, B, T+1]]","[1632, 1634]",16,self_attn,,1,model.layers.16.self_attn,aten.bmm.default,[],decode,False
1636,self_attn,,_unsafe_view,"[[n_h, B, T+1]]",,,"[[B, n_h, 1, T+1]]",[1635],16,self_attn,,1,model.layers.16.self_attn,aten._unsafe_view.default,[],decode,True
1637,self_attn,,elementwise_mul,"[[B, n_h, 1, T+1]]",,,"[[B, n_h, 1, T+1]]",[1636],16,self_attn,,1,model.layers.16.self_attn,aten.mul.Tensor,[],decode,False
1638,self_attn,,elementwise_add,"[[B, n_h, 1, T+1], [B, 1, 1, T+1]]",,,"[[B, n_h, 1, T+1]]","[22, 1637]",16,self_attn,,1,model.layers.16.self_attn,aten.add.Tensor,[],decode,False
1639,self_attn,,_to_copy,"[[B, n_h, 1, T+1]]",,,"[[B, n_h, 1, T+1]]",[1638],16,self_attn,,1,model.layers.16.self_attn,aten._to_copy.default,[],decode,True
1640,self_attn,,softmax,"[[B, n_h, 1, T+1]]",,,"[[B, n_h, 1, T+1]]",[1639],16,self_attn,,1,model.layers.16.self_attn,aten._softmax.default,[],decode,False
1641,self_attn,,_to_copy,"[[B, n_h, 1, T+1]]",,,"[[B, n_h, 1, T+1]]",[1640],16,self_attn,,1,model.layers.16.self_attn,aten._to_copy.default,[],decode,True
1642,self_attn,,expand,"[[B, n_h, 1, T+1]]",,,"[[B, n_h, 1, T+1]]",[1641],16,self_attn,,1,model.layers.16.self_attn,aten.expand.default,[],decode,True
1643,self_attn,,view,"[[B, n_h, 1, T+1]]",,,"[[n_h, B, T+1]]",[1642],16,self_attn,,1,model.layers.16.self_attn,aten.view.default,[],decode,True
1644,self_attn,,expand,"[[B, n_h, T+1, d_head]]",,,"[[B, n_h, T+1, d_head]]",[1629],16,self_attn,,1,model.layers.16.self_attn,aten.expand.default,[],decode,True
1645,self_attn,,view,"[[B, n_h, T+1, d_head]]",,,"[[n_h, T+1, d_head]]",[1644],16,self_attn,,1,model.layers.16.self_attn,aten.view.default,[],decode,True
1646,self_attn,,batched_matmul,"[[n_h, B, T+1], [n_h, T+1, d_head]]",,,"[[n_h, B, d_head]]","[1643, 1645]",16,self_attn,,1,model.layers.16.self_attn,aten.bmm.default,[],decode,False
1647,self_attn,,_unsafe_view,"[[n_h, B, d_head]]",,,"[[B, n_h, 1, d_head]]",[1646],16,self_attn,,1,model.layers.16.self_attn,aten._unsafe_view.default,[],decode,True
1648,self_attn,,transpose,"[[B, n_h, 1, d_head]]",,,"[[B, 1, n_h, d_head]]",[1647],16,self_attn,,1,model.layers.16.self_attn,aten.transpose.int,[],decode,True
1649,self_attn,,view,"[[B, 1, n_h, d_head]]",,,"[[B, 1, n_h*d_head]]",[1648],16,self_attn,,1,model.layers.16.self_attn,aten.view.default,[],decode,True
1650,self_attn,o_proj,t,"[[d_model, n_h*d_head]]","[d_model, n_h*d_head]",0,"[[n_h*d_head, d_model]]",[],16,self_attn,o_proj,2,model.layers.16.self_attn.o_proj,aten.t.default,[model.layers.16.self_attn.o_proj.weight],decode,True
1651,self_attn,o_proj,view,"[[B, 1, n_h*d_head]]",,,"[[B, n_h*d_head]]",[1649],16,self_attn,o_proj,2,model.layers.16.self_attn.o_proj,aten.view.default,[],decode,True
1652,self_attn,o_proj,matmul,"[[B, n_h*d_head], [n_h*d_head, d_model]]","[d_model, n_h*d_head]",1,"[[B, d_model]]","[1650, 1651]",16,self_attn,o_proj,2,model.layers.16.self_attn.o_proj,aten.mm.default,[model.layers.16.self_attn.o_proj.weight],decode,False
1653,self_attn,o_proj,_unsafe_view,"[[B, d_model]]",,,"[[B, 1, d_model]]",[1652],16,self_attn,o_proj,2,model.layers.16.self_attn.o_proj,aten._unsafe_view.default,[],decode,True
1654,,,elementwise_add,"[[B, 1, d_model], [B, 1, d_model]]",,,"[[B, 1, d_model]]","[1577, 1653]",16,,,0,model.layers.16,aten.add.Tensor,[],decode,False
1655,post_attention_layernorm,,_to_copy,"[[B, 1, d_model]]",,,"[[B, 1, d_model]]",[1654],16,post_attention_layernorm,,1,model.layers.16.post_attention_layernorm,aten._to_copy.default,[],decode,True
1656,post_attention_layernorm,,pow,"[[B, 1, d_model]]",,,"[[B, 1, d_model]]",[1655],16,post_attention_layernorm,,1,model.layers.16.post_attention_layernorm,aten.pow.Tensor_Scalar,[],decode,False
1657,post_attention_layernorm,,mean,"[[B, 1, d_model]]",,,"[[B, 1, 1]]",[1656],16,post_attention_layernorm,,1,model.layers.16.post_attention_layernorm,aten.mean.dim,[],decode,False
1658,post_attention_layernorm,,elementwise_add,"[[B, 1, 1]]",,,"[[B, 1, 1]]",[1657],16,post_attention_layernorm,,1,model.layers.16.post_attention_layernorm,aten.add.Tensor,[],decode,False
1659,post_attention_layernorm,,rsqrt,"[[B, 1, 1]]",,,"[[B, 1, 1]]",[1658],16,post_attention_layernorm,,1,model.layers.16.post_attention_layernorm,aten.rsqrt.default,[],decode,False
1660,post_attention_layernorm,,elementwise_mul,"[[B, 1, d_model], [B, 1, 1]]",,,"[[B, 1, d_model]]","[1655, 1659]",16,post_attention_layernorm,,1,model.layers.16.post_attention_layernorm,aten.mul.Tensor,[],decode,False
1661,post_attention_layernorm,,_to_copy,"[[B, 1, d_model]]",,,"[[B, 1, d_model]]",[1660],16,post_attention_layernorm,,1,model.layers.16.post_attention_layernorm,aten._to_copy.default,[],decode,True
1662,post_attention_layernorm,,elementwise_mul,"[[d_model], [B, 1, d_model]]",,,"[[B, 1, d_model]]",[1661],16,post_attention_layernorm,,1,model.layers.16.post_attention_layernorm,aten.mul.Tensor,[model.layers.16.post_attention_layernorm.weight],decode,False
1663,mlp,gate_proj,t,"[[d_ff, d_model]]","[d_ff, d_model]",0,"[[d_model, d_ff]]",[],16,mlp,gate_proj,2,model.layers.16.mlp.gate_proj,aten.t.default,[model.layers.16.mlp.gate_proj.weight],decode,True
1664,mlp,gate_proj,view,"[[B, 1, d_model]]",,,"[[B, d_model]]",[1662],16,mlp,gate_proj,2,model.layers.16.mlp.gate_proj,aten.view.default,[],decode,True
1665,mlp,gate_proj,matmul,"[[B, d_model], [d_model, d_ff]]","[d_ff, d_model]",1,"[[B, d_ff]]","[1663, 1664]",16,mlp,gate_proj,2,model.layers.16.mlp.gate_proj,aten.mm.default,[model.layers.16.mlp.gate_proj.weight],decode,False
1666,mlp,gate_proj,_unsafe_view,"[[B, d_ff]]",,,"[[B, 1, d_ff]]",[1665],16,mlp,gate_proj,2,model.layers.16.mlp.gate_proj,aten._unsafe_view.default,[],decode,True
1667,mlp,act_fn,silu,"[[B, 1, d_ff]]",,,"[[B, 1, d_ff]]",[1666],16,mlp,act_fn,2,model.layers.16.mlp.act_fn,aten.silu.default,[],decode,False
1668,mlp,up_proj,t,"[[d_ff, d_model]]","[d_ff, d_model]",0,"[[d_model, d_ff]]",[],16,mlp,up_proj,2,model.layers.16.mlp.up_proj,aten.t.default,[model.layers.16.mlp.up_proj.weight],decode,True
1669,mlp,up_proj,view,"[[B, 1, d_model]]",,,"[[B, d_model]]",[1662],16,mlp,up_proj,2,model.layers.16.mlp.up_proj,aten.view.default,[],decode,True
1670,mlp,up_proj,matmul,"[[B, d_model], [d_model, d_ff]]","[d_ff, d_model]",1,"[[B, d_ff]]","[1668, 1669]",16,mlp,up_proj,2,model.layers.16.mlp.up_proj,aten.mm.default,[model.layers.16.mlp.up_proj.weight],decode,False
1671,mlp,up_proj,_unsafe_view,"[[B, d_ff]]",,,"[[B, 1, d_ff]]",[1670],16,mlp,up_proj,2,model.layers.16.mlp.up_proj,aten._unsafe_view.default,[],decode,True
1672,mlp,,elementwise_mul,"[[B, 1, d_ff], [B, 1, d_ff]]",,,"[[B, 1, d_ff]]","[1667, 1671]",16,mlp,,1,model.layers.16.mlp,aten.mul.Tensor,[],decode,False
1673,mlp,down_proj,t,"[[d_model, d_ff]]","[d_model, d_ff]",0,"[[d_ff, d_model]]",[],16,mlp,down_proj,2,model.layers.16.mlp.down_proj,aten.t.default,[model.layers.16.mlp.down_proj.weight],decode,True
1674,mlp,down_proj,view,"[[B, 1, d_ff]]",,,"[[B, d_ff]]",[1672],16,mlp,down_proj,2,model.layers.16.mlp.down_proj,aten.view.default,[],decode,True
1675,mlp,down_proj,matmul,"[[B, d_ff], [d_ff, d_model]]","[d_model, d_ff]",1,"[[B, d_model]]","[1673, 1674]",16,mlp,down_proj,2,model.layers.16.mlp.down_proj,aten.mm.default,[model.layers.16.mlp.down_proj.weight],decode,False
1676,mlp,down_proj,_unsafe_view,"[[B, d_model]]",,,"[[B, 1, d_model]]",[1675],16,mlp,down_proj,2,model.layers.16.mlp.down_proj,aten._unsafe_view.default,[],decode,True
1677,,,elementwise_add,"[[B, 1, d_model], [B, 1, d_model]]",,,"[[B, 1, d_model]]","[1654, 1676]",16,,,0,model.layers.16,aten.add.Tensor,[],decode,False
1678,input_layernorm,,_to_copy,"[[B, 1, d_model]]",,,"[[B, 1, d_model]]",[1677],17,input_layernorm,,1,model.layers.17.input_layernorm,aten._to_copy.default,[],decode,True
1679,input_layernorm,,pow,"[[B, 1, d_model]]",,,"[[B, 1, d_model]]",[1678],17,input_layernorm,,1,model.layers.17.input_layernorm,aten.pow.Tensor_Scalar,[],decode,False
1680,input_layernorm,,mean,"[[B, 1, d_model]]",,,"[[B, 1, 1]]",[1679],17,input_layernorm,,1,model.layers.17.input_layernorm,aten.mean.dim,[],decode,False
1681,input_layernorm,,elementwise_add,"[[B, 1, 1]]",,,"[[B, 1, 1]]",[1680],17,input_layernorm,,1,model.layers.17.input_layernorm,aten.add.Tensor,[],decode,False
1682,input_layernorm,,rsqrt,"[[B, 1, 1]]",,,"[[B, 1, 1]]",[1681],17,input_layernorm,,1,model.layers.17.input_layernorm,aten.rsqrt.default,[],decode,False
1683,input_layernorm,,elementwise_mul,"[[B, 1, d_model], [B, 1, 1]]",,,"[[B, 1, d_model]]","[1678, 1682]",17,input_layernorm,,1,model.layers.17.input_layernorm,aten.mul.Tensor,[],decode,False
1684,input_layernorm,,_to_copy,"[[B, 1, d_model]]",,,"[[B, 1, d_model]]",[1683],17,input_layernorm,,1,model.layers.17.input_layernorm,aten._to_copy.default,[],decode,True
1685,input_layernorm,,elementwise_mul,"[[d_model], [B, 1, d_model]]",,,"[[B, 1, d_model]]",[1684],17,input_layernorm,,1,model.layers.17.input_layernorm,aten.mul.Tensor,[model.layers.17.input_layernorm.weight],decode,False
1686,self_attn,q_proj,t,"[[n_h*d_head, d_model]]","[n_h*d_head, d_model]",0,"[[d_model, n_h*d_head]]",[],17,self_attn,q_proj,2,model.layers.17.self_attn.q_proj,aten.t.default,[model.layers.17.self_attn.q_proj.weight],decode,True
1687,self_attn,q_proj,view,"[[B, 1, d_model]]",,,"[[B, d_model]]",[1685],17,self_attn,q_proj,2,model.layers.17.self_attn.q_proj,aten.view.default,[],decode,True
1688,self_attn,q_proj,matmul,"[[B, d_model], [d_model, n_h*d_head]]","[n_h*d_head, d_model]",1,"[[B, n_h*d_head]]","[1686, 1687]",17,self_attn,q_proj,2,model.layers.17.self_attn.q_proj,aten.mm.default,[model.layers.17.self_attn.q_proj.weight],decode,False
1689,self_attn,q_proj,_unsafe_view,"[[B, n_h*d_head]]",,,"[[B, 1, n_h*d_head]]",[1688],17,self_attn,q_proj,2,model.layers.17.self_attn.q_proj,aten._unsafe_view.default,[],decode,True
1690,self_attn,,view,"[[B, 1, n_h*d_head]]",,,"[[B, 1, n_h, d_head]]",[1689],17,self_attn,,1,model.layers.17.self_attn,aten.view.default,[],decode,True
1691,self_attn,,transpose,"[[B, 1, n_h, d_head]]",,,"[[B, n_h, 1, d_head]]",[1690],17,self_attn,,1,model.layers.17.self_attn,aten.transpose.int,[],decode,True
1692,self_attn,k_proj,t,"[[n_kv*d_head, d_model]]","[n_kv*d_head, d_model]",0,"[[d_model, n_kv*d_head]]",[],17,self_attn,k_proj,2,model.layers.17.self_attn.k_proj,aten.t.default,[model.layers.17.self_attn.k_proj.weight],decode,True
1693,self_attn,k_proj,view,"[[B, 1, d_model]]",,,"[[B, d_model]]",[1685],17,self_attn,k_proj,2,model.layers.17.self_attn.k_proj,aten.view.default,[],decode,True
1694,self_attn,k_proj,matmul,"[[B, d_model], [d_model, n_kv*d_head]]","[n_kv*d_head, d_model]",1,"[[B, n_kv*d_head]]","[1692, 1693]",17,self_attn,k_proj,2,model.layers.17.self_attn.k_proj,aten.mm.default,[model.layers.17.self_attn.k_proj.weight],decode,False
1695,self_attn,k_proj,_unsafe_view,"[[B, n_kv*d_head]]",,,"[[B, 1, n_kv*d_head]]",[1694],17,self_attn,k_proj,2,model.layers.17.self_attn.k_proj,aten._unsafe_view.default,[],decode,True
1696,self_attn,,view,"[[B, 1, n_kv*d_head]]",,,"[[B, 1, n_kv, d_head]]",[1695],17,self_attn,,1,model.layers.17.self_attn,aten.view.default,[],decode,True
1697,self_attn,,transpose,"[[B, 1, n_kv, d_head]]",,,"[[B, n_kv, 1, d_head]]",[1696],17,self_attn,,1,model.layers.17.self_attn,aten.transpose.int,[],decode,True
1698,self_attn,v_proj,t,"[[n_kv*d_head, d_model]]","[n_kv*d_head, d_model]",0,"[[d_model, n_kv*d_head]]",[],17,self_attn,v_proj,2,model.layers.17.self_attn.v_proj,aten.t.default,[model.layers.17.self_attn.v_proj.weight],decode,True
1699,self_attn,v_proj,view,"[[B, 1, d_model]]",,,"[[B, d_model]]",[1685],17,self_attn,v_proj,2,model.layers.17.self_attn.v_proj,aten.view.default,[],decode,True
1700,self_attn,v_proj,matmul,"[[B, d_model], [d_model, n_kv*d_head]]","[n_kv*d_head, d_model]",1,"[[B, n_kv*d_head]]","[1698, 1699]",17,self_attn,v_proj,2,model.layers.17.self_attn.v_proj,aten.mm.default,[model.layers.17.self_attn.v_proj.weight],decode,False
1701,self_attn,v_proj,_unsafe_view,"[[B, n_kv*d_head]]",,,"[[B, 1, n_kv*d_head]]",[1700],17,self_attn,v_proj,2,model.layers.17.self_attn.v_proj,aten._unsafe_view.default,[],decode,True
1702,self_attn,,view,"[[B, 1, n_kv*d_head]]",,,"[[B, 1, n_kv, d_head]]",[1701],17,self_attn,,1,model.layers.17.self_attn,aten.view.default,[],decode,True
1703,self_attn,,transpose,"[[B, 1, n_kv, d_head]]",,,"[[B, n_kv, 1, d_head]]",[1702],17,self_attn,,1,model.layers.17.self_attn,aten.transpose.int,[],decode,True
1704,self_attn,,unsqueeze,"[[B, 1, d_head]]",,,"[[B, 1, 1, d_head]]",[40],17,self_attn,,1,model.layers.17.self_attn,aten.unsqueeze.default,[],decode,True
1705,self_attn,,unsqueeze,"[[B, 1, d_head]]",,,"[[B, 1, 1, d_head]]",[41],17,self_attn,,1,model.layers.17.self_attn,aten.unsqueeze.default,[],decode,True
1706,self_attn,,elementwise_mul,"[[B, n_h, 1, d_head], [B, 1, 1, d_head]]",,,"[[B, n_h, 1, d_head]]","[1691, 1704]",17,self_attn,,1,model.layers.17.self_attn,aten.mul.Tensor,[],decode,False
1707,self_attn,,slice,"[[B, n_h, 1, d_head]]",,,"[[B, n_h, 1, d_head/2]]",[1691],17,self_attn,,1,model.layers.17.self_attn,aten.slice.Tensor,[],decode,True
1708,self_attn,,slice,"[[B, n_h, 1, d_head]]",,,"[[B, n_h, 1, d_head/2]]",[1691],17,self_attn,,1,model.layers.17.self_attn,aten.slice.Tensor,[],decode,True
1709,self_attn,,neg,"[[B, n_h, 1, d_head/2]]",,,"[[B, n_h, 1, d_head/2]]",[1708],17,self_attn,,1,model.layers.17.self_attn,aten.neg.default,[],decode,False
1710,self_attn,,concat,"[[B, n_h, 1, d_head/2], [B, n_h, 1, d_head/2]]",,,"[[B, n_h, 1, d_head]]","[1707, 1709]",17,self_attn,,1,model.layers.17.self_attn,aten.cat.default,[],decode,False
1711,self_attn,,elementwise_mul,"[[B, n_h, 1, d_head], [B, 1, 1, d_head]]",,,"[[B, n_h, 1, d_head]]","[1705, 1710]",17,self_attn,,1,model.layers.17.self_attn,aten.mul.Tensor,[],decode,False
1712,self_attn,,elementwise_add,"[[B, n_h, 1, d_head], [B, n_h, 1, d_head]]",,,"[[B, n_h, 1, d_head]]","[1706, 1711]",17,self_attn,,1,model.layers.17.self_attn,aten.add.Tensor,[],decode,False
1713,self_attn,,elementwise_mul,"[[B, n_kv, 1, d_head], [B, 1, 1, d_head]]",,,"[[B, n_kv, 1, d_head]]","[1697, 1704]",17,self_attn,,1,model.layers.17.self_attn,aten.mul.Tensor,[],decode,False
1714,self_attn,,slice,"[[B, n_kv, 1, d_head]]",,,"[[B, n_kv, 1, d_head/2]]",[1697],17,self_attn,,1,model.layers.17.self_attn,aten.slice.Tensor,[],decode,True
1715,self_attn,,slice,"[[B, n_kv, 1, d_head]]",,,"[[B, n_kv, 1, d_head/2]]",[1697],17,self_attn,,1,model.layers.17.self_attn,aten.slice.Tensor,[],decode,True
1716,self_attn,,neg,"[[B, n_kv, 1, d_head/2]]",,,"[[B, n_kv, 1, d_head/2]]",[1715],17,self_attn,,1,model.layers.17.self_attn,aten.neg.default,[],decode,False
1717,self_attn,,concat,"[[B, n_kv, 1, d_head/2], [B, n_kv, 1, d_head/2]]",,,"[[B, n_kv, 1, d_head]]","[1714, 1716]",17,self_attn,,1,model.layers.17.self_attn,aten.cat.default,[],decode,False
1718,self_attn,,elementwise_mul,"[[B, n_kv, 1, d_head], [B, 1, 1, d_head]]",,,"[[B, n_kv, 1, d_head]]","[1705, 1717]",17,self_attn,,1,model.layers.17.self_attn,aten.mul.Tensor,[],decode,False
1719,self_attn,,elementwise_add,"[[B, n_kv, 1, d_head], [B, n_kv, 1, d_head]]",,,"[[B, n_kv, 1, d_head]]","[1713, 1718]",17,self_attn,,1,model.layers.17.self_attn,aten.add.Tensor,[],decode,False
1720,self_attn,,concat,"[[B, n_kv, T, d_head], [B, n_kv, 1, d_head]]",,,"[[B, n_kv, T+1, d_head]]",[1719],17,self_attn,,1,model.layers.17.self_attn,aten.cat.default,[],decode,False
1721,self_attn,,concat,"[[B, n_kv, T, d_head], [B, n_kv, 1, d_head]]",,,"[[B, n_kv, T+1, d_head]]",[1703],17,self_attn,,1,model.layers.17.self_attn,aten.cat.default,[],decode,False
1722,self_attn,,unsqueeze,"[[B, n_kv, T+1, d_head]]",,,"[[B, n_kv, 1, T+1, d_head]]",[1720],17,self_attn,,1,model.layers.17.self_attn,aten.unsqueeze.default,[],decode,True
1723,self_attn,,expand,"[[B, n_kv, 1, T+1, d_head]]",,,"[[B, n_kv, n_h/n_kv, T+1, d_head]]",[1722],17,self_attn,,1,model.layers.17.self_attn,aten.expand.default,[],decode,True
1724,self_attn,,clone,"[[B, n_kv, n_h/n_kv, T+1, d_head]]",,,"[[B, n_kv, n_h/n_kv, T+1, d_head]]",[1723],17,self_attn,,1,model.layers.17.self_attn,aten.clone.default,[],decode,True
1725,self_attn,,_unsafe_view,"[[B, n_kv, n_h/n_kv, T+1, d_head]]",,,"[[B, n_h, T+1, d_head]]",[1724],17,self_attn,,1,model.layers.17.self_attn,aten._unsafe_view.default,[],decode,True
1726,self_attn,,unsqueeze,"[[B, n_kv, T+1, d_head]]",,,"[[B, n_kv, 1, T+1, d_head]]",[1721],17,self_attn,,1,model.layers.17.self_attn,aten.unsqueeze.default,[],decode,True
1727,self_attn,,expand,"[[B, n_kv, 1, T+1, d_head]]",,,"[[B, n_kv, n_h/n_kv, T+1, d_head]]",[1726],17,self_attn,,1,model.layers.17.self_attn,aten.expand.default,[],decode,True
1728,self_attn,,clone,"[[B, n_kv, n_h/n_kv, T+1, d_head]]",,,"[[B, n_kv, n_h/n_kv, T+1, d_head]]",[1727],17,self_attn,,1,model.layers.17.self_attn,aten.clone.default,[],decode,True
1729,self_attn,,_unsafe_view,"[[B, n_kv, n_h/n_kv, T+1, d_head]]",,,"[[B, n_h, T+1, d_head]]",[1728],17,self_attn,,1,model.layers.17.self_attn,aten._unsafe_view.default,[],decode,True
1730,self_attn,,transpose,"[[B, n_h, T+1, d_head]]",,,"[[B, n_h, d_head, T+1]]",[1725],17,self_attn,,1,model.layers.17.self_attn,aten.transpose.int,[],decode,True
1731,self_attn,,expand,"[[B, n_h, 1, d_head]]",,,"[[B, n_h, 1, d_head]]",[1712],17,self_attn,,1,model.layers.17.self_attn,aten.expand.default,[],decode,True
1732,self_attn,,view,"[[B, n_h, 1, d_head]]",,,"[[n_h, B, d_head]]",[1731],17,self_attn,,1,model.layers.17.self_attn,aten.view.default,[],decode,True
1733,self_attn,,expand,"[[B, n_h, d_head, T+1]]",,,"[[B, n_h, d_head, T+1]]",[1730],17,self_attn,,1,model.layers.17.self_attn,aten.expand.default,[],decode,True
1734,self_attn,,view,"[[B, n_h, d_head, T+1]]",,,"[[n_h, d_head, T+1]]",[1733],17,self_attn,,1,model.layers.17.self_attn,aten.view.default,[],decode,True
1735,self_attn,,batched_matmul,"[[n_h, B, d_head], [n_h, d_head, T+1]]",,,"[[n_h, B, T+1]]","[1732, 1734]",17,self_attn,,1,model.layers.17.self_attn,aten.bmm.default,[],decode,False
1736,self_attn,,_unsafe_view,"[[n_h, B, T+1]]",,,"[[B, n_h, 1, T+1]]",[1735],17,self_attn,,1,model.layers.17.self_attn,aten._unsafe_view.default,[],decode,True
1737,self_attn,,elementwise_mul,"[[B, n_h, 1, T+1]]",,,"[[B, n_h, 1, T+1]]",[1736],17,self_attn,,1,model.layers.17.self_attn,aten.mul.Tensor,[],decode,False
1738,self_attn,,elementwise_add,"[[B, n_h, 1, T+1], [B, 1, 1, T+1]]",,,"[[B, n_h, 1, T+1]]","[22, 1737]",17,self_attn,,1,model.layers.17.self_attn,aten.add.Tensor,[],decode,False
1739,self_attn,,_to_copy,"[[B, n_h, 1, T+1]]",,,"[[B, n_h, 1, T+1]]",[1738],17,self_attn,,1,model.layers.17.self_attn,aten._to_copy.default,[],decode,True
1740,self_attn,,softmax,"[[B, n_h, 1, T+1]]",,,"[[B, n_h, 1, T+1]]",[1739],17,self_attn,,1,model.layers.17.self_attn,aten._softmax.default,[],decode,False
1741,self_attn,,_to_copy,"[[B, n_h, 1, T+1]]",,,"[[B, n_h, 1, T+1]]",[1740],17,self_attn,,1,model.layers.17.self_attn,aten._to_copy.default,[],decode,True
1742,self_attn,,expand,"[[B, n_h, 1, T+1]]",,,"[[B, n_h, 1, T+1]]",[1741],17,self_attn,,1,model.layers.17.self_attn,aten.expand.default,[],decode,True
1743,self_attn,,view,"[[B, n_h, 1, T+1]]",,,"[[n_h, B, T+1]]",[1742],17,self_attn,,1,model.layers.17.self_attn,aten.view.default,[],decode,True
1744,self_attn,,expand,"[[B, n_h, T+1, d_head]]",,,"[[B, n_h, T+1, d_head]]",[1729],17,self_attn,,1,model.layers.17.self_attn,aten.expand.default,[],decode,True
1745,self_attn,,view,"[[B, n_h, T+1, d_head]]",,,"[[n_h, T+1, d_head]]",[1744],17,self_attn,,1,model.layers.17.self_attn,aten.view.default,[],decode,True
1746,self_attn,,batched_matmul,"[[n_h, B, T+1], [n_h, T+1, d_head]]",,,"[[n_h, B, d_head]]","[1743, 1745]",17,self_attn,,1,model.layers.17.self_attn,aten.bmm.default,[],decode,False
1747,self_attn,,_unsafe_view,"[[n_h, B, d_head]]",,,"[[B, n_h, 1, d_head]]",[1746],17,self_attn,,1,model.layers.17.self_attn,aten._unsafe_view.default,[],decode,True
1748,self_attn,,transpose,"[[B, n_h, 1, d_head]]",,,"[[B, 1, n_h, d_head]]",[1747],17,self_attn,,1,model.layers.17.self_attn,aten.transpose.int,[],decode,True
1749,self_attn,,view,"[[B, 1, n_h, d_head]]",,,"[[B, 1, n_h*d_head]]",[1748],17,self_attn,,1,model.layers.17.self_attn,aten.view.default,[],decode,True
1750,self_attn,o_proj,t,"[[d_model, n_h*d_head]]","[d_model, n_h*d_head]",0,"[[n_h*d_head, d_model]]",[],17,self_attn,o_proj,2,model.layers.17.self_attn.o_proj,aten.t.default,[model.layers.17.self_attn.o_proj.weight],decode,True
1751,self_attn,o_proj,view,"[[B, 1, n_h*d_head]]",,,"[[B, n_h*d_head]]",[1749],17,self_attn,o_proj,2,model.layers.17.self_attn.o_proj,aten.view.default,[],decode,True
1752,self_attn,o_proj,matmul,"[[B, n_h*d_head], [n_h*d_head, d_model]]","[d_model, n_h*d_head]",1,"[[B, d_model]]","[1750, 1751]",17,self_attn,o_proj,2,model.layers.17.self_attn.o_proj,aten.mm.default,[model.layers.17.self_attn.o_proj.weight],decode,False
1753,self_attn,o_proj,_unsafe_view,"[[B, d_model]]",,,"[[B, 1, d_model]]",[1752],17,self_attn,o_proj,2,model.layers.17.self_attn.o_proj,aten._unsafe_view.default,[],decode,True
1754,,,elementwise_add,"[[B, 1, d_model], [B, 1, d_model]]",,,"[[B, 1, d_model]]","[1677, 1753]",17,,,0,model.layers.17,aten.add.Tensor,[],decode,False
1755,post_attention_layernorm,,_to_copy,"[[B, 1, d_model]]",,,"[[B, 1, d_model]]",[1754],17,post_attention_layernorm,,1,model.layers.17.post_attention_layernorm,aten._to_copy.default,[],decode,True
1756,post_attention_layernorm,,pow,"[[B, 1, d_model]]",,,"[[B, 1, d_model]]",[1755],17,post_attention_layernorm,,1,model.layers.17.post_attention_layernorm,aten.pow.Tensor_Scalar,[],decode,False
1757,post_attention_layernorm,,mean,"[[B, 1, d_model]]",,,"[[B, 1, 1]]",[1756],17,post_attention_layernorm,,1,model.layers.17.post_attention_layernorm,aten.mean.dim,[],decode,False
1758,post_attention_layernorm,,elementwise_add,"[[B, 1, 1]]",,,"[[B, 1, 1]]",[1757],17,post_attention_layernorm,,1,model.layers.17.post_attention_layernorm,aten.add.Tensor,[],decode,False
1759,post_attention_layernorm,,rsqrt,"[[B, 1, 1]]",,,"[[B, 1, 1]]",[1758],17,post_attention_layernorm,,1,model.layers.17.post_attention_layernorm,aten.rsqrt.default,[],decode,False
1760,post_attention_layernorm,,elementwise_mul,"[[B, 1, d_model], [B, 1, 1]]",,,"[[B, 1, d_model]]","[1755, 1759]",17,post_attention_layernorm,,1,model.layers.17.post_attention_layernorm,aten.mul.Tensor,[],decode,False
1761,post_attention_layernorm,,_to_copy,"[[B, 1, d_model]]",,,"[[B, 1, d_model]]",[1760],17,post_attention_layernorm,,1,model.layers.17.post_attention_layernorm,aten._to_copy.default,[],decode,True
1762,post_attention_layernorm,,elementwise_mul,"[[d_model], [B, 1, d_model]]",,,"[[B, 1, d_model]]",[1761],17,post_attention_layernorm,,1,model.layers.17.post_attention_layernorm,aten.mul.Tensor,[model.layers.17.post_attention_layernorm.weight],decode,False
1763,mlp,gate_proj,t,"[[d_ff, d_model]]","[d_ff, d_model]",0,"[[d_model, d_ff]]",[],17,mlp,gate_proj,2,model.layers.17.mlp.gate_proj,aten.t.default,[model.layers.17.mlp.gate_proj.weight],decode,True
1764,mlp,gate_proj,view,"[[B, 1, d_model]]",,,"[[B, d_model]]",[1762],17,mlp,gate_proj,2,model.layers.17.mlp.gate_proj,aten.view.default,[],decode,True
1765,mlp,gate_proj,matmul,"[[B, d_model], [d_model, d_ff]]","[d_ff, d_model]",1,"[[B, d_ff]]","[1763, 1764]",17,mlp,gate_proj,2,model.layers.17.mlp.gate_proj,aten.mm.default,[model.layers.17.mlp.gate_proj.weight],decode,False
1766,mlp,gate_proj,_unsafe_view,"[[B, d_ff]]",,,"[[B, 1, d_ff]]",[1765],17,mlp,gate_proj,2,model.layers.17.mlp.gate_proj,aten._unsafe_view.default,[],decode,True
1767,mlp,act_fn,silu,"[[B, 1, d_ff]]",,,"[[B, 1, d_ff]]",[1766],17,mlp,act_fn,2,model.layers.17.mlp.act_fn,aten.silu.default,[],decode,False
1768,mlp,up_proj,t,"[[d_ff, d_model]]","[d_ff, d_model]",0,"[[d_model, d_ff]]",[],17,mlp,up_proj,2,model.layers.17.mlp.up_proj,aten.t.default,[model.layers.17.mlp.up_proj.weight],decode,True
1769,mlp,up_proj,view,"[[B, 1, d_model]]",,,"[[B, d_model]]",[1762],17,mlp,up_proj,2,model.layers.17.mlp.up_proj,aten.view.default,[],decode,True
1770,mlp,up_proj,matmul,"[[B, d_model], [d_model, d_ff]]","[d_ff, d_model]",1,"[[B, d_ff]]","[1768, 1769]",17,mlp,up_proj,2,model.layers.17.mlp.up_proj,aten.mm.default,[model.layers.17.mlp.up_proj.weight],decode,False
1771,mlp,up_proj,_unsafe_view,"[[B, d_ff]]",,,"[[B, 1, d_ff]]",[1770],17,mlp,up_proj,2,model.layers.17.mlp.up_proj,aten._unsafe_view.default,[],decode,True
1772,mlp,,elementwise_mul,"[[B, 1, d_ff], [B, 1, d_ff]]",,,"[[B, 1, d_ff]]","[1767, 1771]",17,mlp,,1,model.layers.17.mlp,aten.mul.Tensor,[],decode,False
1773,mlp,down_proj,t,"[[d_model, d_ff]]","[d_model, d_ff]",0,"[[d_ff, d_model]]",[],17,mlp,down_proj,2,model.layers.17.mlp.down_proj,aten.t.default,[model.layers.17.mlp.down_proj.weight],decode,True
1774,mlp,down_proj,view,"[[B, 1, d_ff]]",,,"[[B, d_ff]]",[1772],17,mlp,down_proj,2,model.layers.17.mlp.down_proj,aten.view.default,[],decode,True
1775,mlp,down_proj,matmul,"[[B, d_ff], [d_ff, d_model]]","[d_model, d_ff]",1,"[[B, d_model]]","[1773, 1774]",17,mlp,down_proj,2,model.layers.17.mlp.down_proj,aten.mm.default,[model.layers.17.mlp.down_proj.weight],decode,False
1776,mlp,down_proj,_unsafe_view,"[[B, d_model]]",,,"[[B, 1, d_model]]",[1775],17,mlp,down_proj,2,model.layers.17.mlp.down_proj,aten._unsafe_view.default,[],decode,True
1777,,,elementwise_add,"[[B, 1, d_model], [B, 1, d_model]]",,,"[[B, 1, d_model]]","[1754, 1776]",17,,,0,model.layers.17,aten.add.Tensor,[],decode,False
1778,input_layernorm,,_to_copy,"[[B, 1, d_model]]",,,"[[B, 1, d_model]]",[1777],18,input_layernorm,,1,model.layers.18.input_layernorm,aten._to_copy.default,[],decode,True
1779,input_layernorm,,pow,"[[B, 1, d_model]]",,,"[[B, 1, d_model]]",[1778],18,input_layernorm,,1,model.layers.18.input_layernorm,aten.pow.Tensor_Scalar,[],decode,False
1780,input_layernorm,,mean,"[[B, 1, d_model]]",,,"[[B, 1, 1]]",[1779],18,input_layernorm,,1,model.layers.18.input_layernorm,aten.mean.dim,[],decode,False
1781,input_layernorm,,elementwise_add,"[[B, 1, 1]]",,,"[[B, 1, 1]]",[1780],18,input_layernorm,,1,model.layers.18.input_layernorm,aten.add.Tensor,[],decode,False
1782,input_layernorm,,rsqrt,"[[B, 1, 1]]",,,"[[B, 1, 1]]",[1781],18,input_layernorm,,1,model.layers.18.input_layernorm,aten.rsqrt.default,[],decode,False
1783,input_layernorm,,elementwise_mul,"[[B, 1, d_model], [B, 1, 1]]",,,"[[B, 1, d_model]]","[1778, 1782]",18,input_layernorm,,1,model.layers.18.input_layernorm,aten.mul.Tensor,[],decode,False
1784,input_layernorm,,_to_copy,"[[B, 1, d_model]]",,,"[[B, 1, d_model]]",[1783],18,input_layernorm,,1,model.layers.18.input_layernorm,aten._to_copy.default,[],decode,True
1785,input_layernorm,,elementwise_mul,"[[d_model], [B, 1, d_model]]",,,"[[B, 1, d_model]]",[1784],18,input_layernorm,,1,model.layers.18.input_layernorm,aten.mul.Tensor,[model.layers.18.input_layernorm.weight],decode,False
1786,self_attn,q_proj,t,"[[n_h*d_head, d_model]]","[n_h*d_head, d_model]",0,"[[d_model, n_h*d_head]]",[],18,self_attn,q_proj,2,model.layers.18.self_attn.q_proj,aten.t.default,[model.layers.18.self_attn.q_proj.weight],decode,True
1787,self_attn,q_proj,view,"[[B, 1, d_model]]",,,"[[B, d_model]]",[1785],18,self_attn,q_proj,2,model.layers.18.self_attn.q_proj,aten.view.default,[],decode,True
1788,self_attn,q_proj,matmul,"[[B, d_model], [d_model, n_h*d_head]]","[n_h*d_head, d_model]",1,"[[B, n_h*d_head]]","[1786, 1787]",18,self_attn,q_proj,2,model.layers.18.self_attn.q_proj,aten.mm.default,[model.layers.18.self_attn.q_proj.weight],decode,False
1789,self_attn,q_proj,_unsafe_view,"[[B, n_h*d_head]]",,,"[[B, 1, n_h*d_head]]",[1788],18,self_attn,q_proj,2,model.layers.18.self_attn.q_proj,aten._unsafe_view.default,[],decode,True
1790,self_attn,,view,"[[B, 1, n_h*d_head]]",,,"[[B, 1, n_h, d_head]]",[1789],18,self_attn,,1,model.layers.18.self_attn,aten.view.default,[],decode,True
1791,self_attn,,transpose,"[[B, 1, n_h, d_head]]",,,"[[B, n_h, 1, d_head]]",[1790],18,self_attn,,1,model.layers.18.self_attn,aten.transpose.int,[],decode,True
1792,self_attn,k_proj,t,"[[n_kv*d_head, d_model]]","[n_kv*d_head, d_model]",0,"[[d_model, n_kv*d_head]]",[],18,self_attn,k_proj,2,model.layers.18.self_attn.k_proj,aten.t.default,[model.layers.18.self_attn.k_proj.weight],decode,True
1793,self_attn,k_proj,view,"[[B, 1, d_model]]",,,"[[B, d_model]]",[1785],18,self_attn,k_proj,2,model.layers.18.self_attn.k_proj,aten.view.default,[],decode,True
1794,self_attn,k_proj,matmul,"[[B, d_model], [d_model, n_kv*d_head]]","[n_kv*d_head, d_model]",1,"[[B, n_kv*d_head]]","[1792, 1793]",18,self_attn,k_proj,2,model.layers.18.self_attn.k_proj,aten.mm.default,[model.layers.18.self_attn.k_proj.weight],decode,False
1795,self_attn,k_proj,_unsafe_view,"[[B, n_kv*d_head]]",,,"[[B, 1, n_kv*d_head]]",[1794],18,self_attn,k_proj,2,model.layers.18.self_attn.k_proj,aten._unsafe_view.default,[],decode,True
1796,self_attn,,view,"[[B, 1, n_kv*d_head]]",,,"[[B, 1, n_kv, d_head]]",[1795],18,self_attn,,1,model.layers.18.self_attn,aten.view.default,[],decode,True
1797,self_attn,,transpose,"[[B, 1, n_kv, d_head]]",,,"[[B, n_kv, 1, d_head]]",[1796],18,self_attn,,1,model.layers.18.self_attn,aten.transpose.int,[],decode,True
1798,self_attn,v_proj,t,"[[n_kv*d_head, d_model]]","[n_kv*d_head, d_model]",0,"[[d_model, n_kv*d_head]]",[],18,self_attn,v_proj,2,model.layers.18.self_attn.v_proj,aten.t.default,[model.layers.18.self_attn.v_proj.weight],decode,True
1799,self_attn,v_proj,view,"[[B, 1, d_model]]",,,"[[B, d_model]]",[1785],18,self_attn,v_proj,2,model.layers.18.self_attn.v_proj,aten.view.default,[],decode,True
1800,self_attn,v_proj,matmul,"[[B, d_model], [d_model, n_kv*d_head]]","[n_kv*d_head, d_model]",1,"[[B, n_kv*d_head]]","[1798, 1799]",18,self_attn,v_proj,2,model.layers.18.self_attn.v_proj,aten.mm.default,[model.layers.18.self_attn.v_proj.weight],decode,False
1801,self_attn,v_proj,_unsafe_view,"[[B, n_kv*d_head]]",,,"[[B, 1, n_kv*d_head]]",[1800],18,self_attn,v_proj,2,model.layers.18.self_attn.v_proj,aten._unsafe_view.default,[],decode,True
1802,self_attn,,view,"[[B, 1, n_kv*d_head]]",,,"[[B, 1, n_kv, d_head]]",[1801],18,self_attn,,1,model.layers.18.self_attn,aten.view.default,[],decode,True
1803,self_attn,,transpose,"[[B, 1, n_kv, d_head]]",,,"[[B, n_kv, 1, d_head]]",[1802],18,self_attn,,1,model.layers.18.self_attn,aten.transpose.int,[],decode,True
1804,self_attn,,unsqueeze,"[[B, 1, d_head]]",,,"[[B, 1, 1, d_head]]",[40],18,self_attn,,1,model.layers.18.self_attn,aten.unsqueeze.default,[],decode,True
1805,self_attn,,unsqueeze,"[[B, 1, d_head]]",,,"[[B, 1, 1, d_head]]",[41],18,self_attn,,1,model.layers.18.self_attn,aten.unsqueeze.default,[],decode,True
1806,self_attn,,elementwise_mul,"[[B, n_h, 1, d_head], [B, 1, 1, d_head]]",,,"[[B, n_h, 1, d_head]]","[1791, 1804]",18,self_attn,,1,model.layers.18.self_attn,aten.mul.Tensor,[],decode,False
1807,self_attn,,slice,"[[B, n_h, 1, d_head]]",,,"[[B, n_h, 1, d_head/2]]",[1791],18,self_attn,,1,model.layers.18.self_attn,aten.slice.Tensor,[],decode,True
1808,self_attn,,slice,"[[B, n_h, 1, d_head]]",,,"[[B, n_h, 1, d_head/2]]",[1791],18,self_attn,,1,model.layers.18.self_attn,aten.slice.Tensor,[],decode,True
1809,self_attn,,neg,"[[B, n_h, 1, d_head/2]]",,,"[[B, n_h, 1, d_head/2]]",[1808],18,self_attn,,1,model.layers.18.self_attn,aten.neg.default,[],decode,False
1810,self_attn,,concat,"[[B, n_h, 1, d_head/2], [B, n_h, 1, d_head/2]]",,,"[[B, n_h, 1, d_head]]","[1807, 1809]",18,self_attn,,1,model.layers.18.self_attn,aten.cat.default,[],decode,False
1811,self_attn,,elementwise_mul,"[[B, n_h, 1, d_head], [B, 1, 1, d_head]]",,,"[[B, n_h, 1, d_head]]","[1805, 1810]",18,self_attn,,1,model.layers.18.self_attn,aten.mul.Tensor,[],decode,False
1812,self_attn,,elementwise_add,"[[B, n_h, 1, d_head], [B, n_h, 1, d_head]]",,,"[[B, n_h, 1, d_head]]","[1806, 1811]",18,self_attn,,1,model.layers.18.self_attn,aten.add.Tensor,[],decode,False
1813,self_attn,,elementwise_mul,"[[B, n_kv, 1, d_head], [B, 1, 1, d_head]]",,,"[[B, n_kv, 1, d_head]]","[1797, 1804]",18,self_attn,,1,model.layers.18.self_attn,aten.mul.Tensor,[],decode,False
1814,self_attn,,slice,"[[B, n_kv, 1, d_head]]",,,"[[B, n_kv, 1, d_head/2]]",[1797],18,self_attn,,1,model.layers.18.self_attn,aten.slice.Tensor,[],decode,True
1815,self_attn,,slice,"[[B, n_kv, 1, d_head]]",,,"[[B, n_kv, 1, d_head/2]]",[1797],18,self_attn,,1,model.layers.18.self_attn,aten.slice.Tensor,[],decode,True
1816,self_attn,,neg,"[[B, n_kv, 1, d_head/2]]",,,"[[B, n_kv, 1, d_head/2]]",[1815],18,self_attn,,1,model.layers.18.self_attn,aten.neg.default,[],decode,False
1817,self_attn,,concat,"[[B, n_kv, 1, d_head/2], [B, n_kv, 1, d_head/2]]",,,"[[B, n_kv, 1, d_head]]","[1814, 1816]",18,self_attn,,1,model.layers.18.self_attn,aten.cat.default,[],decode,False
1818,self_attn,,elementwise_mul,"[[B, n_kv, 1, d_head], [B, 1, 1, d_head]]",,,"[[B, n_kv, 1, d_head]]","[1805, 1817]",18,self_attn,,1,model.layers.18.self_attn,aten.mul.Tensor,[],decode,False
1819,self_attn,,elementwise_add,"[[B, n_kv, 1, d_head], [B, n_kv, 1, d_head]]",,,"[[B, n_kv, 1, d_head]]","[1813, 1818]",18,self_attn,,1,model.layers.18.self_attn,aten.add.Tensor,[],decode,False
1820,self_attn,,concat,"[[B, n_kv, T, d_head], [B, n_kv, 1, d_head]]",,,"[[B, n_kv, T+1, d_head]]",[1819],18,self_attn,,1,model.layers.18.self_attn,aten.cat.default,[],decode,False
1821,self_attn,,concat,"[[B, n_kv, T, d_head], [B, n_kv, 1, d_head]]",,,"[[B, n_kv, T+1, d_head]]",[1803],18,self_attn,,1,model.layers.18.self_attn,aten.cat.default,[],decode,False
1822,self_attn,,unsqueeze,"[[B, n_kv, T+1, d_head]]",,,"[[B, n_kv, 1, T+1, d_head]]",[1820],18,self_attn,,1,model.layers.18.self_attn,aten.unsqueeze.default,[],decode,True
1823,self_attn,,expand,"[[B, n_kv, 1, T+1, d_head]]",,,"[[B, n_kv, n_h/n_kv, T+1, d_head]]",[1822],18,self_attn,,1,model.layers.18.self_attn,aten.expand.default,[],decode,True
1824,self_attn,,clone,"[[B, n_kv, n_h/n_kv, T+1, d_head]]",,,"[[B, n_kv, n_h/n_kv, T+1, d_head]]",[1823],18,self_attn,,1,model.layers.18.self_attn,aten.clone.default,[],decode,True
1825,self_attn,,_unsafe_view,"[[B, n_kv, n_h/n_kv, T+1, d_head]]",,,"[[B, n_h, T+1, d_head]]",[1824],18,self_attn,,1,model.layers.18.self_attn,aten._unsafe_view.default,[],decode,True
1826,self_attn,,unsqueeze,"[[B, n_kv, T+1, d_head]]",,,"[[B, n_kv, 1, T+1, d_head]]",[1821],18,self_attn,,1,model.layers.18.self_attn,aten.unsqueeze.default,[],decode,True
1827,self_attn,,expand,"[[B, n_kv, 1, T+1, d_head]]",,,"[[B, n_kv, n_h/n_kv, T+1, d_head]]",[1826],18,self_attn,,1,model.layers.18.self_attn,aten.expand.default,[],decode,True
1828,self_attn,,clone,"[[B, n_kv, n_h/n_kv, T+1, d_head]]",,,"[[B, n_kv, n_h/n_kv, T+1, d_head]]",[1827],18,self_attn,,1,model.layers.18.self_attn,aten.clone.default,[],decode,True
1829,self_attn,,_unsafe_view,"[[B, n_kv, n_h/n_kv, T+1, d_head]]",,,"[[B, n_h, T+1, d_head]]",[1828],18,self_attn,,1,model.layers.18.self_attn,aten._unsafe_view.default,[],decode,True
1830,self_attn,,transpose,"[[B, n_h, T+1, d_head]]",,,"[[B, n_h, d_head, T+1]]",[1825],18,self_attn,,1,model.layers.18.self_attn,aten.transpose.int,[],decode,True
1831,self_attn,,expand,"[[B, n_h, 1, d_head]]",,,"[[B, n_h, 1, d_head]]",[1812],18,self_attn,,1,model.layers.18.self_attn,aten.expand.default,[],decode,True
1832,self_attn,,view,"[[B, n_h, 1, d_head]]",,,"[[n_h, B, d_head]]",[1831],18,self_attn,,1,model.layers.18.self_attn,aten.view.default,[],decode,True
1833,self_attn,,expand,"[[B, n_h, d_head, T+1]]",,,"[[B, n_h, d_head, T+1]]",[1830],18,self_attn,,1,model.layers.18.self_attn,aten.expand.default,[],decode,True
1834,self_attn,,view,"[[B, n_h, d_head, T+1]]",,,"[[n_h, d_head, T+1]]",[1833],18,self_attn,,1,model.layers.18.self_attn,aten.view.default,[],decode,True
1835,self_attn,,batched_matmul,"[[n_h, B, d_head], [n_h, d_head, T+1]]",,,"[[n_h, B, T+1]]","[1832, 1834]",18,self_attn,,1,model.layers.18.self_attn,aten.bmm.default,[],decode,False
1836,self_attn,,_unsafe_view,"[[n_h, B, T+1]]",,,"[[B, n_h, 1, T+1]]",[1835],18,self_attn,,1,model.layers.18.self_attn,aten._unsafe_view.default,[],decode,True
1837,self_attn,,elementwise_mul,"[[B, n_h, 1, T+1]]",,,"[[B, n_h, 1, T+1]]",[1836],18,self_attn,,1,model.layers.18.self_attn,aten.mul.Tensor,[],decode,False
1838,self_attn,,elementwise_add,"[[B, n_h, 1, T+1], [B, 1, 1, T+1]]",,,"[[B, n_h, 1, T+1]]","[22, 1837]",18,self_attn,,1,model.layers.18.self_attn,aten.add.Tensor,[],decode,False
1839,self_attn,,_to_copy,"[[B, n_h, 1, T+1]]",,,"[[B, n_h, 1, T+1]]",[1838],18,self_attn,,1,model.layers.18.self_attn,aten._to_copy.default,[],decode,True
1840,self_attn,,softmax,"[[B, n_h, 1, T+1]]",,,"[[B, n_h, 1, T+1]]",[1839],18,self_attn,,1,model.layers.18.self_attn,aten._softmax.default,[],decode,False
1841,self_attn,,_to_copy,"[[B, n_h, 1, T+1]]",,,"[[B, n_h, 1, T+1]]",[1840],18,self_attn,,1,model.layers.18.self_attn,aten._to_copy.default,[],decode,True
1842,self_attn,,expand,"[[B, n_h, 1, T+1]]",,,"[[B, n_h, 1, T+1]]",[1841],18,self_attn,,1,model.layers.18.self_attn,aten.expand.default,[],decode,True
1843,self_attn,,view,"[[B, n_h, 1, T+1]]",,,"[[n_h, B, T+1]]",[1842],18,self_attn,,1,model.layers.18.self_attn,aten.view.default,[],decode,True
1844,self_attn,,expand,"[[B, n_h, T+1, d_head]]",,,"[[B, n_h, T+1, d_head]]",[1829],18,self_attn,,1,model.layers.18.self_attn,aten.expand.default,[],decode,True
1845,self_attn,,view,"[[B, n_h, T+1, d_head]]",,,"[[n_h, T+1, d_head]]",[1844],18,self_attn,,1,model.layers.18.self_attn,aten.view.default,[],decode,True
1846,self_attn,,batched_matmul,"[[n_h, B, T+1], [n_h, T+1, d_head]]",,,"[[n_h, B, d_head]]","[1843, 1845]",18,self_attn,,1,model.layers.18.self_attn,aten.bmm.default,[],decode,False
1847,self_attn,,_unsafe_view,"[[n_h, B, d_head]]",,,"[[B, n_h, 1, d_head]]",[1846],18,self_attn,,1,model.layers.18.self_attn,aten._unsafe_view.default,[],decode,True
1848,self_attn,,transpose,"[[B, n_h, 1, d_head]]",,,"[[B, 1, n_h, d_head]]",[1847],18,self_attn,,1,model.layers.18.self_attn,aten.transpose.int,[],decode,True
1849,self_attn,,view,"[[B, 1, n_h, d_head]]",,,"[[B, 1, n_h*d_head]]",[1848],18,self_attn,,1,model.layers.18.self_attn,aten.view.default,[],decode,True
1850,self_attn,o_proj,t,"[[d_model, n_h*d_head]]","[d_model, n_h*d_head]",0,"[[n_h*d_head, d_model]]",[],18,self_attn,o_proj,2,model.layers.18.self_attn.o_proj,aten.t.default,[model.layers.18.self_attn.o_proj.weight],decode,True
1851,self_attn,o_proj,view,"[[B, 1, n_h*d_head]]",,,"[[B, n_h*d_head]]",[1849],18,self_attn,o_proj,2,model.layers.18.self_attn.o_proj,aten.view.default,[],decode,True
1852,self_attn,o_proj,matmul,"[[B, n_h*d_head], [n_h*d_head, d_model]]","[d_model, n_h*d_head]",1,"[[B, d_model]]","[1850, 1851]",18,self_attn,o_proj,2,model.layers.18.self_attn.o_proj,aten.mm.default,[model.layers.18.self_attn.o_proj.weight],decode,False
1853,self_attn,o_proj,_unsafe_view,"[[B, d_model]]",,,"[[B, 1, d_model]]",[1852],18,self_attn,o_proj,2,model.layers.18.self_attn.o_proj,aten._unsafe_view.default,[],decode,True
1854,,,elementwise_add,"[[B, 1, d_model], [B, 1, d_model]]",,,"[[B, 1, d_model]]","[1777, 1853]",18,,,0,model.layers.18,aten.add.Tensor,[],decode,False
1855,post_attention_layernorm,,_to_copy,"[[B, 1, d_model]]",,,"[[B, 1, d_model]]",[1854],18,post_attention_layernorm,,1,model.layers.18.post_attention_layernorm,aten._to_copy.default,[],decode,True
1856,post_attention_layernorm,,pow,"[[B, 1, d_model]]",,,"[[B, 1, d_model]]",[1855],18,post_attention_layernorm,,1,model.layers.18.post_attention_layernorm,aten.pow.Tensor_Scalar,[],decode,False
1857,post_attention_layernorm,,mean,"[[B, 1, d_model]]",,,"[[B, 1, 1]]",[1856],18,post_attention_layernorm,,1,model.layers.18.post_attention_layernorm,aten.mean.dim,[],decode,False
1858,post_attention_layernorm,,elementwise_add,"[[B, 1, 1]]",,,"[[B, 1, 1]]",[1857],18,post_attention_layernorm,,1,model.layers.18.post_attention_layernorm,aten.add.Tensor,[],decode,False
1859,post_attention_layernorm,,rsqrt,"[[B, 1, 1]]",,,"[[B, 1, 1]]",[1858],18,post_attention_layernorm,,1,model.layers.18.post_attention_layernorm,aten.rsqrt.default,[],decode,False
1860,post_attention_layernorm,,elementwise_mul,"[[B, 1, d_model], [B, 1, 1]]",,,"[[B, 1, d_model]]","[1855, 1859]",18,post_attention_layernorm,,1,model.layers.18.post_attention_layernorm,aten.mul.Tensor,[],decode,False
1861,post_attention_layernorm,,_to_copy,"[[B, 1, d_model]]",,,"[[B, 1, d_model]]",[1860],18,post_attention_layernorm,,1,model.layers.18.post_attention_layernorm,aten._to_copy.default,[],decode,True
1862,post_attention_layernorm,,elementwise_mul,"[[d_model], [B, 1, d_model]]",,,"[[B, 1, d_model]]",[1861],18,post_attention_layernorm,,1,model.layers.18.post_attention_layernorm,aten.mul.Tensor,[model.layers.18.post_attention_layernorm.weight],decode,False
1863,mlp,gate_proj,t,"[[d_ff, d_model]]","[d_ff, d_model]",0,"[[d_model, d_ff]]",[],18,mlp,gate_proj,2,model.layers.18.mlp.gate_proj,aten.t.default,[model.layers.18.mlp.gate_proj.weight],decode,True
1864,mlp,gate_proj,view,"[[B, 1, d_model]]",,,"[[B, d_model]]",[1862],18,mlp,gate_proj,2,model.layers.18.mlp.gate_proj,aten.view.default,[],decode,True
1865,mlp,gate_proj,matmul,"[[B, d_model], [d_model, d_ff]]","[d_ff, d_model]",1,"[[B, d_ff]]","[1863, 1864]",18,mlp,gate_proj,2,model.layers.18.mlp.gate_proj,aten.mm.default,[model.layers.18.mlp.gate_proj.weight],decode,False
1866,mlp,gate_proj,_unsafe_view,"[[B, d_ff]]",,,"[[B, 1, d_ff]]",[1865],18,mlp,gate_proj,2,model.layers.18.mlp.gate_proj,aten._unsafe_view.default,[],decode,True
1867,mlp,act_fn,silu,"[[B, 1, d_ff]]",,,"[[B, 1, d_ff]]",[1866],18,mlp,act_fn,2,model.layers.18.mlp.act_fn,aten.silu.default,[],decode,False
1868,mlp,up_proj,t,"[[d_ff, d_model]]","[d_ff, d_model]",0,"[[d_model, d_ff]]",[],18,mlp,up_proj,2,model.layers.18.mlp.up_proj,aten.t.default,[model.layers.18.mlp.up_proj.weight],decode,True
1869,mlp,up_proj,view,"[[B, 1, d_model]]",,,"[[B, d_model]]",[1862],18,mlp,up_proj,2,model.layers.18.mlp.up_proj,aten.view.default,[],decode,True
1870,mlp,up_proj,matmul,"[[B, d_model], [d_model, d_ff]]","[d_ff, d_model]",1,"[[B, d_ff]]","[1868, 1869]",18,mlp,up_proj,2,model.layers.18.mlp.up_proj,aten.mm.default,[model.layers.18.mlp.up_proj.weight],decode,False
1871,mlp,up_proj,_unsafe_view,"[[B, d_ff]]",,,"[[B, 1, d_ff]]",[1870],18,mlp,up_proj,2,model.layers.18.mlp.up_proj,aten._unsafe_view.default,[],decode,True
1872,mlp,,elementwise_mul,"[[B, 1, d_ff], [B, 1, d_ff]]",,,"[[B, 1, d_ff]]","[1867, 1871]",18,mlp,,1,model.layers.18.mlp,aten.mul.Tensor,[],decode,False
1873,mlp,down_proj,t,"[[d_model, d_ff]]","[d_model, d_ff]",0,"[[d_ff, d_model]]",[],18,mlp,down_proj,2,model.layers.18.mlp.down_proj,aten.t.default,[model.layers.18.mlp.down_proj.weight],decode,True
1874,mlp,down_proj,view,"[[B, 1, d_ff]]",,,"[[B, d_ff]]",[1872],18,mlp,down_proj,2,model.layers.18.mlp.down_proj,aten.view.default,[],decode,True
1875,mlp,down_proj,matmul,"[[B, d_ff], [d_ff, d_model]]","[d_model, d_ff]",1,"[[B, d_model]]","[1873, 1874]",18,mlp,down_proj,2,model.layers.18.mlp.down_proj,aten.mm.default,[model.layers.18.mlp.down_proj.weight],decode,False
1876,mlp,down_proj,_unsafe_view,"[[B, d_model]]",,,"[[B, 1, d_model]]",[1875],18,mlp,down_proj,2,model.layers.18.mlp.down_proj,aten._unsafe_view.default,[],decode,True
1877,,,elementwise_add,"[[B, 1, d_model], [B, 1, d_model]]",,,"[[B, 1, d_model]]","[1854, 1876]",18,,,0,model.layers.18,aten.add.Tensor,[],decode,False
1878,input_layernorm,,_to_copy,"[[B, 1, d_model]]",,,"[[B, 1, d_model]]",[1877],19,input_layernorm,,1,model.layers.19.input_layernorm,aten._to_copy.default,[],decode,True
1879,input_layernorm,,pow,"[[B, 1, d_model]]",,,"[[B, 1, d_model]]",[1878],19,input_layernorm,,1,model.layers.19.input_layernorm,aten.pow.Tensor_Scalar,[],decode,False
1880,input_layernorm,,mean,"[[B, 1, d_model]]",,,"[[B, 1, 1]]",[1879],19,input_layernorm,,1,model.layers.19.input_layernorm,aten.mean.dim,[],decode,False
1881,input_layernorm,,elementwise_add,"[[B, 1, 1]]",,,"[[B, 1, 1]]",[1880],19,input_layernorm,,1,model.layers.19.input_layernorm,aten.add.Tensor,[],decode,False
1882,input_layernorm,,rsqrt,"[[B, 1, 1]]",,,"[[B, 1, 1]]",[1881],19,input_layernorm,,1,model.layers.19.input_layernorm,aten.rsqrt.default,[],decode,False
1883,input_layernorm,,elementwise_mul,"[[B, 1, d_model], [B, 1, 1]]",,,"[[B, 1, d_model]]","[1878, 1882]",19,input_layernorm,,1,model.layers.19.input_layernorm,aten.mul.Tensor,[],decode,False
1884,input_layernorm,,_to_copy,"[[B, 1, d_model]]",,,"[[B, 1, d_model]]",[1883],19,input_layernorm,,1,model.layers.19.input_layernorm,aten._to_copy.default,[],decode,True
1885,input_layernorm,,elementwise_mul,"[[d_model], [B, 1, d_model]]",,,"[[B, 1, d_model]]",[1884],19,input_layernorm,,1,model.layers.19.input_layernorm,aten.mul.Tensor,[model.layers.19.input_layernorm.weight],decode,False
1886,self_attn,q_proj,t,"[[n_h*d_head, d_model]]","[n_h*d_head, d_model]",0,"[[d_model, n_h*d_head]]",[],19,self_attn,q_proj,2,model.layers.19.self_attn.q_proj,aten.t.default,[model.layers.19.self_attn.q_proj.weight],decode,True
1887,self_attn,q_proj,view,"[[B, 1, d_model]]",,,"[[B, d_model]]",[1885],19,self_attn,q_proj,2,model.layers.19.self_attn.q_proj,aten.view.default,[],decode,True
1888,self_attn,q_proj,matmul,"[[B, d_model], [d_model, n_h*d_head]]","[n_h*d_head, d_model]",1,"[[B, n_h*d_head]]","[1886, 1887]",19,self_attn,q_proj,2,model.layers.19.self_attn.q_proj,aten.mm.default,[model.layers.19.self_attn.q_proj.weight],decode,False
1889,self_attn,q_proj,_unsafe_view,"[[B, n_h*d_head]]",,,"[[B, 1, n_h*d_head]]",[1888],19,self_attn,q_proj,2,model.layers.19.self_attn.q_proj,aten._unsafe_view.default,[],decode,True
1890,self_attn,,view,"[[B, 1, n_h*d_head]]",,,"[[B, 1, n_h, d_head]]",[1889],19,self_attn,,1,model.layers.19.self_attn,aten.view.default,[],decode,True
1891,self_attn,,transpose,"[[B, 1, n_h, d_head]]",,,"[[B, n_h, 1, d_head]]",[1890],19,self_attn,,1,model.layers.19.self_attn,aten.transpose.int,[],decode,True
1892,self_attn,k_proj,t,"[[n_kv*d_head, d_model]]","[n_kv*d_head, d_model]",0,"[[d_model, n_kv*d_head]]",[],19,self_attn,k_proj,2,model.layers.19.self_attn.k_proj,aten.t.default,[model.layers.19.self_attn.k_proj.weight],decode,True
1893,self_attn,k_proj,view,"[[B, 1, d_model]]",,,"[[B, d_model]]",[1885],19,self_attn,k_proj,2,model.layers.19.self_attn.k_proj,aten.view.default,[],decode,True
1894,self_attn,k_proj,matmul,"[[B, d_model], [d_model, n_kv*d_head]]","[n_kv*d_head, d_model]",1,"[[B, n_kv*d_head]]","[1892, 1893]",19,self_attn,k_proj,2,model.layers.19.self_attn.k_proj,aten.mm.default,[model.layers.19.self_attn.k_proj.weight],decode,False
1895,self_attn,k_proj,_unsafe_view,"[[B, n_kv*d_head]]",,,"[[B, 1, n_kv*d_head]]",[1894],19,self_attn,k_proj,2,model.layers.19.self_attn.k_proj,aten._unsafe_view.default,[],decode,True
1896,self_attn,,view,"[[B, 1, n_kv*d_head]]",,,"[[B, 1, n_kv, d_head]]",[1895],19,self_attn,,1,model.layers.19.self_attn,aten.view.default,[],decode,True
1897,self_attn,,transpose,"[[B, 1, n_kv, d_head]]",,,"[[B, n_kv, 1, d_head]]",[1896],19,self_attn,,1,model.layers.19.self_attn,aten.transpose.int,[],decode,True
1898,self_attn,v_proj,t,"[[n_kv*d_head, d_model]]","[n_kv*d_head, d_model]",0,"[[d_model, n_kv*d_head]]",[],19,self_attn,v_proj,2,model.layers.19.self_attn.v_proj,aten.t.default,[model.layers.19.self_attn.v_proj.weight],decode,True
1899,self_attn,v_proj,view,"[[B, 1, d_model]]",,,"[[B, d_model]]",[1885],19,self_attn,v_proj,2,model.layers.19.self_attn.v_proj,aten.view.default,[],decode,True
1900,self_attn,v_proj,matmul,"[[B, d_model], [d_model, n_kv*d_head]]","[n_kv*d_head, d_model]",1,"[[B, n_kv*d_head]]","[1898, 1899]",19,self_attn,v_proj,2,model.layers.19.self_attn.v_proj,aten.mm.default,[model.layers.19.self_attn.v_proj.weight],decode,False
1901,self_attn,v_proj,_unsafe_view,"[[B, n_kv*d_head]]",,,"[[B, 1, n_kv*d_head]]",[1900],19,self_attn,v_proj,2,model.layers.19.self_attn.v_proj,aten._unsafe_view.default,[],decode,True
1902,self_attn,,view,"[[B, 1, n_kv*d_head]]",,,"[[B, 1, n_kv, d_head]]",[1901],19,self_attn,,1,model.layers.19.self_attn,aten.view.default,[],decode,True
1903,self_attn,,transpose,"[[B, 1, n_kv, d_head]]",,,"[[B, n_kv, 1, d_head]]",[1902],19,self_attn,,1,model.layers.19.self_attn,aten.transpose.int,[],decode,True
1904,self_attn,,concat,"[[B, n_kv, T, d_head], [B, n_kv, 1, d_head]]",,,"[[B, n_kv, T+1, d_head]]",[1897],19,self_attn,,1,model.layers.19.self_attn,aten.cat.default,[],decode,False
1905,self_attn,,concat,"[[B, n_kv, T, d_head], [B, n_kv, 1, d_head]]",,,"[[B, n_kv, T+1, d_head]]",[1903],19,self_attn,,1,model.layers.19.self_attn,aten.cat.default,[],decode,False
1906,self_attn,,unsqueeze,"[[B, n_kv, T+1, d_head]]",,,"[[B, n_kv, 1, T+1, d_head]]",[1904],19,self_attn,,1,model.layers.19.self_attn,aten.unsqueeze.default,[],decode,True
1907,self_attn,,expand,"[[B, n_kv, 1, T+1, d_head]]",,,"[[B, n_kv, n_h/n_kv, T+1, d_head]]",[1906],19,self_attn,,1,model.layers.19.self_attn,aten.expand.default,[],decode,True
1908,self_attn,,clone,"[[B, n_kv, n_h/n_kv, T+1, d_head]]",,,"[[B, n_kv, n_h/n_kv, T+1, d_head]]",[1907],19,self_attn,,1,model.layers.19.self_attn,aten.clone.default,[],decode,True
1909,self_attn,,_unsafe_view,"[[B, n_kv, n_h/n_kv, T+1, d_head]]",,,"[[B, n_h, T+1, d_head]]",[1908],19,self_attn,,1,model.layers.19.self_attn,aten._unsafe_view.default,[],decode,True
1910,self_attn,,unsqueeze,"[[B, n_kv, T+1, d_head]]",,,"[[B, n_kv, 1, T+1, d_head]]",[1905],19,self_attn,,1,model.layers.19.self_attn,aten.unsqueeze.default,[],decode,True
1911,self_attn,,expand,"[[B, n_kv, 1, T+1, d_head]]",,,"[[B, n_kv, n_h/n_kv, T+1, d_head]]",[1910],19,self_attn,,1,model.layers.19.self_attn,aten.expand.default,[],decode,True
1912,self_attn,,clone,"[[B, n_kv, n_h/n_kv, T+1, d_head]]",,,"[[B, n_kv, n_h/n_kv, T+1, d_head]]",[1911],19,self_attn,,1,model.layers.19.self_attn,aten.clone.default,[],decode,True
1913,self_attn,,_unsafe_view,"[[B, n_kv, n_h/n_kv, T+1, d_head]]",,,"[[B, n_h, T+1, d_head]]",[1912],19,self_attn,,1,model.layers.19.self_attn,aten._unsafe_view.default,[],decode,True
1914,self_attn,,transpose,"[[B, n_h, T+1, d_head]]",,,"[[B, n_h, d_head, T+1]]",[1909],19,self_attn,,1,model.layers.19.self_attn,aten.transpose.int,[],decode,True
1915,self_attn,,expand,"[[B, n_h, 1, d_head]]",,,"[[B, n_h, 1, d_head]]",[1891],19,self_attn,,1,model.layers.19.self_attn,aten.expand.default,[],decode,True
1916,self_attn,,view,"[[B, n_h, 1, d_head]]",,,"[[n_h, B, d_head]]",[1915],19,self_attn,,1,model.layers.19.self_attn,aten.view.default,[],decode,True
1917,self_attn,,expand,"[[B, n_h, d_head, T+1]]",,,"[[B, n_h, d_head, T+1]]",[1914],19,self_attn,,1,model.layers.19.self_attn,aten.expand.default,[],decode,True
1918,self_attn,,view,"[[B, n_h, d_head, T+1]]",,,"[[n_h, d_head, T+1]]",[1917],19,self_attn,,1,model.layers.19.self_attn,aten.view.default,[],decode,True
1919,self_attn,,batched_matmul,"[[n_h, B, d_head], [n_h, d_head, T+1]]",,,"[[n_h, B, T+1]]","[1916, 1918]",19,self_attn,,1,model.layers.19.self_attn,aten.bmm.default,[],decode,False
1920,self_attn,,_unsafe_view,"[[n_h, B, T+1]]",,,"[[B, n_h, 1, T+1]]",[1919],19,self_attn,,1,model.layers.19.self_attn,aten._unsafe_view.default,[],decode,True
1921,self_attn,,elementwise_mul,"[[B, n_h, 1, T+1]]",,,"[[B, n_h, 1, T+1]]",[1920],19,self_attn,,1,model.layers.19.self_attn,aten.mul.Tensor,[],decode,False
1922,self_attn,,elementwise_add,"[[B, n_h, 1, T+1], [B, 1, 1, T+1]]",,,"[[B, n_h, 1, T+1]]","[22, 1921]",19,self_attn,,1,model.layers.19.self_attn,aten.add.Tensor,[],decode,False
1923,self_attn,,_to_copy,"[[B, n_h, 1, T+1]]",,,"[[B, n_h, 1, T+1]]",[1922],19,self_attn,,1,model.layers.19.self_attn,aten._to_copy.default,[],decode,True
1924,self_attn,,softmax,"[[B, n_h, 1, T+1]]",,,"[[B, n_h, 1, T+1]]",[1923],19,self_attn,,1,model.layers.19.self_attn,aten._softmax.default,[],decode,False
1925,self_attn,,_to_copy,"[[B, n_h, 1, T+1]]",,,"[[B, n_h, 1, T+1]]",[1924],19,self_attn,,1,model.layers.19.self_attn,aten._to_copy.default,[],decode,True
1926,self_attn,,expand,"[[B, n_h, 1, T+1]]",,,"[[B, n_h, 1, T+1]]",[1925],19,self_attn,,1,model.layers.19.self_attn,aten.expand.default,[],decode,True
1927,self_attn,,view,"[[B, n_h, 1, T+1]]",,,"[[n_h, B, T+1]]",[1926],19,self_attn,,1,model.layers.19.self_attn,aten.view.default,[],decode,True
1928,self_attn,,expand,"[[B, n_h, T+1, d_head]]",,,"[[B, n_h, T+1, d_head]]",[1913],19,self_attn,,1,model.layers.19.self_attn,aten.expand.default,[],decode,True
1929,self_attn,,view,"[[B, n_h, T+1, d_head]]",,,"[[n_h, T+1, d_head]]",[1928],19,self_attn,,1,model.layers.19.self_attn,aten.view.default,[],decode,True
1930,self_attn,,batched_matmul,"[[n_h, B, T+1], [n_h, T+1, d_head]]",,,"[[n_h, B, d_head]]","[1927, 1929]",19,self_attn,,1,model.layers.19.self_attn,aten.bmm.default,[],decode,False
1931,self_attn,,_unsafe_view,"[[n_h, B, d_head]]",,,"[[B, n_h, 1, d_head]]",[1930],19,self_attn,,1,model.layers.19.self_attn,aten._unsafe_view.default,[],decode,True
1932,self_attn,,transpose,"[[B, n_h, 1, d_head]]",,,"[[B, 1, n_h, d_head]]",[1931],19,self_attn,,1,model.layers.19.self_attn,aten.transpose.int,[],decode,True
1933,self_attn,,view,"[[B, 1, n_h, d_head]]",,,"[[B, 1, n_h*d_head]]",[1932],19,self_attn,,1,model.layers.19.self_attn,aten.view.default,[],decode,True
1934,self_attn,o_proj,t,"[[d_model, n_h*d_head]]","[d_model, n_h*d_head]",0,"[[n_h*d_head, d_model]]",[],19,self_attn,o_proj,2,model.layers.19.self_attn.o_proj,aten.t.default,[model.layers.19.self_attn.o_proj.weight],decode,True
1935,self_attn,o_proj,view,"[[B, 1, n_h*d_head]]",,,"[[B, n_h*d_head]]",[1933],19,self_attn,o_proj,2,model.layers.19.self_attn.o_proj,aten.view.default,[],decode,True
1936,self_attn,o_proj,matmul,"[[B, n_h*d_head], [n_h*d_head, d_model]]","[d_model, n_h*d_head]",1,"[[B, d_model]]","[1934, 1935]",19,self_attn,o_proj,2,model.layers.19.self_attn.o_proj,aten.mm.default,[model.layers.19.self_attn.o_proj.weight],decode,False
1937,self_attn,o_proj,_unsafe_view,"[[B, d_model]]",,,"[[B, 1, d_model]]",[1936],19,self_attn,o_proj,2,model.layers.19.self_attn.o_proj,aten._unsafe_view.default,[],decode,True
1938,,,elementwise_add,"[[B, 1, d_model], [B, 1, d_model]]",,,"[[B, 1, d_model]]","[1877, 1937]",19,,,0,model.layers.19,aten.add.Tensor,[],decode,False
1939,post_attention_layernorm,,_to_copy,"[[B, 1, d_model]]",,,"[[B, 1, d_model]]",[1938],19,post_attention_layernorm,,1,model.layers.19.post_attention_layernorm,aten._to_copy.default,[],decode,True
1940,post_attention_layernorm,,pow,"[[B, 1, d_model]]",,,"[[B, 1, d_model]]",[1939],19,post_attention_layernorm,,1,model.layers.19.post_attention_layernorm,aten.pow.Tensor_Scalar,[],decode,False
1941,post_attention_layernorm,,mean,"[[B, 1, d_model]]",,,"[[B, 1, 1]]",[1940],19,post_attention_layernorm,,1,model.layers.19.post_attention_layernorm,aten.mean.dim,[],decode,False
1942,post_attention_layernorm,,elementwise_add,"[[B, 1, 1]]",,,"[[B, 1, 1]]",[1941],19,post_attention_layernorm,,1,model.layers.19.post_attention_layernorm,aten.add.Tensor,[],decode,False
1943,post_attention_layernorm,,rsqrt,"[[B, 1, 1]]",,,"[[B, 1, 1]]",[1942],19,post_attention_layernorm,,1,model.layers.19.post_attention_layernorm,aten.rsqrt.default,[],decode,False
1944,post_attention_layernorm,,elementwise_mul,"[[B, 1, d_model], [B, 1, 1]]",,,"[[B, 1, d_model]]","[1939, 1943]",19,post_attention_layernorm,,1,model.layers.19.post_attention_layernorm,aten.mul.Tensor,[],decode,False
1945,post_attention_layernorm,,_to_copy,"[[B, 1, d_model]]",,,"[[B, 1, d_model]]",[1944],19,post_attention_layernorm,,1,model.layers.19.post_attention_layernorm,aten._to_copy.default,[],decode,True
1946,post_attention_layernorm,,elementwise_mul,"[[d_model], [B, 1, d_model]]",,,"[[B, 1, d_model]]",[1945],19,post_attention_layernorm,,1,model.layers.19.post_attention_layernorm,aten.mul.Tensor,[model.layers.19.post_attention_layernorm.weight],decode,False
1947,mlp,gate_proj,t,"[[d_ff, d_model]]","[d_ff, d_model]",0,"[[d_model, d_ff]]",[],19,mlp,gate_proj,2,model.layers.19.mlp.gate_proj,aten.t.default,[model.layers.19.mlp.gate_proj.weight],decode,True
1948,mlp,gate_proj,view,"[[B, 1, d_model]]",,,"[[B, d_model]]",[1946],19,mlp,gate_proj,2,model.layers.19.mlp.gate_proj,aten.view.default,[],decode,True
1949,mlp,gate_proj,matmul,"[[B, d_model], [d_model, d_ff]]","[d_ff, d_model]",1,"[[B, d_ff]]","[1947, 1948]",19,mlp,gate_proj,2,model.layers.19.mlp.gate_proj,aten.mm.default,[model.layers.19.mlp.gate_proj.weight],decode,False
1950,mlp,gate_proj,_unsafe_view,"[[B, d_ff]]",,,"[[B, 1, d_ff]]",[1949],19,mlp,gate_proj,2,model.layers.19.mlp.gate_proj,aten._unsafe_view.default,[],decode,True
1951,mlp,act_fn,silu,"[[B, 1, d_ff]]",,,"[[B, 1, d_ff]]",[1950],19,mlp,act_fn,2,model.layers.19.mlp.act_fn,aten.silu.default,[],decode,False
1952,mlp,up_proj,t,"[[d_ff, d_model]]","[d_ff, d_model]",0,"[[d_model, d_ff]]",[],19,mlp,up_proj,2,model.layers.19.mlp.up_proj,aten.t.default,[model.layers.19.mlp.up_proj.weight],decode,True
1953,mlp,up_proj,view,"[[B, 1, d_model]]",,,"[[B, d_model]]",[1946],19,mlp,up_proj,2,model.layers.19.mlp.up_proj,aten.view.default,[],decode,True
1954,mlp,up_proj,matmul,"[[B, d_model], [d_model, d_ff]]","[d_ff, d_model]",1,"[[B, d_ff]]","[1952, 1953]",19,mlp,up_proj,2,model.layers.19.mlp.up_proj,aten.mm.default,[model.layers.19.mlp.up_proj.weight],decode,False
1955,mlp,up_proj,_unsafe_view,"[[B, d_ff]]",,,"[[B, 1, d_ff]]",[1954],19,mlp,up_proj,2,model.layers.19.mlp.up_proj,aten._unsafe_view.default,[],decode,True
1956,mlp,,elementwise_mul,"[[B, 1, d_ff], [B, 1, d_ff]]",,,"[[B, 1, d_ff]]","[1951, 1955]",19,mlp,,1,model.layers.19.mlp,aten.mul.Tensor,[],decode,False
1957,mlp,down_proj,t,"[[d_model, d_ff]]","[d_model, d_ff]",0,"[[d_ff, d_model]]",[],19,mlp,down_proj,2,model.layers.19.mlp.down_proj,aten.t.default,[model.layers.19.mlp.down_proj.weight],decode,True
1958,mlp,down_proj,view,"[[B, 1, d_ff]]",,,"[[B, d_ff]]",[1956],19,mlp,down_proj,2,model.layers.19.mlp.down_proj,aten.view.default,[],decode,True
1959,mlp,down_proj,matmul,"[[B, d_ff], [d_ff, d_model]]","[d_model, d_ff]",1,"[[B, d_model]]","[1957, 1958]",19,mlp,down_proj,2,model.layers.19.mlp.down_proj,aten.mm.default,[model.layers.19.mlp.down_proj.weight],decode,False
1960,mlp,down_proj,_unsafe_view,"[[B, d_model]]",,,"[[B, 1, d_model]]",[1959],19,mlp,down_proj,2,model.layers.19.mlp.down_proj,aten._unsafe_view.default,[],decode,True
1961,,,elementwise_add,"[[B, 1, d_model], [B, 1, d_model]]",,,"[[B, 1, d_model]]","[1938, 1960]",19,,,0,model.layers.19,aten.add.Tensor,[],decode,False
1962,input_layernorm,,_to_copy,"[[B, 1, d_model]]",,,"[[B, 1, d_model]]",[1961],20,input_layernorm,,1,model.layers.20.input_layernorm,aten._to_copy.default,[],decode,True
1963,input_layernorm,,pow,"[[B, 1, d_model]]",,,"[[B, 1, d_model]]",[1962],20,input_layernorm,,1,model.layers.20.input_layernorm,aten.pow.Tensor_Scalar,[],decode,False
1964,input_layernorm,,mean,"[[B, 1, d_model]]",,,"[[B, 1, 1]]",[1963],20,input_layernorm,,1,model.layers.20.input_layernorm,aten.mean.dim,[],decode,False
1965,input_layernorm,,elementwise_add,"[[B, 1, 1]]",,,"[[B, 1, 1]]",[1964],20,input_layernorm,,1,model.layers.20.input_layernorm,aten.add.Tensor,[],decode,False
1966,input_layernorm,,rsqrt,"[[B, 1, 1]]",,,"[[B, 1, 1]]",[1965],20,input_layernorm,,1,model.layers.20.input_layernorm,aten.rsqrt.default,[],decode,False
1967,input_layernorm,,elementwise_mul,"[[B, 1, d_model], [B, 1, 1]]",,,"[[B, 1, d_model]]","[1962, 1966]",20,input_layernorm,,1,model.layers.20.input_layernorm,aten.mul.Tensor,[],decode,False
1968,input_layernorm,,_to_copy,"[[B, 1, d_model]]",,,"[[B, 1, d_model]]",[1967],20,input_layernorm,,1,model.layers.20.input_layernorm,aten._to_copy.default,[],decode,True
1969,input_layernorm,,elementwise_mul,"[[d_model], [B, 1, d_model]]",,,"[[B, 1, d_model]]",[1968],20,input_layernorm,,1,model.layers.20.input_layernorm,aten.mul.Tensor,[model.layers.20.input_layernorm.weight],decode,False
1970,self_attn,q_proj,t,"[[n_h*d_head, d_model]]","[n_h*d_head, d_model]",0,"[[d_model, n_h*d_head]]",[],20,self_attn,q_proj,2,model.layers.20.self_attn.q_proj,aten.t.default,[model.layers.20.self_attn.q_proj.weight],decode,True
1971,self_attn,q_proj,view,"[[B, 1, d_model]]",,,"[[B, d_model]]",[1969],20,self_attn,q_proj,2,model.layers.20.self_attn.q_proj,aten.view.default,[],decode,True
1972,self_attn,q_proj,matmul,"[[B, d_model], [d_model, n_h*d_head]]","[n_h*d_head, d_model]",1,"[[B, n_h*d_head]]","[1970, 1971]",20,self_attn,q_proj,2,model.layers.20.self_attn.q_proj,aten.mm.default,[model.layers.20.self_attn.q_proj.weight],decode,False
1973,self_attn,q_proj,_unsafe_view,"[[B, n_h*d_head]]",,,"[[B, 1, n_h*d_head]]",[1972],20,self_attn,q_proj,2,model.layers.20.self_attn.q_proj,aten._unsafe_view.default,[],decode,True
1974,self_attn,,view,"[[B, 1, n_h*d_head]]",,,"[[B, 1, n_h, d_head]]",[1973],20,self_attn,,1,model.layers.20.self_attn,aten.view.default,[],decode,True
1975,self_attn,,transpose,"[[B, 1, n_h, d_head]]",,,"[[B, n_h, 1, d_head]]",[1974],20,self_attn,,1,model.layers.20.self_attn,aten.transpose.int,[],decode,True
1976,self_attn,k_proj,t,"[[n_kv*d_head, d_model]]","[n_kv*d_head, d_model]",0,"[[d_model, n_kv*d_head]]",[],20,self_attn,k_proj,2,model.layers.20.self_attn.k_proj,aten.t.default,[model.layers.20.self_attn.k_proj.weight],decode,True
1977,self_attn,k_proj,view,"[[B, 1, d_model]]",,,"[[B, d_model]]",[1969],20,self_attn,k_proj,2,model.layers.20.self_attn.k_proj,aten.view.default,[],decode,True
1978,self_attn,k_proj,matmul,"[[B, d_model], [d_model, n_kv*d_head]]","[n_kv*d_head, d_model]",1,"[[B, n_kv*d_head]]","[1976, 1977]",20,self_attn,k_proj,2,model.layers.20.self_attn.k_proj,aten.mm.default,[model.layers.20.self_attn.k_proj.weight],decode,False
1979,self_attn,k_proj,_unsafe_view,"[[B, n_kv*d_head]]",,,"[[B, 1, n_kv*d_head]]",[1978],20,self_attn,k_proj,2,model.layers.20.self_attn.k_proj,aten._unsafe_view.default,[],decode,True
1980,self_attn,,view,"[[B, 1, n_kv*d_head]]",,,"[[B, 1, n_kv, d_head]]",[1979],20,self_attn,,1,model.layers.20.self_attn,aten.view.default,[],decode,True
1981,self_attn,,transpose,"[[B, 1, n_kv, d_head]]",,,"[[B, n_kv, 1, d_head]]",[1980],20,self_attn,,1,model.layers.20.self_attn,aten.transpose.int,[],decode,True
1982,self_attn,v_proj,t,"[[n_kv*d_head, d_model]]","[n_kv*d_head, d_model]",0,"[[d_model, n_kv*d_head]]",[],20,self_attn,v_proj,2,model.layers.20.self_attn.v_proj,aten.t.default,[model.layers.20.self_attn.v_proj.weight],decode,True
1983,self_attn,v_proj,view,"[[B, 1, d_model]]",,,"[[B, d_model]]",[1969],20,self_attn,v_proj,2,model.layers.20.self_attn.v_proj,aten.view.default,[],decode,True
1984,self_attn,v_proj,matmul,"[[B, d_model], [d_model, n_kv*d_head]]","[n_kv*d_head, d_model]",1,"[[B, n_kv*d_head]]","[1982, 1983]",20,self_attn,v_proj,2,model.layers.20.self_attn.v_proj,aten.mm.default,[model.layers.20.self_attn.v_proj.weight],decode,False
1985,self_attn,v_proj,_unsafe_view,"[[B, n_kv*d_head]]",,,"[[B, 1, n_kv*d_head]]",[1984],20,self_attn,v_proj,2,model.layers.20.self_attn.v_proj,aten._unsafe_view.default,[],decode,True
1986,self_attn,,view,"[[B, 1, n_kv*d_head]]",,,"[[B, 1, n_kv, d_head]]",[1985],20,self_attn,,1,model.layers.20.self_attn,aten.view.default,[],decode,True
1987,self_attn,,transpose,"[[B, 1, n_kv, d_head]]",,,"[[B, n_kv, 1, d_head]]",[1986],20,self_attn,,1,model.layers.20.self_attn,aten.transpose.int,[],decode,True
1988,self_attn,,unsqueeze,"[[B, 1, d_head]]",,,"[[B, 1, 1, d_head]]",[40],20,self_attn,,1,model.layers.20.self_attn,aten.unsqueeze.default,[],decode,True
1989,self_attn,,unsqueeze,"[[B, 1, d_head]]",,,"[[B, 1, 1, d_head]]",[41],20,self_attn,,1,model.layers.20.self_attn,aten.unsqueeze.default,[],decode,True
1990,self_attn,,elementwise_mul,"[[B, n_h, 1, d_head], [B, 1, 1, d_head]]",,,"[[B, n_h, 1, d_head]]","[1975, 1988]",20,self_attn,,1,model.layers.20.self_attn,aten.mul.Tensor,[],decode,False
1991,self_attn,,slice,"[[B, n_h, 1, d_head]]",,,"[[B, n_h, 1, d_head/2]]",[1975],20,self_attn,,1,model.layers.20.self_attn,aten.slice.Tensor,[],decode,True
1992,self_attn,,slice,"[[B, n_h, 1, d_head]]",,,"[[B, n_h, 1, d_head/2]]",[1975],20,self_attn,,1,model.layers.20.self_attn,aten.slice.Tensor,[],decode,True
1993,self_attn,,neg,"[[B, n_h, 1, d_head/2]]",,,"[[B, n_h, 1, d_head/2]]",[1992],20,self_attn,,1,model.layers.20.self_attn,aten.neg.default,[],decode,False
1994,self_attn,,concat,"[[B, n_h, 1, d_head/2], [B, n_h, 1, d_head/2]]",,,"[[B, n_h, 1, d_head]]","[1991, 1993]",20,self_attn,,1,model.layers.20.self_attn,aten.cat.default,[],decode,False
1995,self_attn,,elementwise_mul,"[[B, n_h, 1, d_head], [B, 1, 1, d_head]]",,,"[[B, n_h, 1, d_head]]","[1989, 1994]",20,self_attn,,1,model.layers.20.self_attn,aten.mul.Tensor,[],decode,False
1996,self_attn,,elementwise_add,"[[B, n_h, 1, d_head], [B, n_h, 1, d_head]]",,,"[[B, n_h, 1, d_head]]","[1990, 1995]",20,self_attn,,1,model.layers.20.self_attn,aten.add.Tensor,[],decode,False
1997,self_attn,,elementwise_mul,"[[B, n_kv, 1, d_head], [B, 1, 1, d_head]]",,,"[[B, n_kv, 1, d_head]]","[1981, 1988]",20,self_attn,,1,model.layers.20.self_attn,aten.mul.Tensor,[],decode,False
1998,self_attn,,slice,"[[B, n_kv, 1, d_head]]",,,"[[B, n_kv, 1, d_head/2]]",[1981],20,self_attn,,1,model.layers.20.self_attn,aten.slice.Tensor,[],decode,True
1999,self_attn,,slice,"[[B, n_kv, 1, d_head]]",,,"[[B, n_kv, 1, d_head/2]]",[1981],20,self_attn,,1,model.layers.20.self_attn,aten.slice.Tensor,[],decode,True
2000,self_attn,,neg,"[[B, n_kv, 1, d_head/2]]",,,"[[B, n_kv, 1, d_head/2]]",[1999],20,self_attn,,1,model.layers.20.self_attn,aten.neg.default,[],decode,False
2001,self_attn,,concat,"[[B, n_kv, 1, d_head/2], [B, n_kv, 1, d_head/2]]",,,"[[B, n_kv, 1, d_head]]","[1998, 2000]",20,self_attn,,1,model.layers.20.self_attn,aten.cat.default,[],decode,False
2002,self_attn,,elementwise_mul,"[[B, n_kv, 1, d_head], [B, 1, 1, d_head]]",,,"[[B, n_kv, 1, d_head]]","[1989, 2001]",20,self_attn,,1,model.layers.20.self_attn,aten.mul.Tensor,[],decode,False
2003,self_attn,,elementwise_add,"[[B, n_kv, 1, d_head], [B, n_kv, 1, d_head]]",,,"[[B, n_kv, 1, d_head]]","[1997, 2002]",20,self_attn,,1,model.layers.20.self_attn,aten.add.Tensor,[],decode,False
2004,self_attn,,concat,"[[B, n_kv, T, d_head], [B, n_kv, 1, d_head]]",,,"[[B, n_kv, T+1, d_head]]",[2003],20,self_attn,,1,model.layers.20.self_attn,aten.cat.default,[],decode,False
2005,self_attn,,concat,"[[B, n_kv, T, d_head], [B, n_kv, 1, d_head]]",,,"[[B, n_kv, T+1, d_head]]",[1987],20,self_attn,,1,model.layers.20.self_attn,aten.cat.default,[],decode,False
2006,self_attn,,unsqueeze,"[[B, n_kv, T+1, d_head]]",,,"[[B, n_kv, 1, T+1, d_head]]",[2004],20,self_attn,,1,model.layers.20.self_attn,aten.unsqueeze.default,[],decode,True
2007,self_attn,,expand,"[[B, n_kv, 1, T+1, d_head]]",,,"[[B, n_kv, n_h/n_kv, T+1, d_head]]",[2006],20,self_attn,,1,model.layers.20.self_attn,aten.expand.default,[],decode,True
2008,self_attn,,clone,"[[B, n_kv, n_h/n_kv, T+1, d_head]]",,,"[[B, n_kv, n_h/n_kv, T+1, d_head]]",[2007],20,self_attn,,1,model.layers.20.self_attn,aten.clone.default,[],decode,True
2009,self_attn,,_unsafe_view,"[[B, n_kv, n_h/n_kv, T+1, d_head]]",,,"[[B, n_h, T+1, d_head]]",[2008],20,self_attn,,1,model.layers.20.self_attn,aten._unsafe_view.default,[],decode,True
2010,self_attn,,unsqueeze,"[[B, n_kv, T+1, d_head]]",,,"[[B, n_kv, 1, T+1, d_head]]",[2005],20,self_attn,,1,model.layers.20.self_attn,aten.unsqueeze.default,[],decode,True
2011,self_attn,,expand,"[[B, n_kv, 1, T+1, d_head]]",,,"[[B, n_kv, n_h/n_kv, T+1, d_head]]",[2010],20,self_attn,,1,model.layers.20.self_attn,aten.expand.default,[],decode,True
2012,self_attn,,clone,"[[B, n_kv, n_h/n_kv, T+1, d_head]]",,,"[[B, n_kv, n_h/n_kv, T+1, d_head]]",[2011],20,self_attn,,1,model.layers.20.self_attn,aten.clone.default,[],decode,True
2013,self_attn,,_unsafe_view,"[[B, n_kv, n_h/n_kv, T+1, d_head]]",,,"[[B, n_h, T+1, d_head]]",[2012],20,self_attn,,1,model.layers.20.self_attn,aten._unsafe_view.default,[],decode,True
2014,self_attn,,transpose,"[[B, n_h, T+1, d_head]]",,,"[[B, n_h, d_head, T+1]]",[2009],20,self_attn,,1,model.layers.20.self_attn,aten.transpose.int,[],decode,True
2015,self_attn,,expand,"[[B, n_h, 1, d_head]]",,,"[[B, n_h, 1, d_head]]",[1996],20,self_attn,,1,model.layers.20.self_attn,aten.expand.default,[],decode,True
2016,self_attn,,view,"[[B, n_h, 1, d_head]]",,,"[[n_h, B, d_head]]",[2015],20,self_attn,,1,model.layers.20.self_attn,aten.view.default,[],decode,True
2017,self_attn,,expand,"[[B, n_h, d_head, T+1]]",,,"[[B, n_h, d_head, T+1]]",[2014],20,self_attn,,1,model.layers.20.self_attn,aten.expand.default,[],decode,True
2018,self_attn,,view,"[[B, n_h, d_head, T+1]]",,,"[[n_h, d_head, T+1]]",[2017],20,self_attn,,1,model.layers.20.self_attn,aten.view.default,[],decode,True
2019,self_attn,,batched_matmul,"[[n_h, B, d_head], [n_h, d_head, T+1]]",,,"[[n_h, B, T+1]]","[2016, 2018]",20,self_attn,,1,model.layers.20.self_attn,aten.bmm.default,[],decode,False
2020,self_attn,,_unsafe_view,"[[n_h, B, T+1]]",,,"[[B, n_h, 1, T+1]]",[2019],20,self_attn,,1,model.layers.20.self_attn,aten._unsafe_view.default,[],decode,True
2021,self_attn,,elementwise_mul,"[[B, n_h, 1, T+1]]",,,"[[B, n_h, 1, T+1]]",[2020],20,self_attn,,1,model.layers.20.self_attn,aten.mul.Tensor,[],decode,False
2022,self_attn,,elementwise_add,"[[B, n_h, 1, T+1], [B, 1, 1, T+1]]",,,"[[B, n_h, 1, T+1]]","[22, 2021]",20,self_attn,,1,model.layers.20.self_attn,aten.add.Tensor,[],decode,False
2023,self_attn,,_to_copy,"[[B, n_h, 1, T+1]]",,,"[[B, n_h, 1, T+1]]",[2022],20,self_attn,,1,model.layers.20.self_attn,aten._to_copy.default,[],decode,True
2024,self_attn,,softmax,"[[B, n_h, 1, T+1]]",,,"[[B, n_h, 1, T+1]]",[2023],20,self_attn,,1,model.layers.20.self_attn,aten._softmax.default,[],decode,False
2025,self_attn,,_to_copy,"[[B, n_h, 1, T+1]]",,,"[[B, n_h, 1, T+1]]",[2024],20,self_attn,,1,model.layers.20.self_attn,aten._to_copy.default,[],decode,True
2026,self_attn,,expand,"[[B, n_h, 1, T+1]]",,,"[[B, n_h, 1, T+1]]",[2025],20,self_attn,,1,model.layers.20.self_attn,aten.expand.default,[],decode,True
2027,self_attn,,view,"[[B, n_h, 1, T+1]]",,,"[[n_h, B, T+1]]",[2026],20,self_attn,,1,model.layers.20.self_attn,aten.view.default,[],decode,True
2028,self_attn,,expand,"[[B, n_h, T+1, d_head]]",,,"[[B, n_h, T+1, d_head]]",[2013],20,self_attn,,1,model.layers.20.self_attn,aten.expand.default,[],decode,True
2029,self_attn,,view,"[[B, n_h, T+1, d_head]]",,,"[[n_h, T+1, d_head]]",[2028],20,self_attn,,1,model.layers.20.self_attn,aten.view.default,[],decode,True
2030,self_attn,,batched_matmul,"[[n_h, B, T+1], [n_h, T+1, d_head]]",,,"[[n_h, B, d_head]]","[2027, 2029]",20,self_attn,,1,model.layers.20.self_attn,aten.bmm.default,[],decode,False
2031,self_attn,,_unsafe_view,"[[n_h, B, d_head]]",,,"[[B, n_h, 1, d_head]]",[2030],20,self_attn,,1,model.layers.20.self_attn,aten._unsafe_view.default,[],decode,True
2032,self_attn,,transpose,"[[B, n_h, 1, d_head]]",,,"[[B, 1, n_h, d_head]]",[2031],20,self_attn,,1,model.layers.20.self_attn,aten.transpose.int,[],decode,True
2033,self_attn,,view,"[[B, 1, n_h, d_head]]",,,"[[B, 1, n_h*d_head]]",[2032],20,self_attn,,1,model.layers.20.self_attn,aten.view.default,[],decode,True
2034,self_attn,o_proj,t,"[[d_model, n_h*d_head]]","[d_model, n_h*d_head]",0,"[[n_h*d_head, d_model]]",[],20,self_attn,o_proj,2,model.layers.20.self_attn.o_proj,aten.t.default,[model.layers.20.self_attn.o_proj.weight],decode,True
2035,self_attn,o_proj,view,"[[B, 1, n_h*d_head]]",,,"[[B, n_h*d_head]]",[2033],20,self_attn,o_proj,2,model.layers.20.self_attn.o_proj,aten.view.default,[],decode,True
2036,self_attn,o_proj,matmul,"[[B, n_h*d_head], [n_h*d_head, d_model]]","[d_model, n_h*d_head]",1,"[[B, d_model]]","[2034, 2035]",20,self_attn,o_proj,2,model.layers.20.self_attn.o_proj,aten.mm.default,[model.layers.20.self_attn.o_proj.weight],decode,False
2037,self_attn,o_proj,_unsafe_view,"[[B, d_model]]",,,"[[B, 1, d_model]]",[2036],20,self_attn,o_proj,2,model.layers.20.self_attn.o_proj,aten._unsafe_view.default,[],decode,True
2038,,,elementwise_add,"[[B, 1, d_model], [B, 1, d_model]]",,,"[[B, 1, d_model]]","[1961, 2037]",20,,,0,model.layers.20,aten.add.Tensor,[],decode,False
2039,post_attention_layernorm,,_to_copy,"[[B, 1, d_model]]",,,"[[B, 1, d_model]]",[2038],20,post_attention_layernorm,,1,model.layers.20.post_attention_layernorm,aten._to_copy.default,[],decode,True
2040,post_attention_layernorm,,pow,"[[B, 1, d_model]]",,,"[[B, 1, d_model]]",[2039],20,post_attention_layernorm,,1,model.layers.20.post_attention_layernorm,aten.pow.Tensor_Scalar,[],decode,False
2041,post_attention_layernorm,,mean,"[[B, 1, d_model]]",,,"[[B, 1, 1]]",[2040],20,post_attention_layernorm,,1,model.layers.20.post_attention_layernorm,aten.mean.dim,[],decode,False
2042,post_attention_layernorm,,elementwise_add,"[[B, 1, 1]]",,,"[[B, 1, 1]]",[2041],20,post_attention_layernorm,,1,model.layers.20.post_attention_layernorm,aten.add.Tensor,[],decode,False
2043,post_attention_layernorm,,rsqrt,"[[B, 1, 1]]",,,"[[B, 1, 1]]",[2042],20,post_attention_layernorm,,1,model.layers.20.post_attention_layernorm,aten.rsqrt.default,[],decode,False
2044,post_attention_layernorm,,elementwise_mul,"[[B, 1, d_model], [B, 1, 1]]",,,"[[B, 1, d_model]]","[2039, 2043]",20,post_attention_layernorm,,1,model.layers.20.post_attention_layernorm,aten.mul.Tensor,[],decode,False
2045,post_attention_layernorm,,_to_copy,"[[B, 1, d_model]]",,,"[[B, 1, d_model]]",[2044],20,post_attention_layernorm,,1,model.layers.20.post_attention_layernorm,aten._to_copy.default,[],decode,True
2046,post_attention_layernorm,,elementwise_mul,"[[d_model], [B, 1, d_model]]",,,"[[B, 1, d_model]]",[2045],20,post_attention_layernorm,,1,model.layers.20.post_attention_layernorm,aten.mul.Tensor,[model.layers.20.post_attention_layernorm.weight],decode,False
2047,mlp,gate_proj,t,"[[d_ff, d_model]]","[d_ff, d_model]",0,"[[d_model, d_ff]]",[],20,mlp,gate_proj,2,model.layers.20.mlp.gate_proj,aten.t.default,[model.layers.20.mlp.gate_proj.weight],decode,True
2048,mlp,gate_proj,view,"[[B, 1, d_model]]",,,"[[B, d_model]]",[2046],20,mlp,gate_proj,2,model.layers.20.mlp.gate_proj,aten.view.default,[],decode,True
2049,mlp,gate_proj,matmul,"[[B, d_model], [d_model, d_ff]]","[d_ff, d_model]",1,"[[B, d_ff]]","[2047, 2048]",20,mlp,gate_proj,2,model.layers.20.mlp.gate_proj,aten.mm.default,[model.layers.20.mlp.gate_proj.weight],decode,False
2050,mlp,gate_proj,_unsafe_view,"[[B, d_ff]]",,,"[[B, 1, d_ff]]",[2049],20,mlp,gate_proj,2,model.layers.20.mlp.gate_proj,aten._unsafe_view.default,[],decode,True
2051,mlp,act_fn,silu,"[[B, 1, d_ff]]",,,"[[B, 1, d_ff]]",[2050],20,mlp,act_fn,2,model.layers.20.mlp.act_fn,aten.silu.default,[],decode,False
2052,mlp,up_proj,t,"[[d_ff, d_model]]","[d_ff, d_model]",0,"[[d_model, d_ff]]",[],20,mlp,up_proj,2,model.layers.20.mlp.up_proj,aten.t.default,[model.layers.20.mlp.up_proj.weight],decode,True
2053,mlp,up_proj,view,"[[B, 1, d_model]]",,,"[[B, d_model]]",[2046],20,mlp,up_proj,2,model.layers.20.mlp.up_proj,aten.view.default,[],decode,True
2054,mlp,up_proj,matmul,"[[B, d_model], [d_model, d_ff]]","[d_ff, d_model]",1,"[[B, d_ff]]","[2052, 2053]",20,mlp,up_proj,2,model.layers.20.mlp.up_proj,aten.mm.default,[model.layers.20.mlp.up_proj.weight],decode,False
2055,mlp,up_proj,_unsafe_view,"[[B, d_ff]]",,,"[[B, 1, d_ff]]",[2054],20,mlp,up_proj,2,model.layers.20.mlp.up_proj,aten._unsafe_view.default,[],decode,True
2056,mlp,,elementwise_mul,"[[B, 1, d_ff], [B, 1, d_ff]]",,,"[[B, 1, d_ff]]","[2051, 2055]",20,mlp,,1,model.layers.20.mlp,aten.mul.Tensor,[],decode,False
2057,mlp,down_proj,t,"[[d_model, d_ff]]","[d_model, d_ff]",0,"[[d_ff, d_model]]",[],20,mlp,down_proj,2,model.layers.20.mlp.down_proj,aten.t.default,[model.layers.20.mlp.down_proj.weight],decode,True
2058,mlp,down_proj,view,"[[B, 1, d_ff]]",,,"[[B, d_ff]]",[2056],20,mlp,down_proj,2,model.layers.20.mlp.down_proj,aten.view.default,[],decode,True
2059,mlp,down_proj,matmul,"[[B, d_ff], [d_ff, d_model]]","[d_model, d_ff]",1,"[[B, d_model]]","[2057, 2058]",20,mlp,down_proj,2,model.layers.20.mlp.down_proj,aten.mm.default,[model.layers.20.mlp.down_proj.weight],decode,False
2060,mlp,down_proj,_unsafe_view,"[[B, d_model]]",,,"[[B, 1, d_model]]",[2059],20,mlp,down_proj,2,model.layers.20.mlp.down_proj,aten._unsafe_view.default,[],decode,True
2061,,,elementwise_add,"[[B, 1, d_model], [B, 1, d_model]]",,,"[[B, 1, d_model]]","[2038, 2060]",20,,,0,model.layers.20,aten.add.Tensor,[],decode,False
2062,input_layernorm,,_to_copy,"[[B, 1, d_model]]",,,"[[B, 1, d_model]]",[2061],21,input_layernorm,,1,model.layers.21.input_layernorm,aten._to_copy.default,[],decode,True
2063,input_layernorm,,pow,"[[B, 1, d_model]]",,,"[[B, 1, d_model]]",[2062],21,input_layernorm,,1,model.layers.21.input_layernorm,aten.pow.Tensor_Scalar,[],decode,False
2064,input_layernorm,,mean,"[[B, 1, d_model]]",,,"[[B, 1, 1]]",[2063],21,input_layernorm,,1,model.layers.21.input_layernorm,aten.mean.dim,[],decode,False
2065,input_layernorm,,elementwise_add,"[[B, 1, 1]]",,,"[[B, 1, 1]]",[2064],21,input_layernorm,,1,model.layers.21.input_layernorm,aten.add.Tensor,[],decode,False
2066,input_layernorm,,rsqrt,"[[B, 1, 1]]",,,"[[B, 1, 1]]",[2065],21,input_layernorm,,1,model.layers.21.input_layernorm,aten.rsqrt.default,[],decode,False
2067,input_layernorm,,elementwise_mul,"[[B, 1, d_model], [B, 1, 1]]",,,"[[B, 1, d_model]]","[2062, 2066]",21,input_layernorm,,1,model.layers.21.input_layernorm,aten.mul.Tensor,[],decode,False
2068,input_layernorm,,_to_copy,"[[B, 1, d_model]]",,,"[[B, 1, d_model]]",[2067],21,input_layernorm,,1,model.layers.21.input_layernorm,aten._to_copy.default,[],decode,True
2069,input_layernorm,,elementwise_mul,"[[d_model], [B, 1, d_model]]",,,"[[B, 1, d_model]]",[2068],21,input_layernorm,,1,model.layers.21.input_layernorm,aten.mul.Tensor,[model.layers.21.input_layernorm.weight],decode,False
2070,self_attn,q_proj,t,"[[n_h*d_head, d_model]]","[n_h*d_head, d_model]",0,"[[d_model, n_h*d_head]]",[],21,self_attn,q_proj,2,model.layers.21.self_attn.q_proj,aten.t.default,[model.layers.21.self_attn.q_proj.weight],decode,True
2071,self_attn,q_proj,view,"[[B, 1, d_model]]",,,"[[B, d_model]]",[2069],21,self_attn,q_proj,2,model.layers.21.self_attn.q_proj,aten.view.default,[],decode,True
2072,self_attn,q_proj,matmul,"[[B, d_model], [d_model, n_h*d_head]]","[n_h*d_head, d_model]",1,"[[B, n_h*d_head]]","[2070, 2071]",21,self_attn,q_proj,2,model.layers.21.self_attn.q_proj,aten.mm.default,[model.layers.21.self_attn.q_proj.weight],decode,False
2073,self_attn,q_proj,_unsafe_view,"[[B, n_h*d_head]]",,,"[[B, 1, n_h*d_head]]",[2072],21,self_attn,q_proj,2,model.layers.21.self_attn.q_proj,aten._unsafe_view.default,[],decode,True
2074,self_attn,,view,"[[B, 1, n_h*d_head]]",,,"[[B, 1, n_h, d_head]]",[2073],21,self_attn,,1,model.layers.21.self_attn,aten.view.default,[],decode,True
2075,self_attn,,transpose,"[[B, 1, n_h, d_head]]",,,"[[B, n_h, 1, d_head]]",[2074],21,self_attn,,1,model.layers.21.self_attn,aten.transpose.int,[],decode,True
2076,self_attn,k_proj,t,"[[n_kv*d_head, d_model]]","[n_kv*d_head, d_model]",0,"[[d_model, n_kv*d_head]]",[],21,self_attn,k_proj,2,model.layers.21.self_attn.k_proj,aten.t.default,[model.layers.21.self_attn.k_proj.weight],decode,True
2077,self_attn,k_proj,view,"[[B, 1, d_model]]",,,"[[B, d_model]]",[2069],21,self_attn,k_proj,2,model.layers.21.self_attn.k_proj,aten.view.default,[],decode,True
2078,self_attn,k_proj,matmul,"[[B, d_model], [d_model, n_kv*d_head]]","[n_kv*d_head, d_model]",1,"[[B, n_kv*d_head]]","[2076, 2077]",21,self_attn,k_proj,2,model.layers.21.self_attn.k_proj,aten.mm.default,[model.layers.21.self_attn.k_proj.weight],decode,False
2079,self_attn,k_proj,_unsafe_view,"[[B, n_kv*d_head]]",,,"[[B, 1, n_kv*d_head]]",[2078],21,self_attn,k_proj,2,model.layers.21.self_attn.k_proj,aten._unsafe_view.default,[],decode,True
2080,self_attn,,view,"[[B, 1, n_kv*d_head]]",,,"[[B, 1, n_kv, d_head]]",[2079],21,self_attn,,1,model.layers.21.self_attn,aten.view.default,[],decode,True
2081,self_attn,,transpose,"[[B, 1, n_kv, d_head]]",,,"[[B, n_kv, 1, d_head]]",[2080],21,self_attn,,1,model.layers.21.self_attn,aten.transpose.int,[],decode,True
2082,self_attn,v_proj,t,"[[n_kv*d_head, d_model]]","[n_kv*d_head, d_model]",0,"[[d_model, n_kv*d_head]]",[],21,self_attn,v_proj,2,model.layers.21.self_attn.v_proj,aten.t.default,[model.layers.21.self_attn.v_proj.weight],decode,True
2083,self_attn,v_proj,view,"[[B, 1, d_model]]",,,"[[B, d_model]]",[2069],21,self_attn,v_proj,2,model.layers.21.self_attn.v_proj,aten.view.default,[],decode,True
2084,self_attn,v_proj,matmul,"[[B, d_model], [d_model, n_kv*d_head]]","[n_kv*d_head, d_model]",1,"[[B, n_kv*d_head]]","[2082, 2083]",21,self_attn,v_proj,2,model.layers.21.self_attn.v_proj,aten.mm.default,[model.layers.21.self_attn.v_proj.weight],decode,False
2085,self_attn,v_proj,_unsafe_view,"[[B, n_kv*d_head]]",,,"[[B, 1, n_kv*d_head]]",[2084],21,self_attn,v_proj,2,model.layers.21.self_attn.v_proj,aten._unsafe_view.default,[],decode,True
2086,self_attn,,view,"[[B, 1, n_kv*d_head]]",,,"[[B, 1, n_kv, d_head]]",[2085],21,self_attn,,1,model.layers.21.self_attn,aten.view.default,[],decode,True
2087,self_attn,,transpose,"[[B, 1, n_kv, d_head]]",,,"[[B, n_kv, 1, d_head]]",[2086],21,self_attn,,1,model.layers.21.self_attn,aten.transpose.int,[],decode,True
2088,self_attn,,unsqueeze,"[[B, 1, d_head]]",,,"[[B, 1, 1, d_head]]",[40],21,self_attn,,1,model.layers.21.self_attn,aten.unsqueeze.default,[],decode,True
2089,self_attn,,unsqueeze,"[[B, 1, d_head]]",,,"[[B, 1, 1, d_head]]",[41],21,self_attn,,1,model.layers.21.self_attn,aten.unsqueeze.default,[],decode,True
2090,self_attn,,elementwise_mul,"[[B, n_h, 1, d_head], [B, 1, 1, d_head]]",,,"[[B, n_h, 1, d_head]]","[2075, 2088]",21,self_attn,,1,model.layers.21.self_attn,aten.mul.Tensor,[],decode,False
2091,self_attn,,slice,"[[B, n_h, 1, d_head]]",,,"[[B, n_h, 1, d_head/2]]",[2075],21,self_attn,,1,model.layers.21.self_attn,aten.slice.Tensor,[],decode,True
2092,self_attn,,slice,"[[B, n_h, 1, d_head]]",,,"[[B, n_h, 1, d_head/2]]",[2075],21,self_attn,,1,model.layers.21.self_attn,aten.slice.Tensor,[],decode,True
2093,self_attn,,neg,"[[B, n_h, 1, d_head/2]]",,,"[[B, n_h, 1, d_head/2]]",[2092],21,self_attn,,1,model.layers.21.self_attn,aten.neg.default,[],decode,False
2094,self_attn,,concat,"[[B, n_h, 1, d_head/2], [B, n_h, 1, d_head/2]]",,,"[[B, n_h, 1, d_head]]","[2091, 2093]",21,self_attn,,1,model.layers.21.self_attn,aten.cat.default,[],decode,False
2095,self_attn,,elementwise_mul,"[[B, n_h, 1, d_head], [B, 1, 1, d_head]]",,,"[[B, n_h, 1, d_head]]","[2089, 2094]",21,self_attn,,1,model.layers.21.self_attn,aten.mul.Tensor,[],decode,False
2096,self_attn,,elementwise_add,"[[B, n_h, 1, d_head], [B, n_h, 1, d_head]]",,,"[[B, n_h, 1, d_head]]","[2090, 2095]",21,self_attn,,1,model.layers.21.self_attn,aten.add.Tensor,[],decode,False
2097,self_attn,,elementwise_mul,"[[B, n_kv, 1, d_head], [B, 1, 1, d_head]]",,,"[[B, n_kv, 1, d_head]]","[2081, 2088]",21,self_attn,,1,model.layers.21.self_attn,aten.mul.Tensor,[],decode,False
2098,self_attn,,slice,"[[B, n_kv, 1, d_head]]",,,"[[B, n_kv, 1, d_head/2]]",[2081],21,self_attn,,1,model.layers.21.self_attn,aten.slice.Tensor,[],decode,True
2099,self_attn,,slice,"[[B, n_kv, 1, d_head]]",,,"[[B, n_kv, 1, d_head/2]]",[2081],21,self_attn,,1,model.layers.21.self_attn,aten.slice.Tensor,[],decode,True
2100,self_attn,,neg,"[[B, n_kv, 1, d_head/2]]",,,"[[B, n_kv, 1, d_head/2]]",[2099],21,self_attn,,1,model.layers.21.self_attn,aten.neg.default,[],decode,False
2101,self_attn,,concat,"[[B, n_kv, 1, d_head/2], [B, n_kv, 1, d_head/2]]",,,"[[B, n_kv, 1, d_head]]","[2098, 2100]",21,self_attn,,1,model.layers.21.self_attn,aten.cat.default,[],decode,False
2102,self_attn,,elementwise_mul,"[[B, n_kv, 1, d_head], [B, 1, 1, d_head]]",,,"[[B, n_kv, 1, d_head]]","[2089, 2101]",21,self_attn,,1,model.layers.21.self_attn,aten.mul.Tensor,[],decode,False
2103,self_attn,,elementwise_add,"[[B, n_kv, 1, d_head], [B, n_kv, 1, d_head]]",,,"[[B, n_kv, 1, d_head]]","[2097, 2102]",21,self_attn,,1,model.layers.21.self_attn,aten.add.Tensor,[],decode,False
2104,self_attn,,concat,"[[B, n_kv, T, d_head], [B, n_kv, 1, d_head]]",,,"[[B, n_kv, T+1, d_head]]",[2103],21,self_attn,,1,model.layers.21.self_attn,aten.cat.default,[],decode,False
2105,self_attn,,concat,"[[B, n_kv, T, d_head], [B, n_kv, 1, d_head]]",,,"[[B, n_kv, T+1, d_head]]",[2087],21,self_attn,,1,model.layers.21.self_attn,aten.cat.default,[],decode,False
2106,self_attn,,unsqueeze,"[[B, n_kv, T+1, d_head]]",,,"[[B, n_kv, 1, T+1, d_head]]",[2104],21,self_attn,,1,model.layers.21.self_attn,aten.unsqueeze.default,[],decode,True
2107,self_attn,,expand,"[[B, n_kv, 1, T+1, d_head]]",,,"[[B, n_kv, n_h/n_kv, T+1, d_head]]",[2106],21,self_attn,,1,model.layers.21.self_attn,aten.expand.default,[],decode,True
2108,self_attn,,clone,"[[B, n_kv, n_h/n_kv, T+1, d_head]]",,,"[[B, n_kv, n_h/n_kv, T+1, d_head]]",[2107],21,self_attn,,1,model.layers.21.self_attn,aten.clone.default,[],decode,True
2109,self_attn,,_unsafe_view,"[[B, n_kv, n_h/n_kv, T+1, d_head]]",,,"[[B, n_h, T+1, d_head]]",[2108],21,self_attn,,1,model.layers.21.self_attn,aten._unsafe_view.default,[],decode,True
2110,self_attn,,unsqueeze,"[[B, n_kv, T+1, d_head]]",,,"[[B, n_kv, 1, T+1, d_head]]",[2105],21,self_attn,,1,model.layers.21.self_attn,aten.unsqueeze.default,[],decode,True
2111,self_attn,,expand,"[[B, n_kv, 1, T+1, d_head]]",,,"[[B, n_kv, n_h/n_kv, T+1, d_head]]",[2110],21,self_attn,,1,model.layers.21.self_attn,aten.expand.default,[],decode,True
2112,self_attn,,clone,"[[B, n_kv, n_h/n_kv, T+1, d_head]]",,,"[[B, n_kv, n_h/n_kv, T+1, d_head]]",[2111],21,self_attn,,1,model.layers.21.self_attn,aten.clone.default,[],decode,True
2113,self_attn,,_unsafe_view,"[[B, n_kv, n_h/n_kv, T+1, d_head]]",,,"[[B, n_h, T+1, d_head]]",[2112],21,self_attn,,1,model.layers.21.self_attn,aten._unsafe_view.default,[],decode,True
2114,self_attn,,transpose,"[[B, n_h, T+1, d_head]]",,,"[[B, n_h, d_head, T+1]]",[2109],21,self_attn,,1,model.layers.21.self_attn,aten.transpose.int,[],decode,True
2115,self_attn,,expand,"[[B, n_h, 1, d_head]]",,,"[[B, n_h, 1, d_head]]",[2096],21,self_attn,,1,model.layers.21.self_attn,aten.expand.default,[],decode,True
2116,self_attn,,view,"[[B, n_h, 1, d_head]]",,,"[[n_h, B, d_head]]",[2115],21,self_attn,,1,model.layers.21.self_attn,aten.view.default,[],decode,True
2117,self_attn,,expand,"[[B, n_h, d_head, T+1]]",,,"[[B, n_h, d_head, T+1]]",[2114],21,self_attn,,1,model.layers.21.self_attn,aten.expand.default,[],decode,True
2118,self_attn,,view,"[[B, n_h, d_head, T+1]]",,,"[[n_h, d_head, T+1]]",[2117],21,self_attn,,1,model.layers.21.self_attn,aten.view.default,[],decode,True
2119,self_attn,,batched_matmul,"[[n_h, B, d_head], [n_h, d_head, T+1]]",,,"[[n_h, B, T+1]]","[2116, 2118]",21,self_attn,,1,model.layers.21.self_attn,aten.bmm.default,[],decode,False
2120,self_attn,,_unsafe_view,"[[n_h, B, T+1]]",,,"[[B, n_h, 1, T+1]]",[2119],21,self_attn,,1,model.layers.21.self_attn,aten._unsafe_view.default,[],decode,True
2121,self_attn,,elementwise_mul,"[[B, n_h, 1, T+1]]",,,"[[B, n_h, 1, T+1]]",[2120],21,self_attn,,1,model.layers.21.self_attn,aten.mul.Tensor,[],decode,False
2122,self_attn,,elementwise_add,"[[B, n_h, 1, T+1], [B, 1, 1, T+1]]",,,"[[B, n_h, 1, T+1]]","[22, 2121]",21,self_attn,,1,model.layers.21.self_attn,aten.add.Tensor,[],decode,False
2123,self_attn,,_to_copy,"[[B, n_h, 1, T+1]]",,,"[[B, n_h, 1, T+1]]",[2122],21,self_attn,,1,model.layers.21.self_attn,aten._to_copy.default,[],decode,True
2124,self_attn,,softmax,"[[B, n_h, 1, T+1]]",,,"[[B, n_h, 1, T+1]]",[2123],21,self_attn,,1,model.layers.21.self_attn,aten._softmax.default,[],decode,False
2125,self_attn,,_to_copy,"[[B, n_h, 1, T+1]]",,,"[[B, n_h, 1, T+1]]",[2124],21,self_attn,,1,model.layers.21.self_attn,aten._to_copy.default,[],decode,True
2126,self_attn,,expand,"[[B, n_h, 1, T+1]]",,,"[[B, n_h, 1, T+1]]",[2125],21,self_attn,,1,model.layers.21.self_attn,aten.expand.default,[],decode,True
2127,self_attn,,view,"[[B, n_h, 1, T+1]]",,,"[[n_h, B, T+1]]",[2126],21,self_attn,,1,model.layers.21.self_attn,aten.view.default,[],decode,True
2128,self_attn,,expand,"[[B, n_h, T+1, d_head]]",,,"[[B, n_h, T+1, d_head]]",[2113],21,self_attn,,1,model.layers.21.self_attn,aten.expand.default,[],decode,True
2129,self_attn,,view,"[[B, n_h, T+1, d_head]]",,,"[[n_h, T+1, d_head]]",[2128],21,self_attn,,1,model.layers.21.self_attn,aten.view.default,[],decode,True
2130,self_attn,,batched_matmul,"[[n_h, B, T+1], [n_h, T+1, d_head]]",,,"[[n_h, B, d_head]]","[2127, 2129]",21,self_attn,,1,model.layers.21.self_attn,aten.bmm.default,[],decode,False
2131,self_attn,,_unsafe_view,"[[n_h, B, d_head]]",,,"[[B, n_h, 1, d_head]]",[2130],21,self_attn,,1,model.layers.21.self_attn,aten._unsafe_view.default,[],decode,True
2132,self_attn,,transpose,"[[B, n_h, 1, d_head]]",,,"[[B, 1, n_h, d_head]]",[2131],21,self_attn,,1,model.layers.21.self_attn,aten.transpose.int,[],decode,True
2133,self_attn,,view,"[[B, 1, n_h, d_head]]",,,"[[B, 1, n_h*d_head]]",[2132],21,self_attn,,1,model.layers.21.self_attn,aten.view.default,[],decode,True
2134,self_attn,o_proj,t,"[[d_model, n_h*d_head]]","[d_model, n_h*d_head]",0,"[[n_h*d_head, d_model]]",[],21,self_attn,o_proj,2,model.layers.21.self_attn.o_proj,aten.t.default,[model.layers.21.self_attn.o_proj.weight],decode,True
2135,self_attn,o_proj,view,"[[B, 1, n_h*d_head]]",,,"[[B, n_h*d_head]]",[2133],21,self_attn,o_proj,2,model.layers.21.self_attn.o_proj,aten.view.default,[],decode,True
2136,self_attn,o_proj,matmul,"[[B, n_h*d_head], [n_h*d_head, d_model]]","[d_model, n_h*d_head]",1,"[[B, d_model]]","[2134, 2135]",21,self_attn,o_proj,2,model.layers.21.self_attn.o_proj,aten.mm.default,[model.layers.21.self_attn.o_proj.weight],decode,False
2137,self_attn,o_proj,_unsafe_view,"[[B, d_model]]",,,"[[B, 1, d_model]]",[2136],21,self_attn,o_proj,2,model.layers.21.self_attn.o_proj,aten._unsafe_view.default,[],decode,True
2138,,,elementwise_add,"[[B, 1, d_model], [B, 1, d_model]]",,,"[[B, 1, d_model]]","[2061, 2137]",21,,,0,model.layers.21,aten.add.Tensor,[],decode,False
2139,post_attention_layernorm,,_to_copy,"[[B, 1, d_model]]",,,"[[B, 1, d_model]]",[2138],21,post_attention_layernorm,,1,model.layers.21.post_attention_layernorm,aten._to_copy.default,[],decode,True
2140,post_attention_layernorm,,pow,"[[B, 1, d_model]]",,,"[[B, 1, d_model]]",[2139],21,post_attention_layernorm,,1,model.layers.21.post_attention_layernorm,aten.pow.Tensor_Scalar,[],decode,False
2141,post_attention_layernorm,,mean,"[[B, 1, d_model]]",,,"[[B, 1, 1]]",[2140],21,post_attention_layernorm,,1,model.layers.21.post_attention_layernorm,aten.mean.dim,[],decode,False
2142,post_attention_layernorm,,elementwise_add,"[[B, 1, 1]]",,,"[[B, 1, 1]]",[2141],21,post_attention_layernorm,,1,model.layers.21.post_attention_layernorm,aten.add.Tensor,[],decode,False
2143,post_attention_layernorm,,rsqrt,"[[B, 1, 1]]",,,"[[B, 1, 1]]",[2142],21,post_attention_layernorm,,1,model.layers.21.post_attention_layernorm,aten.rsqrt.default,[],decode,False
2144,post_attention_layernorm,,elementwise_mul,"[[B, 1, d_model], [B, 1, 1]]",,,"[[B, 1, d_model]]","[2139, 2143]",21,post_attention_layernorm,,1,model.layers.21.post_attention_layernorm,aten.mul.Tensor,[],decode,False
2145,post_attention_layernorm,,_to_copy,"[[B, 1, d_model]]",,,"[[B, 1, d_model]]",[2144],21,post_attention_layernorm,,1,model.layers.21.post_attention_layernorm,aten._to_copy.default,[],decode,True
2146,post_attention_layernorm,,elementwise_mul,"[[d_model], [B, 1, d_model]]",,,"[[B, 1, d_model]]",[2145],21,post_attention_layernorm,,1,model.layers.21.post_attention_layernorm,aten.mul.Tensor,[model.layers.21.post_attention_layernorm.weight],decode,False
2147,mlp,gate_proj,t,"[[d_ff, d_model]]","[d_ff, d_model]",0,"[[d_model, d_ff]]",[],21,mlp,gate_proj,2,model.layers.21.mlp.gate_proj,aten.t.default,[model.layers.21.mlp.gate_proj.weight],decode,True
2148,mlp,gate_proj,view,"[[B, 1, d_model]]",,,"[[B, d_model]]",[2146],21,mlp,gate_proj,2,model.layers.21.mlp.gate_proj,aten.view.default,[],decode,True
2149,mlp,gate_proj,matmul,"[[B, d_model], [d_model, d_ff]]","[d_ff, d_model]",1,"[[B, d_ff]]","[2147, 2148]",21,mlp,gate_proj,2,model.layers.21.mlp.gate_proj,aten.mm.default,[model.layers.21.mlp.gate_proj.weight],decode,False
2150,mlp,gate_proj,_unsafe_view,"[[B, d_ff]]",,,"[[B, 1, d_ff]]",[2149],21,mlp,gate_proj,2,model.layers.21.mlp.gate_proj,aten._unsafe_view.default,[],decode,True
2151,mlp,act_fn,silu,"[[B, 1, d_ff]]",,,"[[B, 1, d_ff]]",[2150],21,mlp,act_fn,2,model.layers.21.mlp.act_fn,aten.silu.default,[],decode,False
2152,mlp,up_proj,t,"[[d_ff, d_model]]","[d_ff, d_model]",0,"[[d_model, d_ff]]",[],21,mlp,up_proj,2,model.layers.21.mlp.up_proj,aten.t.default,[model.layers.21.mlp.up_proj.weight],decode,True
2153,mlp,up_proj,view,"[[B, 1, d_model]]",,,"[[B, d_model]]",[2146],21,mlp,up_proj,2,model.layers.21.mlp.up_proj,aten.view.default,[],decode,True
2154,mlp,up_proj,matmul,"[[B, d_model], [d_model, d_ff]]","[d_ff, d_model]",1,"[[B, d_ff]]","[2152, 2153]",21,mlp,up_proj,2,model.layers.21.mlp.up_proj,aten.mm.default,[model.layers.21.mlp.up_proj.weight],decode,False
2155,mlp,up_proj,_unsafe_view,"[[B, d_ff]]",,,"[[B, 1, d_ff]]",[2154],21,mlp,up_proj,2,model.layers.21.mlp.up_proj,aten._unsafe_view.default,[],decode,True
2156,mlp,,elementwise_mul,"[[B, 1, d_ff], [B, 1, d_ff]]",,,"[[B, 1, d_ff]]","[2151, 2155]",21,mlp,,1,model.layers.21.mlp,aten.mul.Tensor,[],decode,False
2157,mlp,down_proj,t,"[[d_model, d_ff]]","[d_model, d_ff]",0,"[[d_ff, d_model]]",[],21,mlp,down_proj,2,model.layers.21.mlp.down_proj,aten.t.default,[model.layers.21.mlp.down_proj.weight],decode,True
2158,mlp,down_proj,view,"[[B, 1, d_ff]]",,,"[[B, d_ff]]",[2156],21,mlp,down_proj,2,model.layers.21.mlp.down_proj,aten.view.default,[],decode,True
2159,mlp,down_proj,matmul,"[[B, d_ff], [d_ff, d_model]]","[d_model, d_ff]",1,"[[B, d_model]]","[2157, 2158]",21,mlp,down_proj,2,model.layers.21.mlp.down_proj,aten.mm.default,[model.layers.21.mlp.down_proj.weight],decode,False
2160,mlp,down_proj,_unsafe_view,"[[B, d_model]]",,,"[[B, 1, d_model]]",[2159],21,mlp,down_proj,2,model.layers.21.mlp.down_proj,aten._unsafe_view.default,[],decode,True
2161,,,elementwise_add,"[[B, 1, d_model], [B, 1, d_model]]",,,"[[B, 1, d_model]]","[2138, 2160]",21,,,0,model.layers.21,aten.add.Tensor,[],decode,False
2162,input_layernorm,,_to_copy,"[[B, 1, d_model]]",,,"[[B, 1, d_model]]",[2161],22,input_layernorm,,1,model.layers.22.input_layernorm,aten._to_copy.default,[],decode,True
2163,input_layernorm,,pow,"[[B, 1, d_model]]",,,"[[B, 1, d_model]]",[2162],22,input_layernorm,,1,model.layers.22.input_layernorm,aten.pow.Tensor_Scalar,[],decode,False
2164,input_layernorm,,mean,"[[B, 1, d_model]]",,,"[[B, 1, 1]]",[2163],22,input_layernorm,,1,model.layers.22.input_layernorm,aten.mean.dim,[],decode,False
2165,input_layernorm,,elementwise_add,"[[B, 1, 1]]",,,"[[B, 1, 1]]",[2164],22,input_layernorm,,1,model.layers.22.input_layernorm,aten.add.Tensor,[],decode,False
2166,input_layernorm,,rsqrt,"[[B, 1, 1]]",,,"[[B, 1, 1]]",[2165],22,input_layernorm,,1,model.layers.22.input_layernorm,aten.rsqrt.default,[],decode,False
2167,input_layernorm,,elementwise_mul,"[[B, 1, d_model], [B, 1, 1]]",,,"[[B, 1, d_model]]","[2162, 2166]",22,input_layernorm,,1,model.layers.22.input_layernorm,aten.mul.Tensor,[],decode,False
2168,input_layernorm,,_to_copy,"[[B, 1, d_model]]",,,"[[B, 1, d_model]]",[2167],22,input_layernorm,,1,model.layers.22.input_layernorm,aten._to_copy.default,[],decode,True
2169,input_layernorm,,elementwise_mul,"[[d_model], [B, 1, d_model]]",,,"[[B, 1, d_model]]",[2168],22,input_layernorm,,1,model.layers.22.input_layernorm,aten.mul.Tensor,[model.layers.22.input_layernorm.weight],decode,False
2170,self_attn,q_proj,t,"[[n_h*d_head, d_model]]","[n_h*d_head, d_model]",0,"[[d_model, n_h*d_head]]",[],22,self_attn,q_proj,2,model.layers.22.self_attn.q_proj,aten.t.default,[model.layers.22.self_attn.q_proj.weight],decode,True
2171,self_attn,q_proj,view,"[[B, 1, d_model]]",,,"[[B, d_model]]",[2169],22,self_attn,q_proj,2,model.layers.22.self_attn.q_proj,aten.view.default,[],decode,True
2172,self_attn,q_proj,matmul,"[[B, d_model], [d_model, n_h*d_head]]","[n_h*d_head, d_model]",1,"[[B, n_h*d_head]]","[2170, 2171]",22,self_attn,q_proj,2,model.layers.22.self_attn.q_proj,aten.mm.default,[model.layers.22.self_attn.q_proj.weight],decode,False
2173,self_attn,q_proj,_unsafe_view,"[[B, n_h*d_head]]",,,"[[B, 1, n_h*d_head]]",[2172],22,self_attn,q_proj,2,model.layers.22.self_attn.q_proj,aten._unsafe_view.default,[],decode,True
2174,self_attn,,view,"[[B, 1, n_h*d_head]]",,,"[[B, 1, n_h, d_head]]",[2173],22,self_attn,,1,model.layers.22.self_attn,aten.view.default,[],decode,True
2175,self_attn,,transpose,"[[B, 1, n_h, d_head]]",,,"[[B, n_h, 1, d_head]]",[2174],22,self_attn,,1,model.layers.22.self_attn,aten.transpose.int,[],decode,True
2176,self_attn,k_proj,t,"[[n_kv*d_head, d_model]]","[n_kv*d_head, d_model]",0,"[[d_model, n_kv*d_head]]",[],22,self_attn,k_proj,2,model.layers.22.self_attn.k_proj,aten.t.default,[model.layers.22.self_attn.k_proj.weight],decode,True
2177,self_attn,k_proj,view,"[[B, 1, d_model]]",,,"[[B, d_model]]",[2169],22,self_attn,k_proj,2,model.layers.22.self_attn.k_proj,aten.view.default,[],decode,True
2178,self_attn,k_proj,matmul,"[[B, d_model], [d_model, n_kv*d_head]]","[n_kv*d_head, d_model]",1,"[[B, n_kv*d_head]]","[2176, 2177]",22,self_attn,k_proj,2,model.layers.22.self_attn.k_proj,aten.mm.default,[model.layers.22.self_attn.k_proj.weight],decode,False
2179,self_attn,k_proj,_unsafe_view,"[[B, n_kv*d_head]]",,,"[[B, 1, n_kv*d_head]]",[2178],22,self_attn,k_proj,2,model.layers.22.self_attn.k_proj,aten._unsafe_view.default,[],decode,True
2180,self_attn,,view,"[[B, 1, n_kv*d_head]]",,,"[[B, 1, n_kv, d_head]]",[2179],22,self_attn,,1,model.layers.22.self_attn,aten.view.default,[],decode,True
2181,self_attn,,transpose,"[[B, 1, n_kv, d_head]]",,,"[[B, n_kv, 1, d_head]]",[2180],22,self_attn,,1,model.layers.22.self_attn,aten.transpose.int,[],decode,True
2182,self_attn,v_proj,t,"[[n_kv*d_head, d_model]]","[n_kv*d_head, d_model]",0,"[[d_model, n_kv*d_head]]",[],22,self_attn,v_proj,2,model.layers.22.self_attn.v_proj,aten.t.default,[model.layers.22.self_attn.v_proj.weight],decode,True
2183,self_attn,v_proj,view,"[[B, 1, d_model]]",,,"[[B, d_model]]",[2169],22,self_attn,v_proj,2,model.layers.22.self_attn.v_proj,aten.view.default,[],decode,True
2184,self_attn,v_proj,matmul,"[[B, d_model], [d_model, n_kv*d_head]]","[n_kv*d_head, d_model]",1,"[[B, n_kv*d_head]]","[2182, 2183]",22,self_attn,v_proj,2,model.layers.22.self_attn.v_proj,aten.mm.default,[model.layers.22.self_attn.v_proj.weight],decode,False
2185,self_attn,v_proj,_unsafe_view,"[[B, n_kv*d_head]]",,,"[[B, 1, n_kv*d_head]]",[2184],22,self_attn,v_proj,2,model.layers.22.self_attn.v_proj,aten._unsafe_view.default,[],decode,True
2186,self_attn,,view,"[[B, 1, n_kv*d_head]]",,,"[[B, 1, n_kv, d_head]]",[2185],22,self_attn,,1,model.layers.22.self_attn,aten.view.default,[],decode,True
2187,self_attn,,transpose,"[[B, 1, n_kv, d_head]]",,,"[[B, n_kv, 1, d_head]]",[2186],22,self_attn,,1,model.layers.22.self_attn,aten.transpose.int,[],decode,True
2188,self_attn,,unsqueeze,"[[B, 1, d_head]]",,,"[[B, 1, 1, d_head]]",[40],22,self_attn,,1,model.layers.22.self_attn,aten.unsqueeze.default,[],decode,True
2189,self_attn,,unsqueeze,"[[B, 1, d_head]]",,,"[[B, 1, 1, d_head]]",[41],22,self_attn,,1,model.layers.22.self_attn,aten.unsqueeze.default,[],decode,True
2190,self_attn,,elementwise_mul,"[[B, n_h, 1, d_head], [B, 1, 1, d_head]]",,,"[[B, n_h, 1, d_head]]","[2175, 2188]",22,self_attn,,1,model.layers.22.self_attn,aten.mul.Tensor,[],decode,False
2191,self_attn,,slice,"[[B, n_h, 1, d_head]]",,,"[[B, n_h, 1, d_head/2]]",[2175],22,self_attn,,1,model.layers.22.self_attn,aten.slice.Tensor,[],decode,True
2192,self_attn,,slice,"[[B, n_h, 1, d_head]]",,,"[[B, n_h, 1, d_head/2]]",[2175],22,self_attn,,1,model.layers.22.self_attn,aten.slice.Tensor,[],decode,True
2193,self_attn,,neg,"[[B, n_h, 1, d_head/2]]",,,"[[B, n_h, 1, d_head/2]]",[2192],22,self_attn,,1,model.layers.22.self_attn,aten.neg.default,[],decode,False
2194,self_attn,,concat,"[[B, n_h, 1, d_head/2], [B, n_h, 1, d_head/2]]",,,"[[B, n_h, 1, d_head]]","[2191, 2193]",22,self_attn,,1,model.layers.22.self_attn,aten.cat.default,[],decode,False
2195,self_attn,,elementwise_mul,"[[B, n_h, 1, d_head], [B, 1, 1, d_head]]",,,"[[B, n_h, 1, d_head]]","[2189, 2194]",22,self_attn,,1,model.layers.22.self_attn,aten.mul.Tensor,[],decode,False
2196,self_attn,,elementwise_add,"[[B, n_h, 1, d_head], [B, n_h, 1, d_head]]",,,"[[B, n_h, 1, d_head]]","[2190, 2195]",22,self_attn,,1,model.layers.22.self_attn,aten.add.Tensor,[],decode,False
2197,self_attn,,elementwise_mul,"[[B, n_kv, 1, d_head], [B, 1, 1, d_head]]",,,"[[B, n_kv, 1, d_head]]","[2181, 2188]",22,self_attn,,1,model.layers.22.self_attn,aten.mul.Tensor,[],decode,False
2198,self_attn,,slice,"[[B, n_kv, 1, d_head]]",,,"[[B, n_kv, 1, d_head/2]]",[2181],22,self_attn,,1,model.layers.22.self_attn,aten.slice.Tensor,[],decode,True
2199,self_attn,,slice,"[[B, n_kv, 1, d_head]]",,,"[[B, n_kv, 1, d_head/2]]",[2181],22,self_attn,,1,model.layers.22.self_attn,aten.slice.Tensor,[],decode,True
2200,self_attn,,neg,"[[B, n_kv, 1, d_head/2]]",,,"[[B, n_kv, 1, d_head/2]]",[2199],22,self_attn,,1,model.layers.22.self_attn,aten.neg.default,[],decode,False
2201,self_attn,,concat,"[[B, n_kv, 1, d_head/2], [B, n_kv, 1, d_head/2]]",,,"[[B, n_kv, 1, d_head]]","[2198, 2200]",22,self_attn,,1,model.layers.22.self_attn,aten.cat.default,[],decode,False
2202,self_attn,,elementwise_mul,"[[B, n_kv, 1, d_head], [B, 1, 1, d_head]]",,,"[[B, n_kv, 1, d_head]]","[2189, 2201]",22,self_attn,,1,model.layers.22.self_attn,aten.mul.Tensor,[],decode,False
2203,self_attn,,elementwise_add,"[[B, n_kv, 1, d_head], [B, n_kv, 1, d_head]]",,,"[[B, n_kv, 1, d_head]]","[2197, 2202]",22,self_attn,,1,model.layers.22.self_attn,aten.add.Tensor,[],decode,False
2204,self_attn,,concat,"[[B, n_kv, T, d_head], [B, n_kv, 1, d_head]]",,,"[[B, n_kv, T+1, d_head]]",[2203],22,self_attn,,1,model.layers.22.self_attn,aten.cat.default,[],decode,False
2205,self_attn,,concat,"[[B, n_kv, T, d_head], [B, n_kv, 1, d_head]]",,,"[[B, n_kv, T+1, d_head]]",[2187],22,self_attn,,1,model.layers.22.self_attn,aten.cat.default,[],decode,False
2206,self_attn,,unsqueeze,"[[B, n_kv, T+1, d_head]]",,,"[[B, n_kv, 1, T+1, d_head]]",[2204],22,self_attn,,1,model.layers.22.self_attn,aten.unsqueeze.default,[],decode,True
2207,self_attn,,expand,"[[B, n_kv, 1, T+1, d_head]]",,,"[[B, n_kv, n_h/n_kv, T+1, d_head]]",[2206],22,self_attn,,1,model.layers.22.self_attn,aten.expand.default,[],decode,True
2208,self_attn,,clone,"[[B, n_kv, n_h/n_kv, T+1, d_head]]",,,"[[B, n_kv, n_h/n_kv, T+1, d_head]]",[2207],22,self_attn,,1,model.layers.22.self_attn,aten.clone.default,[],decode,True
2209,self_attn,,_unsafe_view,"[[B, n_kv, n_h/n_kv, T+1, d_head]]",,,"[[B, n_h, T+1, d_head]]",[2208],22,self_attn,,1,model.layers.22.self_attn,aten._unsafe_view.default,[],decode,True
2210,self_attn,,unsqueeze,"[[B, n_kv, T+1, d_head]]",,,"[[B, n_kv, 1, T+1, d_head]]",[2205],22,self_attn,,1,model.layers.22.self_attn,aten.unsqueeze.default,[],decode,True
2211,self_attn,,expand,"[[B, n_kv, 1, T+1, d_head]]",,,"[[B, n_kv, n_h/n_kv, T+1, d_head]]",[2210],22,self_attn,,1,model.layers.22.self_attn,aten.expand.default,[],decode,True
2212,self_attn,,clone,"[[B, n_kv, n_h/n_kv, T+1, d_head]]",,,"[[B, n_kv, n_h/n_kv, T+1, d_head]]",[2211],22,self_attn,,1,model.layers.22.self_attn,aten.clone.default,[],decode,True
2213,self_attn,,_unsafe_view,"[[B, n_kv, n_h/n_kv, T+1, d_head]]",,,"[[B, n_h, T+1, d_head]]",[2212],22,self_attn,,1,model.layers.22.self_attn,aten._unsafe_view.default,[],decode,True
2214,self_attn,,transpose,"[[B, n_h, T+1, d_head]]",,,"[[B, n_h, d_head, T+1]]",[2209],22,self_attn,,1,model.layers.22.self_attn,aten.transpose.int,[],decode,True
2215,self_attn,,expand,"[[B, n_h, 1, d_head]]",,,"[[B, n_h, 1, d_head]]",[2196],22,self_attn,,1,model.layers.22.self_attn,aten.expand.default,[],decode,True
2216,self_attn,,view,"[[B, n_h, 1, d_head]]",,,"[[n_h, B, d_head]]",[2215],22,self_attn,,1,model.layers.22.self_attn,aten.view.default,[],decode,True
2217,self_attn,,expand,"[[B, n_h, d_head, T+1]]",,,"[[B, n_h, d_head, T+1]]",[2214],22,self_attn,,1,model.layers.22.self_attn,aten.expand.default,[],decode,True
2218,self_attn,,view,"[[B, n_h, d_head, T+1]]",,,"[[n_h, d_head, T+1]]",[2217],22,self_attn,,1,model.layers.22.self_attn,aten.view.default,[],decode,True
2219,self_attn,,batched_matmul,"[[n_h, B, d_head], [n_h, d_head, T+1]]",,,"[[n_h, B, T+1]]","[2216, 2218]",22,self_attn,,1,model.layers.22.self_attn,aten.bmm.default,[],decode,False
2220,self_attn,,_unsafe_view,"[[n_h, B, T+1]]",,,"[[B, n_h, 1, T+1]]",[2219],22,self_attn,,1,model.layers.22.self_attn,aten._unsafe_view.default,[],decode,True
2221,self_attn,,elementwise_mul,"[[B, n_h, 1, T+1]]",,,"[[B, n_h, 1, T+1]]",[2220],22,self_attn,,1,model.layers.22.self_attn,aten.mul.Tensor,[],decode,False
2222,self_attn,,elementwise_add,"[[B, n_h, 1, T+1], [B, 1, 1, T+1]]",,,"[[B, n_h, 1, T+1]]","[22, 2221]",22,self_attn,,1,model.layers.22.self_attn,aten.add.Tensor,[],decode,False
2223,self_attn,,_to_copy,"[[B, n_h, 1, T+1]]",,,"[[B, n_h, 1, T+1]]",[2222],22,self_attn,,1,model.layers.22.self_attn,aten._to_copy.default,[],decode,True
2224,self_attn,,softmax,"[[B, n_h, 1, T+1]]",,,"[[B, n_h, 1, T+1]]",[2223],22,self_attn,,1,model.layers.22.self_attn,aten._softmax.default,[],decode,False
2225,self_attn,,_to_copy,"[[B, n_h, 1, T+1]]",,,"[[B, n_h, 1, T+1]]",[2224],22,self_attn,,1,model.layers.22.self_attn,aten._to_copy.default,[],decode,True
2226,self_attn,,expand,"[[B, n_h, 1, T+1]]",,,"[[B, n_h, 1, T+1]]",[2225],22,self_attn,,1,model.layers.22.self_attn,aten.expand.default,[],decode,True
2227,self_attn,,view,"[[B, n_h, 1, T+1]]",,,"[[n_h, B, T+1]]",[2226],22,self_attn,,1,model.layers.22.self_attn,aten.view.default,[],decode,True
2228,self_attn,,expand,"[[B, n_h, T+1, d_head]]",,,"[[B, n_h, T+1, d_head]]",[2213],22,self_attn,,1,model.layers.22.self_attn,aten.expand.default,[],decode,True
2229,self_attn,,view,"[[B, n_h, T+1, d_head]]",,,"[[n_h, T+1, d_head]]",[2228],22,self_attn,,1,model.layers.22.self_attn,aten.view.default,[],decode,True
2230,self_attn,,batched_matmul,"[[n_h, B, T+1], [n_h, T+1, d_head]]",,,"[[n_h, B, d_head]]","[2227, 2229]",22,self_attn,,1,model.layers.22.self_attn,aten.bmm.default,[],decode,False
2231,self_attn,,_unsafe_view,"[[n_h, B, d_head]]",,,"[[B, n_h, 1, d_head]]",[2230],22,self_attn,,1,model.layers.22.self_attn,aten._unsafe_view.default,[],decode,True
2232,self_attn,,transpose,"[[B, n_h, 1, d_head]]",,,"[[B, 1, n_h, d_head]]",[2231],22,self_attn,,1,model.layers.22.self_attn,aten.transpose.int,[],decode,True
2233,self_attn,,view,"[[B, 1, n_h, d_head]]",,,"[[B, 1, n_h*d_head]]",[2232],22,self_attn,,1,model.layers.22.self_attn,aten.view.default,[],decode,True
2234,self_attn,o_proj,t,"[[d_model, n_h*d_head]]","[d_model, n_h*d_head]",0,"[[n_h*d_head, d_model]]",[],22,self_attn,o_proj,2,model.layers.22.self_attn.o_proj,aten.t.default,[model.layers.22.self_attn.o_proj.weight],decode,True
2235,self_attn,o_proj,view,"[[B, 1, n_h*d_head]]",,,"[[B, n_h*d_head]]",[2233],22,self_attn,o_proj,2,model.layers.22.self_attn.o_proj,aten.view.default,[],decode,True
2236,self_attn,o_proj,matmul,"[[B, n_h*d_head], [n_h*d_head, d_model]]","[d_model, n_h*d_head]",1,"[[B, d_model]]","[2234, 2235]",22,self_attn,o_proj,2,model.layers.22.self_attn.o_proj,aten.mm.default,[model.layers.22.self_attn.o_proj.weight],decode,False
2237,self_attn,o_proj,_unsafe_view,"[[B, d_model]]",,,"[[B, 1, d_model]]",[2236],22,self_attn,o_proj,2,model.layers.22.self_attn.o_proj,aten._unsafe_view.default,[],decode,True
2238,,,elementwise_add,"[[B, 1, d_model], [B, 1, d_model]]",,,"[[B, 1, d_model]]","[2161, 2237]",22,,,0,model.layers.22,aten.add.Tensor,[],decode,False
2239,post_attention_layernorm,,_to_copy,"[[B, 1, d_model]]",,,"[[B, 1, d_model]]",[2238],22,post_attention_layernorm,,1,model.layers.22.post_attention_layernorm,aten._to_copy.default,[],decode,True
2240,post_attention_layernorm,,pow,"[[B, 1, d_model]]",,,"[[B, 1, d_model]]",[2239],22,post_attention_layernorm,,1,model.layers.22.post_attention_layernorm,aten.pow.Tensor_Scalar,[],decode,False
2241,post_attention_layernorm,,mean,"[[B, 1, d_model]]",,,"[[B, 1, 1]]",[2240],22,post_attention_layernorm,,1,model.layers.22.post_attention_layernorm,aten.mean.dim,[],decode,False
2242,post_attention_layernorm,,elementwise_add,"[[B, 1, 1]]",,,"[[B, 1, 1]]",[2241],22,post_attention_layernorm,,1,model.layers.22.post_attention_layernorm,aten.add.Tensor,[],decode,False
2243,post_attention_layernorm,,rsqrt,"[[B, 1, 1]]",,,"[[B, 1, 1]]",[2242],22,post_attention_layernorm,,1,model.layers.22.post_attention_layernorm,aten.rsqrt.default,[],decode,False
2244,post_attention_layernorm,,elementwise_mul,"[[B, 1, d_model], [B, 1, 1]]",,,"[[B, 1, d_model]]","[2239, 2243]",22,post_attention_layernorm,,1,model.layers.22.post_attention_layernorm,aten.mul.Tensor,[],decode,False
2245,post_attention_layernorm,,_to_copy,"[[B, 1, d_model]]",,,"[[B, 1, d_model]]",[2244],22,post_attention_layernorm,,1,model.layers.22.post_attention_layernorm,aten._to_copy.default,[],decode,True
2246,post_attention_layernorm,,elementwise_mul,"[[d_model], [B, 1, d_model]]",,,"[[B, 1, d_model]]",[2245],22,post_attention_layernorm,,1,model.layers.22.post_attention_layernorm,aten.mul.Tensor,[model.layers.22.post_attention_layernorm.weight],decode,False
2247,mlp,gate_proj,t,"[[d_ff, d_model]]","[d_ff, d_model]",0,"[[d_model, d_ff]]",[],22,mlp,gate_proj,2,model.layers.22.mlp.gate_proj,aten.t.default,[model.layers.22.mlp.gate_proj.weight],decode,True
2248,mlp,gate_proj,view,"[[B, 1, d_model]]",,,"[[B, d_model]]",[2246],22,mlp,gate_proj,2,model.layers.22.mlp.gate_proj,aten.view.default,[],decode,True
2249,mlp,gate_proj,matmul,"[[B, d_model], [d_model, d_ff]]","[d_ff, d_model]",1,"[[B, d_ff]]","[2247, 2248]",22,mlp,gate_proj,2,model.layers.22.mlp.gate_proj,aten.mm.default,[model.layers.22.mlp.gate_proj.weight],decode,False
2250,mlp,gate_proj,_unsafe_view,"[[B, d_ff]]",,,"[[B, 1, d_ff]]",[2249],22,mlp,gate_proj,2,model.layers.22.mlp.gate_proj,aten._unsafe_view.default,[],decode,True
2251,mlp,act_fn,silu,"[[B, 1, d_ff]]",,,"[[B, 1, d_ff]]",[2250],22,mlp,act_fn,2,model.layers.22.mlp.act_fn,aten.silu.default,[],decode,False
2252,mlp,up_proj,t,"[[d_ff, d_model]]","[d_ff, d_model]",0,"[[d_model, d_ff]]",[],22,mlp,up_proj,2,model.layers.22.mlp.up_proj,aten.t.default,[model.layers.22.mlp.up_proj.weight],decode,True
2253,mlp,up_proj,view,"[[B, 1, d_model]]",,,"[[B, d_model]]",[2246],22,mlp,up_proj,2,model.layers.22.mlp.up_proj,aten.view.default,[],decode,True
2254,mlp,up_proj,matmul,"[[B, d_model], [d_model, d_ff]]","[d_ff, d_model]",1,"[[B, d_ff]]","[2252, 2253]",22,mlp,up_proj,2,model.layers.22.mlp.up_proj,aten.mm.default,[model.layers.22.mlp.up_proj.weight],decode,False
2255,mlp,up_proj,_unsafe_view,"[[B, d_ff]]",,,"[[B, 1, d_ff]]",[2254],22,mlp,up_proj,2,model.layers.22.mlp.up_proj,aten._unsafe_view.default,[],decode,True
2256,mlp,,elementwise_mul,"[[B, 1, d_ff], [B, 1, d_ff]]",,,"[[B, 1, d_ff]]","[2251, 2255]",22,mlp,,1,model.layers.22.mlp,aten.mul.Tensor,[],decode,False
2257,mlp,down_proj,t,"[[d_model, d_ff]]","[d_model, d_ff]",0,"[[d_ff, d_model]]",[],22,mlp,down_proj,2,model.layers.22.mlp.down_proj,aten.t.default,[model.layers.22.mlp.down_proj.weight],decode,True
2258,mlp,down_proj,view,"[[B, 1, d_ff]]",,,"[[B, d_ff]]",[2256],22,mlp,down_proj,2,model.layers.22.mlp.down_proj,aten.view.default,[],decode,True
2259,mlp,down_proj,matmul,"[[B, d_ff], [d_ff, d_model]]","[d_model, d_ff]",1,"[[B, d_model]]","[2257, 2258]",22,mlp,down_proj,2,model.layers.22.mlp.down_proj,aten.mm.default,[model.layers.22.mlp.down_proj.weight],decode,False
2260,mlp,down_proj,_unsafe_view,"[[B, d_model]]",,,"[[B, 1, d_model]]",[2259],22,mlp,down_proj,2,model.layers.22.mlp.down_proj,aten._unsafe_view.default,[],decode,True
2261,,,elementwise_add,"[[B, 1, d_model], [B, 1, d_model]]",,,"[[B, 1, d_model]]","[2238, 2260]",22,,,0,model.layers.22,aten.add.Tensor,[],decode,False
2262,input_layernorm,,_to_copy,"[[B, 1, d_model]]",,,"[[B, 1, d_model]]",[2261],23,input_layernorm,,1,model.layers.23.input_layernorm,aten._to_copy.default,[],decode,True
2263,input_layernorm,,pow,"[[B, 1, d_model]]",,,"[[B, 1, d_model]]",[2262],23,input_layernorm,,1,model.layers.23.input_layernorm,aten.pow.Tensor_Scalar,[],decode,False
2264,input_layernorm,,mean,"[[B, 1, d_model]]",,,"[[B, 1, 1]]",[2263],23,input_layernorm,,1,model.layers.23.input_layernorm,aten.mean.dim,[],decode,False
2265,input_layernorm,,elementwise_add,"[[B, 1, 1]]",,,"[[B, 1, 1]]",[2264],23,input_layernorm,,1,model.layers.23.input_layernorm,aten.add.Tensor,[],decode,False
2266,input_layernorm,,rsqrt,"[[B, 1, 1]]",,,"[[B, 1, 1]]",[2265],23,input_layernorm,,1,model.layers.23.input_layernorm,aten.rsqrt.default,[],decode,False
2267,input_layernorm,,elementwise_mul,"[[B, 1, d_model], [B, 1, 1]]",,,"[[B, 1, d_model]]","[2262, 2266]",23,input_layernorm,,1,model.layers.23.input_layernorm,aten.mul.Tensor,[],decode,False
2268,input_layernorm,,_to_copy,"[[B, 1, d_model]]",,,"[[B, 1, d_model]]",[2267],23,input_layernorm,,1,model.layers.23.input_layernorm,aten._to_copy.default,[],decode,True
2269,input_layernorm,,elementwise_mul,"[[d_model], [B, 1, d_model]]",,,"[[B, 1, d_model]]",[2268],23,input_layernorm,,1,model.layers.23.input_layernorm,aten.mul.Tensor,[model.layers.23.input_layernorm.weight],decode,False
2270,self_attn,q_proj,t,"[[n_h*d_head, d_model]]","[n_h*d_head, d_model]",0,"[[d_model, n_h*d_head]]",[],23,self_attn,q_proj,2,model.layers.23.self_attn.q_proj,aten.t.default,[model.layers.23.self_attn.q_proj.weight],decode,True
2271,self_attn,q_proj,view,"[[B, 1, d_model]]",,,"[[B, d_model]]",[2269],23,self_attn,q_proj,2,model.layers.23.self_attn.q_proj,aten.view.default,[],decode,True
2272,self_attn,q_proj,matmul,"[[B, d_model], [d_model, n_h*d_head]]","[n_h*d_head, d_model]",1,"[[B, n_h*d_head]]","[2270, 2271]",23,self_attn,q_proj,2,model.layers.23.self_attn.q_proj,aten.mm.default,[model.layers.23.self_attn.q_proj.weight],decode,False
2273,self_attn,q_proj,_unsafe_view,"[[B, n_h*d_head]]",,,"[[B, 1, n_h*d_head]]",[2272],23,self_attn,q_proj,2,model.layers.23.self_attn.q_proj,aten._unsafe_view.default,[],decode,True
2274,self_attn,,view,"[[B, 1, n_h*d_head]]",,,"[[B, 1, n_h, d_head]]",[2273],23,self_attn,,1,model.layers.23.self_attn,aten.view.default,[],decode,True
2275,self_attn,,transpose,"[[B, 1, n_h, d_head]]",,,"[[B, n_h, 1, d_head]]",[2274],23,self_attn,,1,model.layers.23.self_attn,aten.transpose.int,[],decode,True
2276,self_attn,k_proj,t,"[[n_kv*d_head, d_model]]","[n_kv*d_head, d_model]",0,"[[d_model, n_kv*d_head]]",[],23,self_attn,k_proj,2,model.layers.23.self_attn.k_proj,aten.t.default,[model.layers.23.self_attn.k_proj.weight],decode,True
2277,self_attn,k_proj,view,"[[B, 1, d_model]]",,,"[[B, d_model]]",[2269],23,self_attn,k_proj,2,model.layers.23.self_attn.k_proj,aten.view.default,[],decode,True
2278,self_attn,k_proj,matmul,"[[B, d_model], [d_model, n_kv*d_head]]","[n_kv*d_head, d_model]",1,"[[B, n_kv*d_head]]","[2276, 2277]",23,self_attn,k_proj,2,model.layers.23.self_attn.k_proj,aten.mm.default,[model.layers.23.self_attn.k_proj.weight],decode,False
2279,self_attn,k_proj,_unsafe_view,"[[B, n_kv*d_head]]",,,"[[B, 1, n_kv*d_head]]",[2278],23,self_attn,k_proj,2,model.layers.23.self_attn.k_proj,aten._unsafe_view.default,[],decode,True
2280,self_attn,,view,"[[B, 1, n_kv*d_head]]",,,"[[B, 1, n_kv, d_head]]",[2279],23,self_attn,,1,model.layers.23.self_attn,aten.view.default,[],decode,True
2281,self_attn,,transpose,"[[B, 1, n_kv, d_head]]",,,"[[B, n_kv, 1, d_head]]",[2280],23,self_attn,,1,model.layers.23.self_attn,aten.transpose.int,[],decode,True
2282,self_attn,v_proj,t,"[[n_kv*d_head, d_model]]","[n_kv*d_head, d_model]",0,"[[d_model, n_kv*d_head]]",[],23,self_attn,v_proj,2,model.layers.23.self_attn.v_proj,aten.t.default,[model.layers.23.self_attn.v_proj.weight],decode,True
2283,self_attn,v_proj,view,"[[B, 1, d_model]]",,,"[[B, d_model]]",[2269],23,self_attn,v_proj,2,model.layers.23.self_attn.v_proj,aten.view.default,[],decode,True
2284,self_attn,v_proj,matmul,"[[B, d_model], [d_model, n_kv*d_head]]","[n_kv*d_head, d_model]",1,"[[B, n_kv*d_head]]","[2282, 2283]",23,self_attn,v_proj,2,model.layers.23.self_attn.v_proj,aten.mm.default,[model.layers.23.self_attn.v_proj.weight],decode,False
2285,self_attn,v_proj,_unsafe_view,"[[B, n_kv*d_head]]",,,"[[B, 1, n_kv*d_head]]",[2284],23,self_attn,v_proj,2,model.layers.23.self_attn.v_proj,aten._unsafe_view.default,[],decode,True
2286,self_attn,,view,"[[B, 1, n_kv*d_head]]",,,"[[B, 1, n_kv, d_head]]",[2285],23,self_attn,,1,model.layers.23.self_attn,aten.view.default,[],decode,True
2287,self_attn,,transpose,"[[B, 1, n_kv, d_head]]",,,"[[B, n_kv, 1, d_head]]",[2286],23,self_attn,,1,model.layers.23.self_attn,aten.transpose.int,[],decode,True
2288,self_attn,,concat,"[[B, n_kv, T, d_head], [B, n_kv, 1, d_head]]",,,"[[B, n_kv, T+1, d_head]]",[2281],23,self_attn,,1,model.layers.23.self_attn,aten.cat.default,[],decode,False
2289,self_attn,,concat,"[[B, n_kv, T, d_head], [B, n_kv, 1, d_head]]",,,"[[B, n_kv, T+1, d_head]]",[2287],23,self_attn,,1,model.layers.23.self_attn,aten.cat.default,[],decode,False
2290,self_attn,,unsqueeze,"[[B, n_kv, T+1, d_head]]",,,"[[B, n_kv, 1, T+1, d_head]]",[2288],23,self_attn,,1,model.layers.23.self_attn,aten.unsqueeze.default,[],decode,True
2291,self_attn,,expand,"[[B, n_kv, 1, T+1, d_head]]",,,"[[B, n_kv, n_h/n_kv, T+1, d_head]]",[2290],23,self_attn,,1,model.layers.23.self_attn,aten.expand.default,[],decode,True
2292,self_attn,,clone,"[[B, n_kv, n_h/n_kv, T+1, d_head]]",,,"[[B, n_kv, n_h/n_kv, T+1, d_head]]",[2291],23,self_attn,,1,model.layers.23.self_attn,aten.clone.default,[],decode,True
2293,self_attn,,_unsafe_view,"[[B, n_kv, n_h/n_kv, T+1, d_head]]",,,"[[B, n_h, T+1, d_head]]",[2292],23,self_attn,,1,model.layers.23.self_attn,aten._unsafe_view.default,[],decode,True
2294,self_attn,,unsqueeze,"[[B, n_kv, T+1, d_head]]",,,"[[B, n_kv, 1, T+1, d_head]]",[2289],23,self_attn,,1,model.layers.23.self_attn,aten.unsqueeze.default,[],decode,True
2295,self_attn,,expand,"[[B, n_kv, 1, T+1, d_head]]",,,"[[B, n_kv, n_h/n_kv, T+1, d_head]]",[2294],23,self_attn,,1,model.layers.23.self_attn,aten.expand.default,[],decode,True
2296,self_attn,,clone,"[[B, n_kv, n_h/n_kv, T+1, d_head]]",,,"[[B, n_kv, n_h/n_kv, T+1, d_head]]",[2295],23,self_attn,,1,model.layers.23.self_attn,aten.clone.default,[],decode,True
2297,self_attn,,_unsafe_view,"[[B, n_kv, n_h/n_kv, T+1, d_head]]",,,"[[B, n_h, T+1, d_head]]",[2296],23,self_attn,,1,model.layers.23.self_attn,aten._unsafe_view.default,[],decode,True
2298,self_attn,,transpose,"[[B, n_h, T+1, d_head]]",,,"[[B, n_h, d_head, T+1]]",[2293],23,self_attn,,1,model.layers.23.self_attn,aten.transpose.int,[],decode,True
2299,self_attn,,expand,"[[B, n_h, 1, d_head]]",,,"[[B, n_h, 1, d_head]]",[2275],23,self_attn,,1,model.layers.23.self_attn,aten.expand.default,[],decode,True
2300,self_attn,,view,"[[B, n_h, 1, d_head]]",,,"[[n_h, B, d_head]]",[2299],23,self_attn,,1,model.layers.23.self_attn,aten.view.default,[],decode,True
2301,self_attn,,expand,"[[B, n_h, d_head, T+1]]",,,"[[B, n_h, d_head, T+1]]",[2298],23,self_attn,,1,model.layers.23.self_attn,aten.expand.default,[],decode,True
2302,self_attn,,view,"[[B, n_h, d_head, T+1]]",,,"[[n_h, d_head, T+1]]",[2301],23,self_attn,,1,model.layers.23.self_attn,aten.view.default,[],decode,True
2303,self_attn,,batched_matmul,"[[n_h, B, d_head], [n_h, d_head, T+1]]",,,"[[n_h, B, T+1]]","[2300, 2302]",23,self_attn,,1,model.layers.23.self_attn,aten.bmm.default,[],decode,False
2304,self_attn,,_unsafe_view,"[[n_h, B, T+1]]",,,"[[B, n_h, 1, T+1]]",[2303],23,self_attn,,1,model.layers.23.self_attn,aten._unsafe_view.default,[],decode,True
2305,self_attn,,elementwise_mul,"[[B, n_h, 1, T+1]]",,,"[[B, n_h, 1, T+1]]",[2304],23,self_attn,,1,model.layers.23.self_attn,aten.mul.Tensor,[],decode,False
2306,self_attn,,elementwise_add,"[[B, n_h, 1, T+1], [B, 1, 1, T+1]]",,,"[[B, n_h, 1, T+1]]","[22, 2305]",23,self_attn,,1,model.layers.23.self_attn,aten.add.Tensor,[],decode,False
2307,self_attn,,_to_copy,"[[B, n_h, 1, T+1]]",,,"[[B, n_h, 1, T+1]]",[2306],23,self_attn,,1,model.layers.23.self_attn,aten._to_copy.default,[],decode,True
2308,self_attn,,softmax,"[[B, n_h, 1, T+1]]",,,"[[B, n_h, 1, T+1]]",[2307],23,self_attn,,1,model.layers.23.self_attn,aten._softmax.default,[],decode,False
2309,self_attn,,_to_copy,"[[B, n_h, 1, T+1]]",,,"[[B, n_h, 1, T+1]]",[2308],23,self_attn,,1,model.layers.23.self_attn,aten._to_copy.default,[],decode,True
2310,self_attn,,expand,"[[B, n_h, 1, T+1]]",,,"[[B, n_h, 1, T+1]]",[2309],23,self_attn,,1,model.layers.23.self_attn,aten.expand.default,[],decode,True
2311,self_attn,,view,"[[B, n_h, 1, T+1]]",,,"[[n_h, B, T+1]]",[2310],23,self_attn,,1,model.layers.23.self_attn,aten.view.default,[],decode,True
2312,self_attn,,expand,"[[B, n_h, T+1, d_head]]",,,"[[B, n_h, T+1, d_head]]",[2297],23,self_attn,,1,model.layers.23.self_attn,aten.expand.default,[],decode,True
2313,self_attn,,view,"[[B, n_h, T+1, d_head]]",,,"[[n_h, T+1, d_head]]",[2312],23,self_attn,,1,model.layers.23.self_attn,aten.view.default,[],decode,True
2314,self_attn,,batched_matmul,"[[n_h, B, T+1], [n_h, T+1, d_head]]",,,"[[n_h, B, d_head]]","[2311, 2313]",23,self_attn,,1,model.layers.23.self_attn,aten.bmm.default,[],decode,False
2315,self_attn,,_unsafe_view,"[[n_h, B, d_head]]",,,"[[B, n_h, 1, d_head]]",[2314],23,self_attn,,1,model.layers.23.self_attn,aten._unsafe_view.default,[],decode,True
2316,self_attn,,transpose,"[[B, n_h, 1, d_head]]",,,"[[B, 1, n_h, d_head]]",[2315],23,self_attn,,1,model.layers.23.self_attn,aten.transpose.int,[],decode,True
2317,self_attn,,view,"[[B, 1, n_h, d_head]]",,,"[[B, 1, n_h*d_head]]",[2316],23,self_attn,,1,model.layers.23.self_attn,aten.view.default,[],decode,True
2318,self_attn,o_proj,t,"[[d_model, n_h*d_head]]","[d_model, n_h*d_head]",0,"[[n_h*d_head, d_model]]",[],23,self_attn,o_proj,2,model.layers.23.self_attn.o_proj,aten.t.default,[model.layers.23.self_attn.o_proj.weight],decode,True
2319,self_attn,o_proj,view,"[[B, 1, n_h*d_head]]",,,"[[B, n_h*d_head]]",[2317],23,self_attn,o_proj,2,model.layers.23.self_attn.o_proj,aten.view.default,[],decode,True
2320,self_attn,o_proj,matmul,"[[B, n_h*d_head], [n_h*d_head, d_model]]","[d_model, n_h*d_head]",1,"[[B, d_model]]","[2318, 2319]",23,self_attn,o_proj,2,model.layers.23.self_attn.o_proj,aten.mm.default,[model.layers.23.self_attn.o_proj.weight],decode,False
2321,self_attn,o_proj,_unsafe_view,"[[B, d_model]]",,,"[[B, 1, d_model]]",[2320],23,self_attn,o_proj,2,model.layers.23.self_attn.o_proj,aten._unsafe_view.default,[],decode,True
2322,,,elementwise_add,"[[B, 1, d_model], [B, 1, d_model]]",,,"[[B, 1, d_model]]","[2261, 2321]",23,,,0,model.layers.23,aten.add.Tensor,[],decode,False
2323,post_attention_layernorm,,_to_copy,"[[B, 1, d_model]]",,,"[[B, 1, d_model]]",[2322],23,post_attention_layernorm,,1,model.layers.23.post_attention_layernorm,aten._to_copy.default,[],decode,True
2324,post_attention_layernorm,,pow,"[[B, 1, d_model]]",,,"[[B, 1, d_model]]",[2323],23,post_attention_layernorm,,1,model.layers.23.post_attention_layernorm,aten.pow.Tensor_Scalar,[],decode,False
2325,post_attention_layernorm,,mean,"[[B, 1, d_model]]",,,"[[B, 1, 1]]",[2324],23,post_attention_layernorm,,1,model.layers.23.post_attention_layernorm,aten.mean.dim,[],decode,False
2326,post_attention_layernorm,,elementwise_add,"[[B, 1, 1]]",,,"[[B, 1, 1]]",[2325],23,post_attention_layernorm,,1,model.layers.23.post_attention_layernorm,aten.add.Tensor,[],decode,False
2327,post_attention_layernorm,,rsqrt,"[[B, 1, 1]]",,,"[[B, 1, 1]]",[2326],23,post_attention_layernorm,,1,model.layers.23.post_attention_layernorm,aten.rsqrt.default,[],decode,False
2328,post_attention_layernorm,,elementwise_mul,"[[B, 1, d_model], [B, 1, 1]]",,,"[[B, 1, d_model]]","[2323, 2327]",23,post_attention_layernorm,,1,model.layers.23.post_attention_layernorm,aten.mul.Tensor,[],decode,False
2329,post_attention_layernorm,,_to_copy,"[[B, 1, d_model]]",,,"[[B, 1, d_model]]",[2328],23,post_attention_layernorm,,1,model.layers.23.post_attention_layernorm,aten._to_copy.default,[],decode,True
2330,post_attention_layernorm,,elementwise_mul,"[[d_model], [B, 1, d_model]]",,,"[[B, 1, d_model]]",[2329],23,post_attention_layernorm,,1,model.layers.23.post_attention_layernorm,aten.mul.Tensor,[model.layers.23.post_attention_layernorm.weight],decode,False
2331,mlp,gate_proj,t,"[[d_ff, d_model]]","[d_ff, d_model]",0,"[[d_model, d_ff]]",[],23,mlp,gate_proj,2,model.layers.23.mlp.gate_proj,aten.t.default,[model.layers.23.mlp.gate_proj.weight],decode,True
2332,mlp,gate_proj,view,"[[B, 1, d_model]]",,,"[[B, d_model]]",[2330],23,mlp,gate_proj,2,model.layers.23.mlp.gate_proj,aten.view.default,[],decode,True
2333,mlp,gate_proj,matmul,"[[B, d_model], [d_model, d_ff]]","[d_ff, d_model]",1,"[[B, d_ff]]","[2331, 2332]",23,mlp,gate_proj,2,model.layers.23.mlp.gate_proj,aten.mm.default,[model.layers.23.mlp.gate_proj.weight],decode,False
2334,mlp,gate_proj,_unsafe_view,"[[B, d_ff]]",,,"[[B, 1, d_ff]]",[2333],23,mlp,gate_proj,2,model.layers.23.mlp.gate_proj,aten._unsafe_view.default,[],decode,True
2335,mlp,act_fn,silu,"[[B, 1, d_ff]]",,,"[[B, 1, d_ff]]",[2334],23,mlp,act_fn,2,model.layers.23.mlp.act_fn,aten.silu.default,[],decode,False
2336,mlp,up_proj,t,"[[d_ff, d_model]]","[d_ff, d_model]",0,"[[d_model, d_ff]]",[],23,mlp,up_proj,2,model.layers.23.mlp.up_proj,aten.t.default,[model.layers.23.mlp.up_proj.weight],decode,True
2337,mlp,up_proj,view,"[[B, 1, d_model]]",,,"[[B, d_model]]",[2330],23,mlp,up_proj,2,model.layers.23.mlp.up_proj,aten.view.default,[],decode,True
2338,mlp,up_proj,matmul,"[[B, d_model], [d_model, d_ff]]","[d_ff, d_model]",1,"[[B, d_ff]]","[2336, 2337]",23,mlp,up_proj,2,model.layers.23.mlp.up_proj,aten.mm.default,[model.layers.23.mlp.up_proj.weight],decode,False
2339,mlp,up_proj,_unsafe_view,"[[B, d_ff]]",,,"[[B, 1, d_ff]]",[2338],23,mlp,up_proj,2,model.layers.23.mlp.up_proj,aten._unsafe_view.default,[],decode,True
2340,mlp,,elementwise_mul,"[[B, 1, d_ff], [B, 1, d_ff]]",,,"[[B, 1, d_ff]]","[2335, 2339]",23,mlp,,1,model.layers.23.mlp,aten.mul.Tensor,[],decode,False
2341,mlp,down_proj,t,"[[d_model, d_ff]]","[d_model, d_ff]",0,"[[d_ff, d_model]]",[],23,mlp,down_proj,2,model.layers.23.mlp.down_proj,aten.t.default,[model.layers.23.mlp.down_proj.weight],decode,True
2342,mlp,down_proj,view,"[[B, 1, d_ff]]",,,"[[B, d_ff]]",[2340],23,mlp,down_proj,2,model.layers.23.mlp.down_proj,aten.view.default,[],decode,True
2343,mlp,down_proj,matmul,"[[B, d_ff], [d_ff, d_model]]","[d_model, d_ff]",1,"[[B, d_model]]","[2341, 2342]",23,mlp,down_proj,2,model.layers.23.mlp.down_proj,aten.mm.default,[model.layers.23.mlp.down_proj.weight],decode,False
2344,mlp,down_proj,_unsafe_view,"[[B, d_model]]",,,"[[B, 1, d_model]]",[2343],23,mlp,down_proj,2,model.layers.23.mlp.down_proj,aten._unsafe_view.default,[],decode,True
2345,,,elementwise_add,"[[B, 1, d_model], [B, 1, d_model]]",,,"[[B, 1, d_model]]","[2322, 2344]",23,,,0,model.layers.23,aten.add.Tensor,[],decode,False
2346,input_layernorm,,_to_copy,"[[B, 1, d_model]]",,,"[[B, 1, d_model]]",[2345],24,input_layernorm,,1,model.layers.24.input_layernorm,aten._to_copy.default,[],decode,True
2347,input_layernorm,,pow,"[[B, 1, d_model]]",,,"[[B, 1, d_model]]",[2346],24,input_layernorm,,1,model.layers.24.input_layernorm,aten.pow.Tensor_Scalar,[],decode,False
2348,input_layernorm,,mean,"[[B, 1, d_model]]",,,"[[B, 1, 1]]",[2347],24,input_layernorm,,1,model.layers.24.input_layernorm,aten.mean.dim,[],decode,False
2349,input_layernorm,,elementwise_add,"[[B, 1, 1]]",,,"[[B, 1, 1]]",[2348],24,input_layernorm,,1,model.layers.24.input_layernorm,aten.add.Tensor,[],decode,False
2350,input_layernorm,,rsqrt,"[[B, 1, 1]]",,,"[[B, 1, 1]]",[2349],24,input_layernorm,,1,model.layers.24.input_layernorm,aten.rsqrt.default,[],decode,False
2351,input_layernorm,,elementwise_mul,"[[B, 1, d_model], [B, 1, 1]]",,,"[[B, 1, d_model]]","[2346, 2350]",24,input_layernorm,,1,model.layers.24.input_layernorm,aten.mul.Tensor,[],decode,False
2352,input_layernorm,,_to_copy,"[[B, 1, d_model]]",,,"[[B, 1, d_model]]",[2351],24,input_layernorm,,1,model.layers.24.input_layernorm,aten._to_copy.default,[],decode,True
2353,input_layernorm,,elementwise_mul,"[[d_model], [B, 1, d_model]]",,,"[[B, 1, d_model]]",[2352],24,input_layernorm,,1,model.layers.24.input_layernorm,aten.mul.Tensor,[model.layers.24.input_layernorm.weight],decode,False
2354,self_attn,q_proj,t,"[[n_h*d_head, d_model]]","[n_h*d_head, d_model]",0,"[[d_model, n_h*d_head]]",[],24,self_attn,q_proj,2,model.layers.24.self_attn.q_proj,aten.t.default,[model.layers.24.self_attn.q_proj.weight],decode,True
2355,self_attn,q_proj,view,"[[B, 1, d_model]]",,,"[[B, d_model]]",[2353],24,self_attn,q_proj,2,model.layers.24.self_attn.q_proj,aten.view.default,[],decode,True
2356,self_attn,q_proj,matmul,"[[B, d_model], [d_model, n_h*d_head]]","[n_h*d_head, d_model]",1,"[[B, n_h*d_head]]","[2354, 2355]",24,self_attn,q_proj,2,model.layers.24.self_attn.q_proj,aten.mm.default,[model.layers.24.self_attn.q_proj.weight],decode,False
2357,self_attn,q_proj,_unsafe_view,"[[B, n_h*d_head]]",,,"[[B, 1, n_h*d_head]]",[2356],24,self_attn,q_proj,2,model.layers.24.self_attn.q_proj,aten._unsafe_view.default,[],decode,True
2358,self_attn,,view,"[[B, 1, n_h*d_head]]",,,"[[B, 1, n_h, d_head]]",[2357],24,self_attn,,1,model.layers.24.self_attn,aten.view.default,[],decode,True
2359,self_attn,,transpose,"[[B, 1, n_h, d_head]]",,,"[[B, n_h, 1, d_head]]",[2358],24,self_attn,,1,model.layers.24.self_attn,aten.transpose.int,[],decode,True
2360,self_attn,k_proj,t,"[[n_kv*d_head, d_model]]","[n_kv*d_head, d_model]",0,"[[d_model, n_kv*d_head]]",[],24,self_attn,k_proj,2,model.layers.24.self_attn.k_proj,aten.t.default,[model.layers.24.self_attn.k_proj.weight],decode,True
2361,self_attn,k_proj,view,"[[B, 1, d_model]]",,,"[[B, d_model]]",[2353],24,self_attn,k_proj,2,model.layers.24.self_attn.k_proj,aten.view.default,[],decode,True
2362,self_attn,k_proj,matmul,"[[B, d_model], [d_model, n_kv*d_head]]","[n_kv*d_head, d_model]",1,"[[B, n_kv*d_head]]","[2360, 2361]",24,self_attn,k_proj,2,model.layers.24.self_attn.k_proj,aten.mm.default,[model.layers.24.self_attn.k_proj.weight],decode,False
2363,self_attn,k_proj,_unsafe_view,"[[B, n_kv*d_head]]",,,"[[B, 1, n_kv*d_head]]",[2362],24,self_attn,k_proj,2,model.layers.24.self_attn.k_proj,aten._unsafe_view.default,[],decode,True
2364,self_attn,,view,"[[B, 1, n_kv*d_head]]",,,"[[B, 1, n_kv, d_head]]",[2363],24,self_attn,,1,model.layers.24.self_attn,aten.view.default,[],decode,True
2365,self_attn,,transpose,"[[B, 1, n_kv, d_head]]",,,"[[B, n_kv, 1, d_head]]",[2364],24,self_attn,,1,model.layers.24.self_attn,aten.transpose.int,[],decode,True
2366,self_attn,v_proj,t,"[[n_kv*d_head, d_model]]","[n_kv*d_head, d_model]",0,"[[d_model, n_kv*d_head]]",[],24,self_attn,v_proj,2,model.layers.24.self_attn.v_proj,aten.t.default,[model.layers.24.self_attn.v_proj.weight],decode,True
2367,self_attn,v_proj,view,"[[B, 1, d_model]]",,,"[[B, d_model]]",[2353],24,self_attn,v_proj,2,model.layers.24.self_attn.v_proj,aten.view.default,[],decode,True
2368,self_attn,v_proj,matmul,"[[B, d_model], [d_model, n_kv*d_head]]","[n_kv*d_head, d_model]",1,"[[B, n_kv*d_head]]","[2366, 2367]",24,self_attn,v_proj,2,model.layers.24.self_attn.v_proj,aten.mm.default,[model.layers.24.self_attn.v_proj.weight],decode,False
2369,self_attn,v_proj,_unsafe_view,"[[B, n_kv*d_head]]",,,"[[B, 1, n_kv*d_head]]",[2368],24,self_attn,v_proj,2,model.layers.24.self_attn.v_proj,aten._unsafe_view.default,[],decode,True
2370,self_attn,,view,"[[B, 1, n_kv*d_head]]",,,"[[B, 1, n_kv, d_head]]",[2369],24,self_attn,,1,model.layers.24.self_attn,aten.view.default,[],decode,True
2371,self_attn,,transpose,"[[B, 1, n_kv, d_head]]",,,"[[B, n_kv, 1, d_head]]",[2370],24,self_attn,,1,model.layers.24.self_attn,aten.transpose.int,[],decode,True
2372,self_attn,,unsqueeze,"[[B, 1, d_head]]",,,"[[B, 1, 1, d_head]]",[40],24,self_attn,,1,model.layers.24.self_attn,aten.unsqueeze.default,[],decode,True
2373,self_attn,,unsqueeze,"[[B, 1, d_head]]",,,"[[B, 1, 1, d_head]]",[41],24,self_attn,,1,model.layers.24.self_attn,aten.unsqueeze.default,[],decode,True
2374,self_attn,,elementwise_mul,"[[B, n_h, 1, d_head], [B, 1, 1, d_head]]",,,"[[B, n_h, 1, d_head]]","[2359, 2372]",24,self_attn,,1,model.layers.24.self_attn,aten.mul.Tensor,[],decode,False
2375,self_attn,,slice,"[[B, n_h, 1, d_head]]",,,"[[B, n_h, 1, d_head/2]]",[2359],24,self_attn,,1,model.layers.24.self_attn,aten.slice.Tensor,[],decode,True
2376,self_attn,,slice,"[[B, n_h, 1, d_head]]",,,"[[B, n_h, 1, d_head/2]]",[2359],24,self_attn,,1,model.layers.24.self_attn,aten.slice.Tensor,[],decode,True
2377,self_attn,,neg,"[[B, n_h, 1, d_head/2]]",,,"[[B, n_h, 1, d_head/2]]",[2376],24,self_attn,,1,model.layers.24.self_attn,aten.neg.default,[],decode,False
2378,self_attn,,concat,"[[B, n_h, 1, d_head/2], [B, n_h, 1, d_head/2]]",,,"[[B, n_h, 1, d_head]]","[2375, 2377]",24,self_attn,,1,model.layers.24.self_attn,aten.cat.default,[],decode,False
2379,self_attn,,elementwise_mul,"[[B, n_h, 1, d_head], [B, 1, 1, d_head]]",,,"[[B, n_h, 1, d_head]]","[2373, 2378]",24,self_attn,,1,model.layers.24.self_attn,aten.mul.Tensor,[],decode,False
2380,self_attn,,elementwise_add,"[[B, n_h, 1, d_head], [B, n_h, 1, d_head]]",,,"[[B, n_h, 1, d_head]]","[2374, 2379]",24,self_attn,,1,model.layers.24.self_attn,aten.add.Tensor,[],decode,False
2381,self_attn,,elementwise_mul,"[[B, n_kv, 1, d_head], [B, 1, 1, d_head]]",,,"[[B, n_kv, 1, d_head]]","[2365, 2372]",24,self_attn,,1,model.layers.24.self_attn,aten.mul.Tensor,[],decode,False
2382,self_attn,,slice,"[[B, n_kv, 1, d_head]]",,,"[[B, n_kv, 1, d_head/2]]",[2365],24,self_attn,,1,model.layers.24.self_attn,aten.slice.Tensor,[],decode,True
2383,self_attn,,slice,"[[B, n_kv, 1, d_head]]",,,"[[B, n_kv, 1, d_head/2]]",[2365],24,self_attn,,1,model.layers.24.self_attn,aten.slice.Tensor,[],decode,True
2384,self_attn,,neg,"[[B, n_kv, 1, d_head/2]]",,,"[[B, n_kv, 1, d_head/2]]",[2383],24,self_attn,,1,model.layers.24.self_attn,aten.neg.default,[],decode,False
2385,self_attn,,concat,"[[B, n_kv, 1, d_head/2], [B, n_kv, 1, d_head/2]]",,,"[[B, n_kv, 1, d_head]]","[2382, 2384]",24,self_attn,,1,model.layers.24.self_attn,aten.cat.default,[],decode,False
2386,self_attn,,elementwise_mul,"[[B, n_kv, 1, d_head], [B, 1, 1, d_head]]",,,"[[B, n_kv, 1, d_head]]","[2373, 2385]",24,self_attn,,1,model.layers.24.self_attn,aten.mul.Tensor,[],decode,False
2387,self_attn,,elementwise_add,"[[B, n_kv, 1, d_head], [B, n_kv, 1, d_head]]",,,"[[B, n_kv, 1, d_head]]","[2381, 2386]",24,self_attn,,1,model.layers.24.self_attn,aten.add.Tensor,[],decode,False
2388,self_attn,,concat,"[[B, n_kv, T, d_head], [B, n_kv, 1, d_head]]",,,"[[B, n_kv, T+1, d_head]]",[2387],24,self_attn,,1,model.layers.24.self_attn,aten.cat.default,[],decode,False
2389,self_attn,,concat,"[[B, n_kv, T, d_head], [B, n_kv, 1, d_head]]",,,"[[B, n_kv, T+1, d_head]]",[2371],24,self_attn,,1,model.layers.24.self_attn,aten.cat.default,[],decode,False
2390,self_attn,,unsqueeze,"[[B, n_kv, T+1, d_head]]",,,"[[B, n_kv, 1, T+1, d_head]]",[2388],24,self_attn,,1,model.layers.24.self_attn,aten.unsqueeze.default,[],decode,True
2391,self_attn,,expand,"[[B, n_kv, 1, T+1, d_head]]",,,"[[B, n_kv, n_h/n_kv, T+1, d_head]]",[2390],24,self_attn,,1,model.layers.24.self_attn,aten.expand.default,[],decode,True
2392,self_attn,,clone,"[[B, n_kv, n_h/n_kv, T+1, d_head]]",,,"[[B, n_kv, n_h/n_kv, T+1, d_head]]",[2391],24,self_attn,,1,model.layers.24.self_attn,aten.clone.default,[],decode,True
2393,self_attn,,_unsafe_view,"[[B, n_kv, n_h/n_kv, T+1, d_head]]",,,"[[B, n_h, T+1, d_head]]",[2392],24,self_attn,,1,model.layers.24.self_attn,aten._unsafe_view.default,[],decode,True
2394,self_attn,,unsqueeze,"[[B, n_kv, T+1, d_head]]",,,"[[B, n_kv, 1, T+1, d_head]]",[2389],24,self_attn,,1,model.layers.24.self_attn,aten.unsqueeze.default,[],decode,True
2395,self_attn,,expand,"[[B, n_kv, 1, T+1, d_head]]",,,"[[B, n_kv, n_h/n_kv, T+1, d_head]]",[2394],24,self_attn,,1,model.layers.24.self_attn,aten.expand.default,[],decode,True
2396,self_attn,,clone,"[[B, n_kv, n_h/n_kv, T+1, d_head]]",,,"[[B, n_kv, n_h/n_kv, T+1, d_head]]",[2395],24,self_attn,,1,model.layers.24.self_attn,aten.clone.default,[],decode,True
2397,self_attn,,_unsafe_view,"[[B, n_kv, n_h/n_kv, T+1, d_head]]",,,"[[B, n_h, T+1, d_head]]",[2396],24,self_attn,,1,model.layers.24.self_attn,aten._unsafe_view.default,[],decode,True
2398,self_attn,,transpose,"[[B, n_h, T+1, d_head]]",,,"[[B, n_h, d_head, T+1]]",[2393],24,self_attn,,1,model.layers.24.self_attn,aten.transpose.int,[],decode,True
2399,self_attn,,expand,"[[B, n_h, 1, d_head]]",,,"[[B, n_h, 1, d_head]]",[2380],24,self_attn,,1,model.layers.24.self_attn,aten.expand.default,[],decode,True
2400,self_attn,,view,"[[B, n_h, 1, d_head]]",,,"[[n_h, B, d_head]]",[2399],24,self_attn,,1,model.layers.24.self_attn,aten.view.default,[],decode,True
2401,self_attn,,expand,"[[B, n_h, d_head, T+1]]",,,"[[B, n_h, d_head, T+1]]",[2398],24,self_attn,,1,model.layers.24.self_attn,aten.expand.default,[],decode,True
2402,self_attn,,view,"[[B, n_h, d_head, T+1]]",,,"[[n_h, d_head, T+1]]",[2401],24,self_attn,,1,model.layers.24.self_attn,aten.view.default,[],decode,True
2403,self_attn,,batched_matmul,"[[n_h, B, d_head], [n_h, d_head, T+1]]",,,"[[n_h, B, T+1]]","[2400, 2402]",24,self_attn,,1,model.layers.24.self_attn,aten.bmm.default,[],decode,False
2404,self_attn,,_unsafe_view,"[[n_h, B, T+1]]",,,"[[B, n_h, 1, T+1]]",[2403],24,self_attn,,1,model.layers.24.self_attn,aten._unsafe_view.default,[],decode,True
2405,self_attn,,elementwise_mul,"[[B, n_h, 1, T+1]]",,,"[[B, n_h, 1, T+1]]",[2404],24,self_attn,,1,model.layers.24.self_attn,aten.mul.Tensor,[],decode,False
2406,self_attn,,elementwise_add,"[[B, n_h, 1, T+1], [B, 1, 1, T+1]]",,,"[[B, n_h, 1, T+1]]","[22, 2405]",24,self_attn,,1,model.layers.24.self_attn,aten.add.Tensor,[],decode,False
2407,self_attn,,_to_copy,"[[B, n_h, 1, T+1]]",,,"[[B, n_h, 1, T+1]]",[2406],24,self_attn,,1,model.layers.24.self_attn,aten._to_copy.default,[],decode,True
2408,self_attn,,softmax,"[[B, n_h, 1, T+1]]",,,"[[B, n_h, 1, T+1]]",[2407],24,self_attn,,1,model.layers.24.self_attn,aten._softmax.default,[],decode,False
2409,self_attn,,_to_copy,"[[B, n_h, 1, T+1]]",,,"[[B, n_h, 1, T+1]]",[2408],24,self_attn,,1,model.layers.24.self_attn,aten._to_copy.default,[],decode,True
2410,self_attn,,expand,"[[B, n_h, 1, T+1]]",,,"[[B, n_h, 1, T+1]]",[2409],24,self_attn,,1,model.layers.24.self_attn,aten.expand.default,[],decode,True
2411,self_attn,,view,"[[B, n_h, 1, T+1]]",,,"[[n_h, B, T+1]]",[2410],24,self_attn,,1,model.layers.24.self_attn,aten.view.default,[],decode,True
2412,self_attn,,expand,"[[B, n_h, T+1, d_head]]",,,"[[B, n_h, T+1, d_head]]",[2397],24,self_attn,,1,model.layers.24.self_attn,aten.expand.default,[],decode,True
2413,self_attn,,view,"[[B, n_h, T+1, d_head]]",,,"[[n_h, T+1, d_head]]",[2412],24,self_attn,,1,model.layers.24.self_attn,aten.view.default,[],decode,True
2414,self_attn,,batched_matmul,"[[n_h, B, T+1], [n_h, T+1, d_head]]",,,"[[n_h, B, d_head]]","[2411, 2413]",24,self_attn,,1,model.layers.24.self_attn,aten.bmm.default,[],decode,False
2415,self_attn,,_unsafe_view,"[[n_h, B, d_head]]",,,"[[B, n_h, 1, d_head]]",[2414],24,self_attn,,1,model.layers.24.self_attn,aten._unsafe_view.default,[],decode,True
2416,self_attn,,transpose,"[[B, n_h, 1, d_head]]",,,"[[B, 1, n_h, d_head]]",[2415],24,self_attn,,1,model.layers.24.self_attn,aten.transpose.int,[],decode,True
2417,self_attn,,view,"[[B, 1, n_h, d_head]]",,,"[[B, 1, n_h*d_head]]",[2416],24,self_attn,,1,model.layers.24.self_attn,aten.view.default,[],decode,True
2418,self_attn,o_proj,t,"[[d_model, n_h*d_head]]","[d_model, n_h*d_head]",0,"[[n_h*d_head, d_model]]",[],24,self_attn,o_proj,2,model.layers.24.self_attn.o_proj,aten.t.default,[model.layers.24.self_attn.o_proj.weight],decode,True
2419,self_attn,o_proj,view,"[[B, 1, n_h*d_head]]",,,"[[B, n_h*d_head]]",[2417],24,self_attn,o_proj,2,model.layers.24.self_attn.o_proj,aten.view.default,[],decode,True
2420,self_attn,o_proj,matmul,"[[B, n_h*d_head], [n_h*d_head, d_model]]","[d_model, n_h*d_head]",1,"[[B, d_model]]","[2418, 2419]",24,self_attn,o_proj,2,model.layers.24.self_attn.o_proj,aten.mm.default,[model.layers.24.self_attn.o_proj.weight],decode,False
2421,self_attn,o_proj,_unsafe_view,"[[B, d_model]]",,,"[[B, 1, d_model]]",[2420],24,self_attn,o_proj,2,model.layers.24.self_attn.o_proj,aten._unsafe_view.default,[],decode,True
2422,,,elementwise_add,"[[B, 1, d_model], [B, 1, d_model]]",,,"[[B, 1, d_model]]","[2345, 2421]",24,,,0,model.layers.24,aten.add.Tensor,[],decode,False
2423,post_attention_layernorm,,_to_copy,"[[B, 1, d_model]]",,,"[[B, 1, d_model]]",[2422],24,post_attention_layernorm,,1,model.layers.24.post_attention_layernorm,aten._to_copy.default,[],decode,True
2424,post_attention_layernorm,,pow,"[[B, 1, d_model]]",,,"[[B, 1, d_model]]",[2423],24,post_attention_layernorm,,1,model.layers.24.post_attention_layernorm,aten.pow.Tensor_Scalar,[],decode,False
2425,post_attention_layernorm,,mean,"[[B, 1, d_model]]",,,"[[B, 1, 1]]",[2424],24,post_attention_layernorm,,1,model.layers.24.post_attention_layernorm,aten.mean.dim,[],decode,False
2426,post_attention_layernorm,,elementwise_add,"[[B, 1, 1]]",,,"[[B, 1, 1]]",[2425],24,post_attention_layernorm,,1,model.layers.24.post_attention_layernorm,aten.add.Tensor,[],decode,False
2427,post_attention_layernorm,,rsqrt,"[[B, 1, 1]]",,,"[[B, 1, 1]]",[2426],24,post_attention_layernorm,,1,model.layers.24.post_attention_layernorm,aten.rsqrt.default,[],decode,False
2428,post_attention_layernorm,,elementwise_mul,"[[B, 1, d_model], [B, 1, 1]]",,,"[[B, 1, d_model]]","[2423, 2427]",24,post_attention_layernorm,,1,model.layers.24.post_attention_layernorm,aten.mul.Tensor,[],decode,False
2429,post_attention_layernorm,,_to_copy,"[[B, 1, d_model]]",,,"[[B, 1, d_model]]",[2428],24,post_attention_layernorm,,1,model.layers.24.post_attention_layernorm,aten._to_copy.default,[],decode,True
2430,post_attention_layernorm,,elementwise_mul,"[[d_model], [B, 1, d_model]]",,,"[[B, 1, d_model]]",[2429],24,post_attention_layernorm,,1,model.layers.24.post_attention_layernorm,aten.mul.Tensor,[model.layers.24.post_attention_layernorm.weight],decode,False
2431,mlp,gate_proj,t,"[[d_ff, d_model]]","[d_ff, d_model]",0,"[[d_model, d_ff]]",[],24,mlp,gate_proj,2,model.layers.24.mlp.gate_proj,aten.t.default,[model.layers.24.mlp.gate_proj.weight],decode,True
2432,mlp,gate_proj,view,"[[B, 1, d_model]]",,,"[[B, d_model]]",[2430],24,mlp,gate_proj,2,model.layers.24.mlp.gate_proj,aten.view.default,[],decode,True
2433,mlp,gate_proj,matmul,"[[B, d_model], [d_model, d_ff]]","[d_ff, d_model]",1,"[[B, d_ff]]","[2431, 2432]",24,mlp,gate_proj,2,model.layers.24.mlp.gate_proj,aten.mm.default,[model.layers.24.mlp.gate_proj.weight],decode,False
2434,mlp,gate_proj,_unsafe_view,"[[B, d_ff]]",,,"[[B, 1, d_ff]]",[2433],24,mlp,gate_proj,2,model.layers.24.mlp.gate_proj,aten._unsafe_view.default,[],decode,True
2435,mlp,act_fn,silu,"[[B, 1, d_ff]]",,,"[[B, 1, d_ff]]",[2434],24,mlp,act_fn,2,model.layers.24.mlp.act_fn,aten.silu.default,[],decode,False
2436,mlp,up_proj,t,"[[d_ff, d_model]]","[d_ff, d_model]",0,"[[d_model, d_ff]]",[],24,mlp,up_proj,2,model.layers.24.mlp.up_proj,aten.t.default,[model.layers.24.mlp.up_proj.weight],decode,True
2437,mlp,up_proj,view,"[[B, 1, d_model]]",,,"[[B, d_model]]",[2430],24,mlp,up_proj,2,model.layers.24.mlp.up_proj,aten.view.default,[],decode,True
2438,mlp,up_proj,matmul,"[[B, d_model], [d_model, d_ff]]","[d_ff, d_model]",1,"[[B, d_ff]]","[2436, 2437]",24,mlp,up_proj,2,model.layers.24.mlp.up_proj,aten.mm.default,[model.layers.24.mlp.up_proj.weight],decode,False
2439,mlp,up_proj,_unsafe_view,"[[B, d_ff]]",,,"[[B, 1, d_ff]]",[2438],24,mlp,up_proj,2,model.layers.24.mlp.up_proj,aten._unsafe_view.default,[],decode,True
2440,mlp,,elementwise_mul,"[[B, 1, d_ff], [B, 1, d_ff]]",,,"[[B, 1, d_ff]]","[2435, 2439]",24,mlp,,1,model.layers.24.mlp,aten.mul.Tensor,[],decode,False
2441,mlp,down_proj,t,"[[d_model, d_ff]]","[d_model, d_ff]",0,"[[d_ff, d_model]]",[],24,mlp,down_proj,2,model.layers.24.mlp.down_proj,aten.t.default,[model.layers.24.mlp.down_proj.weight],decode,True
2442,mlp,down_proj,view,"[[B, 1, d_ff]]",,,"[[B, d_ff]]",[2440],24,mlp,down_proj,2,model.layers.24.mlp.down_proj,aten.view.default,[],decode,True
2443,mlp,down_proj,matmul,"[[B, d_ff], [d_ff, d_model]]","[d_model, d_ff]",1,"[[B, d_model]]","[2441, 2442]",24,mlp,down_proj,2,model.layers.24.mlp.down_proj,aten.mm.default,[model.layers.24.mlp.down_proj.weight],decode,False
2444,mlp,down_proj,_unsafe_view,"[[B, d_model]]",,,"[[B, 1, d_model]]",[2443],24,mlp,down_proj,2,model.layers.24.mlp.down_proj,aten._unsafe_view.default,[],decode,True
2445,,,elementwise_add,"[[B, 1, d_model], [B, 1, d_model]]",,,"[[B, 1, d_model]]","[2422, 2444]",24,,,0,model.layers.24,aten.add.Tensor,[],decode,False
2446,input_layernorm,,_to_copy,"[[B, 1, d_model]]",,,"[[B, 1, d_model]]",[2445],25,input_layernorm,,1,model.layers.25.input_layernorm,aten._to_copy.default,[],decode,True
2447,input_layernorm,,pow,"[[B, 1, d_model]]",,,"[[B, 1, d_model]]",[2446],25,input_layernorm,,1,model.layers.25.input_layernorm,aten.pow.Tensor_Scalar,[],decode,False
2448,input_layernorm,,mean,"[[B, 1, d_model]]",,,"[[B, 1, 1]]",[2447],25,input_layernorm,,1,model.layers.25.input_layernorm,aten.mean.dim,[],decode,False
2449,input_layernorm,,elementwise_add,"[[B, 1, 1]]",,,"[[B, 1, 1]]",[2448],25,input_layernorm,,1,model.layers.25.input_layernorm,aten.add.Tensor,[],decode,False
2450,input_layernorm,,rsqrt,"[[B, 1, 1]]",,,"[[B, 1, 1]]",[2449],25,input_layernorm,,1,model.layers.25.input_layernorm,aten.rsqrt.default,[],decode,False
2451,input_layernorm,,elementwise_mul,"[[B, 1, d_model], [B, 1, 1]]",,,"[[B, 1, d_model]]","[2446, 2450]",25,input_layernorm,,1,model.layers.25.input_layernorm,aten.mul.Tensor,[],decode,False
2452,input_layernorm,,_to_copy,"[[B, 1, d_model]]",,,"[[B, 1, d_model]]",[2451],25,input_layernorm,,1,model.layers.25.input_layernorm,aten._to_copy.default,[],decode,True
2453,input_layernorm,,elementwise_mul,"[[d_model], [B, 1, d_model]]",,,"[[B, 1, d_model]]",[2452],25,input_layernorm,,1,model.layers.25.input_layernorm,aten.mul.Tensor,[model.layers.25.input_layernorm.weight],decode,False
2454,self_attn,q_proj,t,"[[n_h*d_head, d_model]]","[n_h*d_head, d_model]",0,"[[d_model, n_h*d_head]]",[],25,self_attn,q_proj,2,model.layers.25.self_attn.q_proj,aten.t.default,[model.layers.25.self_attn.q_proj.weight],decode,True
2455,self_attn,q_proj,view,"[[B, 1, d_model]]",,,"[[B, d_model]]",[2453],25,self_attn,q_proj,2,model.layers.25.self_attn.q_proj,aten.view.default,[],decode,True
2456,self_attn,q_proj,matmul,"[[B, d_model], [d_model, n_h*d_head]]","[n_h*d_head, d_model]",1,"[[B, n_h*d_head]]","[2454, 2455]",25,self_attn,q_proj,2,model.layers.25.self_attn.q_proj,aten.mm.default,[model.layers.25.self_attn.q_proj.weight],decode,False
2457,self_attn,q_proj,_unsafe_view,"[[B, n_h*d_head]]",,,"[[B, 1, n_h*d_head]]",[2456],25,self_attn,q_proj,2,model.layers.25.self_attn.q_proj,aten._unsafe_view.default,[],decode,True
2458,self_attn,,view,"[[B, 1, n_h*d_head]]",,,"[[B, 1, n_h, d_head]]",[2457],25,self_attn,,1,model.layers.25.self_attn,aten.view.default,[],decode,True
2459,self_attn,,transpose,"[[B, 1, n_h, d_head]]",,,"[[B, n_h, 1, d_head]]",[2458],25,self_attn,,1,model.layers.25.self_attn,aten.transpose.int,[],decode,True
2460,self_attn,k_proj,t,"[[n_kv*d_head, d_model]]","[n_kv*d_head, d_model]",0,"[[d_model, n_kv*d_head]]",[],25,self_attn,k_proj,2,model.layers.25.self_attn.k_proj,aten.t.default,[model.layers.25.self_attn.k_proj.weight],decode,True
2461,self_attn,k_proj,view,"[[B, 1, d_model]]",,,"[[B, d_model]]",[2453],25,self_attn,k_proj,2,model.layers.25.self_attn.k_proj,aten.view.default,[],decode,True
2462,self_attn,k_proj,matmul,"[[B, d_model], [d_model, n_kv*d_head]]","[n_kv*d_head, d_model]",1,"[[B, n_kv*d_head]]","[2460, 2461]",25,self_attn,k_proj,2,model.layers.25.self_attn.k_proj,aten.mm.default,[model.layers.25.self_attn.k_proj.weight],decode,False
2463,self_attn,k_proj,_unsafe_view,"[[B, n_kv*d_head]]",,,"[[B, 1, n_kv*d_head]]",[2462],25,self_attn,k_proj,2,model.layers.25.self_attn.k_proj,aten._unsafe_view.default,[],decode,True
2464,self_attn,,view,"[[B, 1, n_kv*d_head]]",,,"[[B, 1, n_kv, d_head]]",[2463],25,self_attn,,1,model.layers.25.self_attn,aten.view.default,[],decode,True
2465,self_attn,,transpose,"[[B, 1, n_kv, d_head]]",,,"[[B, n_kv, 1, d_head]]",[2464],25,self_attn,,1,model.layers.25.self_attn,aten.transpose.int,[],decode,True
2466,self_attn,v_proj,t,"[[n_kv*d_head, d_model]]","[n_kv*d_head, d_model]",0,"[[d_model, n_kv*d_head]]",[],25,self_attn,v_proj,2,model.layers.25.self_attn.v_proj,aten.t.default,[model.layers.25.self_attn.v_proj.weight],decode,True
2467,self_attn,v_proj,view,"[[B, 1, d_model]]",,,"[[B, d_model]]",[2453],25,self_attn,v_proj,2,model.layers.25.self_attn.v_proj,aten.view.default,[],decode,True
2468,self_attn,v_proj,matmul,"[[B, d_model], [d_model, n_kv*d_head]]","[n_kv*d_head, d_model]",1,"[[B, n_kv*d_head]]","[2466, 2467]",25,self_attn,v_proj,2,model.layers.25.self_attn.v_proj,aten.mm.default,[model.layers.25.self_attn.v_proj.weight],decode,False
2469,self_attn,v_proj,_unsafe_view,"[[B, n_kv*d_head]]",,,"[[B, 1, n_kv*d_head]]",[2468],25,self_attn,v_proj,2,model.layers.25.self_attn.v_proj,aten._unsafe_view.default,[],decode,True
2470,self_attn,,view,"[[B, 1, n_kv*d_head]]",,,"[[B, 1, n_kv, d_head]]",[2469],25,self_attn,,1,model.layers.25.self_attn,aten.view.default,[],decode,True
2471,self_attn,,transpose,"[[B, 1, n_kv, d_head]]",,,"[[B, n_kv, 1, d_head]]",[2470],25,self_attn,,1,model.layers.25.self_attn,aten.transpose.int,[],decode,True
2472,self_attn,,unsqueeze,"[[B, 1, d_head]]",,,"[[B, 1, 1, d_head]]",[40],25,self_attn,,1,model.layers.25.self_attn,aten.unsqueeze.default,[],decode,True
2473,self_attn,,unsqueeze,"[[B, 1, d_head]]",,,"[[B, 1, 1, d_head]]",[41],25,self_attn,,1,model.layers.25.self_attn,aten.unsqueeze.default,[],decode,True
2474,self_attn,,elementwise_mul,"[[B, n_h, 1, d_head], [B, 1, 1, d_head]]",,,"[[B, n_h, 1, d_head]]","[2459, 2472]",25,self_attn,,1,model.layers.25.self_attn,aten.mul.Tensor,[],decode,False
2475,self_attn,,slice,"[[B, n_h, 1, d_head]]",,,"[[B, n_h, 1, d_head/2]]",[2459],25,self_attn,,1,model.layers.25.self_attn,aten.slice.Tensor,[],decode,True
2476,self_attn,,slice,"[[B, n_h, 1, d_head]]",,,"[[B, n_h, 1, d_head/2]]",[2459],25,self_attn,,1,model.layers.25.self_attn,aten.slice.Tensor,[],decode,True
2477,self_attn,,neg,"[[B, n_h, 1, d_head/2]]",,,"[[B, n_h, 1, d_head/2]]",[2476],25,self_attn,,1,model.layers.25.self_attn,aten.neg.default,[],decode,False
2478,self_attn,,concat,"[[B, n_h, 1, d_head/2], [B, n_h, 1, d_head/2]]",,,"[[B, n_h, 1, d_head]]","[2475, 2477]",25,self_attn,,1,model.layers.25.self_attn,aten.cat.default,[],decode,False
2479,self_attn,,elementwise_mul,"[[B, n_h, 1, d_head], [B, 1, 1, d_head]]",,,"[[B, n_h, 1, d_head]]","[2473, 2478]",25,self_attn,,1,model.layers.25.self_attn,aten.mul.Tensor,[],decode,False
2480,self_attn,,elementwise_add,"[[B, n_h, 1, d_head], [B, n_h, 1, d_head]]",,,"[[B, n_h, 1, d_head]]","[2474, 2479]",25,self_attn,,1,model.layers.25.self_attn,aten.add.Tensor,[],decode,False
2481,self_attn,,elementwise_mul,"[[B, n_kv, 1, d_head], [B, 1, 1, d_head]]",,,"[[B, n_kv, 1, d_head]]","[2465, 2472]",25,self_attn,,1,model.layers.25.self_attn,aten.mul.Tensor,[],decode,False
2482,self_attn,,slice,"[[B, n_kv, 1, d_head]]",,,"[[B, n_kv, 1, d_head/2]]",[2465],25,self_attn,,1,model.layers.25.self_attn,aten.slice.Tensor,[],decode,True
2483,self_attn,,slice,"[[B, n_kv, 1, d_head]]",,,"[[B, n_kv, 1, d_head/2]]",[2465],25,self_attn,,1,model.layers.25.self_attn,aten.slice.Tensor,[],decode,True
2484,self_attn,,neg,"[[B, n_kv, 1, d_head/2]]",,,"[[B, n_kv, 1, d_head/2]]",[2483],25,self_attn,,1,model.layers.25.self_attn,aten.neg.default,[],decode,False
2485,self_attn,,concat,"[[B, n_kv, 1, d_head/2], [B, n_kv, 1, d_head/2]]",,,"[[B, n_kv, 1, d_head]]","[2482, 2484]",25,self_attn,,1,model.layers.25.self_attn,aten.cat.default,[],decode,False
2486,self_attn,,elementwise_mul,"[[B, n_kv, 1, d_head], [B, 1, 1, d_head]]",,,"[[B, n_kv, 1, d_head]]","[2473, 2485]",25,self_attn,,1,model.layers.25.self_attn,aten.mul.Tensor,[],decode,False
2487,self_attn,,elementwise_add,"[[B, n_kv, 1, d_head], [B, n_kv, 1, d_head]]",,,"[[B, n_kv, 1, d_head]]","[2481, 2486]",25,self_attn,,1,model.layers.25.self_attn,aten.add.Tensor,[],decode,False
2488,self_attn,,concat,"[[B, n_kv, T, d_head], [B, n_kv, 1, d_head]]",,,"[[B, n_kv, T+1, d_head]]",[2487],25,self_attn,,1,model.layers.25.self_attn,aten.cat.default,[],decode,False
2489,self_attn,,concat,"[[B, n_kv, T, d_head], [B, n_kv, 1, d_head]]",,,"[[B, n_kv, T+1, d_head]]",[2471],25,self_attn,,1,model.layers.25.self_attn,aten.cat.default,[],decode,False
2490,self_attn,,unsqueeze,"[[B, n_kv, T+1, d_head]]",,,"[[B, n_kv, 1, T+1, d_head]]",[2488],25,self_attn,,1,model.layers.25.self_attn,aten.unsqueeze.default,[],decode,True
2491,self_attn,,expand,"[[B, n_kv, 1, T+1, d_head]]",,,"[[B, n_kv, n_h/n_kv, T+1, d_head]]",[2490],25,self_attn,,1,model.layers.25.self_attn,aten.expand.default,[],decode,True
2492,self_attn,,clone,"[[B, n_kv, n_h/n_kv, T+1, d_head]]",,,"[[B, n_kv, n_h/n_kv, T+1, d_head]]",[2491],25,self_attn,,1,model.layers.25.self_attn,aten.clone.default,[],decode,True
2493,self_attn,,_unsafe_view,"[[B, n_kv, n_h/n_kv, T+1, d_head]]",,,"[[B, n_h, T+1, d_head]]",[2492],25,self_attn,,1,model.layers.25.self_attn,aten._unsafe_view.default,[],decode,True
2494,self_attn,,unsqueeze,"[[B, n_kv, T+1, d_head]]",,,"[[B, n_kv, 1, T+1, d_head]]",[2489],25,self_attn,,1,model.layers.25.self_attn,aten.unsqueeze.default,[],decode,True
2495,self_attn,,expand,"[[B, n_kv, 1, T+1, d_head]]",,,"[[B, n_kv, n_h/n_kv, T+1, d_head]]",[2494],25,self_attn,,1,model.layers.25.self_attn,aten.expand.default,[],decode,True
2496,self_attn,,clone,"[[B, n_kv, n_h/n_kv, T+1, d_head]]",,,"[[B, n_kv, n_h/n_kv, T+1, d_head]]",[2495],25,self_attn,,1,model.layers.25.self_attn,aten.clone.default,[],decode,True
2497,self_attn,,_unsafe_view,"[[B, n_kv, n_h/n_kv, T+1, d_head]]",,,"[[B, n_h, T+1, d_head]]",[2496],25,self_attn,,1,model.layers.25.self_attn,aten._unsafe_view.default,[],decode,True
2498,self_attn,,transpose,"[[B, n_h, T+1, d_head]]",,,"[[B, n_h, d_head, T+1]]",[2493],25,self_attn,,1,model.layers.25.self_attn,aten.transpose.int,[],decode,True
2499,self_attn,,expand,"[[B, n_h, 1, d_head]]",,,"[[B, n_h, 1, d_head]]",[2480],25,self_attn,,1,model.layers.25.self_attn,aten.expand.default,[],decode,True
2500,self_attn,,view,"[[B, n_h, 1, d_head]]",,,"[[n_h, B, d_head]]",[2499],25,self_attn,,1,model.layers.25.self_attn,aten.view.default,[],decode,True
2501,self_attn,,expand,"[[B, n_h, d_head, T+1]]",,,"[[B, n_h, d_head, T+1]]",[2498],25,self_attn,,1,model.layers.25.self_attn,aten.expand.default,[],decode,True
2502,self_attn,,view,"[[B, n_h, d_head, T+1]]",,,"[[n_h, d_head, T+1]]",[2501],25,self_attn,,1,model.layers.25.self_attn,aten.view.default,[],decode,True
2503,self_attn,,batched_matmul,"[[n_h, B, d_head], [n_h, d_head, T+1]]",,,"[[n_h, B, T+1]]","[2500, 2502]",25,self_attn,,1,model.layers.25.self_attn,aten.bmm.default,[],decode,False
2504,self_attn,,_unsafe_view,"[[n_h, B, T+1]]",,,"[[B, n_h, 1, T+1]]",[2503],25,self_attn,,1,model.layers.25.self_attn,aten._unsafe_view.default,[],decode,True
2505,self_attn,,elementwise_mul,"[[B, n_h, 1, T+1]]",,,"[[B, n_h, 1, T+1]]",[2504],25,self_attn,,1,model.layers.25.self_attn,aten.mul.Tensor,[],decode,False
2506,self_attn,,elementwise_add,"[[B, n_h, 1, T+1], [B, 1, 1, T+1]]",,,"[[B, n_h, 1, T+1]]","[22, 2505]",25,self_attn,,1,model.layers.25.self_attn,aten.add.Tensor,[],decode,False
2507,self_attn,,_to_copy,"[[B, n_h, 1, T+1]]",,,"[[B, n_h, 1, T+1]]",[2506],25,self_attn,,1,model.layers.25.self_attn,aten._to_copy.default,[],decode,True
2508,self_attn,,softmax,"[[B, n_h, 1, T+1]]",,,"[[B, n_h, 1, T+1]]",[2507],25,self_attn,,1,model.layers.25.self_attn,aten._softmax.default,[],decode,False
2509,self_attn,,_to_copy,"[[B, n_h, 1, T+1]]",,,"[[B, n_h, 1, T+1]]",[2508],25,self_attn,,1,model.layers.25.self_attn,aten._to_copy.default,[],decode,True
2510,self_attn,,expand,"[[B, n_h, 1, T+1]]",,,"[[B, n_h, 1, T+1]]",[2509],25,self_attn,,1,model.layers.25.self_attn,aten.expand.default,[],decode,True
2511,self_attn,,view,"[[B, n_h, 1, T+1]]",,,"[[n_h, B, T+1]]",[2510],25,self_attn,,1,model.layers.25.self_attn,aten.view.default,[],decode,True
2512,self_attn,,expand,"[[B, n_h, T+1, d_head]]",,,"[[B, n_h, T+1, d_head]]",[2497],25,self_attn,,1,model.layers.25.self_attn,aten.expand.default,[],decode,True
2513,self_attn,,view,"[[B, n_h, T+1, d_head]]",,,"[[n_h, T+1, d_head]]",[2512],25,self_attn,,1,model.layers.25.self_attn,aten.view.default,[],decode,True
2514,self_attn,,batched_matmul,"[[n_h, B, T+1], [n_h, T+1, d_head]]",,,"[[n_h, B, d_head]]","[2511, 2513]",25,self_attn,,1,model.layers.25.self_attn,aten.bmm.default,[],decode,False
2515,self_attn,,_unsafe_view,"[[n_h, B, d_head]]",,,"[[B, n_h, 1, d_head]]",[2514],25,self_attn,,1,model.layers.25.self_attn,aten._unsafe_view.default,[],decode,True
2516,self_attn,,transpose,"[[B, n_h, 1, d_head]]",,,"[[B, 1, n_h, d_head]]",[2515],25,self_attn,,1,model.layers.25.self_attn,aten.transpose.int,[],decode,True
2517,self_attn,,view,"[[B, 1, n_h, d_head]]",,,"[[B, 1, n_h*d_head]]",[2516],25,self_attn,,1,model.layers.25.self_attn,aten.view.default,[],decode,True
2518,self_attn,o_proj,t,"[[d_model, n_h*d_head]]","[d_model, n_h*d_head]",0,"[[n_h*d_head, d_model]]",[],25,self_attn,o_proj,2,model.layers.25.self_attn.o_proj,aten.t.default,[model.layers.25.self_attn.o_proj.weight],decode,True
2519,self_attn,o_proj,view,"[[B, 1, n_h*d_head]]",,,"[[B, n_h*d_head]]",[2517],25,self_attn,o_proj,2,model.layers.25.self_attn.o_proj,aten.view.default,[],decode,True
2520,self_attn,o_proj,matmul,"[[B, n_h*d_head], [n_h*d_head, d_model]]","[d_model, n_h*d_head]",1,"[[B, d_model]]","[2518, 2519]",25,self_attn,o_proj,2,model.layers.25.self_attn.o_proj,aten.mm.default,[model.layers.25.self_attn.o_proj.weight],decode,False
2521,self_attn,o_proj,_unsafe_view,"[[B, d_model]]",,,"[[B, 1, d_model]]",[2520],25,self_attn,o_proj,2,model.layers.25.self_attn.o_proj,aten._unsafe_view.default,[],decode,True
2522,,,elementwise_add,"[[B, 1, d_model], [B, 1, d_model]]",,,"[[B, 1, d_model]]","[2445, 2521]",25,,,0,model.layers.25,aten.add.Tensor,[],decode,False
2523,post_attention_layernorm,,_to_copy,"[[B, 1, d_model]]",,,"[[B, 1, d_model]]",[2522],25,post_attention_layernorm,,1,model.layers.25.post_attention_layernorm,aten._to_copy.default,[],decode,True
2524,post_attention_layernorm,,pow,"[[B, 1, d_model]]",,,"[[B, 1, d_model]]",[2523],25,post_attention_layernorm,,1,model.layers.25.post_attention_layernorm,aten.pow.Tensor_Scalar,[],decode,False
2525,post_attention_layernorm,,mean,"[[B, 1, d_model]]",,,"[[B, 1, 1]]",[2524],25,post_attention_layernorm,,1,model.layers.25.post_attention_layernorm,aten.mean.dim,[],decode,False
2526,post_attention_layernorm,,elementwise_add,"[[B, 1, 1]]",,,"[[B, 1, 1]]",[2525],25,post_attention_layernorm,,1,model.layers.25.post_attention_layernorm,aten.add.Tensor,[],decode,False
2527,post_attention_layernorm,,rsqrt,"[[B, 1, 1]]",,,"[[B, 1, 1]]",[2526],25,post_attention_layernorm,,1,model.layers.25.post_attention_layernorm,aten.rsqrt.default,[],decode,False
2528,post_attention_layernorm,,elementwise_mul,"[[B, 1, d_model], [B, 1, 1]]",,,"[[B, 1, d_model]]","[2523, 2527]",25,post_attention_layernorm,,1,model.layers.25.post_attention_layernorm,aten.mul.Tensor,[],decode,False
2529,post_attention_layernorm,,_to_copy,"[[B, 1, d_model]]",,,"[[B, 1, d_model]]",[2528],25,post_attention_layernorm,,1,model.layers.25.post_attention_layernorm,aten._to_copy.default,[],decode,True
2530,post_attention_layernorm,,elementwise_mul,"[[d_model], [B, 1, d_model]]",,,"[[B, 1, d_model]]",[2529],25,post_attention_layernorm,,1,model.layers.25.post_attention_layernorm,aten.mul.Tensor,[model.layers.25.post_attention_layernorm.weight],decode,False
2531,mlp,gate_proj,t,"[[d_ff, d_model]]","[d_ff, d_model]",0,"[[d_model, d_ff]]",[],25,mlp,gate_proj,2,model.layers.25.mlp.gate_proj,aten.t.default,[model.layers.25.mlp.gate_proj.weight],decode,True
2532,mlp,gate_proj,view,"[[B, 1, d_model]]",,,"[[B, d_model]]",[2530],25,mlp,gate_proj,2,model.layers.25.mlp.gate_proj,aten.view.default,[],decode,True
2533,mlp,gate_proj,matmul,"[[B, d_model], [d_model, d_ff]]","[d_ff, d_model]",1,"[[B, d_ff]]","[2531, 2532]",25,mlp,gate_proj,2,model.layers.25.mlp.gate_proj,aten.mm.default,[model.layers.25.mlp.gate_proj.weight],decode,False
2534,mlp,gate_proj,_unsafe_view,"[[B, d_ff]]",,,"[[B, 1, d_ff]]",[2533],25,mlp,gate_proj,2,model.layers.25.mlp.gate_proj,aten._unsafe_view.default,[],decode,True
2535,mlp,act_fn,silu,"[[B, 1, d_ff]]",,,"[[B, 1, d_ff]]",[2534],25,mlp,act_fn,2,model.layers.25.mlp.act_fn,aten.silu.default,[],decode,False
2536,mlp,up_proj,t,"[[d_ff, d_model]]","[d_ff, d_model]",0,"[[d_model, d_ff]]",[],25,mlp,up_proj,2,model.layers.25.mlp.up_proj,aten.t.default,[model.layers.25.mlp.up_proj.weight],decode,True
2537,mlp,up_proj,view,"[[B, 1, d_model]]",,,"[[B, d_model]]",[2530],25,mlp,up_proj,2,model.layers.25.mlp.up_proj,aten.view.default,[],decode,True
2538,mlp,up_proj,matmul,"[[B, d_model], [d_model, d_ff]]","[d_ff, d_model]",1,"[[B, d_ff]]","[2536, 2537]",25,mlp,up_proj,2,model.layers.25.mlp.up_proj,aten.mm.default,[model.layers.25.mlp.up_proj.weight],decode,False
2539,mlp,up_proj,_unsafe_view,"[[B, d_ff]]",,,"[[B, 1, d_ff]]",[2538],25,mlp,up_proj,2,model.layers.25.mlp.up_proj,aten._unsafe_view.default,[],decode,True
2540,mlp,,elementwise_mul,"[[B, 1, d_ff], [B, 1, d_ff]]",,,"[[B, 1, d_ff]]","[2535, 2539]",25,mlp,,1,model.layers.25.mlp,aten.mul.Tensor,[],decode,False
2541,mlp,down_proj,t,"[[d_model, d_ff]]","[d_model, d_ff]",0,"[[d_ff, d_model]]",[],25,mlp,down_proj,2,model.layers.25.mlp.down_proj,aten.t.default,[model.layers.25.mlp.down_proj.weight],decode,True
2542,mlp,down_proj,view,"[[B, 1, d_ff]]",,,"[[B, d_ff]]",[2540],25,mlp,down_proj,2,model.layers.25.mlp.down_proj,aten.view.default,[],decode,True
2543,mlp,down_proj,matmul,"[[B, d_ff], [d_ff, d_model]]","[d_model, d_ff]",1,"[[B, d_model]]","[2541, 2542]",25,mlp,down_proj,2,model.layers.25.mlp.down_proj,aten.mm.default,[model.layers.25.mlp.down_proj.weight],decode,False
2544,mlp,down_proj,_unsafe_view,"[[B, d_model]]",,,"[[B, 1, d_model]]",[2543],25,mlp,down_proj,2,model.layers.25.mlp.down_proj,aten._unsafe_view.default,[],decode,True
2545,,,elementwise_add,"[[B, 1, d_model], [B, 1, d_model]]",,,"[[B, 1, d_model]]","[2522, 2544]",25,,,0,model.layers.25,aten.add.Tensor,[],decode,False
2546,input_layernorm,,_to_copy,"[[B, 1, d_model]]",,,"[[B, 1, d_model]]",[2545],26,input_layernorm,,1,model.layers.26.input_layernorm,aten._to_copy.default,[],decode,True
2547,input_layernorm,,pow,"[[B, 1, d_model]]",,,"[[B, 1, d_model]]",[2546],26,input_layernorm,,1,model.layers.26.input_layernorm,aten.pow.Tensor_Scalar,[],decode,False
2548,input_layernorm,,mean,"[[B, 1, d_model]]",,,"[[B, 1, 1]]",[2547],26,input_layernorm,,1,model.layers.26.input_layernorm,aten.mean.dim,[],decode,False
2549,input_layernorm,,elementwise_add,"[[B, 1, 1]]",,,"[[B, 1, 1]]",[2548],26,input_layernorm,,1,model.layers.26.input_layernorm,aten.add.Tensor,[],decode,False
2550,input_layernorm,,rsqrt,"[[B, 1, 1]]",,,"[[B, 1, 1]]",[2549],26,input_layernorm,,1,model.layers.26.input_layernorm,aten.rsqrt.default,[],decode,False
2551,input_layernorm,,elementwise_mul,"[[B, 1, d_model], [B, 1, 1]]",,,"[[B, 1, d_model]]","[2546, 2550]",26,input_layernorm,,1,model.layers.26.input_layernorm,aten.mul.Tensor,[],decode,False
2552,input_layernorm,,_to_copy,"[[B, 1, d_model]]",,,"[[B, 1, d_model]]",[2551],26,input_layernorm,,1,model.layers.26.input_layernorm,aten._to_copy.default,[],decode,True
2553,input_layernorm,,elementwise_mul,"[[d_model], [B, 1, d_model]]",,,"[[B, 1, d_model]]",[2552],26,input_layernorm,,1,model.layers.26.input_layernorm,aten.mul.Tensor,[model.layers.26.input_layernorm.weight],decode,False
2554,self_attn,q_proj,t,"[[n_h*d_head, d_model]]","[n_h*d_head, d_model]",0,"[[d_model, n_h*d_head]]",[],26,self_attn,q_proj,2,model.layers.26.self_attn.q_proj,aten.t.default,[model.layers.26.self_attn.q_proj.weight],decode,True
2555,self_attn,q_proj,view,"[[B, 1, d_model]]",,,"[[B, d_model]]",[2553],26,self_attn,q_proj,2,model.layers.26.self_attn.q_proj,aten.view.default,[],decode,True
2556,self_attn,q_proj,matmul,"[[B, d_model], [d_model, n_h*d_head]]","[n_h*d_head, d_model]",1,"[[B, n_h*d_head]]","[2554, 2555]",26,self_attn,q_proj,2,model.layers.26.self_attn.q_proj,aten.mm.default,[model.layers.26.self_attn.q_proj.weight],decode,False
2557,self_attn,q_proj,_unsafe_view,"[[B, n_h*d_head]]",,,"[[B, 1, n_h*d_head]]",[2556],26,self_attn,q_proj,2,model.layers.26.self_attn.q_proj,aten._unsafe_view.default,[],decode,True
2558,self_attn,,view,"[[B, 1, n_h*d_head]]",,,"[[B, 1, n_h, d_head]]",[2557],26,self_attn,,1,model.layers.26.self_attn,aten.view.default,[],decode,True
2559,self_attn,,transpose,"[[B, 1, n_h, d_head]]",,,"[[B, n_h, 1, d_head]]",[2558],26,self_attn,,1,model.layers.26.self_attn,aten.transpose.int,[],decode,True
2560,self_attn,k_proj,t,"[[n_kv*d_head, d_model]]","[n_kv*d_head, d_model]",0,"[[d_model, n_kv*d_head]]",[],26,self_attn,k_proj,2,model.layers.26.self_attn.k_proj,aten.t.default,[model.layers.26.self_attn.k_proj.weight],decode,True
2561,self_attn,k_proj,view,"[[B, 1, d_model]]",,,"[[B, d_model]]",[2553],26,self_attn,k_proj,2,model.layers.26.self_attn.k_proj,aten.view.default,[],decode,True
2562,self_attn,k_proj,matmul,"[[B, d_model], [d_model, n_kv*d_head]]","[n_kv*d_head, d_model]",1,"[[B, n_kv*d_head]]","[2560, 2561]",26,self_attn,k_proj,2,model.layers.26.self_attn.k_proj,aten.mm.default,[model.layers.26.self_attn.k_proj.weight],decode,False
2563,self_attn,k_proj,_unsafe_view,"[[B, n_kv*d_head]]",,,"[[B, 1, n_kv*d_head]]",[2562],26,self_attn,k_proj,2,model.layers.26.self_attn.k_proj,aten._unsafe_view.default,[],decode,True
2564,self_attn,,view,"[[B, 1, n_kv*d_head]]",,,"[[B, 1, n_kv, d_head]]",[2563],26,self_attn,,1,model.layers.26.self_attn,aten.view.default,[],decode,True
2565,self_attn,,transpose,"[[B, 1, n_kv, d_head]]",,,"[[B, n_kv, 1, d_head]]",[2564],26,self_attn,,1,model.layers.26.self_attn,aten.transpose.int,[],decode,True
2566,self_attn,v_proj,t,"[[n_kv*d_head, d_model]]","[n_kv*d_head, d_model]",0,"[[d_model, n_kv*d_head]]",[],26,self_attn,v_proj,2,model.layers.26.self_attn.v_proj,aten.t.default,[model.layers.26.self_attn.v_proj.weight],decode,True
2567,self_attn,v_proj,view,"[[B, 1, d_model]]",,,"[[B, d_model]]",[2553],26,self_attn,v_proj,2,model.layers.26.self_attn.v_proj,aten.view.default,[],decode,True
2568,self_attn,v_proj,matmul,"[[B, d_model], [d_model, n_kv*d_head]]","[n_kv*d_head, d_model]",1,"[[B, n_kv*d_head]]","[2566, 2567]",26,self_attn,v_proj,2,model.layers.26.self_attn.v_proj,aten.mm.default,[model.layers.26.self_attn.v_proj.weight],decode,False
2569,self_attn,v_proj,_unsafe_view,"[[B, n_kv*d_head]]",,,"[[B, 1, n_kv*d_head]]",[2568],26,self_attn,v_proj,2,model.layers.26.self_attn.v_proj,aten._unsafe_view.default,[],decode,True
2570,self_attn,,view,"[[B, 1, n_kv*d_head]]",,,"[[B, 1, n_kv, d_head]]",[2569],26,self_attn,,1,model.layers.26.self_attn,aten.view.default,[],decode,True
2571,self_attn,,transpose,"[[B, 1, n_kv, d_head]]",,,"[[B, n_kv, 1, d_head]]",[2570],26,self_attn,,1,model.layers.26.self_attn,aten.transpose.int,[],decode,True
2572,self_attn,,unsqueeze,"[[B, 1, d_head]]",,,"[[B, 1, 1, d_head]]",[40],26,self_attn,,1,model.layers.26.self_attn,aten.unsqueeze.default,[],decode,True
2573,self_attn,,unsqueeze,"[[B, 1, d_head]]",,,"[[B, 1, 1, d_head]]",[41],26,self_attn,,1,model.layers.26.self_attn,aten.unsqueeze.default,[],decode,True
2574,self_attn,,elementwise_mul,"[[B, n_h, 1, d_head], [B, 1, 1, d_head]]",,,"[[B, n_h, 1, d_head]]","[2559, 2572]",26,self_attn,,1,model.layers.26.self_attn,aten.mul.Tensor,[],decode,False
2575,self_attn,,slice,"[[B, n_h, 1, d_head]]",,,"[[B, n_h, 1, d_head/2]]",[2559],26,self_attn,,1,model.layers.26.self_attn,aten.slice.Tensor,[],decode,True
2576,self_attn,,slice,"[[B, n_h, 1, d_head]]",,,"[[B, n_h, 1, d_head/2]]",[2559],26,self_attn,,1,model.layers.26.self_attn,aten.slice.Tensor,[],decode,True
2577,self_attn,,neg,"[[B, n_h, 1, d_head/2]]",,,"[[B, n_h, 1, d_head/2]]",[2576],26,self_attn,,1,model.layers.26.self_attn,aten.neg.default,[],decode,False
2578,self_attn,,concat,"[[B, n_h, 1, d_head/2], [B, n_h, 1, d_head/2]]",,,"[[B, n_h, 1, d_head]]","[2575, 2577]",26,self_attn,,1,model.layers.26.self_attn,aten.cat.default,[],decode,False
2579,self_attn,,elementwise_mul,"[[B, n_h, 1, d_head], [B, 1, 1, d_head]]",,,"[[B, n_h, 1, d_head]]","[2573, 2578]",26,self_attn,,1,model.layers.26.self_attn,aten.mul.Tensor,[],decode,False
2580,self_attn,,elementwise_add,"[[B, n_h, 1, d_head], [B, n_h, 1, d_head]]",,,"[[B, n_h, 1, d_head]]","[2574, 2579]",26,self_attn,,1,model.layers.26.self_attn,aten.add.Tensor,[],decode,False
2581,self_attn,,elementwise_mul,"[[B, n_kv, 1, d_head], [B, 1, 1, d_head]]",,,"[[B, n_kv, 1, d_head]]","[2565, 2572]",26,self_attn,,1,model.layers.26.self_attn,aten.mul.Tensor,[],decode,False
2582,self_attn,,slice,"[[B, n_kv, 1, d_head]]",,,"[[B, n_kv, 1, d_head/2]]",[2565],26,self_attn,,1,model.layers.26.self_attn,aten.slice.Tensor,[],decode,True
2583,self_attn,,slice,"[[B, n_kv, 1, d_head]]",,,"[[B, n_kv, 1, d_head/2]]",[2565],26,self_attn,,1,model.layers.26.self_attn,aten.slice.Tensor,[],decode,True
2584,self_attn,,neg,"[[B, n_kv, 1, d_head/2]]",,,"[[B, n_kv, 1, d_head/2]]",[2583],26,self_attn,,1,model.layers.26.self_attn,aten.neg.default,[],decode,False
2585,self_attn,,concat,"[[B, n_kv, 1, d_head/2], [B, n_kv, 1, d_head/2]]",,,"[[B, n_kv, 1, d_head]]","[2582, 2584]",26,self_attn,,1,model.layers.26.self_attn,aten.cat.default,[],decode,False
2586,self_attn,,elementwise_mul,"[[B, n_kv, 1, d_head], [B, 1, 1, d_head]]",,,"[[B, n_kv, 1, d_head]]","[2573, 2585]",26,self_attn,,1,model.layers.26.self_attn,aten.mul.Tensor,[],decode,False
2587,self_attn,,elementwise_add,"[[B, n_kv, 1, d_head], [B, n_kv, 1, d_head]]",,,"[[B, n_kv, 1, d_head]]","[2581, 2586]",26,self_attn,,1,model.layers.26.self_attn,aten.add.Tensor,[],decode,False
2588,self_attn,,concat,"[[B, n_kv, T, d_head], [B, n_kv, 1, d_head]]",,,"[[B, n_kv, T+1, d_head]]",[2587],26,self_attn,,1,model.layers.26.self_attn,aten.cat.default,[],decode,False
2589,self_attn,,concat,"[[B, n_kv, T, d_head], [B, n_kv, 1, d_head]]",,,"[[B, n_kv, T+1, d_head]]",[2571],26,self_attn,,1,model.layers.26.self_attn,aten.cat.default,[],decode,False
2590,self_attn,,unsqueeze,"[[B, n_kv, T+1, d_head]]",,,"[[B, n_kv, 1, T+1, d_head]]",[2588],26,self_attn,,1,model.layers.26.self_attn,aten.unsqueeze.default,[],decode,True
2591,self_attn,,expand,"[[B, n_kv, 1, T+1, d_head]]",,,"[[B, n_kv, n_h/n_kv, T+1, d_head]]",[2590],26,self_attn,,1,model.layers.26.self_attn,aten.expand.default,[],decode,True
2592,self_attn,,clone,"[[B, n_kv, n_h/n_kv, T+1, d_head]]",,,"[[B, n_kv, n_h/n_kv, T+1, d_head]]",[2591],26,self_attn,,1,model.layers.26.self_attn,aten.clone.default,[],decode,True
2593,self_attn,,_unsafe_view,"[[B, n_kv, n_h/n_kv, T+1, d_head]]",,,"[[B, n_h, T+1, d_head]]",[2592],26,self_attn,,1,model.layers.26.self_attn,aten._unsafe_view.default,[],decode,True
2594,self_attn,,unsqueeze,"[[B, n_kv, T+1, d_head]]",,,"[[B, n_kv, 1, T+1, d_head]]",[2589],26,self_attn,,1,model.layers.26.self_attn,aten.unsqueeze.default,[],decode,True
2595,self_attn,,expand,"[[B, n_kv, 1, T+1, d_head]]",,,"[[B, n_kv, n_h/n_kv, T+1, d_head]]",[2594],26,self_attn,,1,model.layers.26.self_attn,aten.expand.default,[],decode,True
2596,self_attn,,clone,"[[B, n_kv, n_h/n_kv, T+1, d_head]]",,,"[[B, n_kv, n_h/n_kv, T+1, d_head]]",[2595],26,self_attn,,1,model.layers.26.self_attn,aten.clone.default,[],decode,True
2597,self_attn,,_unsafe_view,"[[B, n_kv, n_h/n_kv, T+1, d_head]]",,,"[[B, n_h, T+1, d_head]]",[2596],26,self_attn,,1,model.layers.26.self_attn,aten._unsafe_view.default,[],decode,True
2598,self_attn,,transpose,"[[B, n_h, T+1, d_head]]",,,"[[B, n_h, d_head, T+1]]",[2593],26,self_attn,,1,model.layers.26.self_attn,aten.transpose.int,[],decode,True
2599,self_attn,,expand,"[[B, n_h, 1, d_head]]",,,"[[B, n_h, 1, d_head]]",[2580],26,self_attn,,1,model.layers.26.self_attn,aten.expand.default,[],decode,True
2600,self_attn,,view,"[[B, n_h, 1, d_head]]",,,"[[n_h, B, d_head]]",[2599],26,self_attn,,1,model.layers.26.self_attn,aten.view.default,[],decode,True
2601,self_attn,,expand,"[[B, n_h, d_head, T+1]]",,,"[[B, n_h, d_head, T+1]]",[2598],26,self_attn,,1,model.layers.26.self_attn,aten.expand.default,[],decode,True
2602,self_attn,,view,"[[B, n_h, d_head, T+1]]",,,"[[n_h, d_head, T+1]]",[2601],26,self_attn,,1,model.layers.26.self_attn,aten.view.default,[],decode,True
2603,self_attn,,batched_matmul,"[[n_h, B, d_head], [n_h, d_head, T+1]]",,,"[[n_h, B, T+1]]","[2600, 2602]",26,self_attn,,1,model.layers.26.self_attn,aten.bmm.default,[],decode,False
2604,self_attn,,_unsafe_view,"[[n_h, B, T+1]]",,,"[[B, n_h, 1, T+1]]",[2603],26,self_attn,,1,model.layers.26.self_attn,aten._unsafe_view.default,[],decode,True
2605,self_attn,,elementwise_mul,"[[B, n_h, 1, T+1]]",,,"[[B, n_h, 1, T+1]]",[2604],26,self_attn,,1,model.layers.26.self_attn,aten.mul.Tensor,[],decode,False
2606,self_attn,,elementwise_add,"[[B, n_h, 1, T+1], [B, 1, 1, T+1]]",,,"[[B, n_h, 1, T+1]]","[22, 2605]",26,self_attn,,1,model.layers.26.self_attn,aten.add.Tensor,[],decode,False
2607,self_attn,,_to_copy,"[[B, n_h, 1, T+1]]",,,"[[B, n_h, 1, T+1]]",[2606],26,self_attn,,1,model.layers.26.self_attn,aten._to_copy.default,[],decode,True
2608,self_attn,,softmax,"[[B, n_h, 1, T+1]]",,,"[[B, n_h, 1, T+1]]",[2607],26,self_attn,,1,model.layers.26.self_attn,aten._softmax.default,[],decode,False
2609,self_attn,,_to_copy,"[[B, n_h, 1, T+1]]",,,"[[B, n_h, 1, T+1]]",[2608],26,self_attn,,1,model.layers.26.self_attn,aten._to_copy.default,[],decode,True
2610,self_attn,,expand,"[[B, n_h, 1, T+1]]",,,"[[B, n_h, 1, T+1]]",[2609],26,self_attn,,1,model.layers.26.self_attn,aten.expand.default,[],decode,True
2611,self_attn,,view,"[[B, n_h, 1, T+1]]",,,"[[n_h, B, T+1]]",[2610],26,self_attn,,1,model.layers.26.self_attn,aten.view.default,[],decode,True
2612,self_attn,,expand,"[[B, n_h, T+1, d_head]]",,,"[[B, n_h, T+1, d_head]]",[2597],26,self_attn,,1,model.layers.26.self_attn,aten.expand.default,[],decode,True
2613,self_attn,,view,"[[B, n_h, T+1, d_head]]",,,"[[n_h, T+1, d_head]]",[2612],26,self_attn,,1,model.layers.26.self_attn,aten.view.default,[],decode,True
2614,self_attn,,batched_matmul,"[[n_h, B, T+1], [n_h, T+1, d_head]]",,,"[[n_h, B, d_head]]","[2611, 2613]",26,self_attn,,1,model.layers.26.self_attn,aten.bmm.default,[],decode,False
2615,self_attn,,_unsafe_view,"[[n_h, B, d_head]]",,,"[[B, n_h, 1, d_head]]",[2614],26,self_attn,,1,model.layers.26.self_attn,aten._unsafe_view.default,[],decode,True
2616,self_attn,,transpose,"[[B, n_h, 1, d_head]]",,,"[[B, 1, n_h, d_head]]",[2615],26,self_attn,,1,model.layers.26.self_attn,aten.transpose.int,[],decode,True
2617,self_attn,,view,"[[B, 1, n_h, d_head]]",,,"[[B, 1, n_h*d_head]]",[2616],26,self_attn,,1,model.layers.26.self_attn,aten.view.default,[],decode,True
2618,self_attn,o_proj,t,"[[d_model, n_h*d_head]]","[d_model, n_h*d_head]",0,"[[n_h*d_head, d_model]]",[],26,self_attn,o_proj,2,model.layers.26.self_attn.o_proj,aten.t.default,[model.layers.26.self_attn.o_proj.weight],decode,True
2619,self_attn,o_proj,view,"[[B, 1, n_h*d_head]]",,,"[[B, n_h*d_head]]",[2617],26,self_attn,o_proj,2,model.layers.26.self_attn.o_proj,aten.view.default,[],decode,True
2620,self_attn,o_proj,matmul,"[[B, n_h*d_head], [n_h*d_head, d_model]]","[d_model, n_h*d_head]",1,"[[B, d_model]]","[2618, 2619]",26,self_attn,o_proj,2,model.layers.26.self_attn.o_proj,aten.mm.default,[model.layers.26.self_attn.o_proj.weight],decode,False
2621,self_attn,o_proj,_unsafe_view,"[[B, d_model]]",,,"[[B, 1, d_model]]",[2620],26,self_attn,o_proj,2,model.layers.26.self_attn.o_proj,aten._unsafe_view.default,[],decode,True
2622,,,elementwise_add,"[[B, 1, d_model], [B, 1, d_model]]",,,"[[B, 1, d_model]]","[2545, 2621]",26,,,0,model.layers.26,aten.add.Tensor,[],decode,False
2623,post_attention_layernorm,,_to_copy,"[[B, 1, d_model]]",,,"[[B, 1, d_model]]",[2622],26,post_attention_layernorm,,1,model.layers.26.post_attention_layernorm,aten._to_copy.default,[],decode,True
2624,post_attention_layernorm,,pow,"[[B, 1, d_model]]",,,"[[B, 1, d_model]]",[2623],26,post_attention_layernorm,,1,model.layers.26.post_attention_layernorm,aten.pow.Tensor_Scalar,[],decode,False
2625,post_attention_layernorm,,mean,"[[B, 1, d_model]]",,,"[[B, 1, 1]]",[2624],26,post_attention_layernorm,,1,model.layers.26.post_attention_layernorm,aten.mean.dim,[],decode,False
2626,post_attention_layernorm,,elementwise_add,"[[B, 1, 1]]",,,"[[B, 1, 1]]",[2625],26,post_attention_layernorm,,1,model.layers.26.post_attention_layernorm,aten.add.Tensor,[],decode,False
2627,post_attention_layernorm,,rsqrt,"[[B, 1, 1]]",,,"[[B, 1, 1]]",[2626],26,post_attention_layernorm,,1,model.layers.26.post_attention_layernorm,aten.rsqrt.default,[],decode,False
2628,post_attention_layernorm,,elementwise_mul,"[[B, 1, d_model], [B, 1, 1]]",,,"[[B, 1, d_model]]","[2623, 2627]",26,post_attention_layernorm,,1,model.layers.26.post_attention_layernorm,aten.mul.Tensor,[],decode,False
2629,post_attention_layernorm,,_to_copy,"[[B, 1, d_model]]",,,"[[B, 1, d_model]]",[2628],26,post_attention_layernorm,,1,model.layers.26.post_attention_layernorm,aten._to_copy.default,[],decode,True
2630,post_attention_layernorm,,elementwise_mul,"[[d_model], [B, 1, d_model]]",,,"[[B, 1, d_model]]",[2629],26,post_attention_layernorm,,1,model.layers.26.post_attention_layernorm,aten.mul.Tensor,[model.layers.26.post_attention_layernorm.weight],decode,False
2631,mlp,gate_proj,t,"[[d_ff, d_model]]","[d_ff, d_model]",0,"[[d_model, d_ff]]",[],26,mlp,gate_proj,2,model.layers.26.mlp.gate_proj,aten.t.default,[model.layers.26.mlp.gate_proj.weight],decode,True
2632,mlp,gate_proj,view,"[[B, 1, d_model]]",,,"[[B, d_model]]",[2630],26,mlp,gate_proj,2,model.layers.26.mlp.gate_proj,aten.view.default,[],decode,True
2633,mlp,gate_proj,matmul,"[[B, d_model], [d_model, d_ff]]","[d_ff, d_model]",1,"[[B, d_ff]]","[2631, 2632]",26,mlp,gate_proj,2,model.layers.26.mlp.gate_proj,aten.mm.default,[model.layers.26.mlp.gate_proj.weight],decode,False
2634,mlp,gate_proj,_unsafe_view,"[[B, d_ff]]",,,"[[B, 1, d_ff]]",[2633],26,mlp,gate_proj,2,model.layers.26.mlp.gate_proj,aten._unsafe_view.default,[],decode,True
2635,mlp,act_fn,silu,"[[B, 1, d_ff]]",,,"[[B, 1, d_ff]]",[2634],26,mlp,act_fn,2,model.layers.26.mlp.act_fn,aten.silu.default,[],decode,False
2636,mlp,up_proj,t,"[[d_ff, d_model]]","[d_ff, d_model]",0,"[[d_model, d_ff]]",[],26,mlp,up_proj,2,model.layers.26.mlp.up_proj,aten.t.default,[model.layers.26.mlp.up_proj.weight],decode,True
2637,mlp,up_proj,view,"[[B, 1, d_model]]",,,"[[B, d_model]]",[2630],26,mlp,up_proj,2,model.layers.26.mlp.up_proj,aten.view.default,[],decode,True
2638,mlp,up_proj,matmul,"[[B, d_model], [d_model, d_ff]]","[d_ff, d_model]",1,"[[B, d_ff]]","[2636, 2637]",26,mlp,up_proj,2,model.layers.26.mlp.up_proj,aten.mm.default,[model.layers.26.mlp.up_proj.weight],decode,False
2639,mlp,up_proj,_unsafe_view,"[[B, d_ff]]",,,"[[B, 1, d_ff]]",[2638],26,mlp,up_proj,2,model.layers.26.mlp.up_proj,aten._unsafe_view.default,[],decode,True
2640,mlp,,elementwise_mul,"[[B, 1, d_ff], [B, 1, d_ff]]",,,"[[B, 1, d_ff]]","[2635, 2639]",26,mlp,,1,model.layers.26.mlp,aten.mul.Tensor,[],decode,False
2641,mlp,down_proj,t,"[[d_model, d_ff]]","[d_model, d_ff]",0,"[[d_ff, d_model]]",[],26,mlp,down_proj,2,model.layers.26.mlp.down_proj,aten.t.default,[model.layers.26.mlp.down_proj.weight],decode,True
2642,mlp,down_proj,view,"[[B, 1, d_ff]]",,,"[[B, d_ff]]",[2640],26,mlp,down_proj,2,model.layers.26.mlp.down_proj,aten.view.default,[],decode,True
2643,mlp,down_proj,matmul,"[[B, d_ff], [d_ff, d_model]]","[d_model, d_ff]",1,"[[B, d_model]]","[2641, 2642]",26,mlp,down_proj,2,model.layers.26.mlp.down_proj,aten.mm.default,[model.layers.26.mlp.down_proj.weight],decode,False
2644,mlp,down_proj,_unsafe_view,"[[B, d_model]]",,,"[[B, 1, d_model]]",[2643],26,mlp,down_proj,2,model.layers.26.mlp.down_proj,aten._unsafe_view.default,[],decode,True
2645,,,elementwise_add,"[[B, 1, d_model], [B, 1, d_model]]",,,"[[B, 1, d_model]]","[2622, 2644]",26,,,0,model.layers.26,aten.add.Tensor,[],decode,False
2646,input_layernorm,,_to_copy,"[[B, 1, d_model]]",,,"[[B, 1, d_model]]",[2645],27,input_layernorm,,1,model.layers.27.input_layernorm,aten._to_copy.default,[],decode,True
2647,input_layernorm,,pow,"[[B, 1, d_model]]",,,"[[B, 1, d_model]]",[2646],27,input_layernorm,,1,model.layers.27.input_layernorm,aten.pow.Tensor_Scalar,[],decode,False
2648,input_layernorm,,mean,"[[B, 1, d_model]]",,,"[[B, 1, 1]]",[2647],27,input_layernorm,,1,model.layers.27.input_layernorm,aten.mean.dim,[],decode,False
2649,input_layernorm,,elementwise_add,"[[B, 1, 1]]",,,"[[B, 1, 1]]",[2648],27,input_layernorm,,1,model.layers.27.input_layernorm,aten.add.Tensor,[],decode,False
2650,input_layernorm,,rsqrt,"[[B, 1, 1]]",,,"[[B, 1, 1]]",[2649],27,input_layernorm,,1,model.layers.27.input_layernorm,aten.rsqrt.default,[],decode,False
2651,input_layernorm,,elementwise_mul,"[[B, 1, d_model], [B, 1, 1]]",,,"[[B, 1, d_model]]","[2646, 2650]",27,input_layernorm,,1,model.layers.27.input_layernorm,aten.mul.Tensor,[],decode,False
2652,input_layernorm,,_to_copy,"[[B, 1, d_model]]",,,"[[B, 1, d_model]]",[2651],27,input_layernorm,,1,model.layers.27.input_layernorm,aten._to_copy.default,[],decode,True
2653,input_layernorm,,elementwise_mul,"[[d_model], [B, 1, d_model]]",,,"[[B, 1, d_model]]",[2652],27,input_layernorm,,1,model.layers.27.input_layernorm,aten.mul.Tensor,[model.layers.27.input_layernorm.weight],decode,False
2654,self_attn,q_proj,t,"[[n_h*d_head, d_model]]","[n_h*d_head, d_model]",0,"[[d_model, n_h*d_head]]",[],27,self_attn,q_proj,2,model.layers.27.self_attn.q_proj,aten.t.default,[model.layers.27.self_attn.q_proj.weight],decode,True
2655,self_attn,q_proj,view,"[[B, 1, d_model]]",,,"[[B, d_model]]",[2653],27,self_attn,q_proj,2,model.layers.27.self_attn.q_proj,aten.view.default,[],decode,True
2656,self_attn,q_proj,matmul,"[[B, d_model], [d_model, n_h*d_head]]","[n_h*d_head, d_model]",1,"[[B, n_h*d_head]]","[2654, 2655]",27,self_attn,q_proj,2,model.layers.27.self_attn.q_proj,aten.mm.default,[model.layers.27.self_attn.q_proj.weight],decode,False
2657,self_attn,q_proj,_unsafe_view,"[[B, n_h*d_head]]",,,"[[B, 1, n_h*d_head]]",[2656],27,self_attn,q_proj,2,model.layers.27.self_attn.q_proj,aten._unsafe_view.default,[],decode,True
2658,self_attn,,view,"[[B, 1, n_h*d_head]]",,,"[[B, 1, n_h, d_head]]",[2657],27,self_attn,,1,model.layers.27.self_attn,aten.view.default,[],decode,True
2659,self_attn,,transpose,"[[B, 1, n_h, d_head]]",,,"[[B, n_h, 1, d_head]]",[2658],27,self_attn,,1,model.layers.27.self_attn,aten.transpose.int,[],decode,True
2660,self_attn,k_proj,t,"[[n_kv*d_head, d_model]]","[n_kv*d_head, d_model]",0,"[[d_model, n_kv*d_head]]",[],27,self_attn,k_proj,2,model.layers.27.self_attn.k_proj,aten.t.default,[model.layers.27.self_attn.k_proj.weight],decode,True
2661,self_attn,k_proj,view,"[[B, 1, d_model]]",,,"[[B, d_model]]",[2653],27,self_attn,k_proj,2,model.layers.27.self_attn.k_proj,aten.view.default,[],decode,True
2662,self_attn,k_proj,matmul,"[[B, d_model], [d_model, n_kv*d_head]]","[n_kv*d_head, d_model]",1,"[[B, n_kv*d_head]]","[2660, 2661]",27,self_attn,k_proj,2,model.layers.27.self_attn.k_proj,aten.mm.default,[model.layers.27.self_attn.k_proj.weight],decode,False
2663,self_attn,k_proj,_unsafe_view,"[[B, n_kv*d_head]]",,,"[[B, 1, n_kv*d_head]]",[2662],27,self_attn,k_proj,2,model.layers.27.self_attn.k_proj,aten._unsafe_view.default,[],decode,True
2664,self_attn,,view,"[[B, 1, n_kv*d_head]]",,,"[[B, 1, n_kv, d_head]]",[2663],27,self_attn,,1,model.layers.27.self_attn,aten.view.default,[],decode,True
2665,self_attn,,transpose,"[[B, 1, n_kv, d_head]]",,,"[[B, n_kv, 1, d_head]]",[2664],27,self_attn,,1,model.layers.27.self_attn,aten.transpose.int,[],decode,True
2666,self_attn,v_proj,t,"[[n_kv*d_head, d_model]]","[n_kv*d_head, d_model]",0,"[[d_model, n_kv*d_head]]",[],27,self_attn,v_proj,2,model.layers.27.self_attn.v_proj,aten.t.default,[model.layers.27.self_attn.v_proj.weight],decode,True
2667,self_attn,v_proj,view,"[[B, 1, d_model]]",,,"[[B, d_model]]",[2653],27,self_attn,v_proj,2,model.layers.27.self_attn.v_proj,aten.view.default,[],decode,True
2668,self_attn,v_proj,matmul,"[[B, d_model], [d_model, n_kv*d_head]]","[n_kv*d_head, d_model]",1,"[[B, n_kv*d_head]]","[2666, 2667]",27,self_attn,v_proj,2,model.layers.27.self_attn.v_proj,aten.mm.default,[model.layers.27.self_attn.v_proj.weight],decode,False
2669,self_attn,v_proj,_unsafe_view,"[[B, n_kv*d_head]]",,,"[[B, 1, n_kv*d_head]]",[2668],27,self_attn,v_proj,2,model.layers.27.self_attn.v_proj,aten._unsafe_view.default,[],decode,True
2670,self_attn,,view,"[[B, 1, n_kv*d_head]]",,,"[[B, 1, n_kv, d_head]]",[2669],27,self_attn,,1,model.layers.27.self_attn,aten.view.default,[],decode,True
2671,self_attn,,transpose,"[[B, 1, n_kv, d_head]]",,,"[[B, n_kv, 1, d_head]]",[2670],27,self_attn,,1,model.layers.27.self_attn,aten.transpose.int,[],decode,True
2672,self_attn,,concat,"[[B, n_kv, T, d_head], [B, n_kv, 1, d_head]]",,,"[[B, n_kv, T+1, d_head]]",[2665],27,self_attn,,1,model.layers.27.self_attn,aten.cat.default,[],decode,False
2673,self_attn,,concat,"[[B, n_kv, T, d_head], [B, n_kv, 1, d_head]]",,,"[[B, n_kv, T+1, d_head]]",[2671],27,self_attn,,1,model.layers.27.self_attn,aten.cat.default,[],decode,False
2674,self_attn,,unsqueeze,"[[B, n_kv, T+1, d_head]]",,,"[[B, n_kv, 1, T+1, d_head]]",[2672],27,self_attn,,1,model.layers.27.self_attn,aten.unsqueeze.default,[],decode,True
2675,self_attn,,expand,"[[B, n_kv, 1, T+1, d_head]]",,,"[[B, n_kv, n_h/n_kv, T+1, d_head]]",[2674],27,self_attn,,1,model.layers.27.self_attn,aten.expand.default,[],decode,True
2676,self_attn,,clone,"[[B, n_kv, n_h/n_kv, T+1, d_head]]",,,"[[B, n_kv, n_h/n_kv, T+1, d_head]]",[2675],27,self_attn,,1,model.layers.27.self_attn,aten.clone.default,[],decode,True
2677,self_attn,,_unsafe_view,"[[B, n_kv, n_h/n_kv, T+1, d_head]]",,,"[[B, n_h, T+1, d_head]]",[2676],27,self_attn,,1,model.layers.27.self_attn,aten._unsafe_view.default,[],decode,True
2678,self_attn,,unsqueeze,"[[B, n_kv, T+1, d_head]]",,,"[[B, n_kv, 1, T+1, d_head]]",[2673],27,self_attn,,1,model.layers.27.self_attn,aten.unsqueeze.default,[],decode,True
2679,self_attn,,expand,"[[B, n_kv, 1, T+1, d_head]]",,,"[[B, n_kv, n_h/n_kv, T+1, d_head]]",[2678],27,self_attn,,1,model.layers.27.self_attn,aten.expand.default,[],decode,True
2680,self_attn,,clone,"[[B, n_kv, n_h/n_kv, T+1, d_head]]",,,"[[B, n_kv, n_h/n_kv, T+1, d_head]]",[2679],27,self_attn,,1,model.layers.27.self_attn,aten.clone.default,[],decode,True
2681,self_attn,,_unsafe_view,"[[B, n_kv, n_h/n_kv, T+1, d_head]]",,,"[[B, n_h, T+1, d_head]]",[2680],27,self_attn,,1,model.layers.27.self_attn,aten._unsafe_view.default,[],decode,True
2682,self_attn,,transpose,"[[B, n_h, T+1, d_head]]",,,"[[B, n_h, d_head, T+1]]",[2677],27,self_attn,,1,model.layers.27.self_attn,aten.transpose.int,[],decode,True
2683,self_attn,,expand,"[[B, n_h, 1, d_head]]",,,"[[B, n_h, 1, d_head]]",[2659],27,self_attn,,1,model.layers.27.self_attn,aten.expand.default,[],decode,True
2684,self_attn,,view,"[[B, n_h, 1, d_head]]",,,"[[n_h, B, d_head]]",[2683],27,self_attn,,1,model.layers.27.self_attn,aten.view.default,[],decode,True
2685,self_attn,,expand,"[[B, n_h, d_head, T+1]]",,,"[[B, n_h, d_head, T+1]]",[2682],27,self_attn,,1,model.layers.27.self_attn,aten.expand.default,[],decode,True
2686,self_attn,,view,"[[B, n_h, d_head, T+1]]",,,"[[n_h, d_head, T+1]]",[2685],27,self_attn,,1,model.layers.27.self_attn,aten.view.default,[],decode,True
2687,self_attn,,batched_matmul,"[[n_h, B, d_head], [n_h, d_head, T+1]]",,,"[[n_h, B, T+1]]","[2684, 2686]",27,self_attn,,1,model.layers.27.self_attn,aten.bmm.default,[],decode,False
2688,self_attn,,_unsafe_view,"[[n_h, B, T+1]]",,,"[[B, n_h, 1, T+1]]",[2687],27,self_attn,,1,model.layers.27.self_attn,aten._unsafe_view.default,[],decode,True
2689,self_attn,,elementwise_mul,"[[B, n_h, 1, T+1]]",,,"[[B, n_h, 1, T+1]]",[2688],27,self_attn,,1,model.layers.27.self_attn,aten.mul.Tensor,[],decode,False
2690,self_attn,,elementwise_add,"[[B, n_h, 1, T+1], [B, 1, 1, T+1]]",,,"[[B, n_h, 1, T+1]]","[22, 2689]",27,self_attn,,1,model.layers.27.self_attn,aten.add.Tensor,[],decode,False
2691,self_attn,,_to_copy,"[[B, n_h, 1, T+1]]",,,"[[B, n_h, 1, T+1]]",[2690],27,self_attn,,1,model.layers.27.self_attn,aten._to_copy.default,[],decode,True
2692,self_attn,,softmax,"[[B, n_h, 1, T+1]]",,,"[[B, n_h, 1, T+1]]",[2691],27,self_attn,,1,model.layers.27.self_attn,aten._softmax.default,[],decode,False
2693,self_attn,,_to_copy,"[[B, n_h, 1, T+1]]",,,"[[B, n_h, 1, T+1]]",[2692],27,self_attn,,1,model.layers.27.self_attn,aten._to_copy.default,[],decode,True
2694,self_attn,,expand,"[[B, n_h, 1, T+1]]",,,"[[B, n_h, 1, T+1]]",[2693],27,self_attn,,1,model.layers.27.self_attn,aten.expand.default,[],decode,True
2695,self_attn,,view,"[[B, n_h, 1, T+1]]",,,"[[n_h, B, T+1]]",[2694],27,self_attn,,1,model.layers.27.self_attn,aten.view.default,[],decode,True
2696,self_attn,,expand,"[[B, n_h, T+1, d_head]]",,,"[[B, n_h, T+1, d_head]]",[2681],27,self_attn,,1,model.layers.27.self_attn,aten.expand.default,[],decode,True
2697,self_attn,,view,"[[B, n_h, T+1, d_head]]",,,"[[n_h, T+1, d_head]]",[2696],27,self_attn,,1,model.layers.27.self_attn,aten.view.default,[],decode,True
2698,self_attn,,batched_matmul,"[[n_h, B, T+1], [n_h, T+1, d_head]]",,,"[[n_h, B, d_head]]","[2695, 2697]",27,self_attn,,1,model.layers.27.self_attn,aten.bmm.default,[],decode,False
2699,self_attn,,_unsafe_view,"[[n_h, B, d_head]]",,,"[[B, n_h, 1, d_head]]",[2698],27,self_attn,,1,model.layers.27.self_attn,aten._unsafe_view.default,[],decode,True
2700,self_attn,,transpose,"[[B, n_h, 1, d_head]]",,,"[[B, 1, n_h, d_head]]",[2699],27,self_attn,,1,model.layers.27.self_attn,aten.transpose.int,[],decode,True
2701,self_attn,,view,"[[B, 1, n_h, d_head]]",,,"[[B, 1, n_h*d_head]]",[2700],27,self_attn,,1,model.layers.27.self_attn,aten.view.default,[],decode,True
2702,self_attn,o_proj,t,"[[d_model, n_h*d_head]]","[d_model, n_h*d_head]",0,"[[n_h*d_head, d_model]]",[],27,self_attn,o_proj,2,model.layers.27.self_attn.o_proj,aten.t.default,[model.layers.27.self_attn.o_proj.weight],decode,True
2703,self_attn,o_proj,view,"[[B, 1, n_h*d_head]]",,,"[[B, n_h*d_head]]",[2701],27,self_attn,o_proj,2,model.layers.27.self_attn.o_proj,aten.view.default,[],decode,True
2704,self_attn,o_proj,matmul,"[[B, n_h*d_head], [n_h*d_head, d_model]]","[d_model, n_h*d_head]",1,"[[B, d_model]]","[2702, 2703]",27,self_attn,o_proj,2,model.layers.27.self_attn.o_proj,aten.mm.default,[model.layers.27.self_attn.o_proj.weight],decode,False
2705,self_attn,o_proj,_unsafe_view,"[[B, d_model]]",,,"[[B, 1, d_model]]",[2704],27,self_attn,o_proj,2,model.layers.27.self_attn.o_proj,aten._unsafe_view.default,[],decode,True
2706,,,elementwise_add,"[[B, 1, d_model], [B, 1, d_model]]",,,"[[B, 1, d_model]]","[2645, 2705]",27,,,0,model.layers.27,aten.add.Tensor,[],decode,False
2707,post_attention_layernorm,,_to_copy,"[[B, 1, d_model]]",,,"[[B, 1, d_model]]",[2706],27,post_attention_layernorm,,1,model.layers.27.post_attention_layernorm,aten._to_copy.default,[],decode,True
2708,post_attention_layernorm,,pow,"[[B, 1, d_model]]",,,"[[B, 1, d_model]]",[2707],27,post_attention_layernorm,,1,model.layers.27.post_attention_layernorm,aten.pow.Tensor_Scalar,[],decode,False
2709,post_attention_layernorm,,mean,"[[B, 1, d_model]]",,,"[[B, 1, 1]]",[2708],27,post_attention_layernorm,,1,model.layers.27.post_attention_layernorm,aten.mean.dim,[],decode,False
2710,post_attention_layernorm,,elementwise_add,"[[B, 1, 1]]",,,"[[B, 1, 1]]",[2709],27,post_attention_layernorm,,1,model.layers.27.post_attention_layernorm,aten.add.Tensor,[],decode,False
2711,post_attention_layernorm,,rsqrt,"[[B, 1, 1]]",,,"[[B, 1, 1]]",[2710],27,post_attention_layernorm,,1,model.layers.27.post_attention_layernorm,aten.rsqrt.default,[],decode,False
2712,post_attention_layernorm,,elementwise_mul,"[[B, 1, d_model], [B, 1, 1]]",,,"[[B, 1, d_model]]","[2707, 2711]",27,post_attention_layernorm,,1,model.layers.27.post_attention_layernorm,aten.mul.Tensor,[],decode,False
2713,post_attention_layernorm,,_to_copy,"[[B, 1, d_model]]",,,"[[B, 1, d_model]]",[2712],27,post_attention_layernorm,,1,model.layers.27.post_attention_layernorm,aten._to_copy.default,[],decode,True
2714,post_attention_layernorm,,elementwise_mul,"[[d_model], [B, 1, d_model]]",,,"[[B, 1, d_model]]",[2713],27,post_attention_layernorm,,1,model.layers.27.post_attention_layernorm,aten.mul.Tensor,[model.layers.27.post_attention_layernorm.weight],decode,False
2715,mlp,gate_proj,t,"[[d_ff, d_model]]","[d_ff, d_model]",0,"[[d_model, d_ff]]",[],27,mlp,gate_proj,2,model.layers.27.mlp.gate_proj,aten.t.default,[model.layers.27.mlp.gate_proj.weight],decode,True
2716,mlp,gate_proj,view,"[[B, 1, d_model]]",,,"[[B, d_model]]",[2714],27,mlp,gate_proj,2,model.layers.27.mlp.gate_proj,aten.view.default,[],decode,True
2717,mlp,gate_proj,matmul,"[[B, d_model], [d_model, d_ff]]","[d_ff, d_model]",1,"[[B, d_ff]]","[2715, 2716]",27,mlp,gate_proj,2,model.layers.27.mlp.gate_proj,aten.mm.default,[model.layers.27.mlp.gate_proj.weight],decode,False
2718,mlp,gate_proj,_unsafe_view,"[[B, d_ff]]",,,"[[B, 1, d_ff]]",[2717],27,mlp,gate_proj,2,model.layers.27.mlp.gate_proj,aten._unsafe_view.default,[],decode,True
2719,mlp,act_fn,silu,"[[B, 1, d_ff]]",,,"[[B, 1, d_ff]]",[2718],27,mlp,act_fn,2,model.layers.27.mlp.act_fn,aten.silu.default,[],decode,False
2720,mlp,up_proj,t,"[[d_ff, d_model]]","[d_ff, d_model]",0,"[[d_model, d_ff]]",[],27,mlp,up_proj,2,model.layers.27.mlp.up_proj,aten.t.default,[model.layers.27.mlp.up_proj.weight],decode,True
2721,mlp,up_proj,view,"[[B, 1, d_model]]",,,"[[B, d_model]]",[2714],27,mlp,up_proj,2,model.layers.27.mlp.up_proj,aten.view.default,[],decode,True
2722,mlp,up_proj,matmul,"[[B, d_model], [d_model, d_ff]]","[d_ff, d_model]",1,"[[B, d_ff]]","[2720, 2721]",27,mlp,up_proj,2,model.layers.27.mlp.up_proj,aten.mm.default,[model.layers.27.mlp.up_proj.weight],decode,False
2723,mlp,up_proj,_unsafe_view,"[[B, d_ff]]",,,"[[B, 1, d_ff]]",[2722],27,mlp,up_proj,2,model.layers.27.mlp.up_proj,aten._unsafe_view.default,[],decode,True
2724,mlp,,elementwise_mul,"[[B, 1, d_ff], [B, 1, d_ff]]",,,"[[B, 1, d_ff]]","[2719, 2723]",27,mlp,,1,model.layers.27.mlp,aten.mul.Tensor,[],decode,False
2725,mlp,down_proj,t,"[[d_model, d_ff]]","[d_model, d_ff]",0,"[[d_ff, d_model]]",[],27,mlp,down_proj,2,model.layers.27.mlp.down_proj,aten.t.default,[model.layers.27.mlp.down_proj.weight],decode,True
2726,mlp,down_proj,view,"[[B, 1, d_ff]]",,,"[[B, d_ff]]",[2724],27,mlp,down_proj,2,model.layers.27.mlp.down_proj,aten.view.default,[],decode,True
2727,mlp,down_proj,matmul,"[[B, d_ff], [d_ff, d_model]]","[d_model, d_ff]",1,"[[B, d_model]]","[2725, 2726]",27,mlp,down_proj,2,model.layers.27.mlp.down_proj,aten.mm.default,[model.layers.27.mlp.down_proj.weight],decode,False
2728,mlp,down_proj,_unsafe_view,"[[B, d_model]]",,,"[[B, 1, d_model]]",[2727],27,mlp,down_proj,2,model.layers.27.mlp.down_proj,aten._unsafe_view.default,[],decode,True
2729,,,elementwise_add,"[[B, 1, d_model], [B, 1, d_model]]",,,"[[B, 1, d_model]]","[2706, 2728]",27,,,0,model.layers.27,aten.add.Tensor,[],decode,False
2730,input_layernorm,,_to_copy,"[[B, 1, d_model]]",,,"[[B, 1, d_model]]",[2729],28,input_layernorm,,1,model.layers.28.input_layernorm,aten._to_copy.default,[],decode,True
2731,input_layernorm,,pow,"[[B, 1, d_model]]",,,"[[B, 1, d_model]]",[2730],28,input_layernorm,,1,model.layers.28.input_layernorm,aten.pow.Tensor_Scalar,[],decode,False
2732,input_layernorm,,mean,"[[B, 1, d_model]]",,,"[[B, 1, 1]]",[2731],28,input_layernorm,,1,model.layers.28.input_layernorm,aten.mean.dim,[],decode,False
2733,input_layernorm,,elementwise_add,"[[B, 1, 1]]",,,"[[B, 1, 1]]",[2732],28,input_layernorm,,1,model.layers.28.input_layernorm,aten.add.Tensor,[],decode,False
2734,input_layernorm,,rsqrt,"[[B, 1, 1]]",,,"[[B, 1, 1]]",[2733],28,input_layernorm,,1,model.layers.28.input_layernorm,aten.rsqrt.default,[],decode,False
2735,input_layernorm,,elementwise_mul,"[[B, 1, d_model], [B, 1, 1]]",,,"[[B, 1, d_model]]","[2730, 2734]",28,input_layernorm,,1,model.layers.28.input_layernorm,aten.mul.Tensor,[],decode,False
2736,input_layernorm,,_to_copy,"[[B, 1, d_model]]",,,"[[B, 1, d_model]]",[2735],28,input_layernorm,,1,model.layers.28.input_layernorm,aten._to_copy.default,[],decode,True
2737,input_layernorm,,elementwise_mul,"[[d_model], [B, 1, d_model]]",,,"[[B, 1, d_model]]",[2736],28,input_layernorm,,1,model.layers.28.input_layernorm,aten.mul.Tensor,[model.layers.28.input_layernorm.weight],decode,False
2738,self_attn,q_proj,t,"[[n_h*d_head, d_model]]","[n_h*d_head, d_model]",0,"[[d_model, n_h*d_head]]",[],28,self_attn,q_proj,2,model.layers.28.self_attn.q_proj,aten.t.default,[model.layers.28.self_attn.q_proj.weight],decode,True
2739,self_attn,q_proj,view,"[[B, 1, d_model]]",,,"[[B, d_model]]",[2737],28,self_attn,q_proj,2,model.layers.28.self_attn.q_proj,aten.view.default,[],decode,True
2740,self_attn,q_proj,matmul,"[[B, d_model], [d_model, n_h*d_head]]","[n_h*d_head, d_model]",1,"[[B, n_h*d_head]]","[2738, 2739]",28,self_attn,q_proj,2,model.layers.28.self_attn.q_proj,aten.mm.default,[model.layers.28.self_attn.q_proj.weight],decode,False
2741,self_attn,q_proj,_unsafe_view,"[[B, n_h*d_head]]",,,"[[B, 1, n_h*d_head]]",[2740],28,self_attn,q_proj,2,model.layers.28.self_attn.q_proj,aten._unsafe_view.default,[],decode,True
2742,self_attn,,view,"[[B, 1, n_h*d_head]]",,,"[[B, 1, n_h, d_head]]",[2741],28,self_attn,,1,model.layers.28.self_attn,aten.view.default,[],decode,True
2743,self_attn,,transpose,"[[B, 1, n_h, d_head]]",,,"[[B, n_h, 1, d_head]]",[2742],28,self_attn,,1,model.layers.28.self_attn,aten.transpose.int,[],decode,True
2744,self_attn,k_proj,t,"[[n_kv*d_head, d_model]]","[n_kv*d_head, d_model]",0,"[[d_model, n_kv*d_head]]",[],28,self_attn,k_proj,2,model.layers.28.self_attn.k_proj,aten.t.default,[model.layers.28.self_attn.k_proj.weight],decode,True
2745,self_attn,k_proj,view,"[[B, 1, d_model]]",,,"[[B, d_model]]",[2737],28,self_attn,k_proj,2,model.layers.28.self_attn.k_proj,aten.view.default,[],decode,True
2746,self_attn,k_proj,matmul,"[[B, d_model], [d_model, n_kv*d_head]]","[n_kv*d_head, d_model]",1,"[[B, n_kv*d_head]]","[2744, 2745]",28,self_attn,k_proj,2,model.layers.28.self_attn.k_proj,aten.mm.default,[model.layers.28.self_attn.k_proj.weight],decode,False
2747,self_attn,k_proj,_unsafe_view,"[[B, n_kv*d_head]]",,,"[[B, 1, n_kv*d_head]]",[2746],28,self_attn,k_proj,2,model.layers.28.self_attn.k_proj,aten._unsafe_view.default,[],decode,True
2748,self_attn,,view,"[[B, 1, n_kv*d_head]]",,,"[[B, 1, n_kv, d_head]]",[2747],28,self_attn,,1,model.layers.28.self_attn,aten.view.default,[],decode,True
2749,self_attn,,transpose,"[[B, 1, n_kv, d_head]]",,,"[[B, n_kv, 1, d_head]]",[2748],28,self_attn,,1,model.layers.28.self_attn,aten.transpose.int,[],decode,True
2750,self_attn,v_proj,t,"[[n_kv*d_head, d_model]]","[n_kv*d_head, d_model]",0,"[[d_model, n_kv*d_head]]",[],28,self_attn,v_proj,2,model.layers.28.self_attn.v_proj,aten.t.default,[model.layers.28.self_attn.v_proj.weight],decode,True
2751,self_attn,v_proj,view,"[[B, 1, d_model]]",,,"[[B, d_model]]",[2737],28,self_attn,v_proj,2,model.layers.28.self_attn.v_proj,aten.view.default,[],decode,True
2752,self_attn,v_proj,matmul,"[[B, d_model], [d_model, n_kv*d_head]]","[n_kv*d_head, d_model]",1,"[[B, n_kv*d_head]]","[2750, 2751]",28,self_attn,v_proj,2,model.layers.28.self_attn.v_proj,aten.mm.default,[model.layers.28.self_attn.v_proj.weight],decode,False
2753,self_attn,v_proj,_unsafe_view,"[[B, n_kv*d_head]]",,,"[[B, 1, n_kv*d_head]]",[2752],28,self_attn,v_proj,2,model.layers.28.self_attn.v_proj,aten._unsafe_view.default,[],decode,True
2754,self_attn,,view,"[[B, 1, n_kv*d_head]]",,,"[[B, 1, n_kv, d_head]]",[2753],28,self_attn,,1,model.layers.28.self_attn,aten.view.default,[],decode,True
2755,self_attn,,transpose,"[[B, 1, n_kv, d_head]]",,,"[[B, n_kv, 1, d_head]]",[2754],28,self_attn,,1,model.layers.28.self_attn,aten.transpose.int,[],decode,True
2756,self_attn,,unsqueeze,"[[B, 1, d_head]]",,,"[[B, 1, 1, d_head]]",[40],28,self_attn,,1,model.layers.28.self_attn,aten.unsqueeze.default,[],decode,True
2757,self_attn,,unsqueeze,"[[B, 1, d_head]]",,,"[[B, 1, 1, d_head]]",[41],28,self_attn,,1,model.layers.28.self_attn,aten.unsqueeze.default,[],decode,True
2758,self_attn,,elementwise_mul,"[[B, n_h, 1, d_head], [B, 1, 1, d_head]]",,,"[[B, n_h, 1, d_head]]","[2743, 2756]",28,self_attn,,1,model.layers.28.self_attn,aten.mul.Tensor,[],decode,False
2759,self_attn,,slice,"[[B, n_h, 1, d_head]]",,,"[[B, n_h, 1, d_head/2]]",[2743],28,self_attn,,1,model.layers.28.self_attn,aten.slice.Tensor,[],decode,True
2760,self_attn,,slice,"[[B, n_h, 1, d_head]]",,,"[[B, n_h, 1, d_head/2]]",[2743],28,self_attn,,1,model.layers.28.self_attn,aten.slice.Tensor,[],decode,True
2761,self_attn,,neg,"[[B, n_h, 1, d_head/2]]",,,"[[B, n_h, 1, d_head/2]]",[2760],28,self_attn,,1,model.layers.28.self_attn,aten.neg.default,[],decode,False
2762,self_attn,,concat,"[[B, n_h, 1, d_head/2], [B, n_h, 1, d_head/2]]",,,"[[B, n_h, 1, d_head]]","[2759, 2761]",28,self_attn,,1,model.layers.28.self_attn,aten.cat.default,[],decode,False
2763,self_attn,,elementwise_mul,"[[B, n_h, 1, d_head], [B, 1, 1, d_head]]",,,"[[B, n_h, 1, d_head]]","[2757, 2762]",28,self_attn,,1,model.layers.28.self_attn,aten.mul.Tensor,[],decode,False
2764,self_attn,,elementwise_add,"[[B, n_h, 1, d_head], [B, n_h, 1, d_head]]",,,"[[B, n_h, 1, d_head]]","[2758, 2763]",28,self_attn,,1,model.layers.28.self_attn,aten.add.Tensor,[],decode,False
2765,self_attn,,elementwise_mul,"[[B, n_kv, 1, d_head], [B, 1, 1, d_head]]",,,"[[B, n_kv, 1, d_head]]","[2749, 2756]",28,self_attn,,1,model.layers.28.self_attn,aten.mul.Tensor,[],decode,False
2766,self_attn,,slice,"[[B, n_kv, 1, d_head]]",,,"[[B, n_kv, 1, d_head/2]]",[2749],28,self_attn,,1,model.layers.28.self_attn,aten.slice.Tensor,[],decode,True
2767,self_attn,,slice,"[[B, n_kv, 1, d_head]]",,,"[[B, n_kv, 1, d_head/2]]",[2749],28,self_attn,,1,model.layers.28.self_attn,aten.slice.Tensor,[],decode,True
2768,self_attn,,neg,"[[B, n_kv, 1, d_head/2]]",,,"[[B, n_kv, 1, d_head/2]]",[2767],28,self_attn,,1,model.layers.28.self_attn,aten.neg.default,[],decode,False
2769,self_attn,,concat,"[[B, n_kv, 1, d_head/2], [B, n_kv, 1, d_head/2]]",,,"[[B, n_kv, 1, d_head]]","[2766, 2768]",28,self_attn,,1,model.layers.28.self_attn,aten.cat.default,[],decode,False
2770,self_attn,,elementwise_mul,"[[B, n_kv, 1, d_head], [B, 1, 1, d_head]]",,,"[[B, n_kv, 1, d_head]]","[2757, 2769]",28,self_attn,,1,model.layers.28.self_attn,aten.mul.Tensor,[],decode,False
2771,self_attn,,elementwise_add,"[[B, n_kv, 1, d_head], [B, n_kv, 1, d_head]]",,,"[[B, n_kv, 1, d_head]]","[2765, 2770]",28,self_attn,,1,model.layers.28.self_attn,aten.add.Tensor,[],decode,False
2772,self_attn,,concat,"[[B, n_kv, T, d_head], [B, n_kv, 1, d_head]]",,,"[[B, n_kv, T+1, d_head]]",[2771],28,self_attn,,1,model.layers.28.self_attn,aten.cat.default,[],decode,False
2773,self_attn,,concat,"[[B, n_kv, T, d_head], [B, n_kv, 1, d_head]]",,,"[[B, n_kv, T+1, d_head]]",[2755],28,self_attn,,1,model.layers.28.self_attn,aten.cat.default,[],decode,False
2774,self_attn,,unsqueeze,"[[B, n_kv, T+1, d_head]]",,,"[[B, n_kv, 1, T+1, d_head]]",[2772],28,self_attn,,1,model.layers.28.self_attn,aten.unsqueeze.default,[],decode,True
2775,self_attn,,expand,"[[B, n_kv, 1, T+1, d_head]]",,,"[[B, n_kv, n_h/n_kv, T+1, d_head]]",[2774],28,self_attn,,1,model.layers.28.self_attn,aten.expand.default,[],decode,True
2776,self_attn,,clone,"[[B, n_kv, n_h/n_kv, T+1, d_head]]",,,"[[B, n_kv, n_h/n_kv, T+1, d_head]]",[2775],28,self_attn,,1,model.layers.28.self_attn,aten.clone.default,[],decode,True
2777,self_attn,,_unsafe_view,"[[B, n_kv, n_h/n_kv, T+1, d_head]]",,,"[[B, n_h, T+1, d_head]]",[2776],28,self_attn,,1,model.layers.28.self_attn,aten._unsafe_view.default,[],decode,True
2778,self_attn,,unsqueeze,"[[B, n_kv, T+1, d_head]]",,,"[[B, n_kv, 1, T+1, d_head]]",[2773],28,self_attn,,1,model.layers.28.self_attn,aten.unsqueeze.default,[],decode,True
2779,self_attn,,expand,"[[B, n_kv, 1, T+1, d_head]]",,,"[[B, n_kv, n_h/n_kv, T+1, d_head]]",[2778],28,self_attn,,1,model.layers.28.self_attn,aten.expand.default,[],decode,True
2780,self_attn,,clone,"[[B, n_kv, n_h/n_kv, T+1, d_head]]",,,"[[B, n_kv, n_h/n_kv, T+1, d_head]]",[2779],28,self_attn,,1,model.layers.28.self_attn,aten.clone.default,[],decode,True
2781,self_attn,,_unsafe_view,"[[B, n_kv, n_h/n_kv, T+1, d_head]]",,,"[[B, n_h, T+1, d_head]]",[2780],28,self_attn,,1,model.layers.28.self_attn,aten._unsafe_view.default,[],decode,True
2782,self_attn,,transpose,"[[B, n_h, T+1, d_head]]",,,"[[B, n_h, d_head, T+1]]",[2777],28,self_attn,,1,model.layers.28.self_attn,aten.transpose.int,[],decode,True
2783,self_attn,,expand,"[[B, n_h, 1, d_head]]",,,"[[B, n_h, 1, d_head]]",[2764],28,self_attn,,1,model.layers.28.self_attn,aten.expand.default,[],decode,True
2784,self_attn,,view,"[[B, n_h, 1, d_head]]",,,"[[n_h, B, d_head]]",[2783],28,self_attn,,1,model.layers.28.self_attn,aten.view.default,[],decode,True
2785,self_attn,,expand,"[[B, n_h, d_head, T+1]]",,,"[[B, n_h, d_head, T+1]]",[2782],28,self_attn,,1,model.layers.28.self_attn,aten.expand.default,[],decode,True
2786,self_attn,,view,"[[B, n_h, d_head, T+1]]",,,"[[n_h, d_head, T+1]]",[2785],28,self_attn,,1,model.layers.28.self_attn,aten.view.default,[],decode,True
2787,self_attn,,batched_matmul,"[[n_h, B, d_head], [n_h, d_head, T+1]]",,,"[[n_h, B, T+1]]","[2784, 2786]",28,self_attn,,1,model.layers.28.self_attn,aten.bmm.default,[],decode,False
2788,self_attn,,_unsafe_view,"[[n_h, B, T+1]]",,,"[[B, n_h, 1, T+1]]",[2787],28,self_attn,,1,model.layers.28.self_attn,aten._unsafe_view.default,[],decode,True
2789,self_attn,,elementwise_mul,"[[B, n_h, 1, T+1]]",,,"[[B, n_h, 1, T+1]]",[2788],28,self_attn,,1,model.layers.28.self_attn,aten.mul.Tensor,[],decode,False
2790,self_attn,,elementwise_add,"[[B, n_h, 1, T+1], [B, 1, 1, T+1]]",,,"[[B, n_h, 1, T+1]]","[22, 2789]",28,self_attn,,1,model.layers.28.self_attn,aten.add.Tensor,[],decode,False
2791,self_attn,,_to_copy,"[[B, n_h, 1, T+1]]",,,"[[B, n_h, 1, T+1]]",[2790],28,self_attn,,1,model.layers.28.self_attn,aten._to_copy.default,[],decode,True
2792,self_attn,,softmax,"[[B, n_h, 1, T+1]]",,,"[[B, n_h, 1, T+1]]",[2791],28,self_attn,,1,model.layers.28.self_attn,aten._softmax.default,[],decode,False
2793,self_attn,,_to_copy,"[[B, n_h, 1, T+1]]",,,"[[B, n_h, 1, T+1]]",[2792],28,self_attn,,1,model.layers.28.self_attn,aten._to_copy.default,[],decode,True
2794,self_attn,,expand,"[[B, n_h, 1, T+1]]",,,"[[B, n_h, 1, T+1]]",[2793],28,self_attn,,1,model.layers.28.self_attn,aten.expand.default,[],decode,True
2795,self_attn,,view,"[[B, n_h, 1, T+1]]",,,"[[n_h, B, T+1]]",[2794],28,self_attn,,1,model.layers.28.self_attn,aten.view.default,[],decode,True
2796,self_attn,,expand,"[[B, n_h, T+1, d_head]]",,,"[[B, n_h, T+1, d_head]]",[2781],28,self_attn,,1,model.layers.28.self_attn,aten.expand.default,[],decode,True
2797,self_attn,,view,"[[B, n_h, T+1, d_head]]",,,"[[n_h, T+1, d_head]]",[2796],28,self_attn,,1,model.layers.28.self_attn,aten.view.default,[],decode,True
2798,self_attn,,batched_matmul,"[[n_h, B, T+1], [n_h, T+1, d_head]]",,,"[[n_h, B, d_head]]","[2795, 2797]",28,self_attn,,1,model.layers.28.self_attn,aten.bmm.default,[],decode,False
2799,self_attn,,_unsafe_view,"[[n_h, B, d_head]]",,,"[[B, n_h, 1, d_head]]",[2798],28,self_attn,,1,model.layers.28.self_attn,aten._unsafe_view.default,[],decode,True
2800,self_attn,,transpose,"[[B, n_h, 1, d_head]]",,,"[[B, 1, n_h, d_head]]",[2799],28,self_attn,,1,model.layers.28.self_attn,aten.transpose.int,[],decode,True
2801,self_attn,,view,"[[B, 1, n_h, d_head]]",,,"[[B, 1, n_h*d_head]]",[2800],28,self_attn,,1,model.layers.28.self_attn,aten.view.default,[],decode,True
2802,self_attn,o_proj,t,"[[d_model, n_h*d_head]]","[d_model, n_h*d_head]",0,"[[n_h*d_head, d_model]]",[],28,self_attn,o_proj,2,model.layers.28.self_attn.o_proj,aten.t.default,[model.layers.28.self_attn.o_proj.weight],decode,True
2803,self_attn,o_proj,view,"[[B, 1, n_h*d_head]]",,,"[[B, n_h*d_head]]",[2801],28,self_attn,o_proj,2,model.layers.28.self_attn.o_proj,aten.view.default,[],decode,True
2804,self_attn,o_proj,matmul,"[[B, n_h*d_head], [n_h*d_head, d_model]]","[d_model, n_h*d_head]",1,"[[B, d_model]]","[2802, 2803]",28,self_attn,o_proj,2,model.layers.28.self_attn.o_proj,aten.mm.default,[model.layers.28.self_attn.o_proj.weight],decode,False
2805,self_attn,o_proj,_unsafe_view,"[[B, d_model]]",,,"[[B, 1, d_model]]",[2804],28,self_attn,o_proj,2,model.layers.28.self_attn.o_proj,aten._unsafe_view.default,[],decode,True
2806,,,elementwise_add,"[[B, 1, d_model], [B, 1, d_model]]",,,"[[B, 1, d_model]]","[2729, 2805]",28,,,0,model.layers.28,aten.add.Tensor,[],decode,False
2807,post_attention_layernorm,,_to_copy,"[[B, 1, d_model]]",,,"[[B, 1, d_model]]",[2806],28,post_attention_layernorm,,1,model.layers.28.post_attention_layernorm,aten._to_copy.default,[],decode,True
2808,post_attention_layernorm,,pow,"[[B, 1, d_model]]",,,"[[B, 1, d_model]]",[2807],28,post_attention_layernorm,,1,model.layers.28.post_attention_layernorm,aten.pow.Tensor_Scalar,[],decode,False
2809,post_attention_layernorm,,mean,"[[B, 1, d_model]]",,,"[[B, 1, 1]]",[2808],28,post_attention_layernorm,,1,model.layers.28.post_attention_layernorm,aten.mean.dim,[],decode,False
2810,post_attention_layernorm,,elementwise_add,"[[B, 1, 1]]",,,"[[B, 1, 1]]",[2809],28,post_attention_layernorm,,1,model.layers.28.post_attention_layernorm,aten.add.Tensor,[],decode,False
2811,post_attention_layernorm,,rsqrt,"[[B, 1, 1]]",,,"[[B, 1, 1]]",[2810],28,post_attention_layernorm,,1,model.layers.28.post_attention_layernorm,aten.rsqrt.default,[],decode,False
2812,post_attention_layernorm,,elementwise_mul,"[[B, 1, d_model], [B, 1, 1]]",,,"[[B, 1, d_model]]","[2807, 2811]",28,post_attention_layernorm,,1,model.layers.28.post_attention_layernorm,aten.mul.Tensor,[],decode,False
2813,post_attention_layernorm,,_to_copy,"[[B, 1, d_model]]",,,"[[B, 1, d_model]]",[2812],28,post_attention_layernorm,,1,model.layers.28.post_attention_layernorm,aten._to_copy.default,[],decode,True
2814,post_attention_layernorm,,elementwise_mul,"[[d_model], [B, 1, d_model]]",,,"[[B, 1, d_model]]",[2813],28,post_attention_layernorm,,1,model.layers.28.post_attention_layernorm,aten.mul.Tensor,[model.layers.28.post_attention_layernorm.weight],decode,False
2815,mlp,gate_proj,t,"[[d_ff, d_model]]","[d_ff, d_model]",0,"[[d_model, d_ff]]",[],28,mlp,gate_proj,2,model.layers.28.mlp.gate_proj,aten.t.default,[model.layers.28.mlp.gate_proj.weight],decode,True
2816,mlp,gate_proj,view,"[[B, 1, d_model]]",,,"[[B, d_model]]",[2814],28,mlp,gate_proj,2,model.layers.28.mlp.gate_proj,aten.view.default,[],decode,True
2817,mlp,gate_proj,matmul,"[[B, d_model], [d_model, d_ff]]","[d_ff, d_model]",1,"[[B, d_ff]]","[2815, 2816]",28,mlp,gate_proj,2,model.layers.28.mlp.gate_proj,aten.mm.default,[model.layers.28.mlp.gate_proj.weight],decode,False
2818,mlp,gate_proj,_unsafe_view,"[[B, d_ff]]",,,"[[B, 1, d_ff]]",[2817],28,mlp,gate_proj,2,model.layers.28.mlp.gate_proj,aten._unsafe_view.default,[],decode,True
2819,mlp,act_fn,silu,"[[B, 1, d_ff]]",,,"[[B, 1, d_ff]]",[2818],28,mlp,act_fn,2,model.layers.28.mlp.act_fn,aten.silu.default,[],decode,False
2820,mlp,up_proj,t,"[[d_ff, d_model]]","[d_ff, d_model]",0,"[[d_model, d_ff]]",[],28,mlp,up_proj,2,model.layers.28.mlp.up_proj,aten.t.default,[model.layers.28.mlp.up_proj.weight],decode,True
2821,mlp,up_proj,view,"[[B, 1, d_model]]",,,"[[B, d_model]]",[2814],28,mlp,up_proj,2,model.layers.28.mlp.up_proj,aten.view.default,[],decode,True
2822,mlp,up_proj,matmul,"[[B, d_model], [d_model, d_ff]]","[d_ff, d_model]",1,"[[B, d_ff]]","[2820, 2821]",28,mlp,up_proj,2,model.layers.28.mlp.up_proj,aten.mm.default,[model.layers.28.mlp.up_proj.weight],decode,False
2823,mlp,up_proj,_unsafe_view,"[[B, d_ff]]",,,"[[B, 1, d_ff]]",[2822],28,mlp,up_proj,2,model.layers.28.mlp.up_proj,aten._unsafe_view.default,[],decode,True
2824,mlp,,elementwise_mul,"[[B, 1, d_ff], [B, 1, d_ff]]",,,"[[B, 1, d_ff]]","[2819, 2823]",28,mlp,,1,model.layers.28.mlp,aten.mul.Tensor,[],decode,False
2825,mlp,down_proj,t,"[[d_model, d_ff]]","[d_model, d_ff]",0,"[[d_ff, d_model]]",[],28,mlp,down_proj,2,model.layers.28.mlp.down_proj,aten.t.default,[model.layers.28.mlp.down_proj.weight],decode,True
2826,mlp,down_proj,view,"[[B, 1, d_ff]]",,,"[[B, d_ff]]",[2824],28,mlp,down_proj,2,model.layers.28.mlp.down_proj,aten.view.default,[],decode,True
2827,mlp,down_proj,matmul,"[[B, d_ff], [d_ff, d_model]]","[d_model, d_ff]",1,"[[B, d_model]]","[2825, 2826]",28,mlp,down_proj,2,model.layers.28.mlp.down_proj,aten.mm.default,[model.layers.28.mlp.down_proj.weight],decode,False
2828,mlp,down_proj,_unsafe_view,"[[B, d_model]]",,,"[[B, 1, d_model]]",[2827],28,mlp,down_proj,2,model.layers.28.mlp.down_proj,aten._unsafe_view.default,[],decode,True
2829,,,elementwise_add,"[[B, 1, d_model], [B, 1, d_model]]",,,"[[B, 1, d_model]]","[2806, 2828]",28,,,0,model.layers.28,aten.add.Tensor,[],decode,False
2830,input_layernorm,,_to_copy,"[[B, 1, d_model]]",,,"[[B, 1, d_model]]",[2829],29,input_layernorm,,1,model.layers.29.input_layernorm,aten._to_copy.default,[],decode,True
2831,input_layernorm,,pow,"[[B, 1, d_model]]",,,"[[B, 1, d_model]]",[2830],29,input_layernorm,,1,model.layers.29.input_layernorm,aten.pow.Tensor_Scalar,[],decode,False
2832,input_layernorm,,mean,"[[B, 1, d_model]]",,,"[[B, 1, 1]]",[2831],29,input_layernorm,,1,model.layers.29.input_layernorm,aten.mean.dim,[],decode,False
2833,input_layernorm,,elementwise_add,"[[B, 1, 1]]",,,"[[B, 1, 1]]",[2832],29,input_layernorm,,1,model.layers.29.input_layernorm,aten.add.Tensor,[],decode,False
2834,input_layernorm,,rsqrt,"[[B, 1, 1]]",,,"[[B, 1, 1]]",[2833],29,input_layernorm,,1,model.layers.29.input_layernorm,aten.rsqrt.default,[],decode,False
2835,input_layernorm,,elementwise_mul,"[[B, 1, d_model], [B, 1, 1]]",,,"[[B, 1, d_model]]","[2830, 2834]",29,input_layernorm,,1,model.layers.29.input_layernorm,aten.mul.Tensor,[],decode,False
2836,input_layernorm,,_to_copy,"[[B, 1, d_model]]",,,"[[B, 1, d_model]]",[2835],29,input_layernorm,,1,model.layers.29.input_layernorm,aten._to_copy.default,[],decode,True
2837,input_layernorm,,elementwise_mul,"[[d_model], [B, 1, d_model]]",,,"[[B, 1, d_model]]",[2836],29,input_layernorm,,1,model.layers.29.input_layernorm,aten.mul.Tensor,[model.layers.29.input_layernorm.weight],decode,False
2838,self_attn,q_proj,t,"[[n_h*d_head, d_model]]","[n_h*d_head, d_model]",0,"[[d_model, n_h*d_head]]",[],29,self_attn,q_proj,2,model.layers.29.self_attn.q_proj,aten.t.default,[model.layers.29.self_attn.q_proj.weight],decode,True
2839,self_attn,q_proj,view,"[[B, 1, d_model]]",,,"[[B, d_model]]",[2837],29,self_attn,q_proj,2,model.layers.29.self_attn.q_proj,aten.view.default,[],decode,True
2840,self_attn,q_proj,matmul,"[[B, d_model], [d_model, n_h*d_head]]","[n_h*d_head, d_model]",1,"[[B, n_h*d_head]]","[2838, 2839]",29,self_attn,q_proj,2,model.layers.29.self_attn.q_proj,aten.mm.default,[model.layers.29.self_attn.q_proj.weight],decode,False
2841,self_attn,q_proj,_unsafe_view,"[[B, n_h*d_head]]",,,"[[B, 1, n_h*d_head]]",[2840],29,self_attn,q_proj,2,model.layers.29.self_attn.q_proj,aten._unsafe_view.default,[],decode,True
2842,self_attn,,view,"[[B, 1, n_h*d_head]]",,,"[[B, 1, n_h, d_head]]",[2841],29,self_attn,,1,model.layers.29.self_attn,aten.view.default,[],decode,True
2843,self_attn,,transpose,"[[B, 1, n_h, d_head]]",,,"[[B, n_h, 1, d_head]]",[2842],29,self_attn,,1,model.layers.29.self_attn,aten.transpose.int,[],decode,True
2844,self_attn,k_proj,t,"[[n_kv*d_head, d_model]]","[n_kv*d_head, d_model]",0,"[[d_model, n_kv*d_head]]",[],29,self_attn,k_proj,2,model.layers.29.self_attn.k_proj,aten.t.default,[model.layers.29.self_attn.k_proj.weight],decode,True
2845,self_attn,k_proj,view,"[[B, 1, d_model]]",,,"[[B, d_model]]",[2837],29,self_attn,k_proj,2,model.layers.29.self_attn.k_proj,aten.view.default,[],decode,True
2846,self_attn,k_proj,matmul,"[[B, d_model], [d_model, n_kv*d_head]]","[n_kv*d_head, d_model]",1,"[[B, n_kv*d_head]]","[2844, 2845]",29,self_attn,k_proj,2,model.layers.29.self_attn.k_proj,aten.mm.default,[model.layers.29.self_attn.k_proj.weight],decode,False
2847,self_attn,k_proj,_unsafe_view,"[[B, n_kv*d_head]]",,,"[[B, 1, n_kv*d_head]]",[2846],29,self_attn,k_proj,2,model.layers.29.self_attn.k_proj,aten._unsafe_view.default,[],decode,True
2848,self_attn,,view,"[[B, 1, n_kv*d_head]]",,,"[[B, 1, n_kv, d_head]]",[2847],29,self_attn,,1,model.layers.29.self_attn,aten.view.default,[],decode,True
2849,self_attn,,transpose,"[[B, 1, n_kv, d_head]]",,,"[[B, n_kv, 1, d_head]]",[2848],29,self_attn,,1,model.layers.29.self_attn,aten.transpose.int,[],decode,True
2850,self_attn,v_proj,t,"[[n_kv*d_head, d_model]]","[n_kv*d_head, d_model]",0,"[[d_model, n_kv*d_head]]",[],29,self_attn,v_proj,2,model.layers.29.self_attn.v_proj,aten.t.default,[model.layers.29.self_attn.v_proj.weight],decode,True
2851,self_attn,v_proj,view,"[[B, 1, d_model]]",,,"[[B, d_model]]",[2837],29,self_attn,v_proj,2,model.layers.29.self_attn.v_proj,aten.view.default,[],decode,True
2852,self_attn,v_proj,matmul,"[[B, d_model], [d_model, n_kv*d_head]]","[n_kv*d_head, d_model]",1,"[[B, n_kv*d_head]]","[2850, 2851]",29,self_attn,v_proj,2,model.layers.29.self_attn.v_proj,aten.mm.default,[model.layers.29.self_attn.v_proj.weight],decode,False
2853,self_attn,v_proj,_unsafe_view,"[[B, n_kv*d_head]]",,,"[[B, 1, n_kv*d_head]]",[2852],29,self_attn,v_proj,2,model.layers.29.self_attn.v_proj,aten._unsafe_view.default,[],decode,True
2854,self_attn,,view,"[[B, 1, n_kv*d_head]]",,,"[[B, 1, n_kv, d_head]]",[2853],29,self_attn,,1,model.layers.29.self_attn,aten.view.default,[],decode,True
2855,self_attn,,transpose,"[[B, 1, n_kv, d_head]]",,,"[[B, n_kv, 1, d_head]]",[2854],29,self_attn,,1,model.layers.29.self_attn,aten.transpose.int,[],decode,True
2856,self_attn,,unsqueeze,"[[B, 1, d_head]]",,,"[[B, 1, 1, d_head]]",[40],29,self_attn,,1,model.layers.29.self_attn,aten.unsqueeze.default,[],decode,True
2857,self_attn,,unsqueeze,"[[B, 1, d_head]]",,,"[[B, 1, 1, d_head]]",[41],29,self_attn,,1,model.layers.29.self_attn,aten.unsqueeze.default,[],decode,True
2858,self_attn,,elementwise_mul,"[[B, n_h, 1, d_head], [B, 1, 1, d_head]]",,,"[[B, n_h, 1, d_head]]","[2843, 2856]",29,self_attn,,1,model.layers.29.self_attn,aten.mul.Tensor,[],decode,False
2859,self_attn,,slice,"[[B, n_h, 1, d_head]]",,,"[[B, n_h, 1, d_head/2]]",[2843],29,self_attn,,1,model.layers.29.self_attn,aten.slice.Tensor,[],decode,True
2860,self_attn,,slice,"[[B, n_h, 1, d_head]]",,,"[[B, n_h, 1, d_head/2]]",[2843],29,self_attn,,1,model.layers.29.self_attn,aten.slice.Tensor,[],decode,True
2861,self_attn,,neg,"[[B, n_h, 1, d_head/2]]",,,"[[B, n_h, 1, d_head/2]]",[2860],29,self_attn,,1,model.layers.29.self_attn,aten.neg.default,[],decode,False
2862,self_attn,,concat,"[[B, n_h, 1, d_head/2], [B, n_h, 1, d_head/2]]",,,"[[B, n_h, 1, d_head]]","[2859, 2861]",29,self_attn,,1,model.layers.29.self_attn,aten.cat.default,[],decode,False
2863,self_attn,,elementwise_mul,"[[B, n_h, 1, d_head], [B, 1, 1, d_head]]",,,"[[B, n_h, 1, d_head]]","[2857, 2862]",29,self_attn,,1,model.layers.29.self_attn,aten.mul.Tensor,[],decode,False
2864,self_attn,,elementwise_add,"[[B, n_h, 1, d_head], [B, n_h, 1, d_head]]",,,"[[B, n_h, 1, d_head]]","[2858, 2863]",29,self_attn,,1,model.layers.29.self_attn,aten.add.Tensor,[],decode,False
2865,self_attn,,elementwise_mul,"[[B, n_kv, 1, d_head], [B, 1, 1, d_head]]",,,"[[B, n_kv, 1, d_head]]","[2849, 2856]",29,self_attn,,1,model.layers.29.self_attn,aten.mul.Tensor,[],decode,False
2866,self_attn,,slice,"[[B, n_kv, 1, d_head]]",,,"[[B, n_kv, 1, d_head/2]]",[2849],29,self_attn,,1,model.layers.29.self_attn,aten.slice.Tensor,[],decode,True
2867,self_attn,,slice,"[[B, n_kv, 1, d_head]]",,,"[[B, n_kv, 1, d_head/2]]",[2849],29,self_attn,,1,model.layers.29.self_attn,aten.slice.Tensor,[],decode,True
2868,self_attn,,neg,"[[B, n_kv, 1, d_head/2]]",,,"[[B, n_kv, 1, d_head/2]]",[2867],29,self_attn,,1,model.layers.29.self_attn,aten.neg.default,[],decode,False
2869,self_attn,,concat,"[[B, n_kv, 1, d_head/2], [B, n_kv, 1, d_head/2]]",,,"[[B, n_kv, 1, d_head]]","[2866, 2868]",29,self_attn,,1,model.layers.29.self_attn,aten.cat.default,[],decode,False
2870,self_attn,,elementwise_mul,"[[B, n_kv, 1, d_head], [B, 1, 1, d_head]]",,,"[[B, n_kv, 1, d_head]]","[2857, 2869]",29,self_attn,,1,model.layers.29.self_attn,aten.mul.Tensor,[],decode,False
2871,self_attn,,elementwise_add,"[[B, n_kv, 1, d_head], [B, n_kv, 1, d_head]]",,,"[[B, n_kv, 1, d_head]]","[2865, 2870]",29,self_attn,,1,model.layers.29.self_attn,aten.add.Tensor,[],decode,False
2872,self_attn,,concat,"[[B, n_kv, T, d_head], [B, n_kv, 1, d_head]]",,,"[[B, n_kv, T+1, d_head]]",[2871],29,self_attn,,1,model.layers.29.self_attn,aten.cat.default,[],decode,False
2873,self_attn,,concat,"[[B, n_kv, T, d_head], [B, n_kv, 1, d_head]]",,,"[[B, n_kv, T+1, d_head]]",[2855],29,self_attn,,1,model.layers.29.self_attn,aten.cat.default,[],decode,False
2874,self_attn,,unsqueeze,"[[B, n_kv, T+1, d_head]]",,,"[[B, n_kv, 1, T+1, d_head]]",[2872],29,self_attn,,1,model.layers.29.self_attn,aten.unsqueeze.default,[],decode,True
2875,self_attn,,expand,"[[B, n_kv, 1, T+1, d_head]]",,,"[[B, n_kv, n_h/n_kv, T+1, d_head]]",[2874],29,self_attn,,1,model.layers.29.self_attn,aten.expand.default,[],decode,True
2876,self_attn,,clone,"[[B, n_kv, n_h/n_kv, T+1, d_head]]",,,"[[B, n_kv, n_h/n_kv, T+1, d_head]]",[2875],29,self_attn,,1,model.layers.29.self_attn,aten.clone.default,[],decode,True
2877,self_attn,,_unsafe_view,"[[B, n_kv, n_h/n_kv, T+1, d_head]]",,,"[[B, n_h, T+1, d_head]]",[2876],29,self_attn,,1,model.layers.29.self_attn,aten._unsafe_view.default,[],decode,True
2878,self_attn,,unsqueeze,"[[B, n_kv, T+1, d_head]]",,,"[[B, n_kv, 1, T+1, d_head]]",[2873],29,self_attn,,1,model.layers.29.self_attn,aten.unsqueeze.default,[],decode,True
2879,self_attn,,expand,"[[B, n_kv, 1, T+1, d_head]]",,,"[[B, n_kv, n_h/n_kv, T+1, d_head]]",[2878],29,self_attn,,1,model.layers.29.self_attn,aten.expand.default,[],decode,True
2880,self_attn,,clone,"[[B, n_kv, n_h/n_kv, T+1, d_head]]",,,"[[B, n_kv, n_h/n_kv, T+1, d_head]]",[2879],29,self_attn,,1,model.layers.29.self_attn,aten.clone.default,[],decode,True
2881,self_attn,,_unsafe_view,"[[B, n_kv, n_h/n_kv, T+1, d_head]]",,,"[[B, n_h, T+1, d_head]]",[2880],29,self_attn,,1,model.layers.29.self_attn,aten._unsafe_view.default,[],decode,True
2882,self_attn,,transpose,"[[B, n_h, T+1, d_head]]",,,"[[B, n_h, d_head, T+1]]",[2877],29,self_attn,,1,model.layers.29.self_attn,aten.transpose.int,[],decode,True
2883,self_attn,,expand,"[[B, n_h, 1, d_head]]",,,"[[B, n_h, 1, d_head]]",[2864],29,self_attn,,1,model.layers.29.self_attn,aten.expand.default,[],decode,True
2884,self_attn,,view,"[[B, n_h, 1, d_head]]",,,"[[n_h, B, d_head]]",[2883],29,self_attn,,1,model.layers.29.self_attn,aten.view.default,[],decode,True
2885,self_attn,,expand,"[[B, n_h, d_head, T+1]]",,,"[[B, n_h, d_head, T+1]]",[2882],29,self_attn,,1,model.layers.29.self_attn,aten.expand.default,[],decode,True
2886,self_attn,,view,"[[B, n_h, d_head, T+1]]",,,"[[n_h, d_head, T+1]]",[2885],29,self_attn,,1,model.layers.29.self_attn,aten.view.default,[],decode,True
2887,self_attn,,batched_matmul,"[[n_h, B, d_head], [n_h, d_head, T+1]]",,,"[[n_h, B, T+1]]","[2884, 2886]",29,self_attn,,1,model.layers.29.self_attn,aten.bmm.default,[],decode,False
2888,self_attn,,_unsafe_view,"[[n_h, B, T+1]]",,,"[[B, n_h, 1, T+1]]",[2887],29,self_attn,,1,model.layers.29.self_attn,aten._unsafe_view.default,[],decode,True
2889,self_attn,,elementwise_mul,"[[B, n_h, 1, T+1]]",,,"[[B, n_h, 1, T+1]]",[2888],29,self_attn,,1,model.layers.29.self_attn,aten.mul.Tensor,[],decode,False
2890,self_attn,,elementwise_add,"[[B, n_h, 1, T+1], [B, 1, 1, T+1]]",,,"[[B, n_h, 1, T+1]]","[22, 2889]",29,self_attn,,1,model.layers.29.self_attn,aten.add.Tensor,[],decode,False
2891,self_attn,,_to_copy,"[[B, n_h, 1, T+1]]",,,"[[B, n_h, 1, T+1]]",[2890],29,self_attn,,1,model.layers.29.self_attn,aten._to_copy.default,[],decode,True
2892,self_attn,,softmax,"[[B, n_h, 1, T+1]]",,,"[[B, n_h, 1, T+1]]",[2891],29,self_attn,,1,model.layers.29.self_attn,aten._softmax.default,[],decode,False
2893,self_attn,,_to_copy,"[[B, n_h, 1, T+1]]",,,"[[B, n_h, 1, T+1]]",[2892],29,self_attn,,1,model.layers.29.self_attn,aten._to_copy.default,[],decode,True
2894,self_attn,,expand,"[[B, n_h, 1, T+1]]",,,"[[B, n_h, 1, T+1]]",[2893],29,self_attn,,1,model.layers.29.self_attn,aten.expand.default,[],decode,True
2895,self_attn,,view,"[[B, n_h, 1, T+1]]",,,"[[n_h, B, T+1]]",[2894],29,self_attn,,1,model.layers.29.self_attn,aten.view.default,[],decode,True
2896,self_attn,,expand,"[[B, n_h, T+1, d_head]]",,,"[[B, n_h, T+1, d_head]]",[2881],29,self_attn,,1,model.layers.29.self_attn,aten.expand.default,[],decode,True
2897,self_attn,,view,"[[B, n_h, T+1, d_head]]",,,"[[n_h, T+1, d_head]]",[2896],29,self_attn,,1,model.layers.29.self_attn,aten.view.default,[],decode,True
2898,self_attn,,batched_matmul,"[[n_h, B, T+1], [n_h, T+1, d_head]]",,,"[[n_h, B, d_head]]","[2895, 2897]",29,self_attn,,1,model.layers.29.self_attn,aten.bmm.default,[],decode,False
2899,self_attn,,_unsafe_view,"[[n_h, B, d_head]]",,,"[[B, n_h, 1, d_head]]",[2898],29,self_attn,,1,model.layers.29.self_attn,aten._unsafe_view.default,[],decode,True
2900,self_attn,,transpose,"[[B, n_h, 1, d_head]]",,,"[[B, 1, n_h, d_head]]",[2899],29,self_attn,,1,model.layers.29.self_attn,aten.transpose.int,[],decode,True
2901,self_attn,,view,"[[B, 1, n_h, d_head]]",,,"[[B, 1, n_h*d_head]]",[2900],29,self_attn,,1,model.layers.29.self_attn,aten.view.default,[],decode,True
2902,self_attn,o_proj,t,"[[d_model, n_h*d_head]]","[d_model, n_h*d_head]",0,"[[n_h*d_head, d_model]]",[],29,self_attn,o_proj,2,model.layers.29.self_attn.o_proj,aten.t.default,[model.layers.29.self_attn.o_proj.weight],decode,True
2903,self_attn,o_proj,view,"[[B, 1, n_h*d_head]]",,,"[[B, n_h*d_head]]",[2901],29,self_attn,o_proj,2,model.layers.29.self_attn.o_proj,aten.view.default,[],decode,True
2904,self_attn,o_proj,matmul,"[[B, n_h*d_head], [n_h*d_head, d_model]]","[d_model, n_h*d_head]",1,"[[B, d_model]]","[2902, 2903]",29,self_attn,o_proj,2,model.layers.29.self_attn.o_proj,aten.mm.default,[model.layers.29.self_attn.o_proj.weight],decode,False
2905,self_attn,o_proj,_unsafe_view,"[[B, d_model]]",,,"[[B, 1, d_model]]",[2904],29,self_attn,o_proj,2,model.layers.29.self_attn.o_proj,aten._unsafe_view.default,[],decode,True
2906,,,elementwise_add,"[[B, 1, d_model], [B, 1, d_model]]",,,"[[B, 1, d_model]]","[2829, 2905]",29,,,0,model.layers.29,aten.add.Tensor,[],decode,False
2907,post_attention_layernorm,,_to_copy,"[[B, 1, d_model]]",,,"[[B, 1, d_model]]",[2906],29,post_attention_layernorm,,1,model.layers.29.post_attention_layernorm,aten._to_copy.default,[],decode,True
2908,post_attention_layernorm,,pow,"[[B, 1, d_model]]",,,"[[B, 1, d_model]]",[2907],29,post_attention_layernorm,,1,model.layers.29.post_attention_layernorm,aten.pow.Tensor_Scalar,[],decode,False
2909,post_attention_layernorm,,mean,"[[B, 1, d_model]]",,,"[[B, 1, 1]]",[2908],29,post_attention_layernorm,,1,model.layers.29.post_attention_layernorm,aten.mean.dim,[],decode,False
2910,post_attention_layernorm,,elementwise_add,"[[B, 1, 1]]",,,"[[B, 1, 1]]",[2909],29,post_attention_layernorm,,1,model.layers.29.post_attention_layernorm,aten.add.Tensor,[],decode,False
2911,post_attention_layernorm,,rsqrt,"[[B, 1, 1]]",,,"[[B, 1, 1]]",[2910],29,post_attention_layernorm,,1,model.layers.29.post_attention_layernorm,aten.rsqrt.default,[],decode,False
2912,post_attention_layernorm,,elementwise_mul,"[[B, 1, d_model], [B, 1, 1]]",,,"[[B, 1, d_model]]","[2907, 2911]",29,post_attention_layernorm,,1,model.layers.29.post_attention_layernorm,aten.mul.Tensor,[],decode,False
2913,post_attention_layernorm,,_to_copy,"[[B, 1, d_model]]",,,"[[B, 1, d_model]]",[2912],29,post_attention_layernorm,,1,model.layers.29.post_attention_layernorm,aten._to_copy.default,[],decode,True
2914,post_attention_layernorm,,elementwise_mul,"[[d_model], [B, 1, d_model]]",,,"[[B, 1, d_model]]",[2913],29,post_attention_layernorm,,1,model.layers.29.post_attention_layernorm,aten.mul.Tensor,[model.layers.29.post_attention_layernorm.weight],decode,False
2915,mlp,gate_proj,t,"[[d_ff, d_model]]","[d_ff, d_model]",0,"[[d_model, d_ff]]",[],29,mlp,gate_proj,2,model.layers.29.mlp.gate_proj,aten.t.default,[model.layers.29.mlp.gate_proj.weight],decode,True
2916,mlp,gate_proj,view,"[[B, 1, d_model]]",,,"[[B, d_model]]",[2914],29,mlp,gate_proj,2,model.layers.29.mlp.gate_proj,aten.view.default,[],decode,True
2917,mlp,gate_proj,matmul,"[[B, d_model], [d_model, d_ff]]","[d_ff, d_model]",1,"[[B, d_ff]]","[2915, 2916]",29,mlp,gate_proj,2,model.layers.29.mlp.gate_proj,aten.mm.default,[model.layers.29.mlp.gate_proj.weight],decode,False
2918,mlp,gate_proj,_unsafe_view,"[[B, d_ff]]",,,"[[B, 1, d_ff]]",[2917],29,mlp,gate_proj,2,model.layers.29.mlp.gate_proj,aten._unsafe_view.default,[],decode,True
2919,mlp,act_fn,silu,"[[B, 1, d_ff]]",,,"[[B, 1, d_ff]]",[2918],29,mlp,act_fn,2,model.layers.29.mlp.act_fn,aten.silu.default,[],decode,False
2920,mlp,up_proj,t,"[[d_ff, d_model]]","[d_ff, d_model]",0,"[[d_model, d_ff]]",[],29,mlp,up_proj,2,model.layers.29.mlp.up_proj,aten.t.default,[model.layers.29.mlp.up_proj.weight],decode,True
2921,mlp,up_proj,view,"[[B, 1, d_model]]",,,"[[B, d_model]]",[2914],29,mlp,up_proj,2,model.layers.29.mlp.up_proj,aten.view.default,[],decode,True
2922,mlp,up_proj,matmul,"[[B, d_model], [d_model, d_ff]]","[d_ff, d_model]",1,"[[B, d_ff]]","[2920, 2921]",29,mlp,up_proj,2,model.layers.29.mlp.up_proj,aten.mm.default,[model.layers.29.mlp.up_proj.weight],decode,False
2923,mlp,up_proj,_unsafe_view,"[[B, d_ff]]",,,"[[B, 1, d_ff]]",[2922],29,mlp,up_proj,2,model.layers.29.mlp.up_proj,aten._unsafe_view.default,[],decode,True
2924,mlp,,elementwise_mul,"[[B, 1, d_ff], [B, 1, d_ff]]",,,"[[B, 1, d_ff]]","[2919, 2923]",29,mlp,,1,model.layers.29.mlp,aten.mul.Tensor,[],decode,False
2925,mlp,down_proj,t,"[[d_model, d_ff]]","[d_model, d_ff]",0,"[[d_ff, d_model]]",[],29,mlp,down_proj,2,model.layers.29.mlp.down_proj,aten.t.default,[model.layers.29.mlp.down_proj.weight],decode,True
2926,mlp,down_proj,view,"[[B, 1, d_ff]]",,,"[[B, d_ff]]",[2924],29,mlp,down_proj,2,model.layers.29.mlp.down_proj,aten.view.default,[],decode,True
2927,mlp,down_proj,matmul,"[[B, d_ff], [d_ff, d_model]]","[d_model, d_ff]",1,"[[B, d_model]]","[2925, 2926]",29,mlp,down_proj,2,model.layers.29.mlp.down_proj,aten.mm.default,[model.layers.29.mlp.down_proj.weight],decode,False
2928,mlp,down_proj,_unsafe_view,"[[B, d_model]]",,,"[[B, 1, d_model]]",[2927],29,mlp,down_proj,2,model.layers.29.mlp.down_proj,aten._unsafe_view.default,[],decode,True
2929,,,elementwise_add,"[[B, 1, d_model], [B, 1, d_model]]",,,"[[B, 1, d_model]]","[2906, 2928]",29,,,0,model.layers.29,aten.add.Tensor,[],decode,False
2930,input_layernorm,,_to_copy,"[[B, 1, d_model]]",,,"[[B, 1, d_model]]",[2929],30,input_layernorm,,1,model.layers.30.input_layernorm,aten._to_copy.default,[],decode,True
2931,input_layernorm,,pow,"[[B, 1, d_model]]",,,"[[B, 1, d_model]]",[2930],30,input_layernorm,,1,model.layers.30.input_layernorm,aten.pow.Tensor_Scalar,[],decode,False
2932,input_layernorm,,mean,"[[B, 1, d_model]]",,,"[[B, 1, 1]]",[2931],30,input_layernorm,,1,model.layers.30.input_layernorm,aten.mean.dim,[],decode,False
2933,input_layernorm,,elementwise_add,"[[B, 1, 1]]",,,"[[B, 1, 1]]",[2932],30,input_layernorm,,1,model.layers.30.input_layernorm,aten.add.Tensor,[],decode,False
2934,input_layernorm,,rsqrt,"[[B, 1, 1]]",,,"[[B, 1, 1]]",[2933],30,input_layernorm,,1,model.layers.30.input_layernorm,aten.rsqrt.default,[],decode,False
2935,input_layernorm,,elementwise_mul,"[[B, 1, d_model], [B, 1, 1]]",,,"[[B, 1, d_model]]","[2930, 2934]",30,input_layernorm,,1,model.layers.30.input_layernorm,aten.mul.Tensor,[],decode,False
2936,input_layernorm,,_to_copy,"[[B, 1, d_model]]",,,"[[B, 1, d_model]]",[2935],30,input_layernorm,,1,model.layers.30.input_layernorm,aten._to_copy.default,[],decode,True
2937,input_layernorm,,elementwise_mul,"[[d_model], [B, 1, d_model]]",,,"[[B, 1, d_model]]",[2936],30,input_layernorm,,1,model.layers.30.input_layernorm,aten.mul.Tensor,[model.layers.30.input_layernorm.weight],decode,False
2938,self_attn,q_proj,t,"[[n_h*d_head, d_model]]","[n_h*d_head, d_model]",0,"[[d_model, n_h*d_head]]",[],30,self_attn,q_proj,2,model.layers.30.self_attn.q_proj,aten.t.default,[model.layers.30.self_attn.q_proj.weight],decode,True
2939,self_attn,q_proj,view,"[[B, 1, d_model]]",,,"[[B, d_model]]",[2937],30,self_attn,q_proj,2,model.layers.30.self_attn.q_proj,aten.view.default,[],decode,True
2940,self_attn,q_proj,matmul,"[[B, d_model], [d_model, n_h*d_head]]","[n_h*d_head, d_model]",1,"[[B, n_h*d_head]]","[2938, 2939]",30,self_attn,q_proj,2,model.layers.30.self_attn.q_proj,aten.mm.default,[model.layers.30.self_attn.q_proj.weight],decode,False
2941,self_attn,q_proj,_unsafe_view,"[[B, n_h*d_head]]",,,"[[B, 1, n_h*d_head]]",[2940],30,self_attn,q_proj,2,model.layers.30.self_attn.q_proj,aten._unsafe_view.default,[],decode,True
2942,self_attn,,view,"[[B, 1, n_h*d_head]]",,,"[[B, 1, n_h, d_head]]",[2941],30,self_attn,,1,model.layers.30.self_attn,aten.view.default,[],decode,True
2943,self_attn,,transpose,"[[B, 1, n_h, d_head]]",,,"[[B, n_h, 1, d_head]]",[2942],30,self_attn,,1,model.layers.30.self_attn,aten.transpose.int,[],decode,True
2944,self_attn,k_proj,t,"[[n_kv*d_head, d_model]]","[n_kv*d_head, d_model]",0,"[[d_model, n_kv*d_head]]",[],30,self_attn,k_proj,2,model.layers.30.self_attn.k_proj,aten.t.default,[model.layers.30.self_attn.k_proj.weight],decode,True
2945,self_attn,k_proj,view,"[[B, 1, d_model]]",,,"[[B, d_model]]",[2937],30,self_attn,k_proj,2,model.layers.30.self_attn.k_proj,aten.view.default,[],decode,True
2946,self_attn,k_proj,matmul,"[[B, d_model], [d_model, n_kv*d_head]]","[n_kv*d_head, d_model]",1,"[[B, n_kv*d_head]]","[2944, 2945]",30,self_attn,k_proj,2,model.layers.30.self_attn.k_proj,aten.mm.default,[model.layers.30.self_attn.k_proj.weight],decode,False
2947,self_attn,k_proj,_unsafe_view,"[[B, n_kv*d_head]]",,,"[[B, 1, n_kv*d_head]]",[2946],30,self_attn,k_proj,2,model.layers.30.self_attn.k_proj,aten._unsafe_view.default,[],decode,True
2948,self_attn,,view,"[[B, 1, n_kv*d_head]]",,,"[[B, 1, n_kv, d_head]]",[2947],30,self_attn,,1,model.layers.30.self_attn,aten.view.default,[],decode,True
2949,self_attn,,transpose,"[[B, 1, n_kv, d_head]]",,,"[[B, n_kv, 1, d_head]]",[2948],30,self_attn,,1,model.layers.30.self_attn,aten.transpose.int,[],decode,True
2950,self_attn,v_proj,t,"[[n_kv*d_head, d_model]]","[n_kv*d_head, d_model]",0,"[[d_model, n_kv*d_head]]",[],30,self_attn,v_proj,2,model.layers.30.self_attn.v_proj,aten.t.default,[model.layers.30.self_attn.v_proj.weight],decode,True
2951,self_attn,v_proj,view,"[[B, 1, d_model]]",,,"[[B, d_model]]",[2937],30,self_attn,v_proj,2,model.layers.30.self_attn.v_proj,aten.view.default,[],decode,True
2952,self_attn,v_proj,matmul,"[[B, d_model], [d_model, n_kv*d_head]]","[n_kv*d_head, d_model]",1,"[[B, n_kv*d_head]]","[2950, 2951]",30,self_attn,v_proj,2,model.layers.30.self_attn.v_proj,aten.mm.default,[model.layers.30.self_attn.v_proj.weight],decode,False
2953,self_attn,v_proj,_unsafe_view,"[[B, n_kv*d_head]]",,,"[[B, 1, n_kv*d_head]]",[2952],30,self_attn,v_proj,2,model.layers.30.self_attn.v_proj,aten._unsafe_view.default,[],decode,True
2954,self_attn,,view,"[[B, 1, n_kv*d_head]]",,,"[[B, 1, n_kv, d_head]]",[2953],30,self_attn,,1,model.layers.30.self_attn,aten.view.default,[],decode,True
2955,self_attn,,transpose,"[[B, 1, n_kv, d_head]]",,,"[[B, n_kv, 1, d_head]]",[2954],30,self_attn,,1,model.layers.30.self_attn,aten.transpose.int,[],decode,True
2956,self_attn,,unsqueeze,"[[B, 1, d_head]]",,,"[[B, 1, 1, d_head]]",[40],30,self_attn,,1,model.layers.30.self_attn,aten.unsqueeze.default,[],decode,True
2957,self_attn,,unsqueeze,"[[B, 1, d_head]]",,,"[[B, 1, 1, d_head]]",[41],30,self_attn,,1,model.layers.30.self_attn,aten.unsqueeze.default,[],decode,True
2958,self_attn,,elementwise_mul,"[[B, n_h, 1, d_head], [B, 1, 1, d_head]]",,,"[[B, n_h, 1, d_head]]","[2943, 2956]",30,self_attn,,1,model.layers.30.self_attn,aten.mul.Tensor,[],decode,False
2959,self_attn,,slice,"[[B, n_h, 1, d_head]]",,,"[[B, n_h, 1, d_head/2]]",[2943],30,self_attn,,1,model.layers.30.self_attn,aten.slice.Tensor,[],decode,True
2960,self_attn,,slice,"[[B, n_h, 1, d_head]]",,,"[[B, n_h, 1, d_head/2]]",[2943],30,self_attn,,1,model.layers.30.self_attn,aten.slice.Tensor,[],decode,True
2961,self_attn,,neg,"[[B, n_h, 1, d_head/2]]",,,"[[B, n_h, 1, d_head/2]]",[2960],30,self_attn,,1,model.layers.30.self_attn,aten.neg.default,[],decode,False
2962,self_attn,,concat,"[[B, n_h, 1, d_head/2], [B, n_h, 1, d_head/2]]",,,"[[B, n_h, 1, d_head]]","[2959, 2961]",30,self_attn,,1,model.layers.30.self_attn,aten.cat.default,[],decode,False
2963,self_attn,,elementwise_mul,"[[B, n_h, 1, d_head], [B, 1, 1, d_head]]",,,"[[B, n_h, 1, d_head]]","[2957, 2962]",30,self_attn,,1,model.layers.30.self_attn,aten.mul.Tensor,[],decode,False
2964,self_attn,,elementwise_add,"[[B, n_h, 1, d_head], [B, n_h, 1, d_head]]",,,"[[B, n_h, 1, d_head]]","[2958, 2963]",30,self_attn,,1,model.layers.30.self_attn,aten.add.Tensor,[],decode,False
2965,self_attn,,elementwise_mul,"[[B, n_kv, 1, d_head], [B, 1, 1, d_head]]",,,"[[B, n_kv, 1, d_head]]","[2949, 2956]",30,self_attn,,1,model.layers.30.self_attn,aten.mul.Tensor,[],decode,False
2966,self_attn,,slice,"[[B, n_kv, 1, d_head]]",,,"[[B, n_kv, 1, d_head/2]]",[2949],30,self_attn,,1,model.layers.30.self_attn,aten.slice.Tensor,[],decode,True
2967,self_attn,,slice,"[[B, n_kv, 1, d_head]]",,,"[[B, n_kv, 1, d_head/2]]",[2949],30,self_attn,,1,model.layers.30.self_attn,aten.slice.Tensor,[],decode,True
2968,self_attn,,neg,"[[B, n_kv, 1, d_head/2]]",,,"[[B, n_kv, 1, d_head/2]]",[2967],30,self_attn,,1,model.layers.30.self_attn,aten.neg.default,[],decode,False
2969,self_attn,,concat,"[[B, n_kv, 1, d_head/2], [B, n_kv, 1, d_head/2]]",,,"[[B, n_kv, 1, d_head]]","[2966, 2968]",30,self_attn,,1,model.layers.30.self_attn,aten.cat.default,[],decode,False
2970,self_attn,,elementwise_mul,"[[B, n_kv, 1, d_head], [B, 1, 1, d_head]]",,,"[[B, n_kv, 1, d_head]]","[2957, 2969]",30,self_attn,,1,model.layers.30.self_attn,aten.mul.Tensor,[],decode,False
2971,self_attn,,elementwise_add,"[[B, n_kv, 1, d_head], [B, n_kv, 1, d_head]]",,,"[[B, n_kv, 1, d_head]]","[2965, 2970]",30,self_attn,,1,model.layers.30.self_attn,aten.add.Tensor,[],decode,False
2972,self_attn,,concat,"[[B, n_kv, T, d_head], [B, n_kv, 1, d_head]]",,,"[[B, n_kv, T+1, d_head]]",[2971],30,self_attn,,1,model.layers.30.self_attn,aten.cat.default,[],decode,False
2973,self_attn,,concat,"[[B, n_kv, T, d_head], [B, n_kv, 1, d_head]]",,,"[[B, n_kv, T+1, d_head]]",[2955],30,self_attn,,1,model.layers.30.self_attn,aten.cat.default,[],decode,False
2974,self_attn,,unsqueeze,"[[B, n_kv, T+1, d_head]]",,,"[[B, n_kv, 1, T+1, d_head]]",[2972],30,self_attn,,1,model.layers.30.self_attn,aten.unsqueeze.default,[],decode,True
2975,self_attn,,expand,"[[B, n_kv, 1, T+1, d_head]]",,,"[[B, n_kv, n_h/n_kv, T+1, d_head]]",[2974],30,self_attn,,1,model.layers.30.self_attn,aten.expand.default,[],decode,True
2976,self_attn,,clone,"[[B, n_kv, n_h/n_kv, T+1, d_head]]",,,"[[B, n_kv, n_h/n_kv, T+1, d_head]]",[2975],30,self_attn,,1,model.layers.30.self_attn,aten.clone.default,[],decode,True
2977,self_attn,,_unsafe_view,"[[B, n_kv, n_h/n_kv, T+1, d_head]]",,,"[[B, n_h, T+1, d_head]]",[2976],30,self_attn,,1,model.layers.30.self_attn,aten._unsafe_view.default,[],decode,True
2978,self_attn,,unsqueeze,"[[B, n_kv, T+1, d_head]]",,,"[[B, n_kv, 1, T+1, d_head]]",[2973],30,self_attn,,1,model.layers.30.self_attn,aten.unsqueeze.default,[],decode,True
2979,self_attn,,expand,"[[B, n_kv, 1, T+1, d_head]]",,,"[[B, n_kv, n_h/n_kv, T+1, d_head]]",[2978],30,self_attn,,1,model.layers.30.self_attn,aten.expand.default,[],decode,True
2980,self_attn,,clone,"[[B, n_kv, n_h/n_kv, T+1, d_head]]",,,"[[B, n_kv, n_h/n_kv, T+1, d_head]]",[2979],30,self_attn,,1,model.layers.30.self_attn,aten.clone.default,[],decode,True
2981,self_attn,,_unsafe_view,"[[B, n_kv, n_h/n_kv, T+1, d_head]]",,,"[[B, n_h, T+1, d_head]]",[2980],30,self_attn,,1,model.layers.30.self_attn,aten._unsafe_view.default,[],decode,True
2982,self_attn,,transpose,"[[B, n_h, T+1, d_head]]",,,"[[B, n_h, d_head, T+1]]",[2977],30,self_attn,,1,model.layers.30.self_attn,aten.transpose.int,[],decode,True
2983,self_attn,,expand,"[[B, n_h, 1, d_head]]",,,"[[B, n_h, 1, d_head]]",[2964],30,self_attn,,1,model.layers.30.self_attn,aten.expand.default,[],decode,True
2984,self_attn,,view,"[[B, n_h, 1, d_head]]",,,"[[n_h, B, d_head]]",[2983],30,self_attn,,1,model.layers.30.self_attn,aten.view.default,[],decode,True
2985,self_attn,,expand,"[[B, n_h, d_head, T+1]]",,,"[[B, n_h, d_head, T+1]]",[2982],30,self_attn,,1,model.layers.30.self_attn,aten.expand.default,[],decode,True
2986,self_attn,,view,"[[B, n_h, d_head, T+1]]",,,"[[n_h, d_head, T+1]]",[2985],30,self_attn,,1,model.layers.30.self_attn,aten.view.default,[],decode,True
2987,self_attn,,batched_matmul,"[[n_h, B, d_head], [n_h, d_head, T+1]]",,,"[[n_h, B, T+1]]","[2984, 2986]",30,self_attn,,1,model.layers.30.self_attn,aten.bmm.default,[],decode,False
2988,self_attn,,_unsafe_view,"[[n_h, B, T+1]]",,,"[[B, n_h, 1, T+1]]",[2987],30,self_attn,,1,model.layers.30.self_attn,aten._unsafe_view.default,[],decode,True
2989,self_attn,,elementwise_mul,"[[B, n_h, 1, T+1]]",,,"[[B, n_h, 1, T+1]]",[2988],30,self_attn,,1,model.layers.30.self_attn,aten.mul.Tensor,[],decode,False
2990,self_attn,,elementwise_add,"[[B, n_h, 1, T+1], [B, 1, 1, T+1]]",,,"[[B, n_h, 1, T+1]]","[22, 2989]",30,self_attn,,1,model.layers.30.self_attn,aten.add.Tensor,[],decode,False
2991,self_attn,,_to_copy,"[[B, n_h, 1, T+1]]",,,"[[B, n_h, 1, T+1]]",[2990],30,self_attn,,1,model.layers.30.self_attn,aten._to_copy.default,[],decode,True
2992,self_attn,,softmax,"[[B, n_h, 1, T+1]]",,,"[[B, n_h, 1, T+1]]",[2991],30,self_attn,,1,model.layers.30.self_attn,aten._softmax.default,[],decode,False
2993,self_attn,,_to_copy,"[[B, n_h, 1, T+1]]",,,"[[B, n_h, 1, T+1]]",[2992],30,self_attn,,1,model.layers.30.self_attn,aten._to_copy.default,[],decode,True
2994,self_attn,,expand,"[[B, n_h, 1, T+1]]",,,"[[B, n_h, 1, T+1]]",[2993],30,self_attn,,1,model.layers.30.self_attn,aten.expand.default,[],decode,True
2995,self_attn,,view,"[[B, n_h, 1, T+1]]",,,"[[n_h, B, T+1]]",[2994],30,self_attn,,1,model.layers.30.self_attn,aten.view.default,[],decode,True
2996,self_attn,,expand,"[[B, n_h, T+1, d_head]]",,,"[[B, n_h, T+1, d_head]]",[2981],30,self_attn,,1,model.layers.30.self_attn,aten.expand.default,[],decode,True
2997,self_attn,,view,"[[B, n_h, T+1, d_head]]",,,"[[n_h, T+1, d_head]]",[2996],30,self_attn,,1,model.layers.30.self_attn,aten.view.default,[],decode,True
2998,self_attn,,batched_matmul,"[[n_h, B, T+1], [n_h, T+1, d_head]]",,,"[[n_h, B, d_head]]","[2995, 2997]",30,self_attn,,1,model.layers.30.self_attn,aten.bmm.default,[],decode,False
2999,self_attn,,_unsafe_view,"[[n_h, B, d_head]]",,,"[[B, n_h, 1, d_head]]",[2998],30,self_attn,,1,model.layers.30.self_attn,aten._unsafe_view.default,[],decode,True
3000,self_attn,,transpose,"[[B, n_h, 1, d_head]]",,,"[[B, 1, n_h, d_head]]",[2999],30,self_attn,,1,model.layers.30.self_attn,aten.transpose.int,[],decode,True
3001,self_attn,,view,"[[B, 1, n_h, d_head]]",,,"[[B, 1, n_h*d_head]]",[3000],30,self_attn,,1,model.layers.30.self_attn,aten.view.default,[],decode,True
3002,self_attn,o_proj,t,"[[d_model, n_h*d_head]]","[d_model, n_h*d_head]",0,"[[n_h*d_head, d_model]]",[],30,self_attn,o_proj,2,model.layers.30.self_attn.o_proj,aten.t.default,[model.layers.30.self_attn.o_proj.weight],decode,True
3003,self_attn,o_proj,view,"[[B, 1, n_h*d_head]]",,,"[[B, n_h*d_head]]",[3001],30,self_attn,o_proj,2,model.layers.30.self_attn.o_proj,aten.view.default,[],decode,True
3004,self_attn,o_proj,matmul,"[[B, n_h*d_head], [n_h*d_head, d_model]]","[d_model, n_h*d_head]",1,"[[B, d_model]]","[3002, 3003]",30,self_attn,o_proj,2,model.layers.30.self_attn.o_proj,aten.mm.default,[model.layers.30.self_attn.o_proj.weight],decode,False
3005,self_attn,o_proj,_unsafe_view,"[[B, d_model]]",,,"[[B, 1, d_model]]",[3004],30,self_attn,o_proj,2,model.layers.30.self_attn.o_proj,aten._unsafe_view.default,[],decode,True
3006,,,elementwise_add,"[[B, 1, d_model], [B, 1, d_model]]",,,"[[B, 1, d_model]]","[2929, 3005]",30,,,0,model.layers.30,aten.add.Tensor,[],decode,False
3007,post_attention_layernorm,,_to_copy,"[[B, 1, d_model]]",,,"[[B, 1, d_model]]",[3006],30,post_attention_layernorm,,1,model.layers.30.post_attention_layernorm,aten._to_copy.default,[],decode,True
3008,post_attention_layernorm,,pow,"[[B, 1, d_model]]",,,"[[B, 1, d_model]]",[3007],30,post_attention_layernorm,,1,model.layers.30.post_attention_layernorm,aten.pow.Tensor_Scalar,[],decode,False
3009,post_attention_layernorm,,mean,"[[B, 1, d_model]]",,,"[[B, 1, 1]]",[3008],30,post_attention_layernorm,,1,model.layers.30.post_attention_layernorm,aten.mean.dim,[],decode,False
3010,post_attention_layernorm,,elementwise_add,"[[B, 1, 1]]",,,"[[B, 1, 1]]",[3009],30,post_attention_layernorm,,1,model.layers.30.post_attention_layernorm,aten.add.Tensor,[],decode,False
3011,post_attention_layernorm,,rsqrt,"[[B, 1, 1]]",,,"[[B, 1, 1]]",[3010],30,post_attention_layernorm,,1,model.layers.30.post_attention_layernorm,aten.rsqrt.default,[],decode,False
3012,post_attention_layernorm,,elementwise_mul,"[[B, 1, d_model], [B, 1, 1]]",,,"[[B, 1, d_model]]","[3007, 3011]",30,post_attention_layernorm,,1,model.layers.30.post_attention_layernorm,aten.mul.Tensor,[],decode,False
3013,post_attention_layernorm,,_to_copy,"[[B, 1, d_model]]",,,"[[B, 1, d_model]]",[3012],30,post_attention_layernorm,,1,model.layers.30.post_attention_layernorm,aten._to_copy.default,[],decode,True
3014,post_attention_layernorm,,elementwise_mul,"[[d_model], [B, 1, d_model]]",,,"[[B, 1, d_model]]",[3013],30,post_attention_layernorm,,1,model.layers.30.post_attention_layernorm,aten.mul.Tensor,[model.layers.30.post_attention_layernorm.weight],decode,False
3015,mlp,gate_proj,t,"[[d_ff, d_model]]","[d_ff, d_model]",0,"[[d_model, d_ff]]",[],30,mlp,gate_proj,2,model.layers.30.mlp.gate_proj,aten.t.default,[model.layers.30.mlp.gate_proj.weight],decode,True
3016,mlp,gate_proj,view,"[[B, 1, d_model]]",,,"[[B, d_model]]",[3014],30,mlp,gate_proj,2,model.layers.30.mlp.gate_proj,aten.view.default,[],decode,True
3017,mlp,gate_proj,matmul,"[[B, d_model], [d_model, d_ff]]","[d_ff, d_model]",1,"[[B, d_ff]]","[3015, 3016]",30,mlp,gate_proj,2,model.layers.30.mlp.gate_proj,aten.mm.default,[model.layers.30.mlp.gate_proj.weight],decode,False
3018,mlp,gate_proj,_unsafe_view,"[[B, d_ff]]",,,"[[B, 1, d_ff]]",[3017],30,mlp,gate_proj,2,model.layers.30.mlp.gate_proj,aten._unsafe_view.default,[],decode,True
3019,mlp,act_fn,silu,"[[B, 1, d_ff]]",,,"[[B, 1, d_ff]]",[3018],30,mlp,act_fn,2,model.layers.30.mlp.act_fn,aten.silu.default,[],decode,False
3020,mlp,up_proj,t,"[[d_ff, d_model]]","[d_ff, d_model]",0,"[[d_model, d_ff]]",[],30,mlp,up_proj,2,model.layers.30.mlp.up_proj,aten.t.default,[model.layers.30.mlp.up_proj.weight],decode,True
3021,mlp,up_proj,view,"[[B, 1, d_model]]",,,"[[B, d_model]]",[3014],30,mlp,up_proj,2,model.layers.30.mlp.up_proj,aten.view.default,[],decode,True
3022,mlp,up_proj,matmul,"[[B, d_model], [d_model, d_ff]]","[d_ff, d_model]",1,"[[B, d_ff]]","[3020, 3021]",30,mlp,up_proj,2,model.layers.30.mlp.up_proj,aten.mm.default,[model.layers.30.mlp.up_proj.weight],decode,False
3023,mlp,up_proj,_unsafe_view,"[[B, d_ff]]",,,"[[B, 1, d_ff]]",[3022],30,mlp,up_proj,2,model.layers.30.mlp.up_proj,aten._unsafe_view.default,[],decode,True
3024,mlp,,elementwise_mul,"[[B, 1, d_ff], [B, 1, d_ff]]",,,"[[B, 1, d_ff]]","[3019, 3023]",30,mlp,,1,model.layers.30.mlp,aten.mul.Tensor,[],decode,False
3025,mlp,down_proj,t,"[[d_model, d_ff]]","[d_model, d_ff]",0,"[[d_ff, d_model]]",[],30,mlp,down_proj,2,model.layers.30.mlp.down_proj,aten.t.default,[model.layers.30.mlp.down_proj.weight],decode,True
3026,mlp,down_proj,view,"[[B, 1, d_ff]]",,,"[[B, d_ff]]",[3024],30,mlp,down_proj,2,model.layers.30.mlp.down_proj,aten.view.default,[],decode,True
3027,mlp,down_proj,matmul,"[[B, d_ff], [d_ff, d_model]]","[d_model, d_ff]",1,"[[B, d_model]]","[3025, 3026]",30,mlp,down_proj,2,model.layers.30.mlp.down_proj,aten.mm.default,[model.layers.30.mlp.down_proj.weight],decode,False
3028,mlp,down_proj,_unsafe_view,"[[B, d_model]]",,,"[[B, 1, d_model]]",[3027],30,mlp,down_proj,2,model.layers.30.mlp.down_proj,aten._unsafe_view.default,[],decode,True
3029,,,elementwise_add,"[[B, 1, d_model], [B, 1, d_model]]",,,"[[B, 1, d_model]]","[3006, 3028]",30,,,0,model.layers.30,aten.add.Tensor,[],decode,False
3030,input_layernorm,,_to_copy,"[[B, 1, d_model]]",,,"[[B, 1, d_model]]",[3029],31,input_layernorm,,1,model.layers.31.input_layernorm,aten._to_copy.default,[],decode,True
3031,input_layernorm,,pow,"[[B, 1, d_model]]",,,"[[B, 1, d_model]]",[3030],31,input_layernorm,,1,model.layers.31.input_layernorm,aten.pow.Tensor_Scalar,[],decode,False
3032,input_layernorm,,mean,"[[B, 1, d_model]]",,,"[[B, 1, 1]]",[3031],31,input_layernorm,,1,model.layers.31.input_layernorm,aten.mean.dim,[],decode,False
3033,input_layernorm,,elementwise_add,"[[B, 1, 1]]",,,"[[B, 1, 1]]",[3032],31,input_layernorm,,1,model.layers.31.input_layernorm,aten.add.Tensor,[],decode,False
3034,input_layernorm,,rsqrt,"[[B, 1, 1]]",,,"[[B, 1, 1]]",[3033],31,input_layernorm,,1,model.layers.31.input_layernorm,aten.rsqrt.default,[],decode,False
3035,input_layernorm,,elementwise_mul,"[[B, 1, d_model], [B, 1, 1]]",,,"[[B, 1, d_model]]","[3030, 3034]",31,input_layernorm,,1,model.layers.31.input_layernorm,aten.mul.Tensor,[],decode,False
3036,input_layernorm,,_to_copy,"[[B, 1, d_model]]",,,"[[B, 1, d_model]]",[3035],31,input_layernorm,,1,model.layers.31.input_layernorm,aten._to_copy.default,[],decode,True
3037,input_layernorm,,elementwise_mul,"[[d_model], [B, 1, d_model]]",,,"[[B, 1, d_model]]",[3036],31,input_layernorm,,1,model.layers.31.input_layernorm,aten.mul.Tensor,[model.layers.31.input_layernorm.weight],decode,False
3038,self_attn,q_proj,t,"[[n_h*d_head, d_model]]","[n_h*d_head, d_model]",0,"[[d_model, n_h*d_head]]",[],31,self_attn,q_proj,2,model.layers.31.self_attn.q_proj,aten.t.default,[model.layers.31.self_attn.q_proj.weight],decode,True
3039,self_attn,q_proj,view,"[[B, 1, d_model]]",,,"[[B, d_model]]",[3037],31,self_attn,q_proj,2,model.layers.31.self_attn.q_proj,aten.view.default,[],decode,True
3040,self_attn,q_proj,matmul,"[[B, d_model], [d_model, n_h*d_head]]","[n_h*d_head, d_model]",1,"[[B, n_h*d_head]]","[3038, 3039]",31,self_attn,q_proj,2,model.layers.31.self_attn.q_proj,aten.mm.default,[model.layers.31.self_attn.q_proj.weight],decode,False
3041,self_attn,q_proj,_unsafe_view,"[[B, n_h*d_head]]",,,"[[B, 1, n_h*d_head]]",[3040],31,self_attn,q_proj,2,model.layers.31.self_attn.q_proj,aten._unsafe_view.default,[],decode,True
3042,self_attn,,view,"[[B, 1, n_h*d_head]]",,,"[[B, 1, n_h, d_head]]",[3041],31,self_attn,,1,model.layers.31.self_attn,aten.view.default,[],decode,True
3043,self_attn,,transpose,"[[B, 1, n_h, d_head]]",,,"[[B, n_h, 1, d_head]]",[3042],31,self_attn,,1,model.layers.31.self_attn,aten.transpose.int,[],decode,True
3044,self_attn,k_proj,t,"[[n_kv*d_head, d_model]]","[n_kv*d_head, d_model]",0,"[[d_model, n_kv*d_head]]",[],31,self_attn,k_proj,2,model.layers.31.self_attn.k_proj,aten.t.default,[model.layers.31.self_attn.k_proj.weight],decode,True
3045,self_attn,k_proj,view,"[[B, 1, d_model]]",,,"[[B, d_model]]",[3037],31,self_attn,k_proj,2,model.layers.31.self_attn.k_proj,aten.view.default,[],decode,True
3046,self_attn,k_proj,matmul,"[[B, d_model], [d_model, n_kv*d_head]]","[n_kv*d_head, d_model]",1,"[[B, n_kv*d_head]]","[3044, 3045]",31,self_attn,k_proj,2,model.layers.31.self_attn.k_proj,aten.mm.default,[model.layers.31.self_attn.k_proj.weight],decode,False
3047,self_attn,k_proj,_unsafe_view,"[[B, n_kv*d_head]]",,,"[[B, 1, n_kv*d_head]]",[3046],31,self_attn,k_proj,2,model.layers.31.self_attn.k_proj,aten._unsafe_view.default,[],decode,True
3048,self_attn,,view,"[[B, 1, n_kv*d_head]]",,,"[[B, 1, n_kv, d_head]]",[3047],31,self_attn,,1,model.layers.31.self_attn,aten.view.default,[],decode,True
3049,self_attn,,transpose,"[[B, 1, n_kv, d_head]]",,,"[[B, n_kv, 1, d_head]]",[3048],31,self_attn,,1,model.layers.31.self_attn,aten.transpose.int,[],decode,True
3050,self_attn,v_proj,t,"[[n_kv*d_head, d_model]]","[n_kv*d_head, d_model]",0,"[[d_model, n_kv*d_head]]",[],31,self_attn,v_proj,2,model.layers.31.self_attn.v_proj,aten.t.default,[model.layers.31.self_attn.v_proj.weight],decode,True
3051,self_attn,v_proj,view,"[[B, 1, d_model]]",,,"[[B, d_model]]",[3037],31,self_attn,v_proj,2,model.layers.31.self_attn.v_proj,aten.view.default,[],decode,True
3052,self_attn,v_proj,matmul,"[[B, d_model], [d_model, n_kv*d_head]]","[n_kv*d_head, d_model]",1,"[[B, n_kv*d_head]]","[3050, 3051]",31,self_attn,v_proj,2,model.layers.31.self_attn.v_proj,aten.mm.default,[model.layers.31.self_attn.v_proj.weight],decode,False
3053,self_attn,v_proj,_unsafe_view,"[[B, n_kv*d_head]]",,,"[[B, 1, n_kv*d_head]]",[3052],31,self_attn,v_proj,2,model.layers.31.self_attn.v_proj,aten._unsafe_view.default,[],decode,True
3054,self_attn,,view,"[[B, 1, n_kv*d_head]]",,,"[[B, 1, n_kv, d_head]]",[3053],31,self_attn,,1,model.layers.31.self_attn,aten.view.default,[],decode,True
3055,self_attn,,transpose,"[[B, 1, n_kv, d_head]]",,,"[[B, n_kv, 1, d_head]]",[3054],31,self_attn,,1,model.layers.31.self_attn,aten.transpose.int,[],decode,True
3056,self_attn,,concat,"[[B, n_kv, T, d_head], [B, n_kv, 1, d_head]]",,,"[[B, n_kv, T+1, d_head]]",[3049],31,self_attn,,1,model.layers.31.self_attn,aten.cat.default,[],decode,False
3057,self_attn,,concat,"[[B, n_kv, T, d_head], [B, n_kv, 1, d_head]]",,,"[[B, n_kv, T+1, d_head]]",[3055],31,self_attn,,1,model.layers.31.self_attn,aten.cat.default,[],decode,False
3058,self_attn,,unsqueeze,"[[B, n_kv, T+1, d_head]]",,,"[[B, n_kv, 1, T+1, d_head]]",[3056],31,self_attn,,1,model.layers.31.self_attn,aten.unsqueeze.default,[],decode,True
3059,self_attn,,expand,"[[B, n_kv, 1, T+1, d_head]]",,,"[[B, n_kv, n_h/n_kv, T+1, d_head]]",[3058],31,self_attn,,1,model.layers.31.self_attn,aten.expand.default,[],decode,True
3060,self_attn,,clone,"[[B, n_kv, n_h/n_kv, T+1, d_head]]",,,"[[B, n_kv, n_h/n_kv, T+1, d_head]]",[3059],31,self_attn,,1,model.layers.31.self_attn,aten.clone.default,[],decode,True
3061,self_attn,,_unsafe_view,"[[B, n_kv, n_h/n_kv, T+1, d_head]]",,,"[[B, n_h, T+1, d_head]]",[3060],31,self_attn,,1,model.layers.31.self_attn,aten._unsafe_view.default,[],decode,True
3062,self_attn,,unsqueeze,"[[B, n_kv, T+1, d_head]]",,,"[[B, n_kv, 1, T+1, d_head]]",[3057],31,self_attn,,1,model.layers.31.self_attn,aten.unsqueeze.default,[],decode,True
3063,self_attn,,expand,"[[B, n_kv, 1, T+1, d_head]]",,,"[[B, n_kv, n_h/n_kv, T+1, d_head]]",[3062],31,self_attn,,1,model.layers.31.self_attn,aten.expand.default,[],decode,True
3064,self_attn,,clone,"[[B, n_kv, n_h/n_kv, T+1, d_head]]",,,"[[B, n_kv, n_h/n_kv, T+1, d_head]]",[3063],31,self_attn,,1,model.layers.31.self_attn,aten.clone.default,[],decode,True
3065,self_attn,,_unsafe_view,"[[B, n_kv, n_h/n_kv, T+1, d_head]]",,,"[[B, n_h, T+1, d_head]]",[3064],31,self_attn,,1,model.layers.31.self_attn,aten._unsafe_view.default,[],decode,True
3066,self_attn,,transpose,"[[B, n_h, T+1, d_head]]",,,"[[B, n_h, d_head, T+1]]",[3061],31,self_attn,,1,model.layers.31.self_attn,aten.transpose.int,[],decode,True
3067,self_attn,,expand,"[[B, n_h, 1, d_head]]",,,"[[B, n_h, 1, d_head]]",[3043],31,self_attn,,1,model.layers.31.self_attn,aten.expand.default,[],decode,True
3068,self_attn,,view,"[[B, n_h, 1, d_head]]",,,"[[n_h, B, d_head]]",[3067],31,self_attn,,1,model.layers.31.self_attn,aten.view.default,[],decode,True
3069,self_attn,,expand,"[[B, n_h, d_head, T+1]]",,,"[[B, n_h, d_head, T+1]]",[3066],31,self_attn,,1,model.layers.31.self_attn,aten.expand.default,[],decode,True
3070,self_attn,,view,"[[B, n_h, d_head, T+1]]",,,"[[n_h, d_head, T+1]]",[3069],31,self_attn,,1,model.layers.31.self_attn,aten.view.default,[],decode,True
3071,self_attn,,batched_matmul,"[[n_h, B, d_head], [n_h, d_head, T+1]]",,,"[[n_h, B, T+1]]","[3068, 3070]",31,self_attn,,1,model.layers.31.self_attn,aten.bmm.default,[],decode,False
3072,self_attn,,_unsafe_view,"[[n_h, B, T+1]]",,,"[[B, n_h, 1, T+1]]",[3071],31,self_attn,,1,model.layers.31.self_attn,aten._unsafe_view.default,[],decode,True
3073,self_attn,,elementwise_mul,"[[B, n_h, 1, T+1]]",,,"[[B, n_h, 1, T+1]]",[3072],31,self_attn,,1,model.layers.31.self_attn,aten.mul.Tensor,[],decode,False
3074,self_attn,,elementwise_add,"[[B, n_h, 1, T+1], [B, 1, 1, T+1]]",,,"[[B, n_h, 1, T+1]]","[22, 3073]",31,self_attn,,1,model.layers.31.self_attn,aten.add.Tensor,[],decode,False
3075,self_attn,,_to_copy,"[[B, n_h, 1, T+1]]",,,"[[B, n_h, 1, T+1]]",[3074],31,self_attn,,1,model.layers.31.self_attn,aten._to_copy.default,[],decode,True
3076,self_attn,,softmax,"[[B, n_h, 1, T+1]]",,,"[[B, n_h, 1, T+1]]",[3075],31,self_attn,,1,model.layers.31.self_attn,aten._softmax.default,[],decode,False
3077,self_attn,,_to_copy,"[[B, n_h, 1, T+1]]",,,"[[B, n_h, 1, T+1]]",[3076],31,self_attn,,1,model.layers.31.self_attn,aten._to_copy.default,[],decode,True
3078,self_attn,,expand,"[[B, n_h, 1, T+1]]",,,"[[B, n_h, 1, T+1]]",[3077],31,self_attn,,1,model.layers.31.self_attn,aten.expand.default,[],decode,True
3079,self_attn,,view,"[[B, n_h, 1, T+1]]",,,"[[n_h, B, T+1]]",[3078],31,self_attn,,1,model.layers.31.self_attn,aten.view.default,[],decode,True
3080,self_attn,,expand,"[[B, n_h, T+1, d_head]]",,,"[[B, n_h, T+1, d_head]]",[3065],31,self_attn,,1,model.layers.31.self_attn,aten.expand.default,[],decode,True
3081,self_attn,,view,"[[B, n_h, T+1, d_head]]",,,"[[n_h, T+1, d_head]]",[3080],31,self_attn,,1,model.layers.31.self_attn,aten.view.default,[],decode,True
3082,self_attn,,batched_matmul,"[[n_h, B, T+1], [n_h, T+1, d_head]]",,,"[[n_h, B, d_head]]","[3079, 3081]",31,self_attn,,1,model.layers.31.self_attn,aten.bmm.default,[],decode,False
3083,self_attn,,_unsafe_view,"[[n_h, B, d_head]]",,,"[[B, n_h, 1, d_head]]",[3082],31,self_attn,,1,model.layers.31.self_attn,aten._unsafe_view.default,[],decode,True
3084,self_attn,,transpose,"[[B, n_h, 1, d_head]]",,,"[[B, 1, n_h, d_head]]",[3083],31,self_attn,,1,model.layers.31.self_attn,aten.transpose.int,[],decode,True
3085,self_attn,,view,"[[B, 1, n_h, d_head]]",,,"[[B, 1, n_h*d_head]]",[3084],31,self_attn,,1,model.layers.31.self_attn,aten.view.default,[],decode,True
3086,self_attn,o_proj,t,"[[d_model, n_h*d_head]]","[d_model, n_h*d_head]",0,"[[n_h*d_head, d_model]]",[],31,self_attn,o_proj,2,model.layers.31.self_attn.o_proj,aten.t.default,[model.layers.31.self_attn.o_proj.weight],decode,True
3087,self_attn,o_proj,view,"[[B, 1, n_h*d_head]]",,,"[[B, n_h*d_head]]",[3085],31,self_attn,o_proj,2,model.layers.31.self_attn.o_proj,aten.view.default,[],decode,True
3088,self_attn,o_proj,matmul,"[[B, n_h*d_head], [n_h*d_head, d_model]]","[d_model, n_h*d_head]",1,"[[B, d_model]]","[3086, 3087]",31,self_attn,o_proj,2,model.layers.31.self_attn.o_proj,aten.mm.default,[model.layers.31.self_attn.o_proj.weight],decode,False
3089,self_attn,o_proj,_unsafe_view,"[[B, d_model]]",,,"[[B, 1, d_model]]",[3088],31,self_attn,o_proj,2,model.layers.31.self_attn.o_proj,aten._unsafe_view.default,[],decode,True
3090,,,elementwise_add,"[[B, 1, d_model], [B, 1, d_model]]",,,"[[B, 1, d_model]]","[3029, 3089]",31,,,0,model.layers.31,aten.add.Tensor,[],decode,False
3091,post_attention_layernorm,,_to_copy,"[[B, 1, d_model]]",,,"[[B, 1, d_model]]",[3090],31,post_attention_layernorm,,1,model.layers.31.post_attention_layernorm,aten._to_copy.default,[],decode,True
3092,post_attention_layernorm,,pow,"[[B, 1, d_model]]",,,"[[B, 1, d_model]]",[3091],31,post_attention_layernorm,,1,model.layers.31.post_attention_layernorm,aten.pow.Tensor_Scalar,[],decode,False
3093,post_attention_layernorm,,mean,"[[B, 1, d_model]]",,,"[[B, 1, 1]]",[3092],31,post_attention_layernorm,,1,model.layers.31.post_attention_layernorm,aten.mean.dim,[],decode,False
3094,post_attention_layernorm,,elementwise_add,"[[B, 1, 1]]",,,"[[B, 1, 1]]",[3093],31,post_attention_layernorm,,1,model.layers.31.post_attention_layernorm,aten.add.Tensor,[],decode,False
3095,post_attention_layernorm,,rsqrt,"[[B, 1, 1]]",,,"[[B, 1, 1]]",[3094],31,post_attention_layernorm,,1,model.layers.31.post_attention_layernorm,aten.rsqrt.default,[],decode,False
3096,post_attention_layernorm,,elementwise_mul,"[[B, 1, d_model], [B, 1, 1]]",,,"[[B, 1, d_model]]","[3091, 3095]",31,post_attention_layernorm,,1,model.layers.31.post_attention_layernorm,aten.mul.Tensor,[],decode,False
3097,post_attention_layernorm,,_to_copy,"[[B, 1, d_model]]",,,"[[B, 1, d_model]]",[3096],31,post_attention_layernorm,,1,model.layers.31.post_attention_layernorm,aten._to_copy.default,[],decode,True
3098,post_attention_layernorm,,elementwise_mul,"[[d_model], [B, 1, d_model]]",,,"[[B, 1, d_model]]",[3097],31,post_attention_layernorm,,1,model.layers.31.post_attention_layernorm,aten.mul.Tensor,[model.layers.31.post_attention_layernorm.weight],decode,False
3099,mlp,gate_proj,t,"[[d_ff, d_model]]","[d_ff, d_model]",0,"[[d_model, d_ff]]",[],31,mlp,gate_proj,2,model.layers.31.mlp.gate_proj,aten.t.default,[model.layers.31.mlp.gate_proj.weight],decode,True
3100,mlp,gate_proj,view,"[[B, 1, d_model]]",,,"[[B, d_model]]",[3098],31,mlp,gate_proj,2,model.layers.31.mlp.gate_proj,aten.view.default,[],decode,True
3101,mlp,gate_proj,matmul,"[[B, d_model], [d_model, d_ff]]","[d_ff, d_model]",1,"[[B, d_ff]]","[3099, 3100]",31,mlp,gate_proj,2,model.layers.31.mlp.gate_proj,aten.mm.default,[model.layers.31.mlp.gate_proj.weight],decode,False
3102,mlp,gate_proj,_unsafe_view,"[[B, d_ff]]",,,"[[B, 1, d_ff]]",[3101],31,mlp,gate_proj,2,model.layers.31.mlp.gate_proj,aten._unsafe_view.default,[],decode,True
3103,mlp,act_fn,silu,"[[B, 1, d_ff]]",,,"[[B, 1, d_ff]]",[3102],31,mlp,act_fn,2,model.layers.31.mlp.act_fn,aten.silu.default,[],decode,False
3104,mlp,up_proj,t,"[[d_ff, d_model]]","[d_ff, d_model]",0,"[[d_model, d_ff]]",[],31,mlp,up_proj,2,model.layers.31.mlp.up_proj,aten.t.default,[model.layers.31.mlp.up_proj.weight],decode,True
3105,mlp,up_proj,view,"[[B, 1, d_model]]",,,"[[B, d_model]]",[3098],31,mlp,up_proj,2,model.layers.31.mlp.up_proj,aten.view.default,[],decode,True
3106,mlp,up_proj,matmul,"[[B, d_model], [d_model, d_ff]]","[d_ff, d_model]",1,"[[B, d_ff]]","[3104, 3105]",31,mlp,up_proj,2,model.layers.31.mlp.up_proj,aten.mm.default,[model.layers.31.mlp.up_proj.weight],decode,False
3107,mlp,up_proj,_unsafe_view,"[[B, d_ff]]",,,"[[B, 1, d_ff]]",[3106],31,mlp,up_proj,2,model.layers.31.mlp.up_proj,aten._unsafe_view.default,[],decode,True
3108,mlp,,elementwise_mul,"[[B, 1, d_ff], [B, 1, d_ff]]",,,"[[B, 1, d_ff]]","[3103, 3107]",31,mlp,,1,model.layers.31.mlp,aten.mul.Tensor,[],decode,False
3109,mlp,down_proj,t,"[[d_model, d_ff]]","[d_model, d_ff]",0,"[[d_ff, d_model]]",[],31,mlp,down_proj,2,model.layers.31.mlp.down_proj,aten.t.default,[model.layers.31.mlp.down_proj.weight],decode,True
3110,mlp,down_proj,view,"[[B, 1, d_ff]]",,,"[[B, d_ff]]",[3108],31,mlp,down_proj,2,model.layers.31.mlp.down_proj,aten.view.default,[],decode,True
3111,mlp,down_proj,matmul,"[[B, d_ff], [d_ff, d_model]]","[d_model, d_ff]",1,"[[B, d_model]]","[3109, 3110]",31,mlp,down_proj,2,model.layers.31.mlp.down_proj,aten.mm.default,[model.layers.31.mlp.down_proj.weight],decode,False
3112,mlp,down_proj,_unsafe_view,"[[B, d_model]]",,,"[[B, 1, d_model]]",[3111],31,mlp,down_proj,2,model.layers.31.mlp.down_proj,aten._unsafe_view.default,[],decode,True
3113,,,elementwise_add,"[[B, 1, d_model], [B, 1, d_model]]",,,"[[B, 1, d_model]]","[3090, 3112]",31,,,0,model.layers.31,aten.add.Tensor,[],decode,False
3114,input_layernorm,,_to_copy,"[[B, 1, d_model]]",,,"[[B, 1, d_model]]",[3113],32,input_layernorm,,1,model.layers.32.input_layernorm,aten._to_copy.default,[],decode,True
3115,input_layernorm,,pow,"[[B, 1, d_model]]",,,"[[B, 1, d_model]]",[3114],32,input_layernorm,,1,model.layers.32.input_layernorm,aten.pow.Tensor_Scalar,[],decode,False
3116,input_layernorm,,mean,"[[B, 1, d_model]]",,,"[[B, 1, 1]]",[3115],32,input_layernorm,,1,model.layers.32.input_layernorm,aten.mean.dim,[],decode,False
3117,input_layernorm,,elementwise_add,"[[B, 1, 1]]",,,"[[B, 1, 1]]",[3116],32,input_layernorm,,1,model.layers.32.input_layernorm,aten.add.Tensor,[],decode,False
3118,input_layernorm,,rsqrt,"[[B, 1, 1]]",,,"[[B, 1, 1]]",[3117],32,input_layernorm,,1,model.layers.32.input_layernorm,aten.rsqrt.default,[],decode,False
3119,input_layernorm,,elementwise_mul,"[[B, 1, d_model], [B, 1, 1]]",,,"[[B, 1, d_model]]","[3114, 3118]",32,input_layernorm,,1,model.layers.32.input_layernorm,aten.mul.Tensor,[],decode,False
3120,input_layernorm,,_to_copy,"[[B, 1, d_model]]",,,"[[B, 1, d_model]]",[3119],32,input_layernorm,,1,model.layers.32.input_layernorm,aten._to_copy.default,[],decode,True
3121,input_layernorm,,elementwise_mul,"[[d_model], [B, 1, d_model]]",,,"[[B, 1, d_model]]",[3120],32,input_layernorm,,1,model.layers.32.input_layernorm,aten.mul.Tensor,[model.layers.32.input_layernorm.weight],decode,False
3122,self_attn,q_proj,t,"[[n_h*d_head, d_model]]","[n_h*d_head, d_model]",0,"[[d_model, n_h*d_head]]",[],32,self_attn,q_proj,2,model.layers.32.self_attn.q_proj,aten.t.default,[model.layers.32.self_attn.q_proj.weight],decode,True
3123,self_attn,q_proj,view,"[[B, 1, d_model]]",,,"[[B, d_model]]",[3121],32,self_attn,q_proj,2,model.layers.32.self_attn.q_proj,aten.view.default,[],decode,True
3124,self_attn,q_proj,matmul,"[[B, d_model], [d_model, n_h*d_head]]","[n_h*d_head, d_model]",1,"[[B, n_h*d_head]]","[3122, 3123]",32,self_attn,q_proj,2,model.layers.32.self_attn.q_proj,aten.mm.default,[model.layers.32.self_attn.q_proj.weight],decode,False
3125,self_attn,q_proj,_unsafe_view,"[[B, n_h*d_head]]",,,"[[B, 1, n_h*d_head]]",[3124],32,self_attn,q_proj,2,model.layers.32.self_attn.q_proj,aten._unsafe_view.default,[],decode,True
3126,self_attn,,view,"[[B, 1, n_h*d_head]]",,,"[[B, 1, n_h, d_head]]",[3125],32,self_attn,,1,model.layers.32.self_attn,aten.view.default,[],decode,True
3127,self_attn,,transpose,"[[B, 1, n_h, d_head]]",,,"[[B, n_h, 1, d_head]]",[3126],32,self_attn,,1,model.layers.32.self_attn,aten.transpose.int,[],decode,True
3128,self_attn,k_proj,t,"[[n_kv*d_head, d_model]]","[n_kv*d_head, d_model]",0,"[[d_model, n_kv*d_head]]",[],32,self_attn,k_proj,2,model.layers.32.self_attn.k_proj,aten.t.default,[model.layers.32.self_attn.k_proj.weight],decode,True
3129,self_attn,k_proj,view,"[[B, 1, d_model]]",,,"[[B, d_model]]",[3121],32,self_attn,k_proj,2,model.layers.32.self_attn.k_proj,aten.view.default,[],decode,True
3130,self_attn,k_proj,matmul,"[[B, d_model], [d_model, n_kv*d_head]]","[n_kv*d_head, d_model]",1,"[[B, n_kv*d_head]]","[3128, 3129]",32,self_attn,k_proj,2,model.layers.32.self_attn.k_proj,aten.mm.default,[model.layers.32.self_attn.k_proj.weight],decode,False
3131,self_attn,k_proj,_unsafe_view,"[[B, n_kv*d_head]]",,,"[[B, 1, n_kv*d_head]]",[3130],32,self_attn,k_proj,2,model.layers.32.self_attn.k_proj,aten._unsafe_view.default,[],decode,True
3132,self_attn,,view,"[[B, 1, n_kv*d_head]]",,,"[[B, 1, n_kv, d_head]]",[3131],32,self_attn,,1,model.layers.32.self_attn,aten.view.default,[],decode,True
3133,self_attn,,transpose,"[[B, 1, n_kv, d_head]]",,,"[[B, n_kv, 1, d_head]]",[3132],32,self_attn,,1,model.layers.32.self_attn,aten.transpose.int,[],decode,True
3134,self_attn,v_proj,t,"[[n_kv*d_head, d_model]]","[n_kv*d_head, d_model]",0,"[[d_model, n_kv*d_head]]",[],32,self_attn,v_proj,2,model.layers.32.self_attn.v_proj,aten.t.default,[model.layers.32.self_attn.v_proj.weight],decode,True
3135,self_attn,v_proj,view,"[[B, 1, d_model]]",,,"[[B, d_model]]",[3121],32,self_attn,v_proj,2,model.layers.32.self_attn.v_proj,aten.view.default,[],decode,True
3136,self_attn,v_proj,matmul,"[[B, d_model], [d_model, n_kv*d_head]]","[n_kv*d_head, d_model]",1,"[[B, n_kv*d_head]]","[3134, 3135]",32,self_attn,v_proj,2,model.layers.32.self_attn.v_proj,aten.mm.default,[model.layers.32.self_attn.v_proj.weight],decode,False
3137,self_attn,v_proj,_unsafe_view,"[[B, n_kv*d_head]]",,,"[[B, 1, n_kv*d_head]]",[3136],32,self_attn,v_proj,2,model.layers.32.self_attn.v_proj,aten._unsafe_view.default,[],decode,True
3138,self_attn,,view,"[[B, 1, n_kv*d_head]]",,,"[[B, 1, n_kv, d_head]]",[3137],32,self_attn,,1,model.layers.32.self_attn,aten.view.default,[],decode,True
3139,self_attn,,transpose,"[[B, 1, n_kv, d_head]]",,,"[[B, n_kv, 1, d_head]]",[3138],32,self_attn,,1,model.layers.32.self_attn,aten.transpose.int,[],decode,True
3140,self_attn,,unsqueeze,"[[B, 1, d_head]]",,,"[[B, 1, 1, d_head]]",[40],32,self_attn,,1,model.layers.32.self_attn,aten.unsqueeze.default,[],decode,True
3141,self_attn,,unsqueeze,"[[B, 1, d_head]]",,,"[[B, 1, 1, d_head]]",[41],32,self_attn,,1,model.layers.32.self_attn,aten.unsqueeze.default,[],decode,True
3142,self_attn,,elementwise_mul,"[[B, n_h, 1, d_head], [B, 1, 1, d_head]]",,,"[[B, n_h, 1, d_head]]","[3127, 3140]",32,self_attn,,1,model.layers.32.self_attn,aten.mul.Tensor,[],decode,False
3143,self_attn,,slice,"[[B, n_h, 1, d_head]]",,,"[[B, n_h, 1, d_head/2]]",[3127],32,self_attn,,1,model.layers.32.self_attn,aten.slice.Tensor,[],decode,True
3144,self_attn,,slice,"[[B, n_h, 1, d_head]]",,,"[[B, n_h, 1, d_head/2]]",[3127],32,self_attn,,1,model.layers.32.self_attn,aten.slice.Tensor,[],decode,True
3145,self_attn,,neg,"[[B, n_h, 1, d_head/2]]",,,"[[B, n_h, 1, d_head/2]]",[3144],32,self_attn,,1,model.layers.32.self_attn,aten.neg.default,[],decode,False
3146,self_attn,,concat,"[[B, n_h, 1, d_head/2], [B, n_h, 1, d_head/2]]",,,"[[B, n_h, 1, d_head]]","[3143, 3145]",32,self_attn,,1,model.layers.32.self_attn,aten.cat.default,[],decode,False
3147,self_attn,,elementwise_mul,"[[B, n_h, 1, d_head], [B, 1, 1, d_head]]",,,"[[B, n_h, 1, d_head]]","[3141, 3146]",32,self_attn,,1,model.layers.32.self_attn,aten.mul.Tensor,[],decode,False
3148,self_attn,,elementwise_add,"[[B, n_h, 1, d_head], [B, n_h, 1, d_head]]",,,"[[B, n_h, 1, d_head]]","[3142, 3147]",32,self_attn,,1,model.layers.32.self_attn,aten.add.Tensor,[],decode,False
3149,self_attn,,elementwise_mul,"[[B, n_kv, 1, d_head], [B, 1, 1, d_head]]",,,"[[B, n_kv, 1, d_head]]","[3133, 3140]",32,self_attn,,1,model.layers.32.self_attn,aten.mul.Tensor,[],decode,False
3150,self_attn,,slice,"[[B, n_kv, 1, d_head]]",,,"[[B, n_kv, 1, d_head/2]]",[3133],32,self_attn,,1,model.layers.32.self_attn,aten.slice.Tensor,[],decode,True
3151,self_attn,,slice,"[[B, n_kv, 1, d_head]]",,,"[[B, n_kv, 1, d_head/2]]",[3133],32,self_attn,,1,model.layers.32.self_attn,aten.slice.Tensor,[],decode,True
3152,self_attn,,neg,"[[B, n_kv, 1, d_head/2]]",,,"[[B, n_kv, 1, d_head/2]]",[3151],32,self_attn,,1,model.layers.32.self_attn,aten.neg.default,[],decode,False
3153,self_attn,,concat,"[[B, n_kv, 1, d_head/2], [B, n_kv, 1, d_head/2]]",,,"[[B, n_kv, 1, d_head]]","[3150, 3152]",32,self_attn,,1,model.layers.32.self_attn,aten.cat.default,[],decode,False
3154,self_attn,,elementwise_mul,"[[B, n_kv, 1, d_head], [B, 1, 1, d_head]]",,,"[[B, n_kv, 1, d_head]]","[3141, 3153]",32,self_attn,,1,model.layers.32.self_attn,aten.mul.Tensor,[],decode,False
3155,self_attn,,elementwise_add,"[[B, n_kv, 1, d_head], [B, n_kv, 1, d_head]]",,,"[[B, n_kv, 1, d_head]]","[3149, 3154]",32,self_attn,,1,model.layers.32.self_attn,aten.add.Tensor,[],decode,False
3156,self_attn,,concat,"[[B, n_kv, T, d_head], [B, n_kv, 1, d_head]]",,,"[[B, n_kv, T+1, d_head]]",[3155],32,self_attn,,1,model.layers.32.self_attn,aten.cat.default,[],decode,False
3157,self_attn,,concat,"[[B, n_kv, T, d_head], [B, n_kv, 1, d_head]]",,,"[[B, n_kv, T+1, d_head]]",[3139],32,self_attn,,1,model.layers.32.self_attn,aten.cat.default,[],decode,False
3158,self_attn,,unsqueeze,"[[B, n_kv, T+1, d_head]]",,,"[[B, n_kv, 1, T+1, d_head]]",[3156],32,self_attn,,1,model.layers.32.self_attn,aten.unsqueeze.default,[],decode,True
3159,self_attn,,expand,"[[B, n_kv, 1, T+1, d_head]]",,,"[[B, n_kv, n_h/n_kv, T+1, d_head]]",[3158],32,self_attn,,1,model.layers.32.self_attn,aten.expand.default,[],decode,True
3160,self_attn,,clone,"[[B, n_kv, n_h/n_kv, T+1, d_head]]",,,"[[B, n_kv, n_h/n_kv, T+1, d_head]]",[3159],32,self_attn,,1,model.layers.32.self_attn,aten.clone.default,[],decode,True
3161,self_attn,,_unsafe_view,"[[B, n_kv, n_h/n_kv, T+1, d_head]]",,,"[[B, n_h, T+1, d_head]]",[3160],32,self_attn,,1,model.layers.32.self_attn,aten._unsafe_view.default,[],decode,True
3162,self_attn,,unsqueeze,"[[B, n_kv, T+1, d_head]]",,,"[[B, n_kv, 1, T+1, d_head]]",[3157],32,self_attn,,1,model.layers.32.self_attn,aten.unsqueeze.default,[],decode,True
3163,self_attn,,expand,"[[B, n_kv, 1, T+1, d_head]]",,,"[[B, n_kv, n_h/n_kv, T+1, d_head]]",[3162],32,self_attn,,1,model.layers.32.self_attn,aten.expand.default,[],decode,True
3164,self_attn,,clone,"[[B, n_kv, n_h/n_kv, T+1, d_head]]",,,"[[B, n_kv, n_h/n_kv, T+1, d_head]]",[3163],32,self_attn,,1,model.layers.32.self_attn,aten.clone.default,[],decode,True
3165,self_attn,,_unsafe_view,"[[B, n_kv, n_h/n_kv, T+1, d_head]]",,,"[[B, n_h, T+1, d_head]]",[3164],32,self_attn,,1,model.layers.32.self_attn,aten._unsafe_view.default,[],decode,True
3166,self_attn,,transpose,"[[B, n_h, T+1, d_head]]",,,"[[B, n_h, d_head, T+1]]",[3161],32,self_attn,,1,model.layers.32.self_attn,aten.transpose.int,[],decode,True
3167,self_attn,,expand,"[[B, n_h, 1, d_head]]",,,"[[B, n_h, 1, d_head]]",[3148],32,self_attn,,1,model.layers.32.self_attn,aten.expand.default,[],decode,True
3168,self_attn,,view,"[[B, n_h, 1, d_head]]",,,"[[n_h, B, d_head]]",[3167],32,self_attn,,1,model.layers.32.self_attn,aten.view.default,[],decode,True
3169,self_attn,,expand,"[[B, n_h, d_head, T+1]]",,,"[[B, n_h, d_head, T+1]]",[3166],32,self_attn,,1,model.layers.32.self_attn,aten.expand.default,[],decode,True
3170,self_attn,,view,"[[B, n_h, d_head, T+1]]",,,"[[n_h, d_head, T+1]]",[3169],32,self_attn,,1,model.layers.32.self_attn,aten.view.default,[],decode,True
3171,self_attn,,batched_matmul,"[[n_h, B, d_head], [n_h, d_head, T+1]]",,,"[[n_h, B, T+1]]","[3168, 3170]",32,self_attn,,1,model.layers.32.self_attn,aten.bmm.default,[],decode,False
3172,self_attn,,_unsafe_view,"[[n_h, B, T+1]]",,,"[[B, n_h, 1, T+1]]",[3171],32,self_attn,,1,model.layers.32.self_attn,aten._unsafe_view.default,[],decode,True
3173,self_attn,,elementwise_mul,"[[B, n_h, 1, T+1]]",,,"[[B, n_h, 1, T+1]]",[3172],32,self_attn,,1,model.layers.32.self_attn,aten.mul.Tensor,[],decode,False
3174,self_attn,,elementwise_add,"[[B, n_h, 1, T+1], [B, 1, 1, T+1]]",,,"[[B, n_h, 1, T+1]]","[22, 3173]",32,self_attn,,1,model.layers.32.self_attn,aten.add.Tensor,[],decode,False
3175,self_attn,,_to_copy,"[[B, n_h, 1, T+1]]",,,"[[B, n_h, 1, T+1]]",[3174],32,self_attn,,1,model.layers.32.self_attn,aten._to_copy.default,[],decode,True
3176,self_attn,,softmax,"[[B, n_h, 1, T+1]]",,,"[[B, n_h, 1, T+1]]",[3175],32,self_attn,,1,model.layers.32.self_attn,aten._softmax.default,[],decode,False
3177,self_attn,,_to_copy,"[[B, n_h, 1, T+1]]",,,"[[B, n_h, 1, T+1]]",[3176],32,self_attn,,1,model.layers.32.self_attn,aten._to_copy.default,[],decode,True
3178,self_attn,,expand,"[[B, n_h, 1, T+1]]",,,"[[B, n_h, 1, T+1]]",[3177],32,self_attn,,1,model.layers.32.self_attn,aten.expand.default,[],decode,True
3179,self_attn,,view,"[[B, n_h, 1, T+1]]",,,"[[n_h, B, T+1]]",[3178],32,self_attn,,1,model.layers.32.self_attn,aten.view.default,[],decode,True
3180,self_attn,,expand,"[[B, n_h, T+1, d_head]]",,,"[[B, n_h, T+1, d_head]]",[3165],32,self_attn,,1,model.layers.32.self_attn,aten.expand.default,[],decode,True
3181,self_attn,,view,"[[B, n_h, T+1, d_head]]",,,"[[n_h, T+1, d_head]]",[3180],32,self_attn,,1,model.layers.32.self_attn,aten.view.default,[],decode,True
3182,self_attn,,batched_matmul,"[[n_h, B, T+1], [n_h, T+1, d_head]]",,,"[[n_h, B, d_head]]","[3179, 3181]",32,self_attn,,1,model.layers.32.self_attn,aten.bmm.default,[],decode,False
3183,self_attn,,_unsafe_view,"[[n_h, B, d_head]]",,,"[[B, n_h, 1, d_head]]",[3182],32,self_attn,,1,model.layers.32.self_attn,aten._unsafe_view.default,[],decode,True
3184,self_attn,,transpose,"[[B, n_h, 1, d_head]]",,,"[[B, 1, n_h, d_head]]",[3183],32,self_attn,,1,model.layers.32.self_attn,aten.transpose.int,[],decode,True
3185,self_attn,,view,"[[B, 1, n_h, d_head]]",,,"[[B, 1, n_h*d_head]]",[3184],32,self_attn,,1,model.layers.32.self_attn,aten.view.default,[],decode,True
3186,self_attn,o_proj,t,"[[d_model, n_h*d_head]]","[d_model, n_h*d_head]",0,"[[n_h*d_head, d_model]]",[],32,self_attn,o_proj,2,model.layers.32.self_attn.o_proj,aten.t.default,[model.layers.32.self_attn.o_proj.weight],decode,True
3187,self_attn,o_proj,view,"[[B, 1, n_h*d_head]]",,,"[[B, n_h*d_head]]",[3185],32,self_attn,o_proj,2,model.layers.32.self_attn.o_proj,aten.view.default,[],decode,True
3188,self_attn,o_proj,matmul,"[[B, n_h*d_head], [n_h*d_head, d_model]]","[d_model, n_h*d_head]",1,"[[B, d_model]]","[3186, 3187]",32,self_attn,o_proj,2,model.layers.32.self_attn.o_proj,aten.mm.default,[model.layers.32.self_attn.o_proj.weight],decode,False
3189,self_attn,o_proj,_unsafe_view,"[[B, d_model]]",,,"[[B, 1, d_model]]",[3188],32,self_attn,o_proj,2,model.layers.32.self_attn.o_proj,aten._unsafe_view.default,[],decode,True
3190,,,elementwise_add,"[[B, 1, d_model], [B, 1, d_model]]",,,"[[B, 1, d_model]]","[3113, 3189]",32,,,0,model.layers.32,aten.add.Tensor,[],decode,False
3191,post_attention_layernorm,,_to_copy,"[[B, 1, d_model]]",,,"[[B, 1, d_model]]",[3190],32,post_attention_layernorm,,1,model.layers.32.post_attention_layernorm,aten._to_copy.default,[],decode,True
3192,post_attention_layernorm,,pow,"[[B, 1, d_model]]",,,"[[B, 1, d_model]]",[3191],32,post_attention_layernorm,,1,model.layers.32.post_attention_layernorm,aten.pow.Tensor_Scalar,[],decode,False
3193,post_attention_layernorm,,mean,"[[B, 1, d_model]]",,,"[[B, 1, 1]]",[3192],32,post_attention_layernorm,,1,model.layers.32.post_attention_layernorm,aten.mean.dim,[],decode,False
3194,post_attention_layernorm,,elementwise_add,"[[B, 1, 1]]",,,"[[B, 1, 1]]",[3193],32,post_attention_layernorm,,1,model.layers.32.post_attention_layernorm,aten.add.Tensor,[],decode,False
3195,post_attention_layernorm,,rsqrt,"[[B, 1, 1]]",,,"[[B, 1, 1]]",[3194],32,post_attention_layernorm,,1,model.layers.32.post_attention_layernorm,aten.rsqrt.default,[],decode,False
3196,post_attention_layernorm,,elementwise_mul,"[[B, 1, d_model], [B, 1, 1]]",,,"[[B, 1, d_model]]","[3191, 3195]",32,post_attention_layernorm,,1,model.layers.32.post_attention_layernorm,aten.mul.Tensor,[],decode,False
3197,post_attention_layernorm,,_to_copy,"[[B, 1, d_model]]",,,"[[B, 1, d_model]]",[3196],32,post_attention_layernorm,,1,model.layers.32.post_attention_layernorm,aten._to_copy.default,[],decode,True
3198,post_attention_layernorm,,elementwise_mul,"[[d_model], [B, 1, d_model]]",,,"[[B, 1, d_model]]",[3197],32,post_attention_layernorm,,1,model.layers.32.post_attention_layernorm,aten.mul.Tensor,[model.layers.32.post_attention_layernorm.weight],decode,False
3199,mlp,gate_proj,t,"[[d_ff, d_model]]","[d_ff, d_model]",0,"[[d_model, d_ff]]",[],32,mlp,gate_proj,2,model.layers.32.mlp.gate_proj,aten.t.default,[model.layers.32.mlp.gate_proj.weight],decode,True
3200,mlp,gate_proj,view,"[[B, 1, d_model]]",,,"[[B, d_model]]",[3198],32,mlp,gate_proj,2,model.layers.32.mlp.gate_proj,aten.view.default,[],decode,True
3201,mlp,gate_proj,matmul,"[[B, d_model], [d_model, d_ff]]","[d_ff, d_model]",1,"[[B, d_ff]]","[3199, 3200]",32,mlp,gate_proj,2,model.layers.32.mlp.gate_proj,aten.mm.default,[model.layers.32.mlp.gate_proj.weight],decode,False
3202,mlp,gate_proj,_unsafe_view,"[[B, d_ff]]",,,"[[B, 1, d_ff]]",[3201],32,mlp,gate_proj,2,model.layers.32.mlp.gate_proj,aten._unsafe_view.default,[],decode,True
3203,mlp,act_fn,silu,"[[B, 1, d_ff]]",,,"[[B, 1, d_ff]]",[3202],32,mlp,act_fn,2,model.layers.32.mlp.act_fn,aten.silu.default,[],decode,False
3204,mlp,up_proj,t,"[[d_ff, d_model]]","[d_ff, d_model]",0,"[[d_model, d_ff]]",[],32,mlp,up_proj,2,model.layers.32.mlp.up_proj,aten.t.default,[model.layers.32.mlp.up_proj.weight],decode,True
3205,mlp,up_proj,view,"[[B, 1, d_model]]",,,"[[B, d_model]]",[3198],32,mlp,up_proj,2,model.layers.32.mlp.up_proj,aten.view.default,[],decode,True
3206,mlp,up_proj,matmul,"[[B, d_model], [d_model, d_ff]]","[d_ff, d_model]",1,"[[B, d_ff]]","[3204, 3205]",32,mlp,up_proj,2,model.layers.32.mlp.up_proj,aten.mm.default,[model.layers.32.mlp.up_proj.weight],decode,False
3207,mlp,up_proj,_unsafe_view,"[[B, d_ff]]",,,"[[B, 1, d_ff]]",[3206],32,mlp,up_proj,2,model.layers.32.mlp.up_proj,aten._unsafe_view.default,[],decode,True
3208,mlp,,elementwise_mul,"[[B, 1, d_ff], [B, 1, d_ff]]",,,"[[B, 1, d_ff]]","[3203, 3207]",32,mlp,,1,model.layers.32.mlp,aten.mul.Tensor,[],decode,False
3209,mlp,down_proj,t,"[[d_model, d_ff]]","[d_model, d_ff]",0,"[[d_ff, d_model]]",[],32,mlp,down_proj,2,model.layers.32.mlp.down_proj,aten.t.default,[model.layers.32.mlp.down_proj.weight],decode,True
3210,mlp,down_proj,view,"[[B, 1, d_ff]]",,,"[[B, d_ff]]",[3208],32,mlp,down_proj,2,model.layers.32.mlp.down_proj,aten.view.default,[],decode,True
3211,mlp,down_proj,matmul,"[[B, d_ff], [d_ff, d_model]]","[d_model, d_ff]",1,"[[B, d_model]]","[3209, 3210]",32,mlp,down_proj,2,model.layers.32.mlp.down_proj,aten.mm.default,[model.layers.32.mlp.down_proj.weight],decode,False
3212,mlp,down_proj,_unsafe_view,"[[B, d_model]]",,,"[[B, 1, d_model]]",[3211],32,mlp,down_proj,2,model.layers.32.mlp.down_proj,aten._unsafe_view.default,[],decode,True
3213,,,elementwise_add,"[[B, 1, d_model], [B, 1, d_model]]",,,"[[B, 1, d_model]]","[3190, 3212]",32,,,0,model.layers.32,aten.add.Tensor,[],decode,False
3214,input_layernorm,,_to_copy,"[[B, 1, d_model]]",,,"[[B, 1, d_model]]",[3213],33,input_layernorm,,1,model.layers.33.input_layernorm,aten._to_copy.default,[],decode,True
3215,input_layernorm,,pow,"[[B, 1, d_model]]",,,"[[B, 1, d_model]]",[3214],33,input_layernorm,,1,model.layers.33.input_layernorm,aten.pow.Tensor_Scalar,[],decode,False
3216,input_layernorm,,mean,"[[B, 1, d_model]]",,,"[[B, 1, 1]]",[3215],33,input_layernorm,,1,model.layers.33.input_layernorm,aten.mean.dim,[],decode,False
3217,input_layernorm,,elementwise_add,"[[B, 1, 1]]",,,"[[B, 1, 1]]",[3216],33,input_layernorm,,1,model.layers.33.input_layernorm,aten.add.Tensor,[],decode,False
3218,input_layernorm,,rsqrt,"[[B, 1, 1]]",,,"[[B, 1, 1]]",[3217],33,input_layernorm,,1,model.layers.33.input_layernorm,aten.rsqrt.default,[],decode,False
3219,input_layernorm,,elementwise_mul,"[[B, 1, d_model], [B, 1, 1]]",,,"[[B, 1, d_model]]","[3214, 3218]",33,input_layernorm,,1,model.layers.33.input_layernorm,aten.mul.Tensor,[],decode,False
3220,input_layernorm,,_to_copy,"[[B, 1, d_model]]",,,"[[B, 1, d_model]]",[3219],33,input_layernorm,,1,model.layers.33.input_layernorm,aten._to_copy.default,[],decode,True
3221,input_layernorm,,elementwise_mul,"[[d_model], [B, 1, d_model]]",,,"[[B, 1, d_model]]",[3220],33,input_layernorm,,1,model.layers.33.input_layernorm,aten.mul.Tensor,[model.layers.33.input_layernorm.weight],decode,False
3222,self_attn,q_proj,t,"[[n_h*d_head, d_model]]","[n_h*d_head, d_model]",0,"[[d_model, n_h*d_head]]",[],33,self_attn,q_proj,2,model.layers.33.self_attn.q_proj,aten.t.default,[model.layers.33.self_attn.q_proj.weight],decode,True
3223,self_attn,q_proj,view,"[[B, 1, d_model]]",,,"[[B, d_model]]",[3221],33,self_attn,q_proj,2,model.layers.33.self_attn.q_proj,aten.view.default,[],decode,True
3224,self_attn,q_proj,matmul,"[[B, d_model], [d_model, n_h*d_head]]","[n_h*d_head, d_model]",1,"[[B, n_h*d_head]]","[3222, 3223]",33,self_attn,q_proj,2,model.layers.33.self_attn.q_proj,aten.mm.default,[model.layers.33.self_attn.q_proj.weight],decode,False
3225,self_attn,q_proj,_unsafe_view,"[[B, n_h*d_head]]",,,"[[B, 1, n_h*d_head]]",[3224],33,self_attn,q_proj,2,model.layers.33.self_attn.q_proj,aten._unsafe_view.default,[],decode,True
3226,self_attn,,view,"[[B, 1, n_h*d_head]]",,,"[[B, 1, n_h, d_head]]",[3225],33,self_attn,,1,model.layers.33.self_attn,aten.view.default,[],decode,True
3227,self_attn,,transpose,"[[B, 1, n_h, d_head]]",,,"[[B, n_h, 1, d_head]]",[3226],33,self_attn,,1,model.layers.33.self_attn,aten.transpose.int,[],decode,True
3228,self_attn,k_proj,t,"[[n_kv*d_head, d_model]]","[n_kv*d_head, d_model]",0,"[[d_model, n_kv*d_head]]",[],33,self_attn,k_proj,2,model.layers.33.self_attn.k_proj,aten.t.default,[model.layers.33.self_attn.k_proj.weight],decode,True
3229,self_attn,k_proj,view,"[[B, 1, d_model]]",,,"[[B, d_model]]",[3221],33,self_attn,k_proj,2,model.layers.33.self_attn.k_proj,aten.view.default,[],decode,True
3230,self_attn,k_proj,matmul,"[[B, d_model], [d_model, n_kv*d_head]]","[n_kv*d_head, d_model]",1,"[[B, n_kv*d_head]]","[3228, 3229]",33,self_attn,k_proj,2,model.layers.33.self_attn.k_proj,aten.mm.default,[model.layers.33.self_attn.k_proj.weight],decode,False
3231,self_attn,k_proj,_unsafe_view,"[[B, n_kv*d_head]]",,,"[[B, 1, n_kv*d_head]]",[3230],33,self_attn,k_proj,2,model.layers.33.self_attn.k_proj,aten._unsafe_view.default,[],decode,True
3232,self_attn,,view,"[[B, 1, n_kv*d_head]]",,,"[[B, 1, n_kv, d_head]]",[3231],33,self_attn,,1,model.layers.33.self_attn,aten.view.default,[],decode,True
3233,self_attn,,transpose,"[[B, 1, n_kv, d_head]]",,,"[[B, n_kv, 1, d_head]]",[3232],33,self_attn,,1,model.layers.33.self_attn,aten.transpose.int,[],decode,True
3234,self_attn,v_proj,t,"[[n_kv*d_head, d_model]]","[n_kv*d_head, d_model]",0,"[[d_model, n_kv*d_head]]",[],33,self_attn,v_proj,2,model.layers.33.self_attn.v_proj,aten.t.default,[model.layers.33.self_attn.v_proj.weight],decode,True
3235,self_attn,v_proj,view,"[[B, 1, d_model]]",,,"[[B, d_model]]",[3221],33,self_attn,v_proj,2,model.layers.33.self_attn.v_proj,aten.view.default,[],decode,True
3236,self_attn,v_proj,matmul,"[[B, d_model], [d_model, n_kv*d_head]]","[n_kv*d_head, d_model]",1,"[[B, n_kv*d_head]]","[3234, 3235]",33,self_attn,v_proj,2,model.layers.33.self_attn.v_proj,aten.mm.default,[model.layers.33.self_attn.v_proj.weight],decode,False
3237,self_attn,v_proj,_unsafe_view,"[[B, n_kv*d_head]]",,,"[[B, 1, n_kv*d_head]]",[3236],33,self_attn,v_proj,2,model.layers.33.self_attn.v_proj,aten._unsafe_view.default,[],decode,True
3238,self_attn,,view,"[[B, 1, n_kv*d_head]]",,,"[[B, 1, n_kv, d_head]]",[3237],33,self_attn,,1,model.layers.33.self_attn,aten.view.default,[],decode,True
3239,self_attn,,transpose,"[[B, 1, n_kv, d_head]]",,,"[[B, n_kv, 1, d_head]]",[3238],33,self_attn,,1,model.layers.33.self_attn,aten.transpose.int,[],decode,True
3240,self_attn,,unsqueeze,"[[B, 1, d_head]]",,,"[[B, 1, 1, d_head]]",[40],33,self_attn,,1,model.layers.33.self_attn,aten.unsqueeze.default,[],decode,True
3241,self_attn,,unsqueeze,"[[B, 1, d_head]]",,,"[[B, 1, 1, d_head]]",[41],33,self_attn,,1,model.layers.33.self_attn,aten.unsqueeze.default,[],decode,True
3242,self_attn,,elementwise_mul,"[[B, n_h, 1, d_head], [B, 1, 1, d_head]]",,,"[[B, n_h, 1, d_head]]","[3227, 3240]",33,self_attn,,1,model.layers.33.self_attn,aten.mul.Tensor,[],decode,False
3243,self_attn,,slice,"[[B, n_h, 1, d_head]]",,,"[[B, n_h, 1, d_head/2]]",[3227],33,self_attn,,1,model.layers.33.self_attn,aten.slice.Tensor,[],decode,True
3244,self_attn,,slice,"[[B, n_h, 1, d_head]]",,,"[[B, n_h, 1, d_head/2]]",[3227],33,self_attn,,1,model.layers.33.self_attn,aten.slice.Tensor,[],decode,True
3245,self_attn,,neg,"[[B, n_h, 1, d_head/2]]",,,"[[B, n_h, 1, d_head/2]]",[3244],33,self_attn,,1,model.layers.33.self_attn,aten.neg.default,[],decode,False
3246,self_attn,,concat,"[[B, n_h, 1, d_head/2], [B, n_h, 1, d_head/2]]",,,"[[B, n_h, 1, d_head]]","[3243, 3245]",33,self_attn,,1,model.layers.33.self_attn,aten.cat.default,[],decode,False
3247,self_attn,,elementwise_mul,"[[B, n_h, 1, d_head], [B, 1, 1, d_head]]",,,"[[B, n_h, 1, d_head]]","[3241, 3246]",33,self_attn,,1,model.layers.33.self_attn,aten.mul.Tensor,[],decode,False
3248,self_attn,,elementwise_add,"[[B, n_h, 1, d_head], [B, n_h, 1, d_head]]",,,"[[B, n_h, 1, d_head]]","[3242, 3247]",33,self_attn,,1,model.layers.33.self_attn,aten.add.Tensor,[],decode,False
3249,self_attn,,elementwise_mul,"[[B, n_kv, 1, d_head], [B, 1, 1, d_head]]",,,"[[B, n_kv, 1, d_head]]","[3233, 3240]",33,self_attn,,1,model.layers.33.self_attn,aten.mul.Tensor,[],decode,False
3250,self_attn,,slice,"[[B, n_kv, 1, d_head]]",,,"[[B, n_kv, 1, d_head/2]]",[3233],33,self_attn,,1,model.layers.33.self_attn,aten.slice.Tensor,[],decode,True
3251,self_attn,,slice,"[[B, n_kv, 1, d_head]]",,,"[[B, n_kv, 1, d_head/2]]",[3233],33,self_attn,,1,model.layers.33.self_attn,aten.slice.Tensor,[],decode,True
3252,self_attn,,neg,"[[B, n_kv, 1, d_head/2]]",,,"[[B, n_kv, 1, d_head/2]]",[3251],33,self_attn,,1,model.layers.33.self_attn,aten.neg.default,[],decode,False
3253,self_attn,,concat,"[[B, n_kv, 1, d_head/2], [B, n_kv, 1, d_head/2]]",,,"[[B, n_kv, 1, d_head]]","[3250, 3252]",33,self_attn,,1,model.layers.33.self_attn,aten.cat.default,[],decode,False
3254,self_attn,,elementwise_mul,"[[B, n_kv, 1, d_head], [B, 1, 1, d_head]]",,,"[[B, n_kv, 1, d_head]]","[3241, 3253]",33,self_attn,,1,model.layers.33.self_attn,aten.mul.Tensor,[],decode,False
3255,self_attn,,elementwise_add,"[[B, n_kv, 1, d_head], [B, n_kv, 1, d_head]]",,,"[[B, n_kv, 1, d_head]]","[3249, 3254]",33,self_attn,,1,model.layers.33.self_attn,aten.add.Tensor,[],decode,False
3256,self_attn,,concat,"[[B, n_kv, T, d_head], [B, n_kv, 1, d_head]]",,,"[[B, n_kv, T+1, d_head]]",[3255],33,self_attn,,1,model.layers.33.self_attn,aten.cat.default,[],decode,False
3257,self_attn,,concat,"[[B, n_kv, T, d_head], [B, n_kv, 1, d_head]]",,,"[[B, n_kv, T+1, d_head]]",[3239],33,self_attn,,1,model.layers.33.self_attn,aten.cat.default,[],decode,False
3258,self_attn,,unsqueeze,"[[B, n_kv, T+1, d_head]]",,,"[[B, n_kv, 1, T+1, d_head]]",[3256],33,self_attn,,1,model.layers.33.self_attn,aten.unsqueeze.default,[],decode,True
3259,self_attn,,expand,"[[B, n_kv, 1, T+1, d_head]]",,,"[[B, n_kv, n_h/n_kv, T+1, d_head]]",[3258],33,self_attn,,1,model.layers.33.self_attn,aten.expand.default,[],decode,True
3260,self_attn,,clone,"[[B, n_kv, n_h/n_kv, T+1, d_head]]",,,"[[B, n_kv, n_h/n_kv, T+1, d_head]]",[3259],33,self_attn,,1,model.layers.33.self_attn,aten.clone.default,[],decode,True
3261,self_attn,,_unsafe_view,"[[B, n_kv, n_h/n_kv, T+1, d_head]]",,,"[[B, n_h, T+1, d_head]]",[3260],33,self_attn,,1,model.layers.33.self_attn,aten._unsafe_view.default,[],decode,True
3262,self_attn,,unsqueeze,"[[B, n_kv, T+1, d_head]]",,,"[[B, n_kv, 1, T+1, d_head]]",[3257],33,self_attn,,1,model.layers.33.self_attn,aten.unsqueeze.default,[],decode,True
3263,self_attn,,expand,"[[B, n_kv, 1, T+1, d_head]]",,,"[[B, n_kv, n_h/n_kv, T+1, d_head]]",[3262],33,self_attn,,1,model.layers.33.self_attn,aten.expand.default,[],decode,True
3264,self_attn,,clone,"[[B, n_kv, n_h/n_kv, T+1, d_head]]",,,"[[B, n_kv, n_h/n_kv, T+1, d_head]]",[3263],33,self_attn,,1,model.layers.33.self_attn,aten.clone.default,[],decode,True
3265,self_attn,,_unsafe_view,"[[B, n_kv, n_h/n_kv, T+1, d_head]]",,,"[[B, n_h, T+1, d_head]]",[3264],33,self_attn,,1,model.layers.33.self_attn,aten._unsafe_view.default,[],decode,True
3266,self_attn,,transpose,"[[B, n_h, T+1, d_head]]",,,"[[B, n_h, d_head, T+1]]",[3261],33,self_attn,,1,model.layers.33.self_attn,aten.transpose.int,[],decode,True
3267,self_attn,,expand,"[[B, n_h, 1, d_head]]",,,"[[B, n_h, 1, d_head]]",[3248],33,self_attn,,1,model.layers.33.self_attn,aten.expand.default,[],decode,True
3268,self_attn,,view,"[[B, n_h, 1, d_head]]",,,"[[n_h, B, d_head]]",[3267],33,self_attn,,1,model.layers.33.self_attn,aten.view.default,[],decode,True
3269,self_attn,,expand,"[[B, n_h, d_head, T+1]]",,,"[[B, n_h, d_head, T+1]]",[3266],33,self_attn,,1,model.layers.33.self_attn,aten.expand.default,[],decode,True
3270,self_attn,,view,"[[B, n_h, d_head, T+1]]",,,"[[n_h, d_head, T+1]]",[3269],33,self_attn,,1,model.layers.33.self_attn,aten.view.default,[],decode,True
3271,self_attn,,batched_matmul,"[[n_h, B, d_head], [n_h, d_head, T+1]]",,,"[[n_h, B, T+1]]","[3268, 3270]",33,self_attn,,1,model.layers.33.self_attn,aten.bmm.default,[],decode,False
3272,self_attn,,_unsafe_view,"[[n_h, B, T+1]]",,,"[[B, n_h, 1, T+1]]",[3271],33,self_attn,,1,model.layers.33.self_attn,aten._unsafe_view.default,[],decode,True
3273,self_attn,,elementwise_mul,"[[B, n_h, 1, T+1]]",,,"[[B, n_h, 1, T+1]]",[3272],33,self_attn,,1,model.layers.33.self_attn,aten.mul.Tensor,[],decode,False
3274,self_attn,,elementwise_add,"[[B, n_h, 1, T+1], [B, 1, 1, T+1]]",,,"[[B, n_h, 1, T+1]]","[22, 3273]",33,self_attn,,1,model.layers.33.self_attn,aten.add.Tensor,[],decode,False
3275,self_attn,,_to_copy,"[[B, n_h, 1, T+1]]",,,"[[B, n_h, 1, T+1]]",[3274],33,self_attn,,1,model.layers.33.self_attn,aten._to_copy.default,[],decode,True
3276,self_attn,,softmax,"[[B, n_h, 1, T+1]]",,,"[[B, n_h, 1, T+1]]",[3275],33,self_attn,,1,model.layers.33.self_attn,aten._softmax.default,[],decode,False
3277,self_attn,,_to_copy,"[[B, n_h, 1, T+1]]",,,"[[B, n_h, 1, T+1]]",[3276],33,self_attn,,1,model.layers.33.self_attn,aten._to_copy.default,[],decode,True
3278,self_attn,,expand,"[[B, n_h, 1, T+1]]",,,"[[B, n_h, 1, T+1]]",[3277],33,self_attn,,1,model.layers.33.self_attn,aten.expand.default,[],decode,True
3279,self_attn,,view,"[[B, n_h, 1, T+1]]",,,"[[n_h, B, T+1]]",[3278],33,self_attn,,1,model.layers.33.self_attn,aten.view.default,[],decode,True
3280,self_attn,,expand,"[[B, n_h, T+1, d_head]]",,,"[[B, n_h, T+1, d_head]]",[3265],33,self_attn,,1,model.layers.33.self_attn,aten.expand.default,[],decode,True
3281,self_attn,,view,"[[B, n_h, T+1, d_head]]",,,"[[n_h, T+1, d_head]]",[3280],33,self_attn,,1,model.layers.33.self_attn,aten.view.default,[],decode,True
3282,self_attn,,batched_matmul,"[[n_h, B, T+1], [n_h, T+1, d_head]]",,,"[[n_h, B, d_head]]","[3279, 3281]",33,self_attn,,1,model.layers.33.self_attn,aten.bmm.default,[],decode,False
3283,self_attn,,_unsafe_view,"[[n_h, B, d_head]]",,,"[[B, n_h, 1, d_head]]",[3282],33,self_attn,,1,model.layers.33.self_attn,aten._unsafe_view.default,[],decode,True
3284,self_attn,,transpose,"[[B, n_h, 1, d_head]]",,,"[[B, 1, n_h, d_head]]",[3283],33,self_attn,,1,model.layers.33.self_attn,aten.transpose.int,[],decode,True
3285,self_attn,,view,"[[B, 1, n_h, d_head]]",,,"[[B, 1, n_h*d_head]]",[3284],33,self_attn,,1,model.layers.33.self_attn,aten.view.default,[],decode,True
3286,self_attn,o_proj,t,"[[d_model, n_h*d_head]]","[d_model, n_h*d_head]",0,"[[n_h*d_head, d_model]]",[],33,self_attn,o_proj,2,model.layers.33.self_attn.o_proj,aten.t.default,[model.layers.33.self_attn.o_proj.weight],decode,True
3287,self_attn,o_proj,view,"[[B, 1, n_h*d_head]]",,,"[[B, n_h*d_head]]",[3285],33,self_attn,o_proj,2,model.layers.33.self_attn.o_proj,aten.view.default,[],decode,True
3288,self_attn,o_proj,matmul,"[[B, n_h*d_head], [n_h*d_head, d_model]]","[d_model, n_h*d_head]",1,"[[B, d_model]]","[3286, 3287]",33,self_attn,o_proj,2,model.layers.33.self_attn.o_proj,aten.mm.default,[model.layers.33.self_attn.o_proj.weight],decode,False
3289,self_attn,o_proj,_unsafe_view,"[[B, d_model]]",,,"[[B, 1, d_model]]",[3288],33,self_attn,o_proj,2,model.layers.33.self_attn.o_proj,aten._unsafe_view.default,[],decode,True
3290,,,elementwise_add,"[[B, 1, d_model], [B, 1, d_model]]",,,"[[B, 1, d_model]]","[3213, 3289]",33,,,0,model.layers.33,aten.add.Tensor,[],decode,False
3291,post_attention_layernorm,,_to_copy,"[[B, 1, d_model]]",,,"[[B, 1, d_model]]",[3290],33,post_attention_layernorm,,1,model.layers.33.post_attention_layernorm,aten._to_copy.default,[],decode,True
3292,post_attention_layernorm,,pow,"[[B, 1, d_model]]",,,"[[B, 1, d_model]]",[3291],33,post_attention_layernorm,,1,model.layers.33.post_attention_layernorm,aten.pow.Tensor_Scalar,[],decode,False
3293,post_attention_layernorm,,mean,"[[B, 1, d_model]]",,,"[[B, 1, 1]]",[3292],33,post_attention_layernorm,,1,model.layers.33.post_attention_layernorm,aten.mean.dim,[],decode,False
3294,post_attention_layernorm,,elementwise_add,"[[B, 1, 1]]",,,"[[B, 1, 1]]",[3293],33,post_attention_layernorm,,1,model.layers.33.post_attention_layernorm,aten.add.Tensor,[],decode,False
3295,post_attention_layernorm,,rsqrt,"[[B, 1, 1]]",,,"[[B, 1, 1]]",[3294],33,post_attention_layernorm,,1,model.layers.33.post_attention_layernorm,aten.rsqrt.default,[],decode,False
3296,post_attention_layernorm,,elementwise_mul,"[[B, 1, d_model], [B, 1, 1]]",,,"[[B, 1, d_model]]","[3291, 3295]",33,post_attention_layernorm,,1,model.layers.33.post_attention_layernorm,aten.mul.Tensor,[],decode,False
3297,post_attention_layernorm,,_to_copy,"[[B, 1, d_model]]",,,"[[B, 1, d_model]]",[3296],33,post_attention_layernorm,,1,model.layers.33.post_attention_layernorm,aten._to_copy.default,[],decode,True
3298,post_attention_layernorm,,elementwise_mul,"[[d_model], [B, 1, d_model]]",,,"[[B, 1, d_model]]",[3297],33,post_attention_layernorm,,1,model.layers.33.post_attention_layernorm,aten.mul.Tensor,[model.layers.33.post_attention_layernorm.weight],decode,False
3299,mlp,gate_proj,t,"[[d_ff, d_model]]","[d_ff, d_model]",0,"[[d_model, d_ff]]",[],33,mlp,gate_proj,2,model.layers.33.mlp.gate_proj,aten.t.default,[model.layers.33.mlp.gate_proj.weight],decode,True
3300,mlp,gate_proj,view,"[[B, 1, d_model]]",,,"[[B, d_model]]",[3298],33,mlp,gate_proj,2,model.layers.33.mlp.gate_proj,aten.view.default,[],decode,True
3301,mlp,gate_proj,matmul,"[[B, d_model], [d_model, d_ff]]","[d_ff, d_model]",1,"[[B, d_ff]]","[3299, 3300]",33,mlp,gate_proj,2,model.layers.33.mlp.gate_proj,aten.mm.default,[model.layers.33.mlp.gate_proj.weight],decode,False
3302,mlp,gate_proj,_unsafe_view,"[[B, d_ff]]",,,"[[B, 1, d_ff]]",[3301],33,mlp,gate_proj,2,model.layers.33.mlp.gate_proj,aten._unsafe_view.default,[],decode,True
3303,mlp,act_fn,silu,"[[B, 1, d_ff]]",,,"[[B, 1, d_ff]]",[3302],33,mlp,act_fn,2,model.layers.33.mlp.act_fn,aten.silu.default,[],decode,False
3304,mlp,up_proj,t,"[[d_ff, d_model]]","[d_ff, d_model]",0,"[[d_model, d_ff]]",[],33,mlp,up_proj,2,model.layers.33.mlp.up_proj,aten.t.default,[model.layers.33.mlp.up_proj.weight],decode,True
3305,mlp,up_proj,view,"[[B, 1, d_model]]",,,"[[B, d_model]]",[3298],33,mlp,up_proj,2,model.layers.33.mlp.up_proj,aten.view.default,[],decode,True
3306,mlp,up_proj,matmul,"[[B, d_model], [d_model, d_ff]]","[d_ff, d_model]",1,"[[B, d_ff]]","[3304, 3305]",33,mlp,up_proj,2,model.layers.33.mlp.up_proj,aten.mm.default,[model.layers.33.mlp.up_proj.weight],decode,False
3307,mlp,up_proj,_unsafe_view,"[[B, d_ff]]",,,"[[B, 1, d_ff]]",[3306],33,mlp,up_proj,2,model.layers.33.mlp.up_proj,aten._unsafe_view.default,[],decode,True
3308,mlp,,elementwise_mul,"[[B, 1, d_ff], [B, 1, d_ff]]",,,"[[B, 1, d_ff]]","[3303, 3307]",33,mlp,,1,model.layers.33.mlp,aten.mul.Tensor,[],decode,False
3309,mlp,down_proj,t,"[[d_model, d_ff]]","[d_model, d_ff]",0,"[[d_ff, d_model]]",[],33,mlp,down_proj,2,model.layers.33.mlp.down_proj,aten.t.default,[model.layers.33.mlp.down_proj.weight],decode,True
3310,mlp,down_proj,view,"[[B, 1, d_ff]]",,,"[[B, d_ff]]",[3308],33,mlp,down_proj,2,model.layers.33.mlp.down_proj,aten.view.default,[],decode,True
3311,mlp,down_proj,matmul,"[[B, d_ff], [d_ff, d_model]]","[d_model, d_ff]",1,"[[B, d_model]]","[3309, 3310]",33,mlp,down_proj,2,model.layers.33.mlp.down_proj,aten.mm.default,[model.layers.33.mlp.down_proj.weight],decode,False
3312,mlp,down_proj,_unsafe_view,"[[B, d_model]]",,,"[[B, 1, d_model]]",[3311],33,mlp,down_proj,2,model.layers.33.mlp.down_proj,aten._unsafe_view.default,[],decode,True
3313,,,elementwise_add,"[[B, 1, d_model], [B, 1, d_model]]",,,"[[B, 1, d_model]]","[3290, 3312]",33,,,0,model.layers.33,aten.add.Tensor,[],decode,False
3314,input_layernorm,,_to_copy,"[[B, 1, d_model]]",,,"[[B, 1, d_model]]",[3313],34,input_layernorm,,1,model.layers.34.input_layernorm,aten._to_copy.default,[],decode,True
3315,input_layernorm,,pow,"[[B, 1, d_model]]",,,"[[B, 1, d_model]]",[3314],34,input_layernorm,,1,model.layers.34.input_layernorm,aten.pow.Tensor_Scalar,[],decode,False
3316,input_layernorm,,mean,"[[B, 1, d_model]]",,,"[[B, 1, 1]]",[3315],34,input_layernorm,,1,model.layers.34.input_layernorm,aten.mean.dim,[],decode,False
3317,input_layernorm,,elementwise_add,"[[B, 1, 1]]",,,"[[B, 1, 1]]",[3316],34,input_layernorm,,1,model.layers.34.input_layernorm,aten.add.Tensor,[],decode,False
3318,input_layernorm,,rsqrt,"[[B, 1, 1]]",,,"[[B, 1, 1]]",[3317],34,input_layernorm,,1,model.layers.34.input_layernorm,aten.rsqrt.default,[],decode,False
3319,input_layernorm,,elementwise_mul,"[[B, 1, d_model], [B, 1, 1]]",,,"[[B, 1, d_model]]","[3314, 3318]",34,input_layernorm,,1,model.layers.34.input_layernorm,aten.mul.Tensor,[],decode,False
3320,input_layernorm,,_to_copy,"[[B, 1, d_model]]",,,"[[B, 1, d_model]]",[3319],34,input_layernorm,,1,model.layers.34.input_layernorm,aten._to_copy.default,[],decode,True
3321,input_layernorm,,elementwise_mul,"[[d_model], [B, 1, d_model]]",,,"[[B, 1, d_model]]",[3320],34,input_layernorm,,1,model.layers.34.input_layernorm,aten.mul.Tensor,[model.layers.34.input_layernorm.weight],decode,False
3322,self_attn,q_proj,t,"[[n_h*d_head, d_model]]","[n_h*d_head, d_model]",0,"[[d_model, n_h*d_head]]",[],34,self_attn,q_proj,2,model.layers.34.self_attn.q_proj,aten.t.default,[model.layers.34.self_attn.q_proj.weight],decode,True
3323,self_attn,q_proj,view,"[[B, 1, d_model]]",,,"[[B, d_model]]",[3321],34,self_attn,q_proj,2,model.layers.34.self_attn.q_proj,aten.view.default,[],decode,True
3324,self_attn,q_proj,matmul,"[[B, d_model], [d_model, n_h*d_head]]","[n_h*d_head, d_model]",1,"[[B, n_h*d_head]]","[3322, 3323]",34,self_attn,q_proj,2,model.layers.34.self_attn.q_proj,aten.mm.default,[model.layers.34.self_attn.q_proj.weight],decode,False
3325,self_attn,q_proj,_unsafe_view,"[[B, n_h*d_head]]",,,"[[B, 1, n_h*d_head]]",[3324],34,self_attn,q_proj,2,model.layers.34.self_attn.q_proj,aten._unsafe_view.default,[],decode,True
3326,self_attn,,view,"[[B, 1, n_h*d_head]]",,,"[[B, 1, n_h, d_head]]",[3325],34,self_attn,,1,model.layers.34.self_attn,aten.view.default,[],decode,True
3327,self_attn,,transpose,"[[B, 1, n_h, d_head]]",,,"[[B, n_h, 1, d_head]]",[3326],34,self_attn,,1,model.layers.34.self_attn,aten.transpose.int,[],decode,True
3328,self_attn,k_proj,t,"[[n_kv*d_head, d_model]]","[n_kv*d_head, d_model]",0,"[[d_model, n_kv*d_head]]",[],34,self_attn,k_proj,2,model.layers.34.self_attn.k_proj,aten.t.default,[model.layers.34.self_attn.k_proj.weight],decode,True
3329,self_attn,k_proj,view,"[[B, 1, d_model]]",,,"[[B, d_model]]",[3321],34,self_attn,k_proj,2,model.layers.34.self_attn.k_proj,aten.view.default,[],decode,True
3330,self_attn,k_proj,matmul,"[[B, d_model], [d_model, n_kv*d_head]]","[n_kv*d_head, d_model]",1,"[[B, n_kv*d_head]]","[3328, 3329]",34,self_attn,k_proj,2,model.layers.34.self_attn.k_proj,aten.mm.default,[model.layers.34.self_attn.k_proj.weight],decode,False
3331,self_attn,k_proj,_unsafe_view,"[[B, n_kv*d_head]]",,,"[[B, 1, n_kv*d_head]]",[3330],34,self_attn,k_proj,2,model.layers.34.self_attn.k_proj,aten._unsafe_view.default,[],decode,True
3332,self_attn,,view,"[[B, 1, n_kv*d_head]]",,,"[[B, 1, n_kv, d_head]]",[3331],34,self_attn,,1,model.layers.34.self_attn,aten.view.default,[],decode,True
3333,self_attn,,transpose,"[[B, 1, n_kv, d_head]]",,,"[[B, n_kv, 1, d_head]]",[3332],34,self_attn,,1,model.layers.34.self_attn,aten.transpose.int,[],decode,True
3334,self_attn,v_proj,t,"[[n_kv*d_head, d_model]]","[n_kv*d_head, d_model]",0,"[[d_model, n_kv*d_head]]",[],34,self_attn,v_proj,2,model.layers.34.self_attn.v_proj,aten.t.default,[model.layers.34.self_attn.v_proj.weight],decode,True
3335,self_attn,v_proj,view,"[[B, 1, d_model]]",,,"[[B, d_model]]",[3321],34,self_attn,v_proj,2,model.layers.34.self_attn.v_proj,aten.view.default,[],decode,True
3336,self_attn,v_proj,matmul,"[[B, d_model], [d_model, n_kv*d_head]]","[n_kv*d_head, d_model]",1,"[[B, n_kv*d_head]]","[3334, 3335]",34,self_attn,v_proj,2,model.layers.34.self_attn.v_proj,aten.mm.default,[model.layers.34.self_attn.v_proj.weight],decode,False
3337,self_attn,v_proj,_unsafe_view,"[[B, n_kv*d_head]]",,,"[[B, 1, n_kv*d_head]]",[3336],34,self_attn,v_proj,2,model.layers.34.self_attn.v_proj,aten._unsafe_view.default,[],decode,True
3338,self_attn,,view,"[[B, 1, n_kv*d_head]]",,,"[[B, 1, n_kv, d_head]]",[3337],34,self_attn,,1,model.layers.34.self_attn,aten.view.default,[],decode,True
3339,self_attn,,transpose,"[[B, 1, n_kv, d_head]]",,,"[[B, n_kv, 1, d_head]]",[3338],34,self_attn,,1,model.layers.34.self_attn,aten.transpose.int,[],decode,True
3340,self_attn,,unsqueeze,"[[B, 1, d_head]]",,,"[[B, 1, 1, d_head]]",[40],34,self_attn,,1,model.layers.34.self_attn,aten.unsqueeze.default,[],decode,True
3341,self_attn,,unsqueeze,"[[B, 1, d_head]]",,,"[[B, 1, 1, d_head]]",[41],34,self_attn,,1,model.layers.34.self_attn,aten.unsqueeze.default,[],decode,True
3342,self_attn,,elementwise_mul,"[[B, n_h, 1, d_head], [B, 1, 1, d_head]]",,,"[[B, n_h, 1, d_head]]","[3327, 3340]",34,self_attn,,1,model.layers.34.self_attn,aten.mul.Tensor,[],decode,False
3343,self_attn,,slice,"[[B, n_h, 1, d_head]]",,,"[[B, n_h, 1, d_head/2]]",[3327],34,self_attn,,1,model.layers.34.self_attn,aten.slice.Tensor,[],decode,True
3344,self_attn,,slice,"[[B, n_h, 1, d_head]]",,,"[[B, n_h, 1, d_head/2]]",[3327],34,self_attn,,1,model.layers.34.self_attn,aten.slice.Tensor,[],decode,True
3345,self_attn,,neg,"[[B, n_h, 1, d_head/2]]",,,"[[B, n_h, 1, d_head/2]]",[3344],34,self_attn,,1,model.layers.34.self_attn,aten.neg.default,[],decode,False
3346,self_attn,,concat,"[[B, n_h, 1, d_head/2], [B, n_h, 1, d_head/2]]",,,"[[B, n_h, 1, d_head]]","[3343, 3345]",34,self_attn,,1,model.layers.34.self_attn,aten.cat.default,[],decode,False
3347,self_attn,,elementwise_mul,"[[B, n_h, 1, d_head], [B, 1, 1, d_head]]",,,"[[B, n_h, 1, d_head]]","[3341, 3346]",34,self_attn,,1,model.layers.34.self_attn,aten.mul.Tensor,[],decode,False
3348,self_attn,,elementwise_add,"[[B, n_h, 1, d_head], [B, n_h, 1, d_head]]",,,"[[B, n_h, 1, d_head]]","[3342, 3347]",34,self_attn,,1,model.layers.34.self_attn,aten.add.Tensor,[],decode,False
3349,self_attn,,elementwise_mul,"[[B, n_kv, 1, d_head], [B, 1, 1, d_head]]",,,"[[B, n_kv, 1, d_head]]","[3333, 3340]",34,self_attn,,1,model.layers.34.self_attn,aten.mul.Tensor,[],decode,False
3350,self_attn,,slice,"[[B, n_kv, 1, d_head]]",,,"[[B, n_kv, 1, d_head/2]]",[3333],34,self_attn,,1,model.layers.34.self_attn,aten.slice.Tensor,[],decode,True
3351,self_attn,,slice,"[[B, n_kv, 1, d_head]]",,,"[[B, n_kv, 1, d_head/2]]",[3333],34,self_attn,,1,model.layers.34.self_attn,aten.slice.Tensor,[],decode,True
3352,self_attn,,neg,"[[B, n_kv, 1, d_head/2]]",,,"[[B, n_kv, 1, d_head/2]]",[3351],34,self_attn,,1,model.layers.34.self_attn,aten.neg.default,[],decode,False
3353,self_attn,,concat,"[[B, n_kv, 1, d_head/2], [B, n_kv, 1, d_head/2]]",,,"[[B, n_kv, 1, d_head]]","[3350, 3352]",34,self_attn,,1,model.layers.34.self_attn,aten.cat.default,[],decode,False
3354,self_attn,,elementwise_mul,"[[B, n_kv, 1, d_head], [B, 1, 1, d_head]]",,,"[[B, n_kv, 1, d_head]]","[3341, 3353]",34,self_attn,,1,model.layers.34.self_attn,aten.mul.Tensor,[],decode,False
3355,self_attn,,elementwise_add,"[[B, n_kv, 1, d_head], [B, n_kv, 1, d_head]]",,,"[[B, n_kv, 1, d_head]]","[3349, 3354]",34,self_attn,,1,model.layers.34.self_attn,aten.add.Tensor,[],decode,False
3356,self_attn,,concat,"[[B, n_kv, T, d_head], [B, n_kv, 1, d_head]]",,,"[[B, n_kv, T+1, d_head]]",[3355],34,self_attn,,1,model.layers.34.self_attn,aten.cat.default,[],decode,False
3357,self_attn,,concat,"[[B, n_kv, T, d_head], [B, n_kv, 1, d_head]]",,,"[[B, n_kv, T+1, d_head]]",[3339],34,self_attn,,1,model.layers.34.self_attn,aten.cat.default,[],decode,False
3358,self_attn,,unsqueeze,"[[B, n_kv, T+1, d_head]]",,,"[[B, n_kv, 1, T+1, d_head]]",[3356],34,self_attn,,1,model.layers.34.self_attn,aten.unsqueeze.default,[],decode,True
3359,self_attn,,expand,"[[B, n_kv, 1, T+1, d_head]]",,,"[[B, n_kv, n_h/n_kv, T+1, d_head]]",[3358],34,self_attn,,1,model.layers.34.self_attn,aten.expand.default,[],decode,True
3360,self_attn,,clone,"[[B, n_kv, n_h/n_kv, T+1, d_head]]",,,"[[B, n_kv, n_h/n_kv, T+1, d_head]]",[3359],34,self_attn,,1,model.layers.34.self_attn,aten.clone.default,[],decode,True
3361,self_attn,,_unsafe_view,"[[B, n_kv, n_h/n_kv, T+1, d_head]]",,,"[[B, n_h, T+1, d_head]]",[3360],34,self_attn,,1,model.layers.34.self_attn,aten._unsafe_view.default,[],decode,True
3362,self_attn,,unsqueeze,"[[B, n_kv, T+1, d_head]]",,,"[[B, n_kv, 1, T+1, d_head]]",[3357],34,self_attn,,1,model.layers.34.self_attn,aten.unsqueeze.default,[],decode,True
3363,self_attn,,expand,"[[B, n_kv, 1, T+1, d_head]]",,,"[[B, n_kv, n_h/n_kv, T+1, d_head]]",[3362],34,self_attn,,1,model.layers.34.self_attn,aten.expand.default,[],decode,True
3364,self_attn,,clone,"[[B, n_kv, n_h/n_kv, T+1, d_head]]",,,"[[B, n_kv, n_h/n_kv, T+1, d_head]]",[3363],34,self_attn,,1,model.layers.34.self_attn,aten.clone.default,[],decode,True
3365,self_attn,,_unsafe_view,"[[B, n_kv, n_h/n_kv, T+1, d_head]]",,,"[[B, n_h, T+1, d_head]]",[3364],34,self_attn,,1,model.layers.34.self_attn,aten._unsafe_view.default,[],decode,True
3366,self_attn,,transpose,"[[B, n_h, T+1, d_head]]",,,"[[B, n_h, d_head, T+1]]",[3361],34,self_attn,,1,model.layers.34.self_attn,aten.transpose.int,[],decode,True
3367,self_attn,,expand,"[[B, n_h, 1, d_head]]",,,"[[B, n_h, 1, d_head]]",[3348],34,self_attn,,1,model.layers.34.self_attn,aten.expand.default,[],decode,True
3368,self_attn,,view,"[[B, n_h, 1, d_head]]",,,"[[n_h, B, d_head]]",[3367],34,self_attn,,1,model.layers.34.self_attn,aten.view.default,[],decode,True
3369,self_attn,,expand,"[[B, n_h, d_head, T+1]]",,,"[[B, n_h, d_head, T+1]]",[3366],34,self_attn,,1,model.layers.34.self_attn,aten.expand.default,[],decode,True
3370,self_attn,,view,"[[B, n_h, d_head, T+1]]",,,"[[n_h, d_head, T+1]]",[3369],34,self_attn,,1,model.layers.34.self_attn,aten.view.default,[],decode,True
3371,self_attn,,batched_matmul,"[[n_h, B, d_head], [n_h, d_head, T+1]]",,,"[[n_h, B, T+1]]","[3368, 3370]",34,self_attn,,1,model.layers.34.self_attn,aten.bmm.default,[],decode,False
3372,self_attn,,_unsafe_view,"[[n_h, B, T+1]]",,,"[[B, n_h, 1, T+1]]",[3371],34,self_attn,,1,model.layers.34.self_attn,aten._unsafe_view.default,[],decode,True
3373,self_attn,,elementwise_mul,"[[B, n_h, 1, T+1]]",,,"[[B, n_h, 1, T+1]]",[3372],34,self_attn,,1,model.layers.34.self_attn,aten.mul.Tensor,[],decode,False
3374,self_attn,,elementwise_add,"[[B, n_h, 1, T+1], [B, 1, 1, T+1]]",,,"[[B, n_h, 1, T+1]]","[22, 3373]",34,self_attn,,1,model.layers.34.self_attn,aten.add.Tensor,[],decode,False
3375,self_attn,,_to_copy,"[[B, n_h, 1, T+1]]",,,"[[B, n_h, 1, T+1]]",[3374],34,self_attn,,1,model.layers.34.self_attn,aten._to_copy.default,[],decode,True
3376,self_attn,,softmax,"[[B, n_h, 1, T+1]]",,,"[[B, n_h, 1, T+1]]",[3375],34,self_attn,,1,model.layers.34.self_attn,aten._softmax.default,[],decode,False
3377,self_attn,,_to_copy,"[[B, n_h, 1, T+1]]",,,"[[B, n_h, 1, T+1]]",[3376],34,self_attn,,1,model.layers.34.self_attn,aten._to_copy.default,[],decode,True
3378,self_attn,,expand,"[[B, n_h, 1, T+1]]",,,"[[B, n_h, 1, T+1]]",[3377],34,self_attn,,1,model.layers.34.self_attn,aten.expand.default,[],decode,True
3379,self_attn,,view,"[[B, n_h, 1, T+1]]",,,"[[n_h, B, T+1]]",[3378],34,self_attn,,1,model.layers.34.self_attn,aten.view.default,[],decode,True
3380,self_attn,,expand,"[[B, n_h, T+1, d_head]]",,,"[[B, n_h, T+1, d_head]]",[3365],34,self_attn,,1,model.layers.34.self_attn,aten.expand.default,[],decode,True
3381,self_attn,,view,"[[B, n_h, T+1, d_head]]",,,"[[n_h, T+1, d_head]]",[3380],34,self_attn,,1,model.layers.34.self_attn,aten.view.default,[],decode,True
3382,self_attn,,batched_matmul,"[[n_h, B, T+1], [n_h, T+1, d_head]]",,,"[[n_h, B, d_head]]","[3379, 3381]",34,self_attn,,1,model.layers.34.self_attn,aten.bmm.default,[],decode,False
3383,self_attn,,_unsafe_view,"[[n_h, B, d_head]]",,,"[[B, n_h, 1, d_head]]",[3382],34,self_attn,,1,model.layers.34.self_attn,aten._unsafe_view.default,[],decode,True
3384,self_attn,,transpose,"[[B, n_h, 1, d_head]]",,,"[[B, 1, n_h, d_head]]",[3383],34,self_attn,,1,model.layers.34.self_attn,aten.transpose.int,[],decode,True
3385,self_attn,,view,"[[B, 1, n_h, d_head]]",,,"[[B, 1, n_h*d_head]]",[3384],34,self_attn,,1,model.layers.34.self_attn,aten.view.default,[],decode,True
3386,self_attn,o_proj,t,"[[d_model, n_h*d_head]]","[d_model, n_h*d_head]",0,"[[n_h*d_head, d_model]]",[],34,self_attn,o_proj,2,model.layers.34.self_attn.o_proj,aten.t.default,[model.layers.34.self_attn.o_proj.weight],decode,True
3387,self_attn,o_proj,view,"[[B, 1, n_h*d_head]]",,,"[[B, n_h*d_head]]",[3385],34,self_attn,o_proj,2,model.layers.34.self_attn.o_proj,aten.view.default,[],decode,True
3388,self_attn,o_proj,matmul,"[[B, n_h*d_head], [n_h*d_head, d_model]]","[d_model, n_h*d_head]",1,"[[B, d_model]]","[3386, 3387]",34,self_attn,o_proj,2,model.layers.34.self_attn.o_proj,aten.mm.default,[model.layers.34.self_attn.o_proj.weight],decode,False
3389,self_attn,o_proj,_unsafe_view,"[[B, d_model]]",,,"[[B, 1, d_model]]",[3388],34,self_attn,o_proj,2,model.layers.34.self_attn.o_proj,aten._unsafe_view.default,[],decode,True
3390,,,elementwise_add,"[[B, 1, d_model], [B, 1, d_model]]",,,"[[B, 1, d_model]]","[3313, 3389]",34,,,0,model.layers.34,aten.add.Tensor,[],decode,False
3391,post_attention_layernorm,,_to_copy,"[[B, 1, d_model]]",,,"[[B, 1, d_model]]",[3390],34,post_attention_layernorm,,1,model.layers.34.post_attention_layernorm,aten._to_copy.default,[],decode,True
3392,post_attention_layernorm,,pow,"[[B, 1, d_model]]",,,"[[B, 1, d_model]]",[3391],34,post_attention_layernorm,,1,model.layers.34.post_attention_layernorm,aten.pow.Tensor_Scalar,[],decode,False
3393,post_attention_layernorm,,mean,"[[B, 1, d_model]]",,,"[[B, 1, 1]]",[3392],34,post_attention_layernorm,,1,model.layers.34.post_attention_layernorm,aten.mean.dim,[],decode,False
3394,post_attention_layernorm,,elementwise_add,"[[B, 1, 1]]",,,"[[B, 1, 1]]",[3393],34,post_attention_layernorm,,1,model.layers.34.post_attention_layernorm,aten.add.Tensor,[],decode,False
3395,post_attention_layernorm,,rsqrt,"[[B, 1, 1]]",,,"[[B, 1, 1]]",[3394],34,post_attention_layernorm,,1,model.layers.34.post_attention_layernorm,aten.rsqrt.default,[],decode,False
3396,post_attention_layernorm,,elementwise_mul,"[[B, 1, d_model], [B, 1, 1]]",,,"[[B, 1, d_model]]","[3391, 3395]",34,post_attention_layernorm,,1,model.layers.34.post_attention_layernorm,aten.mul.Tensor,[],decode,False
3397,post_attention_layernorm,,_to_copy,"[[B, 1, d_model]]",,,"[[B, 1, d_model]]",[3396],34,post_attention_layernorm,,1,model.layers.34.post_attention_layernorm,aten._to_copy.default,[],decode,True
3398,post_attention_layernorm,,elementwise_mul,"[[d_model], [B, 1, d_model]]",,,"[[B, 1, d_model]]",[3397],34,post_attention_layernorm,,1,model.layers.34.post_attention_layernorm,aten.mul.Tensor,[model.layers.34.post_attention_layernorm.weight],decode,False
3399,mlp,gate_proj,t,"[[d_ff, d_model]]","[d_ff, d_model]",0,"[[d_model, d_ff]]",[],34,mlp,gate_proj,2,model.layers.34.mlp.gate_proj,aten.t.default,[model.layers.34.mlp.gate_proj.weight],decode,True
3400,mlp,gate_proj,view,"[[B, 1, d_model]]",,,"[[B, d_model]]",[3398],34,mlp,gate_proj,2,model.layers.34.mlp.gate_proj,aten.view.default,[],decode,True
3401,mlp,gate_proj,matmul,"[[B, d_model], [d_model, d_ff]]","[d_ff, d_model]",1,"[[B, d_ff]]","[3399, 3400]",34,mlp,gate_proj,2,model.layers.34.mlp.gate_proj,aten.mm.default,[model.layers.34.mlp.gate_proj.weight],decode,False
3402,mlp,gate_proj,_unsafe_view,"[[B, d_ff]]",,,"[[B, 1, d_ff]]",[3401],34,mlp,gate_proj,2,model.layers.34.mlp.gate_proj,aten._unsafe_view.default,[],decode,True
3403,mlp,act_fn,silu,"[[B, 1, d_ff]]",,,"[[B, 1, d_ff]]",[3402],34,mlp,act_fn,2,model.layers.34.mlp.act_fn,aten.silu.default,[],decode,False
3404,mlp,up_proj,t,"[[d_ff, d_model]]","[d_ff, d_model]",0,"[[d_model, d_ff]]",[],34,mlp,up_proj,2,model.layers.34.mlp.up_proj,aten.t.default,[model.layers.34.mlp.up_proj.weight],decode,True
3405,mlp,up_proj,view,"[[B, 1, d_model]]",,,"[[B, d_model]]",[3398],34,mlp,up_proj,2,model.layers.34.mlp.up_proj,aten.view.default,[],decode,True
3406,mlp,up_proj,matmul,"[[B, d_model], [d_model, d_ff]]","[d_ff, d_model]",1,"[[B, d_ff]]","[3404, 3405]",34,mlp,up_proj,2,model.layers.34.mlp.up_proj,aten.mm.default,[model.layers.34.mlp.up_proj.weight],decode,False
3407,mlp,up_proj,_unsafe_view,"[[B, d_ff]]",,,"[[B, 1, d_ff]]",[3406],34,mlp,up_proj,2,model.layers.34.mlp.up_proj,aten._unsafe_view.default,[],decode,True
3408,mlp,,elementwise_mul,"[[B, 1, d_ff], [B, 1, d_ff]]",,,"[[B, 1, d_ff]]","[3403, 3407]",34,mlp,,1,model.layers.34.mlp,aten.mul.Tensor,[],decode,False
3409,mlp,down_proj,t,"[[d_model, d_ff]]","[d_model, d_ff]",0,"[[d_ff, d_model]]",[],34,mlp,down_proj,2,model.layers.34.mlp.down_proj,aten.t.default,[model.layers.34.mlp.down_proj.weight],decode,True
3410,mlp,down_proj,view,"[[B, 1, d_ff]]",,,"[[B, d_ff]]",[3408],34,mlp,down_proj,2,model.layers.34.mlp.down_proj,aten.view.default,[],decode,True
3411,mlp,down_proj,matmul,"[[B, d_ff], [d_ff, d_model]]","[d_model, d_ff]",1,"[[B, d_model]]","[3409, 3410]",34,mlp,down_proj,2,model.layers.34.mlp.down_proj,aten.mm.default,[model.layers.34.mlp.down_proj.weight],decode,False
3412,mlp,down_proj,_unsafe_view,"[[B, d_model]]",,,"[[B, 1, d_model]]",[3411],34,mlp,down_proj,2,model.layers.34.mlp.down_proj,aten._unsafe_view.default,[],decode,True
3413,,,elementwise_add,"[[B, 1, d_model], [B, 1, d_model]]",,,"[[B, 1, d_model]]","[3390, 3412]",34,,,0,model.layers.34,aten.add.Tensor,[],decode,False
3414,input_layernorm,,_to_copy,"[[B, 1, d_model]]",,,"[[B, 1, d_model]]",[3413],35,input_layernorm,,1,model.layers.35.input_layernorm,aten._to_copy.default,[],decode,True
3415,input_layernorm,,pow,"[[B, 1, d_model]]",,,"[[B, 1, d_model]]",[3414],35,input_layernorm,,1,model.layers.35.input_layernorm,aten.pow.Tensor_Scalar,[],decode,False
3416,input_layernorm,,mean,"[[B, 1, d_model]]",,,"[[B, 1, 1]]",[3415],35,input_layernorm,,1,model.layers.35.input_layernorm,aten.mean.dim,[],decode,False
3417,input_layernorm,,elementwise_add,"[[B, 1, 1]]",,,"[[B, 1, 1]]",[3416],35,input_layernorm,,1,model.layers.35.input_layernorm,aten.add.Tensor,[],decode,False
3418,input_layernorm,,rsqrt,"[[B, 1, 1]]",,,"[[B, 1, 1]]",[3417],35,input_layernorm,,1,model.layers.35.input_layernorm,aten.rsqrt.default,[],decode,False
3419,input_layernorm,,elementwise_mul,"[[B, 1, d_model], [B, 1, 1]]",,,"[[B, 1, d_model]]","[3414, 3418]",35,input_layernorm,,1,model.layers.35.input_layernorm,aten.mul.Tensor,[],decode,False
3420,input_layernorm,,_to_copy,"[[B, 1, d_model]]",,,"[[B, 1, d_model]]",[3419],35,input_layernorm,,1,model.layers.35.input_layernorm,aten._to_copy.default,[],decode,True
3421,input_layernorm,,elementwise_mul,"[[d_model], [B, 1, d_model]]",,,"[[B, 1, d_model]]",[3420],35,input_layernorm,,1,model.layers.35.input_layernorm,aten.mul.Tensor,[model.layers.35.input_layernorm.weight],decode,False
3422,self_attn,q_proj,t,"[[n_h*d_head, d_model]]","[n_h*d_head, d_model]",0,"[[d_model, n_h*d_head]]",[],35,self_attn,q_proj,2,model.layers.35.self_attn.q_proj,aten.t.default,[model.layers.35.self_attn.q_proj.weight],decode,True
3423,self_attn,q_proj,view,"[[B, 1, d_model]]",,,"[[B, d_model]]",[3421],35,self_attn,q_proj,2,model.layers.35.self_attn.q_proj,aten.view.default,[],decode,True
3424,self_attn,q_proj,matmul,"[[B, d_model], [d_model, n_h*d_head]]","[n_h*d_head, d_model]",1,"[[B, n_h*d_head]]","[3422, 3423]",35,self_attn,q_proj,2,model.layers.35.self_attn.q_proj,aten.mm.default,[model.layers.35.self_attn.q_proj.weight],decode,False
3425,self_attn,q_proj,_unsafe_view,"[[B, n_h*d_head]]",,,"[[B, 1, n_h*d_head]]",[3424],35,self_attn,q_proj,2,model.layers.35.self_attn.q_proj,aten._unsafe_view.default,[],decode,True
3426,self_attn,,view,"[[B, 1, n_h*d_head]]",,,"[[B, 1, n_h, d_head]]",[3425],35,self_attn,,1,model.layers.35.self_attn,aten.view.default,[],decode,True
3427,self_attn,,transpose,"[[B, 1, n_h, d_head]]",,,"[[B, n_h, 1, d_head]]",[3426],35,self_attn,,1,model.layers.35.self_attn,aten.transpose.int,[],decode,True
3428,self_attn,k_proj,t,"[[n_kv*d_head, d_model]]","[n_kv*d_head, d_model]",0,"[[d_model, n_kv*d_head]]",[],35,self_attn,k_proj,2,model.layers.35.self_attn.k_proj,aten.t.default,[model.layers.35.self_attn.k_proj.weight],decode,True
3429,self_attn,k_proj,view,"[[B, 1, d_model]]",,,"[[B, d_model]]",[3421],35,self_attn,k_proj,2,model.layers.35.self_attn.k_proj,aten.view.default,[],decode,True
3430,self_attn,k_proj,matmul,"[[B, d_model], [d_model, n_kv*d_head]]","[n_kv*d_head, d_model]",1,"[[B, n_kv*d_head]]","[3428, 3429]",35,self_attn,k_proj,2,model.layers.35.self_attn.k_proj,aten.mm.default,[model.layers.35.self_attn.k_proj.weight],decode,False
3431,self_attn,k_proj,_unsafe_view,"[[B, n_kv*d_head]]",,,"[[B, 1, n_kv*d_head]]",[3430],35,self_attn,k_proj,2,model.layers.35.self_attn.k_proj,aten._unsafe_view.default,[],decode,True
3432,self_attn,,view,"[[B, 1, n_kv*d_head]]",,,"[[B, 1, n_kv, d_head]]",[3431],35,self_attn,,1,model.layers.35.self_attn,aten.view.default,[],decode,True
3433,self_attn,,transpose,"[[B, 1, n_kv, d_head]]",,,"[[B, n_kv, 1, d_head]]",[3432],35,self_attn,,1,model.layers.35.self_attn,aten.transpose.int,[],decode,True
3434,self_attn,v_proj,t,"[[n_kv*d_head, d_model]]","[n_kv*d_head, d_model]",0,"[[d_model, n_kv*d_head]]",[],35,self_attn,v_proj,2,model.layers.35.self_attn.v_proj,aten.t.default,[model.layers.35.self_attn.v_proj.weight],decode,True
3435,self_attn,v_proj,view,"[[B, 1, d_model]]",,,"[[B, d_model]]",[3421],35,self_attn,v_proj,2,model.layers.35.self_attn.v_proj,aten.view.default,[],decode,True
3436,self_attn,v_proj,matmul,"[[B, d_model], [d_model, n_kv*d_head]]","[n_kv*d_head, d_model]",1,"[[B, n_kv*d_head]]","[3434, 3435]",35,self_attn,v_proj,2,model.layers.35.self_attn.v_proj,aten.mm.default,[model.layers.35.self_attn.v_proj.weight],decode,False
3437,self_attn,v_proj,_unsafe_view,"[[B, n_kv*d_head]]",,,"[[B, 1, n_kv*d_head]]",[3436],35,self_attn,v_proj,2,model.layers.35.self_attn.v_proj,aten._unsafe_view.default,[],decode,True
3438,self_attn,,view,"[[B, 1, n_kv*d_head]]",,,"[[B, 1, n_kv, d_head]]",[3437],35,self_attn,,1,model.layers.35.self_attn,aten.view.default,[],decode,True
3439,self_attn,,transpose,"[[B, 1, n_kv, d_head]]",,,"[[B, n_kv, 1, d_head]]",[3438],35,self_attn,,1,model.layers.35.self_attn,aten.transpose.int,[],decode,True
3440,self_attn,,concat,"[[B, n_kv, T, d_head], [B, n_kv, 1, d_head]]",,,"[[B, n_kv, T+1, d_head]]",[3433],35,self_attn,,1,model.layers.35.self_attn,aten.cat.default,[],decode,False
3441,self_attn,,concat,"[[B, n_kv, T, d_head], [B, n_kv, 1, d_head]]",,,"[[B, n_kv, T+1, d_head]]",[3439],35,self_attn,,1,model.layers.35.self_attn,aten.cat.default,[],decode,False
3442,self_attn,,unsqueeze,"[[B, n_kv, T+1, d_head]]",,,"[[B, n_kv, 1, T+1, d_head]]",[3440],35,self_attn,,1,model.layers.35.self_attn,aten.unsqueeze.default,[],decode,True
3443,self_attn,,expand,"[[B, n_kv, 1, T+1, d_head]]",,,"[[B, n_kv, n_h/n_kv, T+1, d_head]]",[3442],35,self_attn,,1,model.layers.35.self_attn,aten.expand.default,[],decode,True
3444,self_attn,,clone,"[[B, n_kv, n_h/n_kv, T+1, d_head]]",,,"[[B, n_kv, n_h/n_kv, T+1, d_head]]",[3443],35,self_attn,,1,model.layers.35.self_attn,aten.clone.default,[],decode,True
3445,self_attn,,_unsafe_view,"[[B, n_kv, n_h/n_kv, T+1, d_head]]",,,"[[B, n_h, T+1, d_head]]",[3444],35,self_attn,,1,model.layers.35.self_attn,aten._unsafe_view.default,[],decode,True
3446,self_attn,,unsqueeze,"[[B, n_kv, T+1, d_head]]",,,"[[B, n_kv, 1, T+1, d_head]]",[3441],35,self_attn,,1,model.layers.35.self_attn,aten.unsqueeze.default,[],decode,True
3447,self_attn,,expand,"[[B, n_kv, 1, T+1, d_head]]",,,"[[B, n_kv, n_h/n_kv, T+1, d_head]]",[3446],35,self_attn,,1,model.layers.35.self_attn,aten.expand.default,[],decode,True
3448,self_attn,,clone,"[[B, n_kv, n_h/n_kv, T+1, d_head]]",,,"[[B, n_kv, n_h/n_kv, T+1, d_head]]",[3447],35,self_attn,,1,model.layers.35.self_attn,aten.clone.default,[],decode,True
3449,self_attn,,_unsafe_view,"[[B, n_kv, n_h/n_kv, T+1, d_head]]",,,"[[B, n_h, T+1, d_head]]",[3448],35,self_attn,,1,model.layers.35.self_attn,aten._unsafe_view.default,[],decode,True
3450,self_attn,,transpose,"[[B, n_h, T+1, d_head]]",,,"[[B, n_h, d_head, T+1]]",[3445],35,self_attn,,1,model.layers.35.self_attn,aten.transpose.int,[],decode,True
3451,self_attn,,expand,"[[B, n_h, 1, d_head]]",,,"[[B, n_h, 1, d_head]]",[3427],35,self_attn,,1,model.layers.35.self_attn,aten.expand.default,[],decode,True
3452,self_attn,,view,"[[B, n_h, 1, d_head]]",,,"[[n_h, B, d_head]]",[3451],35,self_attn,,1,model.layers.35.self_attn,aten.view.default,[],decode,True
3453,self_attn,,expand,"[[B, n_h, d_head, T+1]]",,,"[[B, n_h, d_head, T+1]]",[3450],35,self_attn,,1,model.layers.35.self_attn,aten.expand.default,[],decode,True
3454,self_attn,,view,"[[B, n_h, d_head, T+1]]",,,"[[n_h, d_head, T+1]]",[3453],35,self_attn,,1,model.layers.35.self_attn,aten.view.default,[],decode,True
3455,self_attn,,batched_matmul,"[[n_h, B, d_head], [n_h, d_head, T+1]]",,,"[[n_h, B, T+1]]","[3452, 3454]",35,self_attn,,1,model.layers.35.self_attn,aten.bmm.default,[],decode,False
3456,self_attn,,_unsafe_view,"[[n_h, B, T+1]]",,,"[[B, n_h, 1, T+1]]",[3455],35,self_attn,,1,model.layers.35.self_attn,aten._unsafe_view.default,[],decode,True
3457,self_attn,,elementwise_mul,"[[B, n_h, 1, T+1]]",,,"[[B, n_h, 1, T+1]]",[3456],35,self_attn,,1,model.layers.35.self_attn,aten.mul.Tensor,[],decode,False
3458,self_attn,,elementwise_add,"[[B, n_h, 1, T+1], [B, 1, 1, T+1]]",,,"[[B, n_h, 1, T+1]]","[22, 3457]",35,self_attn,,1,model.layers.35.self_attn,aten.add.Tensor,[],decode,False
3459,self_attn,,_to_copy,"[[B, n_h, 1, T+1]]",,,"[[B, n_h, 1, T+1]]",[3458],35,self_attn,,1,model.layers.35.self_attn,aten._to_copy.default,[],decode,True
3460,self_attn,,softmax,"[[B, n_h, 1, T+1]]",,,"[[B, n_h, 1, T+1]]",[3459],35,self_attn,,1,model.layers.35.self_attn,aten._softmax.default,[],decode,False
3461,self_attn,,_to_copy,"[[B, n_h, 1, T+1]]",,,"[[B, n_h, 1, T+1]]",[3460],35,self_attn,,1,model.layers.35.self_attn,aten._to_copy.default,[],decode,True
3462,self_attn,,expand,"[[B, n_h, 1, T+1]]",,,"[[B, n_h, 1, T+1]]",[3461],35,self_attn,,1,model.layers.35.self_attn,aten.expand.default,[],decode,True
3463,self_attn,,view,"[[B, n_h, 1, T+1]]",,,"[[n_h, B, T+1]]",[3462],35,self_attn,,1,model.layers.35.self_attn,aten.view.default,[],decode,True
3464,self_attn,,expand,"[[B, n_h, T+1, d_head]]",,,"[[B, n_h, T+1, d_head]]",[3449],35,self_attn,,1,model.layers.35.self_attn,aten.expand.default,[],decode,True
3465,self_attn,,view,"[[B, n_h, T+1, d_head]]",,,"[[n_h, T+1, d_head]]",[3464],35,self_attn,,1,model.layers.35.self_attn,aten.view.default,[],decode,True
3466,self_attn,,batched_matmul,"[[n_h, B, T+1], [n_h, T+1, d_head]]",,,"[[n_h, B, d_head]]","[3463, 3465]",35,self_attn,,1,model.layers.35.self_attn,aten.bmm.default,[],decode,False
3467,self_attn,,_unsafe_view,"[[n_h, B, d_head]]",,,"[[B, n_h, 1, d_head]]",[3466],35,self_attn,,1,model.layers.35.self_attn,aten._unsafe_view.default,[],decode,True
3468,self_attn,,transpose,"[[B, n_h, 1, d_head]]",,,"[[B, 1, n_h, d_head]]",[3467],35,self_attn,,1,model.layers.35.self_attn,aten.transpose.int,[],decode,True
3469,self_attn,,view,"[[B, 1, n_h, d_head]]",,,"[[B, 1, n_h*d_head]]",[3468],35,self_attn,,1,model.layers.35.self_attn,aten.view.default,[],decode,True
3470,self_attn,o_proj,t,"[[d_model, n_h*d_head]]","[d_model, n_h*d_head]",0,"[[n_h*d_head, d_model]]",[],35,self_attn,o_proj,2,model.layers.35.self_attn.o_proj,aten.t.default,[model.layers.35.self_attn.o_proj.weight],decode,True
3471,self_attn,o_proj,view,"[[B, 1, n_h*d_head]]",,,"[[B, n_h*d_head]]",[3469],35,self_attn,o_proj,2,model.layers.35.self_attn.o_proj,aten.view.default,[],decode,True
3472,self_attn,o_proj,matmul,"[[B, n_h*d_head], [n_h*d_head, d_model]]","[d_model, n_h*d_head]",1,"[[B, d_model]]","[3470, 3471]",35,self_attn,o_proj,2,model.layers.35.self_attn.o_proj,aten.mm.default,[model.layers.35.self_attn.o_proj.weight],decode,False
3473,self_attn,o_proj,_unsafe_view,"[[B, d_model]]",,,"[[B, 1, d_model]]",[3472],35,self_attn,o_proj,2,model.layers.35.self_attn.o_proj,aten._unsafe_view.default,[],decode,True
3474,,,elementwise_add,"[[B, 1, d_model], [B, 1, d_model]]",,,"[[B, 1, d_model]]","[3413, 3473]",35,,,0,model.layers.35,aten.add.Tensor,[],decode,False
3475,post_attention_layernorm,,_to_copy,"[[B, 1, d_model]]",,,"[[B, 1, d_model]]",[3474],35,post_attention_layernorm,,1,model.layers.35.post_attention_layernorm,aten._to_copy.default,[],decode,True
3476,post_attention_layernorm,,pow,"[[B, 1, d_model]]",,,"[[B, 1, d_model]]",[3475],35,post_attention_layernorm,,1,model.layers.35.post_attention_layernorm,aten.pow.Tensor_Scalar,[],decode,False
3477,post_attention_layernorm,,mean,"[[B, 1, d_model]]",,,"[[B, 1, 1]]",[3476],35,post_attention_layernorm,,1,model.layers.35.post_attention_layernorm,aten.mean.dim,[],decode,False
3478,post_attention_layernorm,,elementwise_add,"[[B, 1, 1]]",,,"[[B, 1, 1]]",[3477],35,post_attention_layernorm,,1,model.layers.35.post_attention_layernorm,aten.add.Tensor,[],decode,False
3479,post_attention_layernorm,,rsqrt,"[[B, 1, 1]]",,,"[[B, 1, 1]]",[3478],35,post_attention_layernorm,,1,model.layers.35.post_attention_layernorm,aten.rsqrt.default,[],decode,False
3480,post_attention_layernorm,,elementwise_mul,"[[B, 1, d_model], [B, 1, 1]]",,,"[[B, 1, d_model]]","[3475, 3479]",35,post_attention_layernorm,,1,model.layers.35.post_attention_layernorm,aten.mul.Tensor,[],decode,False
3481,post_attention_layernorm,,_to_copy,"[[B, 1, d_model]]",,,"[[B, 1, d_model]]",[3480],35,post_attention_layernorm,,1,model.layers.35.post_attention_layernorm,aten._to_copy.default,[],decode,True
3482,post_attention_layernorm,,elementwise_mul,"[[d_model], [B, 1, d_model]]",,,"[[B, 1, d_model]]",[3481],35,post_attention_layernorm,,1,model.layers.35.post_attention_layernorm,aten.mul.Tensor,[model.layers.35.post_attention_layernorm.weight],decode,False
3483,mlp,gate_proj,t,"[[d_ff, d_model]]","[d_ff, d_model]",0,"[[d_model, d_ff]]",[],35,mlp,gate_proj,2,model.layers.35.mlp.gate_proj,aten.t.default,[model.layers.35.mlp.gate_proj.weight],decode,True
3484,mlp,gate_proj,view,"[[B, 1, d_model]]",,,"[[B, d_model]]",[3482],35,mlp,gate_proj,2,model.layers.35.mlp.gate_proj,aten.view.default,[],decode,True
3485,mlp,gate_proj,matmul,"[[B, d_model], [d_model, d_ff]]","[d_ff, d_model]",1,"[[B, d_ff]]","[3483, 3484]",35,mlp,gate_proj,2,model.layers.35.mlp.gate_proj,aten.mm.default,[model.layers.35.mlp.gate_proj.weight],decode,False
3486,mlp,gate_proj,_unsafe_view,"[[B, d_ff]]",,,"[[B, 1, d_ff]]",[3485],35,mlp,gate_proj,2,model.layers.35.mlp.gate_proj,aten._unsafe_view.default,[],decode,True
3487,mlp,act_fn,silu,"[[B, 1, d_ff]]",,,"[[B, 1, d_ff]]",[3486],35,mlp,act_fn,2,model.layers.35.mlp.act_fn,aten.silu.default,[],decode,False
3488,mlp,up_proj,t,"[[d_ff, d_model]]","[d_ff, d_model]",0,"[[d_model, d_ff]]",[],35,mlp,up_proj,2,model.layers.35.mlp.up_proj,aten.t.default,[model.layers.35.mlp.up_proj.weight],decode,True
3489,mlp,up_proj,view,"[[B, 1, d_model]]",,,"[[B, d_model]]",[3482],35,mlp,up_proj,2,model.layers.35.mlp.up_proj,aten.view.default,[],decode,True
3490,mlp,up_proj,matmul,"[[B, d_model], [d_model, d_ff]]","[d_ff, d_model]",1,"[[B, d_ff]]","[3488, 3489]",35,mlp,up_proj,2,model.layers.35.mlp.up_proj,aten.mm.default,[model.layers.35.mlp.up_proj.weight],decode,False
3491,mlp,up_proj,_unsafe_view,"[[B, d_ff]]",,,"[[B, 1, d_ff]]",[3490],35,mlp,up_proj,2,model.layers.35.mlp.up_proj,aten._unsafe_view.default,[],decode,True
3492,mlp,,elementwise_mul,"[[B, 1, d_ff], [B, 1, d_ff]]",,,"[[B, 1, d_ff]]","[3487, 3491]",35,mlp,,1,model.layers.35.mlp,aten.mul.Tensor,[],decode,False
3493,mlp,down_proj,t,"[[d_model, d_ff]]","[d_model, d_ff]",0,"[[d_ff, d_model]]",[],35,mlp,down_proj,2,model.layers.35.mlp.down_proj,aten.t.default,[model.layers.35.mlp.down_proj.weight],decode,True
3494,mlp,down_proj,view,"[[B, 1, d_ff]]",,,"[[B, d_ff]]",[3492],35,mlp,down_proj,2,model.layers.35.mlp.down_proj,aten.view.default,[],decode,True
3495,mlp,down_proj,matmul,"[[B, d_ff], [d_ff, d_model]]","[d_model, d_ff]",1,"[[B, d_model]]","[3493, 3494]",35,mlp,down_proj,2,model.layers.35.mlp.down_proj,aten.mm.default,[model.layers.35.mlp.down_proj.weight],decode,False
3496,mlp,down_proj,_unsafe_view,"[[B, d_model]]",,,"[[B, 1, d_model]]",[3495],35,mlp,down_proj,2,model.layers.35.mlp.down_proj,aten._unsafe_view.default,[],decode,True
3497,,,elementwise_add,"[[B, 1, d_model], [B, 1, d_model]]",,,"[[B, 1, d_model]]","[3474, 3496]",35,,,0,model.layers.35,aten.add.Tensor,[],decode,False
3498,model,norm,_to_copy,"[[B, 1, d_model]]",,,"[[B, 1, d_model]]",[3497],,other,,2,model.norm,aten._to_copy.default,[],decode,True
3499,model,norm,pow,"[[B, 1, d_model]]",,,"[[B, 1, d_model]]",[3498],,other,,2,model.norm,aten.pow.Tensor_Scalar,[],decode,False
3500,model,norm,mean,"[[B, 1, d_model]]",,,"[[B, 1, 1]]",[3499],,other,,2,model.norm,aten.mean.dim,[],decode,False
3501,model,norm,elementwise_add,"[[B, 1, 1]]",,,"[[B, 1, 1]]",[3500],,other,,2,model.norm,aten.add.Tensor,[],decode,False
3502,model,norm,rsqrt,"[[B, 1, 1]]",,,"[[B, 1, 1]]",[3501],,other,,2,model.norm,aten.rsqrt.default,[],decode,False
3503,model,norm,elementwise_mul,"[[B, 1, d_model], [B, 1, 1]]",,,"[[B, 1, d_model]]","[3498, 3502]",,other,,2,model.norm,aten.mul.Tensor,[],decode,False
3504,model,norm,_to_copy,"[[B, 1, d_model]]",,,"[[B, 1, d_model]]",[3503],,other,,2,model.norm,aten._to_copy.default,[],decode,True
3505,model,norm,elementwise_mul,"[[d_model], [B, 1, d_model]]",,,"[[B, 1, d_model]]",[3504],,other,,2,model.norm,aten.mul.Tensor,[model.norm.weight],decode,False
3506,,,alias,"[[B, 1, d_model]]",,,"[[B, 1, d_model]]",[3505],,other,,0,,aten.alias.default,[],decode,True
3507,lm_head,,t,"[[V, d_model]]","[V, d_model]",0,"[[d_model, V]]",[],,other,,1,lm_head,aten.t.default,[model.embed_tokens.weight],decode,True
3508,lm_head,,view,"[[B, 1, d_model]]",,,"[[B, d_model]]",[3506],,other,,1,lm_head,aten.view.default,[],decode,True
3509,lm_head,,matmul,"[[B, d_model], [d_model, V]]","[V, d_model]",1,"[[B, V]]","[3507, 3508]",,other,,1,lm_head,aten.mm.default,[model.embed_tokens.weight],decode,False
3510,lm_head,,_unsafe_view,"[[B, V]]",,,"[[B, 1, V]]",[3509],,other,,1,lm_head,aten._unsafe_view.default,[],decode,True
