op_id,h1,h2,h3,op_type,input_shape,weight_shape,weight_pos,output_shape,depends_on,layer_idx,block,sub_block,depth,module_path,raw_op,params,phase,unmapped,caveat
0,model,embed_tokens,,embedding,"[[V, d_model], [B, T]]","[V, d_model]",0,"[[B, T, d_model]]",[],,other,,2,model.embed_tokens,aten.embedding.default,[model.embed_tokens.weight],prefill,False,
1,model,,,lift_fresh,[[]],,,[[]],[],,other,,1,model,aten.lift_fresh.default,[],prefill,True,
2,model,,,lift_fresh,[[]],,,[[]],[],,other,,1,model,aten.lift_fresh.default,[],prefill,True,
3,model,,,lift_fresh,[[]],,,[[]],[],,other,,1,model,aten.lift_fresh.default,[],prefill,True,
4,model,,,lift_fresh,[[]],,,[[]],[],,other,,1,model,aten.lift_fresh.default,[],prefill,True,
5,model,,,lift_fresh,[[]],,,[[]],[],,other,,1,model,aten.lift_fresh.default,[],prefill,True,
6,model,,,lift_fresh,[[]],,,[[]],[],,other,,1,model,aten.lift_fresh.default,[],prefill,True,
7,model,,,lift_fresh,[[]],,,[[]],[],,other,,1,model,aten.lift_fresh.default,[],prefill,True,
8,model,,,lift_fresh,[[]],,,[[]],[],,other,,1,model,aten.lift_fresh.default,[],prefill,True,
9,model,,,lift_fresh,[[]],,,[[]],[],,other,,1,model,aten.lift_fresh.default,[],prefill,True,
10,model,,,lift_fresh,[[]],,,[[]],[],,other,,1,model,aten.lift_fresh.default,[],prefill,True,
11,model,,,lift_fresh,[[]],,,[[]],[],,other,,1,model,aten.lift_fresh.default,[],prefill,True,
12,model,,,lift_fresh,[[]],,,[[]],[],,other,,1,model,aten.lift_fresh.default,[],prefill,True,
13,model,,,lift_fresh,[[]],,,[[]],[],,other,,1,model,aten.lift_fresh.default,[],prefill,True,
14,model,,,lift_fresh,[[]],,,[[]],[],,other,,1,model,aten.lift_fresh.default,[],prefill,True,
15,model,,,lift_fresh,[[]],,,[[]],[],,other,,1,model,aten.lift_fresh.default,[],prefill,True,
16,model,,,lift_fresh,[[]],,,[[]],[],,other,,1,model,aten.lift_fresh.default,[],prefill,True,
17,model,,,lift_fresh,[[]],,,[[]],[],,other,,1,model,aten.lift_fresh.default,[],prefill,True,
18,model,,,lift_fresh,[[]],,,[[]],[],,other,,1,model,aten.lift_fresh.default,[],prefill,True,
19,model,,,lift_fresh,[[]],,,[[]],[],,other,,1,model,aten.lift_fresh.default,[],prefill,True,
20,model,,,lift_fresh,[[]],,,[[]],[],,other,,1,model,aten.lift_fresh.default,[],prefill,True,
21,model,,,lift_fresh,[[]],,,[[]],[],,other,,1,model,aten.lift_fresh.default,[],prefill,True,
22,model,,,lift_fresh,[[]],,,[[]],[],,other,,1,model,aten.lift_fresh.default,[],prefill,True,
23,model,,,lift_fresh,[[]],,,[[]],[],,other,,1,model,aten.lift_fresh.default,[],prefill,True,
24,model,,,lift_fresh,[[]],,,[[]],[],,other,,1,model,aten.lift_fresh.default,[],prefill,True,
25,model,,,lift_fresh,[[]],,,[[]],[],,other,,1,model,aten.lift_fresh.default,[],prefill,True,
26,model,,,lift_fresh,[[]],,,[[]],[],,other,,1,model,aten.lift_fresh.default,[],prefill,True,
27,model,,,lift_fresh,[[]],,,[[]],[],,other,,1,model,aten.lift_fresh.default,[],prefill,True,
28,model,,,lift_fresh,[[]],,,[[]],[],,other,,1,model,aten.lift_fresh.default,[],prefill,True,
29,model,,,lift_fresh,[[]],,,[[]],[],,other,,1,model,aten.lift_fresh.default,[],prefill,True,
30,model,,,lift_fresh,[[]],,,[[]],[],,other,,1,model,aten.lift_fresh.default,[],prefill,True,
31,model,,,lift_fresh,[[]],,,[[]],[],,other,,1,model,aten.lift_fresh.default,[],prefill,True,
32,model,,,lift_fresh,[[]],,,[[]],[],,other,,1,model,aten.lift_fresh.default,[],prefill,True,
33,model,,,lift_fresh,[[]],,,[[]],[],,other,,1,model,aten.lift_fresh.default,[],prefill,True,
34,model,,,lift_fresh,[[]],,,[[]],[],,other,,1,model,aten.lift_fresh.default,[],prefill,True,
35,model,,,lift_fresh,[[]],,,[[]],[],,other,,1,model,aten.lift_fresh.default,[],prefill,True,
36,model,,,lift_fresh,[[]],,,[[]],[],,other,,1,model,aten.lift_fresh.default,[],prefill,True,
37,model,,,arange,[],,,[[B]],[],,other,,1,model,aten.arange.default,[],prefill,True,
38,model,,,arange,[],,,[[1]],[],,other,,1,model,aten.arange.default,[],prefill,True,
39,model,,,arange,[],,,[[T]],[],,other,,1,model,aten.arange.default,[],prefill,True,
40,model,,,elementwise_add,[[T]],,,[[T]],[39],,other,,1,model,aten.add.Tensor,[],prefill,False,
41,model,,,arange,[],,,[[T]],[],,other,,1,model,aten.arange.default,[],prefill,True,
42,model,,,elementwise_add,[[T]],,,[[T]],[41],,other,,1,model,aten.add.Tensor,[],prefill,False,
43,model,,,unsqueeze,[[B]],,,"[[B, 1]]",[37],,other,,1,model,aten.unsqueeze.default,[],prefill,True,
44,model,,,unsqueeze,"[[B, 1]]",,,"[[B, 1, 1]]",[43],,other,,1,model,aten.unsqueeze.default,[],prefill,True,
45,model,,,unsqueeze,"[[B, 1, 1]]",,,"[[B, 1, 1, 1]]",[44],,other,,1,model,aten.unsqueeze.default,[],prefill,True,
46,model,,,unsqueeze,[[1]],,,"[[1, 1]]",[38],,other,,1,model,aten.unsqueeze.default,[],prefill,True,
47,model,,,unsqueeze,"[[1, 1]]",,,"[[1, 1, 1]]",[46],,other,,1,model,aten.unsqueeze.default,[],prefill,True,
48,model,,,unsqueeze,"[[1, 1, 1]]",,,"[[1, 1, 1, 1]]",[47],,other,,1,model,aten.unsqueeze.default,[],prefill,True,
49,model,,,unsqueeze,[[T]],,,"[[1, T]]",[40],,other,,1,model,aten.unsqueeze.default,[],prefill,True,
50,model,,,unsqueeze,"[[1, T]]",,,"[[1, 1, T]]",[49],,other,,1,model,aten.unsqueeze.default,[],prefill,True,
51,model,,,unsqueeze,"[[1, 1, T]]",,,"[[1, 1, T, 1]]",[50],,other,,1,model,aten.unsqueeze.default,[],prefill,True,
52,model,,,unsqueeze,[[T]],,,"[[1, T]]",[42],,other,,1,model,aten.unsqueeze.default,[],prefill,True,
53,model,,,unsqueeze,"[[1, T]]",,,"[[1, 1, T]]",[52],,other,,1,model,aten.unsqueeze.default,[],prefill,True,
54,model,,,unsqueeze,"[[1, 1, T]]",,,"[[1, 1, 1, T]]",[53],,other,,1,model,aten.unsqueeze.default,[],prefill,True,
55,model,,,le,"[[1, 1, 1, T], [1, 1, T, 1]]",,,"[[1, 1, T, T]]","[51, 54]",,other,,1,model,aten.le.Tensor,[],prefill,True,
56,model,,,expand,"[[1, 1, T, T]]",,,"[[B, 1, T, T]]",[55],,other,,1,model,aten.expand.default,[],prefill,True,
57,model,,,scalar_tensor,[],,,[[]],[],,other,,1,model,aten.scalar_tensor.default,[],prefill,True,
58,model,,,where,"[[B, 1, T, T], [], []]",,,"[[B, 1, T, T]]","[56, 57]",,other,,1,model,aten.where.self,[],prefill,True,
59,model,,,zeros,[],,,[[B]],[],,other,,1,model,aten.zeros.default,[],prefill,True,
60,model,,,arange,[],,,[[B]],[],,other,,1,model,aten.arange.default,[],prefill,True,
61,model,,,arange,[],,,[[1]],[],,other,,1,model,aten.arange.default,[],prefill,True,
62,model,,,arange,[],,,[[T]],[],,other,,1,model,aten.arange.default,[],prefill,True,
63,model,,,elementwise_add,[[T]],,,[[T]],[62],,other,,1,model,aten.add.Tensor,[],prefill,False,
64,model,,,arange,[],,,[[T]],[],,other,,1,model,aten.arange.default,[],prefill,True,
65,model,,,elementwise_add,[[T]],,,[[T]],[64],,other,,1,model,aten.add.Tensor,[],prefill,False,
66,model,,,unsqueeze,[[B]],,,"[[B, 1]]",[60],,other,,1,model,aten.unsqueeze.default,[],prefill,True,
67,model,,,unsqueeze,"[[B, 1]]",,,"[[B, 1, 1]]",[66],,other,,1,model,aten.unsqueeze.default,[],prefill,True,
68,model,,,unsqueeze,"[[B, 1, 1]]",,,"[[B, 1, 1, 1]]",[67],,other,,1,model,aten.unsqueeze.default,[],prefill,True,
69,model,,,unsqueeze,[[1]],,,"[[1, 1]]",[61],,other,,1,model,aten.unsqueeze.default,[],prefill,True,
70,model,,,unsqueeze,"[[1, 1]]",,,"[[1, 1, 1]]",[69],,other,,1,model,aten.unsqueeze.default,[],prefill,True,
71,model,,,unsqueeze,"[[1, 1, 1]]",,,"[[1, 1, 1, 1]]",[70],,other,,1,model,aten.unsqueeze.default,[],prefill,True,
72,model,,,unsqueeze,[[T]],,,"[[1, T]]",[63],,other,,1,model,aten.unsqueeze.default,[],prefill,True,
73,model,,,unsqueeze,"[[1, T]]",,,"[[1, 1, T]]",[72],,other,,1,model,aten.unsqueeze.default,[],prefill,True,
74,model,,,unsqueeze,"[[1, 1, T]]",,,"[[1, 1, T, 1]]",[73],,other,,1,model,aten.unsqueeze.default,[],prefill,True,
75,model,,,unsqueeze,[[T]],,,"[[1, T]]",[65],,other,,1,model,aten.unsqueeze.default,[],prefill,True,
76,model,,,unsqueeze,"[[1, T]]",,,"[[1, 1, T]]",[75],,other,,1,model,aten.unsqueeze.default,[],prefill,True,
77,model,,,unsqueeze,"[[1, 1, T]]",,,"[[1, 1, 1, T]]",[76],,other,,1,model,aten.unsqueeze.default,[],prefill,True,
78,model,,,new_ones,"[[1, 1, T, 1]]",,,[[]],[74],,other,,1,model,aten.new_ones.default,[],prefill,True,
79,model,,,index,"[[B], [B, 1, 1, 1]]",,,"[[B, 1, 1, 1]]","[59, 68]",,other,,1,model,aten.index.Tensor,[],prefill,True,
80,model,,,sub,"[[1, 1, 1, T], [B, 1, 1, 1]]",,,"[[B, 1, 1, T]]","[77, 79]",,other,,1,model,aten.sub.Tensor,[],prefill,True,
81,model,,,floor_divide,"[[B, 1, 1, T]]",,,"[[B, 1, 1, T]]",[80],,other,,1,model,aten.floor_divide.default,[],prefill,True,
82,model,,,index,"[[B], [B, 1, 1, 1]]",,,"[[B, 1, 1, 1]]","[59, 68]",,other,,1,model,aten.index.Tensor,[],prefill,True,
83,model,,,sub,"[[1, 1, T, 1], [B, 1, 1, 1]]",,,"[[B, 1, T, 1]]","[74, 82]",,other,,1,model,aten.sub.Tensor,[],prefill,True,
84,model,,,floor_divide,"[[B, 1, T, 1]]",,,"[[B, 1, T, 1]]",[83],,other,,1,model,aten.floor_divide.default,[],prefill,True,
85,model,,,eq,"[[B, 1, 1, T], [B, 1, T, 1]]",,,"[[B, 1, T, T]]","[81, 84]",,other,,1,model,aten.eq.Tensor,[],prefill,True,
86,model,,,bitwise_and,"[[], [B, 1, T, T]]",,,"[[B, 1, T, T]]","[78, 85]",,other,,1,model,aten.bitwise_and.Tensor,[],prefill,True,
87,model,,,le,"[[1, 1, 1, T], [1, 1, T, 1]]",,,"[[1, 1, T, T]]","[74, 77]",,other,,1,model,aten.le.Tensor,[],prefill,True,
88,model,,,bitwise_and,"[[B, 1, T, T], [1, 1, T, T]]",,,"[[B, 1, T, T]]","[86, 87]",,other,,1,model,aten.bitwise_and.Tensor,[],prefill,True,
89,model,,,expand,"[[B, 1, T, T]]",,,"[[B, 1, T, T]]",[88],,other,,1,model,aten.expand.default,[],prefill,True,
90,model,,,scalar_tensor,[],,,[[]],[],,other,,1,model,aten.scalar_tensor.default,[],prefill,True,
91,model,,,where,"[[B, 1, T, T], [], []]",,,"[[B, 1, T, T]]","[89, 90]",,other,,1,model,aten.where.self,[],prefill,True,
92,model,rotary_emb,,unsqueeze,[[d_head/2]],,,"[[1, d_head/2]]",[],,other,,2,model.rotary_emb,aten.unsqueeze.default,[model.rotary_emb.inv_freq],prefill,True,
93,model,rotary_emb,,unsqueeze,"[[1, d_head/2]]",,,"[[1, d_head/2, 1]]",[92],,other,,2,model.rotary_emb,aten.unsqueeze.default,[],prefill,True,
94,model,rotary_emb,,expand,"[[1, d_head/2, 1]]",,,"[[B, d_head/2, 1]]",[93],,other,,2,model.rotary_emb,aten.expand.default,[],prefill,True,
95,model,rotary_emb,,unsqueeze,"[[B, T]]",,,"[[B, 1, T]]",[],,other,,2,model.rotary_emb,aten.unsqueeze.default,[],prefill,True,
96,model,rotary_emb,,_to_copy,"[[B, 1, T]]",,,"[[B, 1, T]]",[95],,other,,2,model.rotary_emb,aten._to_copy.default,[],prefill,True,
97,model,rotary_emb,,expand,"[[B, d_head/2, 1]]",,,"[[B, d_head/2, 1]]",[94],,other,,2,model.rotary_emb,aten.expand.default,[],prefill,True,
98,model,rotary_emb,,view,"[[B, d_head/2, 1]]",,,"[[B, d_head/2, 1]]",[97],,other,,2,model.rotary_emb,aten.view.default,[],prefill,True,
99,model,rotary_emb,,expand,"[[B, 1, T]]",,,"[[B, 1, T]]",[96],,other,,2,model.rotary_emb,aten.expand.default,[],prefill,True,
100,model,rotary_emb,,view,"[[B, 1, T]]",,,"[[B, 1, T]]",[99],,other,,2,model.rotary_emb,aten.view.default,[],prefill,True,
101,model,rotary_emb,,batched_matmul,"[[B, d_head/2, 1], [B, 1, T]]",,,"[[B, d_head/2, T]]","[98, 100]",,other,,2,model.rotary_emb,aten.bmm.default,[],prefill,False,
102,model,rotary_emb,,_unsafe_view,"[[B, d_head/2, T]]",,,"[[B, d_head/2, T]]",[101],,other,,2,model.rotary_emb,aten._unsafe_view.default,[],prefill,True,
103,model,rotary_emb,,transpose,"[[B, d_head/2, T]]",,,"[[B, T, d_head/2]]",[102],,other,,2,model.rotary_emb,aten.transpose.int,[],prefill,True,
104,model,rotary_emb,,ones_like,"[[B, T, d_head/2]]",,,"[[B, T, d_head/2]]",[103],,other,,2,model.rotary_emb,aten.ones_like.default,[],prefill,True,
105,model,rotary_emb,,polar,"[[B, T, d_head/2], [B, T, d_head/2]]",,,"[[B, T, d_head/2]]","[103, 104]",,other,,2,model.rotary_emb,aten.polar.default,[],prefill,True,
106,model,rotary_emb,,elementwise_mul,"[[B, T, d_head/2]]",,,"[[B, T, d_head/2]]",[105],,other,,2,model.rotary_emb,aten.mul.Tensor,[],prefill,False,
107,input_layernorm,,,_to_copy,"[[B, T, d_model]]",,,"[[B, T, d_model]]",[0],0,input_layernorm,,1,model.layers.0.input_layernorm,aten._to_copy.default,[],prefill,True,
108,input_layernorm,,,pow,"[[B, T, d_model]]",,,"[[B, T, d_model]]",[107],0,input_layernorm,,1,model.layers.0.input_layernorm,aten.pow.Tensor_Scalar,[],prefill,False,
109,input_layernorm,,,mean,"[[B, T, d_model]]",,,"[[B, T, 1]]",[108],0,input_layernorm,,1,model.layers.0.input_layernorm,aten.mean.dim,[],prefill,False,
110,input_layernorm,,,elementwise_add,"[[B, T, 1]]",,,"[[B, T, 1]]",[109],0,input_layernorm,,1,model.layers.0.input_layernorm,aten.add.Tensor,[],prefill,False,
111,input_layernorm,,,rsqrt,"[[B, T, 1]]",,,"[[B, T, 1]]",[110],0,input_layernorm,,1,model.layers.0.input_layernorm,aten.rsqrt.default,[],prefill,False,
112,input_layernorm,,,elementwise_mul,"[[B, T, d_model], [B, T, 1]]",,,"[[B, T, d_model]]","[107, 111]",0,input_layernorm,,1,model.layers.0.input_layernorm,aten.mul.Tensor,[],prefill,False,
113,input_layernorm,,,_to_copy,"[[B, T, d_model]]",,,"[[B, T, d_model]]",[112],0,input_layernorm,,1,model.layers.0.input_layernorm,aten._to_copy.default,[],prefill,True,
114,input_layernorm,,,elementwise_mul,"[[B, T, d_model], [d_model]]",,,"[[B, T, d_model]]",[113],0,input_layernorm,,1,model.layers.0.input_layernorm,aten.mul.Tensor,[model.layers.0.input_layernorm.weight],prefill,False,
115,self_attn,q_proj,,t,"[[n_h*d_head, d_model]]","[n_h*d_head, d_model]",0,"[[d_model, n_h*d_head]]",[],0,self_attn,q_proj,2,model.layers.0.self_attn.q_proj,aten.t.default,[model.layers.0.self_attn.q_proj.weight],prefill,True,
116,self_attn,q_proj,,view,"[[B, T, d_model]]",,,"[[B*T, d_model]]",[114],0,self_attn,q_proj,2,model.layers.0.self_attn.q_proj,aten.view.default,[],prefill,True,
117,self_attn,q_proj,,matmul,"[[B*T, d_model], [d_model, n_h*d_head]]","[n_h*d_head, d_model]",1,"[[B*T, n_h*d_head]]","[115, 116]",0,self_attn,q_proj,2,model.layers.0.self_attn.q_proj,aten.mm.default,[model.layers.0.self_attn.q_proj.weight],prefill,False,
118,self_attn,q_proj,,_unsafe_view,"[[B*T, n_h*d_head]]",,,"[[B, T, n_h*d_head]]",[117],0,self_attn,q_proj,2,model.layers.0.self_attn.q_proj,aten._unsafe_view.default,[],prefill,True,
119,self_attn,,,view,"[[B, T, n_h*d_head]]",,,"[[B, T, n_h, d_head]]",[118],0,self_attn,,1,model.layers.0.self_attn,aten.view.default,[],prefill,True,
120,self_attn,k_proj,,t,"[[n_kv*d_head, d_model]]","[n_kv*d_head, d_model]",0,"[[d_model, n_kv*d_head]]",[],0,self_attn,k_proj,2,model.layers.0.self_attn.k_proj,aten.t.default,[model.layers.0.self_attn.k_proj.weight],prefill,True,
121,self_attn,k_proj,,view,"[[B, T, d_model]]",,,"[[B*T, d_model]]",[114],0,self_attn,k_proj,2,model.layers.0.self_attn.k_proj,aten.view.default,[],prefill,True,
122,self_attn,k_proj,,matmul,"[[B*T, d_model], [d_model, n_kv*d_head]]","[n_kv*d_head, d_model]",1,"[[B*T, n_kv*d_head]]","[120, 121]",0,self_attn,k_proj,2,model.layers.0.self_attn.k_proj,aten.mm.default,[model.layers.0.self_attn.k_proj.weight],prefill,False,
123,self_attn,k_proj,,_unsafe_view,"[[B*T, n_kv*d_head]]",,,"[[B, T, n_kv*d_head]]",[122],0,self_attn,k_proj,2,model.layers.0.self_attn.k_proj,aten._unsafe_view.default,[],prefill,True,
124,self_attn,,,view,"[[B, T, n_kv*d_head]]",,,"[[B, T, n_kv, d_head]]",[123],0,self_attn,,1,model.layers.0.self_attn,aten.view.default,[],prefill,True,
125,self_attn,v_proj,,t,"[[n_kv*d_head, d_model]]","[n_kv*d_head, d_model]",0,"[[d_model, n_kv*d_head]]",[],0,self_attn,v_proj,2,model.layers.0.self_attn.v_proj,aten.t.default,[model.layers.0.self_attn.v_proj.weight],prefill,True,
126,self_attn,v_proj,,view,"[[B, T, d_model]]",,,"[[B*T, d_model]]",[114],0,self_attn,v_proj,2,model.layers.0.self_attn.v_proj,aten.view.default,[],prefill,True,
127,self_attn,v_proj,,matmul,"[[B*T, d_model], [d_model, n_kv*d_head]]","[n_kv*d_head, d_model]",1,"[[B*T, n_kv*d_head]]","[125, 126]",0,self_attn,v_proj,2,model.layers.0.self_attn.v_proj,aten.mm.default,[model.layers.0.self_attn.v_proj.weight],prefill,False,
128,self_attn,v_proj,,_unsafe_view,"[[B*T, n_kv*d_head]]",,,"[[B, T, n_kv*d_head]]",[127],0,self_attn,v_proj,2,model.layers.0.self_attn.v_proj,aten._unsafe_view.default,[],prefill,True,
129,self_attn,,,view,"[[B, T, n_kv*d_head]]",,,"[[B, T, n_kv, d_head]]",[128],0,self_attn,,1,model.layers.0.self_attn,aten.view.default,[],prefill,True,
130,self_attn,,,transpose,"[[B, T, n_kv, d_head]]",,,"[[B, n_kv, T, d_head]]",[129],0,self_attn,,1,model.layers.0.self_attn,aten.transpose.int,[],prefill,True,
131,self_attn,,,_to_copy,"[[B, T, n_h, d_head]]",,,"[[B, T, n_h, d_head]]",[119],0,self_attn,,1,model.layers.0.self_attn,aten._to_copy.default,[],prefill,True,
132,self_attn,,,view,"[[B, T, n_h, d_head]]",,,"[[B, T, n_h, d_head/2, 2]]",[131],0,self_attn,,1,model.layers.0.self_attn,aten.view.default,[],prefill,True,
133,self_attn,,,view_as_complex,"[[B, T, n_h, d_head/2, 2]]",,,"[[B, T, n_h, d_head/2]]",[132],0,self_attn,,1,model.layers.0.self_attn,aten.view_as_complex.default,[],prefill,True,
134,self_attn,,,_to_copy,"[[B, T, n_kv, d_head]]",,,"[[B, T, n_kv, d_head]]",[124],0,self_attn,,1,model.layers.0.self_attn,aten._to_copy.default,[],prefill,True,
135,self_attn,,,view,"[[B, T, n_kv, d_head]]",,,"[[B, T, n_kv, d_head/2, 2]]",[134],0,self_attn,,1,model.layers.0.self_attn,aten.view.default,[],prefill,True,
136,self_attn,,,view_as_complex,"[[B, T, n_kv, d_head/2, 2]]",,,"[[B, T, n_kv, d_head/2]]",[135],0,self_attn,,1,model.layers.0.self_attn,aten.view_as_complex.default,[],prefill,True,
137,self_attn,,,unsqueeze,"[[B, T, d_head/2]]",,,"[[B, T, 1, d_head/2]]",[106],0,self_attn,,1,model.layers.0.self_attn,aten.unsqueeze.default,[],prefill,True,
138,self_attn,,,elementwise_mul,"[[B, T, n_h, d_head/2], [B, T, 1, d_head/2]]",,,"[[B, T, n_h, d_head/2]]","[133, 137]",0,self_attn,,1,model.layers.0.self_attn,aten.mul.Tensor,[],prefill,False,
139,self_attn,,,view_as_real,"[[B, T, n_h, d_head/2]]",,,"[[B, T, n_h, d_head/2, 2]]",[138],0,self_attn,,1,model.layers.0.self_attn,aten.view_as_real.default,[],prefill,True,
140,self_attn,,,view,"[[B, T, n_h, d_head/2, 2]]",,,"[[B, T, n_h, d_head]]",[139],0,self_attn,,1,model.layers.0.self_attn,aten.view.default,[],prefill,True,
141,self_attn,,,unsqueeze,"[[B, T, d_head/2]]",,,"[[B, T, 1, d_head/2]]",[106],0,self_attn,,1,model.layers.0.self_attn,aten.unsqueeze.default,[],prefill,True,
142,self_attn,,,elementwise_mul,"[[B, T, n_kv, d_head/2], [B, T, 1, d_head/2]]",,,"[[B, T, n_kv, d_head/2]]","[136, 141]",0,self_attn,,1,model.layers.0.self_attn,aten.mul.Tensor,[],prefill,False,
143,self_attn,,,view_as_real,"[[B, T, n_kv, d_head/2]]",,,"[[B, T, n_kv, d_head/2, 2]]",[142],0,self_attn,,1,model.layers.0.self_attn,aten.view_as_real.default,[],prefill,True,
144,self_attn,,,view,"[[B, T, n_kv, d_head/2, 2]]",,,"[[B, T, n_kv, d_head]]",[143],0,self_attn,,1,model.layers.0.self_attn,aten.view.default,[],prefill,True,
145,self_attn,,,_to_copy,"[[B, T, n_h, d_head]]",,,"[[B, T, n_h, d_head]]",[140],0,self_attn,,1,model.layers.0.self_attn,aten._to_copy.default,[],prefill,True,
146,self_attn,,,_to_copy,"[[B, T, n_kv, d_head]]",,,"[[B, T, n_kv, d_head]]",[144],0,self_attn,,1,model.layers.0.self_attn,aten._to_copy.default,[],prefill,True,
147,self_attn,,,transpose,"[[B, T, n_h, d_head]]",,,"[[B, n_h, T, d_head]]",[145],0,self_attn,,1,model.layers.0.self_attn,aten.transpose.int,[],prefill,True,
148,self_attn,,,transpose,"[[B, T, n_kv, d_head]]",,,"[[B, n_kv, T, d_head]]",[146],0,self_attn,,1,model.layers.0.self_attn,aten.transpose.int,[],prefill,True,
149,self_attn,,,_to_copy,[[]],,,[[]],[1],0,self_attn,,1,model.layers.0.self_attn,aten._to_copy.default,[],prefill,True,
150,self_attn,,,concat,"[[0], [B, n_kv, T, d_head]]",,,"[[B, n_kv, T, d_head]]",[148],0,self_attn,,1,model.layers.0.self_attn,aten.cat.default,[],prefill,False,
151,self_attn,,,concat,"[[0], [B, n_kv, T, d_head]]",,,"[[B, n_kv, T, d_head]]",[130],0,self_attn,,1,model.layers.0.self_attn,aten.cat.default,[],prefill,False,
152,self_attn,,,slice,"[[B, n_kv, T, d_head]]",,,"[[B, n_kv, T, d_head]]",[150],0,self_attn,,1,model.layers.0.self_attn,aten.slice.Tensor,[],prefill,True,
153,self_attn,,,slice,"[[B, n_kv, T, d_head]]",,,"[[B, n_kv, T, d_head]]",[151],0,self_attn,,1,model.layers.0.self_attn,aten.slice.Tensor,[],prefill,True,
154,self_attn,,,unsqueeze,"[[B, n_kv, T, d_head]]",,,"[[B, n_kv, 1, T, d_head]]",[150],0,self_attn,,1,model.layers.0.self_attn,aten.unsqueeze.default,[],prefill,True,
155,self_attn,,,expand,"[[B, n_kv, 1, T, d_head]]",,,"[[B, n_kv, n_h/n_kv, T, d_head]]",[154],0,self_attn,,1,model.layers.0.self_attn,aten.expand.default,[],prefill,True,
156,self_attn,,,clone,"[[B, n_kv, n_h/n_kv, T, d_head]]",,,"[[B, n_kv, n_h/n_kv, T, d_head]]",[155],0,self_attn,,1,model.layers.0.self_attn,aten.clone.default,[],prefill,True,
157,self_attn,,,_unsafe_view,"[[B, n_kv, n_h/n_kv, T, d_head]]",,,"[[B, n_h, T, d_head]]",[156],0,self_attn,,1,model.layers.0.self_attn,aten._unsafe_view.default,[],prefill,True,
158,self_attn,,,unsqueeze,"[[B, n_kv, T, d_head]]",,,"[[B, n_kv, 1, T, d_head]]",[151],0,self_attn,,1,model.layers.0.self_attn,aten.unsqueeze.default,[],prefill,True,
159,self_attn,,,expand,"[[B, n_kv, 1, T, d_head]]",,,"[[B, n_kv, n_h/n_kv, T, d_head]]",[158],0,self_attn,,1,model.layers.0.self_attn,aten.expand.default,[],prefill,True,
160,self_attn,,,clone,"[[B, n_kv, n_h/n_kv, T, d_head]]",,,"[[B, n_kv, n_h/n_kv, T, d_head]]",[159],0,self_attn,,1,model.layers.0.self_attn,aten.clone.default,[],prefill,True,
161,self_attn,,,_unsafe_view,"[[B, n_kv, n_h/n_kv, T, d_head]]",,,"[[B, n_h, T, d_head]]",[160],0,self_attn,,1,model.layers.0.self_attn,aten._unsafe_view.default,[],prefill,True,
162,self_attn,,,transpose,"[[B, n_h, T, d_head]]",,,"[[B, n_h, d_head, T]]",[157],0,self_attn,,1,model.layers.0.self_attn,aten.transpose.int,[],prefill,True,
163,self_attn,,,expand,"[[B, n_h, T, d_head]]",,,"[[B, n_h, T, d_head]]",[147],0,self_attn,,1,model.layers.0.self_attn,aten.expand.default,[],prefill,True,
164,self_attn,,,clone,"[[B, n_h, T, d_head]]",,,"[[B, n_h, T, d_head]]",[163],0,self_attn,,1,model.layers.0.self_attn,aten.clone.default,[],prefill,True,
165,self_attn,,,_unsafe_view,"[[B, n_h, T, d_head]]",,,"[[B*n_h, T, d_head]]",[164],0,self_attn,,1,model.layers.0.self_attn,aten._unsafe_view.default,[],prefill,True,
166,self_attn,,,expand,"[[B, n_h, d_head, T]]",,,"[[B, n_h, d_head, T]]",[162],0,self_attn,,1,model.layers.0.self_attn,aten.expand.default,[],prefill,True,
167,self_attn,,,view,"[[B, n_h, d_head, T]]",,,"[[B*n_h, d_head, T]]",[166],0,self_attn,,1,model.layers.0.self_attn,aten.view.default,[],prefill,True,
168,self_attn,,,batched_matmul,"[[B*n_h, T, d_head], [B*n_h, d_head, T]]",,,"[[B*n_h, T, T]]","[165, 167]",0,self_attn,,1,model.layers.0.self_attn,aten.bmm.default,[],prefill,False,
169,self_attn,,,_unsafe_view,"[[B*n_h, T, T]]",,,"[[B, n_h, T, T]]",[168],0,self_attn,,1,model.layers.0.self_attn,aten._unsafe_view.default,[],prefill,True,
170,self_attn,,,elementwise_mul,"[[B, n_h, T, T]]",,,"[[B, n_h, T, T]]",[169],0,self_attn,,1,model.layers.0.self_attn,aten.mul.Tensor,[],prefill,False,
171,self_attn,,,elementwise_add,"[[B, n_h, T, T], [B, 1, T, T]]",,,"[[B, n_h, T, T]]","[91, 170]",0,self_attn,,1,model.layers.0.self_attn,aten.add.Tensor,[],prefill,False,
172,self_attn,,,softmax,"[[B, n_h, T, T]]",,,"[[B, n_h, T, T]]",[171],0,self_attn,,1,model.layers.0.self_attn,aten._softmax.default,[],prefill,False,
173,self_attn,,,expand,"[[B, n_h, T, T]]",,,"[[B, n_h, T, T]]",[172],0,self_attn,,1,model.layers.0.self_attn,aten.expand.default,[],prefill,True,
174,self_attn,,,view,"[[B, n_h, T, T]]",,,"[[B*n_h, T, T]]",[173],0,self_attn,,1,model.layers.0.self_attn,aten.view.default,[],prefill,True,
175,self_attn,,,expand,"[[B, n_h, T, d_head]]",,,"[[B, n_h, T, d_head]]",[161],0,self_attn,,1,model.layers.0.self_attn,aten.expand.default,[],prefill,True,
176,self_attn,,,view,"[[B, n_h, T, d_head]]",,,"[[B*n_h, T, d_head]]",[175],0,self_attn,,1,model.layers.0.self_attn,aten.view.default,[],prefill,True,
177,self_attn,,,batched_matmul,"[[B*n_h, T, T], [B*n_h, T, d_head]]",,,"[[B*n_h, T, d_head]]","[174, 176]",0,self_attn,,1,model.layers.0.self_attn,aten.bmm.default,[],prefill,False,
178,self_attn,,,_unsafe_view,"[[B*n_h, T, d_head]]",,,"[[B, n_h, T, d_head]]",[177],0,self_attn,,1,model.layers.0.self_attn,aten._unsafe_view.default,[],prefill,True,
179,self_attn,,,transpose,"[[B, n_h, T, d_head]]",,,"[[B, T, n_h, d_head]]",[178],0,self_attn,,1,model.layers.0.self_attn,aten.transpose.int,[],prefill,True,
180,self_attn,,,clone,"[[B, T, n_h, d_head]]",,,"[[B, T, n_h, d_head]]",[179],0,self_attn,,1,model.layers.0.self_attn,aten.clone.default,[],prefill,True,
181,self_attn,,,view,"[[B, T, n_h, d_head]]",,,"[[B, T, n_h*d_head]]",[180],0,self_attn,,1,model.layers.0.self_attn,aten.view.default,[],prefill,True,
182,self_attn,o_proj,,t,"[[d_model, n_h*d_head]]","[d_model, n_h*d_head]",0,"[[n_h*d_head, d_model]]",[],0,self_attn,o_proj,2,model.layers.0.self_attn.o_proj,aten.t.default,[model.layers.0.self_attn.o_proj.weight],prefill,True,
183,self_attn,o_proj,,view,"[[B, T, n_h*d_head]]",,,"[[B*T, n_h*d_head]]",[181],0,self_attn,o_proj,2,model.layers.0.self_attn.o_proj,aten.view.default,[],prefill,True,
184,self_attn,o_proj,,matmul,"[[B*T, n_h*d_head], [n_h*d_head, d_model]]","[d_model, n_h*d_head]",1,"[[B*T, d_model]]","[182, 183]",0,self_attn,o_proj,2,model.layers.0.self_attn.o_proj,aten.mm.default,[model.layers.0.self_attn.o_proj.weight],prefill,False,
185,self_attn,o_proj,,_unsafe_view,"[[B*T, d_model]]",,,"[[B, T, d_model]]",[184],0,self_attn,o_proj,2,model.layers.0.self_attn.o_proj,aten._unsafe_view.default,[],prefill,True,
186,,,,elementwise_add,"[[B, T, d_model], [B, T, d_model]]",,,"[[B, T, d_model]]","[0, 185]",0,,,0,model.layers.0,aten.add.Tensor,[],prefill,False,
187,post_attention_layernorm,,,_to_copy,"[[B, T, d_model]]",,,"[[B, T, d_model]]",[186],0,post_attention_layernorm,,1,model.layers.0.post_attention_layernorm,aten._to_copy.default,[],prefill,True,
188,post_attention_layernorm,,,pow,"[[B, T, d_model]]",,,"[[B, T, d_model]]",[187],0,post_attention_layernorm,,1,model.layers.0.post_attention_layernorm,aten.pow.Tensor_Scalar,[],prefill,False,
189,post_attention_layernorm,,,mean,"[[B, T, d_model]]",,,"[[B, T, 1]]",[188],0,post_attention_layernorm,,1,model.layers.0.post_attention_layernorm,aten.mean.dim,[],prefill,False,
190,post_attention_layernorm,,,elementwise_add,"[[B, T, 1]]",,,"[[B, T, 1]]",[189],0,post_attention_layernorm,,1,model.layers.0.post_attention_layernorm,aten.add.Tensor,[],prefill,False,
191,post_attention_layernorm,,,rsqrt,"[[B, T, 1]]",,,"[[B, T, 1]]",[190],0,post_attention_layernorm,,1,model.layers.0.post_attention_layernorm,aten.rsqrt.default,[],prefill,False,
192,post_attention_layernorm,,,elementwise_mul,"[[B, T, d_model], [B, T, 1]]",,,"[[B, T, d_model]]","[187, 191]",0,post_attention_layernorm,,1,model.layers.0.post_attention_layernorm,aten.mul.Tensor,[],prefill,False,
193,post_attention_layernorm,,,_to_copy,"[[B, T, d_model]]",,,"[[B, T, d_model]]",[192],0,post_attention_layernorm,,1,model.layers.0.post_attention_layernorm,aten._to_copy.default,[],prefill,True,
194,post_attention_layernorm,,,elementwise_mul,"[[B, T, d_model], [d_model]]",,,"[[B, T, d_model]]",[193],0,post_attention_layernorm,,1,model.layers.0.post_attention_layernorm,aten.mul.Tensor,[model.layers.0.post_attention_layernorm.weight],prefill,False,
195,feed_forward,gate_proj,,t,"[[d_ff, d_model]]","[d_ff, d_model]",0,"[[d_model, d_ff]]",[],0,feed_forward,gate_proj,2,model.layers.0.feed_forward.gate_proj,aten.t.default,[model.layers.0.feed_forward.gate_proj.weight],prefill,True,
196,feed_forward,gate_proj,,view,"[[B, T, d_model]]",,,"[[B*T, d_model]]",[194],0,feed_forward,gate_proj,2,model.layers.0.feed_forward.gate_proj,aten.view.default,[],prefill,True,
197,feed_forward,gate_proj,,matmul,"[[B*T, d_model], [d_model, d_ff]]","[d_ff, d_model]",1,"[[B*T, d_ff]]","[195, 196]",0,feed_forward,gate_proj,2,model.layers.0.feed_forward.gate_proj,aten.mm.default,[model.layers.0.feed_forward.gate_proj.weight],prefill,False,
198,feed_forward,gate_proj,,_unsafe_view,"[[B*T, d_ff]]",,,"[[B, T, d_ff]]",[197],0,feed_forward,gate_proj,2,model.layers.0.feed_forward.gate_proj,aten._unsafe_view.default,[],prefill,True,
199,feed_forward,activation_fn,,silu,"[[B, T, d_ff]]",,,"[[B, T, d_ff]]",[198],0,feed_forward,activation_fn,2,model.layers.0.feed_forward.activation_fn,aten.silu.default,[],prefill,False,
200,feed_forward,up_proj,,t,"[[d_ff, d_model]]","[d_ff, d_model]",0,"[[d_model, d_ff]]",[],0,feed_forward,up_proj,2,model.layers.0.feed_forward.up_proj,aten.t.default,[model.layers.0.feed_forward.up_proj.weight],prefill,True,
201,feed_forward,up_proj,,view,"[[B, T, d_model]]",,,"[[B*T, d_model]]",[194],0,feed_forward,up_proj,2,model.layers.0.feed_forward.up_proj,aten.view.default,[],prefill,True,
202,feed_forward,up_proj,,matmul,"[[B*T, d_model], [d_model, d_ff]]","[d_ff, d_model]",1,"[[B*T, d_ff]]","[200, 201]",0,feed_forward,up_proj,2,model.layers.0.feed_forward.up_proj,aten.mm.default,[model.layers.0.feed_forward.up_proj.weight],prefill,False,
203,feed_forward,up_proj,,_unsafe_view,"[[B*T, d_ff]]",,,"[[B, T, d_ff]]",[202],0,feed_forward,up_proj,2,model.layers.0.feed_forward.up_proj,aten._unsafe_view.default,[],prefill,True,
204,feed_forward,,,elementwise_mul,"[[B, T, d_ff], [B, T, d_ff]]",,,"[[B, T, d_ff]]","[199, 203]",0,feed_forward,,1,model.layers.0.feed_forward,aten.mul.Tensor,[],prefill,False,
205,feed_forward,down_proj,,t,"[[d_model, d_ff]]","[d_model, d_ff]",0,"[[d_ff, d_model]]",[],0,feed_forward,down_proj,2,model.layers.0.feed_forward.down_proj,aten.t.default,[model.layers.0.feed_forward.down_proj.weight],prefill,True,
206,feed_forward,down_proj,,view,"[[B, T, d_ff]]",,,"[[B*T, d_ff]]",[204],0,feed_forward,down_proj,2,model.layers.0.feed_forward.down_proj,aten.view.default,[],prefill,True,
207,feed_forward,down_proj,,matmul,"[[B*T, d_ff], [d_ff, d_model]]","[d_model, d_ff]",1,"[[B*T, d_model]]","[205, 206]",0,feed_forward,down_proj,2,model.layers.0.feed_forward.down_proj,aten.mm.default,[model.layers.0.feed_forward.down_proj.weight],prefill,False,
208,feed_forward,down_proj,,_unsafe_view,"[[B*T, d_model]]",,,"[[B, T, d_model]]",[207],0,feed_forward,down_proj,2,model.layers.0.feed_forward.down_proj,aten._unsafe_view.default,[],prefill,True,
209,,,,view,"[[B, T, d_model]]",,,"[[B, T, d_model]]",[208],0,,,0,model.layers.0,aten.view.default,[],prefill,True,
210,,,,elementwise_add,"[[B, T, d_model], [B, T, d_model]]",,,"[[B, T, d_model]]","[186, 209]",0,,,0,model.layers.0,aten.add.Tensor,[],prefill,False,
211,input_layernorm,,,_to_copy,"[[B, T, d_model]]",,,"[[B, T, d_model]]",[210],1,input_layernorm,,1,model.layers.1.input_layernorm,aten._to_copy.default,[],prefill,True,
212,input_layernorm,,,pow,"[[B, T, d_model]]",,,"[[B, T, d_model]]",[211],1,input_layernorm,,1,model.layers.1.input_layernorm,aten.pow.Tensor_Scalar,[],prefill,False,
213,input_layernorm,,,mean,"[[B, T, d_model]]",,,"[[B, T, 1]]",[212],1,input_layernorm,,1,model.layers.1.input_layernorm,aten.mean.dim,[],prefill,False,
214,input_layernorm,,,elementwise_add,"[[B, T, 1]]",,,"[[B, T, 1]]",[213],1,input_layernorm,,1,model.layers.1.input_layernorm,aten.add.Tensor,[],prefill,False,
215,input_layernorm,,,rsqrt,"[[B, T, 1]]",,,"[[B, T, 1]]",[214],1,input_layernorm,,1,model.layers.1.input_layernorm,aten.rsqrt.default,[],prefill,False,
216,input_layernorm,,,elementwise_mul,"[[B, T, d_model], [B, T, 1]]",,,"[[B, T, d_model]]","[211, 215]",1,input_layernorm,,1,model.layers.1.input_layernorm,aten.mul.Tensor,[],prefill,False,
217,input_layernorm,,,_to_copy,"[[B, T, d_model]]",,,"[[B, T, d_model]]",[216],1,input_layernorm,,1,model.layers.1.input_layernorm,aten._to_copy.default,[],prefill,True,
218,input_layernorm,,,elementwise_mul,"[[B, T, d_model], [d_model]]",,,"[[B, T, d_model]]",[217],1,input_layernorm,,1,model.layers.1.input_layernorm,aten.mul.Tensor,[model.layers.1.input_layernorm.weight],prefill,False,
219,self_attn,q_proj,,t,"[[n_h*d_head, d_model]]","[n_h*d_head, d_model]",0,"[[d_model, n_h*d_head]]",[],1,self_attn,q_proj,2,model.layers.1.self_attn.q_proj,aten.t.default,[model.layers.1.self_attn.q_proj.weight],prefill,True,
220,self_attn,q_proj,,view,"[[B, T, d_model]]",,,"[[B*T, d_model]]",[218],1,self_attn,q_proj,2,model.layers.1.self_attn.q_proj,aten.view.default,[],prefill,True,
221,self_attn,q_proj,,matmul,"[[B*T, d_model], [d_model, n_h*d_head]]","[n_h*d_head, d_model]",1,"[[B*T, n_h*d_head]]","[219, 220]",1,self_attn,q_proj,2,model.layers.1.self_attn.q_proj,aten.mm.default,[model.layers.1.self_attn.q_proj.weight],prefill,False,
222,self_attn,q_proj,,_unsafe_view,"[[B*T, n_h*d_head]]",,,"[[B, T, n_h*d_head]]",[221],1,self_attn,q_proj,2,model.layers.1.self_attn.q_proj,aten._unsafe_view.default,[],prefill,True,
223,self_attn,,,view,"[[B, T, n_h*d_head]]",,,"[[B, T, n_h, d_head]]",[222],1,self_attn,,1,model.layers.1.self_attn,aten.view.default,[],prefill,True,
224,self_attn,k_proj,,t,"[[n_kv*d_head, d_model]]","[n_kv*d_head, d_model]",0,"[[d_model, n_kv*d_head]]",[],1,self_attn,k_proj,2,model.layers.1.self_attn.k_proj,aten.t.default,[model.layers.1.self_attn.k_proj.weight],prefill,True,
225,self_attn,k_proj,,view,"[[B, T, d_model]]",,,"[[B*T, d_model]]",[218],1,self_attn,k_proj,2,model.layers.1.self_attn.k_proj,aten.view.default,[],prefill,True,
226,self_attn,k_proj,,matmul,"[[B*T, d_model], [d_model, n_kv*d_head]]","[n_kv*d_head, d_model]",1,"[[B*T, n_kv*d_head]]","[224, 225]",1,self_attn,k_proj,2,model.layers.1.self_attn.k_proj,aten.mm.default,[model.layers.1.self_attn.k_proj.weight],prefill,False,
227,self_attn,k_proj,,_unsafe_view,"[[B*T, n_kv*d_head]]",,,"[[B, T, n_kv*d_head]]",[226],1,self_attn,k_proj,2,model.layers.1.self_attn.k_proj,aten._unsafe_view.default,[],prefill,True,
228,self_attn,,,view,"[[B, T, n_kv*d_head]]",,,"[[B, T, n_kv, d_head]]",[227],1,self_attn,,1,model.layers.1.self_attn,aten.view.default,[],prefill,True,
229,self_attn,v_proj,,t,"[[n_kv*d_head, d_model]]","[n_kv*d_head, d_model]",0,"[[d_model, n_kv*d_head]]",[],1,self_attn,v_proj,2,model.layers.1.self_attn.v_proj,aten.t.default,[model.layers.1.self_attn.v_proj.weight],prefill,True,
230,self_attn,v_proj,,view,"[[B, T, d_model]]",,,"[[B*T, d_model]]",[218],1,self_attn,v_proj,2,model.layers.1.self_attn.v_proj,aten.view.default,[],prefill,True,
231,self_attn,v_proj,,matmul,"[[B*T, d_model], [d_model, n_kv*d_head]]","[n_kv*d_head, d_model]",1,"[[B*T, n_kv*d_head]]","[229, 230]",1,self_attn,v_proj,2,model.layers.1.self_attn.v_proj,aten.mm.default,[model.layers.1.self_attn.v_proj.weight],prefill,False,
232,self_attn,v_proj,,_unsafe_view,"[[B*T, n_kv*d_head]]",,,"[[B, T, n_kv*d_head]]",[231],1,self_attn,v_proj,2,model.layers.1.self_attn.v_proj,aten._unsafe_view.default,[],prefill,True,
233,self_attn,,,view,"[[B, T, n_kv*d_head]]",,,"[[B, T, n_kv, d_head]]",[232],1,self_attn,,1,model.layers.1.self_attn,aten.view.default,[],prefill,True,
234,self_attn,,,transpose,"[[B, T, n_kv, d_head]]",,,"[[B, n_kv, T, d_head]]",[233],1,self_attn,,1,model.layers.1.self_attn,aten.transpose.int,[],prefill,True,
235,self_attn,,,_to_copy,"[[B, T, n_h, d_head]]",,,"[[B, T, n_h, d_head]]",[223],1,self_attn,,1,model.layers.1.self_attn,aten._to_copy.default,[],prefill,True,
236,self_attn,,,view,"[[B, T, n_h, d_head]]",,,"[[B, T, n_h, d_head/2, 2]]",[235],1,self_attn,,1,model.layers.1.self_attn,aten.view.default,[],prefill,True,
237,self_attn,,,view_as_complex,"[[B, T, n_h, d_head/2, 2]]",,,"[[B, T, n_h, d_head/2]]",[236],1,self_attn,,1,model.layers.1.self_attn,aten.view_as_complex.default,[],prefill,True,
238,self_attn,,,_to_copy,"[[B, T, n_kv, d_head]]",,,"[[B, T, n_kv, d_head]]",[228],1,self_attn,,1,model.layers.1.self_attn,aten._to_copy.default,[],prefill,True,
239,self_attn,,,view,"[[B, T, n_kv, d_head]]",,,"[[B, T, n_kv, d_head/2, 2]]",[238],1,self_attn,,1,model.layers.1.self_attn,aten.view.default,[],prefill,True,
240,self_attn,,,view_as_complex,"[[B, T, n_kv, d_head/2, 2]]",,,"[[B, T, n_kv, d_head/2]]",[239],1,self_attn,,1,model.layers.1.self_attn,aten.view_as_complex.default,[],prefill,True,
241,self_attn,,,unsqueeze,"[[B, T, d_head/2]]",,,"[[B, T, 1, d_head/2]]",[106],1,self_attn,,1,model.layers.1.self_attn,aten.unsqueeze.default,[],prefill,True,
242,self_attn,,,elementwise_mul,"[[B, T, n_h, d_head/2], [B, T, 1, d_head/2]]",,,"[[B, T, n_h, d_head/2]]","[237, 241]",1,self_attn,,1,model.layers.1.self_attn,aten.mul.Tensor,[],prefill,False,
243,self_attn,,,view_as_real,"[[B, T, n_h, d_head/2]]",,,"[[B, T, n_h, d_head/2, 2]]",[242],1,self_attn,,1,model.layers.1.self_attn,aten.view_as_real.default,[],prefill,True,
244,self_attn,,,view,"[[B, T, n_h, d_head/2, 2]]",,,"[[B, T, n_h, d_head]]",[243],1,self_attn,,1,model.layers.1.self_attn,aten.view.default,[],prefill,True,
245,self_attn,,,unsqueeze,"[[B, T, d_head/2]]",,,"[[B, T, 1, d_head/2]]",[106],1,self_attn,,1,model.layers.1.self_attn,aten.unsqueeze.default,[],prefill,True,
246,self_attn,,,elementwise_mul,"[[B, T, n_kv, d_head/2], [B, T, 1, d_head/2]]",,,"[[B, T, n_kv, d_head/2]]","[240, 245]",1,self_attn,,1,model.layers.1.self_attn,aten.mul.Tensor,[],prefill,False,
247,self_attn,,,view_as_real,"[[B, T, n_kv, d_head/2]]",,,"[[B, T, n_kv, d_head/2, 2]]",[246],1,self_attn,,1,model.layers.1.self_attn,aten.view_as_real.default,[],prefill,True,
248,self_attn,,,view,"[[B, T, n_kv, d_head/2, 2]]",,,"[[B, T, n_kv, d_head]]",[247],1,self_attn,,1,model.layers.1.self_attn,aten.view.default,[],prefill,True,
249,self_attn,,,_to_copy,"[[B, T, n_h, d_head]]",,,"[[B, T, n_h, d_head]]",[244],1,self_attn,,1,model.layers.1.self_attn,aten._to_copy.default,[],prefill,True,
250,self_attn,,,_to_copy,"[[B, T, n_kv, d_head]]",,,"[[B, T, n_kv, d_head]]",[248],1,self_attn,,1,model.layers.1.self_attn,aten._to_copy.default,[],prefill,True,
251,self_attn,,,transpose,"[[B, T, n_h, d_head]]",,,"[[B, n_h, T, d_head]]",[249],1,self_attn,,1,model.layers.1.self_attn,aten.transpose.int,[],prefill,True,
252,self_attn,,,transpose,"[[B, T, n_kv, d_head]]",,,"[[B, n_kv, T, d_head]]",[250],1,self_attn,,1,model.layers.1.self_attn,aten.transpose.int,[],prefill,True,
253,self_attn,,,_to_copy,[[]],,,[[]],[2],1,self_attn,,1,model.layers.1.self_attn,aten._to_copy.default,[],prefill,True,
254,self_attn,,,concat,"[[0], [B, n_kv, T, d_head]]",,,"[[B, n_kv, T, d_head]]",[252],1,self_attn,,1,model.layers.1.self_attn,aten.cat.default,[],prefill,False,
255,self_attn,,,concat,"[[0], [B, n_kv, T, d_head]]",,,"[[B, n_kv, T, d_head]]",[234],1,self_attn,,1,model.layers.1.self_attn,aten.cat.default,[],prefill,False,
256,self_attn,,,slice,"[[B, n_kv, T, d_head]]",,,"[[B, n_kv, T, d_head]]",[254],1,self_attn,,1,model.layers.1.self_attn,aten.slice.Tensor,[],prefill,True,
257,self_attn,,,slice,"[[B, n_kv, T, d_head]]",,,"[[B, n_kv, T, d_head]]",[255],1,self_attn,,1,model.layers.1.self_attn,aten.slice.Tensor,[],prefill,True,
258,self_attn,,,unsqueeze,"[[B, n_kv, T, d_head]]",,,"[[B, n_kv, 1, T, d_head]]",[254],1,self_attn,,1,model.layers.1.self_attn,aten.unsqueeze.default,[],prefill,True,
259,self_attn,,,expand,"[[B, n_kv, 1, T, d_head]]",,,"[[B, n_kv, n_h/n_kv, T, d_head]]",[258],1,self_attn,,1,model.layers.1.self_attn,aten.expand.default,[],prefill,True,
260,self_attn,,,clone,"[[B, n_kv, n_h/n_kv, T, d_head]]",,,"[[B, n_kv, n_h/n_kv, T, d_head]]",[259],1,self_attn,,1,model.layers.1.self_attn,aten.clone.default,[],prefill,True,
261,self_attn,,,_unsafe_view,"[[B, n_kv, n_h/n_kv, T, d_head]]",,,"[[B, n_h, T, d_head]]",[260],1,self_attn,,1,model.layers.1.self_attn,aten._unsafe_view.default,[],prefill,True,
262,self_attn,,,unsqueeze,"[[B, n_kv, T, d_head]]",,,"[[B, n_kv, 1, T, d_head]]",[255],1,self_attn,,1,model.layers.1.self_attn,aten.unsqueeze.default,[],prefill,True,
263,self_attn,,,expand,"[[B, n_kv, 1, T, d_head]]",,,"[[B, n_kv, n_h/n_kv, T, d_head]]",[262],1,self_attn,,1,model.layers.1.self_attn,aten.expand.default,[],prefill,True,
264,self_attn,,,clone,"[[B, n_kv, n_h/n_kv, T, d_head]]",,,"[[B, n_kv, n_h/n_kv, T, d_head]]",[263],1,self_attn,,1,model.layers.1.self_attn,aten.clone.default,[],prefill,True,
265,self_attn,,,_unsafe_view,"[[B, n_kv, n_h/n_kv, T, d_head]]",,,"[[B, n_h, T, d_head]]",[264],1,self_attn,,1,model.layers.1.self_attn,aten._unsafe_view.default,[],prefill,True,
266,self_attn,,,transpose,"[[B, n_h, T, d_head]]",,,"[[B, n_h, d_head, T]]",[261],1,self_attn,,1,model.layers.1.self_attn,aten.transpose.int,[],prefill,True,
267,self_attn,,,expand,"[[B, n_h, T, d_head]]",,,"[[B, n_h, T, d_head]]",[251],1,self_attn,,1,model.layers.1.self_attn,aten.expand.default,[],prefill,True,
268,self_attn,,,clone,"[[B, n_h, T, d_head]]",,,"[[B, n_h, T, d_head]]",[267],1,self_attn,,1,model.layers.1.self_attn,aten.clone.default,[],prefill,True,
269,self_attn,,,_unsafe_view,"[[B, n_h, T, d_head]]",,,"[[B*n_h, T, d_head]]",[268],1,self_attn,,1,model.layers.1.self_attn,aten._unsafe_view.default,[],prefill,True,
270,self_attn,,,expand,"[[B, n_h, d_head, T]]",,,"[[B, n_h, d_head, T]]",[266],1,self_attn,,1,model.layers.1.self_attn,aten.expand.default,[],prefill,True,
271,self_attn,,,view,"[[B, n_h, d_head, T]]",,,"[[B*n_h, d_head, T]]",[270],1,self_attn,,1,model.layers.1.self_attn,aten.view.default,[],prefill,True,
272,self_attn,,,batched_matmul,"[[B*n_h, T, d_head], [B*n_h, d_head, T]]",,,"[[B*n_h, T, T]]","[269, 271]",1,self_attn,,1,model.layers.1.self_attn,aten.bmm.default,[],prefill,False,
273,self_attn,,,_unsafe_view,"[[B*n_h, T, T]]",,,"[[B, n_h, T, T]]",[272],1,self_attn,,1,model.layers.1.self_attn,aten._unsafe_view.default,[],prefill,True,
274,self_attn,,,elementwise_mul,"[[B, n_h, T, T]]",,,"[[B, n_h, T, T]]",[273],1,self_attn,,1,model.layers.1.self_attn,aten.mul.Tensor,[],prefill,False,
275,self_attn,,,elementwise_add,"[[B, n_h, T, T], [B, 1, T, T]]",,,"[[B, n_h, T, T]]","[91, 274]",1,self_attn,,1,model.layers.1.self_attn,aten.add.Tensor,[],prefill,False,
276,self_attn,,,softmax,"[[B, n_h, T, T]]",,,"[[B, n_h, T, T]]",[275],1,self_attn,,1,model.layers.1.self_attn,aten._softmax.default,[],prefill,False,
277,self_attn,,,expand,"[[B, n_h, T, T]]",,,"[[B, n_h, T, T]]",[276],1,self_attn,,1,model.layers.1.self_attn,aten.expand.default,[],prefill,True,
278,self_attn,,,view,"[[B, n_h, T, T]]",,,"[[B*n_h, T, T]]",[277],1,self_attn,,1,model.layers.1.self_attn,aten.view.default,[],prefill,True,
279,self_attn,,,expand,"[[B, n_h, T, d_head]]",,,"[[B, n_h, T, d_head]]",[265],1,self_attn,,1,model.layers.1.self_attn,aten.expand.default,[],prefill,True,
280,self_attn,,,view,"[[B, n_h, T, d_head]]",,,"[[B*n_h, T, d_head]]",[279],1,self_attn,,1,model.layers.1.self_attn,aten.view.default,[],prefill,True,
281,self_attn,,,batched_matmul,"[[B*n_h, T, T], [B*n_h, T, d_head]]",,,"[[B*n_h, T, d_head]]","[278, 280]",1,self_attn,,1,model.layers.1.self_attn,aten.bmm.default,[],prefill,False,
282,self_attn,,,_unsafe_view,"[[B*n_h, T, d_head]]",,,"[[B, n_h, T, d_head]]",[281],1,self_attn,,1,model.layers.1.self_attn,aten._unsafe_view.default,[],prefill,True,
283,self_attn,,,transpose,"[[B, n_h, T, d_head]]",,,"[[B, T, n_h, d_head]]",[282],1,self_attn,,1,model.layers.1.self_attn,aten.transpose.int,[],prefill,True,
284,self_attn,,,clone,"[[B, T, n_h, d_head]]",,,"[[B, T, n_h, d_head]]",[283],1,self_attn,,1,model.layers.1.self_attn,aten.clone.default,[],prefill,True,
285,self_attn,,,view,"[[B, T, n_h, d_head]]",,,"[[B, T, n_h*d_head]]",[284],1,self_attn,,1,model.layers.1.self_attn,aten.view.default,[],prefill,True,
286,self_attn,o_proj,,t,"[[d_model, n_h*d_head]]","[d_model, n_h*d_head]",0,"[[n_h*d_head, d_model]]",[],1,self_attn,o_proj,2,model.layers.1.self_attn.o_proj,aten.t.default,[model.layers.1.self_attn.o_proj.weight],prefill,True,
287,self_attn,o_proj,,view,"[[B, T, n_h*d_head]]",,,"[[B*T, n_h*d_head]]",[285],1,self_attn,o_proj,2,model.layers.1.self_attn.o_proj,aten.view.default,[],prefill,True,
288,self_attn,o_proj,,matmul,"[[B*T, n_h*d_head], [n_h*d_head, d_model]]","[d_model, n_h*d_head]",1,"[[B*T, d_model]]","[286, 287]",1,self_attn,o_proj,2,model.layers.1.self_attn.o_proj,aten.mm.default,[model.layers.1.self_attn.o_proj.weight],prefill,False,
289,self_attn,o_proj,,_unsafe_view,"[[B*T, d_model]]",,,"[[B, T, d_model]]",[288],1,self_attn,o_proj,2,model.layers.1.self_attn.o_proj,aten._unsafe_view.default,[],prefill,True,
290,,,,elementwise_add,"[[B, T, d_model], [B, T, d_model]]",,,"[[B, T, d_model]]","[210, 289]",1,,,0,model.layers.1,aten.add.Tensor,[],prefill,False,
291,post_attention_layernorm,,,_to_copy,"[[B, T, d_model]]",,,"[[B, T, d_model]]",[290],1,post_attention_layernorm,,1,model.layers.1.post_attention_layernorm,aten._to_copy.default,[],prefill,True,
292,post_attention_layernorm,,,pow,"[[B, T, d_model]]",,,"[[B, T, d_model]]",[291],1,post_attention_layernorm,,1,model.layers.1.post_attention_layernorm,aten.pow.Tensor_Scalar,[],prefill,False,
293,post_attention_layernorm,,,mean,"[[B, T, d_model]]",,,"[[B, T, 1]]",[292],1,post_attention_layernorm,,1,model.layers.1.post_attention_layernorm,aten.mean.dim,[],prefill,False,
294,post_attention_layernorm,,,elementwise_add,"[[B, T, 1]]",,,"[[B, T, 1]]",[293],1,post_attention_layernorm,,1,model.layers.1.post_attention_layernorm,aten.add.Tensor,[],prefill,False,
295,post_attention_layernorm,,,rsqrt,"[[B, T, 1]]",,,"[[B, T, 1]]",[294],1,post_attention_layernorm,,1,model.layers.1.post_attention_layernorm,aten.rsqrt.default,[],prefill,False,
296,post_attention_layernorm,,,elementwise_mul,"[[B, T, d_model], [B, T, 1]]",,,"[[B, T, d_model]]","[291, 295]",1,post_attention_layernorm,,1,model.layers.1.post_attention_layernorm,aten.mul.Tensor,[],prefill,False,
297,post_attention_layernorm,,,_to_copy,"[[B, T, d_model]]",,,"[[B, T, d_model]]",[296],1,post_attention_layernorm,,1,model.layers.1.post_attention_layernorm,aten._to_copy.default,[],prefill,True,
298,post_attention_layernorm,,,elementwise_mul,"[[B, T, d_model], [d_model]]",,,"[[B, T, d_model]]",[297],1,post_attention_layernorm,,1,model.layers.1.post_attention_layernorm,aten.mul.Tensor,[model.layers.1.post_attention_layernorm.weight],prefill,False,
299,feed_forward,,,view,"[[B, T, d_model]]",,,"[[B*T, d_model]]",[298],1,feed_forward,,1,model.layers.1.feed_forward,aten.view.default,[],prefill,True,
300,feed_forward,router,,t,"[[E, d_model]]","[E, d_model]",0,"[[d_model, E]]",[],1,feed_forward,router,2,model.layers.1.feed_forward.router,aten.t.default,[model.layers.1.feed_forward.router.weight],prefill,True,
301,feed_forward,router,,matmul,"[[B*T, d_model], [d_model, E]]","[E, d_model]",1,"[[B*T, E]]","[299, 300]",1,feed_forward,router,2,model.layers.1.feed_forward.router,aten.mm.default,[model.layers.1.feed_forward.router.weight],prefill,False,
302,feed_forward,router,,topk,"[[B*T, E]]",,,"[[B*T, 1], [B*T, 1]]",[301],1,feed_forward,router,2,model.layers.1.feed_forward.router,aten.topk.default,[],prefill,False,
303,feed_forward,router,,full_like,"[[B*T, E]]",,,"[[B*T, E]]",[301],1,feed_forward,router,2,model.layers.1.feed_forward.router,aten.full_like.default,[],prefill,True,
304,feed_forward,router,,scatter_,"[[B*T, E], [B*T, 1], [B*T, 1]]",,,"[[B*T, E]]","[302, 303]",1,feed_forward,router,2,model.layers.1.feed_forward.router,aten.scatter_.src,[],prefill,True,
305,feed_forward,router,,_to_copy,"[[B*T, E]]",,,"[[B*T, E]]",[304],1,feed_forward,router,2,model.layers.1.feed_forward.router,aten._to_copy.default,[],prefill,True,
306,feed_forward,router,,sigmoid,"[[B*T, E]]",,,"[[B*T, E]]",[305],1,feed_forward,router,2,model.layers.1.feed_forward.router,aten.sigmoid.default,[],prefill,False,
307,feed_forward,router,,_to_copy,"[[B*T, E]]",,,"[[B*T, E]]",[306],1,feed_forward,router,2,model.layers.1.feed_forward.router,aten._to_copy.default,[],prefill,True,
308,feed_forward,,,repeat,"[[B*T, d_model]]",,,"[[B*E*T, d_model]]",[299],1,feed_forward,,1,model.layers.1.feed_forward,aten.repeat.default,[],prefill,True,
309,feed_forward,,,transpose,"[[B*T, E]]",,,"[[E, B*T]]",[307],1,feed_forward,,1,model.layers.1.feed_forward,aten.transpose.int,[],prefill,True,
310,feed_forward,,,clone,"[[E, B*T]]",,,"[[E, B*T]]",[309],1,feed_forward,,1,model.layers.1.feed_forward,aten.clone.default,[],prefill,True,
311,feed_forward,,,_unsafe_view,"[[E, B*T]]",,,"[[B*E*T, 1]]",[310],1,feed_forward,,1,model.layers.1.feed_forward,aten._unsafe_view.default,[],prefill,True,
312,feed_forward,,,elementwise_mul,"[[B*E*T, d_model], [B*E*T, 1]]",,,"[[B*E*T, d_model]]","[308, 311]",1,feed_forward,,1,model.layers.1.feed_forward,aten.mul.Tensor,[],prefill,False,
313,feed_forward,experts,,view,"[[B*E*T, d_model]]",,,"[[E, B*T, d_model]]",[312],1,feed_forward,experts,2,model.layers.1.feed_forward.experts,aten.view.default,[],prefill,True,
314,feed_forward,experts,,batched_matmul,"[[E, B*T, d_model], [E, d_model, 2*d_moe]]","[E, d_model, 2*d_moe]",1,"[[E, B*T, 2*d_moe]]",[313],1,feed_forward,experts,2,model.layers.1.feed_forward.experts,aten.bmm.default,[model.layers.1.feed_forward.experts.gate_up_proj],prefill,False,
315,feed_forward,experts,,split,"[[E, B*T, 2*d_moe]]",,,"[[E, B*T, d_moe], [E, B*T, d_moe]]",[314],1,feed_forward,experts,2,model.layers.1.feed_forward.experts,aten.split.Tensor,[],prefill,True,
316,feed_forward,experts,act_fn,silu,"[[E, B*T, d_moe]]",,,"[[E, B*T, d_moe]]",[315],1,feed_forward,experts,3,model.layers.1.feed_forward.experts.act_fn,aten.silu.default,[],prefill,False,
317,feed_forward,experts,,elementwise_mul,"[[E, B*T, d_moe], [E, B*T, d_moe]]",,,"[[E, B*T, d_moe]]","[315, 316]",1,feed_forward,experts,2,model.layers.1.feed_forward.experts,aten.mul.Tensor,[],prefill,False,
318,feed_forward,experts,,batched_matmul,"[[E, B*T, d_moe], [E, d_moe, d_model]]","[E, d_moe, d_model]",1,"[[E, B*T, d_model]]",[317],1,feed_forward,experts,2,model.layers.1.feed_forward.experts,aten.bmm.default,[model.layers.1.feed_forward.experts.down_proj],prefill,False,
319,feed_forward,experts,,view,"[[E, B*T, d_model]]",,,"[[B*E*T, d_model]]",[318],1,feed_forward,experts,2,model.layers.1.feed_forward.experts,aten.view.default,[],prefill,True,
320,feed_forward,shared_expert,gate_proj,t,"[[d_moe, d_model]]","[d_moe, d_model]",0,"[[d_model, d_moe]]",[],1,feed_forward,shared_expert,3,model.layers.1.feed_forward.shared_expert.gate_proj,aten.t.default,[model.layers.1.feed_forward.shared_expert.gate_proj.weight],prefill,True,
321,feed_forward,shared_expert,gate_proj,matmul,"[[B*T, d_model], [d_model, d_moe]]","[d_moe, d_model]",1,"[[B*T, d_moe]]","[299, 320]",1,feed_forward,shared_expert,3,model.layers.1.feed_forward.shared_expert.gate_proj,aten.mm.default,[model.layers.1.feed_forward.shared_expert.gate_proj.weight],prefill,False,
322,feed_forward,shared_expert,activation_fn,silu,"[[B*T, d_moe]]",,,"[[B*T, d_moe]]",[321],1,feed_forward,shared_expert,3,model.layers.1.feed_forward.shared_expert.activation_fn,aten.silu.default,[],prefill,False,
323,feed_forward,shared_expert,up_proj,t,"[[d_moe, d_model]]","[d_moe, d_model]",0,"[[d_model, d_moe]]",[],1,feed_forward,shared_expert,3,model.layers.1.feed_forward.shared_expert.up_proj,aten.t.default,[model.layers.1.feed_forward.shared_expert.up_proj.weight],prefill,True,
324,feed_forward,shared_expert,up_proj,matmul,"[[B*T, d_model], [d_model, d_moe]]","[d_moe, d_model]",1,"[[B*T, d_moe]]","[299, 323]",1,feed_forward,shared_expert,3,model.layers.1.feed_forward.shared_expert.up_proj,aten.mm.default,[model.layers.1.feed_forward.shared_expert.up_proj.weight],prefill,False,
325,feed_forward,shared_expert,,elementwise_mul,"[[B*T, d_moe], [B*T, d_moe]]",,,"[[B*T, d_moe]]","[322, 324]",1,feed_forward,shared_expert,2,model.layers.1.feed_forward.shared_expert,aten.mul.Tensor,[],prefill,False,
326,feed_forward,shared_expert,down_proj,t,"[[d_model, d_moe]]","[d_model, d_moe]",0,"[[d_moe, d_model]]",[],1,feed_forward,shared_expert,3,model.layers.1.feed_forward.shared_expert.down_proj,aten.t.default,[model.layers.1.feed_forward.shared_expert.down_proj.weight],prefill,True,
327,feed_forward,shared_expert,down_proj,matmul,"[[B*T, d_moe], [d_moe, d_model]]","[d_model, d_moe]",1,"[[B*T, d_model]]","[325, 326]",1,feed_forward,shared_expert,3,model.layers.1.feed_forward.shared_expert.down_proj,aten.mm.default,[model.layers.1.feed_forward.shared_expert.down_proj.weight],prefill,False,
328,feed_forward,,,view,"[[B*E*T, d_model]]",,,"[[E, B*T, d_model]]",[319],1,feed_forward,,1,model.layers.1.feed_forward,aten.view.default,[],prefill,True,
329,feed_forward,,,sum,"[[E, B*T, d_model]]",,,"[[B*T, d_model]]",[328],1,feed_forward,,1,model.layers.1.feed_forward,aten.sum.dim_IntList,[],prefill,True,
330,feed_forward,,,add_,"[[B*T, d_model], [B*T, d_model]]",,,"[[B*T, d_model]]","[327, 329]",1,feed_forward,,1,model.layers.1.feed_forward,aten.add_.Tensor,[],prefill,True,
331,,,,view,"[[B*T, d_model]]",,,"[[B, T, d_model]]",[330],1,,,0,model.layers.1,aten.view.default,[],prefill,True,
332,,,,elementwise_add,"[[B, T, d_model], [B, T, d_model]]",,,"[[B, T, d_model]]","[290, 331]",1,,,0,model.layers.1,aten.add.Tensor,[],prefill,False,
333,input_layernorm,,,_to_copy,"[[B, T, d_model]]",,,"[[B, T, d_model]]",[332],2,input_layernorm,,1,model.layers.2.input_layernorm,aten._to_copy.default,[],prefill,True,
334,input_layernorm,,,pow,"[[B, T, d_model]]",,,"[[B, T, d_model]]",[333],2,input_layernorm,,1,model.layers.2.input_layernorm,aten.pow.Tensor_Scalar,[],prefill,False,
335,input_layernorm,,,mean,"[[B, T, d_model]]",,,"[[B, T, 1]]",[334],2,input_layernorm,,1,model.layers.2.input_layernorm,aten.mean.dim,[],prefill,False,
336,input_layernorm,,,elementwise_add,"[[B, T, 1]]",,,"[[B, T, 1]]",[335],2,input_layernorm,,1,model.layers.2.input_layernorm,aten.add.Tensor,[],prefill,False,
337,input_layernorm,,,rsqrt,"[[B, T, 1]]",,,"[[B, T, 1]]",[336],2,input_layernorm,,1,model.layers.2.input_layernorm,aten.rsqrt.default,[],prefill,False,
338,input_layernorm,,,elementwise_mul,"[[B, T, d_model], [B, T, 1]]",,,"[[B, T, d_model]]","[333, 337]",2,input_layernorm,,1,model.layers.2.input_layernorm,aten.mul.Tensor,[],prefill,False,
339,input_layernorm,,,_to_copy,"[[B, T, d_model]]",,,"[[B, T, d_model]]",[338],2,input_layernorm,,1,model.layers.2.input_layernorm,aten._to_copy.default,[],prefill,True,
340,input_layernorm,,,elementwise_mul,"[[B, T, d_model], [d_model]]",,,"[[B, T, d_model]]",[339],2,input_layernorm,,1,model.layers.2.input_layernorm,aten.mul.Tensor,[model.layers.2.input_layernorm.weight],prefill,False,
341,self_attn,q_proj,,t,"[[n_h*d_head, d_model]]","[n_h*d_head, d_model]",0,"[[d_model, n_h*d_head]]",[],2,self_attn,q_proj,2,model.layers.2.self_attn.q_proj,aten.t.default,[model.layers.2.self_attn.q_proj.weight],prefill,True,
342,self_attn,q_proj,,view,"[[B, T, d_model]]",,,"[[B*T, d_model]]",[340],2,self_attn,q_proj,2,model.layers.2.self_attn.q_proj,aten.view.default,[],prefill,True,
343,self_attn,q_proj,,matmul,"[[B*T, d_model], [d_model, n_h*d_head]]","[n_h*d_head, d_model]",1,"[[B*T, n_h*d_head]]","[341, 342]",2,self_attn,q_proj,2,model.layers.2.self_attn.q_proj,aten.mm.default,[model.layers.2.self_attn.q_proj.weight],prefill,False,
344,self_attn,q_proj,,_unsafe_view,"[[B*T, n_h*d_head]]",,,"[[B, T, n_h*d_head]]",[343],2,self_attn,q_proj,2,model.layers.2.self_attn.q_proj,aten._unsafe_view.default,[],prefill,True,
345,self_attn,,,view,"[[B, T, n_h*d_head]]",,,"[[B, T, n_h, d_head]]",[344],2,self_attn,,1,model.layers.2.self_attn,aten.view.default,[],prefill,True,
346,self_attn,k_proj,,t,"[[n_kv*d_head, d_model]]","[n_kv*d_head, d_model]",0,"[[d_model, n_kv*d_head]]",[],2,self_attn,k_proj,2,model.layers.2.self_attn.k_proj,aten.t.default,[model.layers.2.self_attn.k_proj.weight],prefill,True,
347,self_attn,k_proj,,view,"[[B, T, d_model]]",,,"[[B*T, d_model]]",[340],2,self_attn,k_proj,2,model.layers.2.self_attn.k_proj,aten.view.default,[],prefill,True,
348,self_attn,k_proj,,matmul,"[[B*T, d_model], [d_model, n_kv*d_head]]","[n_kv*d_head, d_model]",1,"[[B*T, n_kv*d_head]]","[346, 347]",2,self_attn,k_proj,2,model.layers.2.self_attn.k_proj,aten.mm.default,[model.layers.2.self_attn.k_proj.weight],prefill,False,
349,self_attn,k_proj,,_unsafe_view,"[[B*T, n_kv*d_head]]",,,"[[B, T, n_kv*d_head]]",[348],2,self_attn,k_proj,2,model.layers.2.self_attn.k_proj,aten._unsafe_view.default,[],prefill,True,
350,self_attn,,,view,"[[B, T, n_kv*d_head]]",,,"[[B, T, n_kv, d_head]]",[349],2,self_attn,,1,model.layers.2.self_attn,aten.view.default,[],prefill,True,
351,self_attn,v_proj,,t,"[[n_kv*d_head, d_model]]","[n_kv*d_head, d_model]",0,"[[d_model, n_kv*d_head]]",[],2,self_attn,v_proj,2,model.layers.2.self_attn.v_proj,aten.t.default,[model.layers.2.self_attn.v_proj.weight],prefill,True,
352,self_attn,v_proj,,view,"[[B, T, d_model]]",,,"[[B*T, d_model]]",[340],2,self_attn,v_proj,2,model.layers.2.self_attn.v_proj,aten.view.default,[],prefill,True,
353,self_attn,v_proj,,matmul,"[[B*T, d_model], [d_model, n_kv*d_head]]","[n_kv*d_head, d_model]",1,"[[B*T, n_kv*d_head]]","[351, 352]",2,self_attn,v_proj,2,model.layers.2.self_attn.v_proj,aten.mm.default,[model.layers.2.self_attn.v_proj.weight],prefill,False,
354,self_attn,v_proj,,_unsafe_view,"[[B*T, n_kv*d_head]]",,,"[[B, T, n_kv*d_head]]",[353],2,self_attn,v_proj,2,model.layers.2.self_attn.v_proj,aten._unsafe_view.default,[],prefill,True,
355,self_attn,,,view,"[[B, T, n_kv*d_head]]",,,"[[B, T, n_kv, d_head]]",[354],2,self_attn,,1,model.layers.2.self_attn,aten.view.default,[],prefill,True,
356,self_attn,,,transpose,"[[B, T, n_kv, d_head]]",,,"[[B, n_kv, T, d_head]]",[355],2,self_attn,,1,model.layers.2.self_attn,aten.transpose.int,[],prefill,True,
357,self_attn,,,_to_copy,"[[B, T, n_h, d_head]]",,,"[[B, T, n_h, d_head]]",[345],2,self_attn,,1,model.layers.2.self_attn,aten._to_copy.default,[],prefill,True,
358,self_attn,,,view,"[[B, T, n_h, d_head]]",,,"[[B, T, n_h, d_head/2, 2]]",[357],2,self_attn,,1,model.layers.2.self_attn,aten.view.default,[],prefill,True,
359,self_attn,,,view_as_complex,"[[B, T, n_h, d_head/2, 2]]",,,"[[B, T, n_h, d_head/2]]",[358],2,self_attn,,1,model.layers.2.self_attn,aten.view_as_complex.default,[],prefill,True,
360,self_attn,,,_to_copy,"[[B, T, n_kv, d_head]]",,,"[[B, T, n_kv, d_head]]",[350],2,self_attn,,1,model.layers.2.self_attn,aten._to_copy.default,[],prefill,True,
361,self_attn,,,view,"[[B, T, n_kv, d_head]]",,,"[[B, T, n_kv, d_head/2, 2]]",[360],2,self_attn,,1,model.layers.2.self_attn,aten.view.default,[],prefill,True,
362,self_attn,,,view_as_complex,"[[B, T, n_kv, d_head/2, 2]]",,,"[[B, T, n_kv, d_head/2]]",[361],2,self_attn,,1,model.layers.2.self_attn,aten.view_as_complex.default,[],prefill,True,
363,self_attn,,,unsqueeze,"[[B, T, d_head/2]]",,,"[[B, T, 1, d_head/2]]",[106],2,self_attn,,1,model.layers.2.self_attn,aten.unsqueeze.default,[],prefill,True,
364,self_attn,,,elementwise_mul,"[[B, T, n_h, d_head/2], [B, T, 1, d_head/2]]",,,"[[B, T, n_h, d_head/2]]","[359, 363]",2,self_attn,,1,model.layers.2.self_attn,aten.mul.Tensor,[],prefill,False,
365,self_attn,,,view_as_real,"[[B, T, n_h, d_head/2]]",,,"[[B, T, n_h, d_head/2, 2]]",[364],2,self_attn,,1,model.layers.2.self_attn,aten.view_as_real.default,[],prefill,True,
366,self_attn,,,view,"[[B, T, n_h, d_head/2, 2]]",,,"[[B, T, n_h, d_head]]",[365],2,self_attn,,1,model.layers.2.self_attn,aten.view.default,[],prefill,True,
367,self_attn,,,unsqueeze,"[[B, T, d_head/2]]",,,"[[B, T, 1, d_head/2]]",[106],2,self_attn,,1,model.layers.2.self_attn,aten.unsqueeze.default,[],prefill,True,
368,self_attn,,,elementwise_mul,"[[B, T, n_kv, d_head/2], [B, T, 1, d_head/2]]",,,"[[B, T, n_kv, d_head/2]]","[362, 367]",2,self_attn,,1,model.layers.2.self_attn,aten.mul.Tensor,[],prefill,False,
369,self_attn,,,view_as_real,"[[B, T, n_kv, d_head/2]]",,,"[[B, T, n_kv, d_head/2, 2]]",[368],2,self_attn,,1,model.layers.2.self_attn,aten.view_as_real.default,[],prefill,True,
370,self_attn,,,view,"[[B, T, n_kv, d_head/2, 2]]",,,"[[B, T, n_kv, d_head]]",[369],2,self_attn,,1,model.layers.2.self_attn,aten.view.default,[],prefill,True,
371,self_attn,,,_to_copy,"[[B, T, n_h, d_head]]",,,"[[B, T, n_h, d_head]]",[366],2,self_attn,,1,model.layers.2.self_attn,aten._to_copy.default,[],prefill,True,
372,self_attn,,,_to_copy,"[[B, T, n_kv, d_head]]",,,"[[B, T, n_kv, d_head]]",[370],2,self_attn,,1,model.layers.2.self_attn,aten._to_copy.default,[],prefill,True,
373,self_attn,,,transpose,"[[B, T, n_h, d_head]]",,,"[[B, n_h, T, d_head]]",[371],2,self_attn,,1,model.layers.2.self_attn,aten.transpose.int,[],prefill,True,
374,self_attn,,,transpose,"[[B, T, n_kv, d_head]]",,,"[[B, n_kv, T, d_head]]",[372],2,self_attn,,1,model.layers.2.self_attn,aten.transpose.int,[],prefill,True,
375,self_attn,,,_to_copy,[[]],,,[[]],[3],2,self_attn,,1,model.layers.2.self_attn,aten._to_copy.default,[],prefill,True,
376,self_attn,,,concat,"[[0], [B, n_kv, T, d_head]]",,,"[[B, n_kv, T, d_head]]",[374],2,self_attn,,1,model.layers.2.self_attn,aten.cat.default,[],prefill,False,
377,self_attn,,,concat,"[[0], [B, n_kv, T, d_head]]",,,"[[B, n_kv, T, d_head]]",[356],2,self_attn,,1,model.layers.2.self_attn,aten.cat.default,[],prefill,False,
378,self_attn,,,slice,"[[B, n_kv, T, d_head]]",,,"[[B, n_kv, T, d_head]]",[376],2,self_attn,,1,model.layers.2.self_attn,aten.slice.Tensor,[],prefill,True,
379,self_attn,,,slice,"[[B, n_kv, T, d_head]]",,,"[[B, n_kv, T, d_head]]",[377],2,self_attn,,1,model.layers.2.self_attn,aten.slice.Tensor,[],prefill,True,
380,self_attn,,,unsqueeze,"[[B, n_kv, T, d_head]]",,,"[[B, n_kv, 1, T, d_head]]",[376],2,self_attn,,1,model.layers.2.self_attn,aten.unsqueeze.default,[],prefill,True,
381,self_attn,,,expand,"[[B, n_kv, 1, T, d_head]]",,,"[[B, n_kv, n_h/n_kv, T, d_head]]",[380],2,self_attn,,1,model.layers.2.self_attn,aten.expand.default,[],prefill,True,
382,self_attn,,,clone,"[[B, n_kv, n_h/n_kv, T, d_head]]",,,"[[B, n_kv, n_h/n_kv, T, d_head]]",[381],2,self_attn,,1,model.layers.2.self_attn,aten.clone.default,[],prefill,True,
383,self_attn,,,_unsafe_view,"[[B, n_kv, n_h/n_kv, T, d_head]]",,,"[[B, n_h, T, d_head]]",[382],2,self_attn,,1,model.layers.2.self_attn,aten._unsafe_view.default,[],prefill,True,
384,self_attn,,,unsqueeze,"[[B, n_kv, T, d_head]]",,,"[[B, n_kv, 1, T, d_head]]",[377],2,self_attn,,1,model.layers.2.self_attn,aten.unsqueeze.default,[],prefill,True,
385,self_attn,,,expand,"[[B, n_kv, 1, T, d_head]]",,,"[[B, n_kv, n_h/n_kv, T, d_head]]",[384],2,self_attn,,1,model.layers.2.self_attn,aten.expand.default,[],prefill,True,
386,self_attn,,,clone,"[[B, n_kv, n_h/n_kv, T, d_head]]",,,"[[B, n_kv, n_h/n_kv, T, d_head]]",[385],2,self_attn,,1,model.layers.2.self_attn,aten.clone.default,[],prefill,True,
387,self_attn,,,_unsafe_view,"[[B, n_kv, n_h/n_kv, T, d_head]]",,,"[[B, n_h, T, d_head]]",[386],2,self_attn,,1,model.layers.2.self_attn,aten._unsafe_view.default,[],prefill,True,
388,self_attn,,,transpose,"[[B, n_h, T, d_head]]",,,"[[B, n_h, d_head, T]]",[383],2,self_attn,,1,model.layers.2.self_attn,aten.transpose.int,[],prefill,True,
389,self_attn,,,expand,"[[B, n_h, T, d_head]]",,,"[[B, n_h, T, d_head]]",[373],2,self_attn,,1,model.layers.2.self_attn,aten.expand.default,[],prefill,True,
390,self_attn,,,clone,"[[B, n_h, T, d_head]]",,,"[[B, n_h, T, d_head]]",[389],2,self_attn,,1,model.layers.2.self_attn,aten.clone.default,[],prefill,True,
391,self_attn,,,_unsafe_view,"[[B, n_h, T, d_head]]",,,"[[B*n_h, T, d_head]]",[390],2,self_attn,,1,model.layers.2.self_attn,aten._unsafe_view.default,[],prefill,True,
392,self_attn,,,expand,"[[B, n_h, d_head, T]]",,,"[[B, n_h, d_head, T]]",[388],2,self_attn,,1,model.layers.2.self_attn,aten.expand.default,[],prefill,True,
393,self_attn,,,view,"[[B, n_h, d_head, T]]",,,"[[B*n_h, d_head, T]]",[392],2,self_attn,,1,model.layers.2.self_attn,aten.view.default,[],prefill,True,
394,self_attn,,,batched_matmul,"[[B*n_h, T, d_head], [B*n_h, d_head, T]]",,,"[[B*n_h, T, T]]","[391, 393]",2,self_attn,,1,model.layers.2.self_attn,aten.bmm.default,[],prefill,False,
395,self_attn,,,_unsafe_view,"[[B*n_h, T, T]]",,,"[[B, n_h, T, T]]",[394],2,self_attn,,1,model.layers.2.self_attn,aten._unsafe_view.default,[],prefill,True,
396,self_attn,,,elementwise_mul,"[[B, n_h, T, T]]",,,"[[B, n_h, T, T]]",[395],2,self_attn,,1,model.layers.2.self_attn,aten.mul.Tensor,[],prefill,False,
397,self_attn,,,elementwise_add,"[[B, n_h, T, T], [B, 1, T, T]]",,,"[[B, n_h, T, T]]","[91, 396]",2,self_attn,,1,model.layers.2.self_attn,aten.add.Tensor,[],prefill,False,
398,self_attn,,,softmax,"[[B, n_h, T, T]]",,,"[[B, n_h, T, T]]",[397],2,self_attn,,1,model.layers.2.self_attn,aten._softmax.default,[],prefill,False,
399,self_attn,,,expand,"[[B, n_h, T, T]]",,,"[[B, n_h, T, T]]",[398],2,self_attn,,1,model.layers.2.self_attn,aten.expand.default,[],prefill,True,
400,self_attn,,,view,"[[B, n_h, T, T]]",,,"[[B*n_h, T, T]]",[399],2,self_attn,,1,model.layers.2.self_attn,aten.view.default,[],prefill,True,
401,self_attn,,,expand,"[[B, n_h, T, d_head]]",,,"[[B, n_h, T, d_head]]",[387],2,self_attn,,1,model.layers.2.self_attn,aten.expand.default,[],prefill,True,
402,self_attn,,,view,"[[B, n_h, T, d_head]]",,,"[[B*n_h, T, d_head]]",[401],2,self_attn,,1,model.layers.2.self_attn,aten.view.default,[],prefill,True,
403,self_attn,,,batched_matmul,"[[B*n_h, T, T], [B*n_h, T, d_head]]",,,"[[B*n_h, T, d_head]]","[400, 402]",2,self_attn,,1,model.layers.2.self_attn,aten.bmm.default,[],prefill,False,
404,self_attn,,,_unsafe_view,"[[B*n_h, T, d_head]]",,,"[[B, n_h, T, d_head]]",[403],2,self_attn,,1,model.layers.2.self_attn,aten._unsafe_view.default,[],prefill,True,
405,self_attn,,,transpose,"[[B, n_h, T, d_head]]",,,"[[B, T, n_h, d_head]]",[404],2,self_attn,,1,model.layers.2.self_attn,aten.transpose.int,[],prefill,True,
406,self_attn,,,clone,"[[B, T, n_h, d_head]]",,,"[[B, T, n_h, d_head]]",[405],2,self_attn,,1,model.layers.2.self_attn,aten.clone.default,[],prefill,True,
407,self_attn,,,view,"[[B, T, n_h, d_head]]",,,"[[B, T, n_h*d_head]]",[406],2,self_attn,,1,model.layers.2.self_attn,aten.view.default,[],prefill,True,
408,self_attn,o_proj,,t,"[[d_model, n_h*d_head]]","[d_model, n_h*d_head]",0,"[[n_h*d_head, d_model]]",[],2,self_attn,o_proj,2,model.layers.2.self_attn.o_proj,aten.t.default,[model.layers.2.self_attn.o_proj.weight],prefill,True,
409,self_attn,o_proj,,view,"[[B, T, n_h*d_head]]",,,"[[B*T, n_h*d_head]]",[407],2,self_attn,o_proj,2,model.layers.2.self_attn.o_proj,aten.view.default,[],prefill,True,
410,self_attn,o_proj,,matmul,"[[B*T, n_h*d_head], [n_h*d_head, d_model]]","[d_model, n_h*d_head]",1,"[[B*T, d_model]]","[408, 409]",2,self_attn,o_proj,2,model.layers.2.self_attn.o_proj,aten.mm.default,[model.layers.2.self_attn.o_proj.weight],prefill,False,
411,self_attn,o_proj,,_unsafe_view,"[[B*T, d_model]]",,,"[[B, T, d_model]]",[410],2,self_attn,o_proj,2,model.layers.2.self_attn.o_proj,aten._unsafe_view.default,[],prefill,True,
412,,,,elementwise_add,"[[B, T, d_model], [B, T, d_model]]",,,"[[B, T, d_model]]","[332, 411]",2,,,0,model.layers.2,aten.add.Tensor,[],prefill,False,
413,post_attention_layernorm,,,_to_copy,"[[B, T, d_model]]",,,"[[B, T, d_model]]",[412],2,post_attention_layernorm,,1,model.layers.2.post_attention_layernorm,aten._to_copy.default,[],prefill,True,
414,post_attention_layernorm,,,pow,"[[B, T, d_model]]",,,"[[B, T, d_model]]",[413],2,post_attention_layernorm,,1,model.layers.2.post_attention_layernorm,aten.pow.Tensor_Scalar,[],prefill,False,
415,post_attention_layernorm,,,mean,"[[B, T, d_model]]",,,"[[B, T, 1]]",[414],2,post_attention_layernorm,,1,model.layers.2.post_attention_layernorm,aten.mean.dim,[],prefill,False,
416,post_attention_layernorm,,,elementwise_add,"[[B, T, 1]]",,,"[[B, T, 1]]",[415],2,post_attention_layernorm,,1,model.layers.2.post_attention_layernorm,aten.add.Tensor,[],prefill,False,
417,post_attention_layernorm,,,rsqrt,"[[B, T, 1]]",,,"[[B, T, 1]]",[416],2,post_attention_layernorm,,1,model.layers.2.post_attention_layernorm,aten.rsqrt.default,[],prefill,False,
418,post_attention_layernorm,,,elementwise_mul,"[[B, T, d_model], [B, T, 1]]",,,"[[B, T, d_model]]","[413, 417]",2,post_attention_layernorm,,1,model.layers.2.post_attention_layernorm,aten.mul.Tensor,[],prefill,False,
419,post_attention_layernorm,,,_to_copy,"[[B, T, d_model]]",,,"[[B, T, d_model]]",[418],2,post_attention_layernorm,,1,model.layers.2.post_attention_layernorm,aten._to_copy.default,[],prefill,True,
420,post_attention_layernorm,,,elementwise_mul,"[[B, T, d_model], [d_model]]",,,"[[B, T, d_model]]",[419],2,post_attention_layernorm,,1,model.layers.2.post_attention_layernorm,aten.mul.Tensor,[model.layers.2.post_attention_layernorm.weight],prefill,False,
421,feed_forward,gate_proj,,t,"[[d_ff, d_model]]","[d_ff, d_model]",0,"[[d_model, d_ff]]",[],2,feed_forward,gate_proj,2,model.layers.2.feed_forward.gate_proj,aten.t.default,[model.layers.2.feed_forward.gate_proj.weight],prefill,True,
422,feed_forward,gate_proj,,view,"[[B, T, d_model]]",,,"[[B*T, d_model]]",[420],2,feed_forward,gate_proj,2,model.layers.2.feed_forward.gate_proj,aten.view.default,[],prefill,True,
423,feed_forward,gate_proj,,matmul,"[[B*T, d_model], [d_model, d_ff]]","[d_ff, d_model]",1,"[[B*T, d_ff]]","[421, 422]",2,feed_forward,gate_proj,2,model.layers.2.feed_forward.gate_proj,aten.mm.default,[model.layers.2.feed_forward.gate_proj.weight],prefill,False,
424,feed_forward,gate_proj,,_unsafe_view,"[[B*T, d_ff]]",,,"[[B, T, d_ff]]",[423],2,feed_forward,gate_proj,2,model.layers.2.feed_forward.gate_proj,aten._unsafe_view.default,[],prefill,True,
425,feed_forward,activation_fn,,silu,"[[B, T, d_ff]]",,,"[[B, T, d_ff]]",[424],2,feed_forward,activation_fn,2,model.layers.2.feed_forward.activation_fn,aten.silu.default,[],prefill,False,
426,feed_forward,up_proj,,t,"[[d_ff, d_model]]","[d_ff, d_model]",0,"[[d_model, d_ff]]",[],2,feed_forward,up_proj,2,model.layers.2.feed_forward.up_proj,aten.t.default,[model.layers.2.feed_forward.up_proj.weight],prefill,True,
427,feed_forward,up_proj,,view,"[[B, T, d_model]]",,,"[[B*T, d_model]]",[420],2,feed_forward,up_proj,2,model.layers.2.feed_forward.up_proj,aten.view.default,[],prefill,True,
428,feed_forward,up_proj,,matmul,"[[B*T, d_model], [d_model, d_ff]]","[d_ff, d_model]",1,"[[B*T, d_ff]]","[426, 427]",2,feed_forward,up_proj,2,model.layers.2.feed_forward.up_proj,aten.mm.default,[model.layers.2.feed_forward.up_proj.weight],prefill,False,
429,feed_forward,up_proj,,_unsafe_view,"[[B*T, d_ff]]",,,"[[B, T, d_ff]]",[428],2,feed_forward,up_proj,2,model.layers.2.feed_forward.up_proj,aten._unsafe_view.default,[],prefill,True,
430,feed_forward,,,elementwise_mul,"[[B, T, d_ff], [B, T, d_ff]]",,,"[[B, T, d_ff]]","[425, 429]",2,feed_forward,,1,model.layers.2.feed_forward,aten.mul.Tensor,[],prefill,False,
431,feed_forward,down_proj,,t,"[[d_model, d_ff]]","[d_model, d_ff]",0,"[[d_ff, d_model]]",[],2,feed_forward,down_proj,2,model.layers.2.feed_forward.down_proj,aten.t.default,[model.layers.2.feed_forward.down_proj.weight],prefill,True,
432,feed_forward,down_proj,,view,"[[B, T, d_ff]]",,,"[[B*T, d_ff]]",[430],2,feed_forward,down_proj,2,model.layers.2.feed_forward.down_proj,aten.view.default,[],prefill,True,
433,feed_forward,down_proj,,matmul,"[[B*T, d_ff], [d_ff, d_model]]","[d_model, d_ff]",1,"[[B*T, d_model]]","[431, 432]",2,feed_forward,down_proj,2,model.layers.2.feed_forward.down_proj,aten.mm.default,[model.layers.2.feed_forward.down_proj.weight],prefill,False,
434,feed_forward,down_proj,,_unsafe_view,"[[B*T, d_model]]",,,"[[B, T, d_model]]",[433],2,feed_forward,down_proj,2,model.layers.2.feed_forward.down_proj,aten._unsafe_view.default,[],prefill,True,
435,,,,view,"[[B, T, d_model]]",,,"[[B, T, d_model]]",[434],2,,,0,model.layers.2,aten.view.default,[],prefill,True,
436,,,,elementwise_add,"[[B, T, d_model], [B, T, d_model]]",,,"[[B, T, d_model]]","[412, 435]",2,,,0,model.layers.2,aten.add.Tensor,[],prefill,False,
437,input_layernorm,,,_to_copy,"[[B, T, d_model]]",,,"[[B, T, d_model]]",[436],3,input_layernorm,,1,model.layers.3.input_layernorm,aten._to_copy.default,[],prefill,True,
438,input_layernorm,,,pow,"[[B, T, d_model]]",,,"[[B, T, d_model]]",[437],3,input_layernorm,,1,model.layers.3.input_layernorm,aten.pow.Tensor_Scalar,[],prefill,False,
439,input_layernorm,,,mean,"[[B, T, d_model]]",,,"[[B, T, 1]]",[438],3,input_layernorm,,1,model.layers.3.input_layernorm,aten.mean.dim,[],prefill,False,
440,input_layernorm,,,elementwise_add,"[[B, T, 1]]",,,"[[B, T, 1]]",[439],3,input_layernorm,,1,model.layers.3.input_layernorm,aten.add.Tensor,[],prefill,False,
441,input_layernorm,,,rsqrt,"[[B, T, 1]]",,,"[[B, T, 1]]",[440],3,input_layernorm,,1,model.layers.3.input_layernorm,aten.rsqrt.default,[],prefill,False,
442,input_layernorm,,,elementwise_mul,"[[B, T, d_model], [B, T, 1]]",,,"[[B, T, d_model]]","[437, 441]",3,input_layernorm,,1,model.layers.3.input_layernorm,aten.mul.Tensor,[],prefill,False,
443,input_layernorm,,,_to_copy,"[[B, T, d_model]]",,,"[[B, T, d_model]]",[442],3,input_layernorm,,1,model.layers.3.input_layernorm,aten._to_copy.default,[],prefill,True,
444,input_layernorm,,,elementwise_mul,"[[B, T, d_model], [d_model]]",,,"[[B, T, d_model]]",[443],3,input_layernorm,,1,model.layers.3.input_layernorm,aten.mul.Tensor,[model.layers.3.input_layernorm.weight],prefill,False,
445,self_attn,q_proj,,t,"[[n_h*d_head, d_model]]","[n_h*d_head, d_model]",0,"[[d_model, n_h*d_head]]",[],3,self_attn,q_proj,2,model.layers.3.self_attn.q_proj,aten.t.default,[model.layers.3.self_attn.q_proj.weight],prefill,True,
446,self_attn,q_proj,,view,"[[B, T, d_model]]",,,"[[B*T, d_model]]",[444],3,self_attn,q_proj,2,model.layers.3.self_attn.q_proj,aten.view.default,[],prefill,True,
447,self_attn,q_proj,,matmul,"[[B*T, d_model], [d_model, n_h*d_head]]","[n_h*d_head, d_model]",1,"[[B*T, n_h*d_head]]","[445, 446]",3,self_attn,q_proj,2,model.layers.3.self_attn.q_proj,aten.mm.default,[model.layers.3.self_attn.q_proj.weight],prefill,False,
448,self_attn,q_proj,,_unsafe_view,"[[B*T, n_h*d_head]]",,,"[[B, T, n_h*d_head]]",[447],3,self_attn,q_proj,2,model.layers.3.self_attn.q_proj,aten._unsafe_view.default,[],prefill,True,
449,self_attn,,,view,"[[B, T, n_h*d_head]]",,,"[[B, T, n_h, d_head]]",[448],3,self_attn,,1,model.layers.3.self_attn,aten.view.default,[],prefill,True,
450,self_attn,k_proj,,t,"[[n_kv*d_head, d_model]]","[n_kv*d_head, d_model]",0,"[[d_model, n_kv*d_head]]",[],3,self_attn,k_proj,2,model.layers.3.self_attn.k_proj,aten.t.default,[model.layers.3.self_attn.k_proj.weight],prefill,True,
451,self_attn,k_proj,,view,"[[B, T, d_model]]",,,"[[B*T, d_model]]",[444],3,self_attn,k_proj,2,model.layers.3.self_attn.k_proj,aten.view.default,[],prefill,True,
452,self_attn,k_proj,,matmul,"[[B*T, d_model], [d_model, n_kv*d_head]]","[n_kv*d_head, d_model]",1,"[[B*T, n_kv*d_head]]","[450, 451]",3,self_attn,k_proj,2,model.layers.3.self_attn.k_proj,aten.mm.default,[model.layers.3.self_attn.k_proj.weight],prefill,False,
453,self_attn,k_proj,,_unsafe_view,"[[B*T, n_kv*d_head]]",,,"[[B, T, n_kv*d_head]]",[452],3,self_attn,k_proj,2,model.layers.3.self_attn.k_proj,aten._unsafe_view.default,[],prefill,True,
454,self_attn,,,view,"[[B, T, n_kv*d_head]]",,,"[[B, T, n_kv, d_head]]",[453],3,self_attn,,1,model.layers.3.self_attn,aten.view.default,[],prefill,True,
455,self_attn,v_proj,,t,"[[n_kv*d_head, d_model]]","[n_kv*d_head, d_model]",0,"[[d_model, n_kv*d_head]]",[],3,self_attn,v_proj,2,model.layers.3.self_attn.v_proj,aten.t.default,[model.layers.3.self_attn.v_proj.weight],prefill,True,
456,self_attn,v_proj,,view,"[[B, T, d_model]]",,,"[[B*T, d_model]]",[444],3,self_attn,v_proj,2,model.layers.3.self_attn.v_proj,aten.view.default,[],prefill,True,
457,self_attn,v_proj,,matmul,"[[B*T, d_model], [d_model, n_kv*d_head]]","[n_kv*d_head, d_model]",1,"[[B*T, n_kv*d_head]]","[455, 456]",3,self_attn,v_proj,2,model.layers.3.self_attn.v_proj,aten.mm.default,[model.layers.3.self_attn.v_proj.weight],prefill,False,
458,self_attn,v_proj,,_unsafe_view,"[[B*T, n_kv*d_head]]",,,"[[B, T, n_kv*d_head]]",[457],3,self_attn,v_proj,2,model.layers.3.self_attn.v_proj,aten._unsafe_view.default,[],prefill,True,
459,self_attn,,,view,"[[B, T, n_kv*d_head]]",,,"[[B, T, n_kv, d_head]]",[458],3,self_attn,,1,model.layers.3.self_attn,aten.view.default,[],prefill,True,
460,self_attn,,,transpose,"[[B, T, n_kv, d_head]]",,,"[[B, n_kv, T, d_head]]",[459],3,self_attn,,1,model.layers.3.self_attn,aten.transpose.int,[],prefill,True,
461,self_attn,,,arange,[],,,[[T]],[],3,self_attn,,1,model.layers.3.self_attn,aten.arange.default,[],prefill,True,
462,self_attn,,,elementwise_add,[[T]],,,[[T]],[461],3,self_attn,,1,model.layers.3.self_attn,aten.add.Tensor,[],prefill,False,
463,self_attn,,,_to_copy,[[T]],,,[[T]],[462],3,self_attn,,1,model.layers.3.self_attn,aten._to_copy.default,[],prefill,True,
464,self_attn,,,elementwise_add,[[T]],,,[[T]],[463],3,self_attn,,1,model.layers.3.self_attn,aten.add.Tensor,[],prefill,False,
465,self_attn,,,div,[[T]],,,[[T]],[464],3,self_attn,,1,model.layers.3.self_attn,aten.div.Tensor,[],prefill,True,
466,self_attn,,,floor,[[T]],,,[[T]],[465],3,self_attn,,1,model.layers.3.self_attn,aten.floor.default,[],prefill,True,
467,self_attn,,,log1p,[[T]],,,[[T]],[466],3,self_attn,,1,model.layers.3.self_attn,aten.log1p.default,[],prefill,True,
468,self_attn,,,elementwise_mul,[[T]],,,[[T]],[467],3,self_attn,,1,model.layers.3.self_attn,aten.mul.Tensor,[],prefill,False,
469,self_attn,,,elementwise_add,[[T]],,,[[T]],[468],3,self_attn,,1,model.layers.3.self_attn,aten.add.Tensor,[],prefill,False,
470,self_attn,,,view,[[T]],,,"[[1, T, 1, 1]]",[469],3,self_attn,,1,model.layers.3.self_attn,aten.view.default,[],prefill,True,
471,self_attn,,,expand,"[[1, T, 1, 1]]",,,"[[B, T, 1, 1]]",[470],3,self_attn,,1,model.layers.3.self_attn,aten.expand.default,[],prefill,True,
472,self_attn,,,elementwise_mul,"[[B, T, n_h, d_head], [B, T, 1, 1]]",,,"[[B, T, n_h, d_head]]","[449, 471]",3,self_attn,,1,model.layers.3.self_attn,aten.mul.Tensor,[],prefill,False,
473,self_attn,,,_to_copy,"[[B, T, n_h, d_head]]",,,"[[B, T, n_h, d_head]]",[472],3,self_attn,,1,model.layers.3.self_attn,aten._to_copy.default,[],prefill,True,
474,self_attn,,,transpose,"[[B, T, n_h, d_head]]",,,"[[B, n_h, T, d_head]]",[473],3,self_attn,,1,model.layers.3.self_attn,aten.transpose.int,[],prefill,True,
475,self_attn,,,transpose,"[[B, T, n_kv, d_head]]",,,"[[B, n_kv, T, d_head]]",[454],3,self_attn,,1,model.layers.3.self_attn,aten.transpose.int,[],prefill,True,
476,self_attn,,,concat,"[[0], [B, n_kv, T, d_head]]",,,"[[B, n_kv, T, d_head]]",[475],3,self_attn,,1,model.layers.3.self_attn,aten.cat.default,[],prefill,False,
477,self_attn,,,concat,"[[0], [B, n_kv, T, d_head]]",,,"[[B, n_kv, T, d_head]]",[460],3,self_attn,,1,model.layers.3.self_attn,aten.cat.default,[],prefill,False,
478,self_attn,,,unsqueeze,"[[B, n_kv, T, d_head]]",,,"[[B, n_kv, 1, T, d_head]]",[476],3,self_attn,,1,model.layers.3.self_attn,aten.unsqueeze.default,[],prefill,True,
479,self_attn,,,expand,"[[B, n_kv, 1, T, d_head]]",,,"[[B, n_kv, n_h/n_kv, T, d_head]]",[478],3,self_attn,,1,model.layers.3.self_attn,aten.expand.default,[],prefill,True,
480,self_attn,,,clone,"[[B, n_kv, n_h/n_kv, T, d_head]]",,,"[[B, n_kv, n_h/n_kv, T, d_head]]",[479],3,self_attn,,1,model.layers.3.self_attn,aten.clone.default,[],prefill,True,
481,self_attn,,,_unsafe_view,"[[B, n_kv, n_h/n_kv, T, d_head]]",,,"[[B, n_h, T, d_head]]",[480],3,self_attn,,1,model.layers.3.self_attn,aten._unsafe_view.default,[],prefill,True,
482,self_attn,,,unsqueeze,"[[B, n_kv, T, d_head]]",,,"[[B, n_kv, 1, T, d_head]]",[477],3,self_attn,,1,model.layers.3.self_attn,aten.unsqueeze.default,[],prefill,True,
483,self_attn,,,expand,"[[B, n_kv, 1, T, d_head]]",,,"[[B, n_kv, n_h/n_kv, T, d_head]]",[482],3,self_attn,,1,model.layers.3.self_attn,aten.expand.default,[],prefill,True,
484,self_attn,,,clone,"[[B, n_kv, n_h/n_kv, T, d_head]]",,,"[[B, n_kv, n_h/n_kv, T, d_head]]",[483],3,self_attn,,1,model.layers.3.self_attn,aten.clone.default,[],prefill,True,
485,self_attn,,,_unsafe_view,"[[B, n_kv, n_h/n_kv, T, d_head]]",,,"[[B, n_h, T, d_head]]",[484],3,self_attn,,1,model.layers.3.self_attn,aten._unsafe_view.default,[],prefill,True,
486,self_attn,,,transpose,"[[B, n_h, T, d_head]]",,,"[[B, n_h, d_head, T]]",[481],3,self_attn,,1,model.layers.3.self_attn,aten.transpose.int,[],prefill,True,
487,self_attn,,,expand,"[[B, n_h, T, d_head]]",,,"[[B, n_h, T, d_head]]",[474],3,self_attn,,1,model.layers.3.self_attn,aten.expand.default,[],prefill,True,
488,self_attn,,,clone,"[[B, n_h, T, d_head]]",,,"[[B, n_h, T, d_head]]",[487],3,self_attn,,1,model.layers.3.self_attn,aten.clone.default,[],prefill,True,
489,self_attn,,,_unsafe_view,"[[B, n_h, T, d_head]]",,,"[[B*n_h, T, d_head]]",[488],3,self_attn,,1,model.layers.3.self_attn,aten._unsafe_view.default,[],prefill,True,
490,self_attn,,,expand,"[[B, n_h, d_head, T]]",,,"[[B, n_h, d_head, T]]",[486],3,self_attn,,1,model.layers.3.self_attn,aten.expand.default,[],prefill,True,
491,self_attn,,,view,"[[B, n_h, d_head, T]]",,,"[[B*n_h, d_head, T]]",[490],3,self_attn,,1,model.layers.3.self_attn,aten.view.default,[],prefill,True,
492,self_attn,,,batched_matmul,"[[B*n_h, T, d_head], [B*n_h, d_head, T]]",,,"[[B*n_h, T, T]]","[489, 491]",3,self_attn,,1,model.layers.3.self_attn,aten.bmm.default,[],prefill,False,
493,self_attn,,,_unsafe_view,"[[B*n_h, T, T]]",,,"[[B, n_h, T, T]]",[492],3,self_attn,,1,model.layers.3.self_attn,aten._unsafe_view.default,[],prefill,True,
494,self_attn,,,elementwise_mul,"[[B, n_h, T, T]]",,,"[[B, n_h, T, T]]",[493],3,self_attn,,1,model.layers.3.self_attn,aten.mul.Tensor,[],prefill,False,
495,self_attn,,,elementwise_add,"[[B, n_h, T, T], [B, 1, T, T]]",,,"[[B, n_h, T, T]]","[58, 494]",3,self_attn,,1,model.layers.3.self_attn,aten.add.Tensor,[],prefill,False,
496,self_attn,,,softmax,"[[B, n_h, T, T]]",,,"[[B, n_h, T, T]]",[495],3,self_attn,,1,model.layers.3.self_attn,aten._softmax.default,[],prefill,False,
497,self_attn,,,expand,"[[B, n_h, T, T]]",,,"[[B, n_h, T, T]]",[496],3,self_attn,,1,model.layers.3.self_attn,aten.expand.default,[],prefill,True,
498,self_attn,,,view,"[[B, n_h, T, T]]",,,"[[B*n_h, T, T]]",[497],3,self_attn,,1,model.layers.3.self_attn,aten.view.default,[],prefill,True,
499,self_attn,,,expand,"[[B, n_h, T, d_head]]",,,"[[B, n_h, T, d_head]]",[485],3,self_attn,,1,model.layers.3.self_attn,aten.expand.default,[],prefill,True,
500,self_attn,,,view,"[[B, n_h, T, d_head]]",,,"[[B*n_h, T, d_head]]",[499],3,self_attn,,1,model.layers.3.self_attn,aten.view.default,[],prefill,True,
501,self_attn,,,batched_matmul,"[[B*n_h, T, T], [B*n_h, T, d_head]]",,,"[[B*n_h, T, d_head]]","[498, 500]",3,self_attn,,1,model.layers.3.self_attn,aten.bmm.default,[],prefill,False,
502,self_attn,,,_unsafe_view,"[[B*n_h, T, d_head]]",,,"[[B, n_h, T, d_head]]",[501],3,self_attn,,1,model.layers.3.self_attn,aten._unsafe_view.default,[],prefill,True,
503,self_attn,,,transpose,"[[B, n_h, T, d_head]]",,,"[[B, T, n_h, d_head]]",[502],3,self_attn,,1,model.layers.3.self_attn,aten.transpose.int,[],prefill,True,
504,self_attn,,,clone,"[[B, T, n_h, d_head]]",,,"[[B, T, n_h, d_head]]",[503],3,self_attn,,1,model.layers.3.self_attn,aten.clone.default,[],prefill,True,
505,self_attn,,,view,"[[B, T, n_h, d_head]]",,,"[[B, T, n_h*d_head]]",[504],3,self_attn,,1,model.layers.3.self_attn,aten.view.default,[],prefill,True,
506,self_attn,o_proj,,t,"[[d_model, n_h*d_head]]","[d_model, n_h*d_head]",0,"[[n_h*d_head, d_model]]",[],3,self_attn,o_proj,2,model.layers.3.self_attn.o_proj,aten.t.default,[model.layers.3.self_attn.o_proj.weight],prefill,True,
507,self_attn,o_proj,,view,"[[B, T, n_h*d_head]]",,,"[[B*T, n_h*d_head]]",[505],3,self_attn,o_proj,2,model.layers.3.self_attn.o_proj,aten.view.default,[],prefill,True,
508,self_attn,o_proj,,matmul,"[[B*T, n_h*d_head], [n_h*d_head, d_model]]","[d_model, n_h*d_head]",1,"[[B*T, d_model]]","[506, 507]",3,self_attn,o_proj,2,model.layers.3.self_attn.o_proj,aten.mm.default,[model.layers.3.self_attn.o_proj.weight],prefill,False,
509,self_attn,o_proj,,_unsafe_view,"[[B*T, d_model]]",,,"[[B, T, d_model]]",[508],3,self_attn,o_proj,2,model.layers.3.self_attn.o_proj,aten._unsafe_view.default,[],prefill,True,
510,,,,elementwise_add,"[[B, T, d_model], [B, T, d_model]]",,,"[[B, T, d_model]]","[436, 509]",3,,,0,model.layers.3,aten.add.Tensor,[],prefill,False,
511,post_attention_layernorm,,,_to_copy,"[[B, T, d_model]]",,,"[[B, T, d_model]]",[510],3,post_attention_layernorm,,1,model.layers.3.post_attention_layernorm,aten._to_copy.default,[],prefill,True,
512,post_attention_layernorm,,,pow,"[[B, T, d_model]]",,,"[[B, T, d_model]]",[511],3,post_attention_layernorm,,1,model.layers.3.post_attention_layernorm,aten.pow.Tensor_Scalar,[],prefill,False,
513,post_attention_layernorm,,,mean,"[[B, T, d_model]]",,,"[[B, T, 1]]",[512],3,post_attention_layernorm,,1,model.layers.3.post_attention_layernorm,aten.mean.dim,[],prefill,False,
514,post_attention_layernorm,,,elementwise_add,"[[B, T, 1]]",,,"[[B, T, 1]]",[513],3,post_attention_layernorm,,1,model.layers.3.post_attention_layernorm,aten.add.Tensor,[],prefill,False,
515,post_attention_layernorm,,,rsqrt,"[[B, T, 1]]",,,"[[B, T, 1]]",[514],3,post_attention_layernorm,,1,model.layers.3.post_attention_layernorm,aten.rsqrt.default,[],prefill,False,
516,post_attention_layernorm,,,elementwise_mul,"[[B, T, d_model], [B, T, 1]]",,,"[[B, T, d_model]]","[511, 515]",3,post_attention_layernorm,,1,model.layers.3.post_attention_layernorm,aten.mul.Tensor,[],prefill,False,
517,post_attention_layernorm,,,_to_copy,"[[B, T, d_model]]",,,"[[B, T, d_model]]",[516],3,post_attention_layernorm,,1,model.layers.3.post_attention_layernorm,aten._to_copy.default,[],prefill,True,
518,post_attention_layernorm,,,elementwise_mul,"[[B, T, d_model], [d_model]]",,,"[[B, T, d_model]]",[517],3,post_attention_layernorm,,1,model.layers.3.post_attention_layernorm,aten.mul.Tensor,[model.layers.3.post_attention_layernorm.weight],prefill,False,
519,feed_forward,,,view,"[[B, T, d_model]]",,,"[[B*T, d_model]]",[518],3,feed_forward,,1,model.layers.3.feed_forward,aten.view.default,[],prefill,True,
520,feed_forward,router,,t,"[[E, d_model]]","[E, d_model]",0,"[[d_model, E]]",[],3,feed_forward,router,2,model.layers.3.feed_forward.router,aten.t.default,[model.layers.3.feed_forward.router.weight],prefill,True,
521,feed_forward,router,,matmul,"[[B*T, d_model], [d_model, E]]","[E, d_model]",1,"[[B*T, E]]","[519, 520]",3,feed_forward,router,2,model.layers.3.feed_forward.router,aten.mm.default,[model.layers.3.feed_forward.router.weight],prefill,False,
522,feed_forward,router,,topk,"[[B*T, E]]",,,"[[B*T, 1], [B*T, 1]]",[521],3,feed_forward,router,2,model.layers.3.feed_forward.router,aten.topk.default,[],prefill,False,
523,feed_forward,router,,full_like,"[[B*T, E]]",,,"[[B*T, E]]",[521],3,feed_forward,router,2,model.layers.3.feed_forward.router,aten.full_like.default,[],prefill,True,
524,feed_forward,router,,scatter_,"[[B*T, E], [B*T, 1], [B*T, 1]]",,,"[[B*T, E]]","[522, 523]",3,feed_forward,router,2,model.layers.3.feed_forward.router,aten.scatter_.src,[],prefill,True,
525,feed_forward,router,,_to_copy,"[[B*T, E]]",,,"[[B*T, E]]",[524],3,feed_forward,router,2,model.layers.3.feed_forward.router,aten._to_copy.default,[],prefill,True,
526,feed_forward,router,,sigmoid,"[[B*T, E]]",,,"[[B*T, E]]",[525],3,feed_forward,router,2,model.layers.3.feed_forward.router,aten.sigmoid.default,[],prefill,False,
527,feed_forward,router,,_to_copy,"[[B*T, E]]",,,"[[B*T, E]]",[526],3,feed_forward,router,2,model.layers.3.feed_forward.router,aten._to_copy.default,[],prefill,True,
528,feed_forward,,,repeat,"[[B*T, d_model]]",,,"[[B*E*T, d_model]]",[519],3,feed_forward,,1,model.layers.3.feed_forward,aten.repeat.default,[],prefill,True,
529,feed_forward,,,transpose,"[[B*T, E]]",,,"[[E, B*T]]",[527],3,feed_forward,,1,model.layers.3.feed_forward,aten.transpose.int,[],prefill,True,
530,feed_forward,,,clone,"[[E, B*T]]",,,"[[E, B*T]]",[529],3,feed_forward,,1,model.layers.3.feed_forward,aten.clone.default,[],prefill,True,
531,feed_forward,,,_unsafe_view,"[[E, B*T]]",,,"[[B*E*T, 1]]",[530],3,feed_forward,,1,model.layers.3.feed_forward,aten._unsafe_view.default,[],prefill,True,
532,feed_forward,,,elementwise_mul,"[[B*E*T, d_model], [B*E*T, 1]]",,,"[[B*E*T, d_model]]","[528, 531]",3,feed_forward,,1,model.layers.3.feed_forward,aten.mul.Tensor,[],prefill,False,
533,feed_forward,experts,,view,"[[B*E*T, d_model]]",,,"[[E, B*T, d_model]]",[532],3,feed_forward,experts,2,model.layers.3.feed_forward.experts,aten.view.default,[],prefill,True,
534,feed_forward,experts,,batched_matmul,"[[E, B*T, d_model], [E, d_model, 2*d_moe]]","[E, d_model, 2*d_moe]",1,"[[E, B*T, 2*d_moe]]",[533],3,feed_forward,experts,2,model.layers.3.feed_forward.experts,aten.bmm.default,[model.layers.3.feed_forward.experts.gate_up_proj],prefill,False,
535,feed_forward,experts,,split,"[[E, B*T, 2*d_moe]]",,,"[[E, B*T, d_moe], [E, B*T, d_moe]]",[534],3,feed_forward,experts,2,model.layers.3.feed_forward.experts,aten.split.Tensor,[],prefill,True,
536,feed_forward,experts,act_fn,silu,"[[E, B*T, d_moe]]",,,"[[E, B*T, d_moe]]",[535],3,feed_forward,experts,3,model.layers.3.feed_forward.experts.act_fn,aten.silu.default,[],prefill,False,
537,feed_forward,experts,,elementwise_mul,"[[E, B*T, d_moe], [E, B*T, d_moe]]",,,"[[E, B*T, d_moe]]","[535, 536]",3,feed_forward,experts,2,model.layers.3.feed_forward.experts,aten.mul.Tensor,[],prefill,False,
538,feed_forward,experts,,batched_matmul,"[[E, B*T, d_moe], [E, d_moe, d_model]]","[E, d_moe, d_model]",1,"[[E, B*T, d_model]]",[537],3,feed_forward,experts,2,model.layers.3.feed_forward.experts,aten.bmm.default,[model.layers.3.feed_forward.experts.down_proj],prefill,False,
539,feed_forward,experts,,view,"[[E, B*T, d_model]]",,,"[[B*E*T, d_model]]",[538],3,feed_forward,experts,2,model.layers.3.feed_forward.experts,aten.view.default,[],prefill,True,
540,feed_forward,shared_expert,gate_proj,t,"[[d_moe, d_model]]","[d_moe, d_model]",0,"[[d_model, d_moe]]",[],3,feed_forward,shared_expert,3,model.layers.3.feed_forward.shared_expert.gate_proj,aten.t.default,[model.layers.3.feed_forward.shared_expert.gate_proj.weight],prefill,True,
541,feed_forward,shared_expert,gate_proj,matmul,"[[B*T, d_model], [d_model, d_moe]]","[d_moe, d_model]",1,"[[B*T, d_moe]]","[519, 540]",3,feed_forward,shared_expert,3,model.layers.3.feed_forward.shared_expert.gate_proj,aten.mm.default,[model.layers.3.feed_forward.shared_expert.gate_proj.weight],prefill,False,
542,feed_forward,shared_expert,activation_fn,silu,"[[B*T, d_moe]]",,,"[[B*T, d_moe]]",[541],3,feed_forward,shared_expert,3,model.layers.3.feed_forward.shared_expert.activation_fn,aten.silu.default,[],prefill,False,
543,feed_forward,shared_expert,up_proj,t,"[[d_moe, d_model]]","[d_moe, d_model]",0,"[[d_model, d_moe]]",[],3,feed_forward,shared_expert,3,model.layers.3.feed_forward.shared_expert.up_proj,aten.t.default,[model.layers.3.feed_forward.shared_expert.up_proj.weight],prefill,True,
544,feed_forward,shared_expert,up_proj,matmul,"[[B*T, d_model], [d_model, d_moe]]","[d_moe, d_model]",1,"[[B*T, d_moe]]","[519, 543]",3,feed_forward,shared_expert,3,model.layers.3.feed_forward.shared_expert.up_proj,aten.mm.default,[model.layers.3.feed_forward.shared_expert.up_proj.weight],prefill,False,
545,feed_forward,shared_expert,,elementwise_mul,"[[B*T, d_moe], [B*T, d_moe]]",,,"[[B*T, d_moe]]","[542, 544]",3,feed_forward,shared_expert,2,model.layers.3.feed_forward.shared_expert,aten.mul.Tensor,[],prefill,False,
546,feed_forward,shared_expert,down_proj,t,"[[d_model, d_moe]]","[d_model, d_moe]",0,"[[d_moe, d_model]]",[],3,feed_forward,shared_expert,3,model.layers.3.feed_forward.shared_expert.down_proj,aten.t.default,[model.layers.3.feed_forward.shared_expert.down_proj.weight],prefill,True,
547,feed_forward,shared_expert,down_proj,matmul,"[[B*T, d_moe], [d_moe, d_model]]","[d_model, d_moe]",1,"[[B*T, d_model]]","[545, 546]",3,feed_forward,shared_expert,3,model.layers.3.feed_forward.shared_expert.down_proj,aten.mm.default,[model.layers.3.feed_forward.shared_expert.down_proj.weight],prefill,False,
548,feed_forward,,,view,"[[B*E*T, d_model]]",,,"[[E, B*T, d_model]]",[539],3,feed_forward,,1,model.layers.3.feed_forward,aten.view.default,[],prefill,True,
549,feed_forward,,,sum,"[[E, B*T, d_model]]",,,"[[B*T, d_model]]",[548],3,feed_forward,,1,model.layers.3.feed_forward,aten.sum.dim_IntList,[],prefill,True,
550,feed_forward,,,add_,"[[B*T, d_model], [B*T, d_model]]",,,"[[B*T, d_model]]","[547, 549]",3,feed_forward,,1,model.layers.3.feed_forward,aten.add_.Tensor,[],prefill,True,
551,,,,view,"[[B*T, d_model]]",,,"[[B, T, d_model]]",[550],3,,,0,model.layers.3,aten.view.default,[],prefill,True,
552,,,,elementwise_add,"[[B, T, d_model], [B, T, d_model]]",,,"[[B, T, d_model]]","[510, 551]",3,,,0,model.layers.3,aten.add.Tensor,[],prefill,False,
553,input_layernorm,,,_to_copy,"[[B, T, d_model]]",,,"[[B, T, d_model]]",[552],4,input_layernorm,,1,model.layers.4.input_layernorm,aten._to_copy.default,[],prefill,True,
554,input_layernorm,,,pow,"[[B, T, d_model]]",,,"[[B, T, d_model]]",[553],4,input_layernorm,,1,model.layers.4.input_layernorm,aten.pow.Tensor_Scalar,[],prefill,False,
555,input_layernorm,,,mean,"[[B, T, d_model]]",,,"[[B, T, 1]]",[554],4,input_layernorm,,1,model.layers.4.input_layernorm,aten.mean.dim,[],prefill,False,
556,input_layernorm,,,elementwise_add,"[[B, T, 1]]",,,"[[B, T, 1]]",[555],4,input_layernorm,,1,model.layers.4.input_layernorm,aten.add.Tensor,[],prefill,False,
557,input_layernorm,,,rsqrt,"[[B, T, 1]]",,,"[[B, T, 1]]",[556],4,input_layernorm,,1,model.layers.4.input_layernorm,aten.rsqrt.default,[],prefill,False,
558,input_layernorm,,,elementwise_mul,"[[B, T, d_model], [B, T, 1]]",,,"[[B, T, d_model]]","[553, 557]",4,input_layernorm,,1,model.layers.4.input_layernorm,aten.mul.Tensor,[],prefill,False,
559,input_layernorm,,,_to_copy,"[[B, T, d_model]]",,,"[[B, T, d_model]]",[558],4,input_layernorm,,1,model.layers.4.input_layernorm,aten._to_copy.default,[],prefill,True,
560,input_layernorm,,,elementwise_mul,"[[B, T, d_model], [d_model]]",,,"[[B, T, d_model]]",[559],4,input_layernorm,,1,model.layers.4.input_layernorm,aten.mul.Tensor,[model.layers.4.input_layernorm.weight],prefill,False,
561,self_attn,q_proj,,t,"[[n_h*d_head, d_model]]","[n_h*d_head, d_model]",0,"[[d_model, n_h*d_head]]",[],4,self_attn,q_proj,2,model.layers.4.self_attn.q_proj,aten.t.default,[model.layers.4.self_attn.q_proj.weight],prefill,True,
562,self_attn,q_proj,,view,"[[B, T, d_model]]",,,"[[B*T, d_model]]",[560],4,self_attn,q_proj,2,model.layers.4.self_attn.q_proj,aten.view.default,[],prefill,True,
563,self_attn,q_proj,,matmul,"[[B*T, d_model], [d_model, n_h*d_head]]","[n_h*d_head, d_model]",1,"[[B*T, n_h*d_head]]","[561, 562]",4,self_attn,q_proj,2,model.layers.4.self_attn.q_proj,aten.mm.default,[model.layers.4.self_attn.q_proj.weight],prefill,False,
564,self_attn,q_proj,,_unsafe_view,"[[B*T, n_h*d_head]]",,,"[[B, T, n_h*d_head]]",[563],4,self_attn,q_proj,2,model.layers.4.self_attn.q_proj,aten._unsafe_view.default,[],prefill,True,
565,self_attn,,,view,"[[B, T, n_h*d_head]]",,,"[[B, T, n_h, d_head]]",[564],4,self_attn,,1,model.layers.4.self_attn,aten.view.default,[],prefill,True,
566,self_attn,k_proj,,t,"[[n_kv*d_head, d_model]]","[n_kv*d_head, d_model]",0,"[[d_model, n_kv*d_head]]",[],4,self_attn,k_proj,2,model.layers.4.self_attn.k_proj,aten.t.default,[model.layers.4.self_attn.k_proj.weight],prefill,True,
567,self_attn,k_proj,,view,"[[B, T, d_model]]",,,"[[B*T, d_model]]",[560],4,self_attn,k_proj,2,model.layers.4.self_attn.k_proj,aten.view.default,[],prefill,True,
568,self_attn,k_proj,,matmul,"[[B*T, d_model], [d_model, n_kv*d_head]]","[n_kv*d_head, d_model]",1,"[[B*T, n_kv*d_head]]","[566, 567]",4,self_attn,k_proj,2,model.layers.4.self_attn.k_proj,aten.mm.default,[model.layers.4.self_attn.k_proj.weight],prefill,False,
569,self_attn,k_proj,,_unsafe_view,"[[B*T, n_kv*d_head]]",,,"[[B, T, n_kv*d_head]]",[568],4,self_attn,k_proj,2,model.layers.4.self_attn.k_proj,aten._unsafe_view.default,[],prefill,True,
570,self_attn,,,view,"[[B, T, n_kv*d_head]]",,,"[[B, T, n_kv, d_head]]",[569],4,self_attn,,1,model.layers.4.self_attn,aten.view.default,[],prefill,True,
571,self_attn,v_proj,,t,"[[n_kv*d_head, d_model]]","[n_kv*d_head, d_model]",0,"[[d_model, n_kv*d_head]]",[],4,self_attn,v_proj,2,model.layers.4.self_attn.v_proj,aten.t.default,[model.layers.4.self_attn.v_proj.weight],prefill,True,
572,self_attn,v_proj,,view,"[[B, T, d_model]]",,,"[[B*T, d_model]]",[560],4,self_attn,v_proj,2,model.layers.4.self_attn.v_proj,aten.view.default,[],prefill,True,
573,self_attn,v_proj,,matmul,"[[B*T, d_model], [d_model, n_kv*d_head]]","[n_kv*d_head, d_model]",1,"[[B*T, n_kv*d_head]]","[571, 572]",4,self_attn,v_proj,2,model.layers.4.self_attn.v_proj,aten.mm.default,[model.layers.4.self_attn.v_proj.weight],prefill,False,
574,self_attn,v_proj,,_unsafe_view,"[[B*T, n_kv*d_head]]",,,"[[B, T, n_kv*d_head]]",[573],4,self_attn,v_proj,2,model.layers.4.self_attn.v_proj,aten._unsafe_view.default,[],prefill,True,
575,self_attn,,,view,"[[B, T, n_kv*d_head]]",,,"[[B, T, n_kv, d_head]]",[574],4,self_attn,,1,model.layers.4.self_attn,aten.view.default,[],prefill,True,
576,self_attn,,,transpose,"[[B, T, n_kv, d_head]]",,,"[[B, n_kv, T, d_head]]",[575],4,self_attn,,1,model.layers.4.self_attn,aten.transpose.int,[],prefill,True,
577,self_attn,,,_to_copy,"[[B, T, n_h, d_head]]",,,"[[B, T, n_h, d_head]]",[565],4,self_attn,,1,model.layers.4.self_attn,aten._to_copy.default,[],prefill,True,
578,self_attn,,,view,"[[B, T, n_h, d_head]]",,,"[[B, T, n_h, d_head/2, 2]]",[577],4,self_attn,,1,model.layers.4.self_attn,aten.view.default,[],prefill,True,
579,self_attn,,,view_as_complex,"[[B, T, n_h, d_head/2, 2]]",,,"[[B, T, n_h, d_head/2]]",[578],4,self_attn,,1,model.layers.4.self_attn,aten.view_as_complex.default,[],prefill,True,
580,self_attn,,,_to_copy,"[[B, T, n_kv, d_head]]",,,"[[B, T, n_kv, d_head]]",[570],4,self_attn,,1,model.layers.4.self_attn,aten._to_copy.default,[],prefill,True,
581,self_attn,,,view,"[[B, T, n_kv, d_head]]",,,"[[B, T, n_kv, d_head/2, 2]]",[580],4,self_attn,,1,model.layers.4.self_attn,aten.view.default,[],prefill,True,
582,self_attn,,,view_as_complex,"[[B, T, n_kv, d_head/2, 2]]",,,"[[B, T, n_kv, d_head/2]]",[581],4,self_attn,,1,model.layers.4.self_attn,aten.view_as_complex.default,[],prefill,True,
583,self_attn,,,unsqueeze,"[[B, T, d_head/2]]",,,"[[B, T, 1, d_head/2]]",[106],4,self_attn,,1,model.layers.4.self_attn,aten.unsqueeze.default,[],prefill,True,
584,self_attn,,,elementwise_mul,"[[B, T, n_h, d_head/2], [B, T, 1, d_head/2]]",,,"[[B, T, n_h, d_head/2]]","[579, 583]",4,self_attn,,1,model.layers.4.self_attn,aten.mul.Tensor,[],prefill,False,
585,self_attn,,,view_as_real,"[[B, T, n_h, d_head/2]]",,,"[[B, T, n_h, d_head/2, 2]]",[584],4,self_attn,,1,model.layers.4.self_attn,aten.view_as_real.default,[],prefill,True,
586,self_attn,,,view,"[[B, T, n_h, d_head/2, 2]]",,,"[[B, T, n_h, d_head]]",[585],4,self_attn,,1,model.layers.4.self_attn,aten.view.default,[],prefill,True,
587,self_attn,,,unsqueeze,"[[B, T, d_head/2]]",,,"[[B, T, 1, d_head/2]]",[106],4,self_attn,,1,model.layers.4.self_attn,aten.unsqueeze.default,[],prefill,True,
588,self_attn,,,elementwise_mul,"[[B, T, n_kv, d_head/2], [B, T, 1, d_head/2]]",,,"[[B, T, n_kv, d_head/2]]","[582, 587]",4,self_attn,,1,model.layers.4.self_attn,aten.mul.Tensor,[],prefill,False,
589,self_attn,,,view_as_real,"[[B, T, n_kv, d_head/2]]",,,"[[B, T, n_kv, d_head/2, 2]]",[588],4,self_attn,,1,model.layers.4.self_attn,aten.view_as_real.default,[],prefill,True,
590,self_attn,,,view,"[[B, T, n_kv, d_head/2, 2]]",,,"[[B, T, n_kv, d_head]]",[589],4,self_attn,,1,model.layers.4.self_attn,aten.view.default,[],prefill,True,
591,self_attn,,,_to_copy,"[[B, T, n_h, d_head]]",,,"[[B, T, n_h, d_head]]",[586],4,self_attn,,1,model.layers.4.self_attn,aten._to_copy.default,[],prefill,True,
592,self_attn,,,_to_copy,"[[B, T, n_kv, d_head]]",,,"[[B, T, n_kv, d_head]]",[590],4,self_attn,,1,model.layers.4.self_attn,aten._to_copy.default,[],prefill,True,
593,self_attn,,,transpose,"[[B, T, n_h, d_head]]",,,"[[B, n_h, T, d_head]]",[591],4,self_attn,,1,model.layers.4.self_attn,aten.transpose.int,[],prefill,True,
594,self_attn,,,transpose,"[[B, T, n_kv, d_head]]",,,"[[B, n_kv, T, d_head]]",[592],4,self_attn,,1,model.layers.4.self_attn,aten.transpose.int,[],prefill,True,
595,self_attn,,,_to_copy,[[]],,,[[]],[4],4,self_attn,,1,model.layers.4.self_attn,aten._to_copy.default,[],prefill,True,
596,self_attn,,,concat,"[[0], [B, n_kv, T, d_head]]",,,"[[B, n_kv, T, d_head]]",[594],4,self_attn,,1,model.layers.4.self_attn,aten.cat.default,[],prefill,False,
597,self_attn,,,concat,"[[0], [B, n_kv, T, d_head]]",,,"[[B, n_kv, T, d_head]]",[576],4,self_attn,,1,model.layers.4.self_attn,aten.cat.default,[],prefill,False,
598,self_attn,,,slice,"[[B, n_kv, T, d_head]]",,,"[[B, n_kv, T, d_head]]",[596],4,self_attn,,1,model.layers.4.self_attn,aten.slice.Tensor,[],prefill,True,
599,self_attn,,,slice,"[[B, n_kv, T, d_head]]",,,"[[B, n_kv, T, d_head]]",[597],4,self_attn,,1,model.layers.4.self_attn,aten.slice.Tensor,[],prefill,True,
600,self_attn,,,unsqueeze,"[[B, n_kv, T, d_head]]",,,"[[B, n_kv, 1, T, d_head]]",[596],4,self_attn,,1,model.layers.4.self_attn,aten.unsqueeze.default,[],prefill,True,
601,self_attn,,,expand,"[[B, n_kv, 1, T, d_head]]",,,"[[B, n_kv, n_h/n_kv, T, d_head]]",[600],4,self_attn,,1,model.layers.4.self_attn,aten.expand.default,[],prefill,True,
602,self_attn,,,clone,"[[B, n_kv, n_h/n_kv, T, d_head]]",,,"[[B, n_kv, n_h/n_kv, T, d_head]]",[601],4,self_attn,,1,model.layers.4.self_attn,aten.clone.default,[],prefill,True,
603,self_attn,,,_unsafe_view,"[[B, n_kv, n_h/n_kv, T, d_head]]",,,"[[B, n_h, T, d_head]]",[602],4,self_attn,,1,model.layers.4.self_attn,aten._unsafe_view.default,[],prefill,True,
604,self_attn,,,unsqueeze,"[[B, n_kv, T, d_head]]",,,"[[B, n_kv, 1, T, d_head]]",[597],4,self_attn,,1,model.layers.4.self_attn,aten.unsqueeze.default,[],prefill,True,
605,self_attn,,,expand,"[[B, n_kv, 1, T, d_head]]",,,"[[B, n_kv, n_h/n_kv, T, d_head]]",[604],4,self_attn,,1,model.layers.4.self_attn,aten.expand.default,[],prefill,True,
606,self_attn,,,clone,"[[B, n_kv, n_h/n_kv, T, d_head]]",,,"[[B, n_kv, n_h/n_kv, T, d_head]]",[605],4,self_attn,,1,model.layers.4.self_attn,aten.clone.default,[],prefill,True,
607,self_attn,,,_unsafe_view,"[[B, n_kv, n_h/n_kv, T, d_head]]",,,"[[B, n_h, T, d_head]]",[606],4,self_attn,,1,model.layers.4.self_attn,aten._unsafe_view.default,[],prefill,True,
608,self_attn,,,transpose,"[[B, n_h, T, d_head]]",,,"[[B, n_h, d_head, T]]",[603],4,self_attn,,1,model.layers.4.self_attn,aten.transpose.int,[],prefill,True,
609,self_attn,,,expand,"[[B, n_h, T, d_head]]",,,"[[B, n_h, T, d_head]]",[593],4,self_attn,,1,model.layers.4.self_attn,aten.expand.default,[],prefill,True,
610,self_attn,,,clone,"[[B, n_h, T, d_head]]",,,"[[B, n_h, T, d_head]]",[609],4,self_attn,,1,model.layers.4.self_attn,aten.clone.default,[],prefill,True,
611,self_attn,,,_unsafe_view,"[[B, n_h, T, d_head]]",,,"[[B*n_h, T, d_head]]",[610],4,self_attn,,1,model.layers.4.self_attn,aten._unsafe_view.default,[],prefill,True,
612,self_attn,,,expand,"[[B, n_h, d_head, T]]",,,"[[B, n_h, d_head, T]]",[608],4,self_attn,,1,model.layers.4.self_attn,aten.expand.default,[],prefill,True,
613,self_attn,,,view,"[[B, n_h, d_head, T]]",,,"[[B*n_h, d_head, T]]",[612],4,self_attn,,1,model.layers.4.self_attn,aten.view.default,[],prefill,True,
614,self_attn,,,batched_matmul,"[[B*n_h, T, d_head], [B*n_h, d_head, T]]",,,"[[B*n_h, T, T]]","[611, 613]",4,self_attn,,1,model.layers.4.self_attn,aten.bmm.default,[],prefill,False,
615,self_attn,,,_unsafe_view,"[[B*n_h, T, T]]",,,"[[B, n_h, T, T]]",[614],4,self_attn,,1,model.layers.4.self_attn,aten._unsafe_view.default,[],prefill,True,
616,self_attn,,,elementwise_mul,"[[B, n_h, T, T]]",,,"[[B, n_h, T, T]]",[615],4,self_attn,,1,model.layers.4.self_attn,aten.mul.Tensor,[],prefill,False,
617,self_attn,,,elementwise_add,"[[B, n_h, T, T], [B, 1, T, T]]",,,"[[B, n_h, T, T]]","[91, 616]",4,self_attn,,1,model.layers.4.self_attn,aten.add.Tensor,[],prefill,False,
618,self_attn,,,softmax,"[[B, n_h, T, T]]",,,"[[B, n_h, T, T]]",[617],4,self_attn,,1,model.layers.4.self_attn,aten._softmax.default,[],prefill,False,
619,self_attn,,,expand,"[[B, n_h, T, T]]",,,"[[B, n_h, T, T]]",[618],4,self_attn,,1,model.layers.4.self_attn,aten.expand.default,[],prefill,True,
620,self_attn,,,view,"[[B, n_h, T, T]]",,,"[[B*n_h, T, T]]",[619],4,self_attn,,1,model.layers.4.self_attn,aten.view.default,[],prefill,True,
621,self_attn,,,expand,"[[B, n_h, T, d_head]]",,,"[[B, n_h, T, d_head]]",[607],4,self_attn,,1,model.layers.4.self_attn,aten.expand.default,[],prefill,True,
622,self_attn,,,view,"[[B, n_h, T, d_head]]",,,"[[B*n_h, T, d_head]]",[621],4,self_attn,,1,model.layers.4.self_attn,aten.view.default,[],prefill,True,
623,self_attn,,,batched_matmul,"[[B*n_h, T, T], [B*n_h, T, d_head]]",,,"[[B*n_h, T, d_head]]","[620, 622]",4,self_attn,,1,model.layers.4.self_attn,aten.bmm.default,[],prefill,False,
624,self_attn,,,_unsafe_view,"[[B*n_h, T, d_head]]",,,"[[B, n_h, T, d_head]]",[623],4,self_attn,,1,model.layers.4.self_attn,aten._unsafe_view.default,[],prefill,True,
625,self_attn,,,transpose,"[[B, n_h, T, d_head]]",,,"[[B, T, n_h, d_head]]",[624],4,self_attn,,1,model.layers.4.self_attn,aten.transpose.int,[],prefill,True,
626,self_attn,,,clone,"[[B, T, n_h, d_head]]",,,"[[B, T, n_h, d_head]]",[625],4,self_attn,,1,model.layers.4.self_attn,aten.clone.default,[],prefill,True,
627,self_attn,,,view,"[[B, T, n_h, d_head]]",,,"[[B, T, n_h*d_head]]",[626],4,self_attn,,1,model.layers.4.self_attn,aten.view.default,[],prefill,True,
628,self_attn,o_proj,,t,"[[d_model, n_h*d_head]]","[d_model, n_h*d_head]",0,"[[n_h*d_head, d_model]]",[],4,self_attn,o_proj,2,model.layers.4.self_attn.o_proj,aten.t.default,[model.layers.4.self_attn.o_proj.weight],prefill,True,
629,self_attn,o_proj,,view,"[[B, T, n_h*d_head]]",,,"[[B*T, n_h*d_head]]",[627],4,self_attn,o_proj,2,model.layers.4.self_attn.o_proj,aten.view.default,[],prefill,True,
630,self_attn,o_proj,,matmul,"[[B*T, n_h*d_head], [n_h*d_head, d_model]]","[d_model, n_h*d_head]",1,"[[B*T, d_model]]","[628, 629]",4,self_attn,o_proj,2,model.layers.4.self_attn.o_proj,aten.mm.default,[model.layers.4.self_attn.o_proj.weight],prefill,False,
631,self_attn,o_proj,,_unsafe_view,"[[B*T, d_model]]",,,"[[B, T, d_model]]",[630],4,self_attn,o_proj,2,model.layers.4.self_attn.o_proj,aten._unsafe_view.default,[],prefill,True,
632,,,,elementwise_add,"[[B, T, d_model], [B, T, d_model]]",,,"[[B, T, d_model]]","[552, 631]",4,,,0,model.layers.4,aten.add.Tensor,[],prefill,False,
633,post_attention_layernorm,,,_to_copy,"[[B, T, d_model]]",,,"[[B, T, d_model]]",[632],4,post_attention_layernorm,,1,model.layers.4.post_attention_layernorm,aten._to_copy.default,[],prefill,True,
634,post_attention_layernorm,,,pow,"[[B, T, d_model]]",,,"[[B, T, d_model]]",[633],4,post_attention_layernorm,,1,model.layers.4.post_attention_layernorm,aten.pow.Tensor_Scalar,[],prefill,False,
635,post_attention_layernorm,,,mean,"[[B, T, d_model]]",,,"[[B, T, 1]]",[634],4,post_attention_layernorm,,1,model.layers.4.post_attention_layernorm,aten.mean.dim,[],prefill,False,
636,post_attention_layernorm,,,elementwise_add,"[[B, T, 1]]",,,"[[B, T, 1]]",[635],4,post_attention_layernorm,,1,model.layers.4.post_attention_layernorm,aten.add.Tensor,[],prefill,False,
637,post_attention_layernorm,,,rsqrt,"[[B, T, 1]]",,,"[[B, T, 1]]",[636],4,post_attention_layernorm,,1,model.layers.4.post_attention_layernorm,aten.rsqrt.default,[],prefill,False,
638,post_attention_layernorm,,,elementwise_mul,"[[B, T, d_model], [B, T, 1]]",,,"[[B, T, d_model]]","[633, 637]",4,post_attention_layernorm,,1,model.layers.4.post_attention_layernorm,aten.mul.Tensor,[],prefill,False,
639,post_attention_layernorm,,,_to_copy,"[[B, T, d_model]]",,,"[[B, T, d_model]]",[638],4,post_attention_layernorm,,1,model.layers.4.post_attention_layernorm,aten._to_copy.default,[],prefill,True,
640,post_attention_layernorm,,,elementwise_mul,"[[B, T, d_model], [d_model]]",,,"[[B, T, d_model]]",[639],4,post_attention_layernorm,,1,model.layers.4.post_attention_layernorm,aten.mul.Tensor,[model.layers.4.post_attention_layernorm.weight],prefill,False,
641,feed_forward,gate_proj,,t,"[[d_ff, d_model]]","[d_ff, d_model]",0,"[[d_model, d_ff]]",[],4,feed_forward,gate_proj,2,model.layers.4.feed_forward.gate_proj,aten.t.default,[model.layers.4.feed_forward.gate_proj.weight],prefill,True,
642,feed_forward,gate_proj,,view,"[[B, T, d_model]]",,,"[[B*T, d_model]]",[640],4,feed_forward,gate_proj,2,model.layers.4.feed_forward.gate_proj,aten.view.default,[],prefill,True,
643,feed_forward,gate_proj,,matmul,"[[B*T, d_model], [d_model, d_ff]]","[d_ff, d_model]",1,"[[B*T, d_ff]]","[641, 642]",4,feed_forward,gate_proj,2,model.layers.4.feed_forward.gate_proj,aten.mm.default,[model.layers.4.feed_forward.gate_proj.weight],prefill,False,
644,feed_forward,gate_proj,,_unsafe_view,"[[B*T, d_ff]]",,,"[[B, T, d_ff]]",[643],4,feed_forward,gate_proj,2,model.layers.4.feed_forward.gate_proj,aten._unsafe_view.default,[],prefill,True,
645,feed_forward,activation_fn,,silu,"[[B, T, d_ff]]",,,"[[B, T, d_ff]]",[644],4,feed_forward,activation_fn,2,model.layers.4.feed_forward.activation_fn,aten.silu.default,[],prefill,False,
646,feed_forward,up_proj,,t,"[[d_ff, d_model]]","[d_ff, d_model]",0,"[[d_model, d_ff]]",[],4,feed_forward,up_proj,2,model.layers.4.feed_forward.up_proj,aten.t.default,[model.layers.4.feed_forward.up_proj.weight],prefill,True,
647,feed_forward,up_proj,,view,"[[B, T, d_model]]",,,"[[B*T, d_model]]",[640],4,feed_forward,up_proj,2,model.layers.4.feed_forward.up_proj,aten.view.default,[],prefill,True,
648,feed_forward,up_proj,,matmul,"[[B*T, d_model], [d_model, d_ff]]","[d_ff, d_model]",1,"[[B*T, d_ff]]","[646, 647]",4,feed_forward,up_proj,2,model.layers.4.feed_forward.up_proj,aten.mm.default,[model.layers.4.feed_forward.up_proj.weight],prefill,False,
649,feed_forward,up_proj,,_unsafe_view,"[[B*T, d_ff]]",,,"[[B, T, d_ff]]",[648],4,feed_forward,up_proj,2,model.layers.4.feed_forward.up_proj,aten._unsafe_view.default,[],prefill,True,
650,feed_forward,,,elementwise_mul,"[[B, T, d_ff], [B, T, d_ff]]",,,"[[B, T, d_ff]]","[645, 649]",4,feed_forward,,1,model.layers.4.feed_forward,aten.mul.Tensor,[],prefill,False,
651,feed_forward,down_proj,,t,"[[d_model, d_ff]]","[d_model, d_ff]",0,"[[d_ff, d_model]]",[],4,feed_forward,down_proj,2,model.layers.4.feed_forward.down_proj,aten.t.default,[model.layers.4.feed_forward.down_proj.weight],prefill,True,
652,feed_forward,down_proj,,view,"[[B, T, d_ff]]",,,"[[B*T, d_ff]]",[650],4,feed_forward,down_proj,2,model.layers.4.feed_forward.down_proj,aten.view.default,[],prefill,True,
653,feed_forward,down_proj,,matmul,"[[B*T, d_ff], [d_ff, d_model]]","[d_model, d_ff]",1,"[[B*T, d_model]]","[651, 652]",4,feed_forward,down_proj,2,model.layers.4.feed_forward.down_proj,aten.mm.default,[model.layers.4.feed_forward.down_proj.weight],prefill,False,
654,feed_forward,down_proj,,_unsafe_view,"[[B*T, d_model]]",,,"[[B, T, d_model]]",[653],4,feed_forward,down_proj,2,model.layers.4.feed_forward.down_proj,aten._unsafe_view.default,[],prefill,True,
655,,,,view,"[[B, T, d_model]]",,,"[[B, T, d_model]]",[654],4,,,0,model.layers.4,aten.view.default,[],prefill,True,
656,,,,elementwise_add,"[[B, T, d_model], [B, T, d_model]]",,,"[[B, T, d_model]]","[632, 655]",4,,,0,model.layers.4,aten.add.Tensor,[],prefill,False,
657,input_layernorm,,,_to_copy,"[[B, T, d_model]]",,,"[[B, T, d_model]]",[656],5,input_layernorm,,1,model.layers.5.input_layernorm,aten._to_copy.default,[],prefill,True,
658,input_layernorm,,,pow,"[[B, T, d_model]]",,,"[[B, T, d_model]]",[657],5,input_layernorm,,1,model.layers.5.input_layernorm,aten.pow.Tensor_Scalar,[],prefill,False,
659,input_layernorm,,,mean,"[[B, T, d_model]]",,,"[[B, T, 1]]",[658],5,input_layernorm,,1,model.layers.5.input_layernorm,aten.mean.dim,[],prefill,False,
660,input_layernorm,,,elementwise_add,"[[B, T, 1]]",,,"[[B, T, 1]]",[659],5,input_layernorm,,1,model.layers.5.input_layernorm,aten.add.Tensor,[],prefill,False,
661,input_layernorm,,,rsqrt,"[[B, T, 1]]",,,"[[B, T, 1]]",[660],5,input_layernorm,,1,model.layers.5.input_layernorm,aten.rsqrt.default,[],prefill,False,
662,input_layernorm,,,elementwise_mul,"[[B, T, d_model], [B, T, 1]]",,,"[[B, T, d_model]]","[657, 661]",5,input_layernorm,,1,model.layers.5.input_layernorm,aten.mul.Tensor,[],prefill,False,
663,input_layernorm,,,_to_copy,"[[B, T, d_model]]",,,"[[B, T, d_model]]",[662],5,input_layernorm,,1,model.layers.5.input_layernorm,aten._to_copy.default,[],prefill,True,
664,input_layernorm,,,elementwise_mul,"[[B, T, d_model], [d_model]]",,,"[[B, T, d_model]]",[663],5,input_layernorm,,1,model.layers.5.input_layernorm,aten.mul.Tensor,[model.layers.5.input_layernorm.weight],prefill,False,
665,self_attn,q_proj,,t,"[[n_h*d_head, d_model]]","[n_h*d_head, d_model]",0,"[[d_model, n_h*d_head]]",[],5,self_attn,q_proj,2,model.layers.5.self_attn.q_proj,aten.t.default,[model.layers.5.self_attn.q_proj.weight],prefill,True,
666,self_attn,q_proj,,view,"[[B, T, d_model]]",,,"[[B*T, d_model]]",[664],5,self_attn,q_proj,2,model.layers.5.self_attn.q_proj,aten.view.default,[],prefill,True,
667,self_attn,q_proj,,matmul,"[[B*T, d_model], [d_model, n_h*d_head]]","[n_h*d_head, d_model]",1,"[[B*T, n_h*d_head]]","[665, 666]",5,self_attn,q_proj,2,model.layers.5.self_attn.q_proj,aten.mm.default,[model.layers.5.self_attn.q_proj.weight],prefill,False,
668,self_attn,q_proj,,_unsafe_view,"[[B*T, n_h*d_head]]",,,"[[B, T, n_h*d_head]]",[667],5,self_attn,q_proj,2,model.layers.5.self_attn.q_proj,aten._unsafe_view.default,[],prefill,True,
669,self_attn,,,view,"[[B, T, n_h*d_head]]",,,"[[B, T, n_h, d_head]]",[668],5,self_attn,,1,model.layers.5.self_attn,aten.view.default,[],prefill,True,
670,self_attn,k_proj,,t,"[[n_kv*d_head, d_model]]","[n_kv*d_head, d_model]",0,"[[d_model, n_kv*d_head]]",[],5,self_attn,k_proj,2,model.layers.5.self_attn.k_proj,aten.t.default,[model.layers.5.self_attn.k_proj.weight],prefill,True,
671,self_attn,k_proj,,view,"[[B, T, d_model]]",,,"[[B*T, d_model]]",[664],5,self_attn,k_proj,2,model.layers.5.self_attn.k_proj,aten.view.default,[],prefill,True,
672,self_attn,k_proj,,matmul,"[[B*T, d_model], [d_model, n_kv*d_head]]","[n_kv*d_head, d_model]",1,"[[B*T, n_kv*d_head]]","[670, 671]",5,self_attn,k_proj,2,model.layers.5.self_attn.k_proj,aten.mm.default,[model.layers.5.self_attn.k_proj.weight],prefill,False,
673,self_attn,k_proj,,_unsafe_view,"[[B*T, n_kv*d_head]]",,,"[[B, T, n_kv*d_head]]",[672],5,self_attn,k_proj,2,model.layers.5.self_attn.k_proj,aten._unsafe_view.default,[],prefill,True,
674,self_attn,,,view,"[[B, T, n_kv*d_head]]",,,"[[B, T, n_kv, d_head]]",[673],5,self_attn,,1,model.layers.5.self_attn,aten.view.default,[],prefill,True,
675,self_attn,v_proj,,t,"[[n_kv*d_head, d_model]]","[n_kv*d_head, d_model]",0,"[[d_model, n_kv*d_head]]",[],5,self_attn,v_proj,2,model.layers.5.self_attn.v_proj,aten.t.default,[model.layers.5.self_attn.v_proj.weight],prefill,True,
676,self_attn,v_proj,,view,"[[B, T, d_model]]",,,"[[B*T, d_model]]",[664],5,self_attn,v_proj,2,model.layers.5.self_attn.v_proj,aten.view.default,[],prefill,True,
677,self_attn,v_proj,,matmul,"[[B*T, d_model], [d_model, n_kv*d_head]]","[n_kv*d_head, d_model]",1,"[[B*T, n_kv*d_head]]","[675, 676]",5,self_attn,v_proj,2,model.layers.5.self_attn.v_proj,aten.mm.default,[model.layers.5.self_attn.v_proj.weight],prefill,False,
678,self_attn,v_proj,,_unsafe_view,"[[B*T, n_kv*d_head]]",,,"[[B, T, n_kv*d_head]]",[677],5,self_attn,v_proj,2,model.layers.5.self_attn.v_proj,aten._unsafe_view.default,[],prefill,True,
679,self_attn,,,view,"[[B, T, n_kv*d_head]]",,,"[[B, T, n_kv, d_head]]",[678],5,self_attn,,1,model.layers.5.self_attn,aten.view.default,[],prefill,True,
680,self_attn,,,transpose,"[[B, T, n_kv, d_head]]",,,"[[B, n_kv, T, d_head]]",[679],5,self_attn,,1,model.layers.5.self_attn,aten.transpose.int,[],prefill,True,
681,self_attn,,,_to_copy,"[[B, T, n_h, d_head]]",,,"[[B, T, n_h, d_head]]",[669],5,self_attn,,1,model.layers.5.self_attn,aten._to_copy.default,[],prefill,True,
682,self_attn,,,view,"[[B, T, n_h, d_head]]",,,"[[B, T, n_h, d_head/2, 2]]",[681],5,self_attn,,1,model.layers.5.self_attn,aten.view.default,[],prefill,True,
683,self_attn,,,view_as_complex,"[[B, T, n_h, d_head/2, 2]]",,,"[[B, T, n_h, d_head/2]]",[682],5,self_attn,,1,model.layers.5.self_attn,aten.view_as_complex.default,[],prefill,True,
684,self_attn,,,_to_copy,"[[B, T, n_kv, d_head]]",,,"[[B, T, n_kv, d_head]]",[674],5,self_attn,,1,model.layers.5.self_attn,aten._to_copy.default,[],prefill,True,
685,self_attn,,,view,"[[B, T, n_kv, d_head]]",,,"[[B, T, n_kv, d_head/2, 2]]",[684],5,self_attn,,1,model.layers.5.self_attn,aten.view.default,[],prefill,True,
686,self_attn,,,view_as_complex,"[[B, T, n_kv, d_head/2, 2]]",,,"[[B, T, n_kv, d_head/2]]",[685],5,self_attn,,1,model.layers.5.self_attn,aten.view_as_complex.default,[],prefill,True,
687,self_attn,,,unsqueeze,"[[B, T, d_head/2]]",,,"[[B, T, 1, d_head/2]]",[106],5,self_attn,,1,model.layers.5.self_attn,aten.unsqueeze.default,[],prefill,True,
688,self_attn,,,elementwise_mul,"[[B, T, n_h, d_head/2], [B, T, 1, d_head/2]]",,,"[[B, T, n_h, d_head/2]]","[683, 687]",5,self_attn,,1,model.layers.5.self_attn,aten.mul.Tensor,[],prefill,False,
689,self_attn,,,view_as_real,"[[B, T, n_h, d_head/2]]",,,"[[B, T, n_h, d_head/2, 2]]",[688],5,self_attn,,1,model.layers.5.self_attn,aten.view_as_real.default,[],prefill,True,
690,self_attn,,,view,"[[B, T, n_h, d_head/2, 2]]",,,"[[B, T, n_h, d_head]]",[689],5,self_attn,,1,model.layers.5.self_attn,aten.view.default,[],prefill,True,
691,self_attn,,,unsqueeze,"[[B, T, d_head/2]]",,,"[[B, T, 1, d_head/2]]",[106],5,self_attn,,1,model.layers.5.self_attn,aten.unsqueeze.default,[],prefill,True,
692,self_attn,,,elementwise_mul,"[[B, T, n_kv, d_head/2], [B, T, 1, d_head/2]]",,,"[[B, T, n_kv, d_head/2]]","[686, 691]",5,self_attn,,1,model.layers.5.self_attn,aten.mul.Tensor,[],prefill,False,
693,self_attn,,,view_as_real,"[[B, T, n_kv, d_head/2]]",,,"[[B, T, n_kv, d_head/2, 2]]",[692],5,self_attn,,1,model.layers.5.self_attn,aten.view_as_real.default,[],prefill,True,
694,self_attn,,,view,"[[B, T, n_kv, d_head/2, 2]]",,,"[[B, T, n_kv, d_head]]",[693],5,self_attn,,1,model.layers.5.self_attn,aten.view.default,[],prefill,True,
695,self_attn,,,_to_copy,"[[B, T, n_h, d_head]]",,,"[[B, T, n_h, d_head]]",[690],5,self_attn,,1,model.layers.5.self_attn,aten._to_copy.default,[],prefill,True,
696,self_attn,,,_to_copy,"[[B, T, n_kv, d_head]]",,,"[[B, T, n_kv, d_head]]",[694],5,self_attn,,1,model.layers.5.self_attn,aten._to_copy.default,[],prefill,True,
697,self_attn,,,transpose,"[[B, T, n_h, d_head]]",,,"[[B, n_h, T, d_head]]",[695],5,self_attn,,1,model.layers.5.self_attn,aten.transpose.int,[],prefill,True,
698,self_attn,,,transpose,"[[B, T, n_kv, d_head]]",,,"[[B, n_kv, T, d_head]]",[696],5,self_attn,,1,model.layers.5.self_attn,aten.transpose.int,[],prefill,True,
699,self_attn,,,_to_copy,[[]],,,[[]],[5],5,self_attn,,1,model.layers.5.self_attn,aten._to_copy.default,[],prefill,True,
700,self_attn,,,concat,"[[0], [B, n_kv, T, d_head]]",,,"[[B, n_kv, T, d_head]]",[698],5,self_attn,,1,model.layers.5.self_attn,aten.cat.default,[],prefill,False,
701,self_attn,,,concat,"[[0], [B, n_kv, T, d_head]]",,,"[[B, n_kv, T, d_head]]",[680],5,self_attn,,1,model.layers.5.self_attn,aten.cat.default,[],prefill,False,
702,self_attn,,,slice,"[[B, n_kv, T, d_head]]",,,"[[B, n_kv, T, d_head]]",[700],5,self_attn,,1,model.layers.5.self_attn,aten.slice.Tensor,[],prefill,True,
703,self_attn,,,slice,"[[B, n_kv, T, d_head]]",,,"[[B, n_kv, T, d_head]]",[701],5,self_attn,,1,model.layers.5.self_attn,aten.slice.Tensor,[],prefill,True,
704,self_attn,,,unsqueeze,"[[B, n_kv, T, d_head]]",,,"[[B, n_kv, 1, T, d_head]]",[700],5,self_attn,,1,model.layers.5.self_attn,aten.unsqueeze.default,[],prefill,True,
705,self_attn,,,expand,"[[B, n_kv, 1, T, d_head]]",,,"[[B, n_kv, n_h/n_kv, T, d_head]]",[704],5,self_attn,,1,model.layers.5.self_attn,aten.expand.default,[],prefill,True,
706,self_attn,,,clone,"[[B, n_kv, n_h/n_kv, T, d_head]]",,,"[[B, n_kv, n_h/n_kv, T, d_head]]",[705],5,self_attn,,1,model.layers.5.self_attn,aten.clone.default,[],prefill,True,
707,self_attn,,,_unsafe_view,"[[B, n_kv, n_h/n_kv, T, d_head]]",,,"[[B, n_h, T, d_head]]",[706],5,self_attn,,1,model.layers.5.self_attn,aten._unsafe_view.default,[],prefill,True,
708,self_attn,,,unsqueeze,"[[B, n_kv, T, d_head]]",,,"[[B, n_kv, 1, T, d_head]]",[701],5,self_attn,,1,model.layers.5.self_attn,aten.unsqueeze.default,[],prefill,True,
709,self_attn,,,expand,"[[B, n_kv, 1, T, d_head]]",,,"[[B, n_kv, n_h/n_kv, T, d_head]]",[708],5,self_attn,,1,model.layers.5.self_attn,aten.expand.default,[],prefill,True,
710,self_attn,,,clone,"[[B, n_kv, n_h/n_kv, T, d_head]]",,,"[[B, n_kv, n_h/n_kv, T, d_head]]",[709],5,self_attn,,1,model.layers.5.self_attn,aten.clone.default,[],prefill,True,
711,self_attn,,,_unsafe_view,"[[B, n_kv, n_h/n_kv, T, d_head]]",,,"[[B, n_h, T, d_head]]",[710],5,self_attn,,1,model.layers.5.self_attn,aten._unsafe_view.default,[],prefill,True,
712,self_attn,,,transpose,"[[B, n_h, T, d_head]]",,,"[[B, n_h, d_head, T]]",[707],5,self_attn,,1,model.layers.5.self_attn,aten.transpose.int,[],prefill,True,
713,self_attn,,,expand,"[[B, n_h, T, d_head]]",,,"[[B, n_h, T, d_head]]",[697],5,self_attn,,1,model.layers.5.self_attn,aten.expand.default,[],prefill,True,
714,self_attn,,,clone,"[[B, n_h, T, d_head]]",,,"[[B, n_h, T, d_head]]",[713],5,self_attn,,1,model.layers.5.self_attn,aten.clone.default,[],prefill,True,
715,self_attn,,,_unsafe_view,"[[B, n_h, T, d_head]]",,,"[[B*n_h, T, d_head]]",[714],5,self_attn,,1,model.layers.5.self_attn,aten._unsafe_view.default,[],prefill,True,
716,self_attn,,,expand,"[[B, n_h, d_head, T]]",,,"[[B, n_h, d_head, T]]",[712],5,self_attn,,1,model.layers.5.self_attn,aten.expand.default,[],prefill,True,
717,self_attn,,,view,"[[B, n_h, d_head, T]]",,,"[[B*n_h, d_head, T]]",[716],5,self_attn,,1,model.layers.5.self_attn,aten.view.default,[],prefill,True,
718,self_attn,,,batched_matmul,"[[B*n_h, T, d_head], [B*n_h, d_head, T]]",,,"[[B*n_h, T, T]]","[715, 717]",5,self_attn,,1,model.layers.5.self_attn,aten.bmm.default,[],prefill,False,
719,self_attn,,,_unsafe_view,"[[B*n_h, T, T]]",,,"[[B, n_h, T, T]]",[718],5,self_attn,,1,model.layers.5.self_attn,aten._unsafe_view.default,[],prefill,True,
720,self_attn,,,elementwise_mul,"[[B, n_h, T, T]]",,,"[[B, n_h, T, T]]",[719],5,self_attn,,1,model.layers.5.self_attn,aten.mul.Tensor,[],prefill,False,
721,self_attn,,,elementwise_add,"[[B, n_h, T, T], [B, 1, T, T]]",,,"[[B, n_h, T, T]]","[91, 720]",5,self_attn,,1,model.layers.5.self_attn,aten.add.Tensor,[],prefill,False,
722,self_attn,,,softmax,"[[B, n_h, T, T]]",,,"[[B, n_h, T, T]]",[721],5,self_attn,,1,model.layers.5.self_attn,aten._softmax.default,[],prefill,False,
723,self_attn,,,expand,"[[B, n_h, T, T]]",,,"[[B, n_h, T, T]]",[722],5,self_attn,,1,model.layers.5.self_attn,aten.expand.default,[],prefill,True,
724,self_attn,,,view,"[[B, n_h, T, T]]",,,"[[B*n_h, T, T]]",[723],5,self_attn,,1,model.layers.5.self_attn,aten.view.default,[],prefill,True,
725,self_attn,,,expand,"[[B, n_h, T, d_head]]",,,"[[B, n_h, T, d_head]]",[711],5,self_attn,,1,model.layers.5.self_attn,aten.expand.default,[],prefill,True,
726,self_attn,,,view,"[[B, n_h, T, d_head]]",,,"[[B*n_h, T, d_head]]",[725],5,self_attn,,1,model.layers.5.self_attn,aten.view.default,[],prefill,True,
727,self_attn,,,batched_matmul,"[[B*n_h, T, T], [B*n_h, T, d_head]]",,,"[[B*n_h, T, d_head]]","[724, 726]",5,self_attn,,1,model.layers.5.self_attn,aten.bmm.default,[],prefill,False,
728,self_attn,,,_unsafe_view,"[[B*n_h, T, d_head]]",,,"[[B, n_h, T, d_head]]",[727],5,self_attn,,1,model.layers.5.self_attn,aten._unsafe_view.default,[],prefill,True,
729,self_attn,,,transpose,"[[B, n_h, T, d_head]]",,,"[[B, T, n_h, d_head]]",[728],5,self_attn,,1,model.layers.5.self_attn,aten.transpose.int,[],prefill,True,
730,self_attn,,,clone,"[[B, T, n_h, d_head]]",,,"[[B, T, n_h, d_head]]",[729],5,self_attn,,1,model.layers.5.self_attn,aten.clone.default,[],prefill,True,
731,self_attn,,,view,"[[B, T, n_h, d_head]]",,,"[[B, T, n_h*d_head]]",[730],5,self_attn,,1,model.layers.5.self_attn,aten.view.default,[],prefill,True,
732,self_attn,o_proj,,t,"[[d_model, n_h*d_head]]","[d_model, n_h*d_head]",0,"[[n_h*d_head, d_model]]",[],5,self_attn,o_proj,2,model.layers.5.self_attn.o_proj,aten.t.default,[model.layers.5.self_attn.o_proj.weight],prefill,True,
733,self_attn,o_proj,,view,"[[B, T, n_h*d_head]]",,,"[[B*T, n_h*d_head]]",[731],5,self_attn,o_proj,2,model.layers.5.self_attn.o_proj,aten.view.default,[],prefill,True,
734,self_attn,o_proj,,matmul,"[[B*T, n_h*d_head], [n_h*d_head, d_model]]","[d_model, n_h*d_head]",1,"[[B*T, d_model]]","[732, 733]",5,self_attn,o_proj,2,model.layers.5.self_attn.o_proj,aten.mm.default,[model.layers.5.self_attn.o_proj.weight],prefill,False,
735,self_attn,o_proj,,_unsafe_view,"[[B*T, d_model]]",,,"[[B, T, d_model]]",[734],5,self_attn,o_proj,2,model.layers.5.self_attn.o_proj,aten._unsafe_view.default,[],prefill,True,
736,,,,elementwise_add,"[[B, T, d_model], [B, T, d_model]]",,,"[[B, T, d_model]]","[656, 735]",5,,,0,model.layers.5,aten.add.Tensor,[],prefill,False,
737,post_attention_layernorm,,,_to_copy,"[[B, T, d_model]]",,,"[[B, T, d_model]]",[736],5,post_attention_layernorm,,1,model.layers.5.post_attention_layernorm,aten._to_copy.default,[],prefill,True,
738,post_attention_layernorm,,,pow,"[[B, T, d_model]]",,,"[[B, T, d_model]]",[737],5,post_attention_layernorm,,1,model.layers.5.post_attention_layernorm,aten.pow.Tensor_Scalar,[],prefill,False,
739,post_attention_layernorm,,,mean,"[[B, T, d_model]]",,,"[[B, T, 1]]",[738],5,post_attention_layernorm,,1,model.layers.5.post_attention_layernorm,aten.mean.dim,[],prefill,False,
740,post_attention_layernorm,,,elementwise_add,"[[B, T, 1]]",,,"[[B, T, 1]]",[739],5,post_attention_layernorm,,1,model.layers.5.post_attention_layernorm,aten.add.Tensor,[],prefill,False,
741,post_attention_layernorm,,,rsqrt,"[[B, T, 1]]",,,"[[B, T, 1]]",[740],5,post_attention_layernorm,,1,model.layers.5.post_attention_layernorm,aten.rsqrt.default,[],prefill,False,
742,post_attention_layernorm,,,elementwise_mul,"[[B, T, d_model], [B, T, 1]]",,,"[[B, T, d_model]]","[737, 741]",5,post_attention_layernorm,,1,model.layers.5.post_attention_layernorm,aten.mul.Tensor,[],prefill,False,
743,post_attention_layernorm,,,_to_copy,"[[B, T, d_model]]",,,"[[B, T, d_model]]",[742],5,post_attention_layernorm,,1,model.layers.5.post_attention_layernorm,aten._to_copy.default,[],prefill,True,
744,post_attention_layernorm,,,elementwise_mul,"[[B, T, d_model], [d_model]]",,,"[[B, T, d_model]]",[743],5,post_attention_layernorm,,1,model.layers.5.post_attention_layernorm,aten.mul.Tensor,[model.layers.5.post_attention_layernorm.weight],prefill,False,
745,feed_forward,,,view,"[[B, T, d_model]]",,,"[[B*T, d_model]]",[744],5,feed_forward,,1,model.layers.5.feed_forward,aten.view.default,[],prefill,True,
746,feed_forward,router,,t,"[[E, d_model]]","[E, d_model]",0,"[[d_model, E]]",[],5,feed_forward,router,2,model.layers.5.feed_forward.router,aten.t.default,[model.layers.5.feed_forward.router.weight],prefill,True,
747,feed_forward,router,,matmul,"[[B*T, d_model], [d_model, E]]","[E, d_model]",1,"[[B*T, E]]","[745, 746]",5,feed_forward,router,2,model.layers.5.feed_forward.router,aten.mm.default,[model.layers.5.feed_forward.router.weight],prefill,False,
748,feed_forward,router,,topk,"[[B*T, E]]",,,"[[B*T, 1], [B*T, 1]]",[747],5,feed_forward,router,2,model.layers.5.feed_forward.router,aten.topk.default,[],prefill,False,
749,feed_forward,router,,full_like,"[[B*T, E]]",,,"[[B*T, E]]",[747],5,feed_forward,router,2,model.layers.5.feed_forward.router,aten.full_like.default,[],prefill,True,
750,feed_forward,router,,scatter_,"[[B*T, E], [B*T, 1], [B*T, 1]]",,,"[[B*T, E]]","[748, 749]",5,feed_forward,router,2,model.layers.5.feed_forward.router,aten.scatter_.src,[],prefill,True,
751,feed_forward,router,,_to_copy,"[[B*T, E]]",,,"[[B*T, E]]",[750],5,feed_forward,router,2,model.layers.5.feed_forward.router,aten._to_copy.default,[],prefill,True,
752,feed_forward,router,,sigmoid,"[[B*T, E]]",,,"[[B*T, E]]",[751],5,feed_forward,router,2,model.layers.5.feed_forward.router,aten.sigmoid.default,[],prefill,False,
753,feed_forward,router,,_to_copy,"[[B*T, E]]",,,"[[B*T, E]]",[752],5,feed_forward,router,2,model.layers.5.feed_forward.router,aten._to_copy.default,[],prefill,True,
754,feed_forward,,,repeat,"[[B*T, d_model]]",,,"[[B*E*T, d_model]]",[745],5,feed_forward,,1,model.layers.5.feed_forward,aten.repeat.default,[],prefill,True,
755,feed_forward,,,transpose,"[[B*T, E]]",,,"[[E, B*T]]",[753],5,feed_forward,,1,model.layers.5.feed_forward,aten.transpose.int,[],prefill,True,
756,feed_forward,,,clone,"[[E, B*T]]",,,"[[E, B*T]]",[755],5,feed_forward,,1,model.layers.5.feed_forward,aten.clone.default,[],prefill,True,
757,feed_forward,,,_unsafe_view,"[[E, B*T]]",,,"[[B*E*T, 1]]",[756],5,feed_forward,,1,model.layers.5.feed_forward,aten._unsafe_view.default,[],prefill,True,
758,feed_forward,,,elementwise_mul,"[[B*E*T, d_model], [B*E*T, 1]]",,,"[[B*E*T, d_model]]","[754, 757]",5,feed_forward,,1,model.layers.5.feed_forward,aten.mul.Tensor,[],prefill,False,
759,feed_forward,experts,,view,"[[B*E*T, d_model]]",,,"[[E, B*T, d_model]]",[758],5,feed_forward,experts,2,model.layers.5.feed_forward.experts,aten.view.default,[],prefill,True,
760,feed_forward,experts,,batched_matmul,"[[E, B*T, d_model], [E, d_model, 2*d_moe]]","[E, d_model, 2*d_moe]",1,"[[E, B*T, 2*d_moe]]",[759],5,feed_forward,experts,2,model.layers.5.feed_forward.experts,aten.bmm.default,[model.layers.5.feed_forward.experts.gate_up_proj],prefill,False,
761,feed_forward,experts,,split,"[[E, B*T, 2*d_moe]]",,,"[[E, B*T, d_moe], [E, B*T, d_moe]]",[760],5,feed_forward,experts,2,model.layers.5.feed_forward.experts,aten.split.Tensor,[],prefill,True,
762,feed_forward,experts,act_fn,silu,"[[E, B*T, d_moe]]",,,"[[E, B*T, d_moe]]",[761],5,feed_forward,experts,3,model.layers.5.feed_forward.experts.act_fn,aten.silu.default,[],prefill,False,
763,feed_forward,experts,,elementwise_mul,"[[E, B*T, d_moe], [E, B*T, d_moe]]",,,"[[E, B*T, d_moe]]","[761, 762]",5,feed_forward,experts,2,model.layers.5.feed_forward.experts,aten.mul.Tensor,[],prefill,False,
764,feed_forward,experts,,batched_matmul,"[[E, B*T, d_moe], [E, d_moe, d_model]]","[E, d_moe, d_model]",1,"[[E, B*T, d_model]]",[763],5,feed_forward,experts,2,model.layers.5.feed_forward.experts,aten.bmm.default,[model.layers.5.feed_forward.experts.down_proj],prefill,False,
765,feed_forward,experts,,view,"[[E, B*T, d_model]]",,,"[[B*E*T, d_model]]",[764],5,feed_forward,experts,2,model.layers.5.feed_forward.experts,aten.view.default,[],prefill,True,
766,feed_forward,shared_expert,gate_proj,t,"[[d_moe, d_model]]","[d_moe, d_model]",0,"[[d_model, d_moe]]",[],5,feed_forward,shared_expert,3,model.layers.5.feed_forward.shared_expert.gate_proj,aten.t.default,[model.layers.5.feed_forward.shared_expert.gate_proj.weight],prefill,True,
767,feed_forward,shared_expert,gate_proj,matmul,"[[B*T, d_model], [d_model, d_moe]]","[d_moe, d_model]",1,"[[B*T, d_moe]]","[745, 766]",5,feed_forward,shared_expert,3,model.layers.5.feed_forward.shared_expert.gate_proj,aten.mm.default,[model.layers.5.feed_forward.shared_expert.gate_proj.weight],prefill,False,
768,feed_forward,shared_expert,activation_fn,silu,"[[B*T, d_moe]]",,,"[[B*T, d_moe]]",[767],5,feed_forward,shared_expert,3,model.layers.5.feed_forward.shared_expert.activation_fn,aten.silu.default,[],prefill,False,
769,feed_forward,shared_expert,up_proj,t,"[[d_moe, d_model]]","[d_moe, d_model]",0,"[[d_model, d_moe]]",[],5,feed_forward,shared_expert,3,model.layers.5.feed_forward.shared_expert.up_proj,aten.t.default,[model.layers.5.feed_forward.shared_expert.up_proj.weight],prefill,True,
770,feed_forward,shared_expert,up_proj,matmul,"[[B*T, d_model], [d_model, d_moe]]","[d_moe, d_model]",1,"[[B*T, d_moe]]","[745, 769]",5,feed_forward,shared_expert,3,model.layers.5.feed_forward.shared_expert.up_proj,aten.mm.default,[model.layers.5.feed_forward.shared_expert.up_proj.weight],prefill,False,
771,feed_forward,shared_expert,,elementwise_mul,"[[B*T, d_moe], [B*T, d_moe]]",,,"[[B*T, d_moe]]","[768, 770]",5,feed_forward,shared_expert,2,model.layers.5.feed_forward.shared_expert,aten.mul.Tensor,[],prefill,False,
772,feed_forward,shared_expert,down_proj,t,"[[d_model, d_moe]]","[d_model, d_moe]",0,"[[d_moe, d_model]]",[],5,feed_forward,shared_expert,3,model.layers.5.feed_forward.shared_expert.down_proj,aten.t.default,[model.layers.5.feed_forward.shared_expert.down_proj.weight],prefill,True,
773,feed_forward,shared_expert,down_proj,matmul,"[[B*T, d_moe], [d_moe, d_model]]","[d_model, d_moe]",1,"[[B*T, d_model]]","[771, 772]",5,feed_forward,shared_expert,3,model.layers.5.feed_forward.shared_expert.down_proj,aten.mm.default,[model.layers.5.feed_forward.shared_expert.down_proj.weight],prefill,False,
774,feed_forward,,,view,"[[B*E*T, d_model]]",,,"[[E, B*T, d_model]]",[765],5,feed_forward,,1,model.layers.5.feed_forward,aten.view.default,[],prefill,True,
775,feed_forward,,,sum,"[[E, B*T, d_model]]",,,"[[B*T, d_model]]",[774],5,feed_forward,,1,model.layers.5.feed_forward,aten.sum.dim_IntList,[],prefill,True,
776,feed_forward,,,add_,"[[B*T, d_model], [B*T, d_model]]",,,"[[B*T, d_model]]","[773, 775]",5,feed_forward,,1,model.layers.5.feed_forward,aten.add_.Tensor,[],prefill,True,
777,,,,view,"[[B*T, d_model]]",,,"[[B, T, d_model]]",[776],5,,,0,model.layers.5,aten.view.default,[],prefill,True,
778,,,,elementwise_add,"[[B, T, d_model], [B, T, d_model]]",,,"[[B, T, d_model]]","[736, 777]",5,,,0,model.layers.5,aten.add.Tensor,[],prefill,False,
779,input_layernorm,,,_to_copy,"[[B, T, d_model]]",,,"[[B, T, d_model]]",[778],6,input_layernorm,,1,model.layers.6.input_layernorm,aten._to_copy.default,[],prefill,True,
780,input_layernorm,,,pow,"[[B, T, d_model]]",,,"[[B, T, d_model]]",[779],6,input_layernorm,,1,model.layers.6.input_layernorm,aten.pow.Tensor_Scalar,[],prefill,False,
781,input_layernorm,,,mean,"[[B, T, d_model]]",,,"[[B, T, 1]]",[780],6,input_layernorm,,1,model.layers.6.input_layernorm,aten.mean.dim,[],prefill,False,
782,input_layernorm,,,elementwise_add,"[[B, T, 1]]",,,"[[B, T, 1]]",[781],6,input_layernorm,,1,model.layers.6.input_layernorm,aten.add.Tensor,[],prefill,False,
783,input_layernorm,,,rsqrt,"[[B, T, 1]]",,,"[[B, T, 1]]",[782],6,input_layernorm,,1,model.layers.6.input_layernorm,aten.rsqrt.default,[],prefill,False,
784,input_layernorm,,,elementwise_mul,"[[B, T, d_model], [B, T, 1]]",,,"[[B, T, d_model]]","[779, 783]",6,input_layernorm,,1,model.layers.6.input_layernorm,aten.mul.Tensor,[],prefill,False,
785,input_layernorm,,,_to_copy,"[[B, T, d_model]]",,,"[[B, T, d_model]]",[784],6,input_layernorm,,1,model.layers.6.input_layernorm,aten._to_copy.default,[],prefill,True,
786,input_layernorm,,,elementwise_mul,"[[B, T, d_model], [d_model]]",,,"[[B, T, d_model]]",[785],6,input_layernorm,,1,model.layers.6.input_layernorm,aten.mul.Tensor,[model.layers.6.input_layernorm.weight],prefill,False,
787,self_attn,q_proj,,t,"[[n_h*d_head, d_model]]","[n_h*d_head, d_model]",0,"[[d_model, n_h*d_head]]",[],6,self_attn,q_proj,2,model.layers.6.self_attn.q_proj,aten.t.default,[model.layers.6.self_attn.q_proj.weight],prefill,True,
788,self_attn,q_proj,,view,"[[B, T, d_model]]",,,"[[B*T, d_model]]",[786],6,self_attn,q_proj,2,model.layers.6.self_attn.q_proj,aten.view.default,[],prefill,True,
789,self_attn,q_proj,,matmul,"[[B*T, d_model], [d_model, n_h*d_head]]","[n_h*d_head, d_model]",1,"[[B*T, n_h*d_head]]","[787, 788]",6,self_attn,q_proj,2,model.layers.6.self_attn.q_proj,aten.mm.default,[model.layers.6.self_attn.q_proj.weight],prefill,False,
790,self_attn,q_proj,,_unsafe_view,"[[B*T, n_h*d_head]]",,,"[[B, T, n_h*d_head]]",[789],6,self_attn,q_proj,2,model.layers.6.self_attn.q_proj,aten._unsafe_view.default,[],prefill,True,
791,self_attn,,,view,"[[B, T, n_h*d_head]]",,,"[[B, T, n_h, d_head]]",[790],6,self_attn,,1,model.layers.6.self_attn,aten.view.default,[],prefill,True,
792,self_attn,k_proj,,t,"[[n_kv*d_head, d_model]]","[n_kv*d_head, d_model]",0,"[[d_model, n_kv*d_head]]",[],6,self_attn,k_proj,2,model.layers.6.self_attn.k_proj,aten.t.default,[model.layers.6.self_attn.k_proj.weight],prefill,True,
793,self_attn,k_proj,,view,"[[B, T, d_model]]",,,"[[B*T, d_model]]",[786],6,self_attn,k_proj,2,model.layers.6.self_attn.k_proj,aten.view.default,[],prefill,True,
794,self_attn,k_proj,,matmul,"[[B*T, d_model], [d_model, n_kv*d_head]]","[n_kv*d_head, d_model]",1,"[[B*T, n_kv*d_head]]","[792, 793]",6,self_attn,k_proj,2,model.layers.6.self_attn.k_proj,aten.mm.default,[model.layers.6.self_attn.k_proj.weight],prefill,False,
795,self_attn,k_proj,,_unsafe_view,"[[B*T, n_kv*d_head]]",,,"[[B, T, n_kv*d_head]]",[794],6,self_attn,k_proj,2,model.layers.6.self_attn.k_proj,aten._unsafe_view.default,[],prefill,True,
796,self_attn,,,view,"[[B, T, n_kv*d_head]]",,,"[[B, T, n_kv, d_head]]",[795],6,self_attn,,1,model.layers.6.self_attn,aten.view.default,[],prefill,True,
797,self_attn,v_proj,,t,"[[n_kv*d_head, d_model]]","[n_kv*d_head, d_model]",0,"[[d_model, n_kv*d_head]]",[],6,self_attn,v_proj,2,model.layers.6.self_attn.v_proj,aten.t.default,[model.layers.6.self_attn.v_proj.weight],prefill,True,
798,self_attn,v_proj,,view,"[[B, T, d_model]]",,,"[[B*T, d_model]]",[786],6,self_attn,v_proj,2,model.layers.6.self_attn.v_proj,aten.view.default,[],prefill,True,
799,self_attn,v_proj,,matmul,"[[B*T, d_model], [d_model, n_kv*d_head]]","[n_kv*d_head, d_model]",1,"[[B*T, n_kv*d_head]]","[797, 798]",6,self_attn,v_proj,2,model.layers.6.self_attn.v_proj,aten.mm.default,[model.layers.6.self_attn.v_proj.weight],prefill,False,
800,self_attn,v_proj,,_unsafe_view,"[[B*T, n_kv*d_head]]",,,"[[B, T, n_kv*d_head]]",[799],6,self_attn,v_proj,2,model.layers.6.self_attn.v_proj,aten._unsafe_view.default,[],prefill,True,
801,self_attn,,,view,"[[B, T, n_kv*d_head]]",,,"[[B, T, n_kv, d_head]]",[800],6,self_attn,,1,model.layers.6.self_attn,aten.view.default,[],prefill,True,
802,self_attn,,,transpose,"[[B, T, n_kv, d_head]]",,,"[[B, n_kv, T, d_head]]",[801],6,self_attn,,1,model.layers.6.self_attn,aten.transpose.int,[],prefill,True,
803,self_attn,,,_to_copy,"[[B, T, n_h, d_head]]",,,"[[B, T, n_h, d_head]]",[791],6,self_attn,,1,model.layers.6.self_attn,aten._to_copy.default,[],prefill,True,
804,self_attn,,,view,"[[B, T, n_h, d_head]]",,,"[[B, T, n_h, d_head/2, 2]]",[803],6,self_attn,,1,model.layers.6.self_attn,aten.view.default,[],prefill,True,
805,self_attn,,,view_as_complex,"[[B, T, n_h, d_head/2, 2]]",,,"[[B, T, n_h, d_head/2]]",[804],6,self_attn,,1,model.layers.6.self_attn,aten.view_as_complex.default,[],prefill,True,
806,self_attn,,,_to_copy,"[[B, T, n_kv, d_head]]",,,"[[B, T, n_kv, d_head]]",[796],6,self_attn,,1,model.layers.6.self_attn,aten._to_copy.default,[],prefill,True,
807,self_attn,,,view,"[[B, T, n_kv, d_head]]",,,"[[B, T, n_kv, d_head/2, 2]]",[806],6,self_attn,,1,model.layers.6.self_attn,aten.view.default,[],prefill,True,
808,self_attn,,,view_as_complex,"[[B, T, n_kv, d_head/2, 2]]",,,"[[B, T, n_kv, d_head/2]]",[807],6,self_attn,,1,model.layers.6.self_attn,aten.view_as_complex.default,[],prefill,True,
809,self_attn,,,unsqueeze,"[[B, T, d_head/2]]",,,"[[B, T, 1, d_head/2]]",[106],6,self_attn,,1,model.layers.6.self_attn,aten.unsqueeze.default,[],prefill,True,
810,self_attn,,,elementwise_mul,"[[B, T, n_h, d_head/2], [B, T, 1, d_head/2]]",,,"[[B, T, n_h, d_head/2]]","[805, 809]",6,self_attn,,1,model.layers.6.self_attn,aten.mul.Tensor,[],prefill,False,
811,self_attn,,,view_as_real,"[[B, T, n_h, d_head/2]]",,,"[[B, T, n_h, d_head/2, 2]]",[810],6,self_attn,,1,model.layers.6.self_attn,aten.view_as_real.default,[],prefill,True,
812,self_attn,,,view,"[[B, T, n_h, d_head/2, 2]]",,,"[[B, T, n_h, d_head]]",[811],6,self_attn,,1,model.layers.6.self_attn,aten.view.default,[],prefill,True,
813,self_attn,,,unsqueeze,"[[B, T, d_head/2]]",,,"[[B, T, 1, d_head/2]]",[106],6,self_attn,,1,model.layers.6.self_attn,aten.unsqueeze.default,[],prefill,True,
814,self_attn,,,elementwise_mul,"[[B, T, n_kv, d_head/2], [B, T, 1, d_head/2]]",,,"[[B, T, n_kv, d_head/2]]","[808, 813]",6,self_attn,,1,model.layers.6.self_attn,aten.mul.Tensor,[],prefill,False,
815,self_attn,,,view_as_real,"[[B, T, n_kv, d_head/2]]",,,"[[B, T, n_kv, d_head/2, 2]]",[814],6,self_attn,,1,model.layers.6.self_attn,aten.view_as_real.default,[],prefill,True,
816,self_attn,,,view,"[[B, T, n_kv, d_head/2, 2]]",,,"[[B, T, n_kv, d_head]]",[815],6,self_attn,,1,model.layers.6.self_attn,aten.view.default,[],prefill,True,
817,self_attn,,,_to_copy,"[[B, T, n_h, d_head]]",,,"[[B, T, n_h, d_head]]",[812],6,self_attn,,1,model.layers.6.self_attn,aten._to_copy.default,[],prefill,True,
818,self_attn,,,_to_copy,"[[B, T, n_kv, d_head]]",,,"[[B, T, n_kv, d_head]]",[816],6,self_attn,,1,model.layers.6.self_attn,aten._to_copy.default,[],prefill,True,
819,self_attn,,,transpose,"[[B, T, n_h, d_head]]",,,"[[B, n_h, T, d_head]]",[817],6,self_attn,,1,model.layers.6.self_attn,aten.transpose.int,[],prefill,True,
820,self_attn,,,transpose,"[[B, T, n_kv, d_head]]",,,"[[B, n_kv, T, d_head]]",[818],6,self_attn,,1,model.layers.6.self_attn,aten.transpose.int,[],prefill,True,
821,self_attn,,,_to_copy,[[]],,,[[]],[6],6,self_attn,,1,model.layers.6.self_attn,aten._to_copy.default,[],prefill,True,
822,self_attn,,,concat,"[[0], [B, n_kv, T, d_head]]",,,"[[B, n_kv, T, d_head]]",[820],6,self_attn,,1,model.layers.6.self_attn,aten.cat.default,[],prefill,False,
823,self_attn,,,concat,"[[0], [B, n_kv, T, d_head]]",,,"[[B, n_kv, T, d_head]]",[802],6,self_attn,,1,model.layers.6.self_attn,aten.cat.default,[],prefill,False,
824,self_attn,,,slice,"[[B, n_kv, T, d_head]]",,,"[[B, n_kv, T, d_head]]",[822],6,self_attn,,1,model.layers.6.self_attn,aten.slice.Tensor,[],prefill,True,
825,self_attn,,,slice,"[[B, n_kv, T, d_head]]",,,"[[B, n_kv, T, d_head]]",[823],6,self_attn,,1,model.layers.6.self_attn,aten.slice.Tensor,[],prefill,True,
826,self_attn,,,unsqueeze,"[[B, n_kv, T, d_head]]",,,"[[B, n_kv, 1, T, d_head]]",[822],6,self_attn,,1,model.layers.6.self_attn,aten.unsqueeze.default,[],prefill,True,
827,self_attn,,,expand,"[[B, n_kv, 1, T, d_head]]",,,"[[B, n_kv, n_h/n_kv, T, d_head]]",[826],6,self_attn,,1,model.layers.6.self_attn,aten.expand.default,[],prefill,True,
828,self_attn,,,clone,"[[B, n_kv, n_h/n_kv, T, d_head]]",,,"[[B, n_kv, n_h/n_kv, T, d_head]]",[827],6,self_attn,,1,model.layers.6.self_attn,aten.clone.default,[],prefill,True,
829,self_attn,,,_unsafe_view,"[[B, n_kv, n_h/n_kv, T, d_head]]",,,"[[B, n_h, T, d_head]]",[828],6,self_attn,,1,model.layers.6.self_attn,aten._unsafe_view.default,[],prefill,True,
830,self_attn,,,unsqueeze,"[[B, n_kv, T, d_head]]",,,"[[B, n_kv, 1, T, d_head]]",[823],6,self_attn,,1,model.layers.6.self_attn,aten.unsqueeze.default,[],prefill,True,
831,self_attn,,,expand,"[[B, n_kv, 1, T, d_head]]",,,"[[B, n_kv, n_h/n_kv, T, d_head]]",[830],6,self_attn,,1,model.layers.6.self_attn,aten.expand.default,[],prefill,True,
832,self_attn,,,clone,"[[B, n_kv, n_h/n_kv, T, d_head]]",,,"[[B, n_kv, n_h/n_kv, T, d_head]]",[831],6,self_attn,,1,model.layers.6.self_attn,aten.clone.default,[],prefill,True,
833,self_attn,,,_unsafe_view,"[[B, n_kv, n_h/n_kv, T, d_head]]",,,"[[B, n_h, T, d_head]]",[832],6,self_attn,,1,model.layers.6.self_attn,aten._unsafe_view.default,[],prefill,True,
834,self_attn,,,transpose,"[[B, n_h, T, d_head]]",,,"[[B, n_h, d_head, T]]",[829],6,self_attn,,1,model.layers.6.self_attn,aten.transpose.int,[],prefill,True,
835,self_attn,,,expand,"[[B, n_h, T, d_head]]",,,"[[B, n_h, T, d_head]]",[819],6,self_attn,,1,model.layers.6.self_attn,aten.expand.default,[],prefill,True,
836,self_attn,,,clone,"[[B, n_h, T, d_head]]",,,"[[B, n_h, T, d_head]]",[835],6,self_attn,,1,model.layers.6.self_attn,aten.clone.default,[],prefill,True,
837,self_attn,,,_unsafe_view,"[[B, n_h, T, d_head]]",,,"[[B*n_h, T, d_head]]",[836],6,self_attn,,1,model.layers.6.self_attn,aten._unsafe_view.default,[],prefill,True,
838,self_attn,,,expand,"[[B, n_h, d_head, T]]",,,"[[B, n_h, d_head, T]]",[834],6,self_attn,,1,model.layers.6.self_attn,aten.expand.default,[],prefill,True,
839,self_attn,,,view,"[[B, n_h, d_head, T]]",,,"[[B*n_h, d_head, T]]",[838],6,self_attn,,1,model.layers.6.self_attn,aten.view.default,[],prefill,True,
840,self_attn,,,batched_matmul,"[[B*n_h, T, d_head], [B*n_h, d_head, T]]",,,"[[B*n_h, T, T]]","[837, 839]",6,self_attn,,1,model.layers.6.self_attn,aten.bmm.default,[],prefill,False,
841,self_attn,,,_unsafe_view,"[[B*n_h, T, T]]",,,"[[B, n_h, T, T]]",[840],6,self_attn,,1,model.layers.6.self_attn,aten._unsafe_view.default,[],prefill,True,
842,self_attn,,,elementwise_mul,"[[B, n_h, T, T]]",,,"[[B, n_h, T, T]]",[841],6,self_attn,,1,model.layers.6.self_attn,aten.mul.Tensor,[],prefill,False,
843,self_attn,,,elementwise_add,"[[B, n_h, T, T], [B, 1, T, T]]",,,"[[B, n_h, T, T]]","[91, 842]",6,self_attn,,1,model.layers.6.self_attn,aten.add.Tensor,[],prefill,False,
844,self_attn,,,softmax,"[[B, n_h, T, T]]",,,"[[B, n_h, T, T]]",[843],6,self_attn,,1,model.layers.6.self_attn,aten._softmax.default,[],prefill,False,
845,self_attn,,,expand,"[[B, n_h, T, T]]",,,"[[B, n_h, T, T]]",[844],6,self_attn,,1,model.layers.6.self_attn,aten.expand.default,[],prefill,True,
846,self_attn,,,view,"[[B, n_h, T, T]]",,,"[[B*n_h, T, T]]",[845],6,self_attn,,1,model.layers.6.self_attn,aten.view.default,[],prefill,True,
847,self_attn,,,expand,"[[B, n_h, T, d_head]]",,,"[[B, n_h, T, d_head]]",[833],6,self_attn,,1,model.layers.6.self_attn,aten.expand.default,[],prefill,True,
848,self_attn,,,view,"[[B, n_h, T, d_head]]",,,"[[B*n_h, T, d_head]]",[847],6,self_attn,,1,model.layers.6.self_attn,aten.view.default,[],prefill,True,
849,self_attn,,,batched_matmul,"[[B*n_h, T, T], [B*n_h, T, d_head]]",,,"[[B*n_h, T, d_head]]","[846, 848]",6,self_attn,,1,model.layers.6.self_attn,aten.bmm.default,[],prefill,False,
850,self_attn,,,_unsafe_view,"[[B*n_h, T, d_head]]",,,"[[B, n_h, T, d_head]]",[849],6,self_attn,,1,model.layers.6.self_attn,aten._unsafe_view.default,[],prefill,True,
851,self_attn,,,transpose,"[[B, n_h, T, d_head]]",,,"[[B, T, n_h, d_head]]",[850],6,self_attn,,1,model.layers.6.self_attn,aten.transpose.int,[],prefill,True,
852,self_attn,,,clone,"[[B, T, n_h, d_head]]",,,"[[B, T, n_h, d_head]]",[851],6,self_attn,,1,model.layers.6.self_attn,aten.clone.default,[],prefill,True,
853,self_attn,,,view,"[[B, T, n_h, d_head]]",,,"[[B, T, n_h*d_head]]",[852],6,self_attn,,1,model.layers.6.self_attn,aten.view.default,[],prefill,True,
854,self_attn,o_proj,,t,"[[d_model, n_h*d_head]]","[d_model, n_h*d_head]",0,"[[n_h*d_head, d_model]]",[],6,self_attn,o_proj,2,model.layers.6.self_attn.o_proj,aten.t.default,[model.layers.6.self_attn.o_proj.weight],prefill,True,
855,self_attn,o_proj,,view,"[[B, T, n_h*d_head]]",,,"[[B*T, n_h*d_head]]",[853],6,self_attn,o_proj,2,model.layers.6.self_attn.o_proj,aten.view.default,[],prefill,True,
856,self_attn,o_proj,,matmul,"[[B*T, n_h*d_head], [n_h*d_head, d_model]]","[d_model, n_h*d_head]",1,"[[B*T, d_model]]","[854, 855]",6,self_attn,o_proj,2,model.layers.6.self_attn.o_proj,aten.mm.default,[model.layers.6.self_attn.o_proj.weight],prefill,False,
857,self_attn,o_proj,,_unsafe_view,"[[B*T, d_model]]",,,"[[B, T, d_model]]",[856],6,self_attn,o_proj,2,model.layers.6.self_attn.o_proj,aten._unsafe_view.default,[],prefill,True,
858,,,,elementwise_add,"[[B, T, d_model], [B, T, d_model]]",,,"[[B, T, d_model]]","[778, 857]",6,,,0,model.layers.6,aten.add.Tensor,[],prefill,False,
859,post_attention_layernorm,,,_to_copy,"[[B, T, d_model]]",,,"[[B, T, d_model]]",[858],6,post_attention_layernorm,,1,model.layers.6.post_attention_layernorm,aten._to_copy.default,[],prefill,True,
860,post_attention_layernorm,,,pow,"[[B, T, d_model]]",,,"[[B, T, d_model]]",[859],6,post_attention_layernorm,,1,model.layers.6.post_attention_layernorm,aten.pow.Tensor_Scalar,[],prefill,False,
861,post_attention_layernorm,,,mean,"[[B, T, d_model]]",,,"[[B, T, 1]]",[860],6,post_attention_layernorm,,1,model.layers.6.post_attention_layernorm,aten.mean.dim,[],prefill,False,
862,post_attention_layernorm,,,elementwise_add,"[[B, T, 1]]",,,"[[B, T, 1]]",[861],6,post_attention_layernorm,,1,model.layers.6.post_attention_layernorm,aten.add.Tensor,[],prefill,False,
863,post_attention_layernorm,,,rsqrt,"[[B, T, 1]]",,,"[[B, T, 1]]",[862],6,post_attention_layernorm,,1,model.layers.6.post_attention_layernorm,aten.rsqrt.default,[],prefill,False,
864,post_attention_layernorm,,,elementwise_mul,"[[B, T, d_model], [B, T, 1]]",,,"[[B, T, d_model]]","[859, 863]",6,post_attention_layernorm,,1,model.layers.6.post_attention_layernorm,aten.mul.Tensor,[],prefill,False,
865,post_attention_layernorm,,,_to_copy,"[[B, T, d_model]]",,,"[[B, T, d_model]]",[864],6,post_attention_layernorm,,1,model.layers.6.post_attention_layernorm,aten._to_copy.default,[],prefill,True,
866,post_attention_layernorm,,,elementwise_mul,"[[B, T, d_model], [d_model]]",,,"[[B, T, d_model]]",[865],6,post_attention_layernorm,,1,model.layers.6.post_attention_layernorm,aten.mul.Tensor,[model.layers.6.post_attention_layernorm.weight],prefill,False,
867,feed_forward,gate_proj,,t,"[[d_ff, d_model]]","[d_ff, d_model]",0,"[[d_model, d_ff]]",[],6,feed_forward,gate_proj,2,model.layers.6.feed_forward.gate_proj,aten.t.default,[model.layers.6.feed_forward.gate_proj.weight],prefill,True,
868,feed_forward,gate_proj,,view,"[[B, T, d_model]]",,,"[[B*T, d_model]]",[866],6,feed_forward,gate_proj,2,model.layers.6.feed_forward.gate_proj,aten.view.default,[],prefill,True,
869,feed_forward,gate_proj,,matmul,"[[B*T, d_model], [d_model, d_ff]]","[d_ff, d_model]",1,"[[B*T, d_ff]]","[867, 868]",6,feed_forward,gate_proj,2,model.layers.6.feed_forward.gate_proj,aten.mm.default,[model.layers.6.feed_forward.gate_proj.weight],prefill,False,
870,feed_forward,gate_proj,,_unsafe_view,"[[B*T, d_ff]]",,,"[[B, T, d_ff]]",[869],6,feed_forward,gate_proj,2,model.layers.6.feed_forward.gate_proj,aten._unsafe_view.default,[],prefill,True,
871,feed_forward,activation_fn,,silu,"[[B, T, d_ff]]",,,"[[B, T, d_ff]]",[870],6,feed_forward,activation_fn,2,model.layers.6.feed_forward.activation_fn,aten.silu.default,[],prefill,False,
872,feed_forward,up_proj,,t,"[[d_ff, d_model]]","[d_ff, d_model]",0,"[[d_model, d_ff]]",[],6,feed_forward,up_proj,2,model.layers.6.feed_forward.up_proj,aten.t.default,[model.layers.6.feed_forward.up_proj.weight],prefill,True,
873,feed_forward,up_proj,,view,"[[B, T, d_model]]",,,"[[B*T, d_model]]",[866],6,feed_forward,up_proj,2,model.layers.6.feed_forward.up_proj,aten.view.default,[],prefill,True,
874,feed_forward,up_proj,,matmul,"[[B*T, d_model], [d_model, d_ff]]","[d_ff, d_model]",1,"[[B*T, d_ff]]","[872, 873]",6,feed_forward,up_proj,2,model.layers.6.feed_forward.up_proj,aten.mm.default,[model.layers.6.feed_forward.up_proj.weight],prefill,False,
875,feed_forward,up_proj,,_unsafe_view,"[[B*T, d_ff]]",,,"[[B, T, d_ff]]",[874],6,feed_forward,up_proj,2,model.layers.6.feed_forward.up_proj,aten._unsafe_view.default,[],prefill,True,
876,feed_forward,,,elementwise_mul,"[[B, T, d_ff], [B, T, d_ff]]",,,"[[B, T, d_ff]]","[871, 875]",6,feed_forward,,1,model.layers.6.feed_forward,aten.mul.Tensor,[],prefill,False,
877,feed_forward,down_proj,,t,"[[d_model, d_ff]]","[d_model, d_ff]",0,"[[d_ff, d_model]]",[],6,feed_forward,down_proj,2,model.layers.6.feed_forward.down_proj,aten.t.default,[model.layers.6.feed_forward.down_proj.weight],prefill,True,
878,feed_forward,down_proj,,view,"[[B, T, d_ff]]",,,"[[B*T, d_ff]]",[876],6,feed_forward,down_proj,2,model.layers.6.feed_forward.down_proj,aten.view.default,[],prefill,True,
879,feed_forward,down_proj,,matmul,"[[B*T, d_ff], [d_ff, d_model]]","[d_model, d_ff]",1,"[[B*T, d_model]]","[877, 878]",6,feed_forward,down_proj,2,model.layers.6.feed_forward.down_proj,aten.mm.default,[model.layers.6.feed_forward.down_proj.weight],prefill,False,
880,feed_forward,down_proj,,_unsafe_view,"[[B*T, d_model]]",,,"[[B, T, d_model]]",[879],6,feed_forward,down_proj,2,model.layers.6.feed_forward.down_proj,aten._unsafe_view.default,[],prefill,True,
881,,,,view,"[[B, T, d_model]]",,,"[[B, T, d_model]]",[880],6,,,0,model.layers.6,aten.view.default,[],prefill,True,
882,,,,elementwise_add,"[[B, T, d_model], [B, T, d_model]]",,,"[[B, T, d_model]]","[858, 881]",6,,,0,model.layers.6,aten.add.Tensor,[],prefill,False,
883,input_layernorm,,,_to_copy,"[[B, T, d_model]]",,,"[[B, T, d_model]]",[882],7,input_layernorm,,1,model.layers.7.input_layernorm,aten._to_copy.default,[],prefill,True,
884,input_layernorm,,,pow,"[[B, T, d_model]]",,,"[[B, T, d_model]]",[883],7,input_layernorm,,1,model.layers.7.input_layernorm,aten.pow.Tensor_Scalar,[],prefill,False,
885,input_layernorm,,,mean,"[[B, T, d_model]]",,,"[[B, T, 1]]",[884],7,input_layernorm,,1,model.layers.7.input_layernorm,aten.mean.dim,[],prefill,False,
886,input_layernorm,,,elementwise_add,"[[B, T, 1]]",,,"[[B, T, 1]]",[885],7,input_layernorm,,1,model.layers.7.input_layernorm,aten.add.Tensor,[],prefill,False,
887,input_layernorm,,,rsqrt,"[[B, T, 1]]",,,"[[B, T, 1]]",[886],7,input_layernorm,,1,model.layers.7.input_layernorm,aten.rsqrt.default,[],prefill,False,
888,input_layernorm,,,elementwise_mul,"[[B, T, d_model], [B, T, 1]]",,,"[[B, T, d_model]]","[883, 887]",7,input_layernorm,,1,model.layers.7.input_layernorm,aten.mul.Tensor,[],prefill,False,
889,input_layernorm,,,_to_copy,"[[B, T, d_model]]",,,"[[B, T, d_model]]",[888],7,input_layernorm,,1,model.layers.7.input_layernorm,aten._to_copy.default,[],prefill,True,
890,input_layernorm,,,elementwise_mul,"[[B, T, d_model], [d_model]]",,,"[[B, T, d_model]]",[889],7,input_layernorm,,1,model.layers.7.input_layernorm,aten.mul.Tensor,[model.layers.7.input_layernorm.weight],prefill,False,
891,self_attn,q_proj,,t,"[[n_h*d_head, d_model]]","[n_h*d_head, d_model]",0,"[[d_model, n_h*d_head]]",[],7,self_attn,q_proj,2,model.layers.7.self_attn.q_proj,aten.t.default,[model.layers.7.self_attn.q_proj.weight],prefill,True,
892,self_attn,q_proj,,view,"[[B, T, d_model]]",,,"[[B*T, d_model]]",[890],7,self_attn,q_proj,2,model.layers.7.self_attn.q_proj,aten.view.default,[],prefill,True,
893,self_attn,q_proj,,matmul,"[[B*T, d_model], [d_model, n_h*d_head]]","[n_h*d_head, d_model]",1,"[[B*T, n_h*d_head]]","[891, 892]",7,self_attn,q_proj,2,model.layers.7.self_attn.q_proj,aten.mm.default,[model.layers.7.self_attn.q_proj.weight],prefill,False,
894,self_attn,q_proj,,_unsafe_view,"[[B*T, n_h*d_head]]",,,"[[B, T, n_h*d_head]]",[893],7,self_attn,q_proj,2,model.layers.7.self_attn.q_proj,aten._unsafe_view.default,[],prefill,True,
895,self_attn,,,view,"[[B, T, n_h*d_head]]",,,"[[B, T, n_h, d_head]]",[894],7,self_attn,,1,model.layers.7.self_attn,aten.view.default,[],prefill,True,
896,self_attn,k_proj,,t,"[[n_kv*d_head, d_model]]","[n_kv*d_head, d_model]",0,"[[d_model, n_kv*d_head]]",[],7,self_attn,k_proj,2,model.layers.7.self_attn.k_proj,aten.t.default,[model.layers.7.self_attn.k_proj.weight],prefill,True,
897,self_attn,k_proj,,view,"[[B, T, d_model]]",,,"[[B*T, d_model]]",[890],7,self_attn,k_proj,2,model.layers.7.self_attn.k_proj,aten.view.default,[],prefill,True,
898,self_attn,k_proj,,matmul,"[[B*T, d_model], [d_model, n_kv*d_head]]","[n_kv*d_head, d_model]",1,"[[B*T, n_kv*d_head]]","[896, 897]",7,self_attn,k_proj,2,model.layers.7.self_attn.k_proj,aten.mm.default,[model.layers.7.self_attn.k_proj.weight],prefill,False,
899,self_attn,k_proj,,_unsafe_view,"[[B*T, n_kv*d_head]]",,,"[[B, T, n_kv*d_head]]",[898],7,self_attn,k_proj,2,model.layers.7.self_attn.k_proj,aten._unsafe_view.default,[],prefill,True,
900,self_attn,,,view,"[[B, T, n_kv*d_head]]",,,"[[B, T, n_kv, d_head]]",[899],7,self_attn,,1,model.layers.7.self_attn,aten.view.default,[],prefill,True,
901,self_attn,v_proj,,t,"[[n_kv*d_head, d_model]]","[n_kv*d_head, d_model]",0,"[[d_model, n_kv*d_head]]",[],7,self_attn,v_proj,2,model.layers.7.self_attn.v_proj,aten.t.default,[model.layers.7.self_attn.v_proj.weight],prefill,True,
902,self_attn,v_proj,,view,"[[B, T, d_model]]",,,"[[B*T, d_model]]",[890],7,self_attn,v_proj,2,model.layers.7.self_attn.v_proj,aten.view.default,[],prefill,True,
903,self_attn,v_proj,,matmul,"[[B*T, d_model], [d_model, n_kv*d_head]]","[n_kv*d_head, d_model]",1,"[[B*T, n_kv*d_head]]","[901, 902]",7,self_attn,v_proj,2,model.layers.7.self_attn.v_proj,aten.mm.default,[model.layers.7.self_attn.v_proj.weight],prefill,False,
904,self_attn,v_proj,,_unsafe_view,"[[B*T, n_kv*d_head]]",,,"[[B, T, n_kv*d_head]]",[903],7,self_attn,v_proj,2,model.layers.7.self_attn.v_proj,aten._unsafe_view.default,[],prefill,True,
905,self_attn,,,view,"[[B, T, n_kv*d_head]]",,,"[[B, T, n_kv, d_head]]",[904],7,self_attn,,1,model.layers.7.self_attn,aten.view.default,[],prefill,True,
906,self_attn,,,transpose,"[[B, T, n_kv, d_head]]",,,"[[B, n_kv, T, d_head]]",[905],7,self_attn,,1,model.layers.7.self_attn,aten.transpose.int,[],prefill,True,
907,self_attn,,,arange,[],,,[[T]],[],7,self_attn,,1,model.layers.7.self_attn,aten.arange.default,[],prefill,True,
908,self_attn,,,elementwise_add,[[T]],,,[[T]],[907],7,self_attn,,1,model.layers.7.self_attn,aten.add.Tensor,[],prefill,False,
909,self_attn,,,_to_copy,[[T]],,,[[T]],[908],7,self_attn,,1,model.layers.7.self_attn,aten._to_copy.default,[],prefill,True,
910,self_attn,,,elementwise_add,[[T]],,,[[T]],[909],7,self_attn,,1,model.layers.7.self_attn,aten.add.Tensor,[],prefill,False,
911,self_attn,,,div,[[T]],,,[[T]],[910],7,self_attn,,1,model.layers.7.self_attn,aten.div.Tensor,[],prefill,True,
912,self_attn,,,floor,[[T]],,,[[T]],[911],7,self_attn,,1,model.layers.7.self_attn,aten.floor.default,[],prefill,True,
913,self_attn,,,log1p,[[T]],,,[[T]],[912],7,self_attn,,1,model.layers.7.self_attn,aten.log1p.default,[],prefill,True,
914,self_attn,,,elementwise_mul,[[T]],,,[[T]],[913],7,self_attn,,1,model.layers.7.self_attn,aten.mul.Tensor,[],prefill,False,
915,self_attn,,,elementwise_add,[[T]],,,[[T]],[914],7,self_attn,,1,model.layers.7.self_attn,aten.add.Tensor,[],prefill,False,
916,self_attn,,,view,[[T]],,,"[[1, T, 1, 1]]",[915],7,self_attn,,1,model.layers.7.self_attn,aten.view.default,[],prefill,True,
917,self_attn,,,expand,"[[1, T, 1, 1]]",,,"[[B, T, 1, 1]]",[916],7,self_attn,,1,model.layers.7.self_attn,aten.expand.default,[],prefill,True,
918,self_attn,,,elementwise_mul,"[[B, T, n_h, d_head], [B, T, 1, 1]]",,,"[[B, T, n_h, d_head]]","[895, 917]",7,self_attn,,1,model.layers.7.self_attn,aten.mul.Tensor,[],prefill,False,
919,self_attn,,,_to_copy,"[[B, T, n_h, d_head]]",,,"[[B, T, n_h, d_head]]",[918],7,self_attn,,1,model.layers.7.self_attn,aten._to_copy.default,[],prefill,True,
920,self_attn,,,transpose,"[[B, T, n_h, d_head]]",,,"[[B, n_h, T, d_head]]",[919],7,self_attn,,1,model.layers.7.self_attn,aten.transpose.int,[],prefill,True,
921,self_attn,,,transpose,"[[B, T, n_kv, d_head]]",,,"[[B, n_kv, T, d_head]]",[900],7,self_attn,,1,model.layers.7.self_attn,aten.transpose.int,[],prefill,True,
922,self_attn,,,concat,"[[0], [B, n_kv, T, d_head]]",,,"[[B, n_kv, T, d_head]]",[921],7,self_attn,,1,model.layers.7.self_attn,aten.cat.default,[],prefill,False,
923,self_attn,,,concat,"[[0], [B, n_kv, T, d_head]]",,,"[[B, n_kv, T, d_head]]",[906],7,self_attn,,1,model.layers.7.self_attn,aten.cat.default,[],prefill,False,
924,self_attn,,,unsqueeze,"[[B, n_kv, T, d_head]]",,,"[[B, n_kv, 1, T, d_head]]",[922],7,self_attn,,1,model.layers.7.self_attn,aten.unsqueeze.default,[],prefill,True,
925,self_attn,,,expand,"[[B, n_kv, 1, T, d_head]]",,,"[[B, n_kv, n_h/n_kv, T, d_head]]",[924],7,self_attn,,1,model.layers.7.self_attn,aten.expand.default,[],prefill,True,
926,self_attn,,,clone,"[[B, n_kv, n_h/n_kv, T, d_head]]",,,"[[B, n_kv, n_h/n_kv, T, d_head]]",[925],7,self_attn,,1,model.layers.7.self_attn,aten.clone.default,[],prefill,True,
927,self_attn,,,_unsafe_view,"[[B, n_kv, n_h/n_kv, T, d_head]]",,,"[[B, n_h, T, d_head]]",[926],7,self_attn,,1,model.layers.7.self_attn,aten._unsafe_view.default,[],prefill,True,
928,self_attn,,,unsqueeze,"[[B, n_kv, T, d_head]]",,,"[[B, n_kv, 1, T, d_head]]",[923],7,self_attn,,1,model.layers.7.self_attn,aten.unsqueeze.default,[],prefill,True,
929,self_attn,,,expand,"[[B, n_kv, 1, T, d_head]]",,,"[[B, n_kv, n_h/n_kv, T, d_head]]",[928],7,self_attn,,1,model.layers.7.self_attn,aten.expand.default,[],prefill,True,
930,self_attn,,,clone,"[[B, n_kv, n_h/n_kv, T, d_head]]",,,"[[B, n_kv, n_h/n_kv, T, d_head]]",[929],7,self_attn,,1,model.layers.7.self_attn,aten.clone.default,[],prefill,True,
931,self_attn,,,_unsafe_view,"[[B, n_kv, n_h/n_kv, T, d_head]]",,,"[[B, n_h, T, d_head]]",[930],7,self_attn,,1,model.layers.7.self_attn,aten._unsafe_view.default,[],prefill,True,
932,self_attn,,,transpose,"[[B, n_h, T, d_head]]",,,"[[B, n_h, d_head, T]]",[927],7,self_attn,,1,model.layers.7.self_attn,aten.transpose.int,[],prefill,True,
933,self_attn,,,expand,"[[B, n_h, T, d_head]]",,,"[[B, n_h, T, d_head]]",[920],7,self_attn,,1,model.layers.7.self_attn,aten.expand.default,[],prefill,True,
934,self_attn,,,clone,"[[B, n_h, T, d_head]]",,,"[[B, n_h, T, d_head]]",[933],7,self_attn,,1,model.layers.7.self_attn,aten.clone.default,[],prefill,True,
935,self_attn,,,_unsafe_view,"[[B, n_h, T, d_head]]",,,"[[B*n_h, T, d_head]]",[934],7,self_attn,,1,model.layers.7.self_attn,aten._unsafe_view.default,[],prefill,True,
936,self_attn,,,expand,"[[B, n_h, d_head, T]]",,,"[[B, n_h, d_head, T]]",[932],7,self_attn,,1,model.layers.7.self_attn,aten.expand.default,[],prefill,True,
937,self_attn,,,view,"[[B, n_h, d_head, T]]",,,"[[B*n_h, d_head, T]]",[936],7,self_attn,,1,model.layers.7.self_attn,aten.view.default,[],prefill,True,
938,self_attn,,,batched_matmul,"[[B*n_h, T, d_head], [B*n_h, d_head, T]]",,,"[[B*n_h, T, T]]","[935, 937]",7,self_attn,,1,model.layers.7.self_attn,aten.bmm.default,[],prefill,False,
939,self_attn,,,_unsafe_view,"[[B*n_h, T, T]]",,,"[[B, n_h, T, T]]",[938],7,self_attn,,1,model.layers.7.self_attn,aten._unsafe_view.default,[],prefill,True,
940,self_attn,,,elementwise_mul,"[[B, n_h, T, T]]",,,"[[B, n_h, T, T]]",[939],7,self_attn,,1,model.layers.7.self_attn,aten.mul.Tensor,[],prefill,False,
941,self_attn,,,elementwise_add,"[[B, n_h, T, T], [B, 1, T, T]]",,,"[[B, n_h, T, T]]","[58, 940]",7,self_attn,,1,model.layers.7.self_attn,aten.add.Tensor,[],prefill,False,
942,self_attn,,,softmax,"[[B, n_h, T, T]]",,,"[[B, n_h, T, T]]",[941],7,self_attn,,1,model.layers.7.self_attn,aten._softmax.default,[],prefill,False,
943,self_attn,,,expand,"[[B, n_h, T, T]]",,,"[[B, n_h, T, T]]",[942],7,self_attn,,1,model.layers.7.self_attn,aten.expand.default,[],prefill,True,
944,self_attn,,,view,"[[B, n_h, T, T]]",,,"[[B*n_h, T, T]]",[943],7,self_attn,,1,model.layers.7.self_attn,aten.view.default,[],prefill,True,
945,self_attn,,,expand,"[[B, n_h, T, d_head]]",,,"[[B, n_h, T, d_head]]",[931],7,self_attn,,1,model.layers.7.self_attn,aten.expand.default,[],prefill,True,
946,self_attn,,,view,"[[B, n_h, T, d_head]]",,,"[[B*n_h, T, d_head]]",[945],7,self_attn,,1,model.layers.7.self_attn,aten.view.default,[],prefill,True,
947,self_attn,,,batched_matmul,"[[B*n_h, T, T], [B*n_h, T, d_head]]",,,"[[B*n_h, T, d_head]]","[944, 946]",7,self_attn,,1,model.layers.7.self_attn,aten.bmm.default,[],prefill,False,
948,self_attn,,,_unsafe_view,"[[B*n_h, T, d_head]]",,,"[[B, n_h, T, d_head]]",[947],7,self_attn,,1,model.layers.7.self_attn,aten._unsafe_view.default,[],prefill,True,
949,self_attn,,,transpose,"[[B, n_h, T, d_head]]",,,"[[B, T, n_h, d_head]]",[948],7,self_attn,,1,model.layers.7.self_attn,aten.transpose.int,[],prefill,True,
950,self_attn,,,clone,"[[B, T, n_h, d_head]]",,,"[[B, T, n_h, d_head]]",[949],7,self_attn,,1,model.layers.7.self_attn,aten.clone.default,[],prefill,True,
951,self_attn,,,view,"[[B, T, n_h, d_head]]",,,"[[B, T, n_h*d_head]]",[950],7,self_attn,,1,model.layers.7.self_attn,aten.view.default,[],prefill,True,
952,self_attn,o_proj,,t,"[[d_model, n_h*d_head]]","[d_model, n_h*d_head]",0,"[[n_h*d_head, d_model]]",[],7,self_attn,o_proj,2,model.layers.7.self_attn.o_proj,aten.t.default,[model.layers.7.self_attn.o_proj.weight],prefill,True,
953,self_attn,o_proj,,view,"[[B, T, n_h*d_head]]",,,"[[B*T, n_h*d_head]]",[951],7,self_attn,o_proj,2,model.layers.7.self_attn.o_proj,aten.view.default,[],prefill,True,
954,self_attn,o_proj,,matmul,"[[B*T, n_h*d_head], [n_h*d_head, d_model]]","[d_model, n_h*d_head]",1,"[[B*T, d_model]]","[952, 953]",7,self_attn,o_proj,2,model.layers.7.self_attn.o_proj,aten.mm.default,[model.layers.7.self_attn.o_proj.weight],prefill,False,
955,self_attn,o_proj,,_unsafe_view,"[[B*T, d_model]]",,,"[[B, T, d_model]]",[954],7,self_attn,o_proj,2,model.layers.7.self_attn.o_proj,aten._unsafe_view.default,[],prefill,True,
956,,,,elementwise_add,"[[B, T, d_model], [B, T, d_model]]",,,"[[B, T, d_model]]","[882, 955]",7,,,0,model.layers.7,aten.add.Tensor,[],prefill,False,
957,post_attention_layernorm,,,_to_copy,"[[B, T, d_model]]",,,"[[B, T, d_model]]",[956],7,post_attention_layernorm,,1,model.layers.7.post_attention_layernorm,aten._to_copy.default,[],prefill,True,
958,post_attention_layernorm,,,pow,"[[B, T, d_model]]",,,"[[B, T, d_model]]",[957],7,post_attention_layernorm,,1,model.layers.7.post_attention_layernorm,aten.pow.Tensor_Scalar,[],prefill,False,
959,post_attention_layernorm,,,mean,"[[B, T, d_model]]",,,"[[B, T, 1]]",[958],7,post_attention_layernorm,,1,model.layers.7.post_attention_layernorm,aten.mean.dim,[],prefill,False,
960,post_attention_layernorm,,,elementwise_add,"[[B, T, 1]]",,,"[[B, T, 1]]",[959],7,post_attention_layernorm,,1,model.layers.7.post_attention_layernorm,aten.add.Tensor,[],prefill,False,
961,post_attention_layernorm,,,rsqrt,"[[B, T, 1]]",,,"[[B, T, 1]]",[960],7,post_attention_layernorm,,1,model.layers.7.post_attention_layernorm,aten.rsqrt.default,[],prefill,False,
962,post_attention_layernorm,,,elementwise_mul,"[[B, T, d_model], [B, T, 1]]",,,"[[B, T, d_model]]","[957, 961]",7,post_attention_layernorm,,1,model.layers.7.post_attention_layernorm,aten.mul.Tensor,[],prefill,False,
963,post_attention_layernorm,,,_to_copy,"[[B, T, d_model]]",,,"[[B, T, d_model]]",[962],7,post_attention_layernorm,,1,model.layers.7.post_attention_layernorm,aten._to_copy.default,[],prefill,True,
964,post_attention_layernorm,,,elementwise_mul,"[[B, T, d_model], [d_model]]",,,"[[B, T, d_model]]",[963],7,post_attention_layernorm,,1,model.layers.7.post_attention_layernorm,aten.mul.Tensor,[model.layers.7.post_attention_layernorm.weight],prefill,False,
965,feed_forward,,,view,"[[B, T, d_model]]",,,"[[B*T, d_model]]",[964],7,feed_forward,,1,model.layers.7.feed_forward,aten.view.default,[],prefill,True,
966,feed_forward,router,,t,"[[E, d_model]]","[E, d_model]",0,"[[d_model, E]]",[],7,feed_forward,router,2,model.layers.7.feed_forward.router,aten.t.default,[model.layers.7.feed_forward.router.weight],prefill,True,
967,feed_forward,router,,matmul,"[[B*T, d_model], [d_model, E]]","[E, d_model]",1,"[[B*T, E]]","[965, 966]",7,feed_forward,router,2,model.layers.7.feed_forward.router,aten.mm.default,[model.layers.7.feed_forward.router.weight],prefill,False,
968,feed_forward,router,,topk,"[[B*T, E]]",,,"[[B*T, 1], [B*T, 1]]",[967],7,feed_forward,router,2,model.layers.7.feed_forward.router,aten.topk.default,[],prefill,False,
969,feed_forward,router,,full_like,"[[B*T, E]]",,,"[[B*T, E]]",[967],7,feed_forward,router,2,model.layers.7.feed_forward.router,aten.full_like.default,[],prefill,True,
970,feed_forward,router,,scatter_,"[[B*T, E], [B*T, 1], [B*T, 1]]",,,"[[B*T, E]]","[968, 969]",7,feed_forward,router,2,model.layers.7.feed_forward.router,aten.scatter_.src,[],prefill,True,
971,feed_forward,router,,_to_copy,"[[B*T, E]]",,,"[[B*T, E]]",[970],7,feed_forward,router,2,model.layers.7.feed_forward.router,aten._to_copy.default,[],prefill,True,
972,feed_forward,router,,sigmoid,"[[B*T, E]]",,,"[[B*T, E]]",[971],7,feed_forward,router,2,model.layers.7.feed_forward.router,aten.sigmoid.default,[],prefill,False,
973,feed_forward,router,,_to_copy,"[[B*T, E]]",,,"[[B*T, E]]",[972],7,feed_forward,router,2,model.layers.7.feed_forward.router,aten._to_copy.default,[],prefill,True,
974,feed_forward,,,repeat,"[[B*T, d_model]]",,,"[[B*E*T, d_model]]",[965],7,feed_forward,,1,model.layers.7.feed_forward,aten.repeat.default,[],prefill,True,
975,feed_forward,,,transpose,"[[B*T, E]]",,,"[[E, B*T]]",[973],7,feed_forward,,1,model.layers.7.feed_forward,aten.transpose.int,[],prefill,True,
976,feed_forward,,,clone,"[[E, B*T]]",,,"[[E, B*T]]",[975],7,feed_forward,,1,model.layers.7.feed_forward,aten.clone.default,[],prefill,True,
977,feed_forward,,,_unsafe_view,"[[E, B*T]]",,,"[[B*E*T, 1]]",[976],7,feed_forward,,1,model.layers.7.feed_forward,aten._unsafe_view.default,[],prefill,True,
978,feed_forward,,,elementwise_mul,"[[B*E*T, d_model], [B*E*T, 1]]",,,"[[B*E*T, d_model]]","[974, 977]",7,feed_forward,,1,model.layers.7.feed_forward,aten.mul.Tensor,[],prefill,False,
979,feed_forward,experts,,view,"[[B*E*T, d_model]]",,,"[[E, B*T, d_model]]",[978],7,feed_forward,experts,2,model.layers.7.feed_forward.experts,aten.view.default,[],prefill,True,
980,feed_forward,experts,,batched_matmul,"[[E, B*T, d_model], [E, d_model, 2*d_moe]]","[E, d_model, 2*d_moe]",1,"[[E, B*T, 2*d_moe]]",[979],7,feed_forward,experts,2,model.layers.7.feed_forward.experts,aten.bmm.default,[model.layers.7.feed_forward.experts.gate_up_proj],prefill,False,
981,feed_forward,experts,,split,"[[E, B*T, 2*d_moe]]",,,"[[E, B*T, d_moe], [E, B*T, d_moe]]",[980],7,feed_forward,experts,2,model.layers.7.feed_forward.experts,aten.split.Tensor,[],prefill,True,
982,feed_forward,experts,act_fn,silu,"[[E, B*T, d_moe]]",,,"[[E, B*T, d_moe]]",[981],7,feed_forward,experts,3,model.layers.7.feed_forward.experts.act_fn,aten.silu.default,[],prefill,False,
983,feed_forward,experts,,elementwise_mul,"[[E, B*T, d_moe], [E, B*T, d_moe]]",,,"[[E, B*T, d_moe]]","[981, 982]",7,feed_forward,experts,2,model.layers.7.feed_forward.experts,aten.mul.Tensor,[],prefill,False,
984,feed_forward,experts,,batched_matmul,"[[E, B*T, d_moe], [E, d_moe, d_model]]","[E, d_moe, d_model]",1,"[[E, B*T, d_model]]",[983],7,feed_forward,experts,2,model.layers.7.feed_forward.experts,aten.bmm.default,[model.layers.7.feed_forward.experts.down_proj],prefill,False,
985,feed_forward,experts,,view,"[[E, B*T, d_model]]",,,"[[B*E*T, d_model]]",[984],7,feed_forward,experts,2,model.layers.7.feed_forward.experts,aten.view.default,[],prefill,True,
986,feed_forward,shared_expert,gate_proj,t,"[[d_moe, d_model]]","[d_moe, d_model]",0,"[[d_model, d_moe]]",[],7,feed_forward,shared_expert,3,model.layers.7.feed_forward.shared_expert.gate_proj,aten.t.default,[model.layers.7.feed_forward.shared_expert.gate_proj.weight],prefill,True,
987,feed_forward,shared_expert,gate_proj,matmul,"[[B*T, d_model], [d_model, d_moe]]","[d_moe, d_model]",1,"[[B*T, d_moe]]","[965, 986]",7,feed_forward,shared_expert,3,model.layers.7.feed_forward.shared_expert.gate_proj,aten.mm.default,[model.layers.7.feed_forward.shared_expert.gate_proj.weight],prefill,False,
988,feed_forward,shared_expert,activation_fn,silu,"[[B*T, d_moe]]",,,"[[B*T, d_moe]]",[987],7,feed_forward,shared_expert,3,model.layers.7.feed_forward.shared_expert.activation_fn,aten.silu.default,[],prefill,False,
989,feed_forward,shared_expert,up_proj,t,"[[d_moe, d_model]]","[d_moe, d_model]",0,"[[d_model, d_moe]]",[],7,feed_forward,shared_expert,3,model.layers.7.feed_forward.shared_expert.up_proj,aten.t.default,[model.layers.7.feed_forward.shared_expert.up_proj.weight],prefill,True,
990,feed_forward,shared_expert,up_proj,matmul,"[[B*T, d_model], [d_model, d_moe]]","[d_moe, d_model]",1,"[[B*T, d_moe]]","[965, 989]",7,feed_forward,shared_expert,3,model.layers.7.feed_forward.shared_expert.up_proj,aten.mm.default,[model.layers.7.feed_forward.shared_expert.up_proj.weight],prefill,False,
991,feed_forward,shared_expert,,elementwise_mul,"[[B*T, d_moe], [B*T, d_moe]]",,,"[[B*T, d_moe]]","[988, 990]",7,feed_forward,shared_expert,2,model.layers.7.feed_forward.shared_expert,aten.mul.Tensor,[],prefill,False,
992,feed_forward,shared_expert,down_proj,t,"[[d_model, d_moe]]","[d_model, d_moe]",0,"[[d_moe, d_model]]",[],7,feed_forward,shared_expert,3,model.layers.7.feed_forward.shared_expert.down_proj,aten.t.default,[model.layers.7.feed_forward.shared_expert.down_proj.weight],prefill,True,
993,feed_forward,shared_expert,down_proj,matmul,"[[B*T, d_moe], [d_moe, d_model]]","[d_model, d_moe]",1,"[[B*T, d_model]]","[991, 992]",7,feed_forward,shared_expert,3,model.layers.7.feed_forward.shared_expert.down_proj,aten.mm.default,[model.layers.7.feed_forward.shared_expert.down_proj.weight],prefill,False,
994,feed_forward,,,view,"[[B*E*T, d_model]]",,,"[[E, B*T, d_model]]",[985],7,feed_forward,,1,model.layers.7.feed_forward,aten.view.default,[],prefill,True,
995,feed_forward,,,sum,"[[E, B*T, d_model]]",,,"[[B*T, d_model]]",[994],7,feed_forward,,1,model.layers.7.feed_forward,aten.sum.dim_IntList,[],prefill,True,
996,feed_forward,,,add_,"[[B*T, d_model], [B*T, d_model]]",,,"[[B*T, d_model]]","[993, 995]",7,feed_forward,,1,model.layers.7.feed_forward,aten.add_.Tensor,[],prefill,True,
997,,,,view,"[[B*T, d_model]]",,,"[[B, T, d_model]]",[996],7,,,0,model.layers.7,aten.view.default,[],prefill,True,
998,,,,elementwise_add,"[[B, T, d_model], [B, T, d_model]]",,,"[[B, T, d_model]]","[956, 997]",7,,,0,model.layers.7,aten.add.Tensor,[],prefill,False,
999,input_layernorm,,,_to_copy,"[[B, T, d_model]]",,,"[[B, T, d_model]]",[998],8,input_layernorm,,1,model.layers.8.input_layernorm,aten._to_copy.default,[],prefill,True,
1000,input_layernorm,,,pow,"[[B, T, d_model]]",,,"[[B, T, d_model]]",[999],8,input_layernorm,,1,model.layers.8.input_layernorm,aten.pow.Tensor_Scalar,[],prefill,False,
1001,input_layernorm,,,mean,"[[B, T, d_model]]",,,"[[B, T, 1]]",[1000],8,input_layernorm,,1,model.layers.8.input_layernorm,aten.mean.dim,[],prefill,False,
1002,input_layernorm,,,elementwise_add,"[[B, T, 1]]",,,"[[B, T, 1]]",[1001],8,input_layernorm,,1,model.layers.8.input_layernorm,aten.add.Tensor,[],prefill,False,
1003,input_layernorm,,,rsqrt,"[[B, T, 1]]",,,"[[B, T, 1]]",[1002],8,input_layernorm,,1,model.layers.8.input_layernorm,aten.rsqrt.default,[],prefill,False,
1004,input_layernorm,,,elementwise_mul,"[[B, T, d_model], [B, T, 1]]",,,"[[B, T, d_model]]","[999, 1003]",8,input_layernorm,,1,model.layers.8.input_layernorm,aten.mul.Tensor,[],prefill,False,
1005,input_layernorm,,,_to_copy,"[[B, T, d_model]]",,,"[[B, T, d_model]]",[1004],8,input_layernorm,,1,model.layers.8.input_layernorm,aten._to_copy.default,[],prefill,True,
1006,input_layernorm,,,elementwise_mul,"[[B, T, d_model], [d_model]]",,,"[[B, T, d_model]]",[1005],8,input_layernorm,,1,model.layers.8.input_layernorm,aten.mul.Tensor,[model.layers.8.input_layernorm.weight],prefill,False,
1007,self_attn,q_proj,,t,"[[n_h*d_head, d_model]]","[n_h*d_head, d_model]",0,"[[d_model, n_h*d_head]]",[],8,self_attn,q_proj,2,model.layers.8.self_attn.q_proj,aten.t.default,[model.layers.8.self_attn.q_proj.weight],prefill,True,
1008,self_attn,q_proj,,view,"[[B, T, d_model]]",,,"[[B*T, d_model]]",[1006],8,self_attn,q_proj,2,model.layers.8.self_attn.q_proj,aten.view.default,[],prefill,True,
1009,self_attn,q_proj,,matmul,"[[B*T, d_model], [d_model, n_h*d_head]]","[n_h*d_head, d_model]",1,"[[B*T, n_h*d_head]]","[1007, 1008]",8,self_attn,q_proj,2,model.layers.8.self_attn.q_proj,aten.mm.default,[model.layers.8.self_attn.q_proj.weight],prefill,False,
1010,self_attn,q_proj,,_unsafe_view,"[[B*T, n_h*d_head]]",,,"[[B, T, n_h*d_head]]",[1009],8,self_attn,q_proj,2,model.layers.8.self_attn.q_proj,aten._unsafe_view.default,[],prefill,True,
1011,self_attn,,,view,"[[B, T, n_h*d_head]]",,,"[[B, T, n_h, d_head]]",[1010],8,self_attn,,1,model.layers.8.self_attn,aten.view.default,[],prefill,True,
1012,self_attn,k_proj,,t,"[[n_kv*d_head, d_model]]","[n_kv*d_head, d_model]",0,"[[d_model, n_kv*d_head]]",[],8,self_attn,k_proj,2,model.layers.8.self_attn.k_proj,aten.t.default,[model.layers.8.self_attn.k_proj.weight],prefill,True,
1013,self_attn,k_proj,,view,"[[B, T, d_model]]",,,"[[B*T, d_model]]",[1006],8,self_attn,k_proj,2,model.layers.8.self_attn.k_proj,aten.view.default,[],prefill,True,
1014,self_attn,k_proj,,matmul,"[[B*T, d_model], [d_model, n_kv*d_head]]","[n_kv*d_head, d_model]",1,"[[B*T, n_kv*d_head]]","[1012, 1013]",8,self_attn,k_proj,2,model.layers.8.self_attn.k_proj,aten.mm.default,[model.layers.8.self_attn.k_proj.weight],prefill,False,
1015,self_attn,k_proj,,_unsafe_view,"[[B*T, n_kv*d_head]]",,,"[[B, T, n_kv*d_head]]",[1014],8,self_attn,k_proj,2,model.layers.8.self_attn.k_proj,aten._unsafe_view.default,[],prefill,True,
1016,self_attn,,,view,"[[B, T, n_kv*d_head]]",,,"[[B, T, n_kv, d_head]]",[1015],8,self_attn,,1,model.layers.8.self_attn,aten.view.default,[],prefill,True,
1017,self_attn,v_proj,,t,"[[n_kv*d_head, d_model]]","[n_kv*d_head, d_model]",0,"[[d_model, n_kv*d_head]]",[],8,self_attn,v_proj,2,model.layers.8.self_attn.v_proj,aten.t.default,[model.layers.8.self_attn.v_proj.weight],prefill,True,
1018,self_attn,v_proj,,view,"[[B, T, d_model]]",,,"[[B*T, d_model]]",[1006],8,self_attn,v_proj,2,model.layers.8.self_attn.v_proj,aten.view.default,[],prefill,True,
1019,self_attn,v_proj,,matmul,"[[B*T, d_model], [d_model, n_kv*d_head]]","[n_kv*d_head, d_model]",1,"[[B*T, n_kv*d_head]]","[1017, 1018]",8,self_attn,v_proj,2,model.layers.8.self_attn.v_proj,aten.mm.default,[model.layers.8.self_attn.v_proj.weight],prefill,False,
1020,self_attn,v_proj,,_unsafe_view,"[[B*T, n_kv*d_head]]",,,"[[B, T, n_kv*d_head]]",[1019],8,self_attn,v_proj,2,model.layers.8.self_attn.v_proj,aten._unsafe_view.default,[],prefill,True,
1021,self_attn,,,view,"[[B, T, n_kv*d_head]]",,,"[[B, T, n_kv, d_head]]",[1020],8,self_attn,,1,model.layers.8.self_attn,aten.view.default,[],prefill,True,
1022,self_attn,,,transpose,"[[B, T, n_kv, d_head]]",,,"[[B, n_kv, T, d_head]]",[1021],8,self_attn,,1,model.layers.8.self_attn,aten.transpose.int,[],prefill,True,
1023,self_attn,,,_to_copy,"[[B, T, n_h, d_head]]",,,"[[B, T, n_h, d_head]]",[1011],8,self_attn,,1,model.layers.8.self_attn,aten._to_copy.default,[],prefill,True,
1024,self_attn,,,view,"[[B, T, n_h, d_head]]",,,"[[B, T, n_h, d_head/2, 2]]",[1023],8,self_attn,,1,model.layers.8.self_attn,aten.view.default,[],prefill,True,
1025,self_attn,,,view_as_complex,"[[B, T, n_h, d_head/2, 2]]",,,"[[B, T, n_h, d_head/2]]",[1024],8,self_attn,,1,model.layers.8.self_attn,aten.view_as_complex.default,[],prefill,True,
1026,self_attn,,,_to_copy,"[[B, T, n_kv, d_head]]",,,"[[B, T, n_kv, d_head]]",[1016],8,self_attn,,1,model.layers.8.self_attn,aten._to_copy.default,[],prefill,True,
1027,self_attn,,,view,"[[B, T, n_kv, d_head]]",,,"[[B, T, n_kv, d_head/2, 2]]",[1026],8,self_attn,,1,model.layers.8.self_attn,aten.view.default,[],prefill,True,
1028,self_attn,,,view_as_complex,"[[B, T, n_kv, d_head/2, 2]]",,,"[[B, T, n_kv, d_head/2]]",[1027],8,self_attn,,1,model.layers.8.self_attn,aten.view_as_complex.default,[],prefill,True,
1029,self_attn,,,unsqueeze,"[[B, T, d_head/2]]",,,"[[B, T, 1, d_head/2]]",[106],8,self_attn,,1,model.layers.8.self_attn,aten.unsqueeze.default,[],prefill,True,
1030,self_attn,,,elementwise_mul,"[[B, T, n_h, d_head/2], [B, T, 1, d_head/2]]",,,"[[B, T, n_h, d_head/2]]","[1025, 1029]",8,self_attn,,1,model.layers.8.self_attn,aten.mul.Tensor,[],prefill,False,
1031,self_attn,,,view_as_real,"[[B, T, n_h, d_head/2]]",,,"[[B, T, n_h, d_head/2, 2]]",[1030],8,self_attn,,1,model.layers.8.self_attn,aten.view_as_real.default,[],prefill,True,
1032,self_attn,,,view,"[[B, T, n_h, d_head/2, 2]]",,,"[[B, T, n_h, d_head]]",[1031],8,self_attn,,1,model.layers.8.self_attn,aten.view.default,[],prefill,True,
1033,self_attn,,,unsqueeze,"[[B, T, d_head/2]]",,,"[[B, T, 1, d_head/2]]",[106],8,self_attn,,1,model.layers.8.self_attn,aten.unsqueeze.default,[],prefill,True,
1034,self_attn,,,elementwise_mul,"[[B, T, n_kv, d_head/2], [B, T, 1, d_head/2]]",,,"[[B, T, n_kv, d_head/2]]","[1028, 1033]",8,self_attn,,1,model.layers.8.self_attn,aten.mul.Tensor,[],prefill,False,
1035,self_attn,,,view_as_real,"[[B, T, n_kv, d_head/2]]",,,"[[B, T, n_kv, d_head/2, 2]]",[1034],8,self_attn,,1,model.layers.8.self_attn,aten.view_as_real.default,[],prefill,True,
1036,self_attn,,,view,"[[B, T, n_kv, d_head/2, 2]]",,,"[[B, T, n_kv, d_head]]",[1035],8,self_attn,,1,model.layers.8.self_attn,aten.view.default,[],prefill,True,
1037,self_attn,,,_to_copy,"[[B, T, n_h, d_head]]",,,"[[B, T, n_h, d_head]]",[1032],8,self_attn,,1,model.layers.8.self_attn,aten._to_copy.default,[],prefill,True,
1038,self_attn,,,_to_copy,"[[B, T, n_kv, d_head]]",,,"[[B, T, n_kv, d_head]]",[1036],8,self_attn,,1,model.layers.8.self_attn,aten._to_copy.default,[],prefill,True,
1039,self_attn,,,transpose,"[[B, T, n_h, d_head]]",,,"[[B, n_h, T, d_head]]",[1037],8,self_attn,,1,model.layers.8.self_attn,aten.transpose.int,[],prefill,True,
1040,self_attn,,,transpose,"[[B, T, n_kv, d_head]]",,,"[[B, n_kv, T, d_head]]",[1038],8,self_attn,,1,model.layers.8.self_attn,aten.transpose.int,[],prefill,True,
1041,self_attn,,,_to_copy,[[]],,,[[]],[7],8,self_attn,,1,model.layers.8.self_attn,aten._to_copy.default,[],prefill,True,
1042,self_attn,,,concat,"[[0], [B, n_kv, T, d_head]]",,,"[[B, n_kv, T, d_head]]",[1040],8,self_attn,,1,model.layers.8.self_attn,aten.cat.default,[],prefill,False,
1043,self_attn,,,concat,"[[0], [B, n_kv, T, d_head]]",,,"[[B, n_kv, T, d_head]]",[1022],8,self_attn,,1,model.layers.8.self_attn,aten.cat.default,[],prefill,False,
1044,self_attn,,,slice,"[[B, n_kv, T, d_head]]",,,"[[B, n_kv, T, d_head]]",[1042],8,self_attn,,1,model.layers.8.self_attn,aten.slice.Tensor,[],prefill,True,
1045,self_attn,,,slice,"[[B, n_kv, T, d_head]]",,,"[[B, n_kv, T, d_head]]",[1043],8,self_attn,,1,model.layers.8.self_attn,aten.slice.Tensor,[],prefill,True,
1046,self_attn,,,unsqueeze,"[[B, n_kv, T, d_head]]",,,"[[B, n_kv, 1, T, d_head]]",[1042],8,self_attn,,1,model.layers.8.self_attn,aten.unsqueeze.default,[],prefill,True,
1047,self_attn,,,expand,"[[B, n_kv, 1, T, d_head]]",,,"[[B, n_kv, n_h/n_kv, T, d_head]]",[1046],8,self_attn,,1,model.layers.8.self_attn,aten.expand.default,[],prefill,True,
1048,self_attn,,,clone,"[[B, n_kv, n_h/n_kv, T, d_head]]",,,"[[B, n_kv, n_h/n_kv, T, d_head]]",[1047],8,self_attn,,1,model.layers.8.self_attn,aten.clone.default,[],prefill,True,
1049,self_attn,,,_unsafe_view,"[[B, n_kv, n_h/n_kv, T, d_head]]",,,"[[B, n_h, T, d_head]]",[1048],8,self_attn,,1,model.layers.8.self_attn,aten._unsafe_view.default,[],prefill,True,
1050,self_attn,,,unsqueeze,"[[B, n_kv, T, d_head]]",,,"[[B, n_kv, 1, T, d_head]]",[1043],8,self_attn,,1,model.layers.8.self_attn,aten.unsqueeze.default,[],prefill,True,
1051,self_attn,,,expand,"[[B, n_kv, 1, T, d_head]]",,,"[[B, n_kv, n_h/n_kv, T, d_head]]",[1050],8,self_attn,,1,model.layers.8.self_attn,aten.expand.default,[],prefill,True,
1052,self_attn,,,clone,"[[B, n_kv, n_h/n_kv, T, d_head]]",,,"[[B, n_kv, n_h/n_kv, T, d_head]]",[1051],8,self_attn,,1,model.layers.8.self_attn,aten.clone.default,[],prefill,True,
1053,self_attn,,,_unsafe_view,"[[B, n_kv, n_h/n_kv, T, d_head]]",,,"[[B, n_h, T, d_head]]",[1052],8,self_attn,,1,model.layers.8.self_attn,aten._unsafe_view.default,[],prefill,True,
1054,self_attn,,,transpose,"[[B, n_h, T, d_head]]",,,"[[B, n_h, d_head, T]]",[1049],8,self_attn,,1,model.layers.8.self_attn,aten.transpose.int,[],prefill,True,
1055,self_attn,,,expand,"[[B, n_h, T, d_head]]",,,"[[B, n_h, T, d_head]]",[1039],8,self_attn,,1,model.layers.8.self_attn,aten.expand.default,[],prefill,True,
1056,self_attn,,,clone,"[[B, n_h, T, d_head]]",,,"[[B, n_h, T, d_head]]",[1055],8,self_attn,,1,model.layers.8.self_attn,aten.clone.default,[],prefill,True,
1057,self_attn,,,_unsafe_view,"[[B, n_h, T, d_head]]",,,"[[B*n_h, T, d_head]]",[1056],8,self_attn,,1,model.layers.8.self_attn,aten._unsafe_view.default,[],prefill,True,
1058,self_attn,,,expand,"[[B, n_h, d_head, T]]",,,"[[B, n_h, d_head, T]]",[1054],8,self_attn,,1,model.layers.8.self_attn,aten.expand.default,[],prefill,True,
1059,self_attn,,,view,"[[B, n_h, d_head, T]]",,,"[[B*n_h, d_head, T]]",[1058],8,self_attn,,1,model.layers.8.self_attn,aten.view.default,[],prefill,True,
1060,self_attn,,,batched_matmul,"[[B*n_h, T, d_head], [B*n_h, d_head, T]]",,,"[[B*n_h, T, T]]","[1057, 1059]",8,self_attn,,1,model.layers.8.self_attn,aten.bmm.default,[],prefill,False,
1061,self_attn,,,_unsafe_view,"[[B*n_h, T, T]]",,,"[[B, n_h, T, T]]",[1060],8,self_attn,,1,model.layers.8.self_attn,aten._unsafe_view.default,[],prefill,True,
1062,self_attn,,,elementwise_mul,"[[B, n_h, T, T]]",,,"[[B, n_h, T, T]]",[1061],8,self_attn,,1,model.layers.8.self_attn,aten.mul.Tensor,[],prefill,False,
1063,self_attn,,,elementwise_add,"[[B, n_h, T, T], [B, 1, T, T]]",,,"[[B, n_h, T, T]]","[91, 1062]",8,self_attn,,1,model.layers.8.self_attn,aten.add.Tensor,[],prefill,False,
1064,self_attn,,,softmax,"[[B, n_h, T, T]]",,,"[[B, n_h, T, T]]",[1063],8,self_attn,,1,model.layers.8.self_attn,aten._softmax.default,[],prefill,False,
1065,self_attn,,,expand,"[[B, n_h, T, T]]",,,"[[B, n_h, T, T]]",[1064],8,self_attn,,1,model.layers.8.self_attn,aten.expand.default,[],prefill,True,
1066,self_attn,,,view,"[[B, n_h, T, T]]",,,"[[B*n_h, T, T]]",[1065],8,self_attn,,1,model.layers.8.self_attn,aten.view.default,[],prefill,True,
1067,self_attn,,,expand,"[[B, n_h, T, d_head]]",,,"[[B, n_h, T, d_head]]",[1053],8,self_attn,,1,model.layers.8.self_attn,aten.expand.default,[],prefill,True,
1068,self_attn,,,view,"[[B, n_h, T, d_head]]",,,"[[B*n_h, T, d_head]]",[1067],8,self_attn,,1,model.layers.8.self_attn,aten.view.default,[],prefill,True,
1069,self_attn,,,batched_matmul,"[[B*n_h, T, T], [B*n_h, T, d_head]]",,,"[[B*n_h, T, d_head]]","[1066, 1068]",8,self_attn,,1,model.layers.8.self_attn,aten.bmm.default,[],prefill,False,
1070,self_attn,,,_unsafe_view,"[[B*n_h, T, d_head]]",,,"[[B, n_h, T, d_head]]",[1069],8,self_attn,,1,model.layers.8.self_attn,aten._unsafe_view.default,[],prefill,True,
1071,self_attn,,,transpose,"[[B, n_h, T, d_head]]",,,"[[B, T, n_h, d_head]]",[1070],8,self_attn,,1,model.layers.8.self_attn,aten.transpose.int,[],prefill,True,
1072,self_attn,,,clone,"[[B, T, n_h, d_head]]",,,"[[B, T, n_h, d_head]]",[1071],8,self_attn,,1,model.layers.8.self_attn,aten.clone.default,[],prefill,True,
1073,self_attn,,,view,"[[B, T, n_h, d_head]]",,,"[[B, T, n_h*d_head]]",[1072],8,self_attn,,1,model.layers.8.self_attn,aten.view.default,[],prefill,True,
1074,self_attn,o_proj,,t,"[[d_model, n_h*d_head]]","[d_model, n_h*d_head]",0,"[[n_h*d_head, d_model]]",[],8,self_attn,o_proj,2,model.layers.8.self_attn.o_proj,aten.t.default,[model.layers.8.self_attn.o_proj.weight],prefill,True,
1075,self_attn,o_proj,,view,"[[B, T, n_h*d_head]]",,,"[[B*T, n_h*d_head]]",[1073],8,self_attn,o_proj,2,model.layers.8.self_attn.o_proj,aten.view.default,[],prefill,True,
1076,self_attn,o_proj,,matmul,"[[B*T, n_h*d_head], [n_h*d_head, d_model]]","[d_model, n_h*d_head]",1,"[[B*T, d_model]]","[1074, 1075]",8,self_attn,o_proj,2,model.layers.8.self_attn.o_proj,aten.mm.default,[model.layers.8.self_attn.o_proj.weight],prefill,False,
1077,self_attn,o_proj,,_unsafe_view,"[[B*T, d_model]]",,,"[[B, T, d_model]]",[1076],8,self_attn,o_proj,2,model.layers.8.self_attn.o_proj,aten._unsafe_view.default,[],prefill,True,
1078,,,,elementwise_add,"[[B, T, d_model], [B, T, d_model]]",,,"[[B, T, d_model]]","[998, 1077]",8,,,0,model.layers.8,aten.add.Tensor,[],prefill,False,
1079,post_attention_layernorm,,,_to_copy,"[[B, T, d_model]]",,,"[[B, T, d_model]]",[1078],8,post_attention_layernorm,,1,model.layers.8.post_attention_layernorm,aten._to_copy.default,[],prefill,True,
1080,post_attention_layernorm,,,pow,"[[B, T, d_model]]",,,"[[B, T, d_model]]",[1079],8,post_attention_layernorm,,1,model.layers.8.post_attention_layernorm,aten.pow.Tensor_Scalar,[],prefill,False,
1081,post_attention_layernorm,,,mean,"[[B, T, d_model]]",,,"[[B, T, 1]]",[1080],8,post_attention_layernorm,,1,model.layers.8.post_attention_layernorm,aten.mean.dim,[],prefill,False,
1082,post_attention_layernorm,,,elementwise_add,"[[B, T, 1]]",,,"[[B, T, 1]]",[1081],8,post_attention_layernorm,,1,model.layers.8.post_attention_layernorm,aten.add.Tensor,[],prefill,False,
1083,post_attention_layernorm,,,rsqrt,"[[B, T, 1]]",,,"[[B, T, 1]]",[1082],8,post_attention_layernorm,,1,model.layers.8.post_attention_layernorm,aten.rsqrt.default,[],prefill,False,
1084,post_attention_layernorm,,,elementwise_mul,"[[B, T, d_model], [B, T, 1]]",,,"[[B, T, d_model]]","[1079, 1083]",8,post_attention_layernorm,,1,model.layers.8.post_attention_layernorm,aten.mul.Tensor,[],prefill,False,
1085,post_attention_layernorm,,,_to_copy,"[[B, T, d_model]]",,,"[[B, T, d_model]]",[1084],8,post_attention_layernorm,,1,model.layers.8.post_attention_layernorm,aten._to_copy.default,[],prefill,True,
1086,post_attention_layernorm,,,elementwise_mul,"[[B, T, d_model], [d_model]]",,,"[[B, T, d_model]]",[1085],8,post_attention_layernorm,,1,model.layers.8.post_attention_layernorm,aten.mul.Tensor,[model.layers.8.post_attention_layernorm.weight],prefill,False,
1087,feed_forward,gate_proj,,t,"[[d_ff, d_model]]","[d_ff, d_model]",0,"[[d_model, d_ff]]",[],8,feed_forward,gate_proj,2,model.layers.8.feed_forward.gate_proj,aten.t.default,[model.layers.8.feed_forward.gate_proj.weight],prefill,True,
1088,feed_forward,gate_proj,,view,"[[B, T, d_model]]",,,"[[B*T, d_model]]",[1086],8,feed_forward,gate_proj,2,model.layers.8.feed_forward.gate_proj,aten.view.default,[],prefill,True,
1089,feed_forward,gate_proj,,matmul,"[[B*T, d_model], [d_model, d_ff]]","[d_ff, d_model]",1,"[[B*T, d_ff]]","[1087, 1088]",8,feed_forward,gate_proj,2,model.layers.8.feed_forward.gate_proj,aten.mm.default,[model.layers.8.feed_forward.gate_proj.weight],prefill,False,
1090,feed_forward,gate_proj,,_unsafe_view,"[[B*T, d_ff]]",,,"[[B, T, d_ff]]",[1089],8,feed_forward,gate_proj,2,model.layers.8.feed_forward.gate_proj,aten._unsafe_view.default,[],prefill,True,
1091,feed_forward,activation_fn,,silu,"[[B, T, d_ff]]",,,"[[B, T, d_ff]]",[1090],8,feed_forward,activation_fn,2,model.layers.8.feed_forward.activation_fn,aten.silu.default,[],prefill,False,
1092,feed_forward,up_proj,,t,"[[d_ff, d_model]]","[d_ff, d_model]",0,"[[d_model, d_ff]]",[],8,feed_forward,up_proj,2,model.layers.8.feed_forward.up_proj,aten.t.default,[model.layers.8.feed_forward.up_proj.weight],prefill,True,
1093,feed_forward,up_proj,,view,"[[B, T, d_model]]",,,"[[B*T, d_model]]",[1086],8,feed_forward,up_proj,2,model.layers.8.feed_forward.up_proj,aten.view.default,[],prefill,True,
1094,feed_forward,up_proj,,matmul,"[[B*T, d_model], [d_model, d_ff]]","[d_ff, d_model]",1,"[[B*T, d_ff]]","[1092, 1093]",8,feed_forward,up_proj,2,model.layers.8.feed_forward.up_proj,aten.mm.default,[model.layers.8.feed_forward.up_proj.weight],prefill,False,
1095,feed_forward,up_proj,,_unsafe_view,"[[B*T, d_ff]]",,,"[[B, T, d_ff]]",[1094],8,feed_forward,up_proj,2,model.layers.8.feed_forward.up_proj,aten._unsafe_view.default,[],prefill,True,
1096,feed_forward,,,elementwise_mul,"[[B, T, d_ff], [B, T, d_ff]]",,,"[[B, T, d_ff]]","[1091, 1095]",8,feed_forward,,1,model.layers.8.feed_forward,aten.mul.Tensor,[],prefill,False,
1097,feed_forward,down_proj,,t,"[[d_model, d_ff]]","[d_model, d_ff]",0,"[[d_ff, d_model]]",[],8,feed_forward,down_proj,2,model.layers.8.feed_forward.down_proj,aten.t.default,[model.layers.8.feed_forward.down_proj.weight],prefill,True,
1098,feed_forward,down_proj,,view,"[[B, T, d_ff]]",,,"[[B*T, d_ff]]",[1096],8,feed_forward,down_proj,2,model.layers.8.feed_forward.down_proj,aten.view.default,[],prefill,True,
1099,feed_forward,down_proj,,matmul,"[[B*T, d_ff], [d_ff, d_model]]","[d_model, d_ff]",1,"[[B*T, d_model]]","[1097, 1098]",8,feed_forward,down_proj,2,model.layers.8.feed_forward.down_proj,aten.mm.default,[model.layers.8.feed_forward.down_proj.weight],prefill,False,
1100,feed_forward,down_proj,,_unsafe_view,"[[B*T, d_model]]",,,"[[B, T, d_model]]",[1099],8,feed_forward,down_proj,2,model.layers.8.feed_forward.down_proj,aten._unsafe_view.default,[],prefill,True,
1101,,,,view,"[[B, T, d_model]]",,,"[[B, T, d_model]]",[1100],8,,,0,model.layers.8,aten.view.default,[],prefill,True,
1102,,,,elementwise_add,"[[B, T, d_model], [B, T, d_model]]",,,"[[B, T, d_model]]","[1078, 1101]",8,,,0,model.layers.8,aten.add.Tensor,[],prefill,False,
1103,input_layernorm,,,_to_copy,"[[B, T, d_model]]",,,"[[B, T, d_model]]",[1102],9,input_layernorm,,1,model.layers.9.input_layernorm,aten._to_copy.default,[],prefill,True,
1104,input_layernorm,,,pow,"[[B, T, d_model]]",,,"[[B, T, d_model]]",[1103],9,input_layernorm,,1,model.layers.9.input_layernorm,aten.pow.Tensor_Scalar,[],prefill,False,
1105,input_layernorm,,,mean,"[[B, T, d_model]]",,,"[[B, T, 1]]",[1104],9,input_layernorm,,1,model.layers.9.input_layernorm,aten.mean.dim,[],prefill,False,
1106,input_layernorm,,,elementwise_add,"[[B, T, 1]]",,,"[[B, T, 1]]",[1105],9,input_layernorm,,1,model.layers.9.input_layernorm,aten.add.Tensor,[],prefill,False,
1107,input_layernorm,,,rsqrt,"[[B, T, 1]]",,,"[[B, T, 1]]",[1106],9,input_layernorm,,1,model.layers.9.input_layernorm,aten.rsqrt.default,[],prefill,False,
1108,input_layernorm,,,elementwise_mul,"[[B, T, d_model], [B, T, 1]]",,,"[[B, T, d_model]]","[1103, 1107]",9,input_layernorm,,1,model.layers.9.input_layernorm,aten.mul.Tensor,[],prefill,False,
1109,input_layernorm,,,_to_copy,"[[B, T, d_model]]",,,"[[B, T, d_model]]",[1108],9,input_layernorm,,1,model.layers.9.input_layernorm,aten._to_copy.default,[],prefill,True,
1110,input_layernorm,,,elementwise_mul,"[[B, T, d_model], [d_model]]",,,"[[B, T, d_model]]",[1109],9,input_layernorm,,1,model.layers.9.input_layernorm,aten.mul.Tensor,[model.layers.9.input_layernorm.weight],prefill,False,
1111,self_attn,q_proj,,t,"[[n_h*d_head, d_model]]","[n_h*d_head, d_model]",0,"[[d_model, n_h*d_head]]",[],9,self_attn,q_proj,2,model.layers.9.self_attn.q_proj,aten.t.default,[model.layers.9.self_attn.q_proj.weight],prefill,True,
1112,self_attn,q_proj,,view,"[[B, T, d_model]]",,,"[[B*T, d_model]]",[1110],9,self_attn,q_proj,2,model.layers.9.self_attn.q_proj,aten.view.default,[],prefill,True,
1113,self_attn,q_proj,,matmul,"[[B*T, d_model], [d_model, n_h*d_head]]","[n_h*d_head, d_model]",1,"[[B*T, n_h*d_head]]","[1111, 1112]",9,self_attn,q_proj,2,model.layers.9.self_attn.q_proj,aten.mm.default,[model.layers.9.self_attn.q_proj.weight],prefill,False,
1114,self_attn,q_proj,,_unsafe_view,"[[B*T, n_h*d_head]]",,,"[[B, T, n_h*d_head]]",[1113],9,self_attn,q_proj,2,model.layers.9.self_attn.q_proj,aten._unsafe_view.default,[],prefill,True,
1115,self_attn,,,view,"[[B, T, n_h*d_head]]",,,"[[B, T, n_h, d_head]]",[1114],9,self_attn,,1,model.layers.9.self_attn,aten.view.default,[],prefill,True,
1116,self_attn,k_proj,,t,"[[n_kv*d_head, d_model]]","[n_kv*d_head, d_model]",0,"[[d_model, n_kv*d_head]]",[],9,self_attn,k_proj,2,model.layers.9.self_attn.k_proj,aten.t.default,[model.layers.9.self_attn.k_proj.weight],prefill,True,
1117,self_attn,k_proj,,view,"[[B, T, d_model]]",,,"[[B*T, d_model]]",[1110],9,self_attn,k_proj,2,model.layers.9.self_attn.k_proj,aten.view.default,[],prefill,True,
1118,self_attn,k_proj,,matmul,"[[B*T, d_model], [d_model, n_kv*d_head]]","[n_kv*d_head, d_model]",1,"[[B*T, n_kv*d_head]]","[1116, 1117]",9,self_attn,k_proj,2,model.layers.9.self_attn.k_proj,aten.mm.default,[model.layers.9.self_attn.k_proj.weight],prefill,False,
1119,self_attn,k_proj,,_unsafe_view,"[[B*T, n_kv*d_head]]",,,"[[B, T, n_kv*d_head]]",[1118],9,self_attn,k_proj,2,model.layers.9.self_attn.k_proj,aten._unsafe_view.default,[],prefill,True,
1120,self_attn,,,view,"[[B, T, n_kv*d_head]]",,,"[[B, T, n_kv, d_head]]",[1119],9,self_attn,,1,model.layers.9.self_attn,aten.view.default,[],prefill,True,
1121,self_attn,v_proj,,t,"[[n_kv*d_head, d_model]]","[n_kv*d_head, d_model]",0,"[[d_model, n_kv*d_head]]",[],9,self_attn,v_proj,2,model.layers.9.self_attn.v_proj,aten.t.default,[model.layers.9.self_attn.v_proj.weight],prefill,True,
1122,self_attn,v_proj,,view,"[[B, T, d_model]]",,,"[[B*T, d_model]]",[1110],9,self_attn,v_proj,2,model.layers.9.self_attn.v_proj,aten.view.default,[],prefill,True,
1123,self_attn,v_proj,,matmul,"[[B*T, d_model], [d_model, n_kv*d_head]]","[n_kv*d_head, d_model]",1,"[[B*T, n_kv*d_head]]","[1121, 1122]",9,self_attn,v_proj,2,model.layers.9.self_attn.v_proj,aten.mm.default,[model.layers.9.self_attn.v_proj.weight],prefill,False,
1124,self_attn,v_proj,,_unsafe_view,"[[B*T, n_kv*d_head]]",,,"[[B, T, n_kv*d_head]]",[1123],9,self_attn,v_proj,2,model.layers.9.self_attn.v_proj,aten._unsafe_view.default,[],prefill,True,
1125,self_attn,,,view,"[[B, T, n_kv*d_head]]",,,"[[B, T, n_kv, d_head]]",[1124],9,self_attn,,1,model.layers.9.self_attn,aten.view.default,[],prefill,True,
1126,self_attn,,,transpose,"[[B, T, n_kv, d_head]]",,,"[[B, n_kv, T, d_head]]",[1125],9,self_attn,,1,model.layers.9.self_attn,aten.transpose.int,[],prefill,True,
1127,self_attn,,,_to_copy,"[[B, T, n_h, d_head]]",,,"[[B, T, n_h, d_head]]",[1115],9,self_attn,,1,model.layers.9.self_attn,aten._to_copy.default,[],prefill,True,
1128,self_attn,,,view,"[[B, T, n_h, d_head]]",,,"[[B, T, n_h, d_head/2, 2]]",[1127],9,self_attn,,1,model.layers.9.self_attn,aten.view.default,[],prefill,True,
1129,self_attn,,,view_as_complex,"[[B, T, n_h, d_head/2, 2]]",,,"[[B, T, n_h, d_head/2]]",[1128],9,self_attn,,1,model.layers.9.self_attn,aten.view_as_complex.default,[],prefill,True,
1130,self_attn,,,_to_copy,"[[B, T, n_kv, d_head]]",,,"[[B, T, n_kv, d_head]]",[1120],9,self_attn,,1,model.layers.9.self_attn,aten._to_copy.default,[],prefill,True,
1131,self_attn,,,view,"[[B, T, n_kv, d_head]]",,,"[[B, T, n_kv, d_head/2, 2]]",[1130],9,self_attn,,1,model.layers.9.self_attn,aten.view.default,[],prefill,True,
1132,self_attn,,,view_as_complex,"[[B, T, n_kv, d_head/2, 2]]",,,"[[B, T, n_kv, d_head/2]]",[1131],9,self_attn,,1,model.layers.9.self_attn,aten.view_as_complex.default,[],prefill,True,
1133,self_attn,,,unsqueeze,"[[B, T, d_head/2]]",,,"[[B, T, 1, d_head/2]]",[106],9,self_attn,,1,model.layers.9.self_attn,aten.unsqueeze.default,[],prefill,True,
1134,self_attn,,,elementwise_mul,"[[B, T, n_h, d_head/2], [B, T, 1, d_head/2]]",,,"[[B, T, n_h, d_head/2]]","[1129, 1133]",9,self_attn,,1,model.layers.9.self_attn,aten.mul.Tensor,[],prefill,False,
1135,self_attn,,,view_as_real,"[[B, T, n_h, d_head/2]]",,,"[[B, T, n_h, d_head/2, 2]]",[1134],9,self_attn,,1,model.layers.9.self_attn,aten.view_as_real.default,[],prefill,True,
1136,self_attn,,,view,"[[B, T, n_h, d_head/2, 2]]",,,"[[B, T, n_h, d_head]]",[1135],9,self_attn,,1,model.layers.9.self_attn,aten.view.default,[],prefill,True,
1137,self_attn,,,unsqueeze,"[[B, T, d_head/2]]",,,"[[B, T, 1, d_head/2]]",[106],9,self_attn,,1,model.layers.9.self_attn,aten.unsqueeze.default,[],prefill,True,
1138,self_attn,,,elementwise_mul,"[[B, T, n_kv, d_head/2], [B, T, 1, d_head/2]]",,,"[[B, T, n_kv, d_head/2]]","[1132, 1137]",9,self_attn,,1,model.layers.9.self_attn,aten.mul.Tensor,[],prefill,False,
1139,self_attn,,,view_as_real,"[[B, T, n_kv, d_head/2]]",,,"[[B, T, n_kv, d_head/2, 2]]",[1138],9,self_attn,,1,model.layers.9.self_attn,aten.view_as_real.default,[],prefill,True,
1140,self_attn,,,view,"[[B, T, n_kv, d_head/2, 2]]",,,"[[B, T, n_kv, d_head]]",[1139],9,self_attn,,1,model.layers.9.self_attn,aten.view.default,[],prefill,True,
1141,self_attn,,,_to_copy,"[[B, T, n_h, d_head]]",,,"[[B, T, n_h, d_head]]",[1136],9,self_attn,,1,model.layers.9.self_attn,aten._to_copy.default,[],prefill,True,
1142,self_attn,,,_to_copy,"[[B, T, n_kv, d_head]]",,,"[[B, T, n_kv, d_head]]",[1140],9,self_attn,,1,model.layers.9.self_attn,aten._to_copy.default,[],prefill,True,
1143,self_attn,,,transpose,"[[B, T, n_h, d_head]]",,,"[[B, n_h, T, d_head]]",[1141],9,self_attn,,1,model.layers.9.self_attn,aten.transpose.int,[],prefill,True,
1144,self_attn,,,transpose,"[[B, T, n_kv, d_head]]",,,"[[B, n_kv, T, d_head]]",[1142],9,self_attn,,1,model.layers.9.self_attn,aten.transpose.int,[],prefill,True,
1145,self_attn,,,_to_copy,[[]],,,[[]],[8],9,self_attn,,1,model.layers.9.self_attn,aten._to_copy.default,[],prefill,True,
1146,self_attn,,,concat,"[[0], [B, n_kv, T, d_head]]",,,"[[B, n_kv, T, d_head]]",[1144],9,self_attn,,1,model.layers.9.self_attn,aten.cat.default,[],prefill,False,
1147,self_attn,,,concat,"[[0], [B, n_kv, T, d_head]]",,,"[[B, n_kv, T, d_head]]",[1126],9,self_attn,,1,model.layers.9.self_attn,aten.cat.default,[],prefill,False,
1148,self_attn,,,slice,"[[B, n_kv, T, d_head]]",,,"[[B, n_kv, T, d_head]]",[1146],9,self_attn,,1,model.layers.9.self_attn,aten.slice.Tensor,[],prefill,True,
1149,self_attn,,,slice,"[[B, n_kv, T, d_head]]",,,"[[B, n_kv, T, d_head]]",[1147],9,self_attn,,1,model.layers.9.self_attn,aten.slice.Tensor,[],prefill,True,
1150,self_attn,,,unsqueeze,"[[B, n_kv, T, d_head]]",,,"[[B, n_kv, 1, T, d_head]]",[1146],9,self_attn,,1,model.layers.9.self_attn,aten.unsqueeze.default,[],prefill,True,
1151,self_attn,,,expand,"[[B, n_kv, 1, T, d_head]]",,,"[[B, n_kv, n_h/n_kv, T, d_head]]",[1150],9,self_attn,,1,model.layers.9.self_attn,aten.expand.default,[],prefill,True,
1152,self_attn,,,clone,"[[B, n_kv, n_h/n_kv, T, d_head]]",,,"[[B, n_kv, n_h/n_kv, T, d_head]]",[1151],9,self_attn,,1,model.layers.9.self_attn,aten.clone.default,[],prefill,True,
1153,self_attn,,,_unsafe_view,"[[B, n_kv, n_h/n_kv, T, d_head]]",,,"[[B, n_h, T, d_head]]",[1152],9,self_attn,,1,model.layers.9.self_attn,aten._unsafe_view.default,[],prefill,True,
1154,self_attn,,,unsqueeze,"[[B, n_kv, T, d_head]]",,,"[[B, n_kv, 1, T, d_head]]",[1147],9,self_attn,,1,model.layers.9.self_attn,aten.unsqueeze.default,[],prefill,True,
1155,self_attn,,,expand,"[[B, n_kv, 1, T, d_head]]",,,"[[B, n_kv, n_h/n_kv, T, d_head]]",[1154],9,self_attn,,1,model.layers.9.self_attn,aten.expand.default,[],prefill,True,
1156,self_attn,,,clone,"[[B, n_kv, n_h/n_kv, T, d_head]]",,,"[[B, n_kv, n_h/n_kv, T, d_head]]",[1155],9,self_attn,,1,model.layers.9.self_attn,aten.clone.default,[],prefill,True,
1157,self_attn,,,_unsafe_view,"[[B, n_kv, n_h/n_kv, T, d_head]]",,,"[[B, n_h, T, d_head]]",[1156],9,self_attn,,1,model.layers.9.self_attn,aten._unsafe_view.default,[],prefill,True,
1158,self_attn,,,transpose,"[[B, n_h, T, d_head]]",,,"[[B, n_h, d_head, T]]",[1153],9,self_attn,,1,model.layers.9.self_attn,aten.transpose.int,[],prefill,True,
1159,self_attn,,,expand,"[[B, n_h, T, d_head]]",,,"[[B, n_h, T, d_head]]",[1143],9,self_attn,,1,model.layers.9.self_attn,aten.expand.default,[],prefill,True,
1160,self_attn,,,clone,"[[B, n_h, T, d_head]]",,,"[[B, n_h, T, d_head]]",[1159],9,self_attn,,1,model.layers.9.self_attn,aten.clone.default,[],prefill,True,
1161,self_attn,,,_unsafe_view,"[[B, n_h, T, d_head]]",,,"[[B*n_h, T, d_head]]",[1160],9,self_attn,,1,model.layers.9.self_attn,aten._unsafe_view.default,[],prefill,True,
1162,self_attn,,,expand,"[[B, n_h, d_head, T]]",,,"[[B, n_h, d_head, T]]",[1158],9,self_attn,,1,model.layers.9.self_attn,aten.expand.default,[],prefill,True,
1163,self_attn,,,view,"[[B, n_h, d_head, T]]",,,"[[B*n_h, d_head, T]]",[1162],9,self_attn,,1,model.layers.9.self_attn,aten.view.default,[],prefill,True,
1164,self_attn,,,batched_matmul,"[[B*n_h, T, d_head], [B*n_h, d_head, T]]",,,"[[B*n_h, T, T]]","[1161, 1163]",9,self_attn,,1,model.layers.9.self_attn,aten.bmm.default,[],prefill,False,
1165,self_attn,,,_unsafe_view,"[[B*n_h, T, T]]",,,"[[B, n_h, T, T]]",[1164],9,self_attn,,1,model.layers.9.self_attn,aten._unsafe_view.default,[],prefill,True,
1166,self_attn,,,elementwise_mul,"[[B, n_h, T, T]]",,,"[[B, n_h, T, T]]",[1165],9,self_attn,,1,model.layers.9.self_attn,aten.mul.Tensor,[],prefill,False,
1167,self_attn,,,elementwise_add,"[[B, n_h, T, T], [B, 1, T, T]]",,,"[[B, n_h, T, T]]","[91, 1166]",9,self_attn,,1,model.layers.9.self_attn,aten.add.Tensor,[],prefill,False,
1168,self_attn,,,softmax,"[[B, n_h, T, T]]",,,"[[B, n_h, T, T]]",[1167],9,self_attn,,1,model.layers.9.self_attn,aten._softmax.default,[],prefill,False,
1169,self_attn,,,expand,"[[B, n_h, T, T]]",,,"[[B, n_h, T, T]]",[1168],9,self_attn,,1,model.layers.9.self_attn,aten.expand.default,[],prefill,True,
1170,self_attn,,,view,"[[B, n_h, T, T]]",,,"[[B*n_h, T, T]]",[1169],9,self_attn,,1,model.layers.9.self_attn,aten.view.default,[],prefill,True,
1171,self_attn,,,expand,"[[B, n_h, T, d_head]]",,,"[[B, n_h, T, d_head]]",[1157],9,self_attn,,1,model.layers.9.self_attn,aten.expand.default,[],prefill,True,
1172,self_attn,,,view,"[[B, n_h, T, d_head]]",,,"[[B*n_h, T, d_head]]",[1171],9,self_attn,,1,model.layers.9.self_attn,aten.view.default,[],prefill,True,
1173,self_attn,,,batched_matmul,"[[B*n_h, T, T], [B*n_h, T, d_head]]",,,"[[B*n_h, T, d_head]]","[1170, 1172]",9,self_attn,,1,model.layers.9.self_attn,aten.bmm.default,[],prefill,False,
1174,self_attn,,,_unsafe_view,"[[B*n_h, T, d_head]]",,,"[[B, n_h, T, d_head]]",[1173],9,self_attn,,1,model.layers.9.self_attn,aten._unsafe_view.default,[],prefill,True,
1175,self_attn,,,transpose,"[[B, n_h, T, d_head]]",,,"[[B, T, n_h, d_head]]",[1174],9,self_attn,,1,model.layers.9.self_attn,aten.transpose.int,[],prefill,True,
1176,self_attn,,,clone,"[[B, T, n_h, d_head]]",,,"[[B, T, n_h, d_head]]",[1175],9,self_attn,,1,model.layers.9.self_attn,aten.clone.default,[],prefill,True,
1177,self_attn,,,view,"[[B, T, n_h, d_head]]",,,"[[B, T, n_h*d_head]]",[1176],9,self_attn,,1,model.layers.9.self_attn,aten.view.default,[],prefill,True,
1178,self_attn,o_proj,,t,"[[d_model, n_h*d_head]]","[d_model, n_h*d_head]",0,"[[n_h*d_head, d_model]]",[],9,self_attn,o_proj,2,model.layers.9.self_attn.o_proj,aten.t.default,[model.layers.9.self_attn.o_proj.weight],prefill,True,
1179,self_attn,o_proj,,view,"[[B, T, n_h*d_head]]",,,"[[B*T, n_h*d_head]]",[1177],9,self_attn,o_proj,2,model.layers.9.self_attn.o_proj,aten.view.default,[],prefill,True,
1180,self_attn,o_proj,,matmul,"[[B*T, n_h*d_head], [n_h*d_head, d_model]]","[d_model, n_h*d_head]",1,"[[B*T, d_model]]","[1178, 1179]",9,self_attn,o_proj,2,model.layers.9.self_attn.o_proj,aten.mm.default,[model.layers.9.self_attn.o_proj.weight],prefill,False,
1181,self_attn,o_proj,,_unsafe_view,"[[B*T, d_model]]",,,"[[B, T, d_model]]",[1180],9,self_attn,o_proj,2,model.layers.9.self_attn.o_proj,aten._unsafe_view.default,[],prefill,True,
1182,,,,elementwise_add,"[[B, T, d_model], [B, T, d_model]]",,,"[[B, T, d_model]]","[1102, 1181]",9,,,0,model.layers.9,aten.add.Tensor,[],prefill,False,
1183,post_attention_layernorm,,,_to_copy,"[[B, T, d_model]]",,,"[[B, T, d_model]]",[1182],9,post_attention_layernorm,,1,model.layers.9.post_attention_layernorm,aten._to_copy.default,[],prefill,True,
1184,post_attention_layernorm,,,pow,"[[B, T, d_model]]",,,"[[B, T, d_model]]",[1183],9,post_attention_layernorm,,1,model.layers.9.post_attention_layernorm,aten.pow.Tensor_Scalar,[],prefill,False,
1185,post_attention_layernorm,,,mean,"[[B, T, d_model]]",,,"[[B, T, 1]]",[1184],9,post_attention_layernorm,,1,model.layers.9.post_attention_layernorm,aten.mean.dim,[],prefill,False,
1186,post_attention_layernorm,,,elementwise_add,"[[B, T, 1]]",,,"[[B, T, 1]]",[1185],9,post_attention_layernorm,,1,model.layers.9.post_attention_layernorm,aten.add.Tensor,[],prefill,False,
1187,post_attention_layernorm,,,rsqrt,"[[B, T, 1]]",,,"[[B, T, 1]]",[1186],9,post_attention_layernorm,,1,model.layers.9.post_attention_layernorm,aten.rsqrt.default,[],prefill,False,
1188,post_attention_layernorm,,,elementwise_mul,"[[B, T, d_model], [B, T, 1]]",,,"[[B, T, d_model]]","[1183, 1187]",9,post_attention_layernorm,,1,model.layers.9.post_attention_layernorm,aten.mul.Tensor,[],prefill,False,
1189,post_attention_layernorm,,,_to_copy,"[[B, T, d_model]]",,,"[[B, T, d_model]]",[1188],9,post_attention_layernorm,,1,model.layers.9.post_attention_layernorm,aten._to_copy.default,[],prefill,True,
1190,post_attention_layernorm,,,elementwise_mul,"[[B, T, d_model], [d_model]]",,,"[[B, T, d_model]]",[1189],9,post_attention_layernorm,,1,model.layers.9.post_attention_layernorm,aten.mul.Tensor,[model.layers.9.post_attention_layernorm.weight],prefill,False,
1191,feed_forward,,,view,"[[B, T, d_model]]",,,"[[B*T, d_model]]",[1190],9,feed_forward,,1,model.layers.9.feed_forward,aten.view.default,[],prefill,True,
1192,feed_forward,router,,t,"[[E, d_model]]","[E, d_model]",0,"[[d_model, E]]",[],9,feed_forward,router,2,model.layers.9.feed_forward.router,aten.t.default,[model.layers.9.feed_forward.router.weight],prefill,True,
1193,feed_forward,router,,matmul,"[[B*T, d_model], [d_model, E]]","[E, d_model]",1,"[[B*T, E]]","[1191, 1192]",9,feed_forward,router,2,model.layers.9.feed_forward.router,aten.mm.default,[model.layers.9.feed_forward.router.weight],prefill,False,
1194,feed_forward,router,,topk,"[[B*T, E]]",,,"[[B*T, 1], [B*T, 1]]",[1193],9,feed_forward,router,2,model.layers.9.feed_forward.router,aten.topk.default,[],prefill,False,
1195,feed_forward,router,,full_like,"[[B*T, E]]",,,"[[B*T, E]]",[1193],9,feed_forward,router,2,model.layers.9.feed_forward.router,aten.full_like.default,[],prefill,True,
1196,feed_forward,router,,scatter_,"[[B*T, E], [B*T, 1], [B*T, 1]]",,,"[[B*T, E]]","[1194, 1195]",9,feed_forward,router,2,model.layers.9.feed_forward.router,aten.scatter_.src,[],prefill,True,
1197,feed_forward,router,,_to_copy,"[[B*T, E]]",,,"[[B*T, E]]",[1196],9,feed_forward,router,2,model.layers.9.feed_forward.router,aten._to_copy.default,[],prefill,True,
1198,feed_forward,router,,sigmoid,"[[B*T, E]]",,,"[[B*T, E]]",[1197],9,feed_forward,router,2,model.layers.9.feed_forward.router,aten.sigmoid.default,[],prefill,False,
1199,feed_forward,router,,_to_copy,"[[B*T, E]]",,,"[[B*T, E]]",[1198],9,feed_forward,router,2,model.layers.9.feed_forward.router,aten._to_copy.default,[],prefill,True,
1200,feed_forward,,,repeat,"[[B*T, d_model]]",,,"[[B*E*T, d_model]]",[1191],9,feed_forward,,1,model.layers.9.feed_forward,aten.repeat.default,[],prefill,True,
1201,feed_forward,,,transpose,"[[B*T, E]]",,,"[[E, B*T]]",[1199],9,feed_forward,,1,model.layers.9.feed_forward,aten.transpose.int,[],prefill,True,
1202,feed_forward,,,clone,"[[E, B*T]]",,,"[[E, B*T]]",[1201],9,feed_forward,,1,model.layers.9.feed_forward,aten.clone.default,[],prefill,True,
1203,feed_forward,,,_unsafe_view,"[[E, B*T]]",,,"[[B*E*T, 1]]",[1202],9,feed_forward,,1,model.layers.9.feed_forward,aten._unsafe_view.default,[],prefill,True,
1204,feed_forward,,,elementwise_mul,"[[B*E*T, d_model], [B*E*T, 1]]",,,"[[B*E*T, d_model]]","[1200, 1203]",9,feed_forward,,1,model.layers.9.feed_forward,aten.mul.Tensor,[],prefill,False,
1205,feed_forward,experts,,view,"[[B*E*T, d_model]]",,,"[[E, B*T, d_model]]",[1204],9,feed_forward,experts,2,model.layers.9.feed_forward.experts,aten.view.default,[],prefill,True,
1206,feed_forward,experts,,batched_matmul,"[[E, B*T, d_model], [E, d_model, 2*d_moe]]","[E, d_model, 2*d_moe]",1,"[[E, B*T, 2*d_moe]]",[1205],9,feed_forward,experts,2,model.layers.9.feed_forward.experts,aten.bmm.default,[model.layers.9.feed_forward.experts.gate_up_proj],prefill,False,
1207,feed_forward,experts,,split,"[[E, B*T, 2*d_moe]]",,,"[[E, B*T, d_moe], [E, B*T, d_moe]]",[1206],9,feed_forward,experts,2,model.layers.9.feed_forward.experts,aten.split.Tensor,[],prefill,True,
1208,feed_forward,experts,act_fn,silu,"[[E, B*T, d_moe]]",,,"[[E, B*T, d_moe]]",[1207],9,feed_forward,experts,3,model.layers.9.feed_forward.experts.act_fn,aten.silu.default,[],prefill,False,
1209,feed_forward,experts,,elementwise_mul,"[[E, B*T, d_moe], [E, B*T, d_moe]]",,,"[[E, B*T, d_moe]]","[1207, 1208]",9,feed_forward,experts,2,model.layers.9.feed_forward.experts,aten.mul.Tensor,[],prefill,False,
1210,feed_forward,experts,,batched_matmul,"[[E, B*T, d_moe], [E, d_moe, d_model]]","[E, d_moe, d_model]",1,"[[E, B*T, d_model]]",[1209],9,feed_forward,experts,2,model.layers.9.feed_forward.experts,aten.bmm.default,[model.layers.9.feed_forward.experts.down_proj],prefill,False,
1211,feed_forward,experts,,view,"[[E, B*T, d_model]]",,,"[[B*E*T, d_model]]",[1210],9,feed_forward,experts,2,model.layers.9.feed_forward.experts,aten.view.default,[],prefill,True,
1212,feed_forward,shared_expert,gate_proj,t,"[[d_moe, d_model]]","[d_moe, d_model]",0,"[[d_model, d_moe]]",[],9,feed_forward,shared_expert,3,model.layers.9.feed_forward.shared_expert.gate_proj,aten.t.default,[model.layers.9.feed_forward.shared_expert.gate_proj.weight],prefill,True,
1213,feed_forward,shared_expert,gate_proj,matmul,"[[B*T, d_model], [d_model, d_moe]]","[d_moe, d_model]",1,"[[B*T, d_moe]]","[1191, 1212]",9,feed_forward,shared_expert,3,model.layers.9.feed_forward.shared_expert.gate_proj,aten.mm.default,[model.layers.9.feed_forward.shared_expert.gate_proj.weight],prefill,False,
1214,feed_forward,shared_expert,activation_fn,silu,"[[B*T, d_moe]]",,,"[[B*T, d_moe]]",[1213],9,feed_forward,shared_expert,3,model.layers.9.feed_forward.shared_expert.activation_fn,aten.silu.default,[],prefill,False,
1215,feed_forward,shared_expert,up_proj,t,"[[d_moe, d_model]]","[d_moe, d_model]",0,"[[d_model, d_moe]]",[],9,feed_forward,shared_expert,3,model.layers.9.feed_forward.shared_expert.up_proj,aten.t.default,[model.layers.9.feed_forward.shared_expert.up_proj.weight],prefill,True,
1216,feed_forward,shared_expert,up_proj,matmul,"[[B*T, d_model], [d_model, d_moe]]","[d_moe, d_model]",1,"[[B*T, d_moe]]","[1191, 1215]",9,feed_forward,shared_expert,3,model.layers.9.feed_forward.shared_expert.up_proj,aten.mm.default,[model.layers.9.feed_forward.shared_expert.up_proj.weight],prefill,False,
1217,feed_forward,shared_expert,,elementwise_mul,"[[B*T, d_moe], [B*T, d_moe]]",,,"[[B*T, d_moe]]","[1214, 1216]",9,feed_forward,shared_expert,2,model.layers.9.feed_forward.shared_expert,aten.mul.Tensor,[],prefill,False,
1218,feed_forward,shared_expert,down_proj,t,"[[d_model, d_moe]]","[d_model, d_moe]",0,"[[d_moe, d_model]]",[],9,feed_forward,shared_expert,3,model.layers.9.feed_forward.shared_expert.down_proj,aten.t.default,[model.layers.9.feed_forward.shared_expert.down_proj.weight],prefill,True,
1219,feed_forward,shared_expert,down_proj,matmul,"[[B*T, d_moe], [d_moe, d_model]]","[d_model, d_moe]",1,"[[B*T, d_model]]","[1217, 1218]",9,feed_forward,shared_expert,3,model.layers.9.feed_forward.shared_expert.down_proj,aten.mm.default,[model.layers.9.feed_forward.shared_expert.down_proj.weight],prefill,False,
1220,feed_forward,,,view,"[[B*E*T, d_model]]",,,"[[E, B*T, d_model]]",[1211],9,feed_forward,,1,model.layers.9.feed_forward,aten.view.default,[],prefill,True,
1221,feed_forward,,,sum,"[[E, B*T, d_model]]",,,"[[B*T, d_model]]",[1220],9,feed_forward,,1,model.layers.9.feed_forward,aten.sum.dim_IntList,[],prefill,True,
1222,feed_forward,,,add_,"[[B*T, d_model], [B*T, d_model]]",,,"[[B*T, d_model]]","[1219, 1221]",9,feed_forward,,1,model.layers.9.feed_forward,aten.add_.Tensor,[],prefill,True,
1223,,,,view,"[[B*T, d_model]]",,,"[[B, T, d_model]]",[1222],9,,,0,model.layers.9,aten.view.default,[],prefill,True,
1224,,,,elementwise_add,"[[B, T, d_model], [B, T, d_model]]",,,"[[B, T, d_model]]","[1182, 1223]",9,,,0,model.layers.9,aten.add.Tensor,[],prefill,False,
1225,input_layernorm,,,_to_copy,"[[B, T, d_model]]",,,"[[B, T, d_model]]",[1224],10,input_layernorm,,1,model.layers.10.input_layernorm,aten._to_copy.default,[],prefill,True,
1226,input_layernorm,,,pow,"[[B, T, d_model]]",,,"[[B, T, d_model]]",[1225],10,input_layernorm,,1,model.layers.10.input_layernorm,aten.pow.Tensor_Scalar,[],prefill,False,
1227,input_layernorm,,,mean,"[[B, T, d_model]]",,,"[[B, T, 1]]",[1226],10,input_layernorm,,1,model.layers.10.input_layernorm,aten.mean.dim,[],prefill,False,
1228,input_layernorm,,,elementwise_add,"[[B, T, 1]]",,,"[[B, T, 1]]",[1227],10,input_layernorm,,1,model.layers.10.input_layernorm,aten.add.Tensor,[],prefill,False,
1229,input_layernorm,,,rsqrt,"[[B, T, 1]]",,,"[[B, T, 1]]",[1228],10,input_layernorm,,1,model.layers.10.input_layernorm,aten.rsqrt.default,[],prefill,False,
1230,input_layernorm,,,elementwise_mul,"[[B, T, d_model], [B, T, 1]]",,,"[[B, T, d_model]]","[1225, 1229]",10,input_layernorm,,1,model.layers.10.input_layernorm,aten.mul.Tensor,[],prefill,False,
1231,input_layernorm,,,_to_copy,"[[B, T, d_model]]",,,"[[B, T, d_model]]",[1230],10,input_layernorm,,1,model.layers.10.input_layernorm,aten._to_copy.default,[],prefill,True,
1232,input_layernorm,,,elementwise_mul,"[[B, T, d_model], [d_model]]",,,"[[B, T, d_model]]",[1231],10,input_layernorm,,1,model.layers.10.input_layernorm,aten.mul.Tensor,[model.layers.10.input_layernorm.weight],prefill,False,
1233,self_attn,q_proj,,t,"[[n_h*d_head, d_model]]","[n_h*d_head, d_model]",0,"[[d_model, n_h*d_head]]",[],10,self_attn,q_proj,2,model.layers.10.self_attn.q_proj,aten.t.default,[model.layers.10.self_attn.q_proj.weight],prefill,True,
1234,self_attn,q_proj,,view,"[[B, T, d_model]]",,,"[[B*T, d_model]]",[1232],10,self_attn,q_proj,2,model.layers.10.self_attn.q_proj,aten.view.default,[],prefill,True,
1235,self_attn,q_proj,,matmul,"[[B*T, d_model], [d_model, n_h*d_head]]","[n_h*d_head, d_model]",1,"[[B*T, n_h*d_head]]","[1233, 1234]",10,self_attn,q_proj,2,model.layers.10.self_attn.q_proj,aten.mm.default,[model.layers.10.self_attn.q_proj.weight],prefill,False,
1236,self_attn,q_proj,,_unsafe_view,"[[B*T, n_h*d_head]]",,,"[[B, T, n_h*d_head]]",[1235],10,self_attn,q_proj,2,model.layers.10.self_attn.q_proj,aten._unsafe_view.default,[],prefill,True,
1237,self_attn,,,view,"[[B, T, n_h*d_head]]",,,"[[B, T, n_h, d_head]]",[1236],10,self_attn,,1,model.layers.10.self_attn,aten.view.default,[],prefill,True,
1238,self_attn,k_proj,,t,"[[n_kv*d_head, d_model]]","[n_kv*d_head, d_model]",0,"[[d_model, n_kv*d_head]]",[],10,self_attn,k_proj,2,model.layers.10.self_attn.k_proj,aten.t.default,[model.layers.10.self_attn.k_proj.weight],prefill,True,
1239,self_attn,k_proj,,view,"[[B, T, d_model]]",,,"[[B*T, d_model]]",[1232],10,self_attn,k_proj,2,model.layers.10.self_attn.k_proj,aten.view.default,[],prefill,True,
1240,self_attn,k_proj,,matmul,"[[B*T, d_model], [d_model, n_kv*d_head]]","[n_kv*d_head, d_model]",1,"[[B*T, n_kv*d_head]]","[1238, 1239]",10,self_attn,k_proj,2,model.layers.10.self_attn.k_proj,aten.mm.default,[model.layers.10.self_attn.k_proj.weight],prefill,False,
1241,self_attn,k_proj,,_unsafe_view,"[[B*T, n_kv*d_head]]",,,"[[B, T, n_kv*d_head]]",[1240],10,self_attn,k_proj,2,model.layers.10.self_attn.k_proj,aten._unsafe_view.default,[],prefill,True,
1242,self_attn,,,view,"[[B, T, n_kv*d_head]]",,,"[[B, T, n_kv, d_head]]",[1241],10,self_attn,,1,model.layers.10.self_attn,aten.view.default,[],prefill,True,
1243,self_attn,v_proj,,t,"[[n_kv*d_head, d_model]]","[n_kv*d_head, d_model]",0,"[[d_model, n_kv*d_head]]",[],10,self_attn,v_proj,2,model.layers.10.self_attn.v_proj,aten.t.default,[model.layers.10.self_attn.v_proj.weight],prefill,True,
1244,self_attn,v_proj,,view,"[[B, T, d_model]]",,,"[[B*T, d_model]]",[1232],10,self_attn,v_proj,2,model.layers.10.self_attn.v_proj,aten.view.default,[],prefill,True,
1245,self_attn,v_proj,,matmul,"[[B*T, d_model], [d_model, n_kv*d_head]]","[n_kv*d_head, d_model]",1,"[[B*T, n_kv*d_head]]","[1243, 1244]",10,self_attn,v_proj,2,model.layers.10.self_attn.v_proj,aten.mm.default,[model.layers.10.self_attn.v_proj.weight],prefill,False,
1246,self_attn,v_proj,,_unsafe_view,"[[B*T, n_kv*d_head]]",,,"[[B, T, n_kv*d_head]]",[1245],10,self_attn,v_proj,2,model.layers.10.self_attn.v_proj,aten._unsafe_view.default,[],prefill,True,
1247,self_attn,,,view,"[[B, T, n_kv*d_head]]",,,"[[B, T, n_kv, d_head]]",[1246],10,self_attn,,1,model.layers.10.self_attn,aten.view.default,[],prefill,True,
1248,self_attn,,,transpose,"[[B, T, n_kv, d_head]]",,,"[[B, n_kv, T, d_head]]",[1247],10,self_attn,,1,model.layers.10.self_attn,aten.transpose.int,[],prefill,True,
1249,self_attn,,,_to_copy,"[[B, T, n_h, d_head]]",,,"[[B, T, n_h, d_head]]",[1237],10,self_attn,,1,model.layers.10.self_attn,aten._to_copy.default,[],prefill,True,
1250,self_attn,,,view,"[[B, T, n_h, d_head]]",,,"[[B, T, n_h, d_head/2, 2]]",[1249],10,self_attn,,1,model.layers.10.self_attn,aten.view.default,[],prefill,True,
1251,self_attn,,,view_as_complex,"[[B, T, n_h, d_head/2, 2]]",,,"[[B, T, n_h, d_head/2]]",[1250],10,self_attn,,1,model.layers.10.self_attn,aten.view_as_complex.default,[],prefill,True,
1252,self_attn,,,_to_copy,"[[B, T, n_kv, d_head]]",,,"[[B, T, n_kv, d_head]]",[1242],10,self_attn,,1,model.layers.10.self_attn,aten._to_copy.default,[],prefill,True,
1253,self_attn,,,view,"[[B, T, n_kv, d_head]]",,,"[[B, T, n_kv, d_head/2, 2]]",[1252],10,self_attn,,1,model.layers.10.self_attn,aten.view.default,[],prefill,True,
1254,self_attn,,,view_as_complex,"[[B, T, n_kv, d_head/2, 2]]",,,"[[B, T, n_kv, d_head/2]]",[1253],10,self_attn,,1,model.layers.10.self_attn,aten.view_as_complex.default,[],prefill,True,
1255,self_attn,,,unsqueeze,"[[B, T, d_head/2]]",,,"[[B, T, 1, d_head/2]]",[106],10,self_attn,,1,model.layers.10.self_attn,aten.unsqueeze.default,[],prefill,True,
1256,self_attn,,,elementwise_mul,"[[B, T, n_h, d_head/2], [B, T, 1, d_head/2]]",,,"[[B, T, n_h, d_head/2]]","[1251, 1255]",10,self_attn,,1,model.layers.10.self_attn,aten.mul.Tensor,[],prefill,False,
1257,self_attn,,,view_as_real,"[[B, T, n_h, d_head/2]]",,,"[[B, T, n_h, d_head/2, 2]]",[1256],10,self_attn,,1,model.layers.10.self_attn,aten.view_as_real.default,[],prefill,True,
1258,self_attn,,,view,"[[B, T, n_h, d_head/2, 2]]",,,"[[B, T, n_h, d_head]]",[1257],10,self_attn,,1,model.layers.10.self_attn,aten.view.default,[],prefill,True,
1259,self_attn,,,unsqueeze,"[[B, T, d_head/2]]",,,"[[B, T, 1, d_head/2]]",[106],10,self_attn,,1,model.layers.10.self_attn,aten.unsqueeze.default,[],prefill,True,
1260,self_attn,,,elementwise_mul,"[[B, T, n_kv, d_head/2], [B, T, 1, d_head/2]]",,,"[[B, T, n_kv, d_head/2]]","[1254, 1259]",10,self_attn,,1,model.layers.10.self_attn,aten.mul.Tensor,[],prefill,False,
1261,self_attn,,,view_as_real,"[[B, T, n_kv, d_head/2]]",,,"[[B, T, n_kv, d_head/2, 2]]",[1260],10,self_attn,,1,model.layers.10.self_attn,aten.view_as_real.default,[],prefill,True,
1262,self_attn,,,view,"[[B, T, n_kv, d_head/2, 2]]",,,"[[B, T, n_kv, d_head]]",[1261],10,self_attn,,1,model.layers.10.self_attn,aten.view.default,[],prefill,True,
1263,self_attn,,,_to_copy,"[[B, T, n_h, d_head]]",,,"[[B, T, n_h, d_head]]",[1258],10,self_attn,,1,model.layers.10.self_attn,aten._to_copy.default,[],prefill,True,
1264,self_attn,,,_to_copy,"[[B, T, n_kv, d_head]]",,,"[[B, T, n_kv, d_head]]",[1262],10,self_attn,,1,model.layers.10.self_attn,aten._to_copy.default,[],prefill,True,
1265,self_attn,,,transpose,"[[B, T, n_h, d_head]]",,,"[[B, n_h, T, d_head]]",[1263],10,self_attn,,1,model.layers.10.self_attn,aten.transpose.int,[],prefill,True,
1266,self_attn,,,transpose,"[[B, T, n_kv, d_head]]",,,"[[B, n_kv, T, d_head]]",[1264],10,self_attn,,1,model.layers.10.self_attn,aten.transpose.int,[],prefill,True,
1267,self_attn,,,_to_copy,[[]],,,[[]],[9],10,self_attn,,1,model.layers.10.self_attn,aten._to_copy.default,[],prefill,True,
1268,self_attn,,,concat,"[[0], [B, n_kv, T, d_head]]",,,"[[B, n_kv, T, d_head]]",[1266],10,self_attn,,1,model.layers.10.self_attn,aten.cat.default,[],prefill,False,
1269,self_attn,,,concat,"[[0], [B, n_kv, T, d_head]]",,,"[[B, n_kv, T, d_head]]",[1248],10,self_attn,,1,model.layers.10.self_attn,aten.cat.default,[],prefill,False,
1270,self_attn,,,slice,"[[B, n_kv, T, d_head]]",,,"[[B, n_kv, T, d_head]]",[1268],10,self_attn,,1,model.layers.10.self_attn,aten.slice.Tensor,[],prefill,True,
1271,self_attn,,,slice,"[[B, n_kv, T, d_head]]",,,"[[B, n_kv, T, d_head]]",[1269],10,self_attn,,1,model.layers.10.self_attn,aten.slice.Tensor,[],prefill,True,
1272,self_attn,,,unsqueeze,"[[B, n_kv, T, d_head]]",,,"[[B, n_kv, 1, T, d_head]]",[1268],10,self_attn,,1,model.layers.10.self_attn,aten.unsqueeze.default,[],prefill,True,
1273,self_attn,,,expand,"[[B, n_kv, 1, T, d_head]]",,,"[[B, n_kv, n_h/n_kv, T, d_head]]",[1272],10,self_attn,,1,model.layers.10.self_attn,aten.expand.default,[],prefill,True,
1274,self_attn,,,clone,"[[B, n_kv, n_h/n_kv, T, d_head]]",,,"[[B, n_kv, n_h/n_kv, T, d_head]]",[1273],10,self_attn,,1,model.layers.10.self_attn,aten.clone.default,[],prefill,True,
1275,self_attn,,,_unsafe_view,"[[B, n_kv, n_h/n_kv, T, d_head]]",,,"[[B, n_h, T, d_head]]",[1274],10,self_attn,,1,model.layers.10.self_attn,aten._unsafe_view.default,[],prefill,True,
1276,self_attn,,,unsqueeze,"[[B, n_kv, T, d_head]]",,,"[[B, n_kv, 1, T, d_head]]",[1269],10,self_attn,,1,model.layers.10.self_attn,aten.unsqueeze.default,[],prefill,True,
1277,self_attn,,,expand,"[[B, n_kv, 1, T, d_head]]",,,"[[B, n_kv, n_h/n_kv, T, d_head]]",[1276],10,self_attn,,1,model.layers.10.self_attn,aten.expand.default,[],prefill,True,
1278,self_attn,,,clone,"[[B, n_kv, n_h/n_kv, T, d_head]]",,,"[[B, n_kv, n_h/n_kv, T, d_head]]",[1277],10,self_attn,,1,model.layers.10.self_attn,aten.clone.default,[],prefill,True,
1279,self_attn,,,_unsafe_view,"[[B, n_kv, n_h/n_kv, T, d_head]]",,,"[[B, n_h, T, d_head]]",[1278],10,self_attn,,1,model.layers.10.self_attn,aten._unsafe_view.default,[],prefill,True,
1280,self_attn,,,transpose,"[[B, n_h, T, d_head]]",,,"[[B, n_h, d_head, T]]",[1275],10,self_attn,,1,model.layers.10.self_attn,aten.transpose.int,[],prefill,True,
1281,self_attn,,,expand,"[[B, n_h, T, d_head]]",,,"[[B, n_h, T, d_head]]",[1265],10,self_attn,,1,model.layers.10.self_attn,aten.expand.default,[],prefill,True,
1282,self_attn,,,clone,"[[B, n_h, T, d_head]]",,,"[[B, n_h, T, d_head]]",[1281],10,self_attn,,1,model.layers.10.self_attn,aten.clone.default,[],prefill,True,
1283,self_attn,,,_unsafe_view,"[[B, n_h, T, d_head]]",,,"[[B*n_h, T, d_head]]",[1282],10,self_attn,,1,model.layers.10.self_attn,aten._unsafe_view.default,[],prefill,True,
1284,self_attn,,,expand,"[[B, n_h, d_head, T]]",,,"[[B, n_h, d_head, T]]",[1280],10,self_attn,,1,model.layers.10.self_attn,aten.expand.default,[],prefill,True,
1285,self_attn,,,view,"[[B, n_h, d_head, T]]",,,"[[B*n_h, d_head, T]]",[1284],10,self_attn,,1,model.layers.10.self_attn,aten.view.default,[],prefill,True,
1286,self_attn,,,batched_matmul,"[[B*n_h, T, d_head], [B*n_h, d_head, T]]",,,"[[B*n_h, T, T]]","[1283, 1285]",10,self_attn,,1,model.layers.10.self_attn,aten.bmm.default,[],prefill,False,
1287,self_attn,,,_unsafe_view,"[[B*n_h, T, T]]",,,"[[B, n_h, T, T]]",[1286],10,self_attn,,1,model.layers.10.self_attn,aten._unsafe_view.default,[],prefill,True,
1288,self_attn,,,elementwise_mul,"[[B, n_h, T, T]]",,,"[[B, n_h, T, T]]",[1287],10,self_attn,,1,model.layers.10.self_attn,aten.mul.Tensor,[],prefill,False,
1289,self_attn,,,elementwise_add,"[[B, n_h, T, T], [B, 1, T, T]]",,,"[[B, n_h, T, T]]","[91, 1288]",10,self_attn,,1,model.layers.10.self_attn,aten.add.Tensor,[],prefill,False,
1290,self_attn,,,softmax,"[[B, n_h, T, T]]",,,"[[B, n_h, T, T]]",[1289],10,self_attn,,1,model.layers.10.self_attn,aten._softmax.default,[],prefill,False,
1291,self_attn,,,expand,"[[B, n_h, T, T]]",,,"[[B, n_h, T, T]]",[1290],10,self_attn,,1,model.layers.10.self_attn,aten.expand.default,[],prefill,True,
1292,self_attn,,,view,"[[B, n_h, T, T]]",,,"[[B*n_h, T, T]]",[1291],10,self_attn,,1,model.layers.10.self_attn,aten.view.default,[],prefill,True,
1293,self_attn,,,expand,"[[B, n_h, T, d_head]]",,,"[[B, n_h, T, d_head]]",[1279],10,self_attn,,1,model.layers.10.self_attn,aten.expand.default,[],prefill,True,
1294,self_attn,,,view,"[[B, n_h, T, d_head]]",,,"[[B*n_h, T, d_head]]",[1293],10,self_attn,,1,model.layers.10.self_attn,aten.view.default,[],prefill,True,
1295,self_attn,,,batched_matmul,"[[B*n_h, T, T], [B*n_h, T, d_head]]",,,"[[B*n_h, T, d_head]]","[1292, 1294]",10,self_attn,,1,model.layers.10.self_attn,aten.bmm.default,[],prefill,False,
1296,self_attn,,,_unsafe_view,"[[B*n_h, T, d_head]]",,,"[[B, n_h, T, d_head]]",[1295],10,self_attn,,1,model.layers.10.self_attn,aten._unsafe_view.default,[],prefill,True,
1297,self_attn,,,transpose,"[[B, n_h, T, d_head]]",,,"[[B, T, n_h, d_head]]",[1296],10,self_attn,,1,model.layers.10.self_attn,aten.transpose.int,[],prefill,True,
1298,self_attn,,,clone,"[[B, T, n_h, d_head]]",,,"[[B, T, n_h, d_head]]",[1297],10,self_attn,,1,model.layers.10.self_attn,aten.clone.default,[],prefill,True,
1299,self_attn,,,view,"[[B, T, n_h, d_head]]",,,"[[B, T, n_h*d_head]]",[1298],10,self_attn,,1,model.layers.10.self_attn,aten.view.default,[],prefill,True,
1300,self_attn,o_proj,,t,"[[d_model, n_h*d_head]]","[d_model, n_h*d_head]",0,"[[n_h*d_head, d_model]]",[],10,self_attn,o_proj,2,model.layers.10.self_attn.o_proj,aten.t.default,[model.layers.10.self_attn.o_proj.weight],prefill,True,
1301,self_attn,o_proj,,view,"[[B, T, n_h*d_head]]",,,"[[B*T, n_h*d_head]]",[1299],10,self_attn,o_proj,2,model.layers.10.self_attn.o_proj,aten.view.default,[],prefill,True,
1302,self_attn,o_proj,,matmul,"[[B*T, n_h*d_head], [n_h*d_head, d_model]]","[d_model, n_h*d_head]",1,"[[B*T, d_model]]","[1300, 1301]",10,self_attn,o_proj,2,model.layers.10.self_attn.o_proj,aten.mm.default,[model.layers.10.self_attn.o_proj.weight],prefill,False,
1303,self_attn,o_proj,,_unsafe_view,"[[B*T, d_model]]",,,"[[B, T, d_model]]",[1302],10,self_attn,o_proj,2,model.layers.10.self_attn.o_proj,aten._unsafe_view.default,[],prefill,True,
1304,,,,elementwise_add,"[[B, T, d_model], [B, T, d_model]]",,,"[[B, T, d_model]]","[1224, 1303]",10,,,0,model.layers.10,aten.add.Tensor,[],prefill,False,
1305,post_attention_layernorm,,,_to_copy,"[[B, T, d_model]]",,,"[[B, T, d_model]]",[1304],10,post_attention_layernorm,,1,model.layers.10.post_attention_layernorm,aten._to_copy.default,[],prefill,True,
1306,post_attention_layernorm,,,pow,"[[B, T, d_model]]",,,"[[B, T, d_model]]",[1305],10,post_attention_layernorm,,1,model.layers.10.post_attention_layernorm,aten.pow.Tensor_Scalar,[],prefill,False,
1307,post_attention_layernorm,,,mean,"[[B, T, d_model]]",,,"[[B, T, 1]]",[1306],10,post_attention_layernorm,,1,model.layers.10.post_attention_layernorm,aten.mean.dim,[],prefill,False,
1308,post_attention_layernorm,,,elementwise_add,"[[B, T, 1]]",,,"[[B, T, 1]]",[1307],10,post_attention_layernorm,,1,model.layers.10.post_attention_layernorm,aten.add.Tensor,[],prefill,False,
1309,post_attention_layernorm,,,rsqrt,"[[B, T, 1]]",,,"[[B, T, 1]]",[1308],10,post_attention_layernorm,,1,model.layers.10.post_attention_layernorm,aten.rsqrt.default,[],prefill,False,
1310,post_attention_layernorm,,,elementwise_mul,"[[B, T, d_model], [B, T, 1]]",,,"[[B, T, d_model]]","[1305, 1309]",10,post_attention_layernorm,,1,model.layers.10.post_attention_layernorm,aten.mul.Tensor,[],prefill,False,
1311,post_attention_layernorm,,,_to_copy,"[[B, T, d_model]]",,,"[[B, T, d_model]]",[1310],10,post_attention_layernorm,,1,model.layers.10.post_attention_layernorm,aten._to_copy.default,[],prefill,True,
1312,post_attention_layernorm,,,elementwise_mul,"[[B, T, d_model], [d_model]]",,,"[[B, T, d_model]]",[1311],10,post_attention_layernorm,,1,model.layers.10.post_attention_layernorm,aten.mul.Tensor,[model.layers.10.post_attention_layernorm.weight],prefill,False,
1313,feed_forward,gate_proj,,t,"[[d_ff, d_model]]","[d_ff, d_model]",0,"[[d_model, d_ff]]",[],10,feed_forward,gate_proj,2,model.layers.10.feed_forward.gate_proj,aten.t.default,[model.layers.10.feed_forward.gate_proj.weight],prefill,True,
1314,feed_forward,gate_proj,,view,"[[B, T, d_model]]",,,"[[B*T, d_model]]",[1312],10,feed_forward,gate_proj,2,model.layers.10.feed_forward.gate_proj,aten.view.default,[],prefill,True,
1315,feed_forward,gate_proj,,matmul,"[[B*T, d_model], [d_model, d_ff]]","[d_ff, d_model]",1,"[[B*T, d_ff]]","[1313, 1314]",10,feed_forward,gate_proj,2,model.layers.10.feed_forward.gate_proj,aten.mm.default,[model.layers.10.feed_forward.gate_proj.weight],prefill,False,
1316,feed_forward,gate_proj,,_unsafe_view,"[[B*T, d_ff]]",,,"[[B, T, d_ff]]",[1315],10,feed_forward,gate_proj,2,model.layers.10.feed_forward.gate_proj,aten._unsafe_view.default,[],prefill,True,
1317,feed_forward,activation_fn,,silu,"[[B, T, d_ff]]",,,"[[B, T, d_ff]]",[1316],10,feed_forward,activation_fn,2,model.layers.10.feed_forward.activation_fn,aten.silu.default,[],prefill,False,
1318,feed_forward,up_proj,,t,"[[d_ff, d_model]]","[d_ff, d_model]",0,"[[d_model, d_ff]]",[],10,feed_forward,up_proj,2,model.layers.10.feed_forward.up_proj,aten.t.default,[model.layers.10.feed_forward.up_proj.weight],prefill,True,
1319,feed_forward,up_proj,,view,"[[B, T, d_model]]",,,"[[B*T, d_model]]",[1312],10,feed_forward,up_proj,2,model.layers.10.feed_forward.up_proj,aten.view.default,[],prefill,True,
1320,feed_forward,up_proj,,matmul,"[[B*T, d_model], [d_model, d_ff]]","[d_ff, d_model]",1,"[[B*T, d_ff]]","[1318, 1319]",10,feed_forward,up_proj,2,model.layers.10.feed_forward.up_proj,aten.mm.default,[model.layers.10.feed_forward.up_proj.weight],prefill,False,
1321,feed_forward,up_proj,,_unsafe_view,"[[B*T, d_ff]]",,,"[[B, T, d_ff]]",[1320],10,feed_forward,up_proj,2,model.layers.10.feed_forward.up_proj,aten._unsafe_view.default,[],prefill,True,
1322,feed_forward,,,elementwise_mul,"[[B, T, d_ff], [B, T, d_ff]]",,,"[[B, T, d_ff]]","[1317, 1321]",10,feed_forward,,1,model.layers.10.feed_forward,aten.mul.Tensor,[],prefill,False,
1323,feed_forward,down_proj,,t,"[[d_model, d_ff]]","[d_model, d_ff]",0,"[[d_ff, d_model]]",[],10,feed_forward,down_proj,2,model.layers.10.feed_forward.down_proj,aten.t.default,[model.layers.10.feed_forward.down_proj.weight],prefill,True,
1324,feed_forward,down_proj,,view,"[[B, T, d_ff]]",,,"[[B*T, d_ff]]",[1322],10,feed_forward,down_proj,2,model.layers.10.feed_forward.down_proj,aten.view.default,[],prefill,True,
1325,feed_forward,down_proj,,matmul,"[[B*T, d_ff], [d_ff, d_model]]","[d_model, d_ff]",1,"[[B*T, d_model]]","[1323, 1324]",10,feed_forward,down_proj,2,model.layers.10.feed_forward.down_proj,aten.mm.default,[model.layers.10.feed_forward.down_proj.weight],prefill,False,
1326,feed_forward,down_proj,,_unsafe_view,"[[B*T, d_model]]",,,"[[B, T, d_model]]",[1325],10,feed_forward,down_proj,2,model.layers.10.feed_forward.down_proj,aten._unsafe_view.default,[],prefill,True,
1327,,,,view,"[[B, T, d_model]]",,,"[[B, T, d_model]]",[1326],10,,,0,model.layers.10,aten.view.default,[],prefill,True,
1328,,,,elementwise_add,"[[B, T, d_model], [B, T, d_model]]",,,"[[B, T, d_model]]","[1304, 1327]",10,,,0,model.layers.10,aten.add.Tensor,[],prefill,False,
1329,input_layernorm,,,_to_copy,"[[B, T, d_model]]",,,"[[B, T, d_model]]",[1328],11,input_layernorm,,1,model.layers.11.input_layernorm,aten._to_copy.default,[],prefill,True,
1330,input_layernorm,,,pow,"[[B, T, d_model]]",,,"[[B, T, d_model]]",[1329],11,input_layernorm,,1,model.layers.11.input_layernorm,aten.pow.Tensor_Scalar,[],prefill,False,
1331,input_layernorm,,,mean,"[[B, T, d_model]]",,,"[[B, T, 1]]",[1330],11,input_layernorm,,1,model.layers.11.input_layernorm,aten.mean.dim,[],prefill,False,
1332,input_layernorm,,,elementwise_add,"[[B, T, 1]]",,,"[[B, T, 1]]",[1331],11,input_layernorm,,1,model.layers.11.input_layernorm,aten.add.Tensor,[],prefill,False,
1333,input_layernorm,,,rsqrt,"[[B, T, 1]]",,,"[[B, T, 1]]",[1332],11,input_layernorm,,1,model.layers.11.input_layernorm,aten.rsqrt.default,[],prefill,False,
1334,input_layernorm,,,elementwise_mul,"[[B, T, d_model], [B, T, 1]]",,,"[[B, T, d_model]]","[1329, 1333]",11,input_layernorm,,1,model.layers.11.input_layernorm,aten.mul.Tensor,[],prefill,False,
1335,input_layernorm,,,_to_copy,"[[B, T, d_model]]",,,"[[B, T, d_model]]",[1334],11,input_layernorm,,1,model.layers.11.input_layernorm,aten._to_copy.default,[],prefill,True,
1336,input_layernorm,,,elementwise_mul,"[[B, T, d_model], [d_model]]",,,"[[B, T, d_model]]",[1335],11,input_layernorm,,1,model.layers.11.input_layernorm,aten.mul.Tensor,[model.layers.11.input_layernorm.weight],prefill,False,
1337,self_attn,q_proj,,t,"[[n_h*d_head, d_model]]","[n_h*d_head, d_model]",0,"[[d_model, n_h*d_head]]",[],11,self_attn,q_proj,2,model.layers.11.self_attn.q_proj,aten.t.default,[model.layers.11.self_attn.q_proj.weight],prefill,True,
1338,self_attn,q_proj,,view,"[[B, T, d_model]]",,,"[[B*T, d_model]]",[1336],11,self_attn,q_proj,2,model.layers.11.self_attn.q_proj,aten.view.default,[],prefill,True,
1339,self_attn,q_proj,,matmul,"[[B*T, d_model], [d_model, n_h*d_head]]","[n_h*d_head, d_model]",1,"[[B*T, n_h*d_head]]","[1337, 1338]",11,self_attn,q_proj,2,model.layers.11.self_attn.q_proj,aten.mm.default,[model.layers.11.self_attn.q_proj.weight],prefill,False,
1340,self_attn,q_proj,,_unsafe_view,"[[B*T, n_h*d_head]]",,,"[[B, T, n_h*d_head]]",[1339],11,self_attn,q_proj,2,model.layers.11.self_attn.q_proj,aten._unsafe_view.default,[],prefill,True,
1341,self_attn,,,view,"[[B, T, n_h*d_head]]",,,"[[B, T, n_h, d_head]]",[1340],11,self_attn,,1,model.layers.11.self_attn,aten.view.default,[],prefill,True,
1342,self_attn,k_proj,,t,"[[n_kv*d_head, d_model]]","[n_kv*d_head, d_model]",0,"[[d_model, n_kv*d_head]]",[],11,self_attn,k_proj,2,model.layers.11.self_attn.k_proj,aten.t.default,[model.layers.11.self_attn.k_proj.weight],prefill,True,
1343,self_attn,k_proj,,view,"[[B, T, d_model]]",,,"[[B*T, d_model]]",[1336],11,self_attn,k_proj,2,model.layers.11.self_attn.k_proj,aten.view.default,[],prefill,True,
1344,self_attn,k_proj,,matmul,"[[B*T, d_model], [d_model, n_kv*d_head]]","[n_kv*d_head, d_model]",1,"[[B*T, n_kv*d_head]]","[1342, 1343]",11,self_attn,k_proj,2,model.layers.11.self_attn.k_proj,aten.mm.default,[model.layers.11.self_attn.k_proj.weight],prefill,False,
1345,self_attn,k_proj,,_unsafe_view,"[[B*T, n_kv*d_head]]",,,"[[B, T, n_kv*d_head]]",[1344],11,self_attn,k_proj,2,model.layers.11.self_attn.k_proj,aten._unsafe_view.default,[],prefill,True,
1346,self_attn,,,view,"[[B, T, n_kv*d_head]]",,,"[[B, T, n_kv, d_head]]",[1345],11,self_attn,,1,model.layers.11.self_attn,aten.view.default,[],prefill,True,
1347,self_attn,v_proj,,t,"[[n_kv*d_head, d_model]]","[n_kv*d_head, d_model]",0,"[[d_model, n_kv*d_head]]",[],11,self_attn,v_proj,2,model.layers.11.self_attn.v_proj,aten.t.default,[model.layers.11.self_attn.v_proj.weight],prefill,True,
1348,self_attn,v_proj,,view,"[[B, T, d_model]]",,,"[[B*T, d_model]]",[1336],11,self_attn,v_proj,2,model.layers.11.self_attn.v_proj,aten.view.default,[],prefill,True,
1349,self_attn,v_proj,,matmul,"[[B*T, d_model], [d_model, n_kv*d_head]]","[n_kv*d_head, d_model]",1,"[[B*T, n_kv*d_head]]","[1347, 1348]",11,self_attn,v_proj,2,model.layers.11.self_attn.v_proj,aten.mm.default,[model.layers.11.self_attn.v_proj.weight],prefill,False,
1350,self_attn,v_proj,,_unsafe_view,"[[B*T, n_kv*d_head]]",,,"[[B, T, n_kv*d_head]]",[1349],11,self_attn,v_proj,2,model.layers.11.self_attn.v_proj,aten._unsafe_view.default,[],prefill,True,
1351,self_attn,,,view,"[[B, T, n_kv*d_head]]",,,"[[B, T, n_kv, d_head]]",[1350],11,self_attn,,1,model.layers.11.self_attn,aten.view.default,[],prefill,True,
1352,self_attn,,,transpose,"[[B, T, n_kv, d_head]]",,,"[[B, n_kv, T, d_head]]",[1351],11,self_attn,,1,model.layers.11.self_attn,aten.transpose.int,[],prefill,True,
1353,self_attn,,,arange,[],,,[[T]],[],11,self_attn,,1,model.layers.11.self_attn,aten.arange.default,[],prefill,True,
1354,self_attn,,,elementwise_add,[[T]],,,[[T]],[1353],11,self_attn,,1,model.layers.11.self_attn,aten.add.Tensor,[],prefill,False,
1355,self_attn,,,_to_copy,[[T]],,,[[T]],[1354],11,self_attn,,1,model.layers.11.self_attn,aten._to_copy.default,[],prefill,True,
1356,self_attn,,,elementwise_add,[[T]],,,[[T]],[1355],11,self_attn,,1,model.layers.11.self_attn,aten.add.Tensor,[],prefill,False,
1357,self_attn,,,div,[[T]],,,[[T]],[1356],11,self_attn,,1,model.layers.11.self_attn,aten.div.Tensor,[],prefill,True,
1358,self_attn,,,floor,[[T]],,,[[T]],[1357],11,self_attn,,1,model.layers.11.self_attn,aten.floor.default,[],prefill,True,
1359,self_attn,,,log1p,[[T]],,,[[T]],[1358],11,self_attn,,1,model.layers.11.self_attn,aten.log1p.default,[],prefill,True,
1360,self_attn,,,elementwise_mul,[[T]],,,[[T]],[1359],11,self_attn,,1,model.layers.11.self_attn,aten.mul.Tensor,[],prefill,False,
1361,self_attn,,,elementwise_add,[[T]],,,[[T]],[1360],11,self_attn,,1,model.layers.11.self_attn,aten.add.Tensor,[],prefill,False,
1362,self_attn,,,view,[[T]],,,"[[1, T, 1, 1]]",[1361],11,self_attn,,1,model.layers.11.self_attn,aten.view.default,[],prefill,True,
1363,self_attn,,,expand,"[[1, T, 1, 1]]",,,"[[B, T, 1, 1]]",[1362],11,self_attn,,1,model.layers.11.self_attn,aten.expand.default,[],prefill,True,
1364,self_attn,,,elementwise_mul,"[[B, T, n_h, d_head], [B, T, 1, 1]]",,,"[[B, T, n_h, d_head]]","[1341, 1363]",11,self_attn,,1,model.layers.11.self_attn,aten.mul.Tensor,[],prefill,False,
1365,self_attn,,,_to_copy,"[[B, T, n_h, d_head]]",,,"[[B, T, n_h, d_head]]",[1364],11,self_attn,,1,model.layers.11.self_attn,aten._to_copy.default,[],prefill,True,
1366,self_attn,,,transpose,"[[B, T, n_h, d_head]]",,,"[[B, n_h, T, d_head]]",[1365],11,self_attn,,1,model.layers.11.self_attn,aten.transpose.int,[],prefill,True,
1367,self_attn,,,transpose,"[[B, T, n_kv, d_head]]",,,"[[B, n_kv, T, d_head]]",[1346],11,self_attn,,1,model.layers.11.self_attn,aten.transpose.int,[],prefill,True,
1368,self_attn,,,concat,"[[0], [B, n_kv, T, d_head]]",,,"[[B, n_kv, T, d_head]]",[1367],11,self_attn,,1,model.layers.11.self_attn,aten.cat.default,[],prefill,False,
1369,self_attn,,,concat,"[[0], [B, n_kv, T, d_head]]",,,"[[B, n_kv, T, d_head]]",[1352],11,self_attn,,1,model.layers.11.self_attn,aten.cat.default,[],prefill,False,
1370,self_attn,,,unsqueeze,"[[B, n_kv, T, d_head]]",,,"[[B, n_kv, 1, T, d_head]]",[1368],11,self_attn,,1,model.layers.11.self_attn,aten.unsqueeze.default,[],prefill,True,
1371,self_attn,,,expand,"[[B, n_kv, 1, T, d_head]]",,,"[[B, n_kv, n_h/n_kv, T, d_head]]",[1370],11,self_attn,,1,model.layers.11.self_attn,aten.expand.default,[],prefill,True,
1372,self_attn,,,clone,"[[B, n_kv, n_h/n_kv, T, d_head]]",,,"[[B, n_kv, n_h/n_kv, T, d_head]]",[1371],11,self_attn,,1,model.layers.11.self_attn,aten.clone.default,[],prefill,True,
1373,self_attn,,,_unsafe_view,"[[B, n_kv, n_h/n_kv, T, d_head]]",,,"[[B, n_h, T, d_head]]",[1372],11,self_attn,,1,model.layers.11.self_attn,aten._unsafe_view.default,[],prefill,True,
1374,self_attn,,,unsqueeze,"[[B, n_kv, T, d_head]]",,,"[[B, n_kv, 1, T, d_head]]",[1369],11,self_attn,,1,model.layers.11.self_attn,aten.unsqueeze.default,[],prefill,True,
1375,self_attn,,,expand,"[[B, n_kv, 1, T, d_head]]",,,"[[B, n_kv, n_h/n_kv, T, d_head]]",[1374],11,self_attn,,1,model.layers.11.self_attn,aten.expand.default,[],prefill,True,
1376,self_attn,,,clone,"[[B, n_kv, n_h/n_kv, T, d_head]]",,,"[[B, n_kv, n_h/n_kv, T, d_head]]",[1375],11,self_attn,,1,model.layers.11.self_attn,aten.clone.default,[],prefill,True,
1377,self_attn,,,_unsafe_view,"[[B, n_kv, n_h/n_kv, T, d_head]]",,,"[[B, n_h, T, d_head]]",[1376],11,self_attn,,1,model.layers.11.self_attn,aten._unsafe_view.default,[],prefill,True,
1378,self_attn,,,transpose,"[[B, n_h, T, d_head]]",,,"[[B, n_h, d_head, T]]",[1373],11,self_attn,,1,model.layers.11.self_attn,aten.transpose.int,[],prefill,True,
1379,self_attn,,,expand,"[[B, n_h, T, d_head]]",,,"[[B, n_h, T, d_head]]",[1366],11,self_attn,,1,model.layers.11.self_attn,aten.expand.default,[],prefill,True,
1380,self_attn,,,clone,"[[B, n_h, T, d_head]]",,,"[[B, n_h, T, d_head]]",[1379],11,self_attn,,1,model.layers.11.self_attn,aten.clone.default,[],prefill,True,
1381,self_attn,,,_unsafe_view,"[[B, n_h, T, d_head]]",,,"[[B*n_h, T, d_head]]",[1380],11,self_attn,,1,model.layers.11.self_attn,aten._unsafe_view.default,[],prefill,True,
1382,self_attn,,,expand,"[[B, n_h, d_head, T]]",,,"[[B, n_h, d_head, T]]",[1378],11,self_attn,,1,model.layers.11.self_attn,aten.expand.default,[],prefill,True,
1383,self_attn,,,view,"[[B, n_h, d_head, T]]",,,"[[B*n_h, d_head, T]]",[1382],11,self_attn,,1,model.layers.11.self_attn,aten.view.default,[],prefill,True,
1384,self_attn,,,batched_matmul,"[[B*n_h, T, d_head], [B*n_h, d_head, T]]",,,"[[B*n_h, T, T]]","[1381, 1383]",11,self_attn,,1,model.layers.11.self_attn,aten.bmm.default,[],prefill,False,
1385,self_attn,,,_unsafe_view,"[[B*n_h, T, T]]",,,"[[B, n_h, T, T]]",[1384],11,self_attn,,1,model.layers.11.self_attn,aten._unsafe_view.default,[],prefill,True,
1386,self_attn,,,elementwise_mul,"[[B, n_h, T, T]]",,,"[[B, n_h, T, T]]",[1385],11,self_attn,,1,model.layers.11.self_attn,aten.mul.Tensor,[],prefill,False,
1387,self_attn,,,elementwise_add,"[[B, n_h, T, T], [B, 1, T, T]]",,,"[[B, n_h, T, T]]","[58, 1386]",11,self_attn,,1,model.layers.11.self_attn,aten.add.Tensor,[],prefill,False,
1388,self_attn,,,softmax,"[[B, n_h, T, T]]",,,"[[B, n_h, T, T]]",[1387],11,self_attn,,1,model.layers.11.self_attn,aten._softmax.default,[],prefill,False,
1389,self_attn,,,expand,"[[B, n_h, T, T]]",,,"[[B, n_h, T, T]]",[1388],11,self_attn,,1,model.layers.11.self_attn,aten.expand.default,[],prefill,True,
1390,self_attn,,,view,"[[B, n_h, T, T]]",,,"[[B*n_h, T, T]]",[1389],11,self_attn,,1,model.layers.11.self_attn,aten.view.default,[],prefill,True,
1391,self_attn,,,expand,"[[B, n_h, T, d_head]]",,,"[[B, n_h, T, d_head]]",[1377],11,self_attn,,1,model.layers.11.self_attn,aten.expand.default,[],prefill,True,
1392,self_attn,,,view,"[[B, n_h, T, d_head]]",,,"[[B*n_h, T, d_head]]",[1391],11,self_attn,,1,model.layers.11.self_attn,aten.view.default,[],prefill,True,
1393,self_attn,,,batched_matmul,"[[B*n_h, T, T], [B*n_h, T, d_head]]",,,"[[B*n_h, T, d_head]]","[1390, 1392]",11,self_attn,,1,model.layers.11.self_attn,aten.bmm.default,[],prefill,False,
1394,self_attn,,,_unsafe_view,"[[B*n_h, T, d_head]]",,,"[[B, n_h, T, d_head]]",[1393],11,self_attn,,1,model.layers.11.self_attn,aten._unsafe_view.default,[],prefill,True,
1395,self_attn,,,transpose,"[[B, n_h, T, d_head]]",,,"[[B, T, n_h, d_head]]",[1394],11,self_attn,,1,model.layers.11.self_attn,aten.transpose.int,[],prefill,True,
1396,self_attn,,,clone,"[[B, T, n_h, d_head]]",,,"[[B, T, n_h, d_head]]",[1395],11,self_attn,,1,model.layers.11.self_attn,aten.clone.default,[],prefill,True,
1397,self_attn,,,view,"[[B, T, n_h, d_head]]",,,"[[B, T, n_h*d_head]]",[1396],11,self_attn,,1,model.layers.11.self_attn,aten.view.default,[],prefill,True,
1398,self_attn,o_proj,,t,"[[d_model, n_h*d_head]]","[d_model, n_h*d_head]",0,"[[n_h*d_head, d_model]]",[],11,self_attn,o_proj,2,model.layers.11.self_attn.o_proj,aten.t.default,[model.layers.11.self_attn.o_proj.weight],prefill,True,
1399,self_attn,o_proj,,view,"[[B, T, n_h*d_head]]",,,"[[B*T, n_h*d_head]]",[1397],11,self_attn,o_proj,2,model.layers.11.self_attn.o_proj,aten.view.default,[],prefill,True,
1400,self_attn,o_proj,,matmul,"[[B*T, n_h*d_head], [n_h*d_head, d_model]]","[d_model, n_h*d_head]",1,"[[B*T, d_model]]","[1398, 1399]",11,self_attn,o_proj,2,model.layers.11.self_attn.o_proj,aten.mm.default,[model.layers.11.self_attn.o_proj.weight],prefill,False,
1401,self_attn,o_proj,,_unsafe_view,"[[B*T, d_model]]",,,"[[B, T, d_model]]",[1400],11,self_attn,o_proj,2,model.layers.11.self_attn.o_proj,aten._unsafe_view.default,[],prefill,True,
1402,,,,elementwise_add,"[[B, T, d_model], [B, T, d_model]]",,,"[[B, T, d_model]]","[1328, 1401]",11,,,0,model.layers.11,aten.add.Tensor,[],prefill,False,
1403,post_attention_layernorm,,,_to_copy,"[[B, T, d_model]]",,,"[[B, T, d_model]]",[1402],11,post_attention_layernorm,,1,model.layers.11.post_attention_layernorm,aten._to_copy.default,[],prefill,True,
1404,post_attention_layernorm,,,pow,"[[B, T, d_model]]",,,"[[B, T, d_model]]",[1403],11,post_attention_layernorm,,1,model.layers.11.post_attention_layernorm,aten.pow.Tensor_Scalar,[],prefill,False,
1405,post_attention_layernorm,,,mean,"[[B, T, d_model]]",,,"[[B, T, 1]]",[1404],11,post_attention_layernorm,,1,model.layers.11.post_attention_layernorm,aten.mean.dim,[],prefill,False,
1406,post_attention_layernorm,,,elementwise_add,"[[B, T, 1]]",,,"[[B, T, 1]]",[1405],11,post_attention_layernorm,,1,model.layers.11.post_attention_layernorm,aten.add.Tensor,[],prefill,False,
1407,post_attention_layernorm,,,rsqrt,"[[B, T, 1]]",,,"[[B, T, 1]]",[1406],11,post_attention_layernorm,,1,model.layers.11.post_attention_layernorm,aten.rsqrt.default,[],prefill,False,
1408,post_attention_layernorm,,,elementwise_mul,"[[B, T, d_model], [B, T, 1]]",,,"[[B, T, d_model]]","[1403, 1407]",11,post_attention_layernorm,,1,model.layers.11.post_attention_layernorm,aten.mul.Tensor,[],prefill,False,
1409,post_attention_layernorm,,,_to_copy,"[[B, T, d_model]]",,,"[[B, T, d_model]]",[1408],11,post_attention_layernorm,,1,model.layers.11.post_attention_layernorm,aten._to_copy.default,[],prefill,True,
1410,post_attention_layernorm,,,elementwise_mul,"[[B, T, d_model], [d_model]]",,,"[[B, T, d_model]]",[1409],11,post_attention_layernorm,,1,model.layers.11.post_attention_layernorm,aten.mul.Tensor,[model.layers.11.post_attention_layernorm.weight],prefill,False,
1411,feed_forward,,,view,"[[B, T, d_model]]",,,"[[B*T, d_model]]",[1410],11,feed_forward,,1,model.layers.11.feed_forward,aten.view.default,[],prefill,True,
1412,feed_forward,router,,t,"[[E, d_model]]","[E, d_model]",0,"[[d_model, E]]",[],11,feed_forward,router,2,model.layers.11.feed_forward.router,aten.t.default,[model.layers.11.feed_forward.router.weight],prefill,True,
1413,feed_forward,router,,matmul,"[[B*T, d_model], [d_model, E]]","[E, d_model]",1,"[[B*T, E]]","[1411, 1412]",11,feed_forward,router,2,model.layers.11.feed_forward.router,aten.mm.default,[model.layers.11.feed_forward.router.weight],prefill,False,
1414,feed_forward,router,,topk,"[[B*T, E]]",,,"[[B*T, 1], [B*T, 1]]",[1413],11,feed_forward,router,2,model.layers.11.feed_forward.router,aten.topk.default,[],prefill,False,
1415,feed_forward,router,,full_like,"[[B*T, E]]",,,"[[B*T, E]]",[1413],11,feed_forward,router,2,model.layers.11.feed_forward.router,aten.full_like.default,[],prefill,True,
1416,feed_forward,router,,scatter_,"[[B*T, E], [B*T, 1], [B*T, 1]]",,,"[[B*T, E]]","[1414, 1415]",11,feed_forward,router,2,model.layers.11.feed_forward.router,aten.scatter_.src,[],prefill,True,
1417,feed_forward,router,,_to_copy,"[[B*T, E]]",,,"[[B*T, E]]",[1416],11,feed_forward,router,2,model.layers.11.feed_forward.router,aten._to_copy.default,[],prefill,True,
1418,feed_forward,router,,sigmoid,"[[B*T, E]]",,,"[[B*T, E]]",[1417],11,feed_forward,router,2,model.layers.11.feed_forward.router,aten.sigmoid.default,[],prefill,False,
1419,feed_forward,router,,_to_copy,"[[B*T, E]]",,,"[[B*T, E]]",[1418],11,feed_forward,router,2,model.layers.11.feed_forward.router,aten._to_copy.default,[],prefill,True,
1420,feed_forward,,,repeat,"[[B*T, d_model]]",,,"[[B*E*T, d_model]]",[1411],11,feed_forward,,1,model.layers.11.feed_forward,aten.repeat.default,[],prefill,True,
1421,feed_forward,,,transpose,"[[B*T, E]]",,,"[[E, B*T]]",[1419],11,feed_forward,,1,model.layers.11.feed_forward,aten.transpose.int,[],prefill,True,
1422,feed_forward,,,clone,"[[E, B*T]]",,,"[[E, B*T]]",[1421],11,feed_forward,,1,model.layers.11.feed_forward,aten.clone.default,[],prefill,True,
1423,feed_forward,,,_unsafe_view,"[[E, B*T]]",,,"[[B*E*T, 1]]",[1422],11,feed_forward,,1,model.layers.11.feed_forward,aten._unsafe_view.default,[],prefill,True,
1424,feed_forward,,,elementwise_mul,"[[B*E*T, d_model], [B*E*T, 1]]",,,"[[B*E*T, d_model]]","[1420, 1423]",11,feed_forward,,1,model.layers.11.feed_forward,aten.mul.Tensor,[],prefill,False,
1425,feed_forward,experts,,view,"[[B*E*T, d_model]]",,,"[[E, B*T, d_model]]",[1424],11,feed_forward,experts,2,model.layers.11.feed_forward.experts,aten.view.default,[],prefill,True,
1426,feed_forward,experts,,batched_matmul,"[[E, B*T, d_model], [E, d_model, 2*d_moe]]","[E, d_model, 2*d_moe]",1,"[[E, B*T, 2*d_moe]]",[1425],11,feed_forward,experts,2,model.layers.11.feed_forward.experts,aten.bmm.default,[model.layers.11.feed_forward.experts.gate_up_proj],prefill,False,
1427,feed_forward,experts,,split,"[[E, B*T, 2*d_moe]]",,,"[[E, B*T, d_moe], [E, B*T, d_moe]]",[1426],11,feed_forward,experts,2,model.layers.11.feed_forward.experts,aten.split.Tensor,[],prefill,True,
1428,feed_forward,experts,act_fn,silu,"[[E, B*T, d_moe]]",,,"[[E, B*T, d_moe]]",[1427],11,feed_forward,experts,3,model.layers.11.feed_forward.experts.act_fn,aten.silu.default,[],prefill,False,
1429,feed_forward,experts,,elementwise_mul,"[[E, B*T, d_moe], [E, B*T, d_moe]]",,,"[[E, B*T, d_moe]]","[1427, 1428]",11,feed_forward,experts,2,model.layers.11.feed_forward.experts,aten.mul.Tensor,[],prefill,False,
1430,feed_forward,experts,,batched_matmul,"[[E, B*T, d_moe], [E, d_moe, d_model]]","[E, d_moe, d_model]",1,"[[E, B*T, d_model]]",[1429],11,feed_forward,experts,2,model.layers.11.feed_forward.experts,aten.bmm.default,[model.layers.11.feed_forward.experts.down_proj],prefill,False,
1431,feed_forward,experts,,view,"[[E, B*T, d_model]]",,,"[[B*E*T, d_model]]",[1430],11,feed_forward,experts,2,model.layers.11.feed_forward.experts,aten.view.default,[],prefill,True,
1432,feed_forward,shared_expert,gate_proj,t,"[[d_moe, d_model]]","[d_moe, d_model]",0,"[[d_model, d_moe]]",[],11,feed_forward,shared_expert,3,model.layers.11.feed_forward.shared_expert.gate_proj,aten.t.default,[model.layers.11.feed_forward.shared_expert.gate_proj.weight],prefill,True,
1433,feed_forward,shared_expert,gate_proj,matmul,"[[B*T, d_model], [d_model, d_moe]]","[d_moe, d_model]",1,"[[B*T, d_moe]]","[1411, 1432]",11,feed_forward,shared_expert,3,model.layers.11.feed_forward.shared_expert.gate_proj,aten.mm.default,[model.layers.11.feed_forward.shared_expert.gate_proj.weight],prefill,False,
1434,feed_forward,shared_expert,activation_fn,silu,"[[B*T, d_moe]]",,,"[[B*T, d_moe]]",[1433],11,feed_forward,shared_expert,3,model.layers.11.feed_forward.shared_expert.activation_fn,aten.silu.default,[],prefill,False,
1435,feed_forward,shared_expert,up_proj,t,"[[d_moe, d_model]]","[d_moe, d_model]",0,"[[d_model, d_moe]]",[],11,feed_forward,shared_expert,3,model.layers.11.feed_forward.shared_expert.up_proj,aten.t.default,[model.layers.11.feed_forward.shared_expert.up_proj.weight],prefill,True,
1436,feed_forward,shared_expert,up_proj,matmul,"[[B*T, d_model], [d_model, d_moe]]","[d_moe, d_model]",1,"[[B*T, d_moe]]","[1411, 1435]",11,feed_forward,shared_expert,3,model.layers.11.feed_forward.shared_expert.up_proj,aten.mm.default,[model.layers.11.feed_forward.shared_expert.up_proj.weight],prefill,False,
1437,feed_forward,shared_expert,,elementwise_mul,"[[B*T, d_moe], [B*T, d_moe]]",,,"[[B*T, d_moe]]","[1434, 1436]",11,feed_forward,shared_expert,2,model.layers.11.feed_forward.shared_expert,aten.mul.Tensor,[],prefill,False,
1438,feed_forward,shared_expert,down_proj,t,"[[d_model, d_moe]]","[d_model, d_moe]",0,"[[d_moe, d_model]]",[],11,feed_forward,shared_expert,3,model.layers.11.feed_forward.shared_expert.down_proj,aten.t.default,[model.layers.11.feed_forward.shared_expert.down_proj.weight],prefill,True,
1439,feed_forward,shared_expert,down_proj,matmul,"[[B*T, d_moe], [d_moe, d_model]]","[d_model, d_moe]",1,"[[B*T, d_model]]","[1437, 1438]",11,feed_forward,shared_expert,3,model.layers.11.feed_forward.shared_expert.down_proj,aten.mm.default,[model.layers.11.feed_forward.shared_expert.down_proj.weight],prefill,False,
1440,feed_forward,,,view,"[[B*E*T, d_model]]",,,"[[E, B*T, d_model]]",[1431],11,feed_forward,,1,model.layers.11.feed_forward,aten.view.default,[],prefill,True,
1441,feed_forward,,,sum,"[[E, B*T, d_model]]",,,"[[B*T, d_model]]",[1440],11,feed_forward,,1,model.layers.11.feed_forward,aten.sum.dim_IntList,[],prefill,True,
1442,feed_forward,,,add_,"[[B*T, d_model], [B*T, d_model]]",,,"[[B*T, d_model]]","[1439, 1441]",11,feed_forward,,1,model.layers.11.feed_forward,aten.add_.Tensor,[],prefill,True,
1443,,,,view,"[[B*T, d_model]]",,,"[[B, T, d_model]]",[1442],11,,,0,model.layers.11,aten.view.default,[],prefill,True,
1444,,,,elementwise_add,"[[B, T, d_model], [B, T, d_model]]",,,"[[B, T, d_model]]","[1402, 1443]",11,,,0,model.layers.11,aten.add.Tensor,[],prefill,False,
1445,input_layernorm,,,_to_copy,"[[B, T, d_model]]",,,"[[B, T, d_model]]",[1444],12,input_layernorm,,1,model.layers.12.input_layernorm,aten._to_copy.default,[],prefill,True,
1446,input_layernorm,,,pow,"[[B, T, d_model]]",,,"[[B, T, d_model]]",[1445],12,input_layernorm,,1,model.layers.12.input_layernorm,aten.pow.Tensor_Scalar,[],prefill,False,
1447,input_layernorm,,,mean,"[[B, T, d_model]]",,,"[[B, T, 1]]",[1446],12,input_layernorm,,1,model.layers.12.input_layernorm,aten.mean.dim,[],prefill,False,
1448,input_layernorm,,,elementwise_add,"[[B, T, 1]]",,,"[[B, T, 1]]",[1447],12,input_layernorm,,1,model.layers.12.input_layernorm,aten.add.Tensor,[],prefill,False,
1449,input_layernorm,,,rsqrt,"[[B, T, 1]]",,,"[[B, T, 1]]",[1448],12,input_layernorm,,1,model.layers.12.input_layernorm,aten.rsqrt.default,[],prefill,False,
1450,input_layernorm,,,elementwise_mul,"[[B, T, d_model], [B, T, 1]]",,,"[[B, T, d_model]]","[1445, 1449]",12,input_layernorm,,1,model.layers.12.input_layernorm,aten.mul.Tensor,[],prefill,False,
1451,input_layernorm,,,_to_copy,"[[B, T, d_model]]",,,"[[B, T, d_model]]",[1450],12,input_layernorm,,1,model.layers.12.input_layernorm,aten._to_copy.default,[],prefill,True,
1452,input_layernorm,,,elementwise_mul,"[[B, T, d_model], [d_model]]",,,"[[B, T, d_model]]",[1451],12,input_layernorm,,1,model.layers.12.input_layernorm,aten.mul.Tensor,[model.layers.12.input_layernorm.weight],prefill,False,
1453,self_attn,q_proj,,t,"[[n_h*d_head, d_model]]","[n_h*d_head, d_model]",0,"[[d_model, n_h*d_head]]",[],12,self_attn,q_proj,2,model.layers.12.self_attn.q_proj,aten.t.default,[model.layers.12.self_attn.q_proj.weight],prefill,True,
1454,self_attn,q_proj,,view,"[[B, T, d_model]]",,,"[[B*T, d_model]]",[1452],12,self_attn,q_proj,2,model.layers.12.self_attn.q_proj,aten.view.default,[],prefill,True,
1455,self_attn,q_proj,,matmul,"[[B*T, d_model], [d_model, n_h*d_head]]","[n_h*d_head, d_model]",1,"[[B*T, n_h*d_head]]","[1453, 1454]",12,self_attn,q_proj,2,model.layers.12.self_attn.q_proj,aten.mm.default,[model.layers.12.self_attn.q_proj.weight],prefill,False,
1456,self_attn,q_proj,,_unsafe_view,"[[B*T, n_h*d_head]]",,,"[[B, T, n_h*d_head]]",[1455],12,self_attn,q_proj,2,model.layers.12.self_attn.q_proj,aten._unsafe_view.default,[],prefill,True,
1457,self_attn,,,view,"[[B, T, n_h*d_head]]",,,"[[B, T, n_h, d_head]]",[1456],12,self_attn,,1,model.layers.12.self_attn,aten.view.default,[],prefill,True,
1458,self_attn,k_proj,,t,"[[n_kv*d_head, d_model]]","[n_kv*d_head, d_model]",0,"[[d_model, n_kv*d_head]]",[],12,self_attn,k_proj,2,model.layers.12.self_attn.k_proj,aten.t.default,[model.layers.12.self_attn.k_proj.weight],prefill,True,
1459,self_attn,k_proj,,view,"[[B, T, d_model]]",,,"[[B*T, d_model]]",[1452],12,self_attn,k_proj,2,model.layers.12.self_attn.k_proj,aten.view.default,[],prefill,True,
1460,self_attn,k_proj,,matmul,"[[B*T, d_model], [d_model, n_kv*d_head]]","[n_kv*d_head, d_model]",1,"[[B*T, n_kv*d_head]]","[1458, 1459]",12,self_attn,k_proj,2,model.layers.12.self_attn.k_proj,aten.mm.default,[model.layers.12.self_attn.k_proj.weight],prefill,False,
1461,self_attn,k_proj,,_unsafe_view,"[[B*T, n_kv*d_head]]",,,"[[B, T, n_kv*d_head]]",[1460],12,self_attn,k_proj,2,model.layers.12.self_attn.k_proj,aten._unsafe_view.default,[],prefill,True,
1462,self_attn,,,view,"[[B, T, n_kv*d_head]]",,,"[[B, T, n_kv, d_head]]",[1461],12,self_attn,,1,model.layers.12.self_attn,aten.view.default,[],prefill,True,
1463,self_attn,v_proj,,t,"[[n_kv*d_head, d_model]]","[n_kv*d_head, d_model]",0,"[[d_model, n_kv*d_head]]",[],12,self_attn,v_proj,2,model.layers.12.self_attn.v_proj,aten.t.default,[model.layers.12.self_attn.v_proj.weight],prefill,True,
1464,self_attn,v_proj,,view,"[[B, T, d_model]]",,,"[[B*T, d_model]]",[1452],12,self_attn,v_proj,2,model.layers.12.self_attn.v_proj,aten.view.default,[],prefill,True,
1465,self_attn,v_proj,,matmul,"[[B*T, d_model], [d_model, n_kv*d_head]]","[n_kv*d_head, d_model]",1,"[[B*T, n_kv*d_head]]","[1463, 1464]",12,self_attn,v_proj,2,model.layers.12.self_attn.v_proj,aten.mm.default,[model.layers.12.self_attn.v_proj.weight],prefill,False,
1466,self_attn,v_proj,,_unsafe_view,"[[B*T, n_kv*d_head]]",,,"[[B, T, n_kv*d_head]]",[1465],12,self_attn,v_proj,2,model.layers.12.self_attn.v_proj,aten._unsafe_view.default,[],prefill,True,
1467,self_attn,,,view,"[[B, T, n_kv*d_head]]",,,"[[B, T, n_kv, d_head]]",[1466],12,self_attn,,1,model.layers.12.self_attn,aten.view.default,[],prefill,True,
1468,self_attn,,,transpose,"[[B, T, n_kv, d_head]]",,,"[[B, n_kv, T, d_head]]",[1467],12,self_attn,,1,model.layers.12.self_attn,aten.transpose.int,[],prefill,True,
1469,self_attn,,,_to_copy,"[[B, T, n_h, d_head]]",,,"[[B, T, n_h, d_head]]",[1457],12,self_attn,,1,model.layers.12.self_attn,aten._to_copy.default,[],prefill,True,
1470,self_attn,,,view,"[[B, T, n_h, d_head]]",,,"[[B, T, n_h, d_head/2, 2]]",[1469],12,self_attn,,1,model.layers.12.self_attn,aten.view.default,[],prefill,True,
1471,self_attn,,,view_as_complex,"[[B, T, n_h, d_head/2, 2]]",,,"[[B, T, n_h, d_head/2]]",[1470],12,self_attn,,1,model.layers.12.self_attn,aten.view_as_complex.default,[],prefill,True,
1472,self_attn,,,_to_copy,"[[B, T, n_kv, d_head]]",,,"[[B, T, n_kv, d_head]]",[1462],12,self_attn,,1,model.layers.12.self_attn,aten._to_copy.default,[],prefill,True,
1473,self_attn,,,view,"[[B, T, n_kv, d_head]]",,,"[[B, T, n_kv, d_head/2, 2]]",[1472],12,self_attn,,1,model.layers.12.self_attn,aten.view.default,[],prefill,True,
1474,self_attn,,,view_as_complex,"[[B, T, n_kv, d_head/2, 2]]",,,"[[B, T, n_kv, d_head/2]]",[1473],12,self_attn,,1,model.layers.12.self_attn,aten.view_as_complex.default,[],prefill,True,
1475,self_attn,,,unsqueeze,"[[B, T, d_head/2]]",,,"[[B, T, 1, d_head/2]]",[106],12,self_attn,,1,model.layers.12.self_attn,aten.unsqueeze.default,[],prefill,True,
1476,self_attn,,,elementwise_mul,"[[B, T, n_h, d_head/2], [B, T, 1, d_head/2]]",,,"[[B, T, n_h, d_head/2]]","[1471, 1475]",12,self_attn,,1,model.layers.12.self_attn,aten.mul.Tensor,[],prefill,False,
1477,self_attn,,,view_as_real,"[[B, T, n_h, d_head/2]]",,,"[[B, T, n_h, d_head/2, 2]]",[1476],12,self_attn,,1,model.layers.12.self_attn,aten.view_as_real.default,[],prefill,True,
1478,self_attn,,,view,"[[B, T, n_h, d_head/2, 2]]",,,"[[B, T, n_h, d_head]]",[1477],12,self_attn,,1,model.layers.12.self_attn,aten.view.default,[],prefill,True,
1479,self_attn,,,unsqueeze,"[[B, T, d_head/2]]",,,"[[B, T, 1, d_head/2]]",[106],12,self_attn,,1,model.layers.12.self_attn,aten.unsqueeze.default,[],prefill,True,
1480,self_attn,,,elementwise_mul,"[[B, T, n_kv, d_head/2], [B, T, 1, d_head/2]]",,,"[[B, T, n_kv, d_head/2]]","[1474, 1479]",12,self_attn,,1,model.layers.12.self_attn,aten.mul.Tensor,[],prefill,False,
1481,self_attn,,,view_as_real,"[[B, T, n_kv, d_head/2]]",,,"[[B, T, n_kv, d_head/2, 2]]",[1480],12,self_attn,,1,model.layers.12.self_attn,aten.view_as_real.default,[],prefill,True,
1482,self_attn,,,view,"[[B, T, n_kv, d_head/2, 2]]",,,"[[B, T, n_kv, d_head]]",[1481],12,self_attn,,1,model.layers.12.self_attn,aten.view.default,[],prefill,True,
1483,self_attn,,,_to_copy,"[[B, T, n_h, d_head]]",,,"[[B, T, n_h, d_head]]",[1478],12,self_attn,,1,model.layers.12.self_attn,aten._to_copy.default,[],prefill,True,
1484,self_attn,,,_to_copy,"[[B, T, n_kv, d_head]]",,,"[[B, T, n_kv, d_head]]",[1482],12,self_attn,,1,model.layers.12.self_attn,aten._to_copy.default,[],prefill,True,
1485,self_attn,,,transpose,"[[B, T, n_h, d_head]]",,,"[[B, n_h, T, d_head]]",[1483],12,self_attn,,1,model.layers.12.self_attn,aten.transpose.int,[],prefill,True,
1486,self_attn,,,transpose,"[[B, T, n_kv, d_head]]",,,"[[B, n_kv, T, d_head]]",[1484],12,self_attn,,1,model.layers.12.self_attn,aten.transpose.int,[],prefill,True,
1487,self_attn,,,_to_copy,[[]],,,[[]],[10],12,self_attn,,1,model.layers.12.self_attn,aten._to_copy.default,[],prefill,True,
1488,self_attn,,,concat,"[[0], [B, n_kv, T, d_head]]",,,"[[B, n_kv, T, d_head]]",[1486],12,self_attn,,1,model.layers.12.self_attn,aten.cat.default,[],prefill,False,
1489,self_attn,,,concat,"[[0], [B, n_kv, T, d_head]]",,,"[[B, n_kv, T, d_head]]",[1468],12,self_attn,,1,model.layers.12.self_attn,aten.cat.default,[],prefill,False,
1490,self_attn,,,slice,"[[B, n_kv, T, d_head]]",,,"[[B, n_kv, T, d_head]]",[1488],12,self_attn,,1,model.layers.12.self_attn,aten.slice.Tensor,[],prefill,True,
1491,self_attn,,,slice,"[[B, n_kv, T, d_head]]",,,"[[B, n_kv, T, d_head]]",[1489],12,self_attn,,1,model.layers.12.self_attn,aten.slice.Tensor,[],prefill,True,
1492,self_attn,,,unsqueeze,"[[B, n_kv, T, d_head]]",,,"[[B, n_kv, 1, T, d_head]]",[1488],12,self_attn,,1,model.layers.12.self_attn,aten.unsqueeze.default,[],prefill,True,
1493,self_attn,,,expand,"[[B, n_kv, 1, T, d_head]]",,,"[[B, n_kv, n_h/n_kv, T, d_head]]",[1492],12,self_attn,,1,model.layers.12.self_attn,aten.expand.default,[],prefill,True,
1494,self_attn,,,clone,"[[B, n_kv, n_h/n_kv, T, d_head]]",,,"[[B, n_kv, n_h/n_kv, T, d_head]]",[1493],12,self_attn,,1,model.layers.12.self_attn,aten.clone.default,[],prefill,True,
1495,self_attn,,,_unsafe_view,"[[B, n_kv, n_h/n_kv, T, d_head]]",,,"[[B, n_h, T, d_head]]",[1494],12,self_attn,,1,model.layers.12.self_attn,aten._unsafe_view.default,[],prefill,True,
1496,self_attn,,,unsqueeze,"[[B, n_kv, T, d_head]]",,,"[[B, n_kv, 1, T, d_head]]",[1489],12,self_attn,,1,model.layers.12.self_attn,aten.unsqueeze.default,[],prefill,True,
1497,self_attn,,,expand,"[[B, n_kv, 1, T, d_head]]",,,"[[B, n_kv, n_h/n_kv, T, d_head]]",[1496],12,self_attn,,1,model.layers.12.self_attn,aten.expand.default,[],prefill,True,
1498,self_attn,,,clone,"[[B, n_kv, n_h/n_kv, T, d_head]]",,,"[[B, n_kv, n_h/n_kv, T, d_head]]",[1497],12,self_attn,,1,model.layers.12.self_attn,aten.clone.default,[],prefill,True,
1499,self_attn,,,_unsafe_view,"[[B, n_kv, n_h/n_kv, T, d_head]]",,,"[[B, n_h, T, d_head]]",[1498],12,self_attn,,1,model.layers.12.self_attn,aten._unsafe_view.default,[],prefill,True,
1500,self_attn,,,transpose,"[[B, n_h, T, d_head]]",,,"[[B, n_h, d_head, T]]",[1495],12,self_attn,,1,model.layers.12.self_attn,aten.transpose.int,[],prefill,True,
1501,self_attn,,,expand,"[[B, n_h, T, d_head]]",,,"[[B, n_h, T, d_head]]",[1485],12,self_attn,,1,model.layers.12.self_attn,aten.expand.default,[],prefill,True,
1502,self_attn,,,clone,"[[B, n_h, T, d_head]]",,,"[[B, n_h, T, d_head]]",[1501],12,self_attn,,1,model.layers.12.self_attn,aten.clone.default,[],prefill,True,
1503,self_attn,,,_unsafe_view,"[[B, n_h, T, d_head]]",,,"[[B*n_h, T, d_head]]",[1502],12,self_attn,,1,model.layers.12.self_attn,aten._unsafe_view.default,[],prefill,True,
1504,self_attn,,,expand,"[[B, n_h, d_head, T]]",,,"[[B, n_h, d_head, T]]",[1500],12,self_attn,,1,model.layers.12.self_attn,aten.expand.default,[],prefill,True,
1505,self_attn,,,view,"[[B, n_h, d_head, T]]",,,"[[B*n_h, d_head, T]]",[1504],12,self_attn,,1,model.layers.12.self_attn,aten.view.default,[],prefill,True,
1506,self_attn,,,batched_matmul,"[[B*n_h, T, d_head], [B*n_h, d_head, T]]",,,"[[B*n_h, T, T]]","[1503, 1505]",12,self_attn,,1,model.layers.12.self_attn,aten.bmm.default,[],prefill,False,
1507,self_attn,,,_unsafe_view,"[[B*n_h, T, T]]",,,"[[B, n_h, T, T]]",[1506],12,self_attn,,1,model.layers.12.self_attn,aten._unsafe_view.default,[],prefill,True,
1508,self_attn,,,elementwise_mul,"[[B, n_h, T, T]]",,,"[[B, n_h, T, T]]",[1507],12,self_attn,,1,model.layers.12.self_attn,aten.mul.Tensor,[],prefill,False,
1509,self_attn,,,elementwise_add,"[[B, n_h, T, T], [B, 1, T, T]]",,,"[[B, n_h, T, T]]","[91, 1508]",12,self_attn,,1,model.layers.12.self_attn,aten.add.Tensor,[],prefill,False,
1510,self_attn,,,softmax,"[[B, n_h, T, T]]",,,"[[B, n_h, T, T]]",[1509],12,self_attn,,1,model.layers.12.self_attn,aten._softmax.default,[],prefill,False,
1511,self_attn,,,expand,"[[B, n_h, T, T]]",,,"[[B, n_h, T, T]]",[1510],12,self_attn,,1,model.layers.12.self_attn,aten.expand.default,[],prefill,True,
1512,self_attn,,,view,"[[B, n_h, T, T]]",,,"[[B*n_h, T, T]]",[1511],12,self_attn,,1,model.layers.12.self_attn,aten.view.default,[],prefill,True,
1513,self_attn,,,expand,"[[B, n_h, T, d_head]]",,,"[[B, n_h, T, d_head]]",[1499],12,self_attn,,1,model.layers.12.self_attn,aten.expand.default,[],prefill,True,
1514,self_attn,,,view,"[[B, n_h, T, d_head]]",,,"[[B*n_h, T, d_head]]",[1513],12,self_attn,,1,model.layers.12.self_attn,aten.view.default,[],prefill,True,
1515,self_attn,,,batched_matmul,"[[B*n_h, T, T], [B*n_h, T, d_head]]",,,"[[B*n_h, T, d_head]]","[1512, 1514]",12,self_attn,,1,model.layers.12.self_attn,aten.bmm.default,[],prefill,False,
1516,self_attn,,,_unsafe_view,"[[B*n_h, T, d_head]]",,,"[[B, n_h, T, d_head]]",[1515],12,self_attn,,1,model.layers.12.self_attn,aten._unsafe_view.default,[],prefill,True,
1517,self_attn,,,transpose,"[[B, n_h, T, d_head]]",,,"[[B, T, n_h, d_head]]",[1516],12,self_attn,,1,model.layers.12.self_attn,aten.transpose.int,[],prefill,True,
1518,self_attn,,,clone,"[[B, T, n_h, d_head]]",,,"[[B, T, n_h, d_head]]",[1517],12,self_attn,,1,model.layers.12.self_attn,aten.clone.default,[],prefill,True,
1519,self_attn,,,view,"[[B, T, n_h, d_head]]",,,"[[B, T, n_h*d_head]]",[1518],12,self_attn,,1,model.layers.12.self_attn,aten.view.default,[],prefill,True,
1520,self_attn,o_proj,,t,"[[d_model, n_h*d_head]]","[d_model, n_h*d_head]",0,"[[n_h*d_head, d_model]]",[],12,self_attn,o_proj,2,model.layers.12.self_attn.o_proj,aten.t.default,[model.layers.12.self_attn.o_proj.weight],prefill,True,
1521,self_attn,o_proj,,view,"[[B, T, n_h*d_head]]",,,"[[B*T, n_h*d_head]]",[1519],12,self_attn,o_proj,2,model.layers.12.self_attn.o_proj,aten.view.default,[],prefill,True,
1522,self_attn,o_proj,,matmul,"[[B*T, n_h*d_head], [n_h*d_head, d_model]]","[d_model, n_h*d_head]",1,"[[B*T, d_model]]","[1520, 1521]",12,self_attn,o_proj,2,model.layers.12.self_attn.o_proj,aten.mm.default,[model.layers.12.self_attn.o_proj.weight],prefill,False,
1523,self_attn,o_proj,,_unsafe_view,"[[B*T, d_model]]",,,"[[B, T, d_model]]",[1522],12,self_attn,o_proj,2,model.layers.12.self_attn.o_proj,aten._unsafe_view.default,[],prefill,True,
1524,,,,elementwise_add,"[[B, T, d_model], [B, T, d_model]]",,,"[[B, T, d_model]]","[1444, 1523]",12,,,0,model.layers.12,aten.add.Tensor,[],prefill,False,
1525,post_attention_layernorm,,,_to_copy,"[[B, T, d_model]]",,,"[[B, T, d_model]]",[1524],12,post_attention_layernorm,,1,model.layers.12.post_attention_layernorm,aten._to_copy.default,[],prefill,True,
1526,post_attention_layernorm,,,pow,"[[B, T, d_model]]",,,"[[B, T, d_model]]",[1525],12,post_attention_layernorm,,1,model.layers.12.post_attention_layernorm,aten.pow.Tensor_Scalar,[],prefill,False,
1527,post_attention_layernorm,,,mean,"[[B, T, d_model]]",,,"[[B, T, 1]]",[1526],12,post_attention_layernorm,,1,model.layers.12.post_attention_layernorm,aten.mean.dim,[],prefill,False,
1528,post_attention_layernorm,,,elementwise_add,"[[B, T, 1]]",,,"[[B, T, 1]]",[1527],12,post_attention_layernorm,,1,model.layers.12.post_attention_layernorm,aten.add.Tensor,[],prefill,False,
1529,post_attention_layernorm,,,rsqrt,"[[B, T, 1]]",,,"[[B, T, 1]]",[1528],12,post_attention_layernorm,,1,model.layers.12.post_attention_layernorm,aten.rsqrt.default,[],prefill,False,
1530,post_attention_layernorm,,,elementwise_mul,"[[B, T, d_model], [B, T, 1]]",,,"[[B, T, d_model]]","[1525, 1529]",12,post_attention_layernorm,,1,model.layers.12.post_attention_layernorm,aten.mul.Tensor,[],prefill,False,
1531,post_attention_layernorm,,,_to_copy,"[[B, T, d_model]]",,,"[[B, T, d_model]]",[1530],12,post_attention_layernorm,,1,model.layers.12.post_attention_layernorm,aten._to_copy.default,[],prefill,True,
1532,post_attention_layernorm,,,elementwise_mul,"[[B, T, d_model], [d_model]]",,,"[[B, T, d_model]]",[1531],12,post_attention_layernorm,,1,model.layers.12.post_attention_layernorm,aten.mul.Tensor,[model.layers.12.post_attention_layernorm.weight],prefill,False,
1533,feed_forward,gate_proj,,t,"[[d_ff, d_model]]","[d_ff, d_model]",0,"[[d_model, d_ff]]",[],12,feed_forward,gate_proj,2,model.layers.12.feed_forward.gate_proj,aten.t.default,[model.layers.12.feed_forward.gate_proj.weight],prefill,True,
1534,feed_forward,gate_proj,,view,"[[B, T, d_model]]",,,"[[B*T, d_model]]",[1532],12,feed_forward,gate_proj,2,model.layers.12.feed_forward.gate_proj,aten.view.default,[],prefill,True,
1535,feed_forward,gate_proj,,matmul,"[[B*T, d_model], [d_model, d_ff]]","[d_ff, d_model]",1,"[[B*T, d_ff]]","[1533, 1534]",12,feed_forward,gate_proj,2,model.layers.12.feed_forward.gate_proj,aten.mm.default,[model.layers.12.feed_forward.gate_proj.weight],prefill,False,
1536,feed_forward,gate_proj,,_unsafe_view,"[[B*T, d_ff]]",,,"[[B, T, d_ff]]",[1535],12,feed_forward,gate_proj,2,model.layers.12.feed_forward.gate_proj,aten._unsafe_view.default,[],prefill,True,
1537,feed_forward,activation_fn,,silu,"[[B, T, d_ff]]",,,"[[B, T, d_ff]]",[1536],12,feed_forward,activation_fn,2,model.layers.12.feed_forward.activation_fn,aten.silu.default,[],prefill,False,
1538,feed_forward,up_proj,,t,"[[d_ff, d_model]]","[d_ff, d_model]",0,"[[d_model, d_ff]]",[],12,feed_forward,up_proj,2,model.layers.12.feed_forward.up_proj,aten.t.default,[model.layers.12.feed_forward.up_proj.weight],prefill,True,
1539,feed_forward,up_proj,,view,"[[B, T, d_model]]",,,"[[B*T, d_model]]",[1532],12,feed_forward,up_proj,2,model.layers.12.feed_forward.up_proj,aten.view.default,[],prefill,True,
1540,feed_forward,up_proj,,matmul,"[[B*T, d_model], [d_model, d_ff]]","[d_ff, d_model]",1,"[[B*T, d_ff]]","[1538, 1539]",12,feed_forward,up_proj,2,model.layers.12.feed_forward.up_proj,aten.mm.default,[model.layers.12.feed_forward.up_proj.weight],prefill,False,
1541,feed_forward,up_proj,,_unsafe_view,"[[B*T, d_ff]]",,,"[[B, T, d_ff]]",[1540],12,feed_forward,up_proj,2,model.layers.12.feed_forward.up_proj,aten._unsafe_view.default,[],prefill,True,
1542,feed_forward,,,elementwise_mul,"[[B, T, d_ff], [B, T, d_ff]]",,,"[[B, T, d_ff]]","[1537, 1541]",12,feed_forward,,1,model.layers.12.feed_forward,aten.mul.Tensor,[],prefill,False,
1543,feed_forward,down_proj,,t,"[[d_model, d_ff]]","[d_model, d_ff]",0,"[[d_ff, d_model]]",[],12,feed_forward,down_proj,2,model.layers.12.feed_forward.down_proj,aten.t.default,[model.layers.12.feed_forward.down_proj.weight],prefill,True,
1544,feed_forward,down_proj,,view,"[[B, T, d_ff]]",,,"[[B*T, d_ff]]",[1542],12,feed_forward,down_proj,2,model.layers.12.feed_forward.down_proj,aten.view.default,[],prefill,True,
1545,feed_forward,down_proj,,matmul,"[[B*T, d_ff], [d_ff, d_model]]","[d_model, d_ff]",1,"[[B*T, d_model]]","[1543, 1544]",12,feed_forward,down_proj,2,model.layers.12.feed_forward.down_proj,aten.mm.default,[model.layers.12.feed_forward.down_proj.weight],prefill,False,
1546,feed_forward,down_proj,,_unsafe_view,"[[B*T, d_model]]",,,"[[B, T, d_model]]",[1545],12,feed_forward,down_proj,2,model.layers.12.feed_forward.down_proj,aten._unsafe_view.default,[],prefill,True,
1547,,,,view,"[[B, T, d_model]]",,,"[[B, T, d_model]]",[1546],12,,,0,model.layers.12,aten.view.default,[],prefill,True,
1548,,,,elementwise_add,"[[B, T, d_model], [B, T, d_model]]",,,"[[B, T, d_model]]","[1524, 1547]",12,,,0,model.layers.12,aten.add.Tensor,[],prefill,False,
1549,input_layernorm,,,_to_copy,"[[B, T, d_model]]",,,"[[B, T, d_model]]",[1548],13,input_layernorm,,1,model.layers.13.input_layernorm,aten._to_copy.default,[],prefill,True,
1550,input_layernorm,,,pow,"[[B, T, d_model]]",,,"[[B, T, d_model]]",[1549],13,input_layernorm,,1,model.layers.13.input_layernorm,aten.pow.Tensor_Scalar,[],prefill,False,
1551,input_layernorm,,,mean,"[[B, T, d_model]]",,,"[[B, T, 1]]",[1550],13,input_layernorm,,1,model.layers.13.input_layernorm,aten.mean.dim,[],prefill,False,
1552,input_layernorm,,,elementwise_add,"[[B, T, 1]]",,,"[[B, T, 1]]",[1551],13,input_layernorm,,1,model.layers.13.input_layernorm,aten.add.Tensor,[],prefill,False,
1553,input_layernorm,,,rsqrt,"[[B, T, 1]]",,,"[[B, T, 1]]",[1552],13,input_layernorm,,1,model.layers.13.input_layernorm,aten.rsqrt.default,[],prefill,False,
1554,input_layernorm,,,elementwise_mul,"[[B, T, d_model], [B, T, 1]]",,,"[[B, T, d_model]]","[1549, 1553]",13,input_layernorm,,1,model.layers.13.input_layernorm,aten.mul.Tensor,[],prefill,False,
1555,input_layernorm,,,_to_copy,"[[B, T, d_model]]",,,"[[B, T, d_model]]",[1554],13,input_layernorm,,1,model.layers.13.input_layernorm,aten._to_copy.default,[],prefill,True,
1556,input_layernorm,,,elementwise_mul,"[[B, T, d_model], [d_model]]",,,"[[B, T, d_model]]",[1555],13,input_layernorm,,1,model.layers.13.input_layernorm,aten.mul.Tensor,[model.layers.13.input_layernorm.weight],prefill,False,
1557,self_attn,q_proj,,t,"[[n_h*d_head, d_model]]","[n_h*d_head, d_model]",0,"[[d_model, n_h*d_head]]",[],13,self_attn,q_proj,2,model.layers.13.self_attn.q_proj,aten.t.default,[model.layers.13.self_attn.q_proj.weight],prefill,True,
1558,self_attn,q_proj,,view,"[[B, T, d_model]]",,,"[[B*T, d_model]]",[1556],13,self_attn,q_proj,2,model.layers.13.self_attn.q_proj,aten.view.default,[],prefill,True,
1559,self_attn,q_proj,,matmul,"[[B*T, d_model], [d_model, n_h*d_head]]","[n_h*d_head, d_model]",1,"[[B*T, n_h*d_head]]","[1557, 1558]",13,self_attn,q_proj,2,model.layers.13.self_attn.q_proj,aten.mm.default,[model.layers.13.self_attn.q_proj.weight],prefill,False,
1560,self_attn,q_proj,,_unsafe_view,"[[B*T, n_h*d_head]]",,,"[[B, T, n_h*d_head]]",[1559],13,self_attn,q_proj,2,model.layers.13.self_attn.q_proj,aten._unsafe_view.default,[],prefill,True,
1561,self_attn,,,view,"[[B, T, n_h*d_head]]",,,"[[B, T, n_h, d_head]]",[1560],13,self_attn,,1,model.layers.13.self_attn,aten.view.default,[],prefill,True,
1562,self_attn,k_proj,,t,"[[n_kv*d_head, d_model]]","[n_kv*d_head, d_model]",0,"[[d_model, n_kv*d_head]]",[],13,self_attn,k_proj,2,model.layers.13.self_attn.k_proj,aten.t.default,[model.layers.13.self_attn.k_proj.weight],prefill,True,
1563,self_attn,k_proj,,view,"[[B, T, d_model]]",,,"[[B*T, d_model]]",[1556],13,self_attn,k_proj,2,model.layers.13.self_attn.k_proj,aten.view.default,[],prefill,True,
1564,self_attn,k_proj,,matmul,"[[B*T, d_model], [d_model, n_kv*d_head]]","[n_kv*d_head, d_model]",1,"[[B*T, n_kv*d_head]]","[1562, 1563]",13,self_attn,k_proj,2,model.layers.13.self_attn.k_proj,aten.mm.default,[model.layers.13.self_attn.k_proj.weight],prefill,False,
1565,self_attn,k_proj,,_unsafe_view,"[[B*T, n_kv*d_head]]",,,"[[B, T, n_kv*d_head]]",[1564],13,self_attn,k_proj,2,model.layers.13.self_attn.k_proj,aten._unsafe_view.default,[],prefill,True,
1566,self_attn,,,view,"[[B, T, n_kv*d_head]]",,,"[[B, T, n_kv, d_head]]",[1565],13,self_attn,,1,model.layers.13.self_attn,aten.view.default,[],prefill,True,
1567,self_attn,v_proj,,t,"[[n_kv*d_head, d_model]]","[n_kv*d_head, d_model]",0,"[[d_model, n_kv*d_head]]",[],13,self_attn,v_proj,2,model.layers.13.self_attn.v_proj,aten.t.default,[model.layers.13.self_attn.v_proj.weight],prefill,True,
1568,self_attn,v_proj,,view,"[[B, T, d_model]]",,,"[[B*T, d_model]]",[1556],13,self_attn,v_proj,2,model.layers.13.self_attn.v_proj,aten.view.default,[],prefill,True,
1569,self_attn,v_proj,,matmul,"[[B*T, d_model], [d_model, n_kv*d_head]]","[n_kv*d_head, d_model]",1,"[[B*T, n_kv*d_head]]","[1567, 1568]",13,self_attn,v_proj,2,model.layers.13.self_attn.v_proj,aten.mm.default,[model.layers.13.self_attn.v_proj.weight],prefill,False,
1570,self_attn,v_proj,,_unsafe_view,"[[B*T, n_kv*d_head]]",,,"[[B, T, n_kv*d_head]]",[1569],13,self_attn,v_proj,2,model.layers.13.self_attn.v_proj,aten._unsafe_view.default,[],prefill,True,
1571,self_attn,,,view,"[[B, T, n_kv*d_head]]",,,"[[B, T, n_kv, d_head]]",[1570],13,self_attn,,1,model.layers.13.self_attn,aten.view.default,[],prefill,True,
1572,self_attn,,,transpose,"[[B, T, n_kv, d_head]]",,,"[[B, n_kv, T, d_head]]",[1571],13,self_attn,,1,model.layers.13.self_attn,aten.transpose.int,[],prefill,True,
1573,self_attn,,,_to_copy,"[[B, T, n_h, d_head]]",,,"[[B, T, n_h, d_head]]",[1561],13,self_attn,,1,model.layers.13.self_attn,aten._to_copy.default,[],prefill,True,
1574,self_attn,,,view,"[[B, T, n_h, d_head]]",,,"[[B, T, n_h, d_head/2, 2]]",[1573],13,self_attn,,1,model.layers.13.self_attn,aten.view.default,[],prefill,True,
1575,self_attn,,,view_as_complex,"[[B, T, n_h, d_head/2, 2]]",,,"[[B, T, n_h, d_head/2]]",[1574],13,self_attn,,1,model.layers.13.self_attn,aten.view_as_complex.default,[],prefill,True,
1576,self_attn,,,_to_copy,"[[B, T, n_kv, d_head]]",,,"[[B, T, n_kv, d_head]]",[1566],13,self_attn,,1,model.layers.13.self_attn,aten._to_copy.default,[],prefill,True,
1577,self_attn,,,view,"[[B, T, n_kv, d_head]]",,,"[[B, T, n_kv, d_head/2, 2]]",[1576],13,self_attn,,1,model.layers.13.self_attn,aten.view.default,[],prefill,True,
1578,self_attn,,,view_as_complex,"[[B, T, n_kv, d_head/2, 2]]",,,"[[B, T, n_kv, d_head/2]]",[1577],13,self_attn,,1,model.layers.13.self_attn,aten.view_as_complex.default,[],prefill,True,
1579,self_attn,,,unsqueeze,"[[B, T, d_head/2]]",,,"[[B, T, 1, d_head/2]]",[106],13,self_attn,,1,model.layers.13.self_attn,aten.unsqueeze.default,[],prefill,True,
1580,self_attn,,,elementwise_mul,"[[B, T, n_h, d_head/2], [B, T, 1, d_head/2]]",,,"[[B, T, n_h, d_head/2]]","[1575, 1579]",13,self_attn,,1,model.layers.13.self_attn,aten.mul.Tensor,[],prefill,False,
1581,self_attn,,,view_as_real,"[[B, T, n_h, d_head/2]]",,,"[[B, T, n_h, d_head/2, 2]]",[1580],13,self_attn,,1,model.layers.13.self_attn,aten.view_as_real.default,[],prefill,True,
1582,self_attn,,,view,"[[B, T, n_h, d_head/2, 2]]",,,"[[B, T, n_h, d_head]]",[1581],13,self_attn,,1,model.layers.13.self_attn,aten.view.default,[],prefill,True,
1583,self_attn,,,unsqueeze,"[[B, T, d_head/2]]",,,"[[B, T, 1, d_head/2]]",[106],13,self_attn,,1,model.layers.13.self_attn,aten.unsqueeze.default,[],prefill,True,
1584,self_attn,,,elementwise_mul,"[[B, T, n_kv, d_head/2], [B, T, 1, d_head/2]]",,,"[[B, T, n_kv, d_head/2]]","[1578, 1583]",13,self_attn,,1,model.layers.13.self_attn,aten.mul.Tensor,[],prefill,False,
1585,self_attn,,,view_as_real,"[[B, T, n_kv, d_head/2]]",,,"[[B, T, n_kv, d_head/2, 2]]",[1584],13,self_attn,,1,model.layers.13.self_attn,aten.view_as_real.default,[],prefill,True,
1586,self_attn,,,view,"[[B, T, n_kv, d_head/2, 2]]",,,"[[B, T, n_kv, d_head]]",[1585],13,self_attn,,1,model.layers.13.self_attn,aten.view.default,[],prefill,True,
1587,self_attn,,,_to_copy,"[[B, T, n_h, d_head]]",,,"[[B, T, n_h, d_head]]",[1582],13,self_attn,,1,model.layers.13.self_attn,aten._to_copy.default,[],prefill,True,
1588,self_attn,,,_to_copy,"[[B, T, n_kv, d_head]]",,,"[[B, T, n_kv, d_head]]",[1586],13,self_attn,,1,model.layers.13.self_attn,aten._to_copy.default,[],prefill,True,
1589,self_attn,,,transpose,"[[B, T, n_h, d_head]]",,,"[[B, n_h, T, d_head]]",[1587],13,self_attn,,1,model.layers.13.self_attn,aten.transpose.int,[],prefill,True,
1590,self_attn,,,transpose,"[[B, T, n_kv, d_head]]",,,"[[B, n_kv, T, d_head]]",[1588],13,self_attn,,1,model.layers.13.self_attn,aten.transpose.int,[],prefill,True,
1591,self_attn,,,_to_copy,[[]],,,[[]],[11],13,self_attn,,1,model.layers.13.self_attn,aten._to_copy.default,[],prefill,True,
1592,self_attn,,,concat,"[[0], [B, n_kv, T, d_head]]",,,"[[B, n_kv, T, d_head]]",[1590],13,self_attn,,1,model.layers.13.self_attn,aten.cat.default,[],prefill,False,
1593,self_attn,,,concat,"[[0], [B, n_kv, T, d_head]]",,,"[[B, n_kv, T, d_head]]",[1572],13,self_attn,,1,model.layers.13.self_attn,aten.cat.default,[],prefill,False,
1594,self_attn,,,slice,"[[B, n_kv, T, d_head]]",,,"[[B, n_kv, T, d_head]]",[1592],13,self_attn,,1,model.layers.13.self_attn,aten.slice.Tensor,[],prefill,True,
1595,self_attn,,,slice,"[[B, n_kv, T, d_head]]",,,"[[B, n_kv, T, d_head]]",[1593],13,self_attn,,1,model.layers.13.self_attn,aten.slice.Tensor,[],prefill,True,
1596,self_attn,,,unsqueeze,"[[B, n_kv, T, d_head]]",,,"[[B, n_kv, 1, T, d_head]]",[1592],13,self_attn,,1,model.layers.13.self_attn,aten.unsqueeze.default,[],prefill,True,
1597,self_attn,,,expand,"[[B, n_kv, 1, T, d_head]]",,,"[[B, n_kv, n_h/n_kv, T, d_head]]",[1596],13,self_attn,,1,model.layers.13.self_attn,aten.expand.default,[],prefill,True,
1598,self_attn,,,clone,"[[B, n_kv, n_h/n_kv, T, d_head]]",,,"[[B, n_kv, n_h/n_kv, T, d_head]]",[1597],13,self_attn,,1,model.layers.13.self_attn,aten.clone.default,[],prefill,True,
1599,self_attn,,,_unsafe_view,"[[B, n_kv, n_h/n_kv, T, d_head]]",,,"[[B, n_h, T, d_head]]",[1598],13,self_attn,,1,model.layers.13.self_attn,aten._unsafe_view.default,[],prefill,True,
1600,self_attn,,,unsqueeze,"[[B, n_kv, T, d_head]]",,,"[[B, n_kv, 1, T, d_head]]",[1593],13,self_attn,,1,model.layers.13.self_attn,aten.unsqueeze.default,[],prefill,True,
1601,self_attn,,,expand,"[[B, n_kv, 1, T, d_head]]",,,"[[B, n_kv, n_h/n_kv, T, d_head]]",[1600],13,self_attn,,1,model.layers.13.self_attn,aten.expand.default,[],prefill,True,
1602,self_attn,,,clone,"[[B, n_kv, n_h/n_kv, T, d_head]]",,,"[[B, n_kv, n_h/n_kv, T, d_head]]",[1601],13,self_attn,,1,model.layers.13.self_attn,aten.clone.default,[],prefill,True,
1603,self_attn,,,_unsafe_view,"[[B, n_kv, n_h/n_kv, T, d_head]]",,,"[[B, n_h, T, d_head]]",[1602],13,self_attn,,1,model.layers.13.self_attn,aten._unsafe_view.default,[],prefill,True,
1604,self_attn,,,transpose,"[[B, n_h, T, d_head]]",,,"[[B, n_h, d_head, T]]",[1599],13,self_attn,,1,model.layers.13.self_attn,aten.transpose.int,[],prefill,True,
1605,self_attn,,,expand,"[[B, n_h, T, d_head]]",,,"[[B, n_h, T, d_head]]",[1589],13,self_attn,,1,model.layers.13.self_attn,aten.expand.default,[],prefill,True,
1606,self_attn,,,clone,"[[B, n_h, T, d_head]]",,,"[[B, n_h, T, d_head]]",[1605],13,self_attn,,1,model.layers.13.self_attn,aten.clone.default,[],prefill,True,
1607,self_attn,,,_unsafe_view,"[[B, n_h, T, d_head]]",,,"[[B*n_h, T, d_head]]",[1606],13,self_attn,,1,model.layers.13.self_attn,aten._unsafe_view.default,[],prefill,True,
1608,self_attn,,,expand,"[[B, n_h, d_head, T]]",,,"[[B, n_h, d_head, T]]",[1604],13,self_attn,,1,model.layers.13.self_attn,aten.expand.default,[],prefill,True,
1609,self_attn,,,view,"[[B, n_h, d_head, T]]",,,"[[B*n_h, d_head, T]]",[1608],13,self_attn,,1,model.layers.13.self_attn,aten.view.default,[],prefill,True,
1610,self_attn,,,batched_matmul,"[[B*n_h, T, d_head], [B*n_h, d_head, T]]",,,"[[B*n_h, T, T]]","[1607, 1609]",13,self_attn,,1,model.layers.13.self_attn,aten.bmm.default,[],prefill,False,
1611,self_attn,,,_unsafe_view,"[[B*n_h, T, T]]",,,"[[B, n_h, T, T]]",[1610],13,self_attn,,1,model.layers.13.self_attn,aten._unsafe_view.default,[],prefill,True,
1612,self_attn,,,elementwise_mul,"[[B, n_h, T, T]]",,,"[[B, n_h, T, T]]",[1611],13,self_attn,,1,model.layers.13.self_attn,aten.mul.Tensor,[],prefill,False,
1613,self_attn,,,elementwise_add,"[[B, n_h, T, T], [B, 1, T, T]]",,,"[[B, n_h, T, T]]","[91, 1612]",13,self_attn,,1,model.layers.13.self_attn,aten.add.Tensor,[],prefill,False,
1614,self_attn,,,softmax,"[[B, n_h, T, T]]",,,"[[B, n_h, T, T]]",[1613],13,self_attn,,1,model.layers.13.self_attn,aten._softmax.default,[],prefill,False,
1615,self_attn,,,expand,"[[B, n_h, T, T]]",,,"[[B, n_h, T, T]]",[1614],13,self_attn,,1,model.layers.13.self_attn,aten.expand.default,[],prefill,True,
1616,self_attn,,,view,"[[B, n_h, T, T]]",,,"[[B*n_h, T, T]]",[1615],13,self_attn,,1,model.layers.13.self_attn,aten.view.default,[],prefill,True,
1617,self_attn,,,expand,"[[B, n_h, T, d_head]]",,,"[[B, n_h, T, d_head]]",[1603],13,self_attn,,1,model.layers.13.self_attn,aten.expand.default,[],prefill,True,
1618,self_attn,,,view,"[[B, n_h, T, d_head]]",,,"[[B*n_h, T, d_head]]",[1617],13,self_attn,,1,model.layers.13.self_attn,aten.view.default,[],prefill,True,
1619,self_attn,,,batched_matmul,"[[B*n_h, T, T], [B*n_h, T, d_head]]",,,"[[B*n_h, T, d_head]]","[1616, 1618]",13,self_attn,,1,model.layers.13.self_attn,aten.bmm.default,[],prefill,False,
1620,self_attn,,,_unsafe_view,"[[B*n_h, T, d_head]]",,,"[[B, n_h, T, d_head]]",[1619],13,self_attn,,1,model.layers.13.self_attn,aten._unsafe_view.default,[],prefill,True,
1621,self_attn,,,transpose,"[[B, n_h, T, d_head]]",,,"[[B, T, n_h, d_head]]",[1620],13,self_attn,,1,model.layers.13.self_attn,aten.transpose.int,[],prefill,True,
1622,self_attn,,,clone,"[[B, T, n_h, d_head]]",,,"[[B, T, n_h, d_head]]",[1621],13,self_attn,,1,model.layers.13.self_attn,aten.clone.default,[],prefill,True,
1623,self_attn,,,view,"[[B, T, n_h, d_head]]",,,"[[B, T, n_h*d_head]]",[1622],13,self_attn,,1,model.layers.13.self_attn,aten.view.default,[],prefill,True,
1624,self_attn,o_proj,,t,"[[d_model, n_h*d_head]]","[d_model, n_h*d_head]",0,"[[n_h*d_head, d_model]]",[],13,self_attn,o_proj,2,model.layers.13.self_attn.o_proj,aten.t.default,[model.layers.13.self_attn.o_proj.weight],prefill,True,
1625,self_attn,o_proj,,view,"[[B, T, n_h*d_head]]",,,"[[B*T, n_h*d_head]]",[1623],13,self_attn,o_proj,2,model.layers.13.self_attn.o_proj,aten.view.default,[],prefill,True,
1626,self_attn,o_proj,,matmul,"[[B*T, n_h*d_head], [n_h*d_head, d_model]]","[d_model, n_h*d_head]",1,"[[B*T, d_model]]","[1624, 1625]",13,self_attn,o_proj,2,model.layers.13.self_attn.o_proj,aten.mm.default,[model.layers.13.self_attn.o_proj.weight],prefill,False,
1627,self_attn,o_proj,,_unsafe_view,"[[B*T, d_model]]",,,"[[B, T, d_model]]",[1626],13,self_attn,o_proj,2,model.layers.13.self_attn.o_proj,aten._unsafe_view.default,[],prefill,True,
1628,,,,elementwise_add,"[[B, T, d_model], [B, T, d_model]]",,,"[[B, T, d_model]]","[1548, 1627]",13,,,0,model.layers.13,aten.add.Tensor,[],prefill,False,
1629,post_attention_layernorm,,,_to_copy,"[[B, T, d_model]]",,,"[[B, T, d_model]]",[1628],13,post_attention_layernorm,,1,model.layers.13.post_attention_layernorm,aten._to_copy.default,[],prefill,True,
1630,post_attention_layernorm,,,pow,"[[B, T, d_model]]",,,"[[B, T, d_model]]",[1629],13,post_attention_layernorm,,1,model.layers.13.post_attention_layernorm,aten.pow.Tensor_Scalar,[],prefill,False,
1631,post_attention_layernorm,,,mean,"[[B, T, d_model]]",,,"[[B, T, 1]]",[1630],13,post_attention_layernorm,,1,model.layers.13.post_attention_layernorm,aten.mean.dim,[],prefill,False,
1632,post_attention_layernorm,,,elementwise_add,"[[B, T, 1]]",,,"[[B, T, 1]]",[1631],13,post_attention_layernorm,,1,model.layers.13.post_attention_layernorm,aten.add.Tensor,[],prefill,False,
1633,post_attention_layernorm,,,rsqrt,"[[B, T, 1]]",,,"[[B, T, 1]]",[1632],13,post_attention_layernorm,,1,model.layers.13.post_attention_layernorm,aten.rsqrt.default,[],prefill,False,
1634,post_attention_layernorm,,,elementwise_mul,"[[B, T, d_model], [B, T, 1]]",,,"[[B, T, d_model]]","[1629, 1633]",13,post_attention_layernorm,,1,model.layers.13.post_attention_layernorm,aten.mul.Tensor,[],prefill,False,
1635,post_attention_layernorm,,,_to_copy,"[[B, T, d_model]]",,,"[[B, T, d_model]]",[1634],13,post_attention_layernorm,,1,model.layers.13.post_attention_layernorm,aten._to_copy.default,[],prefill,True,
1636,post_attention_layernorm,,,elementwise_mul,"[[B, T, d_model], [d_model]]",,,"[[B, T, d_model]]",[1635],13,post_attention_layernorm,,1,model.layers.13.post_attention_layernorm,aten.mul.Tensor,[model.layers.13.post_attention_layernorm.weight],prefill,False,
1637,feed_forward,,,view,"[[B, T, d_model]]",,,"[[B*T, d_model]]",[1636],13,feed_forward,,1,model.layers.13.feed_forward,aten.view.default,[],prefill,True,
1638,feed_forward,router,,t,"[[E, d_model]]","[E, d_model]",0,"[[d_model, E]]",[],13,feed_forward,router,2,model.layers.13.feed_forward.router,aten.t.default,[model.layers.13.feed_forward.router.weight],prefill,True,
1639,feed_forward,router,,matmul,"[[B*T, d_model], [d_model, E]]","[E, d_model]",1,"[[B*T, E]]","[1637, 1638]",13,feed_forward,router,2,model.layers.13.feed_forward.router,aten.mm.default,[model.layers.13.feed_forward.router.weight],prefill,False,
1640,feed_forward,router,,topk,"[[B*T, E]]",,,"[[B*T, 1], [B*T, 1]]",[1639],13,feed_forward,router,2,model.layers.13.feed_forward.router,aten.topk.default,[],prefill,False,
1641,feed_forward,router,,full_like,"[[B*T, E]]",,,"[[B*T, E]]",[1639],13,feed_forward,router,2,model.layers.13.feed_forward.router,aten.full_like.default,[],prefill,True,
1642,feed_forward,router,,scatter_,"[[B*T, E], [B*T, 1], [B*T, 1]]",,,"[[B*T, E]]","[1640, 1641]",13,feed_forward,router,2,model.layers.13.feed_forward.router,aten.scatter_.src,[],prefill,True,
1643,feed_forward,router,,_to_copy,"[[B*T, E]]",,,"[[B*T, E]]",[1642],13,feed_forward,router,2,model.layers.13.feed_forward.router,aten._to_copy.default,[],prefill,True,
1644,feed_forward,router,,sigmoid,"[[B*T, E]]",,,"[[B*T, E]]",[1643],13,feed_forward,router,2,model.layers.13.feed_forward.router,aten.sigmoid.default,[],prefill,False,
1645,feed_forward,router,,_to_copy,"[[B*T, E]]",,,"[[B*T, E]]",[1644],13,feed_forward,router,2,model.layers.13.feed_forward.router,aten._to_copy.default,[],prefill,True,
1646,feed_forward,,,repeat,"[[B*T, d_model]]",,,"[[B*E*T, d_model]]",[1637],13,feed_forward,,1,model.layers.13.feed_forward,aten.repeat.default,[],prefill,True,
1647,feed_forward,,,transpose,"[[B*T, E]]",,,"[[E, B*T]]",[1645],13,feed_forward,,1,model.layers.13.feed_forward,aten.transpose.int,[],prefill,True,
1648,feed_forward,,,clone,"[[E, B*T]]",,,"[[E, B*T]]",[1647],13,feed_forward,,1,model.layers.13.feed_forward,aten.clone.default,[],prefill,True,
1649,feed_forward,,,_unsafe_view,"[[E, B*T]]",,,"[[B*E*T, 1]]",[1648],13,feed_forward,,1,model.layers.13.feed_forward,aten._unsafe_view.default,[],prefill,True,
1650,feed_forward,,,elementwise_mul,"[[B*E*T, d_model], [B*E*T, 1]]",,,"[[B*E*T, d_model]]","[1646, 1649]",13,feed_forward,,1,model.layers.13.feed_forward,aten.mul.Tensor,[],prefill,False,
1651,feed_forward,experts,,view,"[[B*E*T, d_model]]",,,"[[E, B*T, d_model]]",[1650],13,feed_forward,experts,2,model.layers.13.feed_forward.experts,aten.view.default,[],prefill,True,
1652,feed_forward,experts,,batched_matmul,"[[E, B*T, d_model], [E, d_model, 2*d_moe]]","[E, d_model, 2*d_moe]",1,"[[E, B*T, 2*d_moe]]",[1651],13,feed_forward,experts,2,model.layers.13.feed_forward.experts,aten.bmm.default,[model.layers.13.feed_forward.experts.gate_up_proj],prefill,False,
1653,feed_forward,experts,,split,"[[E, B*T, 2*d_moe]]",,,"[[E, B*T, d_moe], [E, B*T, d_moe]]",[1652],13,feed_forward,experts,2,model.layers.13.feed_forward.experts,aten.split.Tensor,[],prefill,True,
1654,feed_forward,experts,act_fn,silu,"[[E, B*T, d_moe]]",,,"[[E, B*T, d_moe]]",[1653],13,feed_forward,experts,3,model.layers.13.feed_forward.experts.act_fn,aten.silu.default,[],prefill,False,
1655,feed_forward,experts,,elementwise_mul,"[[E, B*T, d_moe], [E, B*T, d_moe]]",,,"[[E, B*T, d_moe]]","[1653, 1654]",13,feed_forward,experts,2,model.layers.13.feed_forward.experts,aten.mul.Tensor,[],prefill,False,
1656,feed_forward,experts,,batched_matmul,"[[E, B*T, d_moe], [E, d_moe, d_model]]","[E, d_moe, d_model]",1,"[[E, B*T, d_model]]",[1655],13,feed_forward,experts,2,model.layers.13.feed_forward.experts,aten.bmm.default,[model.layers.13.feed_forward.experts.down_proj],prefill,False,
1657,feed_forward,experts,,view,"[[E, B*T, d_model]]",,,"[[B*E*T, d_model]]",[1656],13,feed_forward,experts,2,model.layers.13.feed_forward.experts,aten.view.default,[],prefill,True,
1658,feed_forward,shared_expert,gate_proj,t,"[[d_moe, d_model]]","[d_moe, d_model]",0,"[[d_model, d_moe]]",[],13,feed_forward,shared_expert,3,model.layers.13.feed_forward.shared_expert.gate_proj,aten.t.default,[model.layers.13.feed_forward.shared_expert.gate_proj.weight],prefill,True,
1659,feed_forward,shared_expert,gate_proj,matmul,"[[B*T, d_model], [d_model, d_moe]]","[d_moe, d_model]",1,"[[B*T, d_moe]]","[1637, 1658]",13,feed_forward,shared_expert,3,model.layers.13.feed_forward.shared_expert.gate_proj,aten.mm.default,[model.layers.13.feed_forward.shared_expert.gate_proj.weight],prefill,False,
1660,feed_forward,shared_expert,activation_fn,silu,"[[B*T, d_moe]]",,,"[[B*T, d_moe]]",[1659],13,feed_forward,shared_expert,3,model.layers.13.feed_forward.shared_expert.activation_fn,aten.silu.default,[],prefill,False,
1661,feed_forward,shared_expert,up_proj,t,"[[d_moe, d_model]]","[d_moe, d_model]",0,"[[d_model, d_moe]]",[],13,feed_forward,shared_expert,3,model.layers.13.feed_forward.shared_expert.up_proj,aten.t.default,[model.layers.13.feed_forward.shared_expert.up_proj.weight],prefill,True,
1662,feed_forward,shared_expert,up_proj,matmul,"[[B*T, d_model], [d_model, d_moe]]","[d_moe, d_model]",1,"[[B*T, d_moe]]","[1637, 1661]",13,feed_forward,shared_expert,3,model.layers.13.feed_forward.shared_expert.up_proj,aten.mm.default,[model.layers.13.feed_forward.shared_expert.up_proj.weight],prefill,False,
1663,feed_forward,shared_expert,,elementwise_mul,"[[B*T, d_moe], [B*T, d_moe]]",,,"[[B*T, d_moe]]","[1660, 1662]",13,feed_forward,shared_expert,2,model.layers.13.feed_forward.shared_expert,aten.mul.Tensor,[],prefill,False,
1664,feed_forward,shared_expert,down_proj,t,"[[d_model, d_moe]]","[d_model, d_moe]",0,"[[d_moe, d_model]]",[],13,feed_forward,shared_expert,3,model.layers.13.feed_forward.shared_expert.down_proj,aten.t.default,[model.layers.13.feed_forward.shared_expert.down_proj.weight],prefill,True,
1665,feed_forward,shared_expert,down_proj,matmul,"[[B*T, d_moe], [d_moe, d_model]]","[d_model, d_moe]",1,"[[B*T, d_model]]","[1663, 1664]",13,feed_forward,shared_expert,3,model.layers.13.feed_forward.shared_expert.down_proj,aten.mm.default,[model.layers.13.feed_forward.shared_expert.down_proj.weight],prefill,False,
1666,feed_forward,,,view,"[[B*E*T, d_model]]",,,"[[E, B*T, d_model]]",[1657],13,feed_forward,,1,model.layers.13.feed_forward,aten.view.default,[],prefill,True,
1667,feed_forward,,,sum,"[[E, B*T, d_model]]",,,"[[B*T, d_model]]",[1666],13,feed_forward,,1,model.layers.13.feed_forward,aten.sum.dim_IntList,[],prefill,True,
1668,feed_forward,,,add_,"[[B*T, d_model], [B*T, d_model]]",,,"[[B*T, d_model]]","[1665, 1667]",13,feed_forward,,1,model.layers.13.feed_forward,aten.add_.Tensor,[],prefill,True,
1669,,,,view,"[[B*T, d_model]]",,,"[[B, T, d_model]]",[1668],13,,,0,model.layers.13,aten.view.default,[],prefill,True,
1670,,,,elementwise_add,"[[B, T, d_model], [B, T, d_model]]",,,"[[B, T, d_model]]","[1628, 1669]",13,,,0,model.layers.13,aten.add.Tensor,[],prefill,False,
1671,input_layernorm,,,_to_copy,"[[B, T, d_model]]",,,"[[B, T, d_model]]",[1670],14,input_layernorm,,1,model.layers.14.input_layernorm,aten._to_copy.default,[],prefill,True,
1672,input_layernorm,,,pow,"[[B, T, d_model]]",,,"[[B, T, d_model]]",[1671],14,input_layernorm,,1,model.layers.14.input_layernorm,aten.pow.Tensor_Scalar,[],prefill,False,
1673,input_layernorm,,,mean,"[[B, T, d_model]]",,,"[[B, T, 1]]",[1672],14,input_layernorm,,1,model.layers.14.input_layernorm,aten.mean.dim,[],prefill,False,
1674,input_layernorm,,,elementwise_add,"[[B, T, 1]]",,,"[[B, T, 1]]",[1673],14,input_layernorm,,1,model.layers.14.input_layernorm,aten.add.Tensor,[],prefill,False,
1675,input_layernorm,,,rsqrt,"[[B, T, 1]]",,,"[[B, T, 1]]",[1674],14,input_layernorm,,1,model.layers.14.input_layernorm,aten.rsqrt.default,[],prefill,False,
1676,input_layernorm,,,elementwise_mul,"[[B, T, d_model], [B, T, 1]]",,,"[[B, T, d_model]]","[1671, 1675]",14,input_layernorm,,1,model.layers.14.input_layernorm,aten.mul.Tensor,[],prefill,False,
1677,input_layernorm,,,_to_copy,"[[B, T, d_model]]",,,"[[B, T, d_model]]",[1676],14,input_layernorm,,1,model.layers.14.input_layernorm,aten._to_copy.default,[],prefill,True,
1678,input_layernorm,,,elementwise_mul,"[[B, T, d_model], [d_model]]",,,"[[B, T, d_model]]",[1677],14,input_layernorm,,1,model.layers.14.input_layernorm,aten.mul.Tensor,[model.layers.14.input_layernorm.weight],prefill,False,
1679,self_attn,q_proj,,t,"[[n_h*d_head, d_model]]","[n_h*d_head, d_model]",0,"[[d_model, n_h*d_head]]",[],14,self_attn,q_proj,2,model.layers.14.self_attn.q_proj,aten.t.default,[model.layers.14.self_attn.q_proj.weight],prefill,True,
1680,self_attn,q_proj,,view,"[[B, T, d_model]]",,,"[[B*T, d_model]]",[1678],14,self_attn,q_proj,2,model.layers.14.self_attn.q_proj,aten.view.default,[],prefill,True,
1681,self_attn,q_proj,,matmul,"[[B*T, d_model], [d_model, n_h*d_head]]","[n_h*d_head, d_model]",1,"[[B*T, n_h*d_head]]","[1679, 1680]",14,self_attn,q_proj,2,model.layers.14.self_attn.q_proj,aten.mm.default,[model.layers.14.self_attn.q_proj.weight],prefill,False,
1682,self_attn,q_proj,,_unsafe_view,"[[B*T, n_h*d_head]]",,,"[[B, T, n_h*d_head]]",[1681],14,self_attn,q_proj,2,model.layers.14.self_attn.q_proj,aten._unsafe_view.default,[],prefill,True,
1683,self_attn,,,view,"[[B, T, n_h*d_head]]",,,"[[B, T, n_h, d_head]]",[1682],14,self_attn,,1,model.layers.14.self_attn,aten.view.default,[],prefill,True,
1684,self_attn,k_proj,,t,"[[n_kv*d_head, d_model]]","[n_kv*d_head, d_model]",0,"[[d_model, n_kv*d_head]]",[],14,self_attn,k_proj,2,model.layers.14.self_attn.k_proj,aten.t.default,[model.layers.14.self_attn.k_proj.weight],prefill,True,
1685,self_attn,k_proj,,view,"[[B, T, d_model]]",,,"[[B*T, d_model]]",[1678],14,self_attn,k_proj,2,model.layers.14.self_attn.k_proj,aten.view.default,[],prefill,True,
1686,self_attn,k_proj,,matmul,"[[B*T, d_model], [d_model, n_kv*d_head]]","[n_kv*d_head, d_model]",1,"[[B*T, n_kv*d_head]]","[1684, 1685]",14,self_attn,k_proj,2,model.layers.14.self_attn.k_proj,aten.mm.default,[model.layers.14.self_attn.k_proj.weight],prefill,False,
1687,self_attn,k_proj,,_unsafe_view,"[[B*T, n_kv*d_head]]",,,"[[B, T, n_kv*d_head]]",[1686],14,self_attn,k_proj,2,model.layers.14.self_attn.k_proj,aten._unsafe_view.default,[],prefill,True,
1688,self_attn,,,view,"[[B, T, n_kv*d_head]]",,,"[[B, T, n_kv, d_head]]",[1687],14,self_attn,,1,model.layers.14.self_attn,aten.view.default,[],prefill,True,
1689,self_attn,v_proj,,t,"[[n_kv*d_head, d_model]]","[n_kv*d_head, d_model]",0,"[[d_model, n_kv*d_head]]",[],14,self_attn,v_proj,2,model.layers.14.self_attn.v_proj,aten.t.default,[model.layers.14.self_attn.v_proj.weight],prefill,True,
1690,self_attn,v_proj,,view,"[[B, T, d_model]]",,,"[[B*T, d_model]]",[1678],14,self_attn,v_proj,2,model.layers.14.self_attn.v_proj,aten.view.default,[],prefill,True,
1691,self_attn,v_proj,,matmul,"[[B*T, d_model], [d_model, n_kv*d_head]]","[n_kv*d_head, d_model]",1,"[[B*T, n_kv*d_head]]","[1689, 1690]",14,self_attn,v_proj,2,model.layers.14.self_attn.v_proj,aten.mm.default,[model.layers.14.self_attn.v_proj.weight],prefill,False,
1692,self_attn,v_proj,,_unsafe_view,"[[B*T, n_kv*d_head]]",,,"[[B, T, n_kv*d_head]]",[1691],14,self_attn,v_proj,2,model.layers.14.self_attn.v_proj,aten._unsafe_view.default,[],prefill,True,
1693,self_attn,,,view,"[[B, T, n_kv*d_head]]",,,"[[B, T, n_kv, d_head]]",[1692],14,self_attn,,1,model.layers.14.self_attn,aten.view.default,[],prefill,True,
1694,self_attn,,,transpose,"[[B, T, n_kv, d_head]]",,,"[[B, n_kv, T, d_head]]",[1693],14,self_attn,,1,model.layers.14.self_attn,aten.transpose.int,[],prefill,True,
1695,self_attn,,,_to_copy,"[[B, T, n_h, d_head]]",,,"[[B, T, n_h, d_head]]",[1683],14,self_attn,,1,model.layers.14.self_attn,aten._to_copy.default,[],prefill,True,
1696,self_attn,,,view,"[[B, T, n_h, d_head]]",,,"[[B, T, n_h, d_head/2, 2]]",[1695],14,self_attn,,1,model.layers.14.self_attn,aten.view.default,[],prefill,True,
1697,self_attn,,,view_as_complex,"[[B, T, n_h, d_head/2, 2]]",,,"[[B, T, n_h, d_head/2]]",[1696],14,self_attn,,1,model.layers.14.self_attn,aten.view_as_complex.default,[],prefill,True,
1698,self_attn,,,_to_copy,"[[B, T, n_kv, d_head]]",,,"[[B, T, n_kv, d_head]]",[1688],14,self_attn,,1,model.layers.14.self_attn,aten._to_copy.default,[],prefill,True,
1699,self_attn,,,view,"[[B, T, n_kv, d_head]]",,,"[[B, T, n_kv, d_head/2, 2]]",[1698],14,self_attn,,1,model.layers.14.self_attn,aten.view.default,[],prefill,True,
1700,self_attn,,,view_as_complex,"[[B, T, n_kv, d_head/2, 2]]",,,"[[B, T, n_kv, d_head/2]]",[1699],14,self_attn,,1,model.layers.14.self_attn,aten.view_as_complex.default,[],prefill,True,
1701,self_attn,,,unsqueeze,"[[B, T, d_head/2]]",,,"[[B, T, 1, d_head/2]]",[106],14,self_attn,,1,model.layers.14.self_attn,aten.unsqueeze.default,[],prefill,True,
1702,self_attn,,,elementwise_mul,"[[B, T, n_h, d_head/2], [B, T, 1, d_head/2]]",,,"[[B, T, n_h, d_head/2]]","[1697, 1701]",14,self_attn,,1,model.layers.14.self_attn,aten.mul.Tensor,[],prefill,False,
1703,self_attn,,,view_as_real,"[[B, T, n_h, d_head/2]]",,,"[[B, T, n_h, d_head/2, 2]]",[1702],14,self_attn,,1,model.layers.14.self_attn,aten.view_as_real.default,[],prefill,True,
1704,self_attn,,,view,"[[B, T, n_h, d_head/2, 2]]",,,"[[B, T, n_h, d_head]]",[1703],14,self_attn,,1,model.layers.14.self_attn,aten.view.default,[],prefill,True,
1705,self_attn,,,unsqueeze,"[[B, T, d_head/2]]",,,"[[B, T, 1, d_head/2]]",[106],14,self_attn,,1,model.layers.14.self_attn,aten.unsqueeze.default,[],prefill,True,
1706,self_attn,,,elementwise_mul,"[[B, T, n_kv, d_head/2], [B, T, 1, d_head/2]]",,,"[[B, T, n_kv, d_head/2]]","[1700, 1705]",14,self_attn,,1,model.layers.14.self_attn,aten.mul.Tensor,[],prefill,False,
1707,self_attn,,,view_as_real,"[[B, T, n_kv, d_head/2]]",,,"[[B, T, n_kv, d_head/2, 2]]",[1706],14,self_attn,,1,model.layers.14.self_attn,aten.view_as_real.default,[],prefill,True,
1708,self_attn,,,view,"[[B, T, n_kv, d_head/2, 2]]",,,"[[B, T, n_kv, d_head]]",[1707],14,self_attn,,1,model.layers.14.self_attn,aten.view.default,[],prefill,True,
1709,self_attn,,,_to_copy,"[[B, T, n_h, d_head]]",,,"[[B, T, n_h, d_head]]",[1704],14,self_attn,,1,model.layers.14.self_attn,aten._to_copy.default,[],prefill,True,
1710,self_attn,,,_to_copy,"[[B, T, n_kv, d_head]]",,,"[[B, T, n_kv, d_head]]",[1708],14,self_attn,,1,model.layers.14.self_attn,aten._to_copy.default,[],prefill,True,
1711,self_attn,,,transpose,"[[B, T, n_h, d_head]]",,,"[[B, n_h, T, d_head]]",[1709],14,self_attn,,1,model.layers.14.self_attn,aten.transpose.int,[],prefill,True,
1712,self_attn,,,transpose,"[[B, T, n_kv, d_head]]",,,"[[B, n_kv, T, d_head]]",[1710],14,self_attn,,1,model.layers.14.self_attn,aten.transpose.int,[],prefill,True,
1713,self_attn,,,_to_copy,[[]],,,[[]],[12],14,self_attn,,1,model.layers.14.self_attn,aten._to_copy.default,[],prefill,True,
1714,self_attn,,,concat,"[[0], [B, n_kv, T, d_head]]",,,"[[B, n_kv, T, d_head]]",[1712],14,self_attn,,1,model.layers.14.self_attn,aten.cat.default,[],prefill,False,
1715,self_attn,,,concat,"[[0], [B, n_kv, T, d_head]]",,,"[[B, n_kv, T, d_head]]",[1694],14,self_attn,,1,model.layers.14.self_attn,aten.cat.default,[],prefill,False,
1716,self_attn,,,slice,"[[B, n_kv, T, d_head]]",,,"[[B, n_kv, T, d_head]]",[1714],14,self_attn,,1,model.layers.14.self_attn,aten.slice.Tensor,[],prefill,True,
1717,self_attn,,,slice,"[[B, n_kv, T, d_head]]",,,"[[B, n_kv, T, d_head]]",[1715],14,self_attn,,1,model.layers.14.self_attn,aten.slice.Tensor,[],prefill,True,
1718,self_attn,,,unsqueeze,"[[B, n_kv, T, d_head]]",,,"[[B, n_kv, 1, T, d_head]]",[1714],14,self_attn,,1,model.layers.14.self_attn,aten.unsqueeze.default,[],prefill,True,
1719,self_attn,,,expand,"[[B, n_kv, 1, T, d_head]]",,,"[[B, n_kv, n_h/n_kv, T, d_head]]",[1718],14,self_attn,,1,model.layers.14.self_attn,aten.expand.default,[],prefill,True,
1720,self_attn,,,clone,"[[B, n_kv, n_h/n_kv, T, d_head]]",,,"[[B, n_kv, n_h/n_kv, T, d_head]]",[1719],14,self_attn,,1,model.layers.14.self_attn,aten.clone.default,[],prefill,True,
1721,self_attn,,,_unsafe_view,"[[B, n_kv, n_h/n_kv, T, d_head]]",,,"[[B, n_h, T, d_head]]",[1720],14,self_attn,,1,model.layers.14.self_attn,aten._unsafe_view.default,[],prefill,True,
1722,self_attn,,,unsqueeze,"[[B, n_kv, T, d_head]]",,,"[[B, n_kv, 1, T, d_head]]",[1715],14,self_attn,,1,model.layers.14.self_attn,aten.unsqueeze.default,[],prefill,True,
1723,self_attn,,,expand,"[[B, n_kv, 1, T, d_head]]",,,"[[B, n_kv, n_h/n_kv, T, d_head]]",[1722],14,self_attn,,1,model.layers.14.self_attn,aten.expand.default,[],prefill,True,
1724,self_attn,,,clone,"[[B, n_kv, n_h/n_kv, T, d_head]]",,,"[[B, n_kv, n_h/n_kv, T, d_head]]",[1723],14,self_attn,,1,model.layers.14.self_attn,aten.clone.default,[],prefill,True,
1725,self_attn,,,_unsafe_view,"[[B, n_kv, n_h/n_kv, T, d_head]]",,,"[[B, n_h, T, d_head]]",[1724],14,self_attn,,1,model.layers.14.self_attn,aten._unsafe_view.default,[],prefill,True,
1726,self_attn,,,transpose,"[[B, n_h, T, d_head]]",,,"[[B, n_h, d_head, T]]",[1721],14,self_attn,,1,model.layers.14.self_attn,aten.transpose.int,[],prefill,True,
1727,self_attn,,,expand,"[[B, n_h, T, d_head]]",,,"[[B, n_h, T, d_head]]",[1711],14,self_attn,,1,model.layers.14.self_attn,aten.expand.default,[],prefill,True,
1728,self_attn,,,clone,"[[B, n_h, T, d_head]]",,,"[[B, n_h, T, d_head]]",[1727],14,self_attn,,1,model.layers.14.self_attn,aten.clone.default,[],prefill,True,
1729,self_attn,,,_unsafe_view,"[[B, n_h, T, d_head]]",,,"[[B*n_h, T, d_head]]",[1728],14,self_attn,,1,model.layers.14.self_attn,aten._unsafe_view.default,[],prefill,True,
1730,self_attn,,,expand,"[[B, n_h, d_head, T]]",,,"[[B, n_h, d_head, T]]",[1726],14,self_attn,,1,model.layers.14.self_attn,aten.expand.default,[],prefill,True,
1731,self_attn,,,view,"[[B, n_h, d_head, T]]",,,"[[B*n_h, d_head, T]]",[1730],14,self_attn,,1,model.layers.14.self_attn,aten.view.default,[],prefill,True,
1732,self_attn,,,batched_matmul,"[[B*n_h, T, d_head], [B*n_h, d_head, T]]",,,"[[B*n_h, T, T]]","[1729, 1731]",14,self_attn,,1,model.layers.14.self_attn,aten.bmm.default,[],prefill,False,
1733,self_attn,,,_unsafe_view,"[[B*n_h, T, T]]",,,"[[B, n_h, T, T]]",[1732],14,self_attn,,1,model.layers.14.self_attn,aten._unsafe_view.default,[],prefill,True,
1734,self_attn,,,elementwise_mul,"[[B, n_h, T, T]]",,,"[[B, n_h, T, T]]",[1733],14,self_attn,,1,model.layers.14.self_attn,aten.mul.Tensor,[],prefill,False,
1735,self_attn,,,elementwise_add,"[[B, n_h, T, T], [B, 1, T, T]]",,,"[[B, n_h, T, T]]","[91, 1734]",14,self_attn,,1,model.layers.14.self_attn,aten.add.Tensor,[],prefill,False,
1736,self_attn,,,softmax,"[[B, n_h, T, T]]",,,"[[B, n_h, T, T]]",[1735],14,self_attn,,1,model.layers.14.self_attn,aten._softmax.default,[],prefill,False,
1737,self_attn,,,expand,"[[B, n_h, T, T]]",,,"[[B, n_h, T, T]]",[1736],14,self_attn,,1,model.layers.14.self_attn,aten.expand.default,[],prefill,True,
1738,self_attn,,,view,"[[B, n_h, T, T]]",,,"[[B*n_h, T, T]]",[1737],14,self_attn,,1,model.layers.14.self_attn,aten.view.default,[],prefill,True,
1739,self_attn,,,expand,"[[B, n_h, T, d_head]]",,,"[[B, n_h, T, d_head]]",[1725],14,self_attn,,1,model.layers.14.self_attn,aten.expand.default,[],prefill,True,
1740,self_attn,,,view,"[[B, n_h, T, d_head]]",,,"[[B*n_h, T, d_head]]",[1739],14,self_attn,,1,model.layers.14.self_attn,aten.view.default,[],prefill,True,
1741,self_attn,,,batched_matmul,"[[B*n_h, T, T], [B*n_h, T, d_head]]",,,"[[B*n_h, T, d_head]]","[1738, 1740]",14,self_attn,,1,model.layers.14.self_attn,aten.bmm.default,[],prefill,False,
1742,self_attn,,,_unsafe_view,"[[B*n_h, T, d_head]]",,,"[[B, n_h, T, d_head]]",[1741],14,self_attn,,1,model.layers.14.self_attn,aten._unsafe_view.default,[],prefill,True,
1743,self_attn,,,transpose,"[[B, n_h, T, d_head]]",,,"[[B, T, n_h, d_head]]",[1742],14,self_attn,,1,model.layers.14.self_attn,aten.transpose.int,[],prefill,True,
1744,self_attn,,,clone,"[[B, T, n_h, d_head]]",,,"[[B, T, n_h, d_head]]",[1743],14,self_attn,,1,model.layers.14.self_attn,aten.clone.default,[],prefill,True,
1745,self_attn,,,view,"[[B, T, n_h, d_head]]",,,"[[B, T, n_h*d_head]]",[1744],14,self_attn,,1,model.layers.14.self_attn,aten.view.default,[],prefill,True,
1746,self_attn,o_proj,,t,"[[d_model, n_h*d_head]]","[d_model, n_h*d_head]",0,"[[n_h*d_head, d_model]]",[],14,self_attn,o_proj,2,model.layers.14.self_attn.o_proj,aten.t.default,[model.layers.14.self_attn.o_proj.weight],prefill,True,
1747,self_attn,o_proj,,view,"[[B, T, n_h*d_head]]",,,"[[B*T, n_h*d_head]]",[1745],14,self_attn,o_proj,2,model.layers.14.self_attn.o_proj,aten.view.default,[],prefill,True,
1748,self_attn,o_proj,,matmul,"[[B*T, n_h*d_head], [n_h*d_head, d_model]]","[d_model, n_h*d_head]",1,"[[B*T, d_model]]","[1746, 1747]",14,self_attn,o_proj,2,model.layers.14.self_attn.o_proj,aten.mm.default,[model.layers.14.self_attn.o_proj.weight],prefill,False,
1749,self_attn,o_proj,,_unsafe_view,"[[B*T, d_model]]",,,"[[B, T, d_model]]",[1748],14,self_attn,o_proj,2,model.layers.14.self_attn.o_proj,aten._unsafe_view.default,[],prefill,True,
1750,,,,elementwise_add,"[[B, T, d_model], [B, T, d_model]]",,,"[[B, T, d_model]]","[1670, 1749]",14,,,0,model.layers.14,aten.add.Tensor,[],prefill,False,
1751,post_attention_layernorm,,,_to_copy,"[[B, T, d_model]]",,,"[[B, T, d_model]]",[1750],14,post_attention_layernorm,,1,model.layers.14.post_attention_layernorm,aten._to_copy.default,[],prefill,True,
1752,post_attention_layernorm,,,pow,"[[B, T, d_model]]",,,"[[B, T, d_model]]",[1751],14,post_attention_layernorm,,1,model.layers.14.post_attention_layernorm,aten.pow.Tensor_Scalar,[],prefill,False,
1753,post_attention_layernorm,,,mean,"[[B, T, d_model]]",,,"[[B, T, 1]]",[1752],14,post_attention_layernorm,,1,model.layers.14.post_attention_layernorm,aten.mean.dim,[],prefill,False,
1754,post_attention_layernorm,,,elementwise_add,"[[B, T, 1]]",,,"[[B, T, 1]]",[1753],14,post_attention_layernorm,,1,model.layers.14.post_attention_layernorm,aten.add.Tensor,[],prefill,False,
1755,post_attention_layernorm,,,rsqrt,"[[B, T, 1]]",,,"[[B, T, 1]]",[1754],14,post_attention_layernorm,,1,model.layers.14.post_attention_layernorm,aten.rsqrt.default,[],prefill,False,
1756,post_attention_layernorm,,,elementwise_mul,"[[B, T, d_model], [B, T, 1]]",,,"[[B, T, d_model]]","[1751, 1755]",14,post_attention_layernorm,,1,model.layers.14.post_attention_layernorm,aten.mul.Tensor,[],prefill,False,
1757,post_attention_layernorm,,,_to_copy,"[[B, T, d_model]]",,,"[[B, T, d_model]]",[1756],14,post_attention_layernorm,,1,model.layers.14.post_attention_layernorm,aten._to_copy.default,[],prefill,True,
1758,post_attention_layernorm,,,elementwise_mul,"[[B, T, d_model], [d_model]]",,,"[[B, T, d_model]]",[1757],14,post_attention_layernorm,,1,model.layers.14.post_attention_layernorm,aten.mul.Tensor,[model.layers.14.post_attention_layernorm.weight],prefill,False,
1759,feed_forward,gate_proj,,t,"[[d_ff, d_model]]","[d_ff, d_model]",0,"[[d_model, d_ff]]",[],14,feed_forward,gate_proj,2,model.layers.14.feed_forward.gate_proj,aten.t.default,[model.layers.14.feed_forward.gate_proj.weight],prefill,True,
1760,feed_forward,gate_proj,,view,"[[B, T, d_model]]",,,"[[B*T, d_model]]",[1758],14,feed_forward,gate_proj,2,model.layers.14.feed_forward.gate_proj,aten.view.default,[],prefill,True,
1761,feed_forward,gate_proj,,matmul,"[[B*T, d_model], [d_model, d_ff]]","[d_ff, d_model]",1,"[[B*T, d_ff]]","[1759, 1760]",14,feed_forward,gate_proj,2,model.layers.14.feed_forward.gate_proj,aten.mm.default,[model.layers.14.feed_forward.gate_proj.weight],prefill,False,
1762,feed_forward,gate_proj,,_unsafe_view,"[[B*T, d_ff]]",,,"[[B, T, d_ff]]",[1761],14,feed_forward,gate_proj,2,model.layers.14.feed_forward.gate_proj,aten._unsafe_view.default,[],prefill,True,
1763,feed_forward,activation_fn,,silu,"[[B, T, d_ff]]",,,"[[B, T, d_ff]]",[1762],14,feed_forward,activation_fn,2,model.layers.14.feed_forward.activation_fn,aten.silu.default,[],prefill,False,
1764,feed_forward,up_proj,,t,"[[d_ff, d_model]]","[d_ff, d_model]",0,"[[d_model, d_ff]]",[],14,feed_forward,up_proj,2,model.layers.14.feed_forward.up_proj,aten.t.default,[model.layers.14.feed_forward.up_proj.weight],prefill,True,
1765,feed_forward,up_proj,,view,"[[B, T, d_model]]",,,"[[B*T, d_model]]",[1758],14,feed_forward,up_proj,2,model.layers.14.feed_forward.up_proj,aten.view.default,[],prefill,True,
1766,feed_forward,up_proj,,matmul,"[[B*T, d_model], [d_model, d_ff]]","[d_ff, d_model]",1,"[[B*T, d_ff]]","[1764, 1765]",14,feed_forward,up_proj,2,model.layers.14.feed_forward.up_proj,aten.mm.default,[model.layers.14.feed_forward.up_proj.weight],prefill,False,
1767,feed_forward,up_proj,,_unsafe_view,"[[B*T, d_ff]]",,,"[[B, T, d_ff]]",[1766],14,feed_forward,up_proj,2,model.layers.14.feed_forward.up_proj,aten._unsafe_view.default,[],prefill,True,
1768,feed_forward,,,elementwise_mul,"[[B, T, d_ff], [B, T, d_ff]]",,,"[[B, T, d_ff]]","[1763, 1767]",14,feed_forward,,1,model.layers.14.feed_forward,aten.mul.Tensor,[],prefill,False,
1769,feed_forward,down_proj,,t,"[[d_model, d_ff]]","[d_model, d_ff]",0,"[[d_ff, d_model]]",[],14,feed_forward,down_proj,2,model.layers.14.feed_forward.down_proj,aten.t.default,[model.layers.14.feed_forward.down_proj.weight],prefill,True,
1770,feed_forward,down_proj,,view,"[[B, T, d_ff]]",,,"[[B*T, d_ff]]",[1768],14,feed_forward,down_proj,2,model.layers.14.feed_forward.down_proj,aten.view.default,[],prefill,True,
1771,feed_forward,down_proj,,matmul,"[[B*T, d_ff], [d_ff, d_model]]","[d_model, d_ff]",1,"[[B*T, d_model]]","[1769, 1770]",14,feed_forward,down_proj,2,model.layers.14.feed_forward.down_proj,aten.mm.default,[model.layers.14.feed_forward.down_proj.weight],prefill,False,
1772,feed_forward,down_proj,,_unsafe_view,"[[B*T, d_model]]",,,"[[B, T, d_model]]",[1771],14,feed_forward,down_proj,2,model.layers.14.feed_forward.down_proj,aten._unsafe_view.default,[],prefill,True,
1773,,,,view,"[[B, T, d_model]]",,,"[[B, T, d_model]]",[1772],14,,,0,model.layers.14,aten.view.default,[],prefill,True,
1774,,,,elementwise_add,"[[B, T, d_model], [B, T, d_model]]",,,"[[B, T, d_model]]","[1750, 1773]",14,,,0,model.layers.14,aten.add.Tensor,[],prefill,False,
1775,input_layernorm,,,_to_copy,"[[B, T, d_model]]",,,"[[B, T, d_model]]",[1774],15,input_layernorm,,1,model.layers.15.input_layernorm,aten._to_copy.default,[],prefill,True,
1776,input_layernorm,,,pow,"[[B, T, d_model]]",,,"[[B, T, d_model]]",[1775],15,input_layernorm,,1,model.layers.15.input_layernorm,aten.pow.Tensor_Scalar,[],prefill,False,
1777,input_layernorm,,,mean,"[[B, T, d_model]]",,,"[[B, T, 1]]",[1776],15,input_layernorm,,1,model.layers.15.input_layernorm,aten.mean.dim,[],prefill,False,
1778,input_layernorm,,,elementwise_add,"[[B, T, 1]]",,,"[[B, T, 1]]",[1777],15,input_layernorm,,1,model.layers.15.input_layernorm,aten.add.Tensor,[],prefill,False,
1779,input_layernorm,,,rsqrt,"[[B, T, 1]]",,,"[[B, T, 1]]",[1778],15,input_layernorm,,1,model.layers.15.input_layernorm,aten.rsqrt.default,[],prefill,False,
1780,input_layernorm,,,elementwise_mul,"[[B, T, d_model], [B, T, 1]]",,,"[[B, T, d_model]]","[1775, 1779]",15,input_layernorm,,1,model.layers.15.input_layernorm,aten.mul.Tensor,[],prefill,False,
1781,input_layernorm,,,_to_copy,"[[B, T, d_model]]",,,"[[B, T, d_model]]",[1780],15,input_layernorm,,1,model.layers.15.input_layernorm,aten._to_copy.default,[],prefill,True,
1782,input_layernorm,,,elementwise_mul,"[[B, T, d_model], [d_model]]",,,"[[B, T, d_model]]",[1781],15,input_layernorm,,1,model.layers.15.input_layernorm,aten.mul.Tensor,[model.layers.15.input_layernorm.weight],prefill,False,
1783,self_attn,q_proj,,t,"[[n_h*d_head, d_model]]","[n_h*d_head, d_model]",0,"[[d_model, n_h*d_head]]",[],15,self_attn,q_proj,2,model.layers.15.self_attn.q_proj,aten.t.default,[model.layers.15.self_attn.q_proj.weight],prefill,True,
1784,self_attn,q_proj,,view,"[[B, T, d_model]]",,,"[[B*T, d_model]]",[1782],15,self_attn,q_proj,2,model.layers.15.self_attn.q_proj,aten.view.default,[],prefill,True,
1785,self_attn,q_proj,,matmul,"[[B*T, d_model], [d_model, n_h*d_head]]","[n_h*d_head, d_model]",1,"[[B*T, n_h*d_head]]","[1783, 1784]",15,self_attn,q_proj,2,model.layers.15.self_attn.q_proj,aten.mm.default,[model.layers.15.self_attn.q_proj.weight],prefill,False,
1786,self_attn,q_proj,,_unsafe_view,"[[B*T, n_h*d_head]]",,,"[[B, T, n_h*d_head]]",[1785],15,self_attn,q_proj,2,model.layers.15.self_attn.q_proj,aten._unsafe_view.default,[],prefill,True,
1787,self_attn,,,view,"[[B, T, n_h*d_head]]",,,"[[B, T, n_h, d_head]]",[1786],15,self_attn,,1,model.layers.15.self_attn,aten.view.default,[],prefill,True,
1788,self_attn,k_proj,,t,"[[n_kv*d_head, d_model]]","[n_kv*d_head, d_model]",0,"[[d_model, n_kv*d_head]]",[],15,self_attn,k_proj,2,model.layers.15.self_attn.k_proj,aten.t.default,[model.layers.15.self_attn.k_proj.weight],prefill,True,
1789,self_attn,k_proj,,view,"[[B, T, d_model]]",,,"[[B*T, d_model]]",[1782],15,self_attn,k_proj,2,model.layers.15.self_attn.k_proj,aten.view.default,[],prefill,True,
1790,self_attn,k_proj,,matmul,"[[B*T, d_model], [d_model, n_kv*d_head]]","[n_kv*d_head, d_model]",1,"[[B*T, n_kv*d_head]]","[1788, 1789]",15,self_attn,k_proj,2,model.layers.15.self_attn.k_proj,aten.mm.default,[model.layers.15.self_attn.k_proj.weight],prefill,False,
1791,self_attn,k_proj,,_unsafe_view,"[[B*T, n_kv*d_head]]",,,"[[B, T, n_kv*d_head]]",[1790],15,self_attn,k_proj,2,model.layers.15.self_attn.k_proj,aten._unsafe_view.default,[],prefill,True,
1792,self_attn,,,view,"[[B, T, n_kv*d_head]]",,,"[[B, T, n_kv, d_head]]",[1791],15,self_attn,,1,model.layers.15.self_attn,aten.view.default,[],prefill,True,
1793,self_attn,v_proj,,t,"[[n_kv*d_head, d_model]]","[n_kv*d_head, d_model]",0,"[[d_model, n_kv*d_head]]",[],15,self_attn,v_proj,2,model.layers.15.self_attn.v_proj,aten.t.default,[model.layers.15.self_attn.v_proj.weight],prefill,True,
1794,self_attn,v_proj,,view,"[[B, T, d_model]]",,,"[[B*T, d_model]]",[1782],15,self_attn,v_proj,2,model.layers.15.self_attn.v_proj,aten.view.default,[],prefill,True,
1795,self_attn,v_proj,,matmul,"[[B*T, d_model], [d_model, n_kv*d_head]]","[n_kv*d_head, d_model]",1,"[[B*T, n_kv*d_head]]","[1793, 1794]",15,self_attn,v_proj,2,model.layers.15.self_attn.v_proj,aten.mm.default,[model.layers.15.self_attn.v_proj.weight],prefill,False,
1796,self_attn,v_proj,,_unsafe_view,"[[B*T, n_kv*d_head]]",,,"[[B, T, n_kv*d_head]]",[1795],15,self_attn,v_proj,2,model.layers.15.self_attn.v_proj,aten._unsafe_view.default,[],prefill,True,
1797,self_attn,,,view,"[[B, T, n_kv*d_head]]",,,"[[B, T, n_kv, d_head]]",[1796],15,self_attn,,1,model.layers.15.self_attn,aten.view.default,[],prefill,True,
1798,self_attn,,,transpose,"[[B, T, n_kv, d_head]]",,,"[[B, n_kv, T, d_head]]",[1797],15,self_attn,,1,model.layers.15.self_attn,aten.transpose.int,[],prefill,True,
1799,self_attn,,,arange,[],,,[[T]],[],15,self_attn,,1,model.layers.15.self_attn,aten.arange.default,[],prefill,True,
1800,self_attn,,,elementwise_add,[[T]],,,[[T]],[1799],15,self_attn,,1,model.layers.15.self_attn,aten.add.Tensor,[],prefill,False,
1801,self_attn,,,_to_copy,[[T]],,,[[T]],[1800],15,self_attn,,1,model.layers.15.self_attn,aten._to_copy.default,[],prefill,True,
1802,self_attn,,,elementwise_add,[[T]],,,[[T]],[1801],15,self_attn,,1,model.layers.15.self_attn,aten.add.Tensor,[],prefill,False,
1803,self_attn,,,div,[[T]],,,[[T]],[1802],15,self_attn,,1,model.layers.15.self_attn,aten.div.Tensor,[],prefill,True,
1804,self_attn,,,floor,[[T]],,,[[T]],[1803],15,self_attn,,1,model.layers.15.self_attn,aten.floor.default,[],prefill,True,
1805,self_attn,,,log1p,[[T]],,,[[T]],[1804],15,self_attn,,1,model.layers.15.self_attn,aten.log1p.default,[],prefill,True,
1806,self_attn,,,elementwise_mul,[[T]],,,[[T]],[1805],15,self_attn,,1,model.layers.15.self_attn,aten.mul.Tensor,[],prefill,False,
1807,self_attn,,,elementwise_add,[[T]],,,[[T]],[1806],15,self_attn,,1,model.layers.15.self_attn,aten.add.Tensor,[],prefill,False,
1808,self_attn,,,view,[[T]],,,"[[1, T, 1, 1]]",[1807],15,self_attn,,1,model.layers.15.self_attn,aten.view.default,[],prefill,True,
1809,self_attn,,,expand,"[[1, T, 1, 1]]",,,"[[B, T, 1, 1]]",[1808],15,self_attn,,1,model.layers.15.self_attn,aten.expand.default,[],prefill,True,
1810,self_attn,,,elementwise_mul,"[[B, T, n_h, d_head], [B, T, 1, 1]]",,,"[[B, T, n_h, d_head]]","[1787, 1809]",15,self_attn,,1,model.layers.15.self_attn,aten.mul.Tensor,[],prefill,False,
1811,self_attn,,,_to_copy,"[[B, T, n_h, d_head]]",,,"[[B, T, n_h, d_head]]",[1810],15,self_attn,,1,model.layers.15.self_attn,aten._to_copy.default,[],prefill,True,
1812,self_attn,,,transpose,"[[B, T, n_h, d_head]]",,,"[[B, n_h, T, d_head]]",[1811],15,self_attn,,1,model.layers.15.self_attn,aten.transpose.int,[],prefill,True,
1813,self_attn,,,transpose,"[[B, T, n_kv, d_head]]",,,"[[B, n_kv, T, d_head]]",[1792],15,self_attn,,1,model.layers.15.self_attn,aten.transpose.int,[],prefill,True,
1814,self_attn,,,concat,"[[0], [B, n_kv, T, d_head]]",,,"[[B, n_kv, T, d_head]]",[1813],15,self_attn,,1,model.layers.15.self_attn,aten.cat.default,[],prefill,False,
1815,self_attn,,,concat,"[[0], [B, n_kv, T, d_head]]",,,"[[B, n_kv, T, d_head]]",[1798],15,self_attn,,1,model.layers.15.self_attn,aten.cat.default,[],prefill,False,
1816,self_attn,,,unsqueeze,"[[B, n_kv, T, d_head]]",,,"[[B, n_kv, 1, T, d_head]]",[1814],15,self_attn,,1,model.layers.15.self_attn,aten.unsqueeze.default,[],prefill,True,
1817,self_attn,,,expand,"[[B, n_kv, 1, T, d_head]]",,,"[[B, n_kv, n_h/n_kv, T, d_head]]",[1816],15,self_attn,,1,model.layers.15.self_attn,aten.expand.default,[],prefill,True,
1818,self_attn,,,clone,"[[B, n_kv, n_h/n_kv, T, d_head]]",,,"[[B, n_kv, n_h/n_kv, T, d_head]]",[1817],15,self_attn,,1,model.layers.15.self_attn,aten.clone.default,[],prefill,True,
1819,self_attn,,,_unsafe_view,"[[B, n_kv, n_h/n_kv, T, d_head]]",,,"[[B, n_h, T, d_head]]",[1818],15,self_attn,,1,model.layers.15.self_attn,aten._unsafe_view.default,[],prefill,True,
1820,self_attn,,,unsqueeze,"[[B, n_kv, T, d_head]]",,,"[[B, n_kv, 1, T, d_head]]",[1815],15,self_attn,,1,model.layers.15.self_attn,aten.unsqueeze.default,[],prefill,True,
1821,self_attn,,,expand,"[[B, n_kv, 1, T, d_head]]",,,"[[B, n_kv, n_h/n_kv, T, d_head]]",[1820],15,self_attn,,1,model.layers.15.self_attn,aten.expand.default,[],prefill,True,
1822,self_attn,,,clone,"[[B, n_kv, n_h/n_kv, T, d_head]]",,,"[[B, n_kv, n_h/n_kv, T, d_head]]",[1821],15,self_attn,,1,model.layers.15.self_attn,aten.clone.default,[],prefill,True,
1823,self_attn,,,_unsafe_view,"[[B, n_kv, n_h/n_kv, T, d_head]]",,,"[[B, n_h, T, d_head]]",[1822],15,self_attn,,1,model.layers.15.self_attn,aten._unsafe_view.default,[],prefill,True,
1824,self_attn,,,transpose,"[[B, n_h, T, d_head]]",,,"[[B, n_h, d_head, T]]",[1819],15,self_attn,,1,model.layers.15.self_attn,aten.transpose.int,[],prefill,True,
1825,self_attn,,,expand,"[[B, n_h, T, d_head]]",,,"[[B, n_h, T, d_head]]",[1812],15,self_attn,,1,model.layers.15.self_attn,aten.expand.default,[],prefill,True,
1826,self_attn,,,clone,"[[B, n_h, T, d_head]]",,,"[[B, n_h, T, d_head]]",[1825],15,self_attn,,1,model.layers.15.self_attn,aten.clone.default,[],prefill,True,
1827,self_attn,,,_unsafe_view,"[[B, n_h, T, d_head]]",,,"[[B*n_h, T, d_head]]",[1826],15,self_attn,,1,model.layers.15.self_attn,aten._unsafe_view.default,[],prefill,True,
1828,self_attn,,,expand,"[[B, n_h, d_head, T]]",,,"[[B, n_h, d_head, T]]",[1824],15,self_attn,,1,model.layers.15.self_attn,aten.expand.default,[],prefill,True,
1829,self_attn,,,view,"[[B, n_h, d_head, T]]",,,"[[B*n_h, d_head, T]]",[1828],15,self_attn,,1,model.layers.15.self_attn,aten.view.default,[],prefill,True,
1830,self_attn,,,batched_matmul,"[[B*n_h, T, d_head], [B*n_h, d_head, T]]",,,"[[B*n_h, T, T]]","[1827, 1829]",15,self_attn,,1,model.layers.15.self_attn,aten.bmm.default,[],prefill,False,
1831,self_attn,,,_unsafe_view,"[[B*n_h, T, T]]",,,"[[B, n_h, T, T]]",[1830],15,self_attn,,1,model.layers.15.self_attn,aten._unsafe_view.default,[],prefill,True,
1832,self_attn,,,elementwise_mul,"[[B, n_h, T, T]]",,,"[[B, n_h, T, T]]",[1831],15,self_attn,,1,model.layers.15.self_attn,aten.mul.Tensor,[],prefill,False,
1833,self_attn,,,elementwise_add,"[[B, n_h, T, T], [B, 1, T, T]]",,,"[[B, n_h, T, T]]","[58, 1832]",15,self_attn,,1,model.layers.15.self_attn,aten.add.Tensor,[],prefill,False,
1834,self_attn,,,softmax,"[[B, n_h, T, T]]",,,"[[B, n_h, T, T]]",[1833],15,self_attn,,1,model.layers.15.self_attn,aten._softmax.default,[],prefill,False,
1835,self_attn,,,expand,"[[B, n_h, T, T]]",,,"[[B, n_h, T, T]]",[1834],15,self_attn,,1,model.layers.15.self_attn,aten.expand.default,[],prefill,True,
1836,self_attn,,,view,"[[B, n_h, T, T]]",,,"[[B*n_h, T, T]]",[1835],15,self_attn,,1,model.layers.15.self_attn,aten.view.default,[],prefill,True,
1837,self_attn,,,expand,"[[B, n_h, T, d_head]]",,,"[[B, n_h, T, d_head]]",[1823],15,self_attn,,1,model.layers.15.self_attn,aten.expand.default,[],prefill,True,
1838,self_attn,,,view,"[[B, n_h, T, d_head]]",,,"[[B*n_h, T, d_head]]",[1837],15,self_attn,,1,model.layers.15.self_attn,aten.view.default,[],prefill,True,
1839,self_attn,,,batched_matmul,"[[B*n_h, T, T], [B*n_h, T, d_head]]",,,"[[B*n_h, T, d_head]]","[1836, 1838]",15,self_attn,,1,model.layers.15.self_attn,aten.bmm.default,[],prefill,False,
1840,self_attn,,,_unsafe_view,"[[B*n_h, T, d_head]]",,,"[[B, n_h, T, d_head]]",[1839],15,self_attn,,1,model.layers.15.self_attn,aten._unsafe_view.default,[],prefill,True,
1841,self_attn,,,transpose,"[[B, n_h, T, d_head]]",,,"[[B, T, n_h, d_head]]",[1840],15,self_attn,,1,model.layers.15.self_attn,aten.transpose.int,[],prefill,True,
1842,self_attn,,,clone,"[[B, T, n_h, d_head]]",,,"[[B, T, n_h, d_head]]",[1841],15,self_attn,,1,model.layers.15.self_attn,aten.clone.default,[],prefill,True,
1843,self_attn,,,view,"[[B, T, n_h, d_head]]",,,"[[B, T, n_h*d_head]]",[1842],15,self_attn,,1,model.layers.15.self_attn,aten.view.default,[],prefill,True,
1844,self_attn,o_proj,,t,"[[d_model, n_h*d_head]]","[d_model, n_h*d_head]",0,"[[n_h*d_head, d_model]]",[],15,self_attn,o_proj,2,model.layers.15.self_attn.o_proj,aten.t.default,[model.layers.15.self_attn.o_proj.weight],prefill,True,
1845,self_attn,o_proj,,view,"[[B, T, n_h*d_head]]",,,"[[B*T, n_h*d_head]]",[1843],15,self_attn,o_proj,2,model.layers.15.self_attn.o_proj,aten.view.default,[],prefill,True,
1846,self_attn,o_proj,,matmul,"[[B*T, n_h*d_head], [n_h*d_head, d_model]]","[d_model, n_h*d_head]",1,"[[B*T, d_model]]","[1844, 1845]",15,self_attn,o_proj,2,model.layers.15.self_attn.o_proj,aten.mm.default,[model.layers.15.self_attn.o_proj.weight],prefill,False,
1847,self_attn,o_proj,,_unsafe_view,"[[B*T, d_model]]",,,"[[B, T, d_model]]",[1846],15,self_attn,o_proj,2,model.layers.15.self_attn.o_proj,aten._unsafe_view.default,[],prefill,True,
1848,,,,elementwise_add,"[[B, T, d_model], [B, T, d_model]]",,,"[[B, T, d_model]]","[1774, 1847]",15,,,0,model.layers.15,aten.add.Tensor,[],prefill,False,
1849,post_attention_layernorm,,,_to_copy,"[[B, T, d_model]]",,,"[[B, T, d_model]]",[1848],15,post_attention_layernorm,,1,model.layers.15.post_attention_layernorm,aten._to_copy.default,[],prefill,True,
1850,post_attention_layernorm,,,pow,"[[B, T, d_model]]",,,"[[B, T, d_model]]",[1849],15,post_attention_layernorm,,1,model.layers.15.post_attention_layernorm,aten.pow.Tensor_Scalar,[],prefill,False,
1851,post_attention_layernorm,,,mean,"[[B, T, d_model]]",,,"[[B, T, 1]]",[1850],15,post_attention_layernorm,,1,model.layers.15.post_attention_layernorm,aten.mean.dim,[],prefill,False,
1852,post_attention_layernorm,,,elementwise_add,"[[B, T, 1]]",,,"[[B, T, 1]]",[1851],15,post_attention_layernorm,,1,model.layers.15.post_attention_layernorm,aten.add.Tensor,[],prefill,False,
1853,post_attention_layernorm,,,rsqrt,"[[B, T, 1]]",,,"[[B, T, 1]]",[1852],15,post_attention_layernorm,,1,model.layers.15.post_attention_layernorm,aten.rsqrt.default,[],prefill,False,
1854,post_attention_layernorm,,,elementwise_mul,"[[B, T, d_model], [B, T, 1]]",,,"[[B, T, d_model]]","[1849, 1853]",15,post_attention_layernorm,,1,model.layers.15.post_attention_layernorm,aten.mul.Tensor,[],prefill,False,
1855,post_attention_layernorm,,,_to_copy,"[[B, T, d_model]]",,,"[[B, T, d_model]]",[1854],15,post_attention_layernorm,,1,model.layers.15.post_attention_layernorm,aten._to_copy.default,[],prefill,True,
1856,post_attention_layernorm,,,elementwise_mul,"[[B, T, d_model], [d_model]]",,,"[[B, T, d_model]]",[1855],15,post_attention_layernorm,,1,model.layers.15.post_attention_layernorm,aten.mul.Tensor,[model.layers.15.post_attention_layernorm.weight],prefill,False,
1857,feed_forward,,,view,"[[B, T, d_model]]",,,"[[B*T, d_model]]",[1856],15,feed_forward,,1,model.layers.15.feed_forward,aten.view.default,[],prefill,True,
1858,feed_forward,router,,t,"[[E, d_model]]","[E, d_model]",0,"[[d_model, E]]",[],15,feed_forward,router,2,model.layers.15.feed_forward.router,aten.t.default,[model.layers.15.feed_forward.router.weight],prefill,True,
1859,feed_forward,router,,matmul,"[[B*T, d_model], [d_model, E]]","[E, d_model]",1,"[[B*T, E]]","[1857, 1858]",15,feed_forward,router,2,model.layers.15.feed_forward.router,aten.mm.default,[model.layers.15.feed_forward.router.weight],prefill,False,
1860,feed_forward,router,,topk,"[[B*T, E]]",,,"[[B*T, 1], [B*T, 1]]",[1859],15,feed_forward,router,2,model.layers.15.feed_forward.router,aten.topk.default,[],prefill,False,
1861,feed_forward,router,,full_like,"[[B*T, E]]",,,"[[B*T, E]]",[1859],15,feed_forward,router,2,model.layers.15.feed_forward.router,aten.full_like.default,[],prefill,True,
1862,feed_forward,router,,scatter_,"[[B*T, E], [B*T, 1], [B*T, 1]]",,,"[[B*T, E]]","[1860, 1861]",15,feed_forward,router,2,model.layers.15.feed_forward.router,aten.scatter_.src,[],prefill,True,
1863,feed_forward,router,,_to_copy,"[[B*T, E]]",,,"[[B*T, E]]",[1862],15,feed_forward,router,2,model.layers.15.feed_forward.router,aten._to_copy.default,[],prefill,True,
1864,feed_forward,router,,sigmoid,"[[B*T, E]]",,,"[[B*T, E]]",[1863],15,feed_forward,router,2,model.layers.15.feed_forward.router,aten.sigmoid.default,[],prefill,False,
1865,feed_forward,router,,_to_copy,"[[B*T, E]]",,,"[[B*T, E]]",[1864],15,feed_forward,router,2,model.layers.15.feed_forward.router,aten._to_copy.default,[],prefill,True,
1866,feed_forward,,,repeat,"[[B*T, d_model]]",,,"[[B*E*T, d_model]]",[1857],15,feed_forward,,1,model.layers.15.feed_forward,aten.repeat.default,[],prefill,True,
1867,feed_forward,,,transpose,"[[B*T, E]]",,,"[[E, B*T]]",[1865],15,feed_forward,,1,model.layers.15.feed_forward,aten.transpose.int,[],prefill,True,
1868,feed_forward,,,clone,"[[E, B*T]]",,,"[[E, B*T]]",[1867],15,feed_forward,,1,model.layers.15.feed_forward,aten.clone.default,[],prefill,True,
1869,feed_forward,,,_unsafe_view,"[[E, B*T]]",,,"[[B*E*T, 1]]",[1868],15,feed_forward,,1,model.layers.15.feed_forward,aten._unsafe_view.default,[],prefill,True,
1870,feed_forward,,,elementwise_mul,"[[B*E*T, d_model], [B*E*T, 1]]",,,"[[B*E*T, d_model]]","[1866, 1869]",15,feed_forward,,1,model.layers.15.feed_forward,aten.mul.Tensor,[],prefill,False,
1871,feed_forward,experts,,view,"[[B*E*T, d_model]]",,,"[[E, B*T, d_model]]",[1870],15,feed_forward,experts,2,model.layers.15.feed_forward.experts,aten.view.default,[],prefill,True,
1872,feed_forward,experts,,batched_matmul,"[[E, B*T, d_model], [E, d_model, 2*d_moe]]","[E, d_model, 2*d_moe]",1,"[[E, B*T, 2*d_moe]]",[1871],15,feed_forward,experts,2,model.layers.15.feed_forward.experts,aten.bmm.default,[model.layers.15.feed_forward.experts.gate_up_proj],prefill,False,
1873,feed_forward,experts,,split,"[[E, B*T, 2*d_moe]]",,,"[[E, B*T, d_moe], [E, B*T, d_moe]]",[1872],15,feed_forward,experts,2,model.layers.15.feed_forward.experts,aten.split.Tensor,[],prefill,True,
1874,feed_forward,experts,act_fn,silu,"[[E, B*T, d_moe]]",,,"[[E, B*T, d_moe]]",[1873],15,feed_forward,experts,3,model.layers.15.feed_forward.experts.act_fn,aten.silu.default,[],prefill,False,
1875,feed_forward,experts,,elementwise_mul,"[[E, B*T, d_moe], [E, B*T, d_moe]]",,,"[[E, B*T, d_moe]]","[1873, 1874]",15,feed_forward,experts,2,model.layers.15.feed_forward.experts,aten.mul.Tensor,[],prefill,False,
1876,feed_forward,experts,,batched_matmul,"[[E, B*T, d_moe], [E, d_moe, d_model]]","[E, d_moe, d_model]",1,"[[E, B*T, d_model]]",[1875],15,feed_forward,experts,2,model.layers.15.feed_forward.experts,aten.bmm.default,[model.layers.15.feed_forward.experts.down_proj],prefill,False,
1877,feed_forward,experts,,view,"[[E, B*T, d_model]]",,,"[[B*E*T, d_model]]",[1876],15,feed_forward,experts,2,model.layers.15.feed_forward.experts,aten.view.default,[],prefill,True,
1878,feed_forward,shared_expert,gate_proj,t,"[[d_moe, d_model]]","[d_moe, d_model]",0,"[[d_model, d_moe]]",[],15,feed_forward,shared_expert,3,model.layers.15.feed_forward.shared_expert.gate_proj,aten.t.default,[model.layers.15.feed_forward.shared_expert.gate_proj.weight],prefill,True,
1879,feed_forward,shared_expert,gate_proj,matmul,"[[B*T, d_model], [d_model, d_moe]]","[d_moe, d_model]",1,"[[B*T, d_moe]]","[1857, 1878]",15,feed_forward,shared_expert,3,model.layers.15.feed_forward.shared_expert.gate_proj,aten.mm.default,[model.layers.15.feed_forward.shared_expert.gate_proj.weight],prefill,False,
1880,feed_forward,shared_expert,activation_fn,silu,"[[B*T, d_moe]]",,,"[[B*T, d_moe]]",[1879],15,feed_forward,shared_expert,3,model.layers.15.feed_forward.shared_expert.activation_fn,aten.silu.default,[],prefill,False,
1881,feed_forward,shared_expert,up_proj,t,"[[d_moe, d_model]]","[d_moe, d_model]",0,"[[d_model, d_moe]]",[],15,feed_forward,shared_expert,3,model.layers.15.feed_forward.shared_expert.up_proj,aten.t.default,[model.layers.15.feed_forward.shared_expert.up_proj.weight],prefill,True,
1882,feed_forward,shared_expert,up_proj,matmul,"[[B*T, d_model], [d_model, d_moe]]","[d_moe, d_model]",1,"[[B*T, d_moe]]","[1857, 1881]",15,feed_forward,shared_expert,3,model.layers.15.feed_forward.shared_expert.up_proj,aten.mm.default,[model.layers.15.feed_forward.shared_expert.up_proj.weight],prefill,False,
1883,feed_forward,shared_expert,,elementwise_mul,"[[B*T, d_moe], [B*T, d_moe]]",,,"[[B*T, d_moe]]","[1880, 1882]",15,feed_forward,shared_expert,2,model.layers.15.feed_forward.shared_expert,aten.mul.Tensor,[],prefill,False,
1884,feed_forward,shared_expert,down_proj,t,"[[d_model, d_moe]]","[d_model, d_moe]",0,"[[d_moe, d_model]]",[],15,feed_forward,shared_expert,3,model.layers.15.feed_forward.shared_expert.down_proj,aten.t.default,[model.layers.15.feed_forward.shared_expert.down_proj.weight],prefill,True,
1885,feed_forward,shared_expert,down_proj,matmul,"[[B*T, d_moe], [d_moe, d_model]]","[d_model, d_moe]",1,"[[B*T, d_model]]","[1883, 1884]",15,feed_forward,shared_expert,3,model.layers.15.feed_forward.shared_expert.down_proj,aten.mm.default,[model.layers.15.feed_forward.shared_expert.down_proj.weight],prefill,False,
1886,feed_forward,,,view,"[[B*E*T, d_model]]",,,"[[E, B*T, d_model]]",[1877],15,feed_forward,,1,model.layers.15.feed_forward,aten.view.default,[],prefill,True,
1887,feed_forward,,,sum,"[[E, B*T, d_model]]",,,"[[B*T, d_model]]",[1886],15,feed_forward,,1,model.layers.15.feed_forward,aten.sum.dim_IntList,[],prefill,True,
1888,feed_forward,,,add_,"[[B*T, d_model], [B*T, d_model]]",,,"[[B*T, d_model]]","[1885, 1887]",15,feed_forward,,1,model.layers.15.feed_forward,aten.add_.Tensor,[],prefill,True,
1889,,,,view,"[[B*T, d_model]]",,,"[[B, T, d_model]]",[1888],15,,,0,model.layers.15,aten.view.default,[],prefill,True,
1890,,,,elementwise_add,"[[B, T, d_model], [B, T, d_model]]",,,"[[B, T, d_model]]","[1848, 1889]",15,,,0,model.layers.15,aten.add.Tensor,[],prefill,False,
1891,input_layernorm,,,_to_copy,"[[B, T, d_model]]",,,"[[B, T, d_model]]",[1890],16,input_layernorm,,1,model.layers.16.input_layernorm,aten._to_copy.default,[],prefill,True,
1892,input_layernorm,,,pow,"[[B, T, d_model]]",,,"[[B, T, d_model]]",[1891],16,input_layernorm,,1,model.layers.16.input_layernorm,aten.pow.Tensor_Scalar,[],prefill,False,
1893,input_layernorm,,,mean,"[[B, T, d_model]]",,,"[[B, T, 1]]",[1892],16,input_layernorm,,1,model.layers.16.input_layernorm,aten.mean.dim,[],prefill,False,
1894,input_layernorm,,,elementwise_add,"[[B, T, 1]]",,,"[[B, T, 1]]",[1893],16,input_layernorm,,1,model.layers.16.input_layernorm,aten.add.Tensor,[],prefill,False,
1895,input_layernorm,,,rsqrt,"[[B, T, 1]]",,,"[[B, T, 1]]",[1894],16,input_layernorm,,1,model.layers.16.input_layernorm,aten.rsqrt.default,[],prefill,False,
1896,input_layernorm,,,elementwise_mul,"[[B, T, d_model], [B, T, 1]]",,,"[[B, T, d_model]]","[1891, 1895]",16,input_layernorm,,1,model.layers.16.input_layernorm,aten.mul.Tensor,[],prefill,False,
1897,input_layernorm,,,_to_copy,"[[B, T, d_model]]",,,"[[B, T, d_model]]",[1896],16,input_layernorm,,1,model.layers.16.input_layernorm,aten._to_copy.default,[],prefill,True,
1898,input_layernorm,,,elementwise_mul,"[[B, T, d_model], [d_model]]",,,"[[B, T, d_model]]",[1897],16,input_layernorm,,1,model.layers.16.input_layernorm,aten.mul.Tensor,[model.layers.16.input_layernorm.weight],prefill,False,
1899,self_attn,q_proj,,t,"[[n_h*d_head, d_model]]","[n_h*d_head, d_model]",0,"[[d_model, n_h*d_head]]",[],16,self_attn,q_proj,2,model.layers.16.self_attn.q_proj,aten.t.default,[model.layers.16.self_attn.q_proj.weight],prefill,True,
1900,self_attn,q_proj,,view,"[[B, T, d_model]]",,,"[[B*T, d_model]]",[1898],16,self_attn,q_proj,2,model.layers.16.self_attn.q_proj,aten.view.default,[],prefill,True,
1901,self_attn,q_proj,,matmul,"[[B*T, d_model], [d_model, n_h*d_head]]","[n_h*d_head, d_model]",1,"[[B*T, n_h*d_head]]","[1899, 1900]",16,self_attn,q_proj,2,model.layers.16.self_attn.q_proj,aten.mm.default,[model.layers.16.self_attn.q_proj.weight],prefill,False,
1902,self_attn,q_proj,,_unsafe_view,"[[B*T, n_h*d_head]]",,,"[[B, T, n_h*d_head]]",[1901],16,self_attn,q_proj,2,model.layers.16.self_attn.q_proj,aten._unsafe_view.default,[],prefill,True,
1903,self_attn,,,view,"[[B, T, n_h*d_head]]",,,"[[B, T, n_h, d_head]]",[1902],16,self_attn,,1,model.layers.16.self_attn,aten.view.default,[],prefill,True,
1904,self_attn,k_proj,,t,"[[n_kv*d_head, d_model]]","[n_kv*d_head, d_model]",0,"[[d_model, n_kv*d_head]]",[],16,self_attn,k_proj,2,model.layers.16.self_attn.k_proj,aten.t.default,[model.layers.16.self_attn.k_proj.weight],prefill,True,
1905,self_attn,k_proj,,view,"[[B, T, d_model]]",,,"[[B*T, d_model]]",[1898],16,self_attn,k_proj,2,model.layers.16.self_attn.k_proj,aten.view.default,[],prefill,True,
1906,self_attn,k_proj,,matmul,"[[B*T, d_model], [d_model, n_kv*d_head]]","[n_kv*d_head, d_model]",1,"[[B*T, n_kv*d_head]]","[1904, 1905]",16,self_attn,k_proj,2,model.layers.16.self_attn.k_proj,aten.mm.default,[model.layers.16.self_attn.k_proj.weight],prefill,False,
1907,self_attn,k_proj,,_unsafe_view,"[[B*T, n_kv*d_head]]",,,"[[B, T, n_kv*d_head]]",[1906],16,self_attn,k_proj,2,model.layers.16.self_attn.k_proj,aten._unsafe_view.default,[],prefill,True,
1908,self_attn,,,view,"[[B, T, n_kv*d_head]]",,,"[[B, T, n_kv, d_head]]",[1907],16,self_attn,,1,model.layers.16.self_attn,aten.view.default,[],prefill,True,
1909,self_attn,v_proj,,t,"[[n_kv*d_head, d_model]]","[n_kv*d_head, d_model]",0,"[[d_model, n_kv*d_head]]",[],16,self_attn,v_proj,2,model.layers.16.self_attn.v_proj,aten.t.default,[model.layers.16.self_attn.v_proj.weight],prefill,True,
1910,self_attn,v_proj,,view,"[[B, T, d_model]]",,,"[[B*T, d_model]]",[1898],16,self_attn,v_proj,2,model.layers.16.self_attn.v_proj,aten.view.default,[],prefill,True,
1911,self_attn,v_proj,,matmul,"[[B*T, d_model], [d_model, n_kv*d_head]]","[n_kv*d_head, d_model]",1,"[[B*T, n_kv*d_head]]","[1909, 1910]",16,self_attn,v_proj,2,model.layers.16.self_attn.v_proj,aten.mm.default,[model.layers.16.self_attn.v_proj.weight],prefill,False,
1912,self_attn,v_proj,,_unsafe_view,"[[B*T, n_kv*d_head]]",,,"[[B, T, n_kv*d_head]]",[1911],16,self_attn,v_proj,2,model.layers.16.self_attn.v_proj,aten._unsafe_view.default,[],prefill,True,
1913,self_attn,,,view,"[[B, T, n_kv*d_head]]",,,"[[B, T, n_kv, d_head]]",[1912],16,self_attn,,1,model.layers.16.self_attn,aten.view.default,[],prefill,True,
1914,self_attn,,,transpose,"[[B, T, n_kv, d_head]]",,,"[[B, n_kv, T, d_head]]",[1913],16,self_attn,,1,model.layers.16.self_attn,aten.transpose.int,[],prefill,True,
1915,self_attn,,,_to_copy,"[[B, T, n_h, d_head]]",,,"[[B, T, n_h, d_head]]",[1903],16,self_attn,,1,model.layers.16.self_attn,aten._to_copy.default,[],prefill,True,
1916,self_attn,,,view,"[[B, T, n_h, d_head]]",,,"[[B, T, n_h, d_head/2, 2]]",[1915],16,self_attn,,1,model.layers.16.self_attn,aten.view.default,[],prefill,True,
1917,self_attn,,,view_as_complex,"[[B, T, n_h, d_head/2, 2]]",,,"[[B, T, n_h, d_head/2]]",[1916],16,self_attn,,1,model.layers.16.self_attn,aten.view_as_complex.default,[],prefill,True,
1918,self_attn,,,_to_copy,"[[B, T, n_kv, d_head]]",,,"[[B, T, n_kv, d_head]]",[1908],16,self_attn,,1,model.layers.16.self_attn,aten._to_copy.default,[],prefill,True,
1919,self_attn,,,view,"[[B, T, n_kv, d_head]]",,,"[[B, T, n_kv, d_head/2, 2]]",[1918],16,self_attn,,1,model.layers.16.self_attn,aten.view.default,[],prefill,True,
1920,self_attn,,,view_as_complex,"[[B, T, n_kv, d_head/2, 2]]",,,"[[B, T, n_kv, d_head/2]]",[1919],16,self_attn,,1,model.layers.16.self_attn,aten.view_as_complex.default,[],prefill,True,
1921,self_attn,,,unsqueeze,"[[B, T, d_head/2]]",,,"[[B, T, 1, d_head/2]]",[106],16,self_attn,,1,model.layers.16.self_attn,aten.unsqueeze.default,[],prefill,True,
1922,self_attn,,,elementwise_mul,"[[B, T, n_h, d_head/2], [B, T, 1, d_head/2]]",,,"[[B, T, n_h, d_head/2]]","[1917, 1921]",16,self_attn,,1,model.layers.16.self_attn,aten.mul.Tensor,[],prefill,False,
1923,self_attn,,,view_as_real,"[[B, T, n_h, d_head/2]]",,,"[[B, T, n_h, d_head/2, 2]]",[1922],16,self_attn,,1,model.layers.16.self_attn,aten.view_as_real.default,[],prefill,True,
1924,self_attn,,,view,"[[B, T, n_h, d_head/2, 2]]",,,"[[B, T, n_h, d_head]]",[1923],16,self_attn,,1,model.layers.16.self_attn,aten.view.default,[],prefill,True,
1925,self_attn,,,unsqueeze,"[[B, T, d_head/2]]",,,"[[B, T, 1, d_head/2]]",[106],16,self_attn,,1,model.layers.16.self_attn,aten.unsqueeze.default,[],prefill,True,
1926,self_attn,,,elementwise_mul,"[[B, T, n_kv, d_head/2], [B, T, 1, d_head/2]]",,,"[[B, T, n_kv, d_head/2]]","[1920, 1925]",16,self_attn,,1,model.layers.16.self_attn,aten.mul.Tensor,[],prefill,False,
1927,self_attn,,,view_as_real,"[[B, T, n_kv, d_head/2]]",,,"[[B, T, n_kv, d_head/2, 2]]",[1926],16,self_attn,,1,model.layers.16.self_attn,aten.view_as_real.default,[],prefill,True,
1928,self_attn,,,view,"[[B, T, n_kv, d_head/2, 2]]",,,"[[B, T, n_kv, d_head]]",[1927],16,self_attn,,1,model.layers.16.self_attn,aten.view.default,[],prefill,True,
1929,self_attn,,,_to_copy,"[[B, T, n_h, d_head]]",,,"[[B, T, n_h, d_head]]",[1924],16,self_attn,,1,model.layers.16.self_attn,aten._to_copy.default,[],prefill,True,
1930,self_attn,,,_to_copy,"[[B, T, n_kv, d_head]]",,,"[[B, T, n_kv, d_head]]",[1928],16,self_attn,,1,model.layers.16.self_attn,aten._to_copy.default,[],prefill,True,
1931,self_attn,,,transpose,"[[B, T, n_h, d_head]]",,,"[[B, n_h, T, d_head]]",[1929],16,self_attn,,1,model.layers.16.self_attn,aten.transpose.int,[],prefill,True,
1932,self_attn,,,transpose,"[[B, T, n_kv, d_head]]",,,"[[B, n_kv, T, d_head]]",[1930],16,self_attn,,1,model.layers.16.self_attn,aten.transpose.int,[],prefill,True,
1933,self_attn,,,_to_copy,[[]],,,[[]],[13],16,self_attn,,1,model.layers.16.self_attn,aten._to_copy.default,[],prefill,True,
1934,self_attn,,,concat,"[[0], [B, n_kv, T, d_head]]",,,"[[B, n_kv, T, d_head]]",[1932],16,self_attn,,1,model.layers.16.self_attn,aten.cat.default,[],prefill,False,
1935,self_attn,,,concat,"[[0], [B, n_kv, T, d_head]]",,,"[[B, n_kv, T, d_head]]",[1914],16,self_attn,,1,model.layers.16.self_attn,aten.cat.default,[],prefill,False,
1936,self_attn,,,slice,"[[B, n_kv, T, d_head]]",,,"[[B, n_kv, T, d_head]]",[1934],16,self_attn,,1,model.layers.16.self_attn,aten.slice.Tensor,[],prefill,True,
1937,self_attn,,,slice,"[[B, n_kv, T, d_head]]",,,"[[B, n_kv, T, d_head]]",[1935],16,self_attn,,1,model.layers.16.self_attn,aten.slice.Tensor,[],prefill,True,
1938,self_attn,,,unsqueeze,"[[B, n_kv, T, d_head]]",,,"[[B, n_kv, 1, T, d_head]]",[1934],16,self_attn,,1,model.layers.16.self_attn,aten.unsqueeze.default,[],prefill,True,
1939,self_attn,,,expand,"[[B, n_kv, 1, T, d_head]]",,,"[[B, n_kv, n_h/n_kv, T, d_head]]",[1938],16,self_attn,,1,model.layers.16.self_attn,aten.expand.default,[],prefill,True,
1940,self_attn,,,clone,"[[B, n_kv, n_h/n_kv, T, d_head]]",,,"[[B, n_kv, n_h/n_kv, T, d_head]]",[1939],16,self_attn,,1,model.layers.16.self_attn,aten.clone.default,[],prefill,True,
1941,self_attn,,,_unsafe_view,"[[B, n_kv, n_h/n_kv, T, d_head]]",,,"[[B, n_h, T, d_head]]",[1940],16,self_attn,,1,model.layers.16.self_attn,aten._unsafe_view.default,[],prefill,True,
1942,self_attn,,,unsqueeze,"[[B, n_kv, T, d_head]]",,,"[[B, n_kv, 1, T, d_head]]",[1935],16,self_attn,,1,model.layers.16.self_attn,aten.unsqueeze.default,[],prefill,True,
1943,self_attn,,,expand,"[[B, n_kv, 1, T, d_head]]",,,"[[B, n_kv, n_h/n_kv, T, d_head]]",[1942],16,self_attn,,1,model.layers.16.self_attn,aten.expand.default,[],prefill,True,
1944,self_attn,,,clone,"[[B, n_kv, n_h/n_kv, T, d_head]]",,,"[[B, n_kv, n_h/n_kv, T, d_head]]",[1943],16,self_attn,,1,model.layers.16.self_attn,aten.clone.default,[],prefill,True,
1945,self_attn,,,_unsafe_view,"[[B, n_kv, n_h/n_kv, T, d_head]]",,,"[[B, n_h, T, d_head]]",[1944],16,self_attn,,1,model.layers.16.self_attn,aten._unsafe_view.default,[],prefill,True,
1946,self_attn,,,transpose,"[[B, n_h, T, d_head]]",,,"[[B, n_h, d_head, T]]",[1941],16,self_attn,,1,model.layers.16.self_attn,aten.transpose.int,[],prefill,True,
1947,self_attn,,,expand,"[[B, n_h, T, d_head]]",,,"[[B, n_h, T, d_head]]",[1931],16,self_attn,,1,model.layers.16.self_attn,aten.expand.default,[],prefill,True,
1948,self_attn,,,clone,"[[B, n_h, T, d_head]]",,,"[[B, n_h, T, d_head]]",[1947],16,self_attn,,1,model.layers.16.self_attn,aten.clone.default,[],prefill,True,
1949,self_attn,,,_unsafe_view,"[[B, n_h, T, d_head]]",,,"[[B*n_h, T, d_head]]",[1948],16,self_attn,,1,model.layers.16.self_attn,aten._unsafe_view.default,[],prefill,True,
1950,self_attn,,,expand,"[[B, n_h, d_head, T]]",,,"[[B, n_h, d_head, T]]",[1946],16,self_attn,,1,model.layers.16.self_attn,aten.expand.default,[],prefill,True,
1951,self_attn,,,view,"[[B, n_h, d_head, T]]",,,"[[B*n_h, d_head, T]]",[1950],16,self_attn,,1,model.layers.16.self_attn,aten.view.default,[],prefill,True,
1952,self_attn,,,batched_matmul,"[[B*n_h, T, d_head], [B*n_h, d_head, T]]",,,"[[B*n_h, T, T]]","[1949, 1951]",16,self_attn,,1,model.layers.16.self_attn,aten.bmm.default,[],prefill,False,
1953,self_attn,,,_unsafe_view,"[[B*n_h, T, T]]",,,"[[B, n_h, T, T]]",[1952],16,self_attn,,1,model.layers.16.self_attn,aten._unsafe_view.default,[],prefill,True,
1954,self_attn,,,elementwise_mul,"[[B, n_h, T, T]]",,,"[[B, n_h, T, T]]",[1953],16,self_attn,,1,model.layers.16.self_attn,aten.mul.Tensor,[],prefill,False,
1955,self_attn,,,elementwise_add,"[[B, n_h, T, T], [B, 1, T, T]]",,,"[[B, n_h, T, T]]","[91, 1954]",16,self_attn,,1,model.layers.16.self_attn,aten.add.Tensor,[],prefill,False,
1956,self_attn,,,softmax,"[[B, n_h, T, T]]",,,"[[B, n_h, T, T]]",[1955],16,self_attn,,1,model.layers.16.self_attn,aten._softmax.default,[],prefill,False,
1957,self_attn,,,expand,"[[B, n_h, T, T]]",,,"[[B, n_h, T, T]]",[1956],16,self_attn,,1,model.layers.16.self_attn,aten.expand.default,[],prefill,True,
1958,self_attn,,,view,"[[B, n_h, T, T]]",,,"[[B*n_h, T, T]]",[1957],16,self_attn,,1,model.layers.16.self_attn,aten.view.default,[],prefill,True,
1959,self_attn,,,expand,"[[B, n_h, T, d_head]]",,,"[[B, n_h, T, d_head]]",[1945],16,self_attn,,1,model.layers.16.self_attn,aten.expand.default,[],prefill,True,
1960,self_attn,,,view,"[[B, n_h, T, d_head]]",,,"[[B*n_h, T, d_head]]",[1959],16,self_attn,,1,model.layers.16.self_attn,aten.view.default,[],prefill,True,
1961,self_attn,,,batched_matmul,"[[B*n_h, T, T], [B*n_h, T, d_head]]",,,"[[B*n_h, T, d_head]]","[1958, 1960]",16,self_attn,,1,model.layers.16.self_attn,aten.bmm.default,[],prefill,False,
1962,self_attn,,,_unsafe_view,"[[B*n_h, T, d_head]]",,,"[[B, n_h, T, d_head]]",[1961],16,self_attn,,1,model.layers.16.self_attn,aten._unsafe_view.default,[],prefill,True,
1963,self_attn,,,transpose,"[[B, n_h, T, d_head]]",,,"[[B, T, n_h, d_head]]",[1962],16,self_attn,,1,model.layers.16.self_attn,aten.transpose.int,[],prefill,True,
1964,self_attn,,,clone,"[[B, T, n_h, d_head]]",,,"[[B, T, n_h, d_head]]",[1963],16,self_attn,,1,model.layers.16.self_attn,aten.clone.default,[],prefill,True,
1965,self_attn,,,view,"[[B, T, n_h, d_head]]",,,"[[B, T, n_h*d_head]]",[1964],16,self_attn,,1,model.layers.16.self_attn,aten.view.default,[],prefill,True,
1966,self_attn,o_proj,,t,"[[d_model, n_h*d_head]]","[d_model, n_h*d_head]",0,"[[n_h*d_head, d_model]]",[],16,self_attn,o_proj,2,model.layers.16.self_attn.o_proj,aten.t.default,[model.layers.16.self_attn.o_proj.weight],prefill,True,
1967,self_attn,o_proj,,view,"[[B, T, n_h*d_head]]",,,"[[B*T, n_h*d_head]]",[1965],16,self_attn,o_proj,2,model.layers.16.self_attn.o_proj,aten.view.default,[],prefill,True,
1968,self_attn,o_proj,,matmul,"[[B*T, n_h*d_head], [n_h*d_head, d_model]]","[d_model, n_h*d_head]",1,"[[B*T, d_model]]","[1966, 1967]",16,self_attn,o_proj,2,model.layers.16.self_attn.o_proj,aten.mm.default,[model.layers.16.self_attn.o_proj.weight],prefill,False,
1969,self_attn,o_proj,,_unsafe_view,"[[B*T, d_model]]",,,"[[B, T, d_model]]",[1968],16,self_attn,o_proj,2,model.layers.16.self_attn.o_proj,aten._unsafe_view.default,[],prefill,True,
1970,,,,elementwise_add,"[[B, T, d_model], [B, T, d_model]]",,,"[[B, T, d_model]]","[1890, 1969]",16,,,0,model.layers.16,aten.add.Tensor,[],prefill,False,
1971,post_attention_layernorm,,,_to_copy,"[[B, T, d_model]]",,,"[[B, T, d_model]]",[1970],16,post_attention_layernorm,,1,model.layers.16.post_attention_layernorm,aten._to_copy.default,[],prefill,True,
1972,post_attention_layernorm,,,pow,"[[B, T, d_model]]",,,"[[B, T, d_model]]",[1971],16,post_attention_layernorm,,1,model.layers.16.post_attention_layernorm,aten.pow.Tensor_Scalar,[],prefill,False,
1973,post_attention_layernorm,,,mean,"[[B, T, d_model]]",,,"[[B, T, 1]]",[1972],16,post_attention_layernorm,,1,model.layers.16.post_attention_layernorm,aten.mean.dim,[],prefill,False,
1974,post_attention_layernorm,,,elementwise_add,"[[B, T, 1]]",,,"[[B, T, 1]]",[1973],16,post_attention_layernorm,,1,model.layers.16.post_attention_layernorm,aten.add.Tensor,[],prefill,False,
1975,post_attention_layernorm,,,rsqrt,"[[B, T, 1]]",,,"[[B, T, 1]]",[1974],16,post_attention_layernorm,,1,model.layers.16.post_attention_layernorm,aten.rsqrt.default,[],prefill,False,
1976,post_attention_layernorm,,,elementwise_mul,"[[B, T, d_model], [B, T, 1]]",,,"[[B, T, d_model]]","[1971, 1975]",16,post_attention_layernorm,,1,model.layers.16.post_attention_layernorm,aten.mul.Tensor,[],prefill,False,
1977,post_attention_layernorm,,,_to_copy,"[[B, T, d_model]]",,,"[[B, T, d_model]]",[1976],16,post_attention_layernorm,,1,model.layers.16.post_attention_layernorm,aten._to_copy.default,[],prefill,True,
1978,post_attention_layernorm,,,elementwise_mul,"[[B, T, d_model], [d_model]]",,,"[[B, T, d_model]]",[1977],16,post_attention_layernorm,,1,model.layers.16.post_attention_layernorm,aten.mul.Tensor,[model.layers.16.post_attention_layernorm.weight],prefill,False,
1979,feed_forward,gate_proj,,t,"[[d_ff, d_model]]","[d_ff, d_model]",0,"[[d_model, d_ff]]",[],16,feed_forward,gate_proj,2,model.layers.16.feed_forward.gate_proj,aten.t.default,[model.layers.16.feed_forward.gate_proj.weight],prefill,True,
1980,feed_forward,gate_proj,,view,"[[B, T, d_model]]",,,"[[B*T, d_model]]",[1978],16,feed_forward,gate_proj,2,model.layers.16.feed_forward.gate_proj,aten.view.default,[],prefill,True,
1981,feed_forward,gate_proj,,matmul,"[[B*T, d_model], [d_model, d_ff]]","[d_ff, d_model]",1,"[[B*T, d_ff]]","[1979, 1980]",16,feed_forward,gate_proj,2,model.layers.16.feed_forward.gate_proj,aten.mm.default,[model.layers.16.feed_forward.gate_proj.weight],prefill,False,
1982,feed_forward,gate_proj,,_unsafe_view,"[[B*T, d_ff]]",,,"[[B, T, d_ff]]",[1981],16,feed_forward,gate_proj,2,model.layers.16.feed_forward.gate_proj,aten._unsafe_view.default,[],prefill,True,
1983,feed_forward,activation_fn,,silu,"[[B, T, d_ff]]",,,"[[B, T, d_ff]]",[1982],16,feed_forward,activation_fn,2,model.layers.16.feed_forward.activation_fn,aten.silu.default,[],prefill,False,
1984,feed_forward,up_proj,,t,"[[d_ff, d_model]]","[d_ff, d_model]",0,"[[d_model, d_ff]]",[],16,feed_forward,up_proj,2,model.layers.16.feed_forward.up_proj,aten.t.default,[model.layers.16.feed_forward.up_proj.weight],prefill,True,
1985,feed_forward,up_proj,,view,"[[B, T, d_model]]",,,"[[B*T, d_model]]",[1978],16,feed_forward,up_proj,2,model.layers.16.feed_forward.up_proj,aten.view.default,[],prefill,True,
1986,feed_forward,up_proj,,matmul,"[[B*T, d_model], [d_model, d_ff]]","[d_ff, d_model]",1,"[[B*T, d_ff]]","[1984, 1985]",16,feed_forward,up_proj,2,model.layers.16.feed_forward.up_proj,aten.mm.default,[model.layers.16.feed_forward.up_proj.weight],prefill,False,
1987,feed_forward,up_proj,,_unsafe_view,"[[B*T, d_ff]]",,,"[[B, T, d_ff]]",[1986],16,feed_forward,up_proj,2,model.layers.16.feed_forward.up_proj,aten._unsafe_view.default,[],prefill,True,
1988,feed_forward,,,elementwise_mul,"[[B, T, d_ff], [B, T, d_ff]]",,,"[[B, T, d_ff]]","[1983, 1987]",16,feed_forward,,1,model.layers.16.feed_forward,aten.mul.Tensor,[],prefill,False,
1989,feed_forward,down_proj,,t,"[[d_model, d_ff]]","[d_model, d_ff]",0,"[[d_ff, d_model]]",[],16,feed_forward,down_proj,2,model.layers.16.feed_forward.down_proj,aten.t.default,[model.layers.16.feed_forward.down_proj.weight],prefill,True,
1990,feed_forward,down_proj,,view,"[[B, T, d_ff]]",,,"[[B*T, d_ff]]",[1988],16,feed_forward,down_proj,2,model.layers.16.feed_forward.down_proj,aten.view.default,[],prefill,True,
1991,feed_forward,down_proj,,matmul,"[[B*T, d_ff], [d_ff, d_model]]","[d_model, d_ff]",1,"[[B*T, d_model]]","[1989, 1990]",16,feed_forward,down_proj,2,model.layers.16.feed_forward.down_proj,aten.mm.default,[model.layers.16.feed_forward.down_proj.weight],prefill,False,
1992,feed_forward,down_proj,,_unsafe_view,"[[B*T, d_model]]",,,"[[B, T, d_model]]",[1991],16,feed_forward,down_proj,2,model.layers.16.feed_forward.down_proj,aten._unsafe_view.default,[],prefill,True,
1993,,,,view,"[[B, T, d_model]]",,,"[[B, T, d_model]]",[1992],16,,,0,model.layers.16,aten.view.default,[],prefill,True,
1994,,,,elementwise_add,"[[B, T, d_model], [B, T, d_model]]",,,"[[B, T, d_model]]","[1970, 1993]",16,,,0,model.layers.16,aten.add.Tensor,[],prefill,False,
1995,input_layernorm,,,_to_copy,"[[B, T, d_model]]",,,"[[B, T, d_model]]",[1994],17,input_layernorm,,1,model.layers.17.input_layernorm,aten._to_copy.default,[],prefill,True,
1996,input_layernorm,,,pow,"[[B, T, d_model]]",,,"[[B, T, d_model]]",[1995],17,input_layernorm,,1,model.layers.17.input_layernorm,aten.pow.Tensor_Scalar,[],prefill,False,
1997,input_layernorm,,,mean,"[[B, T, d_model]]",,,"[[B, T, 1]]",[1996],17,input_layernorm,,1,model.layers.17.input_layernorm,aten.mean.dim,[],prefill,False,
1998,input_layernorm,,,elementwise_add,"[[B, T, 1]]",,,"[[B, T, 1]]",[1997],17,input_layernorm,,1,model.layers.17.input_layernorm,aten.add.Tensor,[],prefill,False,
1999,input_layernorm,,,rsqrt,"[[B, T, 1]]",,,"[[B, T, 1]]",[1998],17,input_layernorm,,1,model.layers.17.input_layernorm,aten.rsqrt.default,[],prefill,False,
2000,input_layernorm,,,elementwise_mul,"[[B, T, d_model], [B, T, 1]]",,,"[[B, T, d_model]]","[1995, 1999]",17,input_layernorm,,1,model.layers.17.input_layernorm,aten.mul.Tensor,[],prefill,False,
2001,input_layernorm,,,_to_copy,"[[B, T, d_model]]",,,"[[B, T, d_model]]",[2000],17,input_layernorm,,1,model.layers.17.input_layernorm,aten._to_copy.default,[],prefill,True,
2002,input_layernorm,,,elementwise_mul,"[[B, T, d_model], [d_model]]",,,"[[B, T, d_model]]",[2001],17,input_layernorm,,1,model.layers.17.input_layernorm,aten.mul.Tensor,[model.layers.17.input_layernorm.weight],prefill,False,
2003,self_attn,q_proj,,t,"[[n_h*d_head, d_model]]","[n_h*d_head, d_model]",0,"[[d_model, n_h*d_head]]",[],17,self_attn,q_proj,2,model.layers.17.self_attn.q_proj,aten.t.default,[model.layers.17.self_attn.q_proj.weight],prefill,True,
2004,self_attn,q_proj,,view,"[[B, T, d_model]]",,,"[[B*T, d_model]]",[2002],17,self_attn,q_proj,2,model.layers.17.self_attn.q_proj,aten.view.default,[],prefill,True,
2005,self_attn,q_proj,,matmul,"[[B*T, d_model], [d_model, n_h*d_head]]","[n_h*d_head, d_model]",1,"[[B*T, n_h*d_head]]","[2003, 2004]",17,self_attn,q_proj,2,model.layers.17.self_attn.q_proj,aten.mm.default,[model.layers.17.self_attn.q_proj.weight],prefill,False,
2006,self_attn,q_proj,,_unsafe_view,"[[B*T, n_h*d_head]]",,,"[[B, T, n_h*d_head]]",[2005],17,self_attn,q_proj,2,model.layers.17.self_attn.q_proj,aten._unsafe_view.default,[],prefill,True,
2007,self_attn,,,view,"[[B, T, n_h*d_head]]",,,"[[B, T, n_h, d_head]]",[2006],17,self_attn,,1,model.layers.17.self_attn,aten.view.default,[],prefill,True,
2008,self_attn,k_proj,,t,"[[n_kv*d_head, d_model]]","[n_kv*d_head, d_model]",0,"[[d_model, n_kv*d_head]]",[],17,self_attn,k_proj,2,model.layers.17.self_attn.k_proj,aten.t.default,[model.layers.17.self_attn.k_proj.weight],prefill,True,
2009,self_attn,k_proj,,view,"[[B, T, d_model]]",,,"[[B*T, d_model]]",[2002],17,self_attn,k_proj,2,model.layers.17.self_attn.k_proj,aten.view.default,[],prefill,True,
2010,self_attn,k_proj,,matmul,"[[B*T, d_model], [d_model, n_kv*d_head]]","[n_kv*d_head, d_model]",1,"[[B*T, n_kv*d_head]]","[2008, 2009]",17,self_attn,k_proj,2,model.layers.17.self_attn.k_proj,aten.mm.default,[model.layers.17.self_attn.k_proj.weight],prefill,False,
2011,self_attn,k_proj,,_unsafe_view,"[[B*T, n_kv*d_head]]",,,"[[B, T, n_kv*d_head]]",[2010],17,self_attn,k_proj,2,model.layers.17.self_attn.k_proj,aten._unsafe_view.default,[],prefill,True,
2012,self_attn,,,view,"[[B, T, n_kv*d_head]]",,,"[[B, T, n_kv, d_head]]",[2011],17,self_attn,,1,model.layers.17.self_attn,aten.view.default,[],prefill,True,
2013,self_attn,v_proj,,t,"[[n_kv*d_head, d_model]]","[n_kv*d_head, d_model]",0,"[[d_model, n_kv*d_head]]",[],17,self_attn,v_proj,2,model.layers.17.self_attn.v_proj,aten.t.default,[model.layers.17.self_attn.v_proj.weight],prefill,True,
2014,self_attn,v_proj,,view,"[[B, T, d_model]]",,,"[[B*T, d_model]]",[2002],17,self_attn,v_proj,2,model.layers.17.self_attn.v_proj,aten.view.default,[],prefill,True,
2015,self_attn,v_proj,,matmul,"[[B*T, d_model], [d_model, n_kv*d_head]]","[n_kv*d_head, d_model]",1,"[[B*T, n_kv*d_head]]","[2013, 2014]",17,self_attn,v_proj,2,model.layers.17.self_attn.v_proj,aten.mm.default,[model.layers.17.self_attn.v_proj.weight],prefill,False,
2016,self_attn,v_proj,,_unsafe_view,"[[B*T, n_kv*d_head]]",,,"[[B, T, n_kv*d_head]]",[2015],17,self_attn,v_proj,2,model.layers.17.self_attn.v_proj,aten._unsafe_view.default,[],prefill,True,
2017,self_attn,,,view,"[[B, T, n_kv*d_head]]",,,"[[B, T, n_kv, d_head]]",[2016],17,self_attn,,1,model.layers.17.self_attn,aten.view.default,[],prefill,True,
2018,self_attn,,,transpose,"[[B, T, n_kv, d_head]]",,,"[[B, n_kv, T, d_head]]",[2017],17,self_attn,,1,model.layers.17.self_attn,aten.transpose.int,[],prefill,True,
2019,self_attn,,,_to_copy,"[[B, T, n_h, d_head]]",,,"[[B, T, n_h, d_head]]",[2007],17,self_attn,,1,model.layers.17.self_attn,aten._to_copy.default,[],prefill,True,
2020,self_attn,,,view,"[[B, T, n_h, d_head]]",,,"[[B, T, n_h, d_head/2, 2]]",[2019],17,self_attn,,1,model.layers.17.self_attn,aten.view.default,[],prefill,True,
2021,self_attn,,,view_as_complex,"[[B, T, n_h, d_head/2, 2]]",,,"[[B, T, n_h, d_head/2]]",[2020],17,self_attn,,1,model.layers.17.self_attn,aten.view_as_complex.default,[],prefill,True,
2022,self_attn,,,_to_copy,"[[B, T, n_kv, d_head]]",,,"[[B, T, n_kv, d_head]]",[2012],17,self_attn,,1,model.layers.17.self_attn,aten._to_copy.default,[],prefill,True,
2023,self_attn,,,view,"[[B, T, n_kv, d_head]]",,,"[[B, T, n_kv, d_head/2, 2]]",[2022],17,self_attn,,1,model.layers.17.self_attn,aten.view.default,[],prefill,True,
2024,self_attn,,,view_as_complex,"[[B, T, n_kv, d_head/2, 2]]",,,"[[B, T, n_kv, d_head/2]]",[2023],17,self_attn,,1,model.layers.17.self_attn,aten.view_as_complex.default,[],prefill,True,
2025,self_attn,,,unsqueeze,"[[B, T, d_head/2]]",,,"[[B, T, 1, d_head/2]]",[106],17,self_attn,,1,model.layers.17.self_attn,aten.unsqueeze.default,[],prefill,True,
2026,self_attn,,,elementwise_mul,"[[B, T, n_h, d_head/2], [B, T, 1, d_head/2]]",,,"[[B, T, n_h, d_head/2]]","[2021, 2025]",17,self_attn,,1,model.layers.17.self_attn,aten.mul.Tensor,[],prefill,False,
2027,self_attn,,,view_as_real,"[[B, T, n_h, d_head/2]]",,,"[[B, T, n_h, d_head/2, 2]]",[2026],17,self_attn,,1,model.layers.17.self_attn,aten.view_as_real.default,[],prefill,True,
2028,self_attn,,,view,"[[B, T, n_h, d_head/2, 2]]",,,"[[B, T, n_h, d_head]]",[2027],17,self_attn,,1,model.layers.17.self_attn,aten.view.default,[],prefill,True,
2029,self_attn,,,unsqueeze,"[[B, T, d_head/2]]",,,"[[B, T, 1, d_head/2]]",[106],17,self_attn,,1,model.layers.17.self_attn,aten.unsqueeze.default,[],prefill,True,
2030,self_attn,,,elementwise_mul,"[[B, T, n_kv, d_head/2], [B, T, 1, d_head/2]]",,,"[[B, T, n_kv, d_head/2]]","[2024, 2029]",17,self_attn,,1,model.layers.17.self_attn,aten.mul.Tensor,[],prefill,False,
2031,self_attn,,,view_as_real,"[[B, T, n_kv, d_head/2]]",,,"[[B, T, n_kv, d_head/2, 2]]",[2030],17,self_attn,,1,model.layers.17.self_attn,aten.view_as_real.default,[],prefill,True,
2032,self_attn,,,view,"[[B, T, n_kv, d_head/2, 2]]",,,"[[B, T, n_kv, d_head]]",[2031],17,self_attn,,1,model.layers.17.self_attn,aten.view.default,[],prefill,True,
2033,self_attn,,,_to_copy,"[[B, T, n_h, d_head]]",,,"[[B, T, n_h, d_head]]",[2028],17,self_attn,,1,model.layers.17.self_attn,aten._to_copy.default,[],prefill,True,
2034,self_attn,,,_to_copy,"[[B, T, n_kv, d_head]]",,,"[[B, T, n_kv, d_head]]",[2032],17,self_attn,,1,model.layers.17.self_attn,aten._to_copy.default,[],prefill,True,
2035,self_attn,,,transpose,"[[B, T, n_h, d_head]]",,,"[[B, n_h, T, d_head]]",[2033],17,self_attn,,1,model.layers.17.self_attn,aten.transpose.int,[],prefill,True,
2036,self_attn,,,transpose,"[[B, T, n_kv, d_head]]",,,"[[B, n_kv, T, d_head]]",[2034],17,self_attn,,1,model.layers.17.self_attn,aten.transpose.int,[],prefill,True,
2037,self_attn,,,_to_copy,[[]],,,[[]],[14],17,self_attn,,1,model.layers.17.self_attn,aten._to_copy.default,[],prefill,True,
2038,self_attn,,,concat,"[[0], [B, n_kv, T, d_head]]",,,"[[B, n_kv, T, d_head]]",[2036],17,self_attn,,1,model.layers.17.self_attn,aten.cat.default,[],prefill,False,
2039,self_attn,,,concat,"[[0], [B, n_kv, T, d_head]]",,,"[[B, n_kv, T, d_head]]",[2018],17,self_attn,,1,model.layers.17.self_attn,aten.cat.default,[],prefill,False,
2040,self_attn,,,slice,"[[B, n_kv, T, d_head]]",,,"[[B, n_kv, T, d_head]]",[2038],17,self_attn,,1,model.layers.17.self_attn,aten.slice.Tensor,[],prefill,True,
2041,self_attn,,,slice,"[[B, n_kv, T, d_head]]",,,"[[B, n_kv, T, d_head]]",[2039],17,self_attn,,1,model.layers.17.self_attn,aten.slice.Tensor,[],prefill,True,
2042,self_attn,,,unsqueeze,"[[B, n_kv, T, d_head]]",,,"[[B, n_kv, 1, T, d_head]]",[2038],17,self_attn,,1,model.layers.17.self_attn,aten.unsqueeze.default,[],prefill,True,
2043,self_attn,,,expand,"[[B, n_kv, 1, T, d_head]]",,,"[[B, n_kv, n_h/n_kv, T, d_head]]",[2042],17,self_attn,,1,model.layers.17.self_attn,aten.expand.default,[],prefill,True,
2044,self_attn,,,clone,"[[B, n_kv, n_h/n_kv, T, d_head]]",,,"[[B, n_kv, n_h/n_kv, T, d_head]]",[2043],17,self_attn,,1,model.layers.17.self_attn,aten.clone.default,[],prefill,True,
2045,self_attn,,,_unsafe_view,"[[B, n_kv, n_h/n_kv, T, d_head]]",,,"[[B, n_h, T, d_head]]",[2044],17,self_attn,,1,model.layers.17.self_attn,aten._unsafe_view.default,[],prefill,True,
2046,self_attn,,,unsqueeze,"[[B, n_kv, T, d_head]]",,,"[[B, n_kv, 1, T, d_head]]",[2039],17,self_attn,,1,model.layers.17.self_attn,aten.unsqueeze.default,[],prefill,True,
2047,self_attn,,,expand,"[[B, n_kv, 1, T, d_head]]",,,"[[B, n_kv, n_h/n_kv, T, d_head]]",[2046],17,self_attn,,1,model.layers.17.self_attn,aten.expand.default,[],prefill,True,
2048,self_attn,,,clone,"[[B, n_kv, n_h/n_kv, T, d_head]]",,,"[[B, n_kv, n_h/n_kv, T, d_head]]",[2047],17,self_attn,,1,model.layers.17.self_attn,aten.clone.default,[],prefill,True,
2049,self_attn,,,_unsafe_view,"[[B, n_kv, n_h/n_kv, T, d_head]]",,,"[[B, n_h, T, d_head]]",[2048],17,self_attn,,1,model.layers.17.self_attn,aten._unsafe_view.default,[],prefill,True,
2050,self_attn,,,transpose,"[[B, n_h, T, d_head]]",,,"[[B, n_h, d_head, T]]",[2045],17,self_attn,,1,model.layers.17.self_attn,aten.transpose.int,[],prefill,True,
2051,self_attn,,,expand,"[[B, n_h, T, d_head]]",,,"[[B, n_h, T, d_head]]",[2035],17,self_attn,,1,model.layers.17.self_attn,aten.expand.default,[],prefill,True,
2052,self_attn,,,clone,"[[B, n_h, T, d_head]]",,,"[[B, n_h, T, d_head]]",[2051],17,self_attn,,1,model.layers.17.self_attn,aten.clone.default,[],prefill,True,
2053,self_attn,,,_unsafe_view,"[[B, n_h, T, d_head]]",,,"[[B*n_h, T, d_head]]",[2052],17,self_attn,,1,model.layers.17.self_attn,aten._unsafe_view.default,[],prefill,True,
2054,self_attn,,,expand,"[[B, n_h, d_head, T]]",,,"[[B, n_h, d_head, T]]",[2050],17,self_attn,,1,model.layers.17.self_attn,aten.expand.default,[],prefill,True,
2055,self_attn,,,view,"[[B, n_h, d_head, T]]",,,"[[B*n_h, d_head, T]]",[2054],17,self_attn,,1,model.layers.17.self_attn,aten.view.default,[],prefill,True,
2056,self_attn,,,batched_matmul,"[[B*n_h, T, d_head], [B*n_h, d_head, T]]",,,"[[B*n_h, T, T]]","[2053, 2055]",17,self_attn,,1,model.layers.17.self_attn,aten.bmm.default,[],prefill,False,
2057,self_attn,,,_unsafe_view,"[[B*n_h, T, T]]",,,"[[B, n_h, T, T]]",[2056],17,self_attn,,1,model.layers.17.self_attn,aten._unsafe_view.default,[],prefill,True,
2058,self_attn,,,elementwise_mul,"[[B, n_h, T, T]]",,,"[[B, n_h, T, T]]",[2057],17,self_attn,,1,model.layers.17.self_attn,aten.mul.Tensor,[],prefill,False,
2059,self_attn,,,elementwise_add,"[[B, n_h, T, T], [B, 1, T, T]]",,,"[[B, n_h, T, T]]","[91, 2058]",17,self_attn,,1,model.layers.17.self_attn,aten.add.Tensor,[],prefill,False,
2060,self_attn,,,softmax,"[[B, n_h, T, T]]",,,"[[B, n_h, T, T]]",[2059],17,self_attn,,1,model.layers.17.self_attn,aten._softmax.default,[],prefill,False,
2061,self_attn,,,expand,"[[B, n_h, T, T]]",,,"[[B, n_h, T, T]]",[2060],17,self_attn,,1,model.layers.17.self_attn,aten.expand.default,[],prefill,True,
2062,self_attn,,,view,"[[B, n_h, T, T]]",,,"[[B*n_h, T, T]]",[2061],17,self_attn,,1,model.layers.17.self_attn,aten.view.default,[],prefill,True,
2063,self_attn,,,expand,"[[B, n_h, T, d_head]]",,,"[[B, n_h, T, d_head]]",[2049],17,self_attn,,1,model.layers.17.self_attn,aten.expand.default,[],prefill,True,
2064,self_attn,,,view,"[[B, n_h, T, d_head]]",,,"[[B*n_h, T, d_head]]",[2063],17,self_attn,,1,model.layers.17.self_attn,aten.view.default,[],prefill,True,
2065,self_attn,,,batched_matmul,"[[B*n_h, T, T], [B*n_h, T, d_head]]",,,"[[B*n_h, T, d_head]]","[2062, 2064]",17,self_attn,,1,model.layers.17.self_attn,aten.bmm.default,[],prefill,False,
2066,self_attn,,,_unsafe_view,"[[B*n_h, T, d_head]]",,,"[[B, n_h, T, d_head]]",[2065],17,self_attn,,1,model.layers.17.self_attn,aten._unsafe_view.default,[],prefill,True,
2067,self_attn,,,transpose,"[[B, n_h, T, d_head]]",,,"[[B, T, n_h, d_head]]",[2066],17,self_attn,,1,model.layers.17.self_attn,aten.transpose.int,[],prefill,True,
2068,self_attn,,,clone,"[[B, T, n_h, d_head]]",,,"[[B, T, n_h, d_head]]",[2067],17,self_attn,,1,model.layers.17.self_attn,aten.clone.default,[],prefill,True,
2069,self_attn,,,view,"[[B, T, n_h, d_head]]",,,"[[B, T, n_h*d_head]]",[2068],17,self_attn,,1,model.layers.17.self_attn,aten.view.default,[],prefill,True,
2070,self_attn,o_proj,,t,"[[d_model, n_h*d_head]]","[d_model, n_h*d_head]",0,"[[n_h*d_head, d_model]]",[],17,self_attn,o_proj,2,model.layers.17.self_attn.o_proj,aten.t.default,[model.layers.17.self_attn.o_proj.weight],prefill,True,
2071,self_attn,o_proj,,view,"[[B, T, n_h*d_head]]",,,"[[B*T, n_h*d_head]]",[2069],17,self_attn,o_proj,2,model.layers.17.self_attn.o_proj,aten.view.default,[],prefill,True,
2072,self_attn,o_proj,,matmul,"[[B*T, n_h*d_head], [n_h*d_head, d_model]]","[d_model, n_h*d_head]",1,"[[B*T, d_model]]","[2070, 2071]",17,self_attn,o_proj,2,model.layers.17.self_attn.o_proj,aten.mm.default,[model.layers.17.self_attn.o_proj.weight],prefill,False,
2073,self_attn,o_proj,,_unsafe_view,"[[B*T, d_model]]",,,"[[B, T, d_model]]",[2072],17,self_attn,o_proj,2,model.layers.17.self_attn.o_proj,aten._unsafe_view.default,[],prefill,True,
2074,,,,elementwise_add,"[[B, T, d_model], [B, T, d_model]]",,,"[[B, T, d_model]]","[1994, 2073]",17,,,0,model.layers.17,aten.add.Tensor,[],prefill,False,
2075,post_attention_layernorm,,,_to_copy,"[[B, T, d_model]]",,,"[[B, T, d_model]]",[2074],17,post_attention_layernorm,,1,model.layers.17.post_attention_layernorm,aten._to_copy.default,[],prefill,True,
2076,post_attention_layernorm,,,pow,"[[B, T, d_model]]",,,"[[B, T, d_model]]",[2075],17,post_attention_layernorm,,1,model.layers.17.post_attention_layernorm,aten.pow.Tensor_Scalar,[],prefill,False,
2077,post_attention_layernorm,,,mean,"[[B, T, d_model]]",,,"[[B, T, 1]]",[2076],17,post_attention_layernorm,,1,model.layers.17.post_attention_layernorm,aten.mean.dim,[],prefill,False,
2078,post_attention_layernorm,,,elementwise_add,"[[B, T, 1]]",,,"[[B, T, 1]]",[2077],17,post_attention_layernorm,,1,model.layers.17.post_attention_layernorm,aten.add.Tensor,[],prefill,False,
2079,post_attention_layernorm,,,rsqrt,"[[B, T, 1]]",,,"[[B, T, 1]]",[2078],17,post_attention_layernorm,,1,model.layers.17.post_attention_layernorm,aten.rsqrt.default,[],prefill,False,
2080,post_attention_layernorm,,,elementwise_mul,"[[B, T, d_model], [B, T, 1]]",,,"[[B, T, d_model]]","[2075, 2079]",17,post_attention_layernorm,,1,model.layers.17.post_attention_layernorm,aten.mul.Tensor,[],prefill,False,
2081,post_attention_layernorm,,,_to_copy,"[[B, T, d_model]]",,,"[[B, T, d_model]]",[2080],17,post_attention_layernorm,,1,model.layers.17.post_attention_layernorm,aten._to_copy.default,[],prefill,True,
2082,post_attention_layernorm,,,elementwise_mul,"[[B, T, d_model], [d_model]]",,,"[[B, T, d_model]]",[2081],17,post_attention_layernorm,,1,model.layers.17.post_attention_layernorm,aten.mul.Tensor,[model.layers.17.post_attention_layernorm.weight],prefill,False,
2083,feed_forward,,,view,"[[B, T, d_model]]",,,"[[B*T, d_model]]",[2082],17,feed_forward,,1,model.layers.17.feed_forward,aten.view.default,[],prefill,True,
2084,feed_forward,router,,t,"[[E, d_model]]","[E, d_model]",0,"[[d_model, E]]",[],17,feed_forward,router,2,model.layers.17.feed_forward.router,aten.t.default,[model.layers.17.feed_forward.router.weight],prefill,True,
2085,feed_forward,router,,matmul,"[[B*T, d_model], [d_model, E]]","[E, d_model]",1,"[[B*T, E]]","[2083, 2084]",17,feed_forward,router,2,model.layers.17.feed_forward.router,aten.mm.default,[model.layers.17.feed_forward.router.weight],prefill,False,
2086,feed_forward,router,,topk,"[[B*T, E]]",,,"[[B*T, 1], [B*T, 1]]",[2085],17,feed_forward,router,2,model.layers.17.feed_forward.router,aten.topk.default,[],prefill,False,
2087,feed_forward,router,,full_like,"[[B*T, E]]",,,"[[B*T, E]]",[2085],17,feed_forward,router,2,model.layers.17.feed_forward.router,aten.full_like.default,[],prefill,True,
2088,feed_forward,router,,scatter_,"[[B*T, E], [B*T, 1], [B*T, 1]]",,,"[[B*T, E]]","[2086, 2087]",17,feed_forward,router,2,model.layers.17.feed_forward.router,aten.scatter_.src,[],prefill,True,
2089,feed_forward,router,,_to_copy,"[[B*T, E]]",,,"[[B*T, E]]",[2088],17,feed_forward,router,2,model.layers.17.feed_forward.router,aten._to_copy.default,[],prefill,True,
2090,feed_forward,router,,sigmoid,"[[B*T, E]]",,,"[[B*T, E]]",[2089],17,feed_forward,router,2,model.layers.17.feed_forward.router,aten.sigmoid.default,[],prefill,False,
2091,feed_forward,router,,_to_copy,"[[B*T, E]]",,,"[[B*T, E]]",[2090],17,feed_forward,router,2,model.layers.17.feed_forward.router,aten._to_copy.default,[],prefill,True,
2092,feed_forward,,,repeat,"[[B*T, d_model]]",,,"[[B*E*T, d_model]]",[2083],17,feed_forward,,1,model.layers.17.feed_forward,aten.repeat.default,[],prefill,True,
2093,feed_forward,,,transpose,"[[B*T, E]]",,,"[[E, B*T]]",[2091],17,feed_forward,,1,model.layers.17.feed_forward,aten.transpose.int,[],prefill,True,
2094,feed_forward,,,clone,"[[E, B*T]]",,,"[[E, B*T]]",[2093],17,feed_forward,,1,model.layers.17.feed_forward,aten.clone.default,[],prefill,True,
2095,feed_forward,,,_unsafe_view,"[[E, B*T]]",,,"[[B*E*T, 1]]",[2094],17,feed_forward,,1,model.layers.17.feed_forward,aten._unsafe_view.default,[],prefill,True,
2096,feed_forward,,,elementwise_mul,"[[B*E*T, d_model], [B*E*T, 1]]",,,"[[B*E*T, d_model]]","[2092, 2095]",17,feed_forward,,1,model.layers.17.feed_forward,aten.mul.Tensor,[],prefill,False,
2097,feed_forward,experts,,view,"[[B*E*T, d_model]]",,,"[[E, B*T, d_model]]",[2096],17,feed_forward,experts,2,model.layers.17.feed_forward.experts,aten.view.default,[],prefill,True,
2098,feed_forward,experts,,batched_matmul,"[[E, B*T, d_model], [E, d_model, 2*d_moe]]","[E, d_model, 2*d_moe]",1,"[[E, B*T, 2*d_moe]]",[2097],17,feed_forward,experts,2,model.layers.17.feed_forward.experts,aten.bmm.default,[model.layers.17.feed_forward.experts.gate_up_proj],prefill,False,
2099,feed_forward,experts,,split,"[[E, B*T, 2*d_moe]]",,,"[[E, B*T, d_moe], [E, B*T, d_moe]]",[2098],17,feed_forward,experts,2,model.layers.17.feed_forward.experts,aten.split.Tensor,[],prefill,True,
2100,feed_forward,experts,act_fn,silu,"[[E, B*T, d_moe]]",,,"[[E, B*T, d_moe]]",[2099],17,feed_forward,experts,3,model.layers.17.feed_forward.experts.act_fn,aten.silu.default,[],prefill,False,
2101,feed_forward,experts,,elementwise_mul,"[[E, B*T, d_moe], [E, B*T, d_moe]]",,,"[[E, B*T, d_moe]]","[2099, 2100]",17,feed_forward,experts,2,model.layers.17.feed_forward.experts,aten.mul.Tensor,[],prefill,False,
2102,feed_forward,experts,,batched_matmul,"[[E, B*T, d_moe], [E, d_moe, d_model]]","[E, d_moe, d_model]",1,"[[E, B*T, d_model]]",[2101],17,feed_forward,experts,2,model.layers.17.feed_forward.experts,aten.bmm.default,[model.layers.17.feed_forward.experts.down_proj],prefill,False,
2103,feed_forward,experts,,view,"[[E, B*T, d_model]]",,,"[[B*E*T, d_model]]",[2102],17,feed_forward,experts,2,model.layers.17.feed_forward.experts,aten.view.default,[],prefill,True,
2104,feed_forward,shared_expert,gate_proj,t,"[[d_moe, d_model]]","[d_moe, d_model]",0,"[[d_model, d_moe]]",[],17,feed_forward,shared_expert,3,model.layers.17.feed_forward.shared_expert.gate_proj,aten.t.default,[model.layers.17.feed_forward.shared_expert.gate_proj.weight],prefill,True,
2105,feed_forward,shared_expert,gate_proj,matmul,"[[B*T, d_model], [d_model, d_moe]]","[d_moe, d_model]",1,"[[B*T, d_moe]]","[2083, 2104]",17,feed_forward,shared_expert,3,model.layers.17.feed_forward.shared_expert.gate_proj,aten.mm.default,[model.layers.17.feed_forward.shared_expert.gate_proj.weight],prefill,False,
2106,feed_forward,shared_expert,activation_fn,silu,"[[B*T, d_moe]]",,,"[[B*T, d_moe]]",[2105],17,feed_forward,shared_expert,3,model.layers.17.feed_forward.shared_expert.activation_fn,aten.silu.default,[],prefill,False,
2107,feed_forward,shared_expert,up_proj,t,"[[d_moe, d_model]]","[d_moe, d_model]",0,"[[d_model, d_moe]]",[],17,feed_forward,shared_expert,3,model.layers.17.feed_forward.shared_expert.up_proj,aten.t.default,[model.layers.17.feed_forward.shared_expert.up_proj.weight],prefill,True,
2108,feed_forward,shared_expert,up_proj,matmul,"[[B*T, d_model], [d_model, d_moe]]","[d_moe, d_model]",1,"[[B*T, d_moe]]","[2083, 2107]",17,feed_forward,shared_expert,3,model.layers.17.feed_forward.shared_expert.up_proj,aten.mm.default,[model.layers.17.feed_forward.shared_expert.up_proj.weight],prefill,False,
2109,feed_forward,shared_expert,,elementwise_mul,"[[B*T, d_moe], [B*T, d_moe]]",,,"[[B*T, d_moe]]","[2106, 2108]",17,feed_forward,shared_expert,2,model.layers.17.feed_forward.shared_expert,aten.mul.Tensor,[],prefill,False,
2110,feed_forward,shared_expert,down_proj,t,"[[d_model, d_moe]]","[d_model, d_moe]",0,"[[d_moe, d_model]]",[],17,feed_forward,shared_expert,3,model.layers.17.feed_forward.shared_expert.down_proj,aten.t.default,[model.layers.17.feed_forward.shared_expert.down_proj.weight],prefill,True,
2111,feed_forward,shared_expert,down_proj,matmul,"[[B*T, d_moe], [d_moe, d_model]]","[d_model, d_moe]",1,"[[B*T, d_model]]","[2109, 2110]",17,feed_forward,shared_expert,3,model.layers.17.feed_forward.shared_expert.down_proj,aten.mm.default,[model.layers.17.feed_forward.shared_expert.down_proj.weight],prefill,False,
2112,feed_forward,,,view,"[[B*E*T, d_model]]",,,"[[E, B*T, d_model]]",[2103],17,feed_forward,,1,model.layers.17.feed_forward,aten.view.default,[],prefill,True,
2113,feed_forward,,,sum,"[[E, B*T, d_model]]",,,"[[B*T, d_model]]",[2112],17,feed_forward,,1,model.layers.17.feed_forward,aten.sum.dim_IntList,[],prefill,True,
2114,feed_forward,,,add_,"[[B*T, d_model], [B*T, d_model]]",,,"[[B*T, d_model]]","[2111, 2113]",17,feed_forward,,1,model.layers.17.feed_forward,aten.add_.Tensor,[],prefill,True,
2115,,,,view,"[[B*T, d_model]]",,,"[[B, T, d_model]]",[2114],17,,,0,model.layers.17,aten.view.default,[],prefill,True,
2116,,,,elementwise_add,"[[B, T, d_model], [B, T, d_model]]",,,"[[B, T, d_model]]","[2074, 2115]",17,,,0,model.layers.17,aten.add.Tensor,[],prefill,False,
2117,input_layernorm,,,_to_copy,"[[B, T, d_model]]",,,"[[B, T, d_model]]",[2116],18,input_layernorm,,1,model.layers.18.input_layernorm,aten._to_copy.default,[],prefill,True,
2118,input_layernorm,,,pow,"[[B, T, d_model]]",,,"[[B, T, d_model]]",[2117],18,input_layernorm,,1,model.layers.18.input_layernorm,aten.pow.Tensor_Scalar,[],prefill,False,
2119,input_layernorm,,,mean,"[[B, T, d_model]]",,,"[[B, T, 1]]",[2118],18,input_layernorm,,1,model.layers.18.input_layernorm,aten.mean.dim,[],prefill,False,
2120,input_layernorm,,,elementwise_add,"[[B, T, 1]]",,,"[[B, T, 1]]",[2119],18,input_layernorm,,1,model.layers.18.input_layernorm,aten.add.Tensor,[],prefill,False,
2121,input_layernorm,,,rsqrt,"[[B, T, 1]]",,,"[[B, T, 1]]",[2120],18,input_layernorm,,1,model.layers.18.input_layernorm,aten.rsqrt.default,[],prefill,False,
2122,input_layernorm,,,elementwise_mul,"[[B, T, d_model], [B, T, 1]]",,,"[[B, T, d_model]]","[2117, 2121]",18,input_layernorm,,1,model.layers.18.input_layernorm,aten.mul.Tensor,[],prefill,False,
2123,input_layernorm,,,_to_copy,"[[B, T, d_model]]",,,"[[B, T, d_model]]",[2122],18,input_layernorm,,1,model.layers.18.input_layernorm,aten._to_copy.default,[],prefill,True,
2124,input_layernorm,,,elementwise_mul,"[[B, T, d_model], [d_model]]",,,"[[B, T, d_model]]",[2123],18,input_layernorm,,1,model.layers.18.input_layernorm,aten.mul.Tensor,[model.layers.18.input_layernorm.weight],prefill,False,
2125,self_attn,q_proj,,t,"[[n_h*d_head, d_model]]","[n_h*d_head, d_model]",0,"[[d_model, n_h*d_head]]",[],18,self_attn,q_proj,2,model.layers.18.self_attn.q_proj,aten.t.default,[model.layers.18.self_attn.q_proj.weight],prefill,True,
2126,self_attn,q_proj,,view,"[[B, T, d_model]]",,,"[[B*T, d_model]]",[2124],18,self_attn,q_proj,2,model.layers.18.self_attn.q_proj,aten.view.default,[],prefill,True,
2127,self_attn,q_proj,,matmul,"[[B*T, d_model], [d_model, n_h*d_head]]","[n_h*d_head, d_model]",1,"[[B*T, n_h*d_head]]","[2125, 2126]",18,self_attn,q_proj,2,model.layers.18.self_attn.q_proj,aten.mm.default,[model.layers.18.self_attn.q_proj.weight],prefill,False,
2128,self_attn,q_proj,,_unsafe_view,"[[B*T, n_h*d_head]]",,,"[[B, T, n_h*d_head]]",[2127],18,self_attn,q_proj,2,model.layers.18.self_attn.q_proj,aten._unsafe_view.default,[],prefill,True,
2129,self_attn,,,view,"[[B, T, n_h*d_head]]",,,"[[B, T, n_h, d_head]]",[2128],18,self_attn,,1,model.layers.18.self_attn,aten.view.default,[],prefill,True,
2130,self_attn,k_proj,,t,"[[n_kv*d_head, d_model]]","[n_kv*d_head, d_model]",0,"[[d_model, n_kv*d_head]]",[],18,self_attn,k_proj,2,model.layers.18.self_attn.k_proj,aten.t.default,[model.layers.18.self_attn.k_proj.weight],prefill,True,
2131,self_attn,k_proj,,view,"[[B, T, d_model]]",,,"[[B*T, d_model]]",[2124],18,self_attn,k_proj,2,model.layers.18.self_attn.k_proj,aten.view.default,[],prefill,True,
2132,self_attn,k_proj,,matmul,"[[B*T, d_model], [d_model, n_kv*d_head]]","[n_kv*d_head, d_model]",1,"[[B*T, n_kv*d_head]]","[2130, 2131]",18,self_attn,k_proj,2,model.layers.18.self_attn.k_proj,aten.mm.default,[model.layers.18.self_attn.k_proj.weight],prefill,False,
2133,self_attn,k_proj,,_unsafe_view,"[[B*T, n_kv*d_head]]",,,"[[B, T, n_kv*d_head]]",[2132],18,self_attn,k_proj,2,model.layers.18.self_attn.k_proj,aten._unsafe_view.default,[],prefill,True,
2134,self_attn,,,view,"[[B, T, n_kv*d_head]]",,,"[[B, T, n_kv, d_head]]",[2133],18,self_attn,,1,model.layers.18.self_attn,aten.view.default,[],prefill,True,
2135,self_attn,v_proj,,t,"[[n_kv*d_head, d_model]]","[n_kv*d_head, d_model]",0,"[[d_model, n_kv*d_head]]",[],18,self_attn,v_proj,2,model.layers.18.self_attn.v_proj,aten.t.default,[model.layers.18.self_attn.v_proj.weight],prefill,True,
2136,self_attn,v_proj,,view,"[[B, T, d_model]]",,,"[[B*T, d_model]]",[2124],18,self_attn,v_proj,2,model.layers.18.self_attn.v_proj,aten.view.default,[],prefill,True,
2137,self_attn,v_proj,,matmul,"[[B*T, d_model], [d_model, n_kv*d_head]]","[n_kv*d_head, d_model]",1,"[[B*T, n_kv*d_head]]","[2135, 2136]",18,self_attn,v_proj,2,model.layers.18.self_attn.v_proj,aten.mm.default,[model.layers.18.self_attn.v_proj.weight],prefill,False,
2138,self_attn,v_proj,,_unsafe_view,"[[B*T, n_kv*d_head]]",,,"[[B, T, n_kv*d_head]]",[2137],18,self_attn,v_proj,2,model.layers.18.self_attn.v_proj,aten._unsafe_view.default,[],prefill,True,
2139,self_attn,,,view,"[[B, T, n_kv*d_head]]",,,"[[B, T, n_kv, d_head]]",[2138],18,self_attn,,1,model.layers.18.self_attn,aten.view.default,[],prefill,True,
2140,self_attn,,,transpose,"[[B, T, n_kv, d_head]]",,,"[[B, n_kv, T, d_head]]",[2139],18,self_attn,,1,model.layers.18.self_attn,aten.transpose.int,[],prefill,True,
2141,self_attn,,,_to_copy,"[[B, T, n_h, d_head]]",,,"[[B, T, n_h, d_head]]",[2129],18,self_attn,,1,model.layers.18.self_attn,aten._to_copy.default,[],prefill,True,
2142,self_attn,,,view,"[[B, T, n_h, d_head]]",,,"[[B, T, n_h, d_head/2, 2]]",[2141],18,self_attn,,1,model.layers.18.self_attn,aten.view.default,[],prefill,True,
2143,self_attn,,,view_as_complex,"[[B, T, n_h, d_head/2, 2]]",,,"[[B, T, n_h, d_head/2]]",[2142],18,self_attn,,1,model.layers.18.self_attn,aten.view_as_complex.default,[],prefill,True,
2144,self_attn,,,_to_copy,"[[B, T, n_kv, d_head]]",,,"[[B, T, n_kv, d_head]]",[2134],18,self_attn,,1,model.layers.18.self_attn,aten._to_copy.default,[],prefill,True,
2145,self_attn,,,view,"[[B, T, n_kv, d_head]]",,,"[[B, T, n_kv, d_head/2, 2]]",[2144],18,self_attn,,1,model.layers.18.self_attn,aten.view.default,[],prefill,True,
2146,self_attn,,,view_as_complex,"[[B, T, n_kv, d_head/2, 2]]",,,"[[B, T, n_kv, d_head/2]]",[2145],18,self_attn,,1,model.layers.18.self_attn,aten.view_as_complex.default,[],prefill,True,
2147,self_attn,,,unsqueeze,"[[B, T, d_head/2]]",,,"[[B, T, 1, d_head/2]]",[106],18,self_attn,,1,model.layers.18.self_attn,aten.unsqueeze.default,[],prefill,True,
2148,self_attn,,,elementwise_mul,"[[B, T, n_h, d_head/2], [B, T, 1, d_head/2]]",,,"[[B, T, n_h, d_head/2]]","[2143, 2147]",18,self_attn,,1,model.layers.18.self_attn,aten.mul.Tensor,[],prefill,False,
2149,self_attn,,,view_as_real,"[[B, T, n_h, d_head/2]]",,,"[[B, T, n_h, d_head/2, 2]]",[2148],18,self_attn,,1,model.layers.18.self_attn,aten.view_as_real.default,[],prefill,True,
2150,self_attn,,,view,"[[B, T, n_h, d_head/2, 2]]",,,"[[B, T, n_h, d_head]]",[2149],18,self_attn,,1,model.layers.18.self_attn,aten.view.default,[],prefill,True,
2151,self_attn,,,unsqueeze,"[[B, T, d_head/2]]",,,"[[B, T, 1, d_head/2]]",[106],18,self_attn,,1,model.layers.18.self_attn,aten.unsqueeze.default,[],prefill,True,
2152,self_attn,,,elementwise_mul,"[[B, T, n_kv, d_head/2], [B, T, 1, d_head/2]]",,,"[[B, T, n_kv, d_head/2]]","[2146, 2151]",18,self_attn,,1,model.layers.18.self_attn,aten.mul.Tensor,[],prefill,False,
2153,self_attn,,,view_as_real,"[[B, T, n_kv, d_head/2]]",,,"[[B, T, n_kv, d_head/2, 2]]",[2152],18,self_attn,,1,model.layers.18.self_attn,aten.view_as_real.default,[],prefill,True,
2154,self_attn,,,view,"[[B, T, n_kv, d_head/2, 2]]",,,"[[B, T, n_kv, d_head]]",[2153],18,self_attn,,1,model.layers.18.self_attn,aten.view.default,[],prefill,True,
2155,self_attn,,,_to_copy,"[[B, T, n_h, d_head]]",,,"[[B, T, n_h, d_head]]",[2150],18,self_attn,,1,model.layers.18.self_attn,aten._to_copy.default,[],prefill,True,
2156,self_attn,,,_to_copy,"[[B, T, n_kv, d_head]]",,,"[[B, T, n_kv, d_head]]",[2154],18,self_attn,,1,model.layers.18.self_attn,aten._to_copy.default,[],prefill,True,
2157,self_attn,,,transpose,"[[B, T, n_h, d_head]]",,,"[[B, n_h, T, d_head]]",[2155],18,self_attn,,1,model.layers.18.self_attn,aten.transpose.int,[],prefill,True,
2158,self_attn,,,transpose,"[[B, T, n_kv, d_head]]",,,"[[B, n_kv, T, d_head]]",[2156],18,self_attn,,1,model.layers.18.self_attn,aten.transpose.int,[],prefill,True,
2159,self_attn,,,_to_copy,[[]],,,[[]],[15],18,self_attn,,1,model.layers.18.self_attn,aten._to_copy.default,[],prefill,True,
2160,self_attn,,,concat,"[[0], [B, n_kv, T, d_head]]",,,"[[B, n_kv, T, d_head]]",[2158],18,self_attn,,1,model.layers.18.self_attn,aten.cat.default,[],prefill,False,
2161,self_attn,,,concat,"[[0], [B, n_kv, T, d_head]]",,,"[[B, n_kv, T, d_head]]",[2140],18,self_attn,,1,model.layers.18.self_attn,aten.cat.default,[],prefill,False,
2162,self_attn,,,slice,"[[B, n_kv, T, d_head]]",,,"[[B, n_kv, T, d_head]]",[2160],18,self_attn,,1,model.layers.18.self_attn,aten.slice.Tensor,[],prefill,True,
2163,self_attn,,,slice,"[[B, n_kv, T, d_head]]",,,"[[B, n_kv, T, d_head]]",[2161],18,self_attn,,1,model.layers.18.self_attn,aten.slice.Tensor,[],prefill,True,
2164,self_attn,,,unsqueeze,"[[B, n_kv, T, d_head]]",,,"[[B, n_kv, 1, T, d_head]]",[2160],18,self_attn,,1,model.layers.18.self_attn,aten.unsqueeze.default,[],prefill,True,
2165,self_attn,,,expand,"[[B, n_kv, 1, T, d_head]]",,,"[[B, n_kv, n_h/n_kv, T, d_head]]",[2164],18,self_attn,,1,model.layers.18.self_attn,aten.expand.default,[],prefill,True,
2166,self_attn,,,clone,"[[B, n_kv, n_h/n_kv, T, d_head]]",,,"[[B, n_kv, n_h/n_kv, T, d_head]]",[2165],18,self_attn,,1,model.layers.18.self_attn,aten.clone.default,[],prefill,True,
2167,self_attn,,,_unsafe_view,"[[B, n_kv, n_h/n_kv, T, d_head]]",,,"[[B, n_h, T, d_head]]",[2166],18,self_attn,,1,model.layers.18.self_attn,aten._unsafe_view.default,[],prefill,True,
2168,self_attn,,,unsqueeze,"[[B, n_kv, T, d_head]]",,,"[[B, n_kv, 1, T, d_head]]",[2161],18,self_attn,,1,model.layers.18.self_attn,aten.unsqueeze.default,[],prefill,True,
2169,self_attn,,,expand,"[[B, n_kv, 1, T, d_head]]",,,"[[B, n_kv, n_h/n_kv, T, d_head]]",[2168],18,self_attn,,1,model.layers.18.self_attn,aten.expand.default,[],prefill,True,
2170,self_attn,,,clone,"[[B, n_kv, n_h/n_kv, T, d_head]]",,,"[[B, n_kv, n_h/n_kv, T, d_head]]",[2169],18,self_attn,,1,model.layers.18.self_attn,aten.clone.default,[],prefill,True,
2171,self_attn,,,_unsafe_view,"[[B, n_kv, n_h/n_kv, T, d_head]]",,,"[[B, n_h, T, d_head]]",[2170],18,self_attn,,1,model.layers.18.self_attn,aten._unsafe_view.default,[],prefill,True,
2172,self_attn,,,transpose,"[[B, n_h, T, d_head]]",,,"[[B, n_h, d_head, T]]",[2167],18,self_attn,,1,model.layers.18.self_attn,aten.transpose.int,[],prefill,True,
2173,self_attn,,,expand,"[[B, n_h, T, d_head]]",,,"[[B, n_h, T, d_head]]",[2157],18,self_attn,,1,model.layers.18.self_attn,aten.expand.default,[],prefill,True,
2174,self_attn,,,clone,"[[B, n_h, T, d_head]]",,,"[[B, n_h, T, d_head]]",[2173],18,self_attn,,1,model.layers.18.self_attn,aten.clone.default,[],prefill,True,
2175,self_attn,,,_unsafe_view,"[[B, n_h, T, d_head]]",,,"[[B*n_h, T, d_head]]",[2174],18,self_attn,,1,model.layers.18.self_attn,aten._unsafe_view.default,[],prefill,True,
2176,self_attn,,,expand,"[[B, n_h, d_head, T]]",,,"[[B, n_h, d_head, T]]",[2172],18,self_attn,,1,model.layers.18.self_attn,aten.expand.default,[],prefill,True,
2177,self_attn,,,view,"[[B, n_h, d_head, T]]",,,"[[B*n_h, d_head, T]]",[2176],18,self_attn,,1,model.layers.18.self_attn,aten.view.default,[],prefill,True,
2178,self_attn,,,batched_matmul,"[[B*n_h, T, d_head], [B*n_h, d_head, T]]",,,"[[B*n_h, T, T]]","[2175, 2177]",18,self_attn,,1,model.layers.18.self_attn,aten.bmm.default,[],prefill,False,
2179,self_attn,,,_unsafe_view,"[[B*n_h, T, T]]",,,"[[B, n_h, T, T]]",[2178],18,self_attn,,1,model.layers.18.self_attn,aten._unsafe_view.default,[],prefill,True,
2180,self_attn,,,elementwise_mul,"[[B, n_h, T, T]]",,,"[[B, n_h, T, T]]",[2179],18,self_attn,,1,model.layers.18.self_attn,aten.mul.Tensor,[],prefill,False,
2181,self_attn,,,elementwise_add,"[[B, n_h, T, T], [B, 1, T, T]]",,,"[[B, n_h, T, T]]","[91, 2180]",18,self_attn,,1,model.layers.18.self_attn,aten.add.Tensor,[],prefill,False,
2182,self_attn,,,softmax,"[[B, n_h, T, T]]",,,"[[B, n_h, T, T]]",[2181],18,self_attn,,1,model.layers.18.self_attn,aten._softmax.default,[],prefill,False,
2183,self_attn,,,expand,"[[B, n_h, T, T]]",,,"[[B, n_h, T, T]]",[2182],18,self_attn,,1,model.layers.18.self_attn,aten.expand.default,[],prefill,True,
2184,self_attn,,,view,"[[B, n_h, T, T]]",,,"[[B*n_h, T, T]]",[2183],18,self_attn,,1,model.layers.18.self_attn,aten.view.default,[],prefill,True,
2185,self_attn,,,expand,"[[B, n_h, T, d_head]]",,,"[[B, n_h, T, d_head]]",[2171],18,self_attn,,1,model.layers.18.self_attn,aten.expand.default,[],prefill,True,
2186,self_attn,,,view,"[[B, n_h, T, d_head]]",,,"[[B*n_h, T, d_head]]",[2185],18,self_attn,,1,model.layers.18.self_attn,aten.view.default,[],prefill,True,
2187,self_attn,,,batched_matmul,"[[B*n_h, T, T], [B*n_h, T, d_head]]",,,"[[B*n_h, T, d_head]]","[2184, 2186]",18,self_attn,,1,model.layers.18.self_attn,aten.bmm.default,[],prefill,False,
2188,self_attn,,,_unsafe_view,"[[B*n_h, T, d_head]]",,,"[[B, n_h, T, d_head]]",[2187],18,self_attn,,1,model.layers.18.self_attn,aten._unsafe_view.default,[],prefill,True,
2189,self_attn,,,transpose,"[[B, n_h, T, d_head]]",,,"[[B, T, n_h, d_head]]",[2188],18,self_attn,,1,model.layers.18.self_attn,aten.transpose.int,[],prefill,True,
2190,self_attn,,,clone,"[[B, T, n_h, d_head]]",,,"[[B, T, n_h, d_head]]",[2189],18,self_attn,,1,model.layers.18.self_attn,aten.clone.default,[],prefill,True,
2191,self_attn,,,view,"[[B, T, n_h, d_head]]",,,"[[B, T, n_h*d_head]]",[2190],18,self_attn,,1,model.layers.18.self_attn,aten.view.default,[],prefill,True,
2192,self_attn,o_proj,,t,"[[d_model, n_h*d_head]]","[d_model, n_h*d_head]",0,"[[n_h*d_head, d_model]]",[],18,self_attn,o_proj,2,model.layers.18.self_attn.o_proj,aten.t.default,[model.layers.18.self_attn.o_proj.weight],prefill,True,
2193,self_attn,o_proj,,view,"[[B, T, n_h*d_head]]",,,"[[B*T, n_h*d_head]]",[2191],18,self_attn,o_proj,2,model.layers.18.self_attn.o_proj,aten.view.default,[],prefill,True,
2194,self_attn,o_proj,,matmul,"[[B*T, n_h*d_head], [n_h*d_head, d_model]]","[d_model, n_h*d_head]",1,"[[B*T, d_model]]","[2192, 2193]",18,self_attn,o_proj,2,model.layers.18.self_attn.o_proj,aten.mm.default,[model.layers.18.self_attn.o_proj.weight],prefill,False,
2195,self_attn,o_proj,,_unsafe_view,"[[B*T, d_model]]",,,"[[B, T, d_model]]",[2194],18,self_attn,o_proj,2,model.layers.18.self_attn.o_proj,aten._unsafe_view.default,[],prefill,True,
2196,,,,elementwise_add,"[[B, T, d_model], [B, T, d_model]]",,,"[[B, T, d_model]]","[2116, 2195]",18,,,0,model.layers.18,aten.add.Tensor,[],prefill,False,
2197,post_attention_layernorm,,,_to_copy,"[[B, T, d_model]]",,,"[[B, T, d_model]]",[2196],18,post_attention_layernorm,,1,model.layers.18.post_attention_layernorm,aten._to_copy.default,[],prefill,True,
2198,post_attention_layernorm,,,pow,"[[B, T, d_model]]",,,"[[B, T, d_model]]",[2197],18,post_attention_layernorm,,1,model.layers.18.post_attention_layernorm,aten.pow.Tensor_Scalar,[],prefill,False,
2199,post_attention_layernorm,,,mean,"[[B, T, d_model]]",,,"[[B, T, 1]]",[2198],18,post_attention_layernorm,,1,model.layers.18.post_attention_layernorm,aten.mean.dim,[],prefill,False,
2200,post_attention_layernorm,,,elementwise_add,"[[B, T, 1]]",,,"[[B, T, 1]]",[2199],18,post_attention_layernorm,,1,model.layers.18.post_attention_layernorm,aten.add.Tensor,[],prefill,False,
2201,post_attention_layernorm,,,rsqrt,"[[B, T, 1]]",,,"[[B, T, 1]]",[2200],18,post_attention_layernorm,,1,model.layers.18.post_attention_layernorm,aten.rsqrt.default,[],prefill,False,
2202,post_attention_layernorm,,,elementwise_mul,"[[B, T, d_model], [B, T, 1]]",,,"[[B, T, d_model]]","[2197, 2201]",18,post_attention_layernorm,,1,model.layers.18.post_attention_layernorm,aten.mul.Tensor,[],prefill,False,
2203,post_attention_layernorm,,,_to_copy,"[[B, T, d_model]]",,,"[[B, T, d_model]]",[2202],18,post_attention_layernorm,,1,model.layers.18.post_attention_layernorm,aten._to_copy.default,[],prefill,True,
2204,post_attention_layernorm,,,elementwise_mul,"[[B, T, d_model], [d_model]]",,,"[[B, T, d_model]]",[2203],18,post_attention_layernorm,,1,model.layers.18.post_attention_layernorm,aten.mul.Tensor,[model.layers.18.post_attention_layernorm.weight],prefill,False,
2205,feed_forward,gate_proj,,t,"[[d_ff, d_model]]","[d_ff, d_model]",0,"[[d_model, d_ff]]",[],18,feed_forward,gate_proj,2,model.layers.18.feed_forward.gate_proj,aten.t.default,[model.layers.18.feed_forward.gate_proj.weight],prefill,True,
2206,feed_forward,gate_proj,,view,"[[B, T, d_model]]",,,"[[B*T, d_model]]",[2204],18,feed_forward,gate_proj,2,model.layers.18.feed_forward.gate_proj,aten.view.default,[],prefill,True,
2207,feed_forward,gate_proj,,matmul,"[[B*T, d_model], [d_model, d_ff]]","[d_ff, d_model]",1,"[[B*T, d_ff]]","[2205, 2206]",18,feed_forward,gate_proj,2,model.layers.18.feed_forward.gate_proj,aten.mm.default,[model.layers.18.feed_forward.gate_proj.weight],prefill,False,
2208,feed_forward,gate_proj,,_unsafe_view,"[[B*T, d_ff]]",,,"[[B, T, d_ff]]",[2207],18,feed_forward,gate_proj,2,model.layers.18.feed_forward.gate_proj,aten._unsafe_view.default,[],prefill,True,
2209,feed_forward,activation_fn,,silu,"[[B, T, d_ff]]",,,"[[B, T, d_ff]]",[2208],18,feed_forward,activation_fn,2,model.layers.18.feed_forward.activation_fn,aten.silu.default,[],prefill,False,
2210,feed_forward,up_proj,,t,"[[d_ff, d_model]]","[d_ff, d_model]",0,"[[d_model, d_ff]]",[],18,feed_forward,up_proj,2,model.layers.18.feed_forward.up_proj,aten.t.default,[model.layers.18.feed_forward.up_proj.weight],prefill,True,
2211,feed_forward,up_proj,,view,"[[B, T, d_model]]",,,"[[B*T, d_model]]",[2204],18,feed_forward,up_proj,2,model.layers.18.feed_forward.up_proj,aten.view.default,[],prefill,True,
2212,feed_forward,up_proj,,matmul,"[[B*T, d_model], [d_model, d_ff]]","[d_ff, d_model]",1,"[[B*T, d_ff]]","[2210, 2211]",18,feed_forward,up_proj,2,model.layers.18.feed_forward.up_proj,aten.mm.default,[model.layers.18.feed_forward.up_proj.weight],prefill,False,
2213,feed_forward,up_proj,,_unsafe_view,"[[B*T, d_ff]]",,,"[[B, T, d_ff]]",[2212],18,feed_forward,up_proj,2,model.layers.18.feed_forward.up_proj,aten._unsafe_view.default,[],prefill,True,
2214,feed_forward,,,elementwise_mul,"[[B, T, d_ff], [B, T, d_ff]]",,,"[[B, T, d_ff]]","[2209, 2213]",18,feed_forward,,1,model.layers.18.feed_forward,aten.mul.Tensor,[],prefill,False,
2215,feed_forward,down_proj,,t,"[[d_model, d_ff]]","[d_model, d_ff]",0,"[[d_ff, d_model]]",[],18,feed_forward,down_proj,2,model.layers.18.feed_forward.down_proj,aten.t.default,[model.layers.18.feed_forward.down_proj.weight],prefill,True,
2216,feed_forward,down_proj,,view,"[[B, T, d_ff]]",,,"[[B*T, d_ff]]",[2214],18,feed_forward,down_proj,2,model.layers.18.feed_forward.down_proj,aten.view.default,[],prefill,True,
2217,feed_forward,down_proj,,matmul,"[[B*T, d_ff], [d_ff, d_model]]","[d_model, d_ff]",1,"[[B*T, d_model]]","[2215, 2216]",18,feed_forward,down_proj,2,model.layers.18.feed_forward.down_proj,aten.mm.default,[model.layers.18.feed_forward.down_proj.weight],prefill,False,
2218,feed_forward,down_proj,,_unsafe_view,"[[B*T, d_model]]",,,"[[B, T, d_model]]",[2217],18,feed_forward,down_proj,2,model.layers.18.feed_forward.down_proj,aten._unsafe_view.default,[],prefill,True,
2219,,,,view,"[[B, T, d_model]]",,,"[[B, T, d_model]]",[2218],18,,,0,model.layers.18,aten.view.default,[],prefill,True,
2220,,,,elementwise_add,"[[B, T, d_model], [B, T, d_model]]",,,"[[B, T, d_model]]","[2196, 2219]",18,,,0,model.layers.18,aten.add.Tensor,[],prefill,False,
2221,input_layernorm,,,_to_copy,"[[B, T, d_model]]",,,"[[B, T, d_model]]",[2220],19,input_layernorm,,1,model.layers.19.input_layernorm,aten._to_copy.default,[],prefill,True,
2222,input_layernorm,,,pow,"[[B, T, d_model]]",,,"[[B, T, d_model]]",[2221],19,input_layernorm,,1,model.layers.19.input_layernorm,aten.pow.Tensor_Scalar,[],prefill,False,
2223,input_layernorm,,,mean,"[[B, T, d_model]]",,,"[[B, T, 1]]",[2222],19,input_layernorm,,1,model.layers.19.input_layernorm,aten.mean.dim,[],prefill,False,
2224,input_layernorm,,,elementwise_add,"[[B, T, 1]]",,,"[[B, T, 1]]",[2223],19,input_layernorm,,1,model.layers.19.input_layernorm,aten.add.Tensor,[],prefill,False,
2225,input_layernorm,,,rsqrt,"[[B, T, 1]]",,,"[[B, T, 1]]",[2224],19,input_layernorm,,1,model.layers.19.input_layernorm,aten.rsqrt.default,[],prefill,False,
2226,input_layernorm,,,elementwise_mul,"[[B, T, d_model], [B, T, 1]]",,,"[[B, T, d_model]]","[2221, 2225]",19,input_layernorm,,1,model.layers.19.input_layernorm,aten.mul.Tensor,[],prefill,False,
2227,input_layernorm,,,_to_copy,"[[B, T, d_model]]",,,"[[B, T, d_model]]",[2226],19,input_layernorm,,1,model.layers.19.input_layernorm,aten._to_copy.default,[],prefill,True,
2228,input_layernorm,,,elementwise_mul,"[[B, T, d_model], [d_model]]",,,"[[B, T, d_model]]",[2227],19,input_layernorm,,1,model.layers.19.input_layernorm,aten.mul.Tensor,[model.layers.19.input_layernorm.weight],prefill,False,
2229,self_attn,q_proj,,t,"[[n_h*d_head, d_model]]","[n_h*d_head, d_model]",0,"[[d_model, n_h*d_head]]",[],19,self_attn,q_proj,2,model.layers.19.self_attn.q_proj,aten.t.default,[model.layers.19.self_attn.q_proj.weight],prefill,True,
2230,self_attn,q_proj,,view,"[[B, T, d_model]]",,,"[[B*T, d_model]]",[2228],19,self_attn,q_proj,2,model.layers.19.self_attn.q_proj,aten.view.default,[],prefill,True,
2231,self_attn,q_proj,,matmul,"[[B*T, d_model], [d_model, n_h*d_head]]","[n_h*d_head, d_model]",1,"[[B*T, n_h*d_head]]","[2229, 2230]",19,self_attn,q_proj,2,model.layers.19.self_attn.q_proj,aten.mm.default,[model.layers.19.self_attn.q_proj.weight],prefill,False,
2232,self_attn,q_proj,,_unsafe_view,"[[B*T, n_h*d_head]]",,,"[[B, T, n_h*d_head]]",[2231],19,self_attn,q_proj,2,model.layers.19.self_attn.q_proj,aten._unsafe_view.default,[],prefill,True,
2233,self_attn,,,view,"[[B, T, n_h*d_head]]",,,"[[B, T, n_h, d_head]]",[2232],19,self_attn,,1,model.layers.19.self_attn,aten.view.default,[],prefill,True,
2234,self_attn,k_proj,,t,"[[n_kv*d_head, d_model]]","[n_kv*d_head, d_model]",0,"[[d_model, n_kv*d_head]]",[],19,self_attn,k_proj,2,model.layers.19.self_attn.k_proj,aten.t.default,[model.layers.19.self_attn.k_proj.weight],prefill,True,
2235,self_attn,k_proj,,view,"[[B, T, d_model]]",,,"[[B*T, d_model]]",[2228],19,self_attn,k_proj,2,model.layers.19.self_attn.k_proj,aten.view.default,[],prefill,True,
2236,self_attn,k_proj,,matmul,"[[B*T, d_model], [d_model, n_kv*d_head]]","[n_kv*d_head, d_model]",1,"[[B*T, n_kv*d_head]]","[2234, 2235]",19,self_attn,k_proj,2,model.layers.19.self_attn.k_proj,aten.mm.default,[model.layers.19.self_attn.k_proj.weight],prefill,False,
2237,self_attn,k_proj,,_unsafe_view,"[[B*T, n_kv*d_head]]",,,"[[B, T, n_kv*d_head]]",[2236],19,self_attn,k_proj,2,model.layers.19.self_attn.k_proj,aten._unsafe_view.default,[],prefill,True,
2238,self_attn,,,view,"[[B, T, n_kv*d_head]]",,,"[[B, T, n_kv, d_head]]",[2237],19,self_attn,,1,model.layers.19.self_attn,aten.view.default,[],prefill,True,
2239,self_attn,v_proj,,t,"[[n_kv*d_head, d_model]]","[n_kv*d_head, d_model]",0,"[[d_model, n_kv*d_head]]",[],19,self_attn,v_proj,2,model.layers.19.self_attn.v_proj,aten.t.default,[model.layers.19.self_attn.v_proj.weight],prefill,True,
2240,self_attn,v_proj,,view,"[[B, T, d_model]]",,,"[[B*T, d_model]]",[2228],19,self_attn,v_proj,2,model.layers.19.self_attn.v_proj,aten.view.default,[],prefill,True,
2241,self_attn,v_proj,,matmul,"[[B*T, d_model], [d_model, n_kv*d_head]]","[n_kv*d_head, d_model]",1,"[[B*T, n_kv*d_head]]","[2239, 2240]",19,self_attn,v_proj,2,model.layers.19.self_attn.v_proj,aten.mm.default,[model.layers.19.self_attn.v_proj.weight],prefill,False,
2242,self_attn,v_proj,,_unsafe_view,"[[B*T, n_kv*d_head]]",,,"[[B, T, n_kv*d_head]]",[2241],19,self_attn,v_proj,2,model.layers.19.self_attn.v_proj,aten._unsafe_view.default,[],prefill,True,
2243,self_attn,,,view,"[[B, T, n_kv*d_head]]",,,"[[B, T, n_kv, d_head]]",[2242],19,self_attn,,1,model.layers.19.self_attn,aten.view.default,[],prefill,True,
2244,self_attn,,,transpose,"[[B, T, n_kv, d_head]]",,,"[[B, n_kv, T, d_head]]",[2243],19,self_attn,,1,model.layers.19.self_attn,aten.transpose.int,[],prefill,True,
2245,self_attn,,,arange,[],,,[[T]],[],19,self_attn,,1,model.layers.19.self_attn,aten.arange.default,[],prefill,True,
2246,self_attn,,,elementwise_add,[[T]],,,[[T]],[2245],19,self_attn,,1,model.layers.19.self_attn,aten.add.Tensor,[],prefill,False,
2247,self_attn,,,_to_copy,[[T]],,,[[T]],[2246],19,self_attn,,1,model.layers.19.self_attn,aten._to_copy.default,[],prefill,True,
2248,self_attn,,,elementwise_add,[[T]],,,[[T]],[2247],19,self_attn,,1,model.layers.19.self_attn,aten.add.Tensor,[],prefill,False,
2249,self_attn,,,div,[[T]],,,[[T]],[2248],19,self_attn,,1,model.layers.19.self_attn,aten.div.Tensor,[],prefill,True,
2250,self_attn,,,floor,[[T]],,,[[T]],[2249],19,self_attn,,1,model.layers.19.self_attn,aten.floor.default,[],prefill,True,
2251,self_attn,,,log1p,[[T]],,,[[T]],[2250],19,self_attn,,1,model.layers.19.self_attn,aten.log1p.default,[],prefill,True,
2252,self_attn,,,elementwise_mul,[[T]],,,[[T]],[2251],19,self_attn,,1,model.layers.19.self_attn,aten.mul.Tensor,[],prefill,False,
2253,self_attn,,,elementwise_add,[[T]],,,[[T]],[2252],19,self_attn,,1,model.layers.19.self_attn,aten.add.Tensor,[],prefill,False,
2254,self_attn,,,view,[[T]],,,"[[1, T, 1, 1]]",[2253],19,self_attn,,1,model.layers.19.self_attn,aten.view.default,[],prefill,True,
2255,self_attn,,,expand,"[[1, T, 1, 1]]",,,"[[B, T, 1, 1]]",[2254],19,self_attn,,1,model.layers.19.self_attn,aten.expand.default,[],prefill,True,
2256,self_attn,,,elementwise_mul,"[[B, T, n_h, d_head], [B, T, 1, 1]]",,,"[[B, T, n_h, d_head]]","[2233, 2255]",19,self_attn,,1,model.layers.19.self_attn,aten.mul.Tensor,[],prefill,False,
2257,self_attn,,,_to_copy,"[[B, T, n_h, d_head]]",,,"[[B, T, n_h, d_head]]",[2256],19,self_attn,,1,model.layers.19.self_attn,aten._to_copy.default,[],prefill,True,
2258,self_attn,,,transpose,"[[B, T, n_h, d_head]]",,,"[[B, n_h, T, d_head]]",[2257],19,self_attn,,1,model.layers.19.self_attn,aten.transpose.int,[],prefill,True,
2259,self_attn,,,transpose,"[[B, T, n_kv, d_head]]",,,"[[B, n_kv, T, d_head]]",[2238],19,self_attn,,1,model.layers.19.self_attn,aten.transpose.int,[],prefill,True,
2260,self_attn,,,concat,"[[0], [B, n_kv, T, d_head]]",,,"[[B, n_kv, T, d_head]]",[2259],19,self_attn,,1,model.layers.19.self_attn,aten.cat.default,[],prefill,False,
2261,self_attn,,,concat,"[[0], [B, n_kv, T, d_head]]",,,"[[B, n_kv, T, d_head]]",[2244],19,self_attn,,1,model.layers.19.self_attn,aten.cat.default,[],prefill,False,
2262,self_attn,,,unsqueeze,"[[B, n_kv, T, d_head]]",,,"[[B, n_kv, 1, T, d_head]]",[2260],19,self_attn,,1,model.layers.19.self_attn,aten.unsqueeze.default,[],prefill,True,
2263,self_attn,,,expand,"[[B, n_kv, 1, T, d_head]]",,,"[[B, n_kv, n_h/n_kv, T, d_head]]",[2262],19,self_attn,,1,model.layers.19.self_attn,aten.expand.default,[],prefill,True,
2264,self_attn,,,clone,"[[B, n_kv, n_h/n_kv, T, d_head]]",,,"[[B, n_kv, n_h/n_kv, T, d_head]]",[2263],19,self_attn,,1,model.layers.19.self_attn,aten.clone.default,[],prefill,True,
2265,self_attn,,,_unsafe_view,"[[B, n_kv, n_h/n_kv, T, d_head]]",,,"[[B, n_h, T, d_head]]",[2264],19,self_attn,,1,model.layers.19.self_attn,aten._unsafe_view.default,[],prefill,True,
2266,self_attn,,,unsqueeze,"[[B, n_kv, T, d_head]]",,,"[[B, n_kv, 1, T, d_head]]",[2261],19,self_attn,,1,model.layers.19.self_attn,aten.unsqueeze.default,[],prefill,True,
2267,self_attn,,,expand,"[[B, n_kv, 1, T, d_head]]",,,"[[B, n_kv, n_h/n_kv, T, d_head]]",[2266],19,self_attn,,1,model.layers.19.self_attn,aten.expand.default,[],prefill,True,
2268,self_attn,,,clone,"[[B, n_kv, n_h/n_kv, T, d_head]]",,,"[[B, n_kv, n_h/n_kv, T, d_head]]",[2267],19,self_attn,,1,model.layers.19.self_attn,aten.clone.default,[],prefill,True,
2269,self_attn,,,_unsafe_view,"[[B, n_kv, n_h/n_kv, T, d_head]]",,,"[[B, n_h, T, d_head]]",[2268],19,self_attn,,1,model.layers.19.self_attn,aten._unsafe_view.default,[],prefill,True,
2270,self_attn,,,transpose,"[[B, n_h, T, d_head]]",,,"[[B, n_h, d_head, T]]",[2265],19,self_attn,,1,model.layers.19.self_attn,aten.transpose.int,[],prefill,True,
2271,self_attn,,,expand,"[[B, n_h, T, d_head]]",,,"[[B, n_h, T, d_head]]",[2258],19,self_attn,,1,model.layers.19.self_attn,aten.expand.default,[],prefill,True,
2272,self_attn,,,clone,"[[B, n_h, T, d_head]]",,,"[[B, n_h, T, d_head]]",[2271],19,self_attn,,1,model.layers.19.self_attn,aten.clone.default,[],prefill,True,
2273,self_attn,,,_unsafe_view,"[[B, n_h, T, d_head]]",,,"[[B*n_h, T, d_head]]",[2272],19,self_attn,,1,model.layers.19.self_attn,aten._unsafe_view.default,[],prefill,True,
2274,self_attn,,,expand,"[[B, n_h, d_head, T]]",,,"[[B, n_h, d_head, T]]",[2270],19,self_attn,,1,model.layers.19.self_attn,aten.expand.default,[],prefill,True,
2275,self_attn,,,view,"[[B, n_h, d_head, T]]",,,"[[B*n_h, d_head, T]]",[2274],19,self_attn,,1,model.layers.19.self_attn,aten.view.default,[],prefill,True,
2276,self_attn,,,batched_matmul,"[[B*n_h, T, d_head], [B*n_h, d_head, T]]",,,"[[B*n_h, T, T]]","[2273, 2275]",19,self_attn,,1,model.layers.19.self_attn,aten.bmm.default,[],prefill,False,
2277,self_attn,,,_unsafe_view,"[[B*n_h, T, T]]",,,"[[B, n_h, T, T]]",[2276],19,self_attn,,1,model.layers.19.self_attn,aten._unsafe_view.default,[],prefill,True,
2278,self_attn,,,elementwise_mul,"[[B, n_h, T, T]]",,,"[[B, n_h, T, T]]",[2277],19,self_attn,,1,model.layers.19.self_attn,aten.mul.Tensor,[],prefill,False,
2279,self_attn,,,elementwise_add,"[[B, n_h, T, T], [B, 1, T, T]]",,,"[[B, n_h, T, T]]","[58, 2278]",19,self_attn,,1,model.layers.19.self_attn,aten.add.Tensor,[],prefill,False,
2280,self_attn,,,softmax,"[[B, n_h, T, T]]",,,"[[B, n_h, T, T]]",[2279],19,self_attn,,1,model.layers.19.self_attn,aten._softmax.default,[],prefill,False,
2281,self_attn,,,expand,"[[B, n_h, T, T]]",,,"[[B, n_h, T, T]]",[2280],19,self_attn,,1,model.layers.19.self_attn,aten.expand.default,[],prefill,True,
2282,self_attn,,,view,"[[B, n_h, T, T]]",,,"[[B*n_h, T, T]]",[2281],19,self_attn,,1,model.layers.19.self_attn,aten.view.default,[],prefill,True,
2283,self_attn,,,expand,"[[B, n_h, T, d_head]]",,,"[[B, n_h, T, d_head]]",[2269],19,self_attn,,1,model.layers.19.self_attn,aten.expand.default,[],prefill,True,
2284,self_attn,,,view,"[[B, n_h, T, d_head]]",,,"[[B*n_h, T, d_head]]",[2283],19,self_attn,,1,model.layers.19.self_attn,aten.view.default,[],prefill,True,
2285,self_attn,,,batched_matmul,"[[B*n_h, T, T], [B*n_h, T, d_head]]",,,"[[B*n_h, T, d_head]]","[2282, 2284]",19,self_attn,,1,model.layers.19.self_attn,aten.bmm.default,[],prefill,False,
2286,self_attn,,,_unsafe_view,"[[B*n_h, T, d_head]]",,,"[[B, n_h, T, d_head]]",[2285],19,self_attn,,1,model.layers.19.self_attn,aten._unsafe_view.default,[],prefill,True,
2287,self_attn,,,transpose,"[[B, n_h, T, d_head]]",,,"[[B, T, n_h, d_head]]",[2286],19,self_attn,,1,model.layers.19.self_attn,aten.transpose.int,[],prefill,True,
2288,self_attn,,,clone,"[[B, T, n_h, d_head]]",,,"[[B, T, n_h, d_head]]",[2287],19,self_attn,,1,model.layers.19.self_attn,aten.clone.default,[],prefill,True,
2289,self_attn,,,view,"[[B, T, n_h, d_head]]",,,"[[B, T, n_h*d_head]]",[2288],19,self_attn,,1,model.layers.19.self_attn,aten.view.default,[],prefill,True,
2290,self_attn,o_proj,,t,"[[d_model, n_h*d_head]]","[d_model, n_h*d_head]",0,"[[n_h*d_head, d_model]]",[],19,self_attn,o_proj,2,model.layers.19.self_attn.o_proj,aten.t.default,[model.layers.19.self_attn.o_proj.weight],prefill,True,
2291,self_attn,o_proj,,view,"[[B, T, n_h*d_head]]",,,"[[B*T, n_h*d_head]]",[2289],19,self_attn,o_proj,2,model.layers.19.self_attn.o_proj,aten.view.default,[],prefill,True,
2292,self_attn,o_proj,,matmul,"[[B*T, n_h*d_head], [n_h*d_head, d_model]]","[d_model, n_h*d_head]",1,"[[B*T, d_model]]","[2290, 2291]",19,self_attn,o_proj,2,model.layers.19.self_attn.o_proj,aten.mm.default,[model.layers.19.self_attn.o_proj.weight],prefill,False,
2293,self_attn,o_proj,,_unsafe_view,"[[B*T, d_model]]",,,"[[B, T, d_model]]",[2292],19,self_attn,o_proj,2,model.layers.19.self_attn.o_proj,aten._unsafe_view.default,[],prefill,True,
2294,,,,elementwise_add,"[[B, T, d_model], [B, T, d_model]]",,,"[[B, T, d_model]]","[2220, 2293]",19,,,0,model.layers.19,aten.add.Tensor,[],prefill,False,
2295,post_attention_layernorm,,,_to_copy,"[[B, T, d_model]]",,,"[[B, T, d_model]]",[2294],19,post_attention_layernorm,,1,model.layers.19.post_attention_layernorm,aten._to_copy.default,[],prefill,True,
2296,post_attention_layernorm,,,pow,"[[B, T, d_model]]",,,"[[B, T, d_model]]",[2295],19,post_attention_layernorm,,1,model.layers.19.post_attention_layernorm,aten.pow.Tensor_Scalar,[],prefill,False,
2297,post_attention_layernorm,,,mean,"[[B, T, d_model]]",,,"[[B, T, 1]]",[2296],19,post_attention_layernorm,,1,model.layers.19.post_attention_layernorm,aten.mean.dim,[],prefill,False,
2298,post_attention_layernorm,,,elementwise_add,"[[B, T, 1]]",,,"[[B, T, 1]]",[2297],19,post_attention_layernorm,,1,model.layers.19.post_attention_layernorm,aten.add.Tensor,[],prefill,False,
2299,post_attention_layernorm,,,rsqrt,"[[B, T, 1]]",,,"[[B, T, 1]]",[2298],19,post_attention_layernorm,,1,model.layers.19.post_attention_layernorm,aten.rsqrt.default,[],prefill,False,
2300,post_attention_layernorm,,,elementwise_mul,"[[B, T, d_model], [B, T, 1]]",,,"[[B, T, d_model]]","[2295, 2299]",19,post_attention_layernorm,,1,model.layers.19.post_attention_layernorm,aten.mul.Tensor,[],prefill,False,
2301,post_attention_layernorm,,,_to_copy,"[[B, T, d_model]]",,,"[[B, T, d_model]]",[2300],19,post_attention_layernorm,,1,model.layers.19.post_attention_layernorm,aten._to_copy.default,[],prefill,True,
2302,post_attention_layernorm,,,elementwise_mul,"[[B, T, d_model], [d_model]]",,,"[[B, T, d_model]]",[2301],19,post_attention_layernorm,,1,model.layers.19.post_attention_layernorm,aten.mul.Tensor,[model.layers.19.post_attention_layernorm.weight],prefill,False,
2303,feed_forward,,,view,"[[B, T, d_model]]",,,"[[B*T, d_model]]",[2302],19,feed_forward,,1,model.layers.19.feed_forward,aten.view.default,[],prefill,True,
2304,feed_forward,router,,t,"[[E, d_model]]","[E, d_model]",0,"[[d_model, E]]",[],19,feed_forward,router,2,model.layers.19.feed_forward.router,aten.t.default,[model.layers.19.feed_forward.router.weight],prefill,True,
2305,feed_forward,router,,matmul,"[[B*T, d_model], [d_model, E]]","[E, d_model]",1,"[[B*T, E]]","[2303, 2304]",19,feed_forward,router,2,model.layers.19.feed_forward.router,aten.mm.default,[model.layers.19.feed_forward.router.weight],prefill,False,
2306,feed_forward,router,,topk,"[[B*T, E]]",,,"[[B*T, 1], [B*T, 1]]",[2305],19,feed_forward,router,2,model.layers.19.feed_forward.router,aten.topk.default,[],prefill,False,
2307,feed_forward,router,,full_like,"[[B*T, E]]",,,"[[B*T, E]]",[2305],19,feed_forward,router,2,model.layers.19.feed_forward.router,aten.full_like.default,[],prefill,True,
2308,feed_forward,router,,scatter_,"[[B*T, E], [B*T, 1], [B*T, 1]]",,,"[[B*T, E]]","[2306, 2307]",19,feed_forward,router,2,model.layers.19.feed_forward.router,aten.scatter_.src,[],prefill,True,
2309,feed_forward,router,,_to_copy,"[[B*T, E]]",,,"[[B*T, E]]",[2308],19,feed_forward,router,2,model.layers.19.feed_forward.router,aten._to_copy.default,[],prefill,True,
2310,feed_forward,router,,sigmoid,"[[B*T, E]]",,,"[[B*T, E]]",[2309],19,feed_forward,router,2,model.layers.19.feed_forward.router,aten.sigmoid.default,[],prefill,False,
2311,feed_forward,router,,_to_copy,"[[B*T, E]]",,,"[[B*T, E]]",[2310],19,feed_forward,router,2,model.layers.19.feed_forward.router,aten._to_copy.default,[],prefill,True,
2312,feed_forward,,,repeat,"[[B*T, d_model]]",,,"[[B*E*T, d_model]]",[2303],19,feed_forward,,1,model.layers.19.feed_forward,aten.repeat.default,[],prefill,True,
2313,feed_forward,,,transpose,"[[B*T, E]]",,,"[[E, B*T]]",[2311],19,feed_forward,,1,model.layers.19.feed_forward,aten.transpose.int,[],prefill,True,
2314,feed_forward,,,clone,"[[E, B*T]]",,,"[[E, B*T]]",[2313],19,feed_forward,,1,model.layers.19.feed_forward,aten.clone.default,[],prefill,True,
2315,feed_forward,,,_unsafe_view,"[[E, B*T]]",,,"[[B*E*T, 1]]",[2314],19,feed_forward,,1,model.layers.19.feed_forward,aten._unsafe_view.default,[],prefill,True,
2316,feed_forward,,,elementwise_mul,"[[B*E*T, d_model], [B*E*T, 1]]",,,"[[B*E*T, d_model]]","[2312, 2315]",19,feed_forward,,1,model.layers.19.feed_forward,aten.mul.Tensor,[],prefill,False,
2317,feed_forward,experts,,view,"[[B*E*T, d_model]]",,,"[[E, B*T, d_model]]",[2316],19,feed_forward,experts,2,model.layers.19.feed_forward.experts,aten.view.default,[],prefill,True,
2318,feed_forward,experts,,batched_matmul,"[[E, B*T, d_model], [E, d_model, 2*d_moe]]","[E, d_model, 2*d_moe]",1,"[[E, B*T, 2*d_moe]]",[2317],19,feed_forward,experts,2,model.layers.19.feed_forward.experts,aten.bmm.default,[model.layers.19.feed_forward.experts.gate_up_proj],prefill,False,
2319,feed_forward,experts,,split,"[[E, B*T, 2*d_moe]]",,,"[[E, B*T, d_moe], [E, B*T, d_moe]]",[2318],19,feed_forward,experts,2,model.layers.19.feed_forward.experts,aten.split.Tensor,[],prefill,True,
2320,feed_forward,experts,act_fn,silu,"[[E, B*T, d_moe]]",,,"[[E, B*T, d_moe]]",[2319],19,feed_forward,experts,3,model.layers.19.feed_forward.experts.act_fn,aten.silu.default,[],prefill,False,
2321,feed_forward,experts,,elementwise_mul,"[[E, B*T, d_moe], [E, B*T, d_moe]]",,,"[[E, B*T, d_moe]]","[2319, 2320]",19,feed_forward,experts,2,model.layers.19.feed_forward.experts,aten.mul.Tensor,[],prefill,False,
2322,feed_forward,experts,,batched_matmul,"[[E, B*T, d_moe], [E, d_moe, d_model]]","[E, d_moe, d_model]",1,"[[E, B*T, d_model]]",[2321],19,feed_forward,experts,2,model.layers.19.feed_forward.experts,aten.bmm.default,[model.layers.19.feed_forward.experts.down_proj],prefill,False,
2323,feed_forward,experts,,view,"[[E, B*T, d_model]]",,,"[[B*E*T, d_model]]",[2322],19,feed_forward,experts,2,model.layers.19.feed_forward.experts,aten.view.default,[],prefill,True,
2324,feed_forward,shared_expert,gate_proj,t,"[[d_moe, d_model]]","[d_moe, d_model]",0,"[[d_model, d_moe]]",[],19,feed_forward,shared_expert,3,model.layers.19.feed_forward.shared_expert.gate_proj,aten.t.default,[model.layers.19.feed_forward.shared_expert.gate_proj.weight],prefill,True,
2325,feed_forward,shared_expert,gate_proj,matmul,"[[B*T, d_model], [d_model, d_moe]]","[d_moe, d_model]",1,"[[B*T, d_moe]]","[2303, 2324]",19,feed_forward,shared_expert,3,model.layers.19.feed_forward.shared_expert.gate_proj,aten.mm.default,[model.layers.19.feed_forward.shared_expert.gate_proj.weight],prefill,False,
2326,feed_forward,shared_expert,activation_fn,silu,"[[B*T, d_moe]]",,,"[[B*T, d_moe]]",[2325],19,feed_forward,shared_expert,3,model.layers.19.feed_forward.shared_expert.activation_fn,aten.silu.default,[],prefill,False,
2327,feed_forward,shared_expert,up_proj,t,"[[d_moe, d_model]]","[d_moe, d_model]",0,"[[d_model, d_moe]]",[],19,feed_forward,shared_expert,3,model.layers.19.feed_forward.shared_expert.up_proj,aten.t.default,[model.layers.19.feed_forward.shared_expert.up_proj.weight],prefill,True,
2328,feed_forward,shared_expert,up_proj,matmul,"[[B*T, d_model], [d_model, d_moe]]","[d_moe, d_model]",1,"[[B*T, d_moe]]","[2303, 2327]",19,feed_forward,shared_expert,3,model.layers.19.feed_forward.shared_expert.up_proj,aten.mm.default,[model.layers.19.feed_forward.shared_expert.up_proj.weight],prefill,False,
2329,feed_forward,shared_expert,,elementwise_mul,"[[B*T, d_moe], [B*T, d_moe]]",,,"[[B*T, d_moe]]","[2326, 2328]",19,feed_forward,shared_expert,2,model.layers.19.feed_forward.shared_expert,aten.mul.Tensor,[],prefill,False,
2330,feed_forward,shared_expert,down_proj,t,"[[d_model, d_moe]]","[d_model, d_moe]",0,"[[d_moe, d_model]]",[],19,feed_forward,shared_expert,3,model.layers.19.feed_forward.shared_expert.down_proj,aten.t.default,[model.layers.19.feed_forward.shared_expert.down_proj.weight],prefill,True,
2331,feed_forward,shared_expert,down_proj,matmul,"[[B*T, d_moe], [d_moe, d_model]]","[d_model, d_moe]",1,"[[B*T, d_model]]","[2329, 2330]",19,feed_forward,shared_expert,3,model.layers.19.feed_forward.shared_expert.down_proj,aten.mm.default,[model.layers.19.feed_forward.shared_expert.down_proj.weight],prefill,False,
2332,feed_forward,,,view,"[[B*E*T, d_model]]",,,"[[E, B*T, d_model]]",[2323],19,feed_forward,,1,model.layers.19.feed_forward,aten.view.default,[],prefill,True,
2333,feed_forward,,,sum,"[[E, B*T, d_model]]",,,"[[B*T, d_model]]",[2332],19,feed_forward,,1,model.layers.19.feed_forward,aten.sum.dim_IntList,[],prefill,True,
2334,feed_forward,,,add_,"[[B*T, d_model], [B*T, d_model]]",,,"[[B*T, d_model]]","[2331, 2333]",19,feed_forward,,1,model.layers.19.feed_forward,aten.add_.Tensor,[],prefill,True,
2335,,,,view,"[[B*T, d_model]]",,,"[[B, T, d_model]]",[2334],19,,,0,model.layers.19,aten.view.default,[],prefill,True,
2336,,,,elementwise_add,"[[B, T, d_model], [B, T, d_model]]",,,"[[B, T, d_model]]","[2294, 2335]",19,,,0,model.layers.19,aten.add.Tensor,[],prefill,False,
2337,input_layernorm,,,_to_copy,"[[B, T, d_model]]",,,"[[B, T, d_model]]",[2336],20,input_layernorm,,1,model.layers.20.input_layernorm,aten._to_copy.default,[],prefill,True,
2338,input_layernorm,,,pow,"[[B, T, d_model]]",,,"[[B, T, d_model]]",[2337],20,input_layernorm,,1,model.layers.20.input_layernorm,aten.pow.Tensor_Scalar,[],prefill,False,
2339,input_layernorm,,,mean,"[[B, T, d_model]]",,,"[[B, T, 1]]",[2338],20,input_layernorm,,1,model.layers.20.input_layernorm,aten.mean.dim,[],prefill,False,
2340,input_layernorm,,,elementwise_add,"[[B, T, 1]]",,,"[[B, T, 1]]",[2339],20,input_layernorm,,1,model.layers.20.input_layernorm,aten.add.Tensor,[],prefill,False,
2341,input_layernorm,,,rsqrt,"[[B, T, 1]]",,,"[[B, T, 1]]",[2340],20,input_layernorm,,1,model.layers.20.input_layernorm,aten.rsqrt.default,[],prefill,False,
2342,input_layernorm,,,elementwise_mul,"[[B, T, d_model], [B, T, 1]]",,,"[[B, T, d_model]]","[2337, 2341]",20,input_layernorm,,1,model.layers.20.input_layernorm,aten.mul.Tensor,[],prefill,False,
2343,input_layernorm,,,_to_copy,"[[B, T, d_model]]",,,"[[B, T, d_model]]",[2342],20,input_layernorm,,1,model.layers.20.input_layernorm,aten._to_copy.default,[],prefill,True,
2344,input_layernorm,,,elementwise_mul,"[[B, T, d_model], [d_model]]",,,"[[B, T, d_model]]",[2343],20,input_layernorm,,1,model.layers.20.input_layernorm,aten.mul.Tensor,[model.layers.20.input_layernorm.weight],prefill,False,
2345,self_attn,q_proj,,t,"[[n_h*d_head, d_model]]","[n_h*d_head, d_model]",0,"[[d_model, n_h*d_head]]",[],20,self_attn,q_proj,2,model.layers.20.self_attn.q_proj,aten.t.default,[model.layers.20.self_attn.q_proj.weight],prefill,True,
2346,self_attn,q_proj,,view,"[[B, T, d_model]]",,,"[[B*T, d_model]]",[2344],20,self_attn,q_proj,2,model.layers.20.self_attn.q_proj,aten.view.default,[],prefill,True,
2347,self_attn,q_proj,,matmul,"[[B*T, d_model], [d_model, n_h*d_head]]","[n_h*d_head, d_model]",1,"[[B*T, n_h*d_head]]","[2345, 2346]",20,self_attn,q_proj,2,model.layers.20.self_attn.q_proj,aten.mm.default,[model.layers.20.self_attn.q_proj.weight],prefill,False,
2348,self_attn,q_proj,,_unsafe_view,"[[B*T, n_h*d_head]]",,,"[[B, T, n_h*d_head]]",[2347],20,self_attn,q_proj,2,model.layers.20.self_attn.q_proj,aten._unsafe_view.default,[],prefill,True,
2349,self_attn,,,view,"[[B, T, n_h*d_head]]",,,"[[B, T, n_h, d_head]]",[2348],20,self_attn,,1,model.layers.20.self_attn,aten.view.default,[],prefill,True,
2350,self_attn,k_proj,,t,"[[n_kv*d_head, d_model]]","[n_kv*d_head, d_model]",0,"[[d_model, n_kv*d_head]]",[],20,self_attn,k_proj,2,model.layers.20.self_attn.k_proj,aten.t.default,[model.layers.20.self_attn.k_proj.weight],prefill,True,
2351,self_attn,k_proj,,view,"[[B, T, d_model]]",,,"[[B*T, d_model]]",[2344],20,self_attn,k_proj,2,model.layers.20.self_attn.k_proj,aten.view.default,[],prefill,True,
2352,self_attn,k_proj,,matmul,"[[B*T, d_model], [d_model, n_kv*d_head]]","[n_kv*d_head, d_model]",1,"[[B*T, n_kv*d_head]]","[2350, 2351]",20,self_attn,k_proj,2,model.layers.20.self_attn.k_proj,aten.mm.default,[model.layers.20.self_attn.k_proj.weight],prefill,False,
2353,self_attn,k_proj,,_unsafe_view,"[[B*T, n_kv*d_head]]",,,"[[B, T, n_kv*d_head]]",[2352],20,self_attn,k_proj,2,model.layers.20.self_attn.k_proj,aten._unsafe_view.default,[],prefill,True,
2354,self_attn,,,view,"[[B, T, n_kv*d_head]]",,,"[[B, T, n_kv, d_head]]",[2353],20,self_attn,,1,model.layers.20.self_attn,aten.view.default,[],prefill,True,
2355,self_attn,v_proj,,t,"[[n_kv*d_head, d_model]]","[n_kv*d_head, d_model]",0,"[[d_model, n_kv*d_head]]",[],20,self_attn,v_proj,2,model.layers.20.self_attn.v_proj,aten.t.default,[model.layers.20.self_attn.v_proj.weight],prefill,True,
2356,self_attn,v_proj,,view,"[[B, T, d_model]]",,,"[[B*T, d_model]]",[2344],20,self_attn,v_proj,2,model.layers.20.self_attn.v_proj,aten.view.default,[],prefill,True,
2357,self_attn,v_proj,,matmul,"[[B*T, d_model], [d_model, n_kv*d_head]]","[n_kv*d_head, d_model]",1,"[[B*T, n_kv*d_head]]","[2355, 2356]",20,self_attn,v_proj,2,model.layers.20.self_attn.v_proj,aten.mm.default,[model.layers.20.self_attn.v_proj.weight],prefill,False,
2358,self_attn,v_proj,,_unsafe_view,"[[B*T, n_kv*d_head]]",,,"[[B, T, n_kv*d_head]]",[2357],20,self_attn,v_proj,2,model.layers.20.self_attn.v_proj,aten._unsafe_view.default,[],prefill,True,
2359,self_attn,,,view,"[[B, T, n_kv*d_head]]",,,"[[B, T, n_kv, d_head]]",[2358],20,self_attn,,1,model.layers.20.self_attn,aten.view.default,[],prefill,True,
2360,self_attn,,,transpose,"[[B, T, n_kv, d_head]]",,,"[[B, n_kv, T, d_head]]",[2359],20,self_attn,,1,model.layers.20.self_attn,aten.transpose.int,[],prefill,True,
2361,self_attn,,,_to_copy,"[[B, T, n_h, d_head]]",,,"[[B, T, n_h, d_head]]",[2349],20,self_attn,,1,model.layers.20.self_attn,aten._to_copy.default,[],prefill,True,
2362,self_attn,,,view,"[[B, T, n_h, d_head]]",,,"[[B, T, n_h, d_head/2, 2]]",[2361],20,self_attn,,1,model.layers.20.self_attn,aten.view.default,[],prefill,True,
2363,self_attn,,,view_as_complex,"[[B, T, n_h, d_head/2, 2]]",,,"[[B, T, n_h, d_head/2]]",[2362],20,self_attn,,1,model.layers.20.self_attn,aten.view_as_complex.default,[],prefill,True,
2364,self_attn,,,_to_copy,"[[B, T, n_kv, d_head]]",,,"[[B, T, n_kv, d_head]]",[2354],20,self_attn,,1,model.layers.20.self_attn,aten._to_copy.default,[],prefill,True,
2365,self_attn,,,view,"[[B, T, n_kv, d_head]]",,,"[[B, T, n_kv, d_head/2, 2]]",[2364],20,self_attn,,1,model.layers.20.self_attn,aten.view.default,[],prefill,True,
2366,self_attn,,,view_as_complex,"[[B, T, n_kv, d_head/2, 2]]",,,"[[B, T, n_kv, d_head/2]]",[2365],20,self_attn,,1,model.layers.20.self_attn,aten.view_as_complex.default,[],prefill,True,
2367,self_attn,,,unsqueeze,"[[B, T, d_head/2]]",,,"[[B, T, 1, d_head/2]]",[106],20,self_attn,,1,model.layers.20.self_attn,aten.unsqueeze.default,[],prefill,True,
2368,self_attn,,,elementwise_mul,"[[B, T, n_h, d_head/2], [B, T, 1, d_head/2]]",,,"[[B, T, n_h, d_head/2]]","[2363, 2367]",20,self_attn,,1,model.layers.20.self_attn,aten.mul.Tensor,[],prefill,False,
2369,self_attn,,,view_as_real,"[[B, T, n_h, d_head/2]]",,,"[[B, T, n_h, d_head/2, 2]]",[2368],20,self_attn,,1,model.layers.20.self_attn,aten.view_as_real.default,[],prefill,True,
2370,self_attn,,,view,"[[B, T, n_h, d_head/2, 2]]",,,"[[B, T, n_h, d_head]]",[2369],20,self_attn,,1,model.layers.20.self_attn,aten.view.default,[],prefill,True,
2371,self_attn,,,unsqueeze,"[[B, T, d_head/2]]",,,"[[B, T, 1, d_head/2]]",[106],20,self_attn,,1,model.layers.20.self_attn,aten.unsqueeze.default,[],prefill,True,
2372,self_attn,,,elementwise_mul,"[[B, T, n_kv, d_head/2], [B, T, 1, d_head/2]]",,,"[[B, T, n_kv, d_head/2]]","[2366, 2371]",20,self_attn,,1,model.layers.20.self_attn,aten.mul.Tensor,[],prefill,False,
2373,self_attn,,,view_as_real,"[[B, T, n_kv, d_head/2]]",,,"[[B, T, n_kv, d_head/2, 2]]",[2372],20,self_attn,,1,model.layers.20.self_attn,aten.view_as_real.default,[],prefill,True,
2374,self_attn,,,view,"[[B, T, n_kv, d_head/2, 2]]",,,"[[B, T, n_kv, d_head]]",[2373],20,self_attn,,1,model.layers.20.self_attn,aten.view.default,[],prefill,True,
2375,self_attn,,,_to_copy,"[[B, T, n_h, d_head]]",,,"[[B, T, n_h, d_head]]",[2370],20,self_attn,,1,model.layers.20.self_attn,aten._to_copy.default,[],prefill,True,
2376,self_attn,,,_to_copy,"[[B, T, n_kv, d_head]]",,,"[[B, T, n_kv, d_head]]",[2374],20,self_attn,,1,model.layers.20.self_attn,aten._to_copy.default,[],prefill,True,
2377,self_attn,,,transpose,"[[B, T, n_h, d_head]]",,,"[[B, n_h, T, d_head]]",[2375],20,self_attn,,1,model.layers.20.self_attn,aten.transpose.int,[],prefill,True,
2378,self_attn,,,transpose,"[[B, T, n_kv, d_head]]",,,"[[B, n_kv, T, d_head]]",[2376],20,self_attn,,1,model.layers.20.self_attn,aten.transpose.int,[],prefill,True,
2379,self_attn,,,_to_copy,[[]],,,[[]],[16],20,self_attn,,1,model.layers.20.self_attn,aten._to_copy.default,[],prefill,True,
2380,self_attn,,,concat,"[[0], [B, n_kv, T, d_head]]",,,"[[B, n_kv, T, d_head]]",[2378],20,self_attn,,1,model.layers.20.self_attn,aten.cat.default,[],prefill,False,
2381,self_attn,,,concat,"[[0], [B, n_kv, T, d_head]]",,,"[[B, n_kv, T, d_head]]",[2360],20,self_attn,,1,model.layers.20.self_attn,aten.cat.default,[],prefill,False,
2382,self_attn,,,slice,"[[B, n_kv, T, d_head]]",,,"[[B, n_kv, T, d_head]]",[2380],20,self_attn,,1,model.layers.20.self_attn,aten.slice.Tensor,[],prefill,True,
2383,self_attn,,,slice,"[[B, n_kv, T, d_head]]",,,"[[B, n_kv, T, d_head]]",[2381],20,self_attn,,1,model.layers.20.self_attn,aten.slice.Tensor,[],prefill,True,
2384,self_attn,,,unsqueeze,"[[B, n_kv, T, d_head]]",,,"[[B, n_kv, 1, T, d_head]]",[2380],20,self_attn,,1,model.layers.20.self_attn,aten.unsqueeze.default,[],prefill,True,
2385,self_attn,,,expand,"[[B, n_kv, 1, T, d_head]]",,,"[[B, n_kv, n_h/n_kv, T, d_head]]",[2384],20,self_attn,,1,model.layers.20.self_attn,aten.expand.default,[],prefill,True,
2386,self_attn,,,clone,"[[B, n_kv, n_h/n_kv, T, d_head]]",,,"[[B, n_kv, n_h/n_kv, T, d_head]]",[2385],20,self_attn,,1,model.layers.20.self_attn,aten.clone.default,[],prefill,True,
2387,self_attn,,,_unsafe_view,"[[B, n_kv, n_h/n_kv, T, d_head]]",,,"[[B, n_h, T, d_head]]",[2386],20,self_attn,,1,model.layers.20.self_attn,aten._unsafe_view.default,[],prefill,True,
2388,self_attn,,,unsqueeze,"[[B, n_kv, T, d_head]]",,,"[[B, n_kv, 1, T, d_head]]",[2381],20,self_attn,,1,model.layers.20.self_attn,aten.unsqueeze.default,[],prefill,True,
2389,self_attn,,,expand,"[[B, n_kv, 1, T, d_head]]",,,"[[B, n_kv, n_h/n_kv, T, d_head]]",[2388],20,self_attn,,1,model.layers.20.self_attn,aten.expand.default,[],prefill,True,
2390,self_attn,,,clone,"[[B, n_kv, n_h/n_kv, T, d_head]]",,,"[[B, n_kv, n_h/n_kv, T, d_head]]",[2389],20,self_attn,,1,model.layers.20.self_attn,aten.clone.default,[],prefill,True,
2391,self_attn,,,_unsafe_view,"[[B, n_kv, n_h/n_kv, T, d_head]]",,,"[[B, n_h, T, d_head]]",[2390],20,self_attn,,1,model.layers.20.self_attn,aten._unsafe_view.default,[],prefill,True,
2392,self_attn,,,transpose,"[[B, n_h, T, d_head]]",,,"[[B, n_h, d_head, T]]",[2387],20,self_attn,,1,model.layers.20.self_attn,aten.transpose.int,[],prefill,True,
2393,self_attn,,,expand,"[[B, n_h, T, d_head]]",,,"[[B, n_h, T, d_head]]",[2377],20,self_attn,,1,model.layers.20.self_attn,aten.expand.default,[],prefill,True,
2394,self_attn,,,clone,"[[B, n_h, T, d_head]]",,,"[[B, n_h, T, d_head]]",[2393],20,self_attn,,1,model.layers.20.self_attn,aten.clone.default,[],prefill,True,
2395,self_attn,,,_unsafe_view,"[[B, n_h, T, d_head]]",,,"[[B*n_h, T, d_head]]",[2394],20,self_attn,,1,model.layers.20.self_attn,aten._unsafe_view.default,[],prefill,True,
2396,self_attn,,,expand,"[[B, n_h, d_head, T]]",,,"[[B, n_h, d_head, T]]",[2392],20,self_attn,,1,model.layers.20.self_attn,aten.expand.default,[],prefill,True,
2397,self_attn,,,view,"[[B, n_h, d_head, T]]",,,"[[B*n_h, d_head, T]]",[2396],20,self_attn,,1,model.layers.20.self_attn,aten.view.default,[],prefill,True,
2398,self_attn,,,batched_matmul,"[[B*n_h, T, d_head], [B*n_h, d_head, T]]",,,"[[B*n_h, T, T]]","[2395, 2397]",20,self_attn,,1,model.layers.20.self_attn,aten.bmm.default,[],prefill,False,
2399,self_attn,,,_unsafe_view,"[[B*n_h, T, T]]",,,"[[B, n_h, T, T]]",[2398],20,self_attn,,1,model.layers.20.self_attn,aten._unsafe_view.default,[],prefill,True,
2400,self_attn,,,elementwise_mul,"[[B, n_h, T, T]]",,,"[[B, n_h, T, T]]",[2399],20,self_attn,,1,model.layers.20.self_attn,aten.mul.Tensor,[],prefill,False,
2401,self_attn,,,elementwise_add,"[[B, n_h, T, T], [B, 1, T, T]]",,,"[[B, n_h, T, T]]","[91, 2400]",20,self_attn,,1,model.layers.20.self_attn,aten.add.Tensor,[],prefill,False,
2402,self_attn,,,softmax,"[[B, n_h, T, T]]",,,"[[B, n_h, T, T]]",[2401],20,self_attn,,1,model.layers.20.self_attn,aten._softmax.default,[],prefill,False,
2403,self_attn,,,expand,"[[B, n_h, T, T]]",,,"[[B, n_h, T, T]]",[2402],20,self_attn,,1,model.layers.20.self_attn,aten.expand.default,[],prefill,True,
2404,self_attn,,,view,"[[B, n_h, T, T]]",,,"[[B*n_h, T, T]]",[2403],20,self_attn,,1,model.layers.20.self_attn,aten.view.default,[],prefill,True,
2405,self_attn,,,expand,"[[B, n_h, T, d_head]]",,,"[[B, n_h, T, d_head]]",[2391],20,self_attn,,1,model.layers.20.self_attn,aten.expand.default,[],prefill,True,
2406,self_attn,,,view,"[[B, n_h, T, d_head]]",,,"[[B*n_h, T, d_head]]",[2405],20,self_attn,,1,model.layers.20.self_attn,aten.view.default,[],prefill,True,
2407,self_attn,,,batched_matmul,"[[B*n_h, T, T], [B*n_h, T, d_head]]",,,"[[B*n_h, T, d_head]]","[2404, 2406]",20,self_attn,,1,model.layers.20.self_attn,aten.bmm.default,[],prefill,False,
2408,self_attn,,,_unsafe_view,"[[B*n_h, T, d_head]]",,,"[[B, n_h, T, d_head]]",[2407],20,self_attn,,1,model.layers.20.self_attn,aten._unsafe_view.default,[],prefill,True,
2409,self_attn,,,transpose,"[[B, n_h, T, d_head]]",,,"[[B, T, n_h, d_head]]",[2408],20,self_attn,,1,model.layers.20.self_attn,aten.transpose.int,[],prefill,True,
2410,self_attn,,,clone,"[[B, T, n_h, d_head]]",,,"[[B, T, n_h, d_head]]",[2409],20,self_attn,,1,model.layers.20.self_attn,aten.clone.default,[],prefill,True,
2411,self_attn,,,view,"[[B, T, n_h, d_head]]",,,"[[B, T, n_h*d_head]]",[2410],20,self_attn,,1,model.layers.20.self_attn,aten.view.default,[],prefill,True,
2412,self_attn,o_proj,,t,"[[d_model, n_h*d_head]]","[d_model, n_h*d_head]",0,"[[n_h*d_head, d_model]]",[],20,self_attn,o_proj,2,model.layers.20.self_attn.o_proj,aten.t.default,[model.layers.20.self_attn.o_proj.weight],prefill,True,
2413,self_attn,o_proj,,view,"[[B, T, n_h*d_head]]",,,"[[B*T, n_h*d_head]]",[2411],20,self_attn,o_proj,2,model.layers.20.self_attn.o_proj,aten.view.default,[],prefill,True,
2414,self_attn,o_proj,,matmul,"[[B*T, n_h*d_head], [n_h*d_head, d_model]]","[d_model, n_h*d_head]",1,"[[B*T, d_model]]","[2412, 2413]",20,self_attn,o_proj,2,model.layers.20.self_attn.o_proj,aten.mm.default,[model.layers.20.self_attn.o_proj.weight],prefill,False,
2415,self_attn,o_proj,,_unsafe_view,"[[B*T, d_model]]",,,"[[B, T, d_model]]",[2414],20,self_attn,o_proj,2,model.layers.20.self_attn.o_proj,aten._unsafe_view.default,[],prefill,True,
2416,,,,elementwise_add,"[[B, T, d_model], [B, T, d_model]]",,,"[[B, T, d_model]]","[2336, 2415]",20,,,0,model.layers.20,aten.add.Tensor,[],prefill,False,
2417,post_attention_layernorm,,,_to_copy,"[[B, T, d_model]]",,,"[[B, T, d_model]]",[2416],20,post_attention_layernorm,,1,model.layers.20.post_attention_layernorm,aten._to_copy.default,[],prefill,True,
2418,post_attention_layernorm,,,pow,"[[B, T, d_model]]",,,"[[B, T, d_model]]",[2417],20,post_attention_layernorm,,1,model.layers.20.post_attention_layernorm,aten.pow.Tensor_Scalar,[],prefill,False,
2419,post_attention_layernorm,,,mean,"[[B, T, d_model]]",,,"[[B, T, 1]]",[2418],20,post_attention_layernorm,,1,model.layers.20.post_attention_layernorm,aten.mean.dim,[],prefill,False,
2420,post_attention_layernorm,,,elementwise_add,"[[B, T, 1]]",,,"[[B, T, 1]]",[2419],20,post_attention_layernorm,,1,model.layers.20.post_attention_layernorm,aten.add.Tensor,[],prefill,False,
2421,post_attention_layernorm,,,rsqrt,"[[B, T, 1]]",,,"[[B, T, 1]]",[2420],20,post_attention_layernorm,,1,model.layers.20.post_attention_layernorm,aten.rsqrt.default,[],prefill,False,
2422,post_attention_layernorm,,,elementwise_mul,"[[B, T, d_model], [B, T, 1]]",,,"[[B, T, d_model]]","[2417, 2421]",20,post_attention_layernorm,,1,model.layers.20.post_attention_layernorm,aten.mul.Tensor,[],prefill,False,
2423,post_attention_layernorm,,,_to_copy,"[[B, T, d_model]]",,,"[[B, T, d_model]]",[2422],20,post_attention_layernorm,,1,model.layers.20.post_attention_layernorm,aten._to_copy.default,[],prefill,True,
2424,post_attention_layernorm,,,elementwise_mul,"[[B, T, d_model], [d_model]]",,,"[[B, T, d_model]]",[2423],20,post_attention_layernorm,,1,model.layers.20.post_attention_layernorm,aten.mul.Tensor,[model.layers.20.post_attention_layernorm.weight],prefill,False,
2425,feed_forward,gate_proj,,t,"[[d_ff, d_model]]","[d_ff, d_model]",0,"[[d_model, d_ff]]",[],20,feed_forward,gate_proj,2,model.layers.20.feed_forward.gate_proj,aten.t.default,[model.layers.20.feed_forward.gate_proj.weight],prefill,True,
2426,feed_forward,gate_proj,,view,"[[B, T, d_model]]",,,"[[B*T, d_model]]",[2424],20,feed_forward,gate_proj,2,model.layers.20.feed_forward.gate_proj,aten.view.default,[],prefill,True,
2427,feed_forward,gate_proj,,matmul,"[[B*T, d_model], [d_model, d_ff]]","[d_ff, d_model]",1,"[[B*T, d_ff]]","[2425, 2426]",20,feed_forward,gate_proj,2,model.layers.20.feed_forward.gate_proj,aten.mm.default,[model.layers.20.feed_forward.gate_proj.weight],prefill,False,
2428,feed_forward,gate_proj,,_unsafe_view,"[[B*T, d_ff]]",,,"[[B, T, d_ff]]",[2427],20,feed_forward,gate_proj,2,model.layers.20.feed_forward.gate_proj,aten._unsafe_view.default,[],prefill,True,
2429,feed_forward,activation_fn,,silu,"[[B, T, d_ff]]",,,"[[B, T, d_ff]]",[2428],20,feed_forward,activation_fn,2,model.layers.20.feed_forward.activation_fn,aten.silu.default,[],prefill,False,
2430,feed_forward,up_proj,,t,"[[d_ff, d_model]]","[d_ff, d_model]",0,"[[d_model, d_ff]]",[],20,feed_forward,up_proj,2,model.layers.20.feed_forward.up_proj,aten.t.default,[model.layers.20.feed_forward.up_proj.weight],prefill,True,
2431,feed_forward,up_proj,,view,"[[B, T, d_model]]",,,"[[B*T, d_model]]",[2424],20,feed_forward,up_proj,2,model.layers.20.feed_forward.up_proj,aten.view.default,[],prefill,True,
2432,feed_forward,up_proj,,matmul,"[[B*T, d_model], [d_model, d_ff]]","[d_ff, d_model]",1,"[[B*T, d_ff]]","[2430, 2431]",20,feed_forward,up_proj,2,model.layers.20.feed_forward.up_proj,aten.mm.default,[model.layers.20.feed_forward.up_proj.weight],prefill,False,
2433,feed_forward,up_proj,,_unsafe_view,"[[B*T, d_ff]]",,,"[[B, T, d_ff]]",[2432],20,feed_forward,up_proj,2,model.layers.20.feed_forward.up_proj,aten._unsafe_view.default,[],prefill,True,
2434,feed_forward,,,elementwise_mul,"[[B, T, d_ff], [B, T, d_ff]]",,,"[[B, T, d_ff]]","[2429, 2433]",20,feed_forward,,1,model.layers.20.feed_forward,aten.mul.Tensor,[],prefill,False,
2435,feed_forward,down_proj,,t,"[[d_model, d_ff]]","[d_model, d_ff]",0,"[[d_ff, d_model]]",[],20,feed_forward,down_proj,2,model.layers.20.feed_forward.down_proj,aten.t.default,[model.layers.20.feed_forward.down_proj.weight],prefill,True,
2436,feed_forward,down_proj,,view,"[[B, T, d_ff]]",,,"[[B*T, d_ff]]",[2434],20,feed_forward,down_proj,2,model.layers.20.feed_forward.down_proj,aten.view.default,[],prefill,True,
2437,feed_forward,down_proj,,matmul,"[[B*T, d_ff], [d_ff, d_model]]","[d_model, d_ff]",1,"[[B*T, d_model]]","[2435, 2436]",20,feed_forward,down_proj,2,model.layers.20.feed_forward.down_proj,aten.mm.default,[model.layers.20.feed_forward.down_proj.weight],prefill,False,
2438,feed_forward,down_proj,,_unsafe_view,"[[B*T, d_model]]",,,"[[B, T, d_model]]",[2437],20,feed_forward,down_proj,2,model.layers.20.feed_forward.down_proj,aten._unsafe_view.default,[],prefill,True,
2439,,,,view,"[[B, T, d_model]]",,,"[[B, T, d_model]]",[2438],20,,,0,model.layers.20,aten.view.default,[],prefill,True,
2440,,,,elementwise_add,"[[B, T, d_model], [B, T, d_model]]",,,"[[B, T, d_model]]","[2416, 2439]",20,,,0,model.layers.20,aten.add.Tensor,[],prefill,False,
2441,input_layernorm,,,_to_copy,"[[B, T, d_model]]",,,"[[B, T, d_model]]",[2440],21,input_layernorm,,1,model.layers.21.input_layernorm,aten._to_copy.default,[],prefill,True,
2442,input_layernorm,,,pow,"[[B, T, d_model]]",,,"[[B, T, d_model]]",[2441],21,input_layernorm,,1,model.layers.21.input_layernorm,aten.pow.Tensor_Scalar,[],prefill,False,
2443,input_layernorm,,,mean,"[[B, T, d_model]]",,,"[[B, T, 1]]",[2442],21,input_layernorm,,1,model.layers.21.input_layernorm,aten.mean.dim,[],prefill,False,
2444,input_layernorm,,,elementwise_add,"[[B, T, 1]]",,,"[[B, T, 1]]",[2443],21,input_layernorm,,1,model.layers.21.input_layernorm,aten.add.Tensor,[],prefill,False,
2445,input_layernorm,,,rsqrt,"[[B, T, 1]]",,,"[[B, T, 1]]",[2444],21,input_layernorm,,1,model.layers.21.input_layernorm,aten.rsqrt.default,[],prefill,False,
2446,input_layernorm,,,elementwise_mul,"[[B, T, d_model], [B, T, 1]]",,,"[[B, T, d_model]]","[2441, 2445]",21,input_layernorm,,1,model.layers.21.input_layernorm,aten.mul.Tensor,[],prefill,False,
2447,input_layernorm,,,_to_copy,"[[B, T, d_model]]",,,"[[B, T, d_model]]",[2446],21,input_layernorm,,1,model.layers.21.input_layernorm,aten._to_copy.default,[],prefill,True,
2448,input_layernorm,,,elementwise_mul,"[[B, T, d_model], [d_model]]",,,"[[B, T, d_model]]",[2447],21,input_layernorm,,1,model.layers.21.input_layernorm,aten.mul.Tensor,[model.layers.21.input_layernorm.weight],prefill,False,
2449,self_attn,q_proj,,t,"[[n_h*d_head, d_model]]","[n_h*d_head, d_model]",0,"[[d_model, n_h*d_head]]",[],21,self_attn,q_proj,2,model.layers.21.self_attn.q_proj,aten.t.default,[model.layers.21.self_attn.q_proj.weight],prefill,True,
2450,self_attn,q_proj,,view,"[[B, T, d_model]]",,,"[[B*T, d_model]]",[2448],21,self_attn,q_proj,2,model.layers.21.self_attn.q_proj,aten.view.default,[],prefill,True,
2451,self_attn,q_proj,,matmul,"[[B*T, d_model], [d_model, n_h*d_head]]","[n_h*d_head, d_model]",1,"[[B*T, n_h*d_head]]","[2449, 2450]",21,self_attn,q_proj,2,model.layers.21.self_attn.q_proj,aten.mm.default,[model.layers.21.self_attn.q_proj.weight],prefill,False,
2452,self_attn,q_proj,,_unsafe_view,"[[B*T, n_h*d_head]]",,,"[[B, T, n_h*d_head]]",[2451],21,self_attn,q_proj,2,model.layers.21.self_attn.q_proj,aten._unsafe_view.default,[],prefill,True,
2453,self_attn,,,view,"[[B, T, n_h*d_head]]",,,"[[B, T, n_h, d_head]]",[2452],21,self_attn,,1,model.layers.21.self_attn,aten.view.default,[],prefill,True,
2454,self_attn,k_proj,,t,"[[n_kv*d_head, d_model]]","[n_kv*d_head, d_model]",0,"[[d_model, n_kv*d_head]]",[],21,self_attn,k_proj,2,model.layers.21.self_attn.k_proj,aten.t.default,[model.layers.21.self_attn.k_proj.weight],prefill,True,
2455,self_attn,k_proj,,view,"[[B, T, d_model]]",,,"[[B*T, d_model]]",[2448],21,self_attn,k_proj,2,model.layers.21.self_attn.k_proj,aten.view.default,[],prefill,True,
2456,self_attn,k_proj,,matmul,"[[B*T, d_model], [d_model, n_kv*d_head]]","[n_kv*d_head, d_model]",1,"[[B*T, n_kv*d_head]]","[2454, 2455]",21,self_attn,k_proj,2,model.layers.21.self_attn.k_proj,aten.mm.default,[model.layers.21.self_attn.k_proj.weight],prefill,False,
2457,self_attn,k_proj,,_unsafe_view,"[[B*T, n_kv*d_head]]",,,"[[B, T, n_kv*d_head]]",[2456],21,self_attn,k_proj,2,model.layers.21.self_attn.k_proj,aten._unsafe_view.default,[],prefill,True,
2458,self_attn,,,view,"[[B, T, n_kv*d_head]]",,,"[[B, T, n_kv, d_head]]",[2457],21,self_attn,,1,model.layers.21.self_attn,aten.view.default,[],prefill,True,
2459,self_attn,v_proj,,t,"[[n_kv*d_head, d_model]]","[n_kv*d_head, d_model]",0,"[[d_model, n_kv*d_head]]",[],21,self_attn,v_proj,2,model.layers.21.self_attn.v_proj,aten.t.default,[model.layers.21.self_attn.v_proj.weight],prefill,True,
2460,self_attn,v_proj,,view,"[[B, T, d_model]]",,,"[[B*T, d_model]]",[2448],21,self_attn,v_proj,2,model.layers.21.self_attn.v_proj,aten.view.default,[],prefill,True,
2461,self_attn,v_proj,,matmul,"[[B*T, d_model], [d_model, n_kv*d_head]]","[n_kv*d_head, d_model]",1,"[[B*T, n_kv*d_head]]","[2459, 2460]",21,self_attn,v_proj,2,model.layers.21.self_attn.v_proj,aten.mm.default,[model.layers.21.self_attn.v_proj.weight],prefill,False,
2462,self_attn,v_proj,,_unsafe_view,"[[B*T, n_kv*d_head]]",,,"[[B, T, n_kv*d_head]]",[2461],21,self_attn,v_proj,2,model.layers.21.self_attn.v_proj,aten._unsafe_view.default,[],prefill,True,
2463,self_attn,,,view,"[[B, T, n_kv*d_head]]",,,"[[B, T, n_kv, d_head]]",[2462],21,self_attn,,1,model.layers.21.self_attn,aten.view.default,[],prefill,True,
2464,self_attn,,,transpose,"[[B, T, n_kv, d_head]]",,,"[[B, n_kv, T, d_head]]",[2463],21,self_attn,,1,model.layers.21.self_attn,aten.transpose.int,[],prefill,True,
2465,self_attn,,,_to_copy,"[[B, T, n_h, d_head]]",,,"[[B, T, n_h, d_head]]",[2453],21,self_attn,,1,model.layers.21.self_attn,aten._to_copy.default,[],prefill,True,
2466,self_attn,,,view,"[[B, T, n_h, d_head]]",,,"[[B, T, n_h, d_head/2, 2]]",[2465],21,self_attn,,1,model.layers.21.self_attn,aten.view.default,[],prefill,True,
2467,self_attn,,,view_as_complex,"[[B, T, n_h, d_head/2, 2]]",,,"[[B, T, n_h, d_head/2]]",[2466],21,self_attn,,1,model.layers.21.self_attn,aten.view_as_complex.default,[],prefill,True,
2468,self_attn,,,_to_copy,"[[B, T, n_kv, d_head]]",,,"[[B, T, n_kv, d_head]]",[2458],21,self_attn,,1,model.layers.21.self_attn,aten._to_copy.default,[],prefill,True,
2469,self_attn,,,view,"[[B, T, n_kv, d_head]]",,,"[[B, T, n_kv, d_head/2, 2]]",[2468],21,self_attn,,1,model.layers.21.self_attn,aten.view.default,[],prefill,True,
2470,self_attn,,,view_as_complex,"[[B, T, n_kv, d_head/2, 2]]",,,"[[B, T, n_kv, d_head/2]]",[2469],21,self_attn,,1,model.layers.21.self_attn,aten.view_as_complex.default,[],prefill,True,
2471,self_attn,,,unsqueeze,"[[B, T, d_head/2]]",,,"[[B, T, 1, d_head/2]]",[106],21,self_attn,,1,model.layers.21.self_attn,aten.unsqueeze.default,[],prefill,True,
2472,self_attn,,,elementwise_mul,"[[B, T, n_h, d_head/2], [B, T, 1, d_head/2]]",,,"[[B, T, n_h, d_head/2]]","[2467, 2471]",21,self_attn,,1,model.layers.21.self_attn,aten.mul.Tensor,[],prefill,False,
2473,self_attn,,,view_as_real,"[[B, T, n_h, d_head/2]]",,,"[[B, T, n_h, d_head/2, 2]]",[2472],21,self_attn,,1,model.layers.21.self_attn,aten.view_as_real.default,[],prefill,True,
2474,self_attn,,,view,"[[B, T, n_h, d_head/2, 2]]",,,"[[B, T, n_h, d_head]]",[2473],21,self_attn,,1,model.layers.21.self_attn,aten.view.default,[],prefill,True,
2475,self_attn,,,unsqueeze,"[[B, T, d_head/2]]",,,"[[B, T, 1, d_head/2]]",[106],21,self_attn,,1,model.layers.21.self_attn,aten.unsqueeze.default,[],prefill,True,
2476,self_attn,,,elementwise_mul,"[[B, T, n_kv, d_head/2], [B, T, 1, d_head/2]]",,,"[[B, T, n_kv, d_head/2]]","[2470, 2475]",21,self_attn,,1,model.layers.21.self_attn,aten.mul.Tensor,[],prefill,False,
2477,self_attn,,,view_as_real,"[[B, T, n_kv, d_head/2]]",,,"[[B, T, n_kv, d_head/2, 2]]",[2476],21,self_attn,,1,model.layers.21.self_attn,aten.view_as_real.default,[],prefill,True,
2478,self_attn,,,view,"[[B, T, n_kv, d_head/2, 2]]",,,"[[B, T, n_kv, d_head]]",[2477],21,self_attn,,1,model.layers.21.self_attn,aten.view.default,[],prefill,True,
2479,self_attn,,,_to_copy,"[[B, T, n_h, d_head]]",,,"[[B, T, n_h, d_head]]",[2474],21,self_attn,,1,model.layers.21.self_attn,aten._to_copy.default,[],prefill,True,
2480,self_attn,,,_to_copy,"[[B, T, n_kv, d_head]]",,,"[[B, T, n_kv, d_head]]",[2478],21,self_attn,,1,model.layers.21.self_attn,aten._to_copy.default,[],prefill,True,
2481,self_attn,,,transpose,"[[B, T, n_h, d_head]]",,,"[[B, n_h, T, d_head]]",[2479],21,self_attn,,1,model.layers.21.self_attn,aten.transpose.int,[],prefill,True,
2482,self_attn,,,transpose,"[[B, T, n_kv, d_head]]",,,"[[B, n_kv, T, d_head]]",[2480],21,self_attn,,1,model.layers.21.self_attn,aten.transpose.int,[],prefill,True,
2483,self_attn,,,_to_copy,[[]],,,[[]],[17],21,self_attn,,1,model.layers.21.self_attn,aten._to_copy.default,[],prefill,True,
2484,self_attn,,,concat,"[[0], [B, n_kv, T, d_head]]",,,"[[B, n_kv, T, d_head]]",[2482],21,self_attn,,1,model.layers.21.self_attn,aten.cat.default,[],prefill,False,
2485,self_attn,,,concat,"[[0], [B, n_kv, T, d_head]]",,,"[[B, n_kv, T, d_head]]",[2464],21,self_attn,,1,model.layers.21.self_attn,aten.cat.default,[],prefill,False,
2486,self_attn,,,slice,"[[B, n_kv, T, d_head]]",,,"[[B, n_kv, T, d_head]]",[2484],21,self_attn,,1,model.layers.21.self_attn,aten.slice.Tensor,[],prefill,True,
2487,self_attn,,,slice,"[[B, n_kv, T, d_head]]",,,"[[B, n_kv, T, d_head]]",[2485],21,self_attn,,1,model.layers.21.self_attn,aten.slice.Tensor,[],prefill,True,
2488,self_attn,,,unsqueeze,"[[B, n_kv, T, d_head]]",,,"[[B, n_kv, 1, T, d_head]]",[2484],21,self_attn,,1,model.layers.21.self_attn,aten.unsqueeze.default,[],prefill,True,
2489,self_attn,,,expand,"[[B, n_kv, 1, T, d_head]]",,,"[[B, n_kv, n_h/n_kv, T, d_head]]",[2488],21,self_attn,,1,model.layers.21.self_attn,aten.expand.default,[],prefill,True,
2490,self_attn,,,clone,"[[B, n_kv, n_h/n_kv, T, d_head]]",,,"[[B, n_kv, n_h/n_kv, T, d_head]]",[2489],21,self_attn,,1,model.layers.21.self_attn,aten.clone.default,[],prefill,True,
2491,self_attn,,,_unsafe_view,"[[B, n_kv, n_h/n_kv, T, d_head]]",,,"[[B, n_h, T, d_head]]",[2490],21,self_attn,,1,model.layers.21.self_attn,aten._unsafe_view.default,[],prefill,True,
2492,self_attn,,,unsqueeze,"[[B, n_kv, T, d_head]]",,,"[[B, n_kv, 1, T, d_head]]",[2485],21,self_attn,,1,model.layers.21.self_attn,aten.unsqueeze.default,[],prefill,True,
2493,self_attn,,,expand,"[[B, n_kv, 1, T, d_head]]",,,"[[B, n_kv, n_h/n_kv, T, d_head]]",[2492],21,self_attn,,1,model.layers.21.self_attn,aten.expand.default,[],prefill,True,
2494,self_attn,,,clone,"[[B, n_kv, n_h/n_kv, T, d_head]]",,,"[[B, n_kv, n_h/n_kv, T, d_head]]",[2493],21,self_attn,,1,model.layers.21.self_attn,aten.clone.default,[],prefill,True,
2495,self_attn,,,_unsafe_view,"[[B, n_kv, n_h/n_kv, T, d_head]]",,,"[[B, n_h, T, d_head]]",[2494],21,self_attn,,1,model.layers.21.self_attn,aten._unsafe_view.default,[],prefill,True,
2496,self_attn,,,transpose,"[[B, n_h, T, d_head]]",,,"[[B, n_h, d_head, T]]",[2491],21,self_attn,,1,model.layers.21.self_attn,aten.transpose.int,[],prefill,True,
2497,self_attn,,,expand,"[[B, n_h, T, d_head]]",,,"[[B, n_h, T, d_head]]",[2481],21,self_attn,,1,model.layers.21.self_attn,aten.expand.default,[],prefill,True,
2498,self_attn,,,clone,"[[B, n_h, T, d_head]]",,,"[[B, n_h, T, d_head]]",[2497],21,self_attn,,1,model.layers.21.self_attn,aten.clone.default,[],prefill,True,
2499,self_attn,,,_unsafe_view,"[[B, n_h, T, d_head]]",,,"[[B*n_h, T, d_head]]",[2498],21,self_attn,,1,model.layers.21.self_attn,aten._unsafe_view.default,[],prefill,True,
2500,self_attn,,,expand,"[[B, n_h, d_head, T]]",,,"[[B, n_h, d_head, T]]",[2496],21,self_attn,,1,model.layers.21.self_attn,aten.expand.default,[],prefill,True,
2501,self_attn,,,view,"[[B, n_h, d_head, T]]",,,"[[B*n_h, d_head, T]]",[2500],21,self_attn,,1,model.layers.21.self_attn,aten.view.default,[],prefill,True,
2502,self_attn,,,batched_matmul,"[[B*n_h, T, d_head], [B*n_h, d_head, T]]",,,"[[B*n_h, T, T]]","[2499, 2501]",21,self_attn,,1,model.layers.21.self_attn,aten.bmm.default,[],prefill,False,
2503,self_attn,,,_unsafe_view,"[[B*n_h, T, T]]",,,"[[B, n_h, T, T]]",[2502],21,self_attn,,1,model.layers.21.self_attn,aten._unsafe_view.default,[],prefill,True,
2504,self_attn,,,elementwise_mul,"[[B, n_h, T, T]]",,,"[[B, n_h, T, T]]",[2503],21,self_attn,,1,model.layers.21.self_attn,aten.mul.Tensor,[],prefill,False,
2505,self_attn,,,elementwise_add,"[[B, n_h, T, T], [B, 1, T, T]]",,,"[[B, n_h, T, T]]","[91, 2504]",21,self_attn,,1,model.layers.21.self_attn,aten.add.Tensor,[],prefill,False,
2506,self_attn,,,softmax,"[[B, n_h, T, T]]",,,"[[B, n_h, T, T]]",[2505],21,self_attn,,1,model.layers.21.self_attn,aten._softmax.default,[],prefill,False,
2507,self_attn,,,expand,"[[B, n_h, T, T]]",,,"[[B, n_h, T, T]]",[2506],21,self_attn,,1,model.layers.21.self_attn,aten.expand.default,[],prefill,True,
2508,self_attn,,,view,"[[B, n_h, T, T]]",,,"[[B*n_h, T, T]]",[2507],21,self_attn,,1,model.layers.21.self_attn,aten.view.default,[],prefill,True,
2509,self_attn,,,expand,"[[B, n_h, T, d_head]]",,,"[[B, n_h, T, d_head]]",[2495],21,self_attn,,1,model.layers.21.self_attn,aten.expand.default,[],prefill,True,
2510,self_attn,,,view,"[[B, n_h, T, d_head]]",,,"[[B*n_h, T, d_head]]",[2509],21,self_attn,,1,model.layers.21.self_attn,aten.view.default,[],prefill,True,
2511,self_attn,,,batched_matmul,"[[B*n_h, T, T], [B*n_h, T, d_head]]",,,"[[B*n_h, T, d_head]]","[2508, 2510]",21,self_attn,,1,model.layers.21.self_attn,aten.bmm.default,[],prefill,False,
2512,self_attn,,,_unsafe_view,"[[B*n_h, T, d_head]]",,,"[[B, n_h, T, d_head]]",[2511],21,self_attn,,1,model.layers.21.self_attn,aten._unsafe_view.default,[],prefill,True,
2513,self_attn,,,transpose,"[[B, n_h, T, d_head]]",,,"[[B, T, n_h, d_head]]",[2512],21,self_attn,,1,model.layers.21.self_attn,aten.transpose.int,[],prefill,True,
2514,self_attn,,,clone,"[[B, T, n_h, d_head]]",,,"[[B, T, n_h, d_head]]",[2513],21,self_attn,,1,model.layers.21.self_attn,aten.clone.default,[],prefill,True,
2515,self_attn,,,view,"[[B, T, n_h, d_head]]",,,"[[B, T, n_h*d_head]]",[2514],21,self_attn,,1,model.layers.21.self_attn,aten.view.default,[],prefill,True,
2516,self_attn,o_proj,,t,"[[d_model, n_h*d_head]]","[d_model, n_h*d_head]",0,"[[n_h*d_head, d_model]]",[],21,self_attn,o_proj,2,model.layers.21.self_attn.o_proj,aten.t.default,[model.layers.21.self_attn.o_proj.weight],prefill,True,
2517,self_attn,o_proj,,view,"[[B, T, n_h*d_head]]",,,"[[B*T, n_h*d_head]]",[2515],21,self_attn,o_proj,2,model.layers.21.self_attn.o_proj,aten.view.default,[],prefill,True,
2518,self_attn,o_proj,,matmul,"[[B*T, n_h*d_head], [n_h*d_head, d_model]]","[d_model, n_h*d_head]",1,"[[B*T, d_model]]","[2516, 2517]",21,self_attn,o_proj,2,model.layers.21.self_attn.o_proj,aten.mm.default,[model.layers.21.self_attn.o_proj.weight],prefill,False,
2519,self_attn,o_proj,,_unsafe_view,"[[B*T, d_model]]",,,"[[B, T, d_model]]",[2518],21,self_attn,o_proj,2,model.layers.21.self_attn.o_proj,aten._unsafe_view.default,[],prefill,True,
2520,,,,elementwise_add,"[[B, T, d_model], [B, T, d_model]]",,,"[[B, T, d_model]]","[2440, 2519]",21,,,0,model.layers.21,aten.add.Tensor,[],prefill,False,
2521,post_attention_layernorm,,,_to_copy,"[[B, T, d_model]]",,,"[[B, T, d_model]]",[2520],21,post_attention_layernorm,,1,model.layers.21.post_attention_layernorm,aten._to_copy.default,[],prefill,True,
2522,post_attention_layernorm,,,pow,"[[B, T, d_model]]",,,"[[B, T, d_model]]",[2521],21,post_attention_layernorm,,1,model.layers.21.post_attention_layernorm,aten.pow.Tensor_Scalar,[],prefill,False,
2523,post_attention_layernorm,,,mean,"[[B, T, d_model]]",,,"[[B, T, 1]]",[2522],21,post_attention_layernorm,,1,model.layers.21.post_attention_layernorm,aten.mean.dim,[],prefill,False,
2524,post_attention_layernorm,,,elementwise_add,"[[B, T, 1]]",,,"[[B, T, 1]]",[2523],21,post_attention_layernorm,,1,model.layers.21.post_attention_layernorm,aten.add.Tensor,[],prefill,False,
2525,post_attention_layernorm,,,rsqrt,"[[B, T, 1]]",,,"[[B, T, 1]]",[2524],21,post_attention_layernorm,,1,model.layers.21.post_attention_layernorm,aten.rsqrt.default,[],prefill,False,
2526,post_attention_layernorm,,,elementwise_mul,"[[B, T, d_model], [B, T, 1]]",,,"[[B, T, d_model]]","[2521, 2525]",21,post_attention_layernorm,,1,model.layers.21.post_attention_layernorm,aten.mul.Tensor,[],prefill,False,
2527,post_attention_layernorm,,,_to_copy,"[[B, T, d_model]]",,,"[[B, T, d_model]]",[2526],21,post_attention_layernorm,,1,model.layers.21.post_attention_layernorm,aten._to_copy.default,[],prefill,True,
2528,post_attention_layernorm,,,elementwise_mul,"[[B, T, d_model], [d_model]]",,,"[[B, T, d_model]]",[2527],21,post_attention_layernorm,,1,model.layers.21.post_attention_layernorm,aten.mul.Tensor,[model.layers.21.post_attention_layernorm.weight],prefill,False,
2529,feed_forward,,,view,"[[B, T, d_model]]",,,"[[B*T, d_model]]",[2528],21,feed_forward,,1,model.layers.21.feed_forward,aten.view.default,[],prefill,True,
2530,feed_forward,router,,t,"[[E, d_model]]","[E, d_model]",0,"[[d_model, E]]",[],21,feed_forward,router,2,model.layers.21.feed_forward.router,aten.t.default,[model.layers.21.feed_forward.router.weight],prefill,True,
2531,feed_forward,router,,matmul,"[[B*T, d_model], [d_model, E]]","[E, d_model]",1,"[[B*T, E]]","[2529, 2530]",21,feed_forward,router,2,model.layers.21.feed_forward.router,aten.mm.default,[model.layers.21.feed_forward.router.weight],prefill,False,
2532,feed_forward,router,,topk,"[[B*T, E]]",,,"[[B*T, 1], [B*T, 1]]",[2531],21,feed_forward,router,2,model.layers.21.feed_forward.router,aten.topk.default,[],prefill,False,
2533,feed_forward,router,,full_like,"[[B*T, E]]",,,"[[B*T, E]]",[2531],21,feed_forward,router,2,model.layers.21.feed_forward.router,aten.full_like.default,[],prefill,True,
2534,feed_forward,router,,scatter_,"[[B*T, E], [B*T, 1], [B*T, 1]]",,,"[[B*T, E]]","[2532, 2533]",21,feed_forward,router,2,model.layers.21.feed_forward.router,aten.scatter_.src,[],prefill,True,
2535,feed_forward,router,,_to_copy,"[[B*T, E]]",,,"[[B*T, E]]",[2534],21,feed_forward,router,2,model.layers.21.feed_forward.router,aten._to_copy.default,[],prefill,True,
2536,feed_forward,router,,sigmoid,"[[B*T, E]]",,,"[[B*T, E]]",[2535],21,feed_forward,router,2,model.layers.21.feed_forward.router,aten.sigmoid.default,[],prefill,False,
2537,feed_forward,router,,_to_copy,"[[B*T, E]]",,,"[[B*T, E]]",[2536],21,feed_forward,router,2,model.layers.21.feed_forward.router,aten._to_copy.default,[],prefill,True,
2538,feed_forward,,,repeat,"[[B*T, d_model]]",,,"[[B*E*T, d_model]]",[2529],21,feed_forward,,1,model.layers.21.feed_forward,aten.repeat.default,[],prefill,True,
2539,feed_forward,,,transpose,"[[B*T, E]]",,,"[[E, B*T]]",[2537],21,feed_forward,,1,model.layers.21.feed_forward,aten.transpose.int,[],prefill,True,
2540,feed_forward,,,clone,"[[E, B*T]]",,,"[[E, B*T]]",[2539],21,feed_forward,,1,model.layers.21.feed_forward,aten.clone.default,[],prefill,True,
2541,feed_forward,,,_unsafe_view,"[[E, B*T]]",,,"[[B*E*T, 1]]",[2540],21,feed_forward,,1,model.layers.21.feed_forward,aten._unsafe_view.default,[],prefill,True,
2542,feed_forward,,,elementwise_mul,"[[B*E*T, d_model], [B*E*T, 1]]",,,"[[B*E*T, d_model]]","[2538, 2541]",21,feed_forward,,1,model.layers.21.feed_forward,aten.mul.Tensor,[],prefill,False,
2543,feed_forward,experts,,view,"[[B*E*T, d_model]]",,,"[[E, B*T, d_model]]",[2542],21,feed_forward,experts,2,model.layers.21.feed_forward.experts,aten.view.default,[],prefill,True,
2544,feed_forward,experts,,batched_matmul,"[[E, B*T, d_model], [E, d_model, 2*d_moe]]","[E, d_model, 2*d_moe]",1,"[[E, B*T, 2*d_moe]]",[2543],21,feed_forward,experts,2,model.layers.21.feed_forward.experts,aten.bmm.default,[model.layers.21.feed_forward.experts.gate_up_proj],prefill,False,
2545,feed_forward,experts,,split,"[[E, B*T, 2*d_moe]]",,,"[[E, B*T, d_moe], [E, B*T, d_moe]]",[2544],21,feed_forward,experts,2,model.layers.21.feed_forward.experts,aten.split.Tensor,[],prefill,True,
2546,feed_forward,experts,act_fn,silu,"[[E, B*T, d_moe]]",,,"[[E, B*T, d_moe]]",[2545],21,feed_forward,experts,3,model.layers.21.feed_forward.experts.act_fn,aten.silu.default,[],prefill,False,
2547,feed_forward,experts,,elementwise_mul,"[[E, B*T, d_moe], [E, B*T, d_moe]]",,,"[[E, B*T, d_moe]]","[2545, 2546]",21,feed_forward,experts,2,model.layers.21.feed_forward.experts,aten.mul.Tensor,[],prefill,False,
2548,feed_forward,experts,,batched_matmul,"[[E, B*T, d_moe], [E, d_moe, d_model]]","[E, d_moe, d_model]",1,"[[E, B*T, d_model]]",[2547],21,feed_forward,experts,2,model.layers.21.feed_forward.experts,aten.bmm.default,[model.layers.21.feed_forward.experts.down_proj],prefill,False,
2549,feed_forward,experts,,view,"[[E, B*T, d_model]]",,,"[[B*E*T, d_model]]",[2548],21,feed_forward,experts,2,model.layers.21.feed_forward.experts,aten.view.default,[],prefill,True,
2550,feed_forward,shared_expert,gate_proj,t,"[[d_moe, d_model]]","[d_moe, d_model]",0,"[[d_model, d_moe]]",[],21,feed_forward,shared_expert,3,model.layers.21.feed_forward.shared_expert.gate_proj,aten.t.default,[model.layers.21.feed_forward.shared_expert.gate_proj.weight],prefill,True,
2551,feed_forward,shared_expert,gate_proj,matmul,"[[B*T, d_model], [d_model, d_moe]]","[d_moe, d_model]",1,"[[B*T, d_moe]]","[2529, 2550]",21,feed_forward,shared_expert,3,model.layers.21.feed_forward.shared_expert.gate_proj,aten.mm.default,[model.layers.21.feed_forward.shared_expert.gate_proj.weight],prefill,False,
2552,feed_forward,shared_expert,activation_fn,silu,"[[B*T, d_moe]]",,,"[[B*T, d_moe]]",[2551],21,feed_forward,shared_expert,3,model.layers.21.feed_forward.shared_expert.activation_fn,aten.silu.default,[],prefill,False,
2553,feed_forward,shared_expert,up_proj,t,"[[d_moe, d_model]]","[d_moe, d_model]",0,"[[d_model, d_moe]]",[],21,feed_forward,shared_expert,3,model.layers.21.feed_forward.shared_expert.up_proj,aten.t.default,[model.layers.21.feed_forward.shared_expert.up_proj.weight],prefill,True,
2554,feed_forward,shared_expert,up_proj,matmul,"[[B*T, d_model], [d_model, d_moe]]","[d_moe, d_model]",1,"[[B*T, d_moe]]","[2529, 2553]",21,feed_forward,shared_expert,3,model.layers.21.feed_forward.shared_expert.up_proj,aten.mm.default,[model.layers.21.feed_forward.shared_expert.up_proj.weight],prefill,False,
2555,feed_forward,shared_expert,,elementwise_mul,"[[B*T, d_moe], [B*T, d_moe]]",,,"[[B*T, d_moe]]","[2552, 2554]",21,feed_forward,shared_expert,2,model.layers.21.feed_forward.shared_expert,aten.mul.Tensor,[],prefill,False,
2556,feed_forward,shared_expert,down_proj,t,"[[d_model, d_moe]]","[d_model, d_moe]",0,"[[d_moe, d_model]]",[],21,feed_forward,shared_expert,3,model.layers.21.feed_forward.shared_expert.down_proj,aten.t.default,[model.layers.21.feed_forward.shared_expert.down_proj.weight],prefill,True,
2557,feed_forward,shared_expert,down_proj,matmul,"[[B*T, d_moe], [d_moe, d_model]]","[d_model, d_moe]",1,"[[B*T, d_model]]","[2555, 2556]",21,feed_forward,shared_expert,3,model.layers.21.feed_forward.shared_expert.down_proj,aten.mm.default,[model.layers.21.feed_forward.shared_expert.down_proj.weight],prefill,False,
2558,feed_forward,,,view,"[[B*E*T, d_model]]",,,"[[E, B*T, d_model]]",[2549],21,feed_forward,,1,model.layers.21.feed_forward,aten.view.default,[],prefill,True,
2559,feed_forward,,,sum,"[[E, B*T, d_model]]",,,"[[B*T, d_model]]",[2558],21,feed_forward,,1,model.layers.21.feed_forward,aten.sum.dim_IntList,[],prefill,True,
2560,feed_forward,,,add_,"[[B*T, d_model], [B*T, d_model]]",,,"[[B*T, d_model]]","[2557, 2559]",21,feed_forward,,1,model.layers.21.feed_forward,aten.add_.Tensor,[],prefill,True,
2561,,,,view,"[[B*T, d_model]]",,,"[[B, T, d_model]]",[2560],21,,,0,model.layers.21,aten.view.default,[],prefill,True,
2562,,,,elementwise_add,"[[B, T, d_model], [B, T, d_model]]",,,"[[B, T, d_model]]","[2520, 2561]",21,,,0,model.layers.21,aten.add.Tensor,[],prefill,False,
2563,input_layernorm,,,_to_copy,"[[B, T, d_model]]",,,"[[B, T, d_model]]",[2562],22,input_layernorm,,1,model.layers.22.input_layernorm,aten._to_copy.default,[],prefill,True,
2564,input_layernorm,,,pow,"[[B, T, d_model]]",,,"[[B, T, d_model]]",[2563],22,input_layernorm,,1,model.layers.22.input_layernorm,aten.pow.Tensor_Scalar,[],prefill,False,
2565,input_layernorm,,,mean,"[[B, T, d_model]]",,,"[[B, T, 1]]",[2564],22,input_layernorm,,1,model.layers.22.input_layernorm,aten.mean.dim,[],prefill,False,
2566,input_layernorm,,,elementwise_add,"[[B, T, 1]]",,,"[[B, T, 1]]",[2565],22,input_layernorm,,1,model.layers.22.input_layernorm,aten.add.Tensor,[],prefill,False,
2567,input_layernorm,,,rsqrt,"[[B, T, 1]]",,,"[[B, T, 1]]",[2566],22,input_layernorm,,1,model.layers.22.input_layernorm,aten.rsqrt.default,[],prefill,False,
2568,input_layernorm,,,elementwise_mul,"[[B, T, d_model], [B, T, 1]]",,,"[[B, T, d_model]]","[2563, 2567]",22,input_layernorm,,1,model.layers.22.input_layernorm,aten.mul.Tensor,[],prefill,False,
2569,input_layernorm,,,_to_copy,"[[B, T, d_model]]",,,"[[B, T, d_model]]",[2568],22,input_layernorm,,1,model.layers.22.input_layernorm,aten._to_copy.default,[],prefill,True,
2570,input_layernorm,,,elementwise_mul,"[[B, T, d_model], [d_model]]",,,"[[B, T, d_model]]",[2569],22,input_layernorm,,1,model.layers.22.input_layernorm,aten.mul.Tensor,[model.layers.22.input_layernorm.weight],prefill,False,
2571,self_attn,q_proj,,t,"[[n_h*d_head, d_model]]","[n_h*d_head, d_model]",0,"[[d_model, n_h*d_head]]",[],22,self_attn,q_proj,2,model.layers.22.self_attn.q_proj,aten.t.default,[model.layers.22.self_attn.q_proj.weight],prefill,True,
2572,self_attn,q_proj,,view,"[[B, T, d_model]]",,,"[[B*T, d_model]]",[2570],22,self_attn,q_proj,2,model.layers.22.self_attn.q_proj,aten.view.default,[],prefill,True,
2573,self_attn,q_proj,,matmul,"[[B*T, d_model], [d_model, n_h*d_head]]","[n_h*d_head, d_model]",1,"[[B*T, n_h*d_head]]","[2571, 2572]",22,self_attn,q_proj,2,model.layers.22.self_attn.q_proj,aten.mm.default,[model.layers.22.self_attn.q_proj.weight],prefill,False,
2574,self_attn,q_proj,,_unsafe_view,"[[B*T, n_h*d_head]]",,,"[[B, T, n_h*d_head]]",[2573],22,self_attn,q_proj,2,model.layers.22.self_attn.q_proj,aten._unsafe_view.default,[],prefill,True,
2575,self_attn,,,view,"[[B, T, n_h*d_head]]",,,"[[B, T, n_h, d_head]]",[2574],22,self_attn,,1,model.layers.22.self_attn,aten.view.default,[],prefill,True,
2576,self_attn,k_proj,,t,"[[n_kv*d_head, d_model]]","[n_kv*d_head, d_model]",0,"[[d_model, n_kv*d_head]]",[],22,self_attn,k_proj,2,model.layers.22.self_attn.k_proj,aten.t.default,[model.layers.22.self_attn.k_proj.weight],prefill,True,
2577,self_attn,k_proj,,view,"[[B, T, d_model]]",,,"[[B*T, d_model]]",[2570],22,self_attn,k_proj,2,model.layers.22.self_attn.k_proj,aten.view.default,[],prefill,True,
2578,self_attn,k_proj,,matmul,"[[B*T, d_model], [d_model, n_kv*d_head]]","[n_kv*d_head, d_model]",1,"[[B*T, n_kv*d_head]]","[2576, 2577]",22,self_attn,k_proj,2,model.layers.22.self_attn.k_proj,aten.mm.default,[model.layers.22.self_attn.k_proj.weight],prefill,False,
2579,self_attn,k_proj,,_unsafe_view,"[[B*T, n_kv*d_head]]",,,"[[B, T, n_kv*d_head]]",[2578],22,self_attn,k_proj,2,model.layers.22.self_attn.k_proj,aten._unsafe_view.default,[],prefill,True,
2580,self_attn,,,view,"[[B, T, n_kv*d_head]]",,,"[[B, T, n_kv, d_head]]",[2579],22,self_attn,,1,model.layers.22.self_attn,aten.view.default,[],prefill,True,
2581,self_attn,v_proj,,t,"[[n_kv*d_head, d_model]]","[n_kv*d_head, d_model]",0,"[[d_model, n_kv*d_head]]",[],22,self_attn,v_proj,2,model.layers.22.self_attn.v_proj,aten.t.default,[model.layers.22.self_attn.v_proj.weight],prefill,True,
2582,self_attn,v_proj,,view,"[[B, T, d_model]]",,,"[[B*T, d_model]]",[2570],22,self_attn,v_proj,2,model.layers.22.self_attn.v_proj,aten.view.default,[],prefill,True,
2583,self_attn,v_proj,,matmul,"[[B*T, d_model], [d_model, n_kv*d_head]]","[n_kv*d_head, d_model]",1,"[[B*T, n_kv*d_head]]","[2581, 2582]",22,self_attn,v_proj,2,model.layers.22.self_attn.v_proj,aten.mm.default,[model.layers.22.self_attn.v_proj.weight],prefill,False,
2584,self_attn,v_proj,,_unsafe_view,"[[B*T, n_kv*d_head]]",,,"[[B, T, n_kv*d_head]]",[2583],22,self_attn,v_proj,2,model.layers.22.self_attn.v_proj,aten._unsafe_view.default,[],prefill,True,
2585,self_attn,,,view,"[[B, T, n_kv*d_head]]",,,"[[B, T, n_kv, d_head]]",[2584],22,self_attn,,1,model.layers.22.self_attn,aten.view.default,[],prefill,True,
2586,self_attn,,,transpose,"[[B, T, n_kv, d_head]]",,,"[[B, n_kv, T, d_head]]",[2585],22,self_attn,,1,model.layers.22.self_attn,aten.transpose.int,[],prefill,True,
2587,self_attn,,,_to_copy,"[[B, T, n_h, d_head]]",,,"[[B, T, n_h, d_head]]",[2575],22,self_attn,,1,model.layers.22.self_attn,aten._to_copy.default,[],prefill,True,
2588,self_attn,,,view,"[[B, T, n_h, d_head]]",,,"[[B, T, n_h, d_head/2, 2]]",[2587],22,self_attn,,1,model.layers.22.self_attn,aten.view.default,[],prefill,True,
2589,self_attn,,,view_as_complex,"[[B, T, n_h, d_head/2, 2]]",,,"[[B, T, n_h, d_head/2]]",[2588],22,self_attn,,1,model.layers.22.self_attn,aten.view_as_complex.default,[],prefill,True,
2590,self_attn,,,_to_copy,"[[B, T, n_kv, d_head]]",,,"[[B, T, n_kv, d_head]]",[2580],22,self_attn,,1,model.layers.22.self_attn,aten._to_copy.default,[],prefill,True,
2591,self_attn,,,view,"[[B, T, n_kv, d_head]]",,,"[[B, T, n_kv, d_head/2, 2]]",[2590],22,self_attn,,1,model.layers.22.self_attn,aten.view.default,[],prefill,True,
2592,self_attn,,,view_as_complex,"[[B, T, n_kv, d_head/2, 2]]",,,"[[B, T, n_kv, d_head/2]]",[2591],22,self_attn,,1,model.layers.22.self_attn,aten.view_as_complex.default,[],prefill,True,
2593,self_attn,,,unsqueeze,"[[B, T, d_head/2]]",,,"[[B, T, 1, d_head/2]]",[106],22,self_attn,,1,model.layers.22.self_attn,aten.unsqueeze.default,[],prefill,True,
2594,self_attn,,,elementwise_mul,"[[B, T, n_h, d_head/2], [B, T, 1, d_head/2]]",,,"[[B, T, n_h, d_head/2]]","[2589, 2593]",22,self_attn,,1,model.layers.22.self_attn,aten.mul.Tensor,[],prefill,False,
2595,self_attn,,,view_as_real,"[[B, T, n_h, d_head/2]]",,,"[[B, T, n_h, d_head/2, 2]]",[2594],22,self_attn,,1,model.layers.22.self_attn,aten.view_as_real.default,[],prefill,True,
2596,self_attn,,,view,"[[B, T, n_h, d_head/2, 2]]",,,"[[B, T, n_h, d_head]]",[2595],22,self_attn,,1,model.layers.22.self_attn,aten.view.default,[],prefill,True,
2597,self_attn,,,unsqueeze,"[[B, T, d_head/2]]",,,"[[B, T, 1, d_head/2]]",[106],22,self_attn,,1,model.layers.22.self_attn,aten.unsqueeze.default,[],prefill,True,
2598,self_attn,,,elementwise_mul,"[[B, T, n_kv, d_head/2], [B, T, 1, d_head/2]]",,,"[[B, T, n_kv, d_head/2]]","[2592, 2597]",22,self_attn,,1,model.layers.22.self_attn,aten.mul.Tensor,[],prefill,False,
2599,self_attn,,,view_as_real,"[[B, T, n_kv, d_head/2]]",,,"[[B, T, n_kv, d_head/2, 2]]",[2598],22,self_attn,,1,model.layers.22.self_attn,aten.view_as_real.default,[],prefill,True,
2600,self_attn,,,view,"[[B, T, n_kv, d_head/2, 2]]",,,"[[B, T, n_kv, d_head]]",[2599],22,self_attn,,1,model.layers.22.self_attn,aten.view.default,[],prefill,True,
2601,self_attn,,,_to_copy,"[[B, T, n_h, d_head]]",,,"[[B, T, n_h, d_head]]",[2596],22,self_attn,,1,model.layers.22.self_attn,aten._to_copy.default,[],prefill,True,
2602,self_attn,,,_to_copy,"[[B, T, n_kv, d_head]]",,,"[[B, T, n_kv, d_head]]",[2600],22,self_attn,,1,model.layers.22.self_attn,aten._to_copy.default,[],prefill,True,
2603,self_attn,,,transpose,"[[B, T, n_h, d_head]]",,,"[[B, n_h, T, d_head]]",[2601],22,self_attn,,1,model.layers.22.self_attn,aten.transpose.int,[],prefill,True,
2604,self_attn,,,transpose,"[[B, T, n_kv, d_head]]",,,"[[B, n_kv, T, d_head]]",[2602],22,self_attn,,1,model.layers.22.self_attn,aten.transpose.int,[],prefill,True,
2605,self_attn,,,_to_copy,[[]],,,[[]],[18],22,self_attn,,1,model.layers.22.self_attn,aten._to_copy.default,[],prefill,True,
2606,self_attn,,,concat,"[[0], [B, n_kv, T, d_head]]",,,"[[B, n_kv, T, d_head]]",[2604],22,self_attn,,1,model.layers.22.self_attn,aten.cat.default,[],prefill,False,
2607,self_attn,,,concat,"[[0], [B, n_kv, T, d_head]]",,,"[[B, n_kv, T, d_head]]",[2586],22,self_attn,,1,model.layers.22.self_attn,aten.cat.default,[],prefill,False,
2608,self_attn,,,slice,"[[B, n_kv, T, d_head]]",,,"[[B, n_kv, T, d_head]]",[2606],22,self_attn,,1,model.layers.22.self_attn,aten.slice.Tensor,[],prefill,True,
2609,self_attn,,,slice,"[[B, n_kv, T, d_head]]",,,"[[B, n_kv, T, d_head]]",[2607],22,self_attn,,1,model.layers.22.self_attn,aten.slice.Tensor,[],prefill,True,
2610,self_attn,,,unsqueeze,"[[B, n_kv, T, d_head]]",,,"[[B, n_kv, 1, T, d_head]]",[2606],22,self_attn,,1,model.layers.22.self_attn,aten.unsqueeze.default,[],prefill,True,
2611,self_attn,,,expand,"[[B, n_kv, 1, T, d_head]]",,,"[[B, n_kv, n_h/n_kv, T, d_head]]",[2610],22,self_attn,,1,model.layers.22.self_attn,aten.expand.default,[],prefill,True,
2612,self_attn,,,clone,"[[B, n_kv, n_h/n_kv, T, d_head]]",,,"[[B, n_kv, n_h/n_kv, T, d_head]]",[2611],22,self_attn,,1,model.layers.22.self_attn,aten.clone.default,[],prefill,True,
2613,self_attn,,,_unsafe_view,"[[B, n_kv, n_h/n_kv, T, d_head]]",,,"[[B, n_h, T, d_head]]",[2612],22,self_attn,,1,model.layers.22.self_attn,aten._unsafe_view.default,[],prefill,True,
2614,self_attn,,,unsqueeze,"[[B, n_kv, T, d_head]]",,,"[[B, n_kv, 1, T, d_head]]",[2607],22,self_attn,,1,model.layers.22.self_attn,aten.unsqueeze.default,[],prefill,True,
2615,self_attn,,,expand,"[[B, n_kv, 1, T, d_head]]",,,"[[B, n_kv, n_h/n_kv, T, d_head]]",[2614],22,self_attn,,1,model.layers.22.self_attn,aten.expand.default,[],prefill,True,
2616,self_attn,,,clone,"[[B, n_kv, n_h/n_kv, T, d_head]]",,,"[[B, n_kv, n_h/n_kv, T, d_head]]",[2615],22,self_attn,,1,model.layers.22.self_attn,aten.clone.default,[],prefill,True,
2617,self_attn,,,_unsafe_view,"[[B, n_kv, n_h/n_kv, T, d_head]]",,,"[[B, n_h, T, d_head]]",[2616],22,self_attn,,1,model.layers.22.self_attn,aten._unsafe_view.default,[],prefill,True,
2618,self_attn,,,transpose,"[[B, n_h, T, d_head]]",,,"[[B, n_h, d_head, T]]",[2613],22,self_attn,,1,model.layers.22.self_attn,aten.transpose.int,[],prefill,True,
2619,self_attn,,,expand,"[[B, n_h, T, d_head]]",,,"[[B, n_h, T, d_head]]",[2603],22,self_attn,,1,model.layers.22.self_attn,aten.expand.default,[],prefill,True,
2620,self_attn,,,clone,"[[B, n_h, T, d_head]]",,,"[[B, n_h, T, d_head]]",[2619],22,self_attn,,1,model.layers.22.self_attn,aten.clone.default,[],prefill,True,
2621,self_attn,,,_unsafe_view,"[[B, n_h, T, d_head]]",,,"[[B*n_h, T, d_head]]",[2620],22,self_attn,,1,model.layers.22.self_attn,aten._unsafe_view.default,[],prefill,True,
2622,self_attn,,,expand,"[[B, n_h, d_head, T]]",,,"[[B, n_h, d_head, T]]",[2618],22,self_attn,,1,model.layers.22.self_attn,aten.expand.default,[],prefill,True,
2623,self_attn,,,view,"[[B, n_h, d_head, T]]",,,"[[B*n_h, d_head, T]]",[2622],22,self_attn,,1,model.layers.22.self_attn,aten.view.default,[],prefill,True,
2624,self_attn,,,batched_matmul,"[[B*n_h, T, d_head], [B*n_h, d_head, T]]",,,"[[B*n_h, T, T]]","[2621, 2623]",22,self_attn,,1,model.layers.22.self_attn,aten.bmm.default,[],prefill,False,
2625,self_attn,,,_unsafe_view,"[[B*n_h, T, T]]",,,"[[B, n_h, T, T]]",[2624],22,self_attn,,1,model.layers.22.self_attn,aten._unsafe_view.default,[],prefill,True,
2626,self_attn,,,elementwise_mul,"[[B, n_h, T, T]]",,,"[[B, n_h, T, T]]",[2625],22,self_attn,,1,model.layers.22.self_attn,aten.mul.Tensor,[],prefill,False,
2627,self_attn,,,elementwise_add,"[[B, n_h, T, T], [B, 1, T, T]]",,,"[[B, n_h, T, T]]","[91, 2626]",22,self_attn,,1,model.layers.22.self_attn,aten.add.Tensor,[],prefill,False,
2628,self_attn,,,softmax,"[[B, n_h, T, T]]",,,"[[B, n_h, T, T]]",[2627],22,self_attn,,1,model.layers.22.self_attn,aten._softmax.default,[],prefill,False,
2629,self_attn,,,expand,"[[B, n_h, T, T]]",,,"[[B, n_h, T, T]]",[2628],22,self_attn,,1,model.layers.22.self_attn,aten.expand.default,[],prefill,True,
2630,self_attn,,,view,"[[B, n_h, T, T]]",,,"[[B*n_h, T, T]]",[2629],22,self_attn,,1,model.layers.22.self_attn,aten.view.default,[],prefill,True,
2631,self_attn,,,expand,"[[B, n_h, T, d_head]]",,,"[[B, n_h, T, d_head]]",[2617],22,self_attn,,1,model.layers.22.self_attn,aten.expand.default,[],prefill,True,
2632,self_attn,,,view,"[[B, n_h, T, d_head]]",,,"[[B*n_h, T, d_head]]",[2631],22,self_attn,,1,model.layers.22.self_attn,aten.view.default,[],prefill,True,
2633,self_attn,,,batched_matmul,"[[B*n_h, T, T], [B*n_h, T, d_head]]",,,"[[B*n_h, T, d_head]]","[2630, 2632]",22,self_attn,,1,model.layers.22.self_attn,aten.bmm.default,[],prefill,False,
2634,self_attn,,,_unsafe_view,"[[B*n_h, T, d_head]]",,,"[[B, n_h, T, d_head]]",[2633],22,self_attn,,1,model.layers.22.self_attn,aten._unsafe_view.default,[],prefill,True,
2635,self_attn,,,transpose,"[[B, n_h, T, d_head]]",,,"[[B, T, n_h, d_head]]",[2634],22,self_attn,,1,model.layers.22.self_attn,aten.transpose.int,[],prefill,True,
2636,self_attn,,,clone,"[[B, T, n_h, d_head]]",,,"[[B, T, n_h, d_head]]",[2635],22,self_attn,,1,model.layers.22.self_attn,aten.clone.default,[],prefill,True,
2637,self_attn,,,view,"[[B, T, n_h, d_head]]",,,"[[B, T, n_h*d_head]]",[2636],22,self_attn,,1,model.layers.22.self_attn,aten.view.default,[],prefill,True,
2638,self_attn,o_proj,,t,"[[d_model, n_h*d_head]]","[d_model, n_h*d_head]",0,"[[n_h*d_head, d_model]]",[],22,self_attn,o_proj,2,model.layers.22.self_attn.o_proj,aten.t.default,[model.layers.22.self_attn.o_proj.weight],prefill,True,
2639,self_attn,o_proj,,view,"[[B, T, n_h*d_head]]",,,"[[B*T, n_h*d_head]]",[2637],22,self_attn,o_proj,2,model.layers.22.self_attn.o_proj,aten.view.default,[],prefill,True,
2640,self_attn,o_proj,,matmul,"[[B*T, n_h*d_head], [n_h*d_head, d_model]]","[d_model, n_h*d_head]",1,"[[B*T, d_model]]","[2638, 2639]",22,self_attn,o_proj,2,model.layers.22.self_attn.o_proj,aten.mm.default,[model.layers.22.self_attn.o_proj.weight],prefill,False,
2641,self_attn,o_proj,,_unsafe_view,"[[B*T, d_model]]",,,"[[B, T, d_model]]",[2640],22,self_attn,o_proj,2,model.layers.22.self_attn.o_proj,aten._unsafe_view.default,[],prefill,True,
2642,,,,elementwise_add,"[[B, T, d_model], [B, T, d_model]]",,,"[[B, T, d_model]]","[2562, 2641]",22,,,0,model.layers.22,aten.add.Tensor,[],prefill,False,
2643,post_attention_layernorm,,,_to_copy,"[[B, T, d_model]]",,,"[[B, T, d_model]]",[2642],22,post_attention_layernorm,,1,model.layers.22.post_attention_layernorm,aten._to_copy.default,[],prefill,True,
2644,post_attention_layernorm,,,pow,"[[B, T, d_model]]",,,"[[B, T, d_model]]",[2643],22,post_attention_layernorm,,1,model.layers.22.post_attention_layernorm,aten.pow.Tensor_Scalar,[],prefill,False,
2645,post_attention_layernorm,,,mean,"[[B, T, d_model]]",,,"[[B, T, 1]]",[2644],22,post_attention_layernorm,,1,model.layers.22.post_attention_layernorm,aten.mean.dim,[],prefill,False,
2646,post_attention_layernorm,,,elementwise_add,"[[B, T, 1]]",,,"[[B, T, 1]]",[2645],22,post_attention_layernorm,,1,model.layers.22.post_attention_layernorm,aten.add.Tensor,[],prefill,False,
2647,post_attention_layernorm,,,rsqrt,"[[B, T, 1]]",,,"[[B, T, 1]]",[2646],22,post_attention_layernorm,,1,model.layers.22.post_attention_layernorm,aten.rsqrt.default,[],prefill,False,
2648,post_attention_layernorm,,,elementwise_mul,"[[B, T, d_model], [B, T, 1]]",,,"[[B, T, d_model]]","[2643, 2647]",22,post_attention_layernorm,,1,model.layers.22.post_attention_layernorm,aten.mul.Tensor,[],prefill,False,
2649,post_attention_layernorm,,,_to_copy,"[[B, T, d_model]]",,,"[[B, T, d_model]]",[2648],22,post_attention_layernorm,,1,model.layers.22.post_attention_layernorm,aten._to_copy.default,[],prefill,True,
2650,post_attention_layernorm,,,elementwise_mul,"[[B, T, d_model], [d_model]]",,,"[[B, T, d_model]]",[2649],22,post_attention_layernorm,,1,model.layers.22.post_attention_layernorm,aten.mul.Tensor,[model.layers.22.post_attention_layernorm.weight],prefill,False,
2651,feed_forward,gate_proj,,t,"[[d_ff, d_model]]","[d_ff, d_model]",0,"[[d_model, d_ff]]",[],22,feed_forward,gate_proj,2,model.layers.22.feed_forward.gate_proj,aten.t.default,[model.layers.22.feed_forward.gate_proj.weight],prefill,True,
2652,feed_forward,gate_proj,,view,"[[B, T, d_model]]",,,"[[B*T, d_model]]",[2650],22,feed_forward,gate_proj,2,model.layers.22.feed_forward.gate_proj,aten.view.default,[],prefill,True,
2653,feed_forward,gate_proj,,matmul,"[[B*T, d_model], [d_model, d_ff]]","[d_ff, d_model]",1,"[[B*T, d_ff]]","[2651, 2652]",22,feed_forward,gate_proj,2,model.layers.22.feed_forward.gate_proj,aten.mm.default,[model.layers.22.feed_forward.gate_proj.weight],prefill,False,
2654,feed_forward,gate_proj,,_unsafe_view,"[[B*T, d_ff]]",,,"[[B, T, d_ff]]",[2653],22,feed_forward,gate_proj,2,model.layers.22.feed_forward.gate_proj,aten._unsafe_view.default,[],prefill,True,
2655,feed_forward,activation_fn,,silu,"[[B, T, d_ff]]",,,"[[B, T, d_ff]]",[2654],22,feed_forward,activation_fn,2,model.layers.22.feed_forward.activation_fn,aten.silu.default,[],prefill,False,
2656,feed_forward,up_proj,,t,"[[d_ff, d_model]]","[d_ff, d_model]",0,"[[d_model, d_ff]]",[],22,feed_forward,up_proj,2,model.layers.22.feed_forward.up_proj,aten.t.default,[model.layers.22.feed_forward.up_proj.weight],prefill,True,
2657,feed_forward,up_proj,,view,"[[B, T, d_model]]",,,"[[B*T, d_model]]",[2650],22,feed_forward,up_proj,2,model.layers.22.feed_forward.up_proj,aten.view.default,[],prefill,True,
2658,feed_forward,up_proj,,matmul,"[[B*T, d_model], [d_model, d_ff]]","[d_ff, d_model]",1,"[[B*T, d_ff]]","[2656, 2657]",22,feed_forward,up_proj,2,model.layers.22.feed_forward.up_proj,aten.mm.default,[model.layers.22.feed_forward.up_proj.weight],prefill,False,
2659,feed_forward,up_proj,,_unsafe_view,"[[B*T, d_ff]]",,,"[[B, T, d_ff]]",[2658],22,feed_forward,up_proj,2,model.layers.22.feed_forward.up_proj,aten._unsafe_view.default,[],prefill,True,
2660,feed_forward,,,elementwise_mul,"[[B, T, d_ff], [B, T, d_ff]]",,,"[[B, T, d_ff]]","[2655, 2659]",22,feed_forward,,1,model.layers.22.feed_forward,aten.mul.Tensor,[],prefill,False,
2661,feed_forward,down_proj,,t,"[[d_model, d_ff]]","[d_model, d_ff]",0,"[[d_ff, d_model]]",[],22,feed_forward,down_proj,2,model.layers.22.feed_forward.down_proj,aten.t.default,[model.layers.22.feed_forward.down_proj.weight],prefill,True,
2662,feed_forward,down_proj,,view,"[[B, T, d_ff]]",,,"[[B*T, d_ff]]",[2660],22,feed_forward,down_proj,2,model.layers.22.feed_forward.down_proj,aten.view.default,[],prefill,True,
2663,feed_forward,down_proj,,matmul,"[[B*T, d_ff], [d_ff, d_model]]","[d_model, d_ff]",1,"[[B*T, d_model]]","[2661, 2662]",22,feed_forward,down_proj,2,model.layers.22.feed_forward.down_proj,aten.mm.default,[model.layers.22.feed_forward.down_proj.weight],prefill,False,
2664,feed_forward,down_proj,,_unsafe_view,"[[B*T, d_model]]",,,"[[B, T, d_model]]",[2663],22,feed_forward,down_proj,2,model.layers.22.feed_forward.down_proj,aten._unsafe_view.default,[],prefill,True,
2665,,,,view,"[[B, T, d_model]]",,,"[[B, T, d_model]]",[2664],22,,,0,model.layers.22,aten.view.default,[],prefill,True,
2666,,,,elementwise_add,"[[B, T, d_model], [B, T, d_model]]",,,"[[B, T, d_model]]","[2642, 2665]",22,,,0,model.layers.22,aten.add.Tensor,[],prefill,False,
2667,input_layernorm,,,_to_copy,"[[B, T, d_model]]",,,"[[B, T, d_model]]",[2666],23,input_layernorm,,1,model.layers.23.input_layernorm,aten._to_copy.default,[],prefill,True,
2668,input_layernorm,,,pow,"[[B, T, d_model]]",,,"[[B, T, d_model]]",[2667],23,input_layernorm,,1,model.layers.23.input_layernorm,aten.pow.Tensor_Scalar,[],prefill,False,
2669,input_layernorm,,,mean,"[[B, T, d_model]]",,,"[[B, T, 1]]",[2668],23,input_layernorm,,1,model.layers.23.input_layernorm,aten.mean.dim,[],prefill,False,
2670,input_layernorm,,,elementwise_add,"[[B, T, 1]]",,,"[[B, T, 1]]",[2669],23,input_layernorm,,1,model.layers.23.input_layernorm,aten.add.Tensor,[],prefill,False,
2671,input_layernorm,,,rsqrt,"[[B, T, 1]]",,,"[[B, T, 1]]",[2670],23,input_layernorm,,1,model.layers.23.input_layernorm,aten.rsqrt.default,[],prefill,False,
2672,input_layernorm,,,elementwise_mul,"[[B, T, d_model], [B, T, 1]]",,,"[[B, T, d_model]]","[2667, 2671]",23,input_layernorm,,1,model.layers.23.input_layernorm,aten.mul.Tensor,[],prefill,False,
2673,input_layernorm,,,_to_copy,"[[B, T, d_model]]",,,"[[B, T, d_model]]",[2672],23,input_layernorm,,1,model.layers.23.input_layernorm,aten._to_copy.default,[],prefill,True,
2674,input_layernorm,,,elementwise_mul,"[[B, T, d_model], [d_model]]",,,"[[B, T, d_model]]",[2673],23,input_layernorm,,1,model.layers.23.input_layernorm,aten.mul.Tensor,[model.layers.23.input_layernorm.weight],prefill,False,
2675,self_attn,q_proj,,t,"[[n_h*d_head, d_model]]","[n_h*d_head, d_model]",0,"[[d_model, n_h*d_head]]",[],23,self_attn,q_proj,2,model.layers.23.self_attn.q_proj,aten.t.default,[model.layers.23.self_attn.q_proj.weight],prefill,True,
2676,self_attn,q_proj,,view,"[[B, T, d_model]]",,,"[[B*T, d_model]]",[2674],23,self_attn,q_proj,2,model.layers.23.self_attn.q_proj,aten.view.default,[],prefill,True,
2677,self_attn,q_proj,,matmul,"[[B*T, d_model], [d_model, n_h*d_head]]","[n_h*d_head, d_model]",1,"[[B*T, n_h*d_head]]","[2675, 2676]",23,self_attn,q_proj,2,model.layers.23.self_attn.q_proj,aten.mm.default,[model.layers.23.self_attn.q_proj.weight],prefill,False,
2678,self_attn,q_proj,,_unsafe_view,"[[B*T, n_h*d_head]]",,,"[[B, T, n_h*d_head]]",[2677],23,self_attn,q_proj,2,model.layers.23.self_attn.q_proj,aten._unsafe_view.default,[],prefill,True,
2679,self_attn,,,view,"[[B, T, n_h*d_head]]",,,"[[B, T, n_h, d_head]]",[2678],23,self_attn,,1,model.layers.23.self_attn,aten.view.default,[],prefill,True,
2680,self_attn,k_proj,,t,"[[n_kv*d_head, d_model]]","[n_kv*d_head, d_model]",0,"[[d_model, n_kv*d_head]]",[],23,self_attn,k_proj,2,model.layers.23.self_attn.k_proj,aten.t.default,[model.layers.23.self_attn.k_proj.weight],prefill,True,
2681,self_attn,k_proj,,view,"[[B, T, d_model]]",,,"[[B*T, d_model]]",[2674],23,self_attn,k_proj,2,model.layers.23.self_attn.k_proj,aten.view.default,[],prefill,True,
2682,self_attn,k_proj,,matmul,"[[B*T, d_model], [d_model, n_kv*d_head]]","[n_kv*d_head, d_model]",1,"[[B*T, n_kv*d_head]]","[2680, 2681]",23,self_attn,k_proj,2,model.layers.23.self_attn.k_proj,aten.mm.default,[model.layers.23.self_attn.k_proj.weight],prefill,False,
2683,self_attn,k_proj,,_unsafe_view,"[[B*T, n_kv*d_head]]",,,"[[B, T, n_kv*d_head]]",[2682],23,self_attn,k_proj,2,model.layers.23.self_attn.k_proj,aten._unsafe_view.default,[],prefill,True,
2684,self_attn,,,view,"[[B, T, n_kv*d_head]]",,,"[[B, T, n_kv, d_head]]",[2683],23,self_attn,,1,model.layers.23.self_attn,aten.view.default,[],prefill,True,
2685,self_attn,v_proj,,t,"[[n_kv*d_head, d_model]]","[n_kv*d_head, d_model]",0,"[[d_model, n_kv*d_head]]",[],23,self_attn,v_proj,2,model.layers.23.self_attn.v_proj,aten.t.default,[model.layers.23.self_attn.v_proj.weight],prefill,True,
2686,self_attn,v_proj,,view,"[[B, T, d_model]]",,,"[[B*T, d_model]]",[2674],23,self_attn,v_proj,2,model.layers.23.self_attn.v_proj,aten.view.default,[],prefill,True,
2687,self_attn,v_proj,,matmul,"[[B*T, d_model], [d_model, n_kv*d_head]]","[n_kv*d_head, d_model]",1,"[[B*T, n_kv*d_head]]","[2685, 2686]",23,self_attn,v_proj,2,model.layers.23.self_attn.v_proj,aten.mm.default,[model.layers.23.self_attn.v_proj.weight],prefill,False,
2688,self_attn,v_proj,,_unsafe_view,"[[B*T, n_kv*d_head]]",,,"[[B, T, n_kv*d_head]]",[2687],23,self_attn,v_proj,2,model.layers.23.self_attn.v_proj,aten._unsafe_view.default,[],prefill,True,
2689,self_attn,,,view,"[[B, T, n_kv*d_head]]",,,"[[B, T, n_kv, d_head]]",[2688],23,self_attn,,1,model.layers.23.self_attn,aten.view.default,[],prefill,True,
2690,self_attn,,,transpose,"[[B, T, n_kv, d_head]]",,,"[[B, n_kv, T, d_head]]",[2689],23,self_attn,,1,model.layers.23.self_attn,aten.transpose.int,[],prefill,True,
2691,self_attn,,,arange,[],,,[[T]],[],23,self_attn,,1,model.layers.23.self_attn,aten.arange.default,[],prefill,True,
2692,self_attn,,,elementwise_add,[[T]],,,[[T]],[2691],23,self_attn,,1,model.layers.23.self_attn,aten.add.Tensor,[],prefill,False,
2693,self_attn,,,_to_copy,[[T]],,,[[T]],[2692],23,self_attn,,1,model.layers.23.self_attn,aten._to_copy.default,[],prefill,True,
2694,self_attn,,,elementwise_add,[[T]],,,[[T]],[2693],23,self_attn,,1,model.layers.23.self_attn,aten.add.Tensor,[],prefill,False,
2695,self_attn,,,div,[[T]],,,[[T]],[2694],23,self_attn,,1,model.layers.23.self_attn,aten.div.Tensor,[],prefill,True,
2696,self_attn,,,floor,[[T]],,,[[T]],[2695],23,self_attn,,1,model.layers.23.self_attn,aten.floor.default,[],prefill,True,
2697,self_attn,,,log1p,[[T]],,,[[T]],[2696],23,self_attn,,1,model.layers.23.self_attn,aten.log1p.default,[],prefill,True,
2698,self_attn,,,elementwise_mul,[[T]],,,[[T]],[2697],23,self_attn,,1,model.layers.23.self_attn,aten.mul.Tensor,[],prefill,False,
2699,self_attn,,,elementwise_add,[[T]],,,[[T]],[2698],23,self_attn,,1,model.layers.23.self_attn,aten.add.Tensor,[],prefill,False,
2700,self_attn,,,view,[[T]],,,"[[1, T, 1, 1]]",[2699],23,self_attn,,1,model.layers.23.self_attn,aten.view.default,[],prefill,True,
2701,self_attn,,,expand,"[[1, T, 1, 1]]",,,"[[B, T, 1, 1]]",[2700],23,self_attn,,1,model.layers.23.self_attn,aten.expand.default,[],prefill,True,
2702,self_attn,,,elementwise_mul,"[[B, T, n_h, d_head], [B, T, 1, 1]]",,,"[[B, T, n_h, d_head]]","[2679, 2701]",23,self_attn,,1,model.layers.23.self_attn,aten.mul.Tensor,[],prefill,False,
2703,self_attn,,,_to_copy,"[[B, T, n_h, d_head]]",,,"[[B, T, n_h, d_head]]",[2702],23,self_attn,,1,model.layers.23.self_attn,aten._to_copy.default,[],prefill,True,
2704,self_attn,,,transpose,"[[B, T, n_h, d_head]]",,,"[[B, n_h, T, d_head]]",[2703],23,self_attn,,1,model.layers.23.self_attn,aten.transpose.int,[],prefill,True,
2705,self_attn,,,transpose,"[[B, T, n_kv, d_head]]",,,"[[B, n_kv, T, d_head]]",[2684],23,self_attn,,1,model.layers.23.self_attn,aten.transpose.int,[],prefill,True,
2706,self_attn,,,concat,"[[0], [B, n_kv, T, d_head]]",,,"[[B, n_kv, T, d_head]]",[2705],23,self_attn,,1,model.layers.23.self_attn,aten.cat.default,[],prefill,False,
2707,self_attn,,,concat,"[[0], [B, n_kv, T, d_head]]",,,"[[B, n_kv, T, d_head]]",[2690],23,self_attn,,1,model.layers.23.self_attn,aten.cat.default,[],prefill,False,
2708,self_attn,,,unsqueeze,"[[B, n_kv, T, d_head]]",,,"[[B, n_kv, 1, T, d_head]]",[2706],23,self_attn,,1,model.layers.23.self_attn,aten.unsqueeze.default,[],prefill,True,
2709,self_attn,,,expand,"[[B, n_kv, 1, T, d_head]]",,,"[[B, n_kv, n_h/n_kv, T, d_head]]",[2708],23,self_attn,,1,model.layers.23.self_attn,aten.expand.default,[],prefill,True,
2710,self_attn,,,clone,"[[B, n_kv, n_h/n_kv, T, d_head]]",,,"[[B, n_kv, n_h/n_kv, T, d_head]]",[2709],23,self_attn,,1,model.layers.23.self_attn,aten.clone.default,[],prefill,True,
2711,self_attn,,,_unsafe_view,"[[B, n_kv, n_h/n_kv, T, d_head]]",,,"[[B, n_h, T, d_head]]",[2710],23,self_attn,,1,model.layers.23.self_attn,aten._unsafe_view.default,[],prefill,True,
2712,self_attn,,,unsqueeze,"[[B, n_kv, T, d_head]]",,,"[[B, n_kv, 1, T, d_head]]",[2707],23,self_attn,,1,model.layers.23.self_attn,aten.unsqueeze.default,[],prefill,True,
2713,self_attn,,,expand,"[[B, n_kv, 1, T, d_head]]",,,"[[B, n_kv, n_h/n_kv, T, d_head]]",[2712],23,self_attn,,1,model.layers.23.self_attn,aten.expand.default,[],prefill,True,
2714,self_attn,,,clone,"[[B, n_kv, n_h/n_kv, T, d_head]]",,,"[[B, n_kv, n_h/n_kv, T, d_head]]",[2713],23,self_attn,,1,model.layers.23.self_attn,aten.clone.default,[],prefill,True,
2715,self_attn,,,_unsafe_view,"[[B, n_kv, n_h/n_kv, T, d_head]]",,,"[[B, n_h, T, d_head]]",[2714],23,self_attn,,1,model.layers.23.self_attn,aten._unsafe_view.default,[],prefill,True,
2716,self_attn,,,transpose,"[[B, n_h, T, d_head]]",,,"[[B, n_h, d_head, T]]",[2711],23,self_attn,,1,model.layers.23.self_attn,aten.transpose.int,[],prefill,True,
2717,self_attn,,,expand,"[[B, n_h, T, d_head]]",,,"[[B, n_h, T, d_head]]",[2704],23,self_attn,,1,model.layers.23.self_attn,aten.expand.default,[],prefill,True,
2718,self_attn,,,clone,"[[B, n_h, T, d_head]]",,,"[[B, n_h, T, d_head]]",[2717],23,self_attn,,1,model.layers.23.self_attn,aten.clone.default,[],prefill,True,
2719,self_attn,,,_unsafe_view,"[[B, n_h, T, d_head]]",,,"[[B*n_h, T, d_head]]",[2718],23,self_attn,,1,model.layers.23.self_attn,aten._unsafe_view.default,[],prefill,True,
2720,self_attn,,,expand,"[[B, n_h, d_head, T]]",,,"[[B, n_h, d_head, T]]",[2716],23,self_attn,,1,model.layers.23.self_attn,aten.expand.default,[],prefill,True,
2721,self_attn,,,view,"[[B, n_h, d_head, T]]",,,"[[B*n_h, d_head, T]]",[2720],23,self_attn,,1,model.layers.23.self_attn,aten.view.default,[],prefill,True,
2722,self_attn,,,batched_matmul,"[[B*n_h, T, d_head], [B*n_h, d_head, T]]",,,"[[B*n_h, T, T]]","[2719, 2721]",23,self_attn,,1,model.layers.23.self_attn,aten.bmm.default,[],prefill,False,
2723,self_attn,,,_unsafe_view,"[[B*n_h, T, T]]",,,"[[B, n_h, T, T]]",[2722],23,self_attn,,1,model.layers.23.self_attn,aten._unsafe_view.default,[],prefill,True,
2724,self_attn,,,elementwise_mul,"[[B, n_h, T, T]]",,,"[[B, n_h, T, T]]",[2723],23,self_attn,,1,model.layers.23.self_attn,aten.mul.Tensor,[],prefill,False,
2725,self_attn,,,elementwise_add,"[[B, n_h, T, T], [B, 1, T, T]]",,,"[[B, n_h, T, T]]","[58, 2724]",23,self_attn,,1,model.layers.23.self_attn,aten.add.Tensor,[],prefill,False,
2726,self_attn,,,softmax,"[[B, n_h, T, T]]",,,"[[B, n_h, T, T]]",[2725],23,self_attn,,1,model.layers.23.self_attn,aten._softmax.default,[],prefill,False,
2727,self_attn,,,expand,"[[B, n_h, T, T]]",,,"[[B, n_h, T, T]]",[2726],23,self_attn,,1,model.layers.23.self_attn,aten.expand.default,[],prefill,True,
2728,self_attn,,,view,"[[B, n_h, T, T]]",,,"[[B*n_h, T, T]]",[2727],23,self_attn,,1,model.layers.23.self_attn,aten.view.default,[],prefill,True,
2729,self_attn,,,expand,"[[B, n_h, T, d_head]]",,,"[[B, n_h, T, d_head]]",[2715],23,self_attn,,1,model.layers.23.self_attn,aten.expand.default,[],prefill,True,
2730,self_attn,,,view,"[[B, n_h, T, d_head]]",,,"[[B*n_h, T, d_head]]",[2729],23,self_attn,,1,model.layers.23.self_attn,aten.view.default,[],prefill,True,
2731,self_attn,,,batched_matmul,"[[B*n_h, T, T], [B*n_h, T, d_head]]",,,"[[B*n_h, T, d_head]]","[2728, 2730]",23,self_attn,,1,model.layers.23.self_attn,aten.bmm.default,[],prefill,False,
2732,self_attn,,,_unsafe_view,"[[B*n_h, T, d_head]]",,,"[[B, n_h, T, d_head]]",[2731],23,self_attn,,1,model.layers.23.self_attn,aten._unsafe_view.default,[],prefill,True,
2733,self_attn,,,transpose,"[[B, n_h, T, d_head]]",,,"[[B, T, n_h, d_head]]",[2732],23,self_attn,,1,model.layers.23.self_attn,aten.transpose.int,[],prefill,True,
2734,self_attn,,,clone,"[[B, T, n_h, d_head]]",,,"[[B, T, n_h, d_head]]",[2733],23,self_attn,,1,model.layers.23.self_attn,aten.clone.default,[],prefill,True,
2735,self_attn,,,view,"[[B, T, n_h, d_head]]",,,"[[B, T, n_h*d_head]]",[2734],23,self_attn,,1,model.layers.23.self_attn,aten.view.default,[],prefill,True,
2736,self_attn,o_proj,,t,"[[d_model, n_h*d_head]]","[d_model, n_h*d_head]",0,"[[n_h*d_head, d_model]]",[],23,self_attn,o_proj,2,model.layers.23.self_attn.o_proj,aten.t.default,[model.layers.23.self_attn.o_proj.weight],prefill,True,
2737,self_attn,o_proj,,view,"[[B, T, n_h*d_head]]",,,"[[B*T, n_h*d_head]]",[2735],23,self_attn,o_proj,2,model.layers.23.self_attn.o_proj,aten.view.default,[],prefill,True,
2738,self_attn,o_proj,,matmul,"[[B*T, n_h*d_head], [n_h*d_head, d_model]]","[d_model, n_h*d_head]",1,"[[B*T, d_model]]","[2736, 2737]",23,self_attn,o_proj,2,model.layers.23.self_attn.o_proj,aten.mm.default,[model.layers.23.self_attn.o_proj.weight],prefill,False,
2739,self_attn,o_proj,,_unsafe_view,"[[B*T, d_model]]",,,"[[B, T, d_model]]",[2738],23,self_attn,o_proj,2,model.layers.23.self_attn.o_proj,aten._unsafe_view.default,[],prefill,True,
2740,,,,elementwise_add,"[[B, T, d_model], [B, T, d_model]]",,,"[[B, T, d_model]]","[2666, 2739]",23,,,0,model.layers.23,aten.add.Tensor,[],prefill,False,
2741,post_attention_layernorm,,,_to_copy,"[[B, T, d_model]]",,,"[[B, T, d_model]]",[2740],23,post_attention_layernorm,,1,model.layers.23.post_attention_layernorm,aten._to_copy.default,[],prefill,True,
2742,post_attention_layernorm,,,pow,"[[B, T, d_model]]",,,"[[B, T, d_model]]",[2741],23,post_attention_layernorm,,1,model.layers.23.post_attention_layernorm,aten.pow.Tensor_Scalar,[],prefill,False,
2743,post_attention_layernorm,,,mean,"[[B, T, d_model]]",,,"[[B, T, 1]]",[2742],23,post_attention_layernorm,,1,model.layers.23.post_attention_layernorm,aten.mean.dim,[],prefill,False,
2744,post_attention_layernorm,,,elementwise_add,"[[B, T, 1]]",,,"[[B, T, 1]]",[2743],23,post_attention_layernorm,,1,model.layers.23.post_attention_layernorm,aten.add.Tensor,[],prefill,False,
2745,post_attention_layernorm,,,rsqrt,"[[B, T, 1]]",,,"[[B, T, 1]]",[2744],23,post_attention_layernorm,,1,model.layers.23.post_attention_layernorm,aten.rsqrt.default,[],prefill,False,
2746,post_attention_layernorm,,,elementwise_mul,"[[B, T, d_model], [B, T, 1]]",,,"[[B, T, d_model]]","[2741, 2745]",23,post_attention_layernorm,,1,model.layers.23.post_attention_layernorm,aten.mul.Tensor,[],prefill,False,
2747,post_attention_layernorm,,,_to_copy,"[[B, T, d_model]]",,,"[[B, T, d_model]]",[2746],23,post_attention_layernorm,,1,model.layers.23.post_attention_layernorm,aten._to_copy.default,[],prefill,True,
2748,post_attention_layernorm,,,elementwise_mul,"[[B, T, d_model], [d_model]]",,,"[[B, T, d_model]]",[2747],23,post_attention_layernorm,,1,model.layers.23.post_attention_layernorm,aten.mul.Tensor,[model.layers.23.post_attention_layernorm.weight],prefill,False,
2749,feed_forward,,,view,"[[B, T, d_model]]",,,"[[B*T, d_model]]",[2748],23,feed_forward,,1,model.layers.23.feed_forward,aten.view.default,[],prefill,True,
2750,feed_forward,router,,t,"[[E, d_model]]","[E, d_model]",0,"[[d_model, E]]",[],23,feed_forward,router,2,model.layers.23.feed_forward.router,aten.t.default,[model.layers.23.feed_forward.router.weight],prefill,True,
2751,feed_forward,router,,matmul,"[[B*T, d_model], [d_model, E]]","[E, d_model]",1,"[[B*T, E]]","[2749, 2750]",23,feed_forward,router,2,model.layers.23.feed_forward.router,aten.mm.default,[model.layers.23.feed_forward.router.weight],prefill,False,
2752,feed_forward,router,,topk,"[[B*T, E]]",,,"[[B*T, 1], [B*T, 1]]",[2751],23,feed_forward,router,2,model.layers.23.feed_forward.router,aten.topk.default,[],prefill,False,
2753,feed_forward,router,,full_like,"[[B*T, E]]",,,"[[B*T, E]]",[2751],23,feed_forward,router,2,model.layers.23.feed_forward.router,aten.full_like.default,[],prefill,True,
2754,feed_forward,router,,scatter_,"[[B*T, E], [B*T, 1], [B*T, 1]]",,,"[[B*T, E]]","[2752, 2753]",23,feed_forward,router,2,model.layers.23.feed_forward.router,aten.scatter_.src,[],prefill,True,
2755,feed_forward,router,,_to_copy,"[[B*T, E]]",,,"[[B*T, E]]",[2754],23,feed_forward,router,2,model.layers.23.feed_forward.router,aten._to_copy.default,[],prefill,True,
2756,feed_forward,router,,sigmoid,"[[B*T, E]]",,,"[[B*T, E]]",[2755],23,feed_forward,router,2,model.layers.23.feed_forward.router,aten.sigmoid.default,[],prefill,False,
2757,feed_forward,router,,_to_copy,"[[B*T, E]]",,,"[[B*T, E]]",[2756],23,feed_forward,router,2,model.layers.23.feed_forward.router,aten._to_copy.default,[],prefill,True,
2758,feed_forward,,,repeat,"[[B*T, d_model]]",,,"[[B*E*T, d_model]]",[2749],23,feed_forward,,1,model.layers.23.feed_forward,aten.repeat.default,[],prefill,True,
2759,feed_forward,,,transpose,"[[B*T, E]]",,,"[[E, B*T]]",[2757],23,feed_forward,,1,model.layers.23.feed_forward,aten.transpose.int,[],prefill,True,
2760,feed_forward,,,clone,"[[E, B*T]]",,,"[[E, B*T]]",[2759],23,feed_forward,,1,model.layers.23.feed_forward,aten.clone.default,[],prefill,True,
2761,feed_forward,,,_unsafe_view,"[[E, B*T]]",,,"[[B*E*T, 1]]",[2760],23,feed_forward,,1,model.layers.23.feed_forward,aten._unsafe_view.default,[],prefill,True,
2762,feed_forward,,,elementwise_mul,"[[B*E*T, d_model], [B*E*T, 1]]",,,"[[B*E*T, d_model]]","[2758, 2761]",23,feed_forward,,1,model.layers.23.feed_forward,aten.mul.Tensor,[],prefill,False,
2763,feed_forward,experts,,view,"[[B*E*T, d_model]]",,,"[[E, B*T, d_model]]",[2762],23,feed_forward,experts,2,model.layers.23.feed_forward.experts,aten.view.default,[],prefill,True,
2764,feed_forward,experts,,batched_matmul,"[[E, B*T, d_model], [E, d_model, 2*d_moe]]","[E, d_model, 2*d_moe]",1,"[[E, B*T, 2*d_moe]]",[2763],23,feed_forward,experts,2,model.layers.23.feed_forward.experts,aten.bmm.default,[model.layers.23.feed_forward.experts.gate_up_proj],prefill,False,
2765,feed_forward,experts,,split,"[[E, B*T, 2*d_moe]]",,,"[[E, B*T, d_moe], [E, B*T, d_moe]]",[2764],23,feed_forward,experts,2,model.layers.23.feed_forward.experts,aten.split.Tensor,[],prefill,True,
2766,feed_forward,experts,act_fn,silu,"[[E, B*T, d_moe]]",,,"[[E, B*T, d_moe]]",[2765],23,feed_forward,experts,3,model.layers.23.feed_forward.experts.act_fn,aten.silu.default,[],prefill,False,
2767,feed_forward,experts,,elementwise_mul,"[[E, B*T, d_moe], [E, B*T, d_moe]]",,,"[[E, B*T, d_moe]]","[2765, 2766]",23,feed_forward,experts,2,model.layers.23.feed_forward.experts,aten.mul.Tensor,[],prefill,False,
2768,feed_forward,experts,,batched_matmul,"[[E, B*T, d_moe], [E, d_moe, d_model]]","[E, d_moe, d_model]",1,"[[E, B*T, d_model]]",[2767],23,feed_forward,experts,2,model.layers.23.feed_forward.experts,aten.bmm.default,[model.layers.23.feed_forward.experts.down_proj],prefill,False,
2769,feed_forward,experts,,view,"[[E, B*T, d_model]]",,,"[[B*E*T, d_model]]",[2768],23,feed_forward,experts,2,model.layers.23.feed_forward.experts,aten.view.default,[],prefill,True,
2770,feed_forward,shared_expert,gate_proj,t,"[[d_moe, d_model]]","[d_moe, d_model]",0,"[[d_model, d_moe]]",[],23,feed_forward,shared_expert,3,model.layers.23.feed_forward.shared_expert.gate_proj,aten.t.default,[model.layers.23.feed_forward.shared_expert.gate_proj.weight],prefill,True,
2771,feed_forward,shared_expert,gate_proj,matmul,"[[B*T, d_model], [d_model, d_moe]]","[d_moe, d_model]",1,"[[B*T, d_moe]]","[2749, 2770]",23,feed_forward,shared_expert,3,model.layers.23.feed_forward.shared_expert.gate_proj,aten.mm.default,[model.layers.23.feed_forward.shared_expert.gate_proj.weight],prefill,False,
2772,feed_forward,shared_expert,activation_fn,silu,"[[B*T, d_moe]]",,,"[[B*T, d_moe]]",[2771],23,feed_forward,shared_expert,3,model.layers.23.feed_forward.shared_expert.activation_fn,aten.silu.default,[],prefill,False,
2773,feed_forward,shared_expert,up_proj,t,"[[d_moe, d_model]]","[d_moe, d_model]",0,"[[d_model, d_moe]]",[],23,feed_forward,shared_expert,3,model.layers.23.feed_forward.shared_expert.up_proj,aten.t.default,[model.layers.23.feed_forward.shared_expert.up_proj.weight],prefill,True,
2774,feed_forward,shared_expert,up_proj,matmul,"[[B*T, d_model], [d_model, d_moe]]","[d_moe, d_model]",1,"[[B*T, d_moe]]","[2749, 2773]",23,feed_forward,shared_expert,3,model.layers.23.feed_forward.shared_expert.up_proj,aten.mm.default,[model.layers.23.feed_forward.shared_expert.up_proj.weight],prefill,False,
2775,feed_forward,shared_expert,,elementwise_mul,"[[B*T, d_moe], [B*T, d_moe]]",,,"[[B*T, d_moe]]","[2772, 2774]",23,feed_forward,shared_expert,2,model.layers.23.feed_forward.shared_expert,aten.mul.Tensor,[],prefill,False,
2776,feed_forward,shared_expert,down_proj,t,"[[d_model, d_moe]]","[d_model, d_moe]",0,"[[d_moe, d_model]]",[],23,feed_forward,shared_expert,3,model.layers.23.feed_forward.shared_expert.down_proj,aten.t.default,[model.layers.23.feed_forward.shared_expert.down_proj.weight],prefill,True,
2777,feed_forward,shared_expert,down_proj,matmul,"[[B*T, d_moe], [d_moe, d_model]]","[d_model, d_moe]",1,"[[B*T, d_model]]","[2775, 2776]",23,feed_forward,shared_expert,3,model.layers.23.feed_forward.shared_expert.down_proj,aten.mm.default,[model.layers.23.feed_forward.shared_expert.down_proj.weight],prefill,False,
2778,feed_forward,,,view,"[[B*E*T, d_model]]",,,"[[E, B*T, d_model]]",[2769],23,feed_forward,,1,model.layers.23.feed_forward,aten.view.default,[],prefill,True,
2779,feed_forward,,,sum,"[[E, B*T, d_model]]",,,"[[B*T, d_model]]",[2778],23,feed_forward,,1,model.layers.23.feed_forward,aten.sum.dim_IntList,[],prefill,True,
2780,feed_forward,,,add_,"[[B*T, d_model], [B*T, d_model]]",,,"[[B*T, d_model]]","[2777, 2779]",23,feed_forward,,1,model.layers.23.feed_forward,aten.add_.Tensor,[],prefill,True,
2781,,,,view,"[[B*T, d_model]]",,,"[[B, T, d_model]]",[2780],23,,,0,model.layers.23,aten.view.default,[],prefill,True,
2782,,,,elementwise_add,"[[B, T, d_model], [B, T, d_model]]",,,"[[B, T, d_model]]","[2740, 2781]",23,,,0,model.layers.23,aten.add.Tensor,[],prefill,False,
2783,input_layernorm,,,_to_copy,"[[B, T, d_model]]",,,"[[B, T, d_model]]",[2782],24,input_layernorm,,1,model.layers.24.input_layernorm,aten._to_copy.default,[],prefill,True,
2784,input_layernorm,,,pow,"[[B, T, d_model]]",,,"[[B, T, d_model]]",[2783],24,input_layernorm,,1,model.layers.24.input_layernorm,aten.pow.Tensor_Scalar,[],prefill,False,
2785,input_layernorm,,,mean,"[[B, T, d_model]]",,,"[[B, T, 1]]",[2784],24,input_layernorm,,1,model.layers.24.input_layernorm,aten.mean.dim,[],prefill,False,
2786,input_layernorm,,,elementwise_add,"[[B, T, 1]]",,,"[[B, T, 1]]",[2785],24,input_layernorm,,1,model.layers.24.input_layernorm,aten.add.Tensor,[],prefill,False,
2787,input_layernorm,,,rsqrt,"[[B, T, 1]]",,,"[[B, T, 1]]",[2786],24,input_layernorm,,1,model.layers.24.input_layernorm,aten.rsqrt.default,[],prefill,False,
2788,input_layernorm,,,elementwise_mul,"[[B, T, d_model], [B, T, 1]]",,,"[[B, T, d_model]]","[2783, 2787]",24,input_layernorm,,1,model.layers.24.input_layernorm,aten.mul.Tensor,[],prefill,False,
2789,input_layernorm,,,_to_copy,"[[B, T, d_model]]",,,"[[B, T, d_model]]",[2788],24,input_layernorm,,1,model.layers.24.input_layernorm,aten._to_copy.default,[],prefill,True,
2790,input_layernorm,,,elementwise_mul,"[[B, T, d_model], [d_model]]",,,"[[B, T, d_model]]",[2789],24,input_layernorm,,1,model.layers.24.input_layernorm,aten.mul.Tensor,[model.layers.24.input_layernorm.weight],prefill,False,
2791,self_attn,q_proj,,t,"[[n_h*d_head, d_model]]","[n_h*d_head, d_model]",0,"[[d_model, n_h*d_head]]",[],24,self_attn,q_proj,2,model.layers.24.self_attn.q_proj,aten.t.default,[model.layers.24.self_attn.q_proj.weight],prefill,True,
2792,self_attn,q_proj,,view,"[[B, T, d_model]]",,,"[[B*T, d_model]]",[2790],24,self_attn,q_proj,2,model.layers.24.self_attn.q_proj,aten.view.default,[],prefill,True,
2793,self_attn,q_proj,,matmul,"[[B*T, d_model], [d_model, n_h*d_head]]","[n_h*d_head, d_model]",1,"[[B*T, n_h*d_head]]","[2791, 2792]",24,self_attn,q_proj,2,model.layers.24.self_attn.q_proj,aten.mm.default,[model.layers.24.self_attn.q_proj.weight],prefill,False,
2794,self_attn,q_proj,,_unsafe_view,"[[B*T, n_h*d_head]]",,,"[[B, T, n_h*d_head]]",[2793],24,self_attn,q_proj,2,model.layers.24.self_attn.q_proj,aten._unsafe_view.default,[],prefill,True,
2795,self_attn,,,view,"[[B, T, n_h*d_head]]",,,"[[B, T, n_h, d_head]]",[2794],24,self_attn,,1,model.layers.24.self_attn,aten.view.default,[],prefill,True,
2796,self_attn,k_proj,,t,"[[n_kv*d_head, d_model]]","[n_kv*d_head, d_model]",0,"[[d_model, n_kv*d_head]]",[],24,self_attn,k_proj,2,model.layers.24.self_attn.k_proj,aten.t.default,[model.layers.24.self_attn.k_proj.weight],prefill,True,
2797,self_attn,k_proj,,view,"[[B, T, d_model]]",,,"[[B*T, d_model]]",[2790],24,self_attn,k_proj,2,model.layers.24.self_attn.k_proj,aten.view.default,[],prefill,True,
2798,self_attn,k_proj,,matmul,"[[B*T, d_model], [d_model, n_kv*d_head]]","[n_kv*d_head, d_model]",1,"[[B*T, n_kv*d_head]]","[2796, 2797]",24,self_attn,k_proj,2,model.layers.24.self_attn.k_proj,aten.mm.default,[model.layers.24.self_attn.k_proj.weight],prefill,False,
2799,self_attn,k_proj,,_unsafe_view,"[[B*T, n_kv*d_head]]",,,"[[B, T, n_kv*d_head]]",[2798],24,self_attn,k_proj,2,model.layers.24.self_attn.k_proj,aten._unsafe_view.default,[],prefill,True,
2800,self_attn,,,view,"[[B, T, n_kv*d_head]]",,,"[[B, T, n_kv, d_head]]",[2799],24,self_attn,,1,model.layers.24.self_attn,aten.view.default,[],prefill,True,
2801,self_attn,v_proj,,t,"[[n_kv*d_head, d_model]]","[n_kv*d_head, d_model]",0,"[[d_model, n_kv*d_head]]",[],24,self_attn,v_proj,2,model.layers.24.self_attn.v_proj,aten.t.default,[model.layers.24.self_attn.v_proj.weight],prefill,True,
2802,self_attn,v_proj,,view,"[[B, T, d_model]]",,,"[[B*T, d_model]]",[2790],24,self_attn,v_proj,2,model.layers.24.self_attn.v_proj,aten.view.default,[],prefill,True,
2803,self_attn,v_proj,,matmul,"[[B*T, d_model], [d_model, n_kv*d_head]]","[n_kv*d_head, d_model]",1,"[[B*T, n_kv*d_head]]","[2801, 2802]",24,self_attn,v_proj,2,model.layers.24.self_attn.v_proj,aten.mm.default,[model.layers.24.self_attn.v_proj.weight],prefill,False,
2804,self_attn,v_proj,,_unsafe_view,"[[B*T, n_kv*d_head]]",,,"[[B, T, n_kv*d_head]]",[2803],24,self_attn,v_proj,2,model.layers.24.self_attn.v_proj,aten._unsafe_view.default,[],prefill,True,
2805,self_attn,,,view,"[[B, T, n_kv*d_head]]",,,"[[B, T, n_kv, d_head]]",[2804],24,self_attn,,1,model.layers.24.self_attn,aten.view.default,[],prefill,True,
2806,self_attn,,,transpose,"[[B, T, n_kv, d_head]]",,,"[[B, n_kv, T, d_head]]",[2805],24,self_attn,,1,model.layers.24.self_attn,aten.transpose.int,[],prefill,True,
2807,self_attn,,,_to_copy,"[[B, T, n_h, d_head]]",,,"[[B, T, n_h, d_head]]",[2795],24,self_attn,,1,model.layers.24.self_attn,aten._to_copy.default,[],prefill,True,
2808,self_attn,,,view,"[[B, T, n_h, d_head]]",,,"[[B, T, n_h, d_head/2, 2]]",[2807],24,self_attn,,1,model.layers.24.self_attn,aten.view.default,[],prefill,True,
2809,self_attn,,,view_as_complex,"[[B, T, n_h, d_head/2, 2]]",,,"[[B, T, n_h, d_head/2]]",[2808],24,self_attn,,1,model.layers.24.self_attn,aten.view_as_complex.default,[],prefill,True,
2810,self_attn,,,_to_copy,"[[B, T, n_kv, d_head]]",,,"[[B, T, n_kv, d_head]]",[2800],24,self_attn,,1,model.layers.24.self_attn,aten._to_copy.default,[],prefill,True,
2811,self_attn,,,view,"[[B, T, n_kv, d_head]]",,,"[[B, T, n_kv, d_head/2, 2]]",[2810],24,self_attn,,1,model.layers.24.self_attn,aten.view.default,[],prefill,True,
2812,self_attn,,,view_as_complex,"[[B, T, n_kv, d_head/2, 2]]",,,"[[B, T, n_kv, d_head/2]]",[2811],24,self_attn,,1,model.layers.24.self_attn,aten.view_as_complex.default,[],prefill,True,
2813,self_attn,,,unsqueeze,"[[B, T, d_head/2]]",,,"[[B, T, 1, d_head/2]]",[106],24,self_attn,,1,model.layers.24.self_attn,aten.unsqueeze.default,[],prefill,True,
2814,self_attn,,,elementwise_mul,"[[B, T, n_h, d_head/2], [B, T, 1, d_head/2]]",,,"[[B, T, n_h, d_head/2]]","[2809, 2813]",24,self_attn,,1,model.layers.24.self_attn,aten.mul.Tensor,[],prefill,False,
2815,self_attn,,,view_as_real,"[[B, T, n_h, d_head/2]]",,,"[[B, T, n_h, d_head/2, 2]]",[2814],24,self_attn,,1,model.layers.24.self_attn,aten.view_as_real.default,[],prefill,True,
2816,self_attn,,,view,"[[B, T, n_h, d_head/2, 2]]",,,"[[B, T, n_h, d_head]]",[2815],24,self_attn,,1,model.layers.24.self_attn,aten.view.default,[],prefill,True,
2817,self_attn,,,unsqueeze,"[[B, T, d_head/2]]",,,"[[B, T, 1, d_head/2]]",[106],24,self_attn,,1,model.layers.24.self_attn,aten.unsqueeze.default,[],prefill,True,
2818,self_attn,,,elementwise_mul,"[[B, T, n_kv, d_head/2], [B, T, 1, d_head/2]]",,,"[[B, T, n_kv, d_head/2]]","[2812, 2817]",24,self_attn,,1,model.layers.24.self_attn,aten.mul.Tensor,[],prefill,False,
2819,self_attn,,,view_as_real,"[[B, T, n_kv, d_head/2]]",,,"[[B, T, n_kv, d_head/2, 2]]",[2818],24,self_attn,,1,model.layers.24.self_attn,aten.view_as_real.default,[],prefill,True,
2820,self_attn,,,view,"[[B, T, n_kv, d_head/2, 2]]",,,"[[B, T, n_kv, d_head]]",[2819],24,self_attn,,1,model.layers.24.self_attn,aten.view.default,[],prefill,True,
2821,self_attn,,,_to_copy,"[[B, T, n_h, d_head]]",,,"[[B, T, n_h, d_head]]",[2816],24,self_attn,,1,model.layers.24.self_attn,aten._to_copy.default,[],prefill,True,
2822,self_attn,,,_to_copy,"[[B, T, n_kv, d_head]]",,,"[[B, T, n_kv, d_head]]",[2820],24,self_attn,,1,model.layers.24.self_attn,aten._to_copy.default,[],prefill,True,
2823,self_attn,,,transpose,"[[B, T, n_h, d_head]]",,,"[[B, n_h, T, d_head]]",[2821],24,self_attn,,1,model.layers.24.self_attn,aten.transpose.int,[],prefill,True,
2824,self_attn,,,transpose,"[[B, T, n_kv, d_head]]",,,"[[B, n_kv, T, d_head]]",[2822],24,self_attn,,1,model.layers.24.self_attn,aten.transpose.int,[],prefill,True,
2825,self_attn,,,_to_copy,[[]],,,[[]],[19],24,self_attn,,1,model.layers.24.self_attn,aten._to_copy.default,[],prefill,True,
2826,self_attn,,,concat,"[[0], [B, n_kv, T, d_head]]",,,"[[B, n_kv, T, d_head]]",[2824],24,self_attn,,1,model.layers.24.self_attn,aten.cat.default,[],prefill,False,
2827,self_attn,,,concat,"[[0], [B, n_kv, T, d_head]]",,,"[[B, n_kv, T, d_head]]",[2806],24,self_attn,,1,model.layers.24.self_attn,aten.cat.default,[],prefill,False,
2828,self_attn,,,slice,"[[B, n_kv, T, d_head]]",,,"[[B, n_kv, T, d_head]]",[2826],24,self_attn,,1,model.layers.24.self_attn,aten.slice.Tensor,[],prefill,True,
2829,self_attn,,,slice,"[[B, n_kv, T, d_head]]",,,"[[B, n_kv, T, d_head]]",[2827],24,self_attn,,1,model.layers.24.self_attn,aten.slice.Tensor,[],prefill,True,
2830,self_attn,,,unsqueeze,"[[B, n_kv, T, d_head]]",,,"[[B, n_kv, 1, T, d_head]]",[2826],24,self_attn,,1,model.layers.24.self_attn,aten.unsqueeze.default,[],prefill,True,
2831,self_attn,,,expand,"[[B, n_kv, 1, T, d_head]]",,,"[[B, n_kv, n_h/n_kv, T, d_head]]",[2830],24,self_attn,,1,model.layers.24.self_attn,aten.expand.default,[],prefill,True,
2832,self_attn,,,clone,"[[B, n_kv, n_h/n_kv, T, d_head]]",,,"[[B, n_kv, n_h/n_kv, T, d_head]]",[2831],24,self_attn,,1,model.layers.24.self_attn,aten.clone.default,[],prefill,True,
2833,self_attn,,,_unsafe_view,"[[B, n_kv, n_h/n_kv, T, d_head]]",,,"[[B, n_h, T, d_head]]",[2832],24,self_attn,,1,model.layers.24.self_attn,aten._unsafe_view.default,[],prefill,True,
2834,self_attn,,,unsqueeze,"[[B, n_kv, T, d_head]]",,,"[[B, n_kv, 1, T, d_head]]",[2827],24,self_attn,,1,model.layers.24.self_attn,aten.unsqueeze.default,[],prefill,True,
2835,self_attn,,,expand,"[[B, n_kv, 1, T, d_head]]",,,"[[B, n_kv, n_h/n_kv, T, d_head]]",[2834],24,self_attn,,1,model.layers.24.self_attn,aten.expand.default,[],prefill,True,
2836,self_attn,,,clone,"[[B, n_kv, n_h/n_kv, T, d_head]]",,,"[[B, n_kv, n_h/n_kv, T, d_head]]",[2835],24,self_attn,,1,model.layers.24.self_attn,aten.clone.default,[],prefill,True,
2837,self_attn,,,_unsafe_view,"[[B, n_kv, n_h/n_kv, T, d_head]]",,,"[[B, n_h, T, d_head]]",[2836],24,self_attn,,1,model.layers.24.self_attn,aten._unsafe_view.default,[],prefill,True,
2838,self_attn,,,transpose,"[[B, n_h, T, d_head]]",,,"[[B, n_h, d_head, T]]",[2833],24,self_attn,,1,model.layers.24.self_attn,aten.transpose.int,[],prefill,True,
2839,self_attn,,,expand,"[[B, n_h, T, d_head]]",,,"[[B, n_h, T, d_head]]",[2823],24,self_attn,,1,model.layers.24.self_attn,aten.expand.default,[],prefill,True,
2840,self_attn,,,clone,"[[B, n_h, T, d_head]]",,,"[[B, n_h, T, d_head]]",[2839],24,self_attn,,1,model.layers.24.self_attn,aten.clone.default,[],prefill,True,
2841,self_attn,,,_unsafe_view,"[[B, n_h, T, d_head]]",,,"[[B*n_h, T, d_head]]",[2840],24,self_attn,,1,model.layers.24.self_attn,aten._unsafe_view.default,[],prefill,True,
2842,self_attn,,,expand,"[[B, n_h, d_head, T]]",,,"[[B, n_h, d_head, T]]",[2838],24,self_attn,,1,model.layers.24.self_attn,aten.expand.default,[],prefill,True,
2843,self_attn,,,view,"[[B, n_h, d_head, T]]",,,"[[B*n_h, d_head, T]]",[2842],24,self_attn,,1,model.layers.24.self_attn,aten.view.default,[],prefill,True,
2844,self_attn,,,batched_matmul,"[[B*n_h, T, d_head], [B*n_h, d_head, T]]",,,"[[B*n_h, T, T]]","[2841, 2843]",24,self_attn,,1,model.layers.24.self_attn,aten.bmm.default,[],prefill,False,
2845,self_attn,,,_unsafe_view,"[[B*n_h, T, T]]",,,"[[B, n_h, T, T]]",[2844],24,self_attn,,1,model.layers.24.self_attn,aten._unsafe_view.default,[],prefill,True,
2846,self_attn,,,elementwise_mul,"[[B, n_h, T, T]]",,,"[[B, n_h, T, T]]",[2845],24,self_attn,,1,model.layers.24.self_attn,aten.mul.Tensor,[],prefill,False,
2847,self_attn,,,elementwise_add,"[[B, n_h, T, T], [B, 1, T, T]]",,,"[[B, n_h, T, T]]","[91, 2846]",24,self_attn,,1,model.layers.24.self_attn,aten.add.Tensor,[],prefill,False,
2848,self_attn,,,softmax,"[[B, n_h, T, T]]",,,"[[B, n_h, T, T]]",[2847],24,self_attn,,1,model.layers.24.self_attn,aten._softmax.default,[],prefill,False,
2849,self_attn,,,expand,"[[B, n_h, T, T]]",,,"[[B, n_h, T, T]]",[2848],24,self_attn,,1,model.layers.24.self_attn,aten.expand.default,[],prefill,True,
2850,self_attn,,,view,"[[B, n_h, T, T]]",,,"[[B*n_h, T, T]]",[2849],24,self_attn,,1,model.layers.24.self_attn,aten.view.default,[],prefill,True,
2851,self_attn,,,expand,"[[B, n_h, T, d_head]]",,,"[[B, n_h, T, d_head]]",[2837],24,self_attn,,1,model.layers.24.self_attn,aten.expand.default,[],prefill,True,
2852,self_attn,,,view,"[[B, n_h, T, d_head]]",,,"[[B*n_h, T, d_head]]",[2851],24,self_attn,,1,model.layers.24.self_attn,aten.view.default,[],prefill,True,
2853,self_attn,,,batched_matmul,"[[B*n_h, T, T], [B*n_h, T, d_head]]",,,"[[B*n_h, T, d_head]]","[2850, 2852]",24,self_attn,,1,model.layers.24.self_attn,aten.bmm.default,[],prefill,False,
2854,self_attn,,,_unsafe_view,"[[B*n_h, T, d_head]]",,,"[[B, n_h, T, d_head]]",[2853],24,self_attn,,1,model.layers.24.self_attn,aten._unsafe_view.default,[],prefill,True,
2855,self_attn,,,transpose,"[[B, n_h, T, d_head]]",,,"[[B, T, n_h, d_head]]",[2854],24,self_attn,,1,model.layers.24.self_attn,aten.transpose.int,[],prefill,True,
2856,self_attn,,,clone,"[[B, T, n_h, d_head]]",,,"[[B, T, n_h, d_head]]",[2855],24,self_attn,,1,model.layers.24.self_attn,aten.clone.default,[],prefill,True,
2857,self_attn,,,view,"[[B, T, n_h, d_head]]",,,"[[B, T, n_h*d_head]]",[2856],24,self_attn,,1,model.layers.24.self_attn,aten.view.default,[],prefill,True,
2858,self_attn,o_proj,,t,"[[d_model, n_h*d_head]]","[d_model, n_h*d_head]",0,"[[n_h*d_head, d_model]]",[],24,self_attn,o_proj,2,model.layers.24.self_attn.o_proj,aten.t.default,[model.layers.24.self_attn.o_proj.weight],prefill,True,
2859,self_attn,o_proj,,view,"[[B, T, n_h*d_head]]",,,"[[B*T, n_h*d_head]]",[2857],24,self_attn,o_proj,2,model.layers.24.self_attn.o_proj,aten.view.default,[],prefill,True,
2860,self_attn,o_proj,,matmul,"[[B*T, n_h*d_head], [n_h*d_head, d_model]]","[d_model, n_h*d_head]",1,"[[B*T, d_model]]","[2858, 2859]",24,self_attn,o_proj,2,model.layers.24.self_attn.o_proj,aten.mm.default,[model.layers.24.self_attn.o_proj.weight],prefill,False,
2861,self_attn,o_proj,,_unsafe_view,"[[B*T, d_model]]",,,"[[B, T, d_model]]",[2860],24,self_attn,o_proj,2,model.layers.24.self_attn.o_proj,aten._unsafe_view.default,[],prefill,True,
2862,,,,elementwise_add,"[[B, T, d_model], [B, T, d_model]]",,,"[[B, T, d_model]]","[2782, 2861]",24,,,0,model.layers.24,aten.add.Tensor,[],prefill,False,
2863,post_attention_layernorm,,,_to_copy,"[[B, T, d_model]]",,,"[[B, T, d_model]]",[2862],24,post_attention_layernorm,,1,model.layers.24.post_attention_layernorm,aten._to_copy.default,[],prefill,True,
2864,post_attention_layernorm,,,pow,"[[B, T, d_model]]",,,"[[B, T, d_model]]",[2863],24,post_attention_layernorm,,1,model.layers.24.post_attention_layernorm,aten.pow.Tensor_Scalar,[],prefill,False,
2865,post_attention_layernorm,,,mean,"[[B, T, d_model]]",,,"[[B, T, 1]]",[2864],24,post_attention_layernorm,,1,model.layers.24.post_attention_layernorm,aten.mean.dim,[],prefill,False,
2866,post_attention_layernorm,,,elementwise_add,"[[B, T, 1]]",,,"[[B, T, 1]]",[2865],24,post_attention_layernorm,,1,model.layers.24.post_attention_layernorm,aten.add.Tensor,[],prefill,False,
2867,post_attention_layernorm,,,rsqrt,"[[B, T, 1]]",,,"[[B, T, 1]]",[2866],24,post_attention_layernorm,,1,model.layers.24.post_attention_layernorm,aten.rsqrt.default,[],prefill,False,
2868,post_attention_layernorm,,,elementwise_mul,"[[B, T, d_model], [B, T, 1]]",,,"[[B, T, d_model]]","[2863, 2867]",24,post_attention_layernorm,,1,model.layers.24.post_attention_layernorm,aten.mul.Tensor,[],prefill,False,
2869,post_attention_layernorm,,,_to_copy,"[[B, T, d_model]]",,,"[[B, T, d_model]]",[2868],24,post_attention_layernorm,,1,model.layers.24.post_attention_layernorm,aten._to_copy.default,[],prefill,True,
2870,post_attention_layernorm,,,elementwise_mul,"[[B, T, d_model], [d_model]]",,,"[[B, T, d_model]]",[2869],24,post_attention_layernorm,,1,model.layers.24.post_attention_layernorm,aten.mul.Tensor,[model.layers.24.post_attention_layernorm.weight],prefill,False,
2871,feed_forward,gate_proj,,t,"[[d_ff, d_model]]","[d_ff, d_model]",0,"[[d_model, d_ff]]",[],24,feed_forward,gate_proj,2,model.layers.24.feed_forward.gate_proj,aten.t.default,[model.layers.24.feed_forward.gate_proj.weight],prefill,True,
2872,feed_forward,gate_proj,,view,"[[B, T, d_model]]",,,"[[B*T, d_model]]",[2870],24,feed_forward,gate_proj,2,model.layers.24.feed_forward.gate_proj,aten.view.default,[],prefill,True,
2873,feed_forward,gate_proj,,matmul,"[[B*T, d_model], [d_model, d_ff]]","[d_ff, d_model]",1,"[[B*T, d_ff]]","[2871, 2872]",24,feed_forward,gate_proj,2,model.layers.24.feed_forward.gate_proj,aten.mm.default,[model.layers.24.feed_forward.gate_proj.weight],prefill,False,
2874,feed_forward,gate_proj,,_unsafe_view,"[[B*T, d_ff]]",,,"[[B, T, d_ff]]",[2873],24,feed_forward,gate_proj,2,model.layers.24.feed_forward.gate_proj,aten._unsafe_view.default,[],prefill,True,
2875,feed_forward,activation_fn,,silu,"[[B, T, d_ff]]",,,"[[B, T, d_ff]]",[2874],24,feed_forward,activation_fn,2,model.layers.24.feed_forward.activation_fn,aten.silu.default,[],prefill,False,
2876,feed_forward,up_proj,,t,"[[d_ff, d_model]]","[d_ff, d_model]",0,"[[d_model, d_ff]]",[],24,feed_forward,up_proj,2,model.layers.24.feed_forward.up_proj,aten.t.default,[model.layers.24.feed_forward.up_proj.weight],prefill,True,
2877,feed_forward,up_proj,,view,"[[B, T, d_model]]",,,"[[B*T, d_model]]",[2870],24,feed_forward,up_proj,2,model.layers.24.feed_forward.up_proj,aten.view.default,[],prefill,True,
2878,feed_forward,up_proj,,matmul,"[[B*T, d_model], [d_model, d_ff]]","[d_ff, d_model]",1,"[[B*T, d_ff]]","[2876, 2877]",24,feed_forward,up_proj,2,model.layers.24.feed_forward.up_proj,aten.mm.default,[model.layers.24.feed_forward.up_proj.weight],prefill,False,
2879,feed_forward,up_proj,,_unsafe_view,"[[B*T, d_ff]]",,,"[[B, T, d_ff]]",[2878],24,feed_forward,up_proj,2,model.layers.24.feed_forward.up_proj,aten._unsafe_view.default,[],prefill,True,
2880,feed_forward,,,elementwise_mul,"[[B, T, d_ff], [B, T, d_ff]]",,,"[[B, T, d_ff]]","[2875, 2879]",24,feed_forward,,1,model.layers.24.feed_forward,aten.mul.Tensor,[],prefill,False,
2881,feed_forward,down_proj,,t,"[[d_model, d_ff]]","[d_model, d_ff]",0,"[[d_ff, d_model]]",[],24,feed_forward,down_proj,2,model.layers.24.feed_forward.down_proj,aten.t.default,[model.layers.24.feed_forward.down_proj.weight],prefill,True,
2882,feed_forward,down_proj,,view,"[[B, T, d_ff]]",,,"[[B*T, d_ff]]",[2880],24,feed_forward,down_proj,2,model.layers.24.feed_forward.down_proj,aten.view.default,[],prefill,True,
2883,feed_forward,down_proj,,matmul,"[[B*T, d_ff], [d_ff, d_model]]","[d_model, d_ff]",1,"[[B*T, d_model]]","[2881, 2882]",24,feed_forward,down_proj,2,model.layers.24.feed_forward.down_proj,aten.mm.default,[model.layers.24.feed_forward.down_proj.weight],prefill,False,
2884,feed_forward,down_proj,,_unsafe_view,"[[B*T, d_model]]",,,"[[B, T, d_model]]",[2883],24,feed_forward,down_proj,2,model.layers.24.feed_forward.down_proj,aten._unsafe_view.default,[],prefill,True,
2885,,,,view,"[[B, T, d_model]]",,,"[[B, T, d_model]]",[2884],24,,,0,model.layers.24,aten.view.default,[],prefill,True,
2886,,,,elementwise_add,"[[B, T, d_model], [B, T, d_model]]",,,"[[B, T, d_model]]","[2862, 2885]",24,,,0,model.layers.24,aten.add.Tensor,[],prefill,False,
2887,input_layernorm,,,_to_copy,"[[B, T, d_model]]",,,"[[B, T, d_model]]",[2886],25,input_layernorm,,1,model.layers.25.input_layernorm,aten._to_copy.default,[],prefill,True,
2888,input_layernorm,,,pow,"[[B, T, d_model]]",,,"[[B, T, d_model]]",[2887],25,input_layernorm,,1,model.layers.25.input_layernorm,aten.pow.Tensor_Scalar,[],prefill,False,
2889,input_layernorm,,,mean,"[[B, T, d_model]]",,,"[[B, T, 1]]",[2888],25,input_layernorm,,1,model.layers.25.input_layernorm,aten.mean.dim,[],prefill,False,
2890,input_layernorm,,,elementwise_add,"[[B, T, 1]]",,,"[[B, T, 1]]",[2889],25,input_layernorm,,1,model.layers.25.input_layernorm,aten.add.Tensor,[],prefill,False,
2891,input_layernorm,,,rsqrt,"[[B, T, 1]]",,,"[[B, T, 1]]",[2890],25,input_layernorm,,1,model.layers.25.input_layernorm,aten.rsqrt.default,[],prefill,False,
2892,input_layernorm,,,elementwise_mul,"[[B, T, d_model], [B, T, 1]]",,,"[[B, T, d_model]]","[2887, 2891]",25,input_layernorm,,1,model.layers.25.input_layernorm,aten.mul.Tensor,[],prefill,False,
2893,input_layernorm,,,_to_copy,"[[B, T, d_model]]",,,"[[B, T, d_model]]",[2892],25,input_layernorm,,1,model.layers.25.input_layernorm,aten._to_copy.default,[],prefill,True,
2894,input_layernorm,,,elementwise_mul,"[[B, T, d_model], [d_model]]",,,"[[B, T, d_model]]",[2893],25,input_layernorm,,1,model.layers.25.input_layernorm,aten.mul.Tensor,[model.layers.25.input_layernorm.weight],prefill,False,
2895,self_attn,q_proj,,t,"[[n_h*d_head, d_model]]","[n_h*d_head, d_model]",0,"[[d_model, n_h*d_head]]",[],25,self_attn,q_proj,2,model.layers.25.self_attn.q_proj,aten.t.default,[model.layers.25.self_attn.q_proj.weight],prefill,True,
2896,self_attn,q_proj,,view,"[[B, T, d_model]]",,,"[[B*T, d_model]]",[2894],25,self_attn,q_proj,2,model.layers.25.self_attn.q_proj,aten.view.default,[],prefill,True,
2897,self_attn,q_proj,,matmul,"[[B*T, d_model], [d_model, n_h*d_head]]","[n_h*d_head, d_model]",1,"[[B*T, n_h*d_head]]","[2895, 2896]",25,self_attn,q_proj,2,model.layers.25.self_attn.q_proj,aten.mm.default,[model.layers.25.self_attn.q_proj.weight],prefill,False,
2898,self_attn,q_proj,,_unsafe_view,"[[B*T, n_h*d_head]]",,,"[[B, T, n_h*d_head]]",[2897],25,self_attn,q_proj,2,model.layers.25.self_attn.q_proj,aten._unsafe_view.default,[],prefill,True,
2899,self_attn,,,view,"[[B, T, n_h*d_head]]",,,"[[B, T, n_h, d_head]]",[2898],25,self_attn,,1,model.layers.25.self_attn,aten.view.default,[],prefill,True,
2900,self_attn,k_proj,,t,"[[n_kv*d_head, d_model]]","[n_kv*d_head, d_model]",0,"[[d_model, n_kv*d_head]]",[],25,self_attn,k_proj,2,model.layers.25.self_attn.k_proj,aten.t.default,[model.layers.25.self_attn.k_proj.weight],prefill,True,
2901,self_attn,k_proj,,view,"[[B, T, d_model]]",,,"[[B*T, d_model]]",[2894],25,self_attn,k_proj,2,model.layers.25.self_attn.k_proj,aten.view.default,[],prefill,True,
2902,self_attn,k_proj,,matmul,"[[B*T, d_model], [d_model, n_kv*d_head]]","[n_kv*d_head, d_model]",1,"[[B*T, n_kv*d_head]]","[2900, 2901]",25,self_attn,k_proj,2,model.layers.25.self_attn.k_proj,aten.mm.default,[model.layers.25.self_attn.k_proj.weight],prefill,False,
2903,self_attn,k_proj,,_unsafe_view,"[[B*T, n_kv*d_head]]",,,"[[B, T, n_kv*d_head]]",[2902],25,self_attn,k_proj,2,model.layers.25.self_attn.k_proj,aten._unsafe_view.default,[],prefill,True,
2904,self_attn,,,view,"[[B, T, n_kv*d_head]]",,,"[[B, T, n_kv, d_head]]",[2903],25,self_attn,,1,model.layers.25.self_attn,aten.view.default,[],prefill,True,
2905,self_attn,v_proj,,t,"[[n_kv*d_head, d_model]]","[n_kv*d_head, d_model]",0,"[[d_model, n_kv*d_head]]",[],25,self_attn,v_proj,2,model.layers.25.self_attn.v_proj,aten.t.default,[model.layers.25.self_attn.v_proj.weight],prefill,True,
2906,self_attn,v_proj,,view,"[[B, T, d_model]]",,,"[[B*T, d_model]]",[2894],25,self_attn,v_proj,2,model.layers.25.self_attn.v_proj,aten.view.default,[],prefill,True,
2907,self_attn,v_proj,,matmul,"[[B*T, d_model], [d_model, n_kv*d_head]]","[n_kv*d_head, d_model]",1,"[[B*T, n_kv*d_head]]","[2905, 2906]",25,self_attn,v_proj,2,model.layers.25.self_attn.v_proj,aten.mm.default,[model.layers.25.self_attn.v_proj.weight],prefill,False,
2908,self_attn,v_proj,,_unsafe_view,"[[B*T, n_kv*d_head]]",,,"[[B, T, n_kv*d_head]]",[2907],25,self_attn,v_proj,2,model.layers.25.self_attn.v_proj,aten._unsafe_view.default,[],prefill,True,
2909,self_attn,,,view,"[[B, T, n_kv*d_head]]",,,"[[B, T, n_kv, d_head]]",[2908],25,self_attn,,1,model.layers.25.self_attn,aten.view.default,[],prefill,True,
2910,self_attn,,,transpose,"[[B, T, n_kv, d_head]]",,,"[[B, n_kv, T, d_head]]",[2909],25,self_attn,,1,model.layers.25.self_attn,aten.transpose.int,[],prefill,True,
2911,self_attn,,,_to_copy,"[[B, T, n_h, d_head]]",,,"[[B, T, n_h, d_head]]",[2899],25,self_attn,,1,model.layers.25.self_attn,aten._to_copy.default,[],prefill,True,
2912,self_attn,,,view,"[[B, T, n_h, d_head]]",,,"[[B, T, n_h, d_head/2, 2]]",[2911],25,self_attn,,1,model.layers.25.self_attn,aten.view.default,[],prefill,True,
2913,self_attn,,,view_as_complex,"[[B, T, n_h, d_head/2, 2]]",,,"[[B, T, n_h, d_head/2]]",[2912],25,self_attn,,1,model.layers.25.self_attn,aten.view_as_complex.default,[],prefill,True,
2914,self_attn,,,_to_copy,"[[B, T, n_kv, d_head]]",,,"[[B, T, n_kv, d_head]]",[2904],25,self_attn,,1,model.layers.25.self_attn,aten._to_copy.default,[],prefill,True,
2915,self_attn,,,view,"[[B, T, n_kv, d_head]]",,,"[[B, T, n_kv, d_head/2, 2]]",[2914],25,self_attn,,1,model.layers.25.self_attn,aten.view.default,[],prefill,True,
2916,self_attn,,,view_as_complex,"[[B, T, n_kv, d_head/2, 2]]",,,"[[B, T, n_kv, d_head/2]]",[2915],25,self_attn,,1,model.layers.25.self_attn,aten.view_as_complex.default,[],prefill,True,
2917,self_attn,,,unsqueeze,"[[B, T, d_head/2]]",,,"[[B, T, 1, d_head/2]]",[106],25,self_attn,,1,model.layers.25.self_attn,aten.unsqueeze.default,[],prefill,True,
2918,self_attn,,,elementwise_mul,"[[B, T, n_h, d_head/2], [B, T, 1, d_head/2]]",,,"[[B, T, n_h, d_head/2]]","[2913, 2917]",25,self_attn,,1,model.layers.25.self_attn,aten.mul.Tensor,[],prefill,False,
2919,self_attn,,,view_as_real,"[[B, T, n_h, d_head/2]]",,,"[[B, T, n_h, d_head/2, 2]]",[2918],25,self_attn,,1,model.layers.25.self_attn,aten.view_as_real.default,[],prefill,True,
2920,self_attn,,,view,"[[B, T, n_h, d_head/2, 2]]",,,"[[B, T, n_h, d_head]]",[2919],25,self_attn,,1,model.layers.25.self_attn,aten.view.default,[],prefill,True,
2921,self_attn,,,unsqueeze,"[[B, T, d_head/2]]",,,"[[B, T, 1, d_head/2]]",[106],25,self_attn,,1,model.layers.25.self_attn,aten.unsqueeze.default,[],prefill,True,
2922,self_attn,,,elementwise_mul,"[[B, T, n_kv, d_head/2], [B, T, 1, d_head/2]]",,,"[[B, T, n_kv, d_head/2]]","[2916, 2921]",25,self_attn,,1,model.layers.25.self_attn,aten.mul.Tensor,[],prefill,False,
2923,self_attn,,,view_as_real,"[[B, T, n_kv, d_head/2]]",,,"[[B, T, n_kv, d_head/2, 2]]",[2922],25,self_attn,,1,model.layers.25.self_attn,aten.view_as_real.default,[],prefill,True,
2924,self_attn,,,view,"[[B, T, n_kv, d_head/2, 2]]",,,"[[B, T, n_kv, d_head]]",[2923],25,self_attn,,1,model.layers.25.self_attn,aten.view.default,[],prefill,True,
2925,self_attn,,,_to_copy,"[[B, T, n_h, d_head]]",,,"[[B, T, n_h, d_head]]",[2920],25,self_attn,,1,model.layers.25.self_attn,aten._to_copy.default,[],prefill,True,
2926,self_attn,,,_to_copy,"[[B, T, n_kv, d_head]]",,,"[[B, T, n_kv, d_head]]",[2924],25,self_attn,,1,model.layers.25.self_attn,aten._to_copy.default,[],prefill,True,
2927,self_attn,,,transpose,"[[B, T, n_h, d_head]]",,,"[[B, n_h, T, d_head]]",[2925],25,self_attn,,1,model.layers.25.self_attn,aten.transpose.int,[],prefill,True,
2928,self_attn,,,transpose,"[[B, T, n_kv, d_head]]",,,"[[B, n_kv, T, d_head]]",[2926],25,self_attn,,1,model.layers.25.self_attn,aten.transpose.int,[],prefill,True,
2929,self_attn,,,_to_copy,[[]],,,[[]],[20],25,self_attn,,1,model.layers.25.self_attn,aten._to_copy.default,[],prefill,True,
2930,self_attn,,,concat,"[[0], [B, n_kv, T, d_head]]",,,"[[B, n_kv, T, d_head]]",[2928],25,self_attn,,1,model.layers.25.self_attn,aten.cat.default,[],prefill,False,
2931,self_attn,,,concat,"[[0], [B, n_kv, T, d_head]]",,,"[[B, n_kv, T, d_head]]",[2910],25,self_attn,,1,model.layers.25.self_attn,aten.cat.default,[],prefill,False,
2932,self_attn,,,slice,"[[B, n_kv, T, d_head]]",,,"[[B, n_kv, T, d_head]]",[2930],25,self_attn,,1,model.layers.25.self_attn,aten.slice.Tensor,[],prefill,True,
2933,self_attn,,,slice,"[[B, n_kv, T, d_head]]",,,"[[B, n_kv, T, d_head]]",[2931],25,self_attn,,1,model.layers.25.self_attn,aten.slice.Tensor,[],prefill,True,
2934,self_attn,,,unsqueeze,"[[B, n_kv, T, d_head]]",,,"[[B, n_kv, 1, T, d_head]]",[2930],25,self_attn,,1,model.layers.25.self_attn,aten.unsqueeze.default,[],prefill,True,
2935,self_attn,,,expand,"[[B, n_kv, 1, T, d_head]]",,,"[[B, n_kv, n_h/n_kv, T, d_head]]",[2934],25,self_attn,,1,model.layers.25.self_attn,aten.expand.default,[],prefill,True,
2936,self_attn,,,clone,"[[B, n_kv, n_h/n_kv, T, d_head]]",,,"[[B, n_kv, n_h/n_kv, T, d_head]]",[2935],25,self_attn,,1,model.layers.25.self_attn,aten.clone.default,[],prefill,True,
2937,self_attn,,,_unsafe_view,"[[B, n_kv, n_h/n_kv, T, d_head]]",,,"[[B, n_h, T, d_head]]",[2936],25,self_attn,,1,model.layers.25.self_attn,aten._unsafe_view.default,[],prefill,True,
2938,self_attn,,,unsqueeze,"[[B, n_kv, T, d_head]]",,,"[[B, n_kv, 1, T, d_head]]",[2931],25,self_attn,,1,model.layers.25.self_attn,aten.unsqueeze.default,[],prefill,True,
2939,self_attn,,,expand,"[[B, n_kv, 1, T, d_head]]",,,"[[B, n_kv, n_h/n_kv, T, d_head]]",[2938],25,self_attn,,1,model.layers.25.self_attn,aten.expand.default,[],prefill,True,
2940,self_attn,,,clone,"[[B, n_kv, n_h/n_kv, T, d_head]]",,,"[[B, n_kv, n_h/n_kv, T, d_head]]",[2939],25,self_attn,,1,model.layers.25.self_attn,aten.clone.default,[],prefill,True,
2941,self_attn,,,_unsafe_view,"[[B, n_kv, n_h/n_kv, T, d_head]]",,,"[[B, n_h, T, d_head]]",[2940],25,self_attn,,1,model.layers.25.self_attn,aten._unsafe_view.default,[],prefill,True,
2942,self_attn,,,transpose,"[[B, n_h, T, d_head]]",,,"[[B, n_h, d_head, T]]",[2937],25,self_attn,,1,model.layers.25.self_attn,aten.transpose.int,[],prefill,True,
2943,self_attn,,,expand,"[[B, n_h, T, d_head]]",,,"[[B, n_h, T, d_head]]",[2927],25,self_attn,,1,model.layers.25.self_attn,aten.expand.default,[],prefill,True,
2944,self_attn,,,clone,"[[B, n_h, T, d_head]]",,,"[[B, n_h, T, d_head]]",[2943],25,self_attn,,1,model.layers.25.self_attn,aten.clone.default,[],prefill,True,
2945,self_attn,,,_unsafe_view,"[[B, n_h, T, d_head]]",,,"[[B*n_h, T, d_head]]",[2944],25,self_attn,,1,model.layers.25.self_attn,aten._unsafe_view.default,[],prefill,True,
2946,self_attn,,,expand,"[[B, n_h, d_head, T]]",,,"[[B, n_h, d_head, T]]",[2942],25,self_attn,,1,model.layers.25.self_attn,aten.expand.default,[],prefill,True,
2947,self_attn,,,view,"[[B, n_h, d_head, T]]",,,"[[B*n_h, d_head, T]]",[2946],25,self_attn,,1,model.layers.25.self_attn,aten.view.default,[],prefill,True,
2948,self_attn,,,batched_matmul,"[[B*n_h, T, d_head], [B*n_h, d_head, T]]",,,"[[B*n_h, T, T]]","[2945, 2947]",25,self_attn,,1,model.layers.25.self_attn,aten.bmm.default,[],prefill,False,
2949,self_attn,,,_unsafe_view,"[[B*n_h, T, T]]",,,"[[B, n_h, T, T]]",[2948],25,self_attn,,1,model.layers.25.self_attn,aten._unsafe_view.default,[],prefill,True,
2950,self_attn,,,elementwise_mul,"[[B, n_h, T, T]]",,,"[[B, n_h, T, T]]",[2949],25,self_attn,,1,model.layers.25.self_attn,aten.mul.Tensor,[],prefill,False,
2951,self_attn,,,elementwise_add,"[[B, n_h, T, T], [B, 1, T, T]]",,,"[[B, n_h, T, T]]","[91, 2950]",25,self_attn,,1,model.layers.25.self_attn,aten.add.Tensor,[],prefill,False,
2952,self_attn,,,softmax,"[[B, n_h, T, T]]",,,"[[B, n_h, T, T]]",[2951],25,self_attn,,1,model.layers.25.self_attn,aten._softmax.default,[],prefill,False,
2953,self_attn,,,expand,"[[B, n_h, T, T]]",,,"[[B, n_h, T, T]]",[2952],25,self_attn,,1,model.layers.25.self_attn,aten.expand.default,[],prefill,True,
2954,self_attn,,,view,"[[B, n_h, T, T]]",,,"[[B*n_h, T, T]]",[2953],25,self_attn,,1,model.layers.25.self_attn,aten.view.default,[],prefill,True,
2955,self_attn,,,expand,"[[B, n_h, T, d_head]]",,,"[[B, n_h, T, d_head]]",[2941],25,self_attn,,1,model.layers.25.self_attn,aten.expand.default,[],prefill,True,
2956,self_attn,,,view,"[[B, n_h, T, d_head]]",,,"[[B*n_h, T, d_head]]",[2955],25,self_attn,,1,model.layers.25.self_attn,aten.view.default,[],prefill,True,
2957,self_attn,,,batched_matmul,"[[B*n_h, T, T], [B*n_h, T, d_head]]",,,"[[B*n_h, T, d_head]]","[2954, 2956]",25,self_attn,,1,model.layers.25.self_attn,aten.bmm.default,[],prefill,False,
2958,self_attn,,,_unsafe_view,"[[B*n_h, T, d_head]]",,,"[[B, n_h, T, d_head]]",[2957],25,self_attn,,1,model.layers.25.self_attn,aten._unsafe_view.default,[],prefill,True,
2959,self_attn,,,transpose,"[[B, n_h, T, d_head]]",,,"[[B, T, n_h, d_head]]",[2958],25,self_attn,,1,model.layers.25.self_attn,aten.transpose.int,[],prefill,True,
2960,self_attn,,,clone,"[[B, T, n_h, d_head]]",,,"[[B, T, n_h, d_head]]",[2959],25,self_attn,,1,model.layers.25.self_attn,aten.clone.default,[],prefill,True,
2961,self_attn,,,view,"[[B, T, n_h, d_head]]",,,"[[B, T, n_h*d_head]]",[2960],25,self_attn,,1,model.layers.25.self_attn,aten.view.default,[],prefill,True,
2962,self_attn,o_proj,,t,"[[d_model, n_h*d_head]]","[d_model, n_h*d_head]",0,"[[n_h*d_head, d_model]]",[],25,self_attn,o_proj,2,model.layers.25.self_attn.o_proj,aten.t.default,[model.layers.25.self_attn.o_proj.weight],prefill,True,
2963,self_attn,o_proj,,view,"[[B, T, n_h*d_head]]",,,"[[B*T, n_h*d_head]]",[2961],25,self_attn,o_proj,2,model.layers.25.self_attn.o_proj,aten.view.default,[],prefill,True,
2964,self_attn,o_proj,,matmul,"[[B*T, n_h*d_head], [n_h*d_head, d_model]]","[d_model, n_h*d_head]",1,"[[B*T, d_model]]","[2962, 2963]",25,self_attn,o_proj,2,model.layers.25.self_attn.o_proj,aten.mm.default,[model.layers.25.self_attn.o_proj.weight],prefill,False,
2965,self_attn,o_proj,,_unsafe_view,"[[B*T, d_model]]",,,"[[B, T, d_model]]",[2964],25,self_attn,o_proj,2,model.layers.25.self_attn.o_proj,aten._unsafe_view.default,[],prefill,True,
2966,,,,elementwise_add,"[[B, T, d_model], [B, T, d_model]]",,,"[[B, T, d_model]]","[2886, 2965]",25,,,0,model.layers.25,aten.add.Tensor,[],prefill,False,
2967,post_attention_layernorm,,,_to_copy,"[[B, T, d_model]]",,,"[[B, T, d_model]]",[2966],25,post_attention_layernorm,,1,model.layers.25.post_attention_layernorm,aten._to_copy.default,[],prefill,True,
2968,post_attention_layernorm,,,pow,"[[B, T, d_model]]",,,"[[B, T, d_model]]",[2967],25,post_attention_layernorm,,1,model.layers.25.post_attention_layernorm,aten.pow.Tensor_Scalar,[],prefill,False,
2969,post_attention_layernorm,,,mean,"[[B, T, d_model]]",,,"[[B, T, 1]]",[2968],25,post_attention_layernorm,,1,model.layers.25.post_attention_layernorm,aten.mean.dim,[],prefill,False,
2970,post_attention_layernorm,,,elementwise_add,"[[B, T, 1]]",,,"[[B, T, 1]]",[2969],25,post_attention_layernorm,,1,model.layers.25.post_attention_layernorm,aten.add.Tensor,[],prefill,False,
2971,post_attention_layernorm,,,rsqrt,"[[B, T, 1]]",,,"[[B, T, 1]]",[2970],25,post_attention_layernorm,,1,model.layers.25.post_attention_layernorm,aten.rsqrt.default,[],prefill,False,
2972,post_attention_layernorm,,,elementwise_mul,"[[B, T, d_model], [B, T, 1]]",,,"[[B, T, d_model]]","[2967, 2971]",25,post_attention_layernorm,,1,model.layers.25.post_attention_layernorm,aten.mul.Tensor,[],prefill,False,
2973,post_attention_layernorm,,,_to_copy,"[[B, T, d_model]]",,,"[[B, T, d_model]]",[2972],25,post_attention_layernorm,,1,model.layers.25.post_attention_layernorm,aten._to_copy.default,[],prefill,True,
2974,post_attention_layernorm,,,elementwise_mul,"[[B, T, d_model], [d_model]]",,,"[[B, T, d_model]]",[2973],25,post_attention_layernorm,,1,model.layers.25.post_attention_layernorm,aten.mul.Tensor,[model.layers.25.post_attention_layernorm.weight],prefill,False,
2975,feed_forward,,,view,"[[B, T, d_model]]",,,"[[B*T, d_model]]",[2974],25,feed_forward,,1,model.layers.25.feed_forward,aten.view.default,[],prefill,True,
2976,feed_forward,router,,t,"[[E, d_model]]","[E, d_model]",0,"[[d_model, E]]",[],25,feed_forward,router,2,model.layers.25.feed_forward.router,aten.t.default,[model.layers.25.feed_forward.router.weight],prefill,True,
2977,feed_forward,router,,matmul,"[[B*T, d_model], [d_model, E]]","[E, d_model]",1,"[[B*T, E]]","[2975, 2976]",25,feed_forward,router,2,model.layers.25.feed_forward.router,aten.mm.default,[model.layers.25.feed_forward.router.weight],prefill,False,
2978,feed_forward,router,,topk,"[[B*T, E]]",,,"[[B*T, 1], [B*T, 1]]",[2977],25,feed_forward,router,2,model.layers.25.feed_forward.router,aten.topk.default,[],prefill,False,
2979,feed_forward,router,,full_like,"[[B*T, E]]",,,"[[B*T, E]]",[2977],25,feed_forward,router,2,model.layers.25.feed_forward.router,aten.full_like.default,[],prefill,True,
2980,feed_forward,router,,scatter_,"[[B*T, E], [B*T, 1], [B*T, 1]]",,,"[[B*T, E]]","[2978, 2979]",25,feed_forward,router,2,model.layers.25.feed_forward.router,aten.scatter_.src,[],prefill,True,
2981,feed_forward,router,,_to_copy,"[[B*T, E]]",,,"[[B*T, E]]",[2980],25,feed_forward,router,2,model.layers.25.feed_forward.router,aten._to_copy.default,[],prefill,True,
2982,feed_forward,router,,sigmoid,"[[B*T, E]]",,,"[[B*T, E]]",[2981],25,feed_forward,router,2,model.layers.25.feed_forward.router,aten.sigmoid.default,[],prefill,False,
2983,feed_forward,router,,_to_copy,"[[B*T, E]]",,,"[[B*T, E]]",[2982],25,feed_forward,router,2,model.layers.25.feed_forward.router,aten._to_copy.default,[],prefill,True,
2984,feed_forward,,,repeat,"[[B*T, d_model]]",,,"[[B*E*T, d_model]]",[2975],25,feed_forward,,1,model.layers.25.feed_forward,aten.repeat.default,[],prefill,True,
2985,feed_forward,,,transpose,"[[B*T, E]]",,,"[[E, B*T]]",[2983],25,feed_forward,,1,model.layers.25.feed_forward,aten.transpose.int,[],prefill,True,
2986,feed_forward,,,clone,"[[E, B*T]]",,,"[[E, B*T]]",[2985],25,feed_forward,,1,model.layers.25.feed_forward,aten.clone.default,[],prefill,True,
2987,feed_forward,,,_unsafe_view,"[[E, B*T]]",,,"[[B*E*T, 1]]",[2986],25,feed_forward,,1,model.layers.25.feed_forward,aten._unsafe_view.default,[],prefill,True,
2988,feed_forward,,,elementwise_mul,"[[B*E*T, d_model], [B*E*T, 1]]",,,"[[B*E*T, d_model]]","[2984, 2987]",25,feed_forward,,1,model.layers.25.feed_forward,aten.mul.Tensor,[],prefill,False,
2989,feed_forward,experts,,view,"[[B*E*T, d_model]]",,,"[[E, B*T, d_model]]",[2988],25,feed_forward,experts,2,model.layers.25.feed_forward.experts,aten.view.default,[],prefill,True,
2990,feed_forward,experts,,batched_matmul,"[[E, B*T, d_model], [E, d_model, 2*d_moe]]","[E, d_model, 2*d_moe]",1,"[[E, B*T, 2*d_moe]]",[2989],25,feed_forward,experts,2,model.layers.25.feed_forward.experts,aten.bmm.default,[model.layers.25.feed_forward.experts.gate_up_proj],prefill,False,
2991,feed_forward,experts,,split,"[[E, B*T, 2*d_moe]]",,,"[[E, B*T, d_moe], [E, B*T, d_moe]]",[2990],25,feed_forward,experts,2,model.layers.25.feed_forward.experts,aten.split.Tensor,[],prefill,True,
2992,feed_forward,experts,act_fn,silu,"[[E, B*T, d_moe]]",,,"[[E, B*T, d_moe]]",[2991],25,feed_forward,experts,3,model.layers.25.feed_forward.experts.act_fn,aten.silu.default,[],prefill,False,
2993,feed_forward,experts,,elementwise_mul,"[[E, B*T, d_moe], [E, B*T, d_moe]]",,,"[[E, B*T, d_moe]]","[2991, 2992]",25,feed_forward,experts,2,model.layers.25.feed_forward.experts,aten.mul.Tensor,[],prefill,False,
2994,feed_forward,experts,,batched_matmul,"[[E, B*T, d_moe], [E, d_moe, d_model]]","[E, d_moe, d_model]",1,"[[E, B*T, d_model]]",[2993],25,feed_forward,experts,2,model.layers.25.feed_forward.experts,aten.bmm.default,[model.layers.25.feed_forward.experts.down_proj],prefill,False,
2995,feed_forward,experts,,view,"[[E, B*T, d_model]]",,,"[[B*E*T, d_model]]",[2994],25,feed_forward,experts,2,model.layers.25.feed_forward.experts,aten.view.default,[],prefill,True,
2996,feed_forward,shared_expert,gate_proj,t,"[[d_moe, d_model]]","[d_moe, d_model]",0,"[[d_model, d_moe]]",[],25,feed_forward,shared_expert,3,model.layers.25.feed_forward.shared_expert.gate_proj,aten.t.default,[model.layers.25.feed_forward.shared_expert.gate_proj.weight],prefill,True,
2997,feed_forward,shared_expert,gate_proj,matmul,"[[B*T, d_model], [d_model, d_moe]]","[d_moe, d_model]",1,"[[B*T, d_moe]]","[2975, 2996]",25,feed_forward,shared_expert,3,model.layers.25.feed_forward.shared_expert.gate_proj,aten.mm.default,[model.layers.25.feed_forward.shared_expert.gate_proj.weight],prefill,False,
2998,feed_forward,shared_expert,activation_fn,silu,"[[B*T, d_moe]]",,,"[[B*T, d_moe]]",[2997],25,feed_forward,shared_expert,3,model.layers.25.feed_forward.shared_expert.activation_fn,aten.silu.default,[],prefill,False,
2999,feed_forward,shared_expert,up_proj,t,"[[d_moe, d_model]]","[d_moe, d_model]",0,"[[d_model, d_moe]]",[],25,feed_forward,shared_expert,3,model.layers.25.feed_forward.shared_expert.up_proj,aten.t.default,[model.layers.25.feed_forward.shared_expert.up_proj.weight],prefill,True,
3000,feed_forward,shared_expert,up_proj,matmul,"[[B*T, d_model], [d_model, d_moe]]","[d_moe, d_model]",1,"[[B*T, d_moe]]","[2975, 2999]",25,feed_forward,shared_expert,3,model.layers.25.feed_forward.shared_expert.up_proj,aten.mm.default,[model.layers.25.feed_forward.shared_expert.up_proj.weight],prefill,False,
3001,feed_forward,shared_expert,,elementwise_mul,"[[B*T, d_moe], [B*T, d_moe]]",,,"[[B*T, d_moe]]","[2998, 3000]",25,feed_forward,shared_expert,2,model.layers.25.feed_forward.shared_expert,aten.mul.Tensor,[],prefill,False,
3002,feed_forward,shared_expert,down_proj,t,"[[d_model, d_moe]]","[d_model, d_moe]",0,"[[d_moe, d_model]]",[],25,feed_forward,shared_expert,3,model.layers.25.feed_forward.shared_expert.down_proj,aten.t.default,[model.layers.25.feed_forward.shared_expert.down_proj.weight],prefill,True,
3003,feed_forward,shared_expert,down_proj,matmul,"[[B*T, d_moe], [d_moe, d_model]]","[d_model, d_moe]",1,"[[B*T, d_model]]","[3001, 3002]",25,feed_forward,shared_expert,3,model.layers.25.feed_forward.shared_expert.down_proj,aten.mm.default,[model.layers.25.feed_forward.shared_expert.down_proj.weight],prefill,False,
3004,feed_forward,,,view,"[[B*E*T, d_model]]",,,"[[E, B*T, d_model]]",[2995],25,feed_forward,,1,model.layers.25.feed_forward,aten.view.default,[],prefill,True,
3005,feed_forward,,,sum,"[[E, B*T, d_model]]",,,"[[B*T, d_model]]",[3004],25,feed_forward,,1,model.layers.25.feed_forward,aten.sum.dim_IntList,[],prefill,True,
3006,feed_forward,,,add_,"[[B*T, d_model], [B*T, d_model]]",,,"[[B*T, d_model]]","[3003, 3005]",25,feed_forward,,1,model.layers.25.feed_forward,aten.add_.Tensor,[],prefill,True,
3007,,,,view,"[[B*T, d_model]]",,,"[[B, T, d_model]]",[3006],25,,,0,model.layers.25,aten.view.default,[],prefill,True,
3008,,,,elementwise_add,"[[B, T, d_model], [B, T, d_model]]",,,"[[B, T, d_model]]","[2966, 3007]",25,,,0,model.layers.25,aten.add.Tensor,[],prefill,False,
3009,input_layernorm,,,_to_copy,"[[B, T, d_model]]",,,"[[B, T, d_model]]",[3008],26,input_layernorm,,1,model.layers.26.input_layernorm,aten._to_copy.default,[],prefill,True,
3010,input_layernorm,,,pow,"[[B, T, d_model]]",,,"[[B, T, d_model]]",[3009],26,input_layernorm,,1,model.layers.26.input_layernorm,aten.pow.Tensor_Scalar,[],prefill,False,
3011,input_layernorm,,,mean,"[[B, T, d_model]]",,,"[[B, T, 1]]",[3010],26,input_layernorm,,1,model.layers.26.input_layernorm,aten.mean.dim,[],prefill,False,
3012,input_layernorm,,,elementwise_add,"[[B, T, 1]]",,,"[[B, T, 1]]",[3011],26,input_layernorm,,1,model.layers.26.input_layernorm,aten.add.Tensor,[],prefill,False,
3013,input_layernorm,,,rsqrt,"[[B, T, 1]]",,,"[[B, T, 1]]",[3012],26,input_layernorm,,1,model.layers.26.input_layernorm,aten.rsqrt.default,[],prefill,False,
3014,input_layernorm,,,elementwise_mul,"[[B, T, d_model], [B, T, 1]]",,,"[[B, T, d_model]]","[3009, 3013]",26,input_layernorm,,1,model.layers.26.input_layernorm,aten.mul.Tensor,[],prefill,False,
3015,input_layernorm,,,_to_copy,"[[B, T, d_model]]",,,"[[B, T, d_model]]",[3014],26,input_layernorm,,1,model.layers.26.input_layernorm,aten._to_copy.default,[],prefill,True,
3016,input_layernorm,,,elementwise_mul,"[[B, T, d_model], [d_model]]",,,"[[B, T, d_model]]",[3015],26,input_layernorm,,1,model.layers.26.input_layernorm,aten.mul.Tensor,[model.layers.26.input_layernorm.weight],prefill,False,
3017,self_attn,q_proj,,t,"[[n_h*d_head, d_model]]","[n_h*d_head, d_model]",0,"[[d_model, n_h*d_head]]",[],26,self_attn,q_proj,2,model.layers.26.self_attn.q_proj,aten.t.default,[model.layers.26.self_attn.q_proj.weight],prefill,True,
3018,self_attn,q_proj,,view,"[[B, T, d_model]]",,,"[[B*T, d_model]]",[3016],26,self_attn,q_proj,2,model.layers.26.self_attn.q_proj,aten.view.default,[],prefill,True,
3019,self_attn,q_proj,,matmul,"[[B*T, d_model], [d_model, n_h*d_head]]","[n_h*d_head, d_model]",1,"[[B*T, n_h*d_head]]","[3017, 3018]",26,self_attn,q_proj,2,model.layers.26.self_attn.q_proj,aten.mm.default,[model.layers.26.self_attn.q_proj.weight],prefill,False,
3020,self_attn,q_proj,,_unsafe_view,"[[B*T, n_h*d_head]]",,,"[[B, T, n_h*d_head]]",[3019],26,self_attn,q_proj,2,model.layers.26.self_attn.q_proj,aten._unsafe_view.default,[],prefill,True,
3021,self_attn,,,view,"[[B, T, n_h*d_head]]",,,"[[B, T, n_h, d_head]]",[3020],26,self_attn,,1,model.layers.26.self_attn,aten.view.default,[],prefill,True,
3022,self_attn,k_proj,,t,"[[n_kv*d_head, d_model]]","[n_kv*d_head, d_model]",0,"[[d_model, n_kv*d_head]]",[],26,self_attn,k_proj,2,model.layers.26.self_attn.k_proj,aten.t.default,[model.layers.26.self_attn.k_proj.weight],prefill,True,
3023,self_attn,k_proj,,view,"[[B, T, d_model]]",,,"[[B*T, d_model]]",[3016],26,self_attn,k_proj,2,model.layers.26.self_attn.k_proj,aten.view.default,[],prefill,True,
3024,self_attn,k_proj,,matmul,"[[B*T, d_model], [d_model, n_kv*d_head]]","[n_kv*d_head, d_model]",1,"[[B*T, n_kv*d_head]]","[3022, 3023]",26,self_attn,k_proj,2,model.layers.26.self_attn.k_proj,aten.mm.default,[model.layers.26.self_attn.k_proj.weight],prefill,False,
3025,self_attn,k_proj,,_unsafe_view,"[[B*T, n_kv*d_head]]",,,"[[B, T, n_kv*d_head]]",[3024],26,self_attn,k_proj,2,model.layers.26.self_attn.k_proj,aten._unsafe_view.default,[],prefill,True,
3026,self_attn,,,view,"[[B, T, n_kv*d_head]]",,,"[[B, T, n_kv, d_head]]",[3025],26,self_attn,,1,model.layers.26.self_attn,aten.view.default,[],prefill,True,
3027,self_attn,v_proj,,t,"[[n_kv*d_head, d_model]]","[n_kv*d_head, d_model]",0,"[[d_model, n_kv*d_head]]",[],26,self_attn,v_proj,2,model.layers.26.self_attn.v_proj,aten.t.default,[model.layers.26.self_attn.v_proj.weight],prefill,True,
3028,self_attn,v_proj,,view,"[[B, T, d_model]]",,,"[[B*T, d_model]]",[3016],26,self_attn,v_proj,2,model.layers.26.self_attn.v_proj,aten.view.default,[],prefill,True,
3029,self_attn,v_proj,,matmul,"[[B*T, d_model], [d_model, n_kv*d_head]]","[n_kv*d_head, d_model]",1,"[[B*T, n_kv*d_head]]","[3027, 3028]",26,self_attn,v_proj,2,model.layers.26.self_attn.v_proj,aten.mm.default,[model.layers.26.self_attn.v_proj.weight],prefill,False,
3030,self_attn,v_proj,,_unsafe_view,"[[B*T, n_kv*d_head]]",,,"[[B, T, n_kv*d_head]]",[3029],26,self_attn,v_proj,2,model.layers.26.self_attn.v_proj,aten._unsafe_view.default,[],prefill,True,
3031,self_attn,,,view,"[[B, T, n_kv*d_head]]",,,"[[B, T, n_kv, d_head]]",[3030],26,self_attn,,1,model.layers.26.self_attn,aten.view.default,[],prefill,True,
3032,self_attn,,,transpose,"[[B, T, n_kv, d_head]]",,,"[[B, n_kv, T, d_head]]",[3031],26,self_attn,,1,model.layers.26.self_attn,aten.transpose.int,[],prefill,True,
3033,self_attn,,,_to_copy,"[[B, T, n_h, d_head]]",,,"[[B, T, n_h, d_head]]",[3021],26,self_attn,,1,model.layers.26.self_attn,aten._to_copy.default,[],prefill,True,
3034,self_attn,,,view,"[[B, T, n_h, d_head]]",,,"[[B, T, n_h, d_head/2, 2]]",[3033],26,self_attn,,1,model.layers.26.self_attn,aten.view.default,[],prefill,True,
3035,self_attn,,,view_as_complex,"[[B, T, n_h, d_head/2, 2]]",,,"[[B, T, n_h, d_head/2]]",[3034],26,self_attn,,1,model.layers.26.self_attn,aten.view_as_complex.default,[],prefill,True,
3036,self_attn,,,_to_copy,"[[B, T, n_kv, d_head]]",,,"[[B, T, n_kv, d_head]]",[3026],26,self_attn,,1,model.layers.26.self_attn,aten._to_copy.default,[],prefill,True,
3037,self_attn,,,view,"[[B, T, n_kv, d_head]]",,,"[[B, T, n_kv, d_head/2, 2]]",[3036],26,self_attn,,1,model.layers.26.self_attn,aten.view.default,[],prefill,True,
3038,self_attn,,,view_as_complex,"[[B, T, n_kv, d_head/2, 2]]",,,"[[B, T, n_kv, d_head/2]]",[3037],26,self_attn,,1,model.layers.26.self_attn,aten.view_as_complex.default,[],prefill,True,
3039,self_attn,,,unsqueeze,"[[B, T, d_head/2]]",,,"[[B, T, 1, d_head/2]]",[106],26,self_attn,,1,model.layers.26.self_attn,aten.unsqueeze.default,[],prefill,True,
3040,self_attn,,,elementwise_mul,"[[B, T, n_h, d_head/2], [B, T, 1, d_head/2]]",,,"[[B, T, n_h, d_head/2]]","[3035, 3039]",26,self_attn,,1,model.layers.26.self_attn,aten.mul.Tensor,[],prefill,False,
3041,self_attn,,,view_as_real,"[[B, T, n_h, d_head/2]]",,,"[[B, T, n_h, d_head/2, 2]]",[3040],26,self_attn,,1,model.layers.26.self_attn,aten.view_as_real.default,[],prefill,True,
3042,self_attn,,,view,"[[B, T, n_h, d_head/2, 2]]",,,"[[B, T, n_h, d_head]]",[3041],26,self_attn,,1,model.layers.26.self_attn,aten.view.default,[],prefill,True,
3043,self_attn,,,unsqueeze,"[[B, T, d_head/2]]",,,"[[B, T, 1, d_head/2]]",[106],26,self_attn,,1,model.layers.26.self_attn,aten.unsqueeze.default,[],prefill,True,
3044,self_attn,,,elementwise_mul,"[[B, T, n_kv, d_head/2], [B, T, 1, d_head/2]]",,,"[[B, T, n_kv, d_head/2]]","[3038, 3043]",26,self_attn,,1,model.layers.26.self_attn,aten.mul.Tensor,[],prefill,False,
3045,self_attn,,,view_as_real,"[[B, T, n_kv, d_head/2]]",,,"[[B, T, n_kv, d_head/2, 2]]",[3044],26,self_attn,,1,model.layers.26.self_attn,aten.view_as_real.default,[],prefill,True,
3046,self_attn,,,view,"[[B, T, n_kv, d_head/2, 2]]",,,"[[B, T, n_kv, d_head]]",[3045],26,self_attn,,1,model.layers.26.self_attn,aten.view.default,[],prefill,True,
3047,self_attn,,,_to_copy,"[[B, T, n_h, d_head]]",,,"[[B, T, n_h, d_head]]",[3042],26,self_attn,,1,model.layers.26.self_attn,aten._to_copy.default,[],prefill,True,
3048,self_attn,,,_to_copy,"[[B, T, n_kv, d_head]]",,,"[[B, T, n_kv, d_head]]",[3046],26,self_attn,,1,model.layers.26.self_attn,aten._to_copy.default,[],prefill,True,
3049,self_attn,,,transpose,"[[B, T, n_h, d_head]]",,,"[[B, n_h, T, d_head]]",[3047],26,self_attn,,1,model.layers.26.self_attn,aten.transpose.int,[],prefill,True,
3050,self_attn,,,transpose,"[[B, T, n_kv, d_head]]",,,"[[B, n_kv, T, d_head]]",[3048],26,self_attn,,1,model.layers.26.self_attn,aten.transpose.int,[],prefill,True,
3051,self_attn,,,_to_copy,[[]],,,[[]],[21],26,self_attn,,1,model.layers.26.self_attn,aten._to_copy.default,[],prefill,True,
3052,self_attn,,,concat,"[[0], [B, n_kv, T, d_head]]",,,"[[B, n_kv, T, d_head]]",[3050],26,self_attn,,1,model.layers.26.self_attn,aten.cat.default,[],prefill,False,
3053,self_attn,,,concat,"[[0], [B, n_kv, T, d_head]]",,,"[[B, n_kv, T, d_head]]",[3032],26,self_attn,,1,model.layers.26.self_attn,aten.cat.default,[],prefill,False,
3054,self_attn,,,slice,"[[B, n_kv, T, d_head]]",,,"[[B, n_kv, T, d_head]]",[3052],26,self_attn,,1,model.layers.26.self_attn,aten.slice.Tensor,[],prefill,True,
3055,self_attn,,,slice,"[[B, n_kv, T, d_head]]",,,"[[B, n_kv, T, d_head]]",[3053],26,self_attn,,1,model.layers.26.self_attn,aten.slice.Tensor,[],prefill,True,
3056,self_attn,,,unsqueeze,"[[B, n_kv, T, d_head]]",,,"[[B, n_kv, 1, T, d_head]]",[3052],26,self_attn,,1,model.layers.26.self_attn,aten.unsqueeze.default,[],prefill,True,
3057,self_attn,,,expand,"[[B, n_kv, 1, T, d_head]]",,,"[[B, n_kv, n_h/n_kv, T, d_head]]",[3056],26,self_attn,,1,model.layers.26.self_attn,aten.expand.default,[],prefill,True,
3058,self_attn,,,clone,"[[B, n_kv, n_h/n_kv, T, d_head]]",,,"[[B, n_kv, n_h/n_kv, T, d_head]]",[3057],26,self_attn,,1,model.layers.26.self_attn,aten.clone.default,[],prefill,True,
3059,self_attn,,,_unsafe_view,"[[B, n_kv, n_h/n_kv, T, d_head]]",,,"[[B, n_h, T, d_head]]",[3058],26,self_attn,,1,model.layers.26.self_attn,aten._unsafe_view.default,[],prefill,True,
3060,self_attn,,,unsqueeze,"[[B, n_kv, T, d_head]]",,,"[[B, n_kv, 1, T, d_head]]",[3053],26,self_attn,,1,model.layers.26.self_attn,aten.unsqueeze.default,[],prefill,True,
3061,self_attn,,,expand,"[[B, n_kv, 1, T, d_head]]",,,"[[B, n_kv, n_h/n_kv, T, d_head]]",[3060],26,self_attn,,1,model.layers.26.self_attn,aten.expand.default,[],prefill,True,
3062,self_attn,,,clone,"[[B, n_kv, n_h/n_kv, T, d_head]]",,,"[[B, n_kv, n_h/n_kv, T, d_head]]",[3061],26,self_attn,,1,model.layers.26.self_attn,aten.clone.default,[],prefill,True,
3063,self_attn,,,_unsafe_view,"[[B, n_kv, n_h/n_kv, T, d_head]]",,,"[[B, n_h, T, d_head]]",[3062],26,self_attn,,1,model.layers.26.self_attn,aten._unsafe_view.default,[],prefill,True,
3064,self_attn,,,transpose,"[[B, n_h, T, d_head]]",,,"[[B, n_h, d_head, T]]",[3059],26,self_attn,,1,model.layers.26.self_attn,aten.transpose.int,[],prefill,True,
3065,self_attn,,,expand,"[[B, n_h, T, d_head]]",,,"[[B, n_h, T, d_head]]",[3049],26,self_attn,,1,model.layers.26.self_attn,aten.expand.default,[],prefill,True,
3066,self_attn,,,clone,"[[B, n_h, T, d_head]]",,,"[[B, n_h, T, d_head]]",[3065],26,self_attn,,1,model.layers.26.self_attn,aten.clone.default,[],prefill,True,
3067,self_attn,,,_unsafe_view,"[[B, n_h, T, d_head]]",,,"[[B*n_h, T, d_head]]",[3066],26,self_attn,,1,model.layers.26.self_attn,aten._unsafe_view.default,[],prefill,True,
3068,self_attn,,,expand,"[[B, n_h, d_head, T]]",,,"[[B, n_h, d_head, T]]",[3064],26,self_attn,,1,model.layers.26.self_attn,aten.expand.default,[],prefill,True,
3069,self_attn,,,view,"[[B, n_h, d_head, T]]",,,"[[B*n_h, d_head, T]]",[3068],26,self_attn,,1,model.layers.26.self_attn,aten.view.default,[],prefill,True,
3070,self_attn,,,batched_matmul,"[[B*n_h, T, d_head], [B*n_h, d_head, T]]",,,"[[B*n_h, T, T]]","[3067, 3069]",26,self_attn,,1,model.layers.26.self_attn,aten.bmm.default,[],prefill,False,
3071,self_attn,,,_unsafe_view,"[[B*n_h, T, T]]",,,"[[B, n_h, T, T]]",[3070],26,self_attn,,1,model.layers.26.self_attn,aten._unsafe_view.default,[],prefill,True,
3072,self_attn,,,elementwise_mul,"[[B, n_h, T, T]]",,,"[[B, n_h, T, T]]",[3071],26,self_attn,,1,model.layers.26.self_attn,aten.mul.Tensor,[],prefill,False,
3073,self_attn,,,elementwise_add,"[[B, n_h, T, T], [B, 1, T, T]]",,,"[[B, n_h, T, T]]","[91, 3072]",26,self_attn,,1,model.layers.26.self_attn,aten.add.Tensor,[],prefill,False,
3074,self_attn,,,softmax,"[[B, n_h, T, T]]",,,"[[B, n_h, T, T]]",[3073],26,self_attn,,1,model.layers.26.self_attn,aten._softmax.default,[],prefill,False,
3075,self_attn,,,expand,"[[B, n_h, T, T]]",,,"[[B, n_h, T, T]]",[3074],26,self_attn,,1,model.layers.26.self_attn,aten.expand.default,[],prefill,True,
3076,self_attn,,,view,"[[B, n_h, T, T]]",,,"[[B*n_h, T, T]]",[3075],26,self_attn,,1,model.layers.26.self_attn,aten.view.default,[],prefill,True,
3077,self_attn,,,expand,"[[B, n_h, T, d_head]]",,,"[[B, n_h, T, d_head]]",[3063],26,self_attn,,1,model.layers.26.self_attn,aten.expand.default,[],prefill,True,
3078,self_attn,,,view,"[[B, n_h, T, d_head]]",,,"[[B*n_h, T, d_head]]",[3077],26,self_attn,,1,model.layers.26.self_attn,aten.view.default,[],prefill,True,
3079,self_attn,,,batched_matmul,"[[B*n_h, T, T], [B*n_h, T, d_head]]",,,"[[B*n_h, T, d_head]]","[3076, 3078]",26,self_attn,,1,model.layers.26.self_attn,aten.bmm.default,[],prefill,False,
3080,self_attn,,,_unsafe_view,"[[B*n_h, T, d_head]]",,,"[[B, n_h, T, d_head]]",[3079],26,self_attn,,1,model.layers.26.self_attn,aten._unsafe_view.default,[],prefill,True,
3081,self_attn,,,transpose,"[[B, n_h, T, d_head]]",,,"[[B, T, n_h, d_head]]",[3080],26,self_attn,,1,model.layers.26.self_attn,aten.transpose.int,[],prefill,True,
3082,self_attn,,,clone,"[[B, T, n_h, d_head]]",,,"[[B, T, n_h, d_head]]",[3081],26,self_attn,,1,model.layers.26.self_attn,aten.clone.default,[],prefill,True,
3083,self_attn,,,view,"[[B, T, n_h, d_head]]",,,"[[B, T, n_h*d_head]]",[3082],26,self_attn,,1,model.layers.26.self_attn,aten.view.default,[],prefill,True,
3084,self_attn,o_proj,,t,"[[d_model, n_h*d_head]]","[d_model, n_h*d_head]",0,"[[n_h*d_head, d_model]]",[],26,self_attn,o_proj,2,model.layers.26.self_attn.o_proj,aten.t.default,[model.layers.26.self_attn.o_proj.weight],prefill,True,
3085,self_attn,o_proj,,view,"[[B, T, n_h*d_head]]",,,"[[B*T, n_h*d_head]]",[3083],26,self_attn,o_proj,2,model.layers.26.self_attn.o_proj,aten.view.default,[],prefill,True,
3086,self_attn,o_proj,,matmul,"[[B*T, n_h*d_head], [n_h*d_head, d_model]]","[d_model, n_h*d_head]",1,"[[B*T, d_model]]","[3084, 3085]",26,self_attn,o_proj,2,model.layers.26.self_attn.o_proj,aten.mm.default,[model.layers.26.self_attn.o_proj.weight],prefill,False,
3087,self_attn,o_proj,,_unsafe_view,"[[B*T, d_model]]",,,"[[B, T, d_model]]",[3086],26,self_attn,o_proj,2,model.layers.26.self_attn.o_proj,aten._unsafe_view.default,[],prefill,True,
3088,,,,elementwise_add,"[[B, T, d_model], [B, T, d_model]]",,,"[[B, T, d_model]]","[3008, 3087]",26,,,0,model.layers.26,aten.add.Tensor,[],prefill,False,
3089,post_attention_layernorm,,,_to_copy,"[[B, T, d_model]]",,,"[[B, T, d_model]]",[3088],26,post_attention_layernorm,,1,model.layers.26.post_attention_layernorm,aten._to_copy.default,[],prefill,True,
3090,post_attention_layernorm,,,pow,"[[B, T, d_model]]",,,"[[B, T, d_model]]",[3089],26,post_attention_layernorm,,1,model.layers.26.post_attention_layernorm,aten.pow.Tensor_Scalar,[],prefill,False,
3091,post_attention_layernorm,,,mean,"[[B, T, d_model]]",,,"[[B, T, 1]]",[3090],26,post_attention_layernorm,,1,model.layers.26.post_attention_layernorm,aten.mean.dim,[],prefill,False,
3092,post_attention_layernorm,,,elementwise_add,"[[B, T, 1]]",,,"[[B, T, 1]]",[3091],26,post_attention_layernorm,,1,model.layers.26.post_attention_layernorm,aten.add.Tensor,[],prefill,False,
3093,post_attention_layernorm,,,rsqrt,"[[B, T, 1]]",,,"[[B, T, 1]]",[3092],26,post_attention_layernorm,,1,model.layers.26.post_attention_layernorm,aten.rsqrt.default,[],prefill,False,
3094,post_attention_layernorm,,,elementwise_mul,"[[B, T, d_model], [B, T, 1]]",,,"[[B, T, d_model]]","[3089, 3093]",26,post_attention_layernorm,,1,model.layers.26.post_attention_layernorm,aten.mul.Tensor,[],prefill,False,
3095,post_attention_layernorm,,,_to_copy,"[[B, T, d_model]]",,,"[[B, T, d_model]]",[3094],26,post_attention_layernorm,,1,model.layers.26.post_attention_layernorm,aten._to_copy.default,[],prefill,True,
3096,post_attention_layernorm,,,elementwise_mul,"[[B, T, d_model], [d_model]]",,,"[[B, T, d_model]]",[3095],26,post_attention_layernorm,,1,model.layers.26.post_attention_layernorm,aten.mul.Tensor,[model.layers.26.post_attention_layernorm.weight],prefill,False,
3097,feed_forward,gate_proj,,t,"[[d_ff, d_model]]","[d_ff, d_model]",0,"[[d_model, d_ff]]",[],26,feed_forward,gate_proj,2,model.layers.26.feed_forward.gate_proj,aten.t.default,[model.layers.26.feed_forward.gate_proj.weight],prefill,True,
3098,feed_forward,gate_proj,,view,"[[B, T, d_model]]",,,"[[B*T, d_model]]",[3096],26,feed_forward,gate_proj,2,model.layers.26.feed_forward.gate_proj,aten.view.default,[],prefill,True,
3099,feed_forward,gate_proj,,matmul,"[[B*T, d_model], [d_model, d_ff]]","[d_ff, d_model]",1,"[[B*T, d_ff]]","[3097, 3098]",26,feed_forward,gate_proj,2,model.layers.26.feed_forward.gate_proj,aten.mm.default,[model.layers.26.feed_forward.gate_proj.weight],prefill,False,
3100,feed_forward,gate_proj,,_unsafe_view,"[[B*T, d_ff]]",,,"[[B, T, d_ff]]",[3099],26,feed_forward,gate_proj,2,model.layers.26.feed_forward.gate_proj,aten._unsafe_view.default,[],prefill,True,
3101,feed_forward,activation_fn,,silu,"[[B, T, d_ff]]",,,"[[B, T, d_ff]]",[3100],26,feed_forward,activation_fn,2,model.layers.26.feed_forward.activation_fn,aten.silu.default,[],prefill,False,
3102,feed_forward,up_proj,,t,"[[d_ff, d_model]]","[d_ff, d_model]",0,"[[d_model, d_ff]]",[],26,feed_forward,up_proj,2,model.layers.26.feed_forward.up_proj,aten.t.default,[model.layers.26.feed_forward.up_proj.weight],prefill,True,
3103,feed_forward,up_proj,,view,"[[B, T, d_model]]",,,"[[B*T, d_model]]",[3096],26,feed_forward,up_proj,2,model.layers.26.feed_forward.up_proj,aten.view.default,[],prefill,True,
3104,feed_forward,up_proj,,matmul,"[[B*T, d_model], [d_model, d_ff]]","[d_ff, d_model]",1,"[[B*T, d_ff]]","[3102, 3103]",26,feed_forward,up_proj,2,model.layers.26.feed_forward.up_proj,aten.mm.default,[model.layers.26.feed_forward.up_proj.weight],prefill,False,
3105,feed_forward,up_proj,,_unsafe_view,"[[B*T, d_ff]]",,,"[[B, T, d_ff]]",[3104],26,feed_forward,up_proj,2,model.layers.26.feed_forward.up_proj,aten._unsafe_view.default,[],prefill,True,
3106,feed_forward,,,elementwise_mul,"[[B, T, d_ff], [B, T, d_ff]]",,,"[[B, T, d_ff]]","[3101, 3105]",26,feed_forward,,1,model.layers.26.feed_forward,aten.mul.Tensor,[],prefill,False,
3107,feed_forward,down_proj,,t,"[[d_model, d_ff]]","[d_model, d_ff]",0,"[[d_ff, d_model]]",[],26,feed_forward,down_proj,2,model.layers.26.feed_forward.down_proj,aten.t.default,[model.layers.26.feed_forward.down_proj.weight],prefill,True,
3108,feed_forward,down_proj,,view,"[[B, T, d_ff]]",,,"[[B*T, d_ff]]",[3106],26,feed_forward,down_proj,2,model.layers.26.feed_forward.down_proj,aten.view.default,[],prefill,True,
3109,feed_forward,down_proj,,matmul,"[[B*T, d_ff], [d_ff, d_model]]","[d_model, d_ff]",1,"[[B*T, d_model]]","[3107, 3108]",26,feed_forward,down_proj,2,model.layers.26.feed_forward.down_proj,aten.mm.default,[model.layers.26.feed_forward.down_proj.weight],prefill,False,
3110,feed_forward,down_proj,,_unsafe_view,"[[B*T, d_model]]",,,"[[B, T, d_model]]",[3109],26,feed_forward,down_proj,2,model.layers.26.feed_forward.down_proj,aten._unsafe_view.default,[],prefill,True,
3111,,,,view,"[[B, T, d_model]]",,,"[[B, T, d_model]]",[3110],26,,,0,model.layers.26,aten.view.default,[],prefill,True,
3112,,,,elementwise_add,"[[B, T, d_model], [B, T, d_model]]",,,"[[B, T, d_model]]","[3088, 3111]",26,,,0,model.layers.26,aten.add.Tensor,[],prefill,False,
3113,input_layernorm,,,_to_copy,"[[B, T, d_model]]",,,"[[B, T, d_model]]",[3112],27,input_layernorm,,1,model.layers.27.input_layernorm,aten._to_copy.default,[],prefill,True,
3114,input_layernorm,,,pow,"[[B, T, d_model]]",,,"[[B, T, d_model]]",[3113],27,input_layernorm,,1,model.layers.27.input_layernorm,aten.pow.Tensor_Scalar,[],prefill,False,
3115,input_layernorm,,,mean,"[[B, T, d_model]]",,,"[[B, T, 1]]",[3114],27,input_layernorm,,1,model.layers.27.input_layernorm,aten.mean.dim,[],prefill,False,
3116,input_layernorm,,,elementwise_add,"[[B, T, 1]]",,,"[[B, T, 1]]",[3115],27,input_layernorm,,1,model.layers.27.input_layernorm,aten.add.Tensor,[],prefill,False,
3117,input_layernorm,,,rsqrt,"[[B, T, 1]]",,,"[[B, T, 1]]",[3116],27,input_layernorm,,1,model.layers.27.input_layernorm,aten.rsqrt.default,[],prefill,False,
3118,input_layernorm,,,elementwise_mul,"[[B, T, d_model], [B, T, 1]]",,,"[[B, T, d_model]]","[3113, 3117]",27,input_layernorm,,1,model.layers.27.input_layernorm,aten.mul.Tensor,[],prefill,False,
3119,input_layernorm,,,_to_copy,"[[B, T, d_model]]",,,"[[B, T, d_model]]",[3118],27,input_layernorm,,1,model.layers.27.input_layernorm,aten._to_copy.default,[],prefill,True,
3120,input_layernorm,,,elementwise_mul,"[[B, T, d_model], [d_model]]",,,"[[B, T, d_model]]",[3119],27,input_layernorm,,1,model.layers.27.input_layernorm,aten.mul.Tensor,[model.layers.27.input_layernorm.weight],prefill,False,
3121,self_attn,q_proj,,t,"[[n_h*d_head, d_model]]","[n_h*d_head, d_model]",0,"[[d_model, n_h*d_head]]",[],27,self_attn,q_proj,2,model.layers.27.self_attn.q_proj,aten.t.default,[model.layers.27.self_attn.q_proj.weight],prefill,True,
3122,self_attn,q_proj,,view,"[[B, T, d_model]]",,,"[[B*T, d_model]]",[3120],27,self_attn,q_proj,2,model.layers.27.self_attn.q_proj,aten.view.default,[],prefill,True,
3123,self_attn,q_proj,,matmul,"[[B*T, d_model], [d_model, n_h*d_head]]","[n_h*d_head, d_model]",1,"[[B*T, n_h*d_head]]","[3121, 3122]",27,self_attn,q_proj,2,model.layers.27.self_attn.q_proj,aten.mm.default,[model.layers.27.self_attn.q_proj.weight],prefill,False,
3124,self_attn,q_proj,,_unsafe_view,"[[B*T, n_h*d_head]]",,,"[[B, T, n_h*d_head]]",[3123],27,self_attn,q_proj,2,model.layers.27.self_attn.q_proj,aten._unsafe_view.default,[],prefill,True,
3125,self_attn,,,view,"[[B, T, n_h*d_head]]",,,"[[B, T, n_h, d_head]]",[3124],27,self_attn,,1,model.layers.27.self_attn,aten.view.default,[],prefill,True,
3126,self_attn,k_proj,,t,"[[n_kv*d_head, d_model]]","[n_kv*d_head, d_model]",0,"[[d_model, n_kv*d_head]]",[],27,self_attn,k_proj,2,model.layers.27.self_attn.k_proj,aten.t.default,[model.layers.27.self_attn.k_proj.weight],prefill,True,
3127,self_attn,k_proj,,view,"[[B, T, d_model]]",,,"[[B*T, d_model]]",[3120],27,self_attn,k_proj,2,model.layers.27.self_attn.k_proj,aten.view.default,[],prefill,True,
3128,self_attn,k_proj,,matmul,"[[B*T, d_model], [d_model, n_kv*d_head]]","[n_kv*d_head, d_model]",1,"[[B*T, n_kv*d_head]]","[3126, 3127]",27,self_attn,k_proj,2,model.layers.27.self_attn.k_proj,aten.mm.default,[model.layers.27.self_attn.k_proj.weight],prefill,False,
3129,self_attn,k_proj,,_unsafe_view,"[[B*T, n_kv*d_head]]",,,"[[B, T, n_kv*d_head]]",[3128],27,self_attn,k_proj,2,model.layers.27.self_attn.k_proj,aten._unsafe_view.default,[],prefill,True,
3130,self_attn,,,view,"[[B, T, n_kv*d_head]]",,,"[[B, T, n_kv, d_head]]",[3129],27,self_attn,,1,model.layers.27.self_attn,aten.view.default,[],prefill,True,
3131,self_attn,v_proj,,t,"[[n_kv*d_head, d_model]]","[n_kv*d_head, d_model]",0,"[[d_model, n_kv*d_head]]",[],27,self_attn,v_proj,2,model.layers.27.self_attn.v_proj,aten.t.default,[model.layers.27.self_attn.v_proj.weight],prefill,True,
3132,self_attn,v_proj,,view,"[[B, T, d_model]]",,,"[[B*T, d_model]]",[3120],27,self_attn,v_proj,2,model.layers.27.self_attn.v_proj,aten.view.default,[],prefill,True,
3133,self_attn,v_proj,,matmul,"[[B*T, d_model], [d_model, n_kv*d_head]]","[n_kv*d_head, d_model]",1,"[[B*T, n_kv*d_head]]","[3131, 3132]",27,self_attn,v_proj,2,model.layers.27.self_attn.v_proj,aten.mm.default,[model.layers.27.self_attn.v_proj.weight],prefill,False,
3134,self_attn,v_proj,,_unsafe_view,"[[B*T, n_kv*d_head]]",,,"[[B, T, n_kv*d_head]]",[3133],27,self_attn,v_proj,2,model.layers.27.self_attn.v_proj,aten._unsafe_view.default,[],prefill,True,
3135,self_attn,,,view,"[[B, T, n_kv*d_head]]",,,"[[B, T, n_kv, d_head]]",[3134],27,self_attn,,1,model.layers.27.self_attn,aten.view.default,[],prefill,True,
3136,self_attn,,,transpose,"[[B, T, n_kv, d_head]]",,,"[[B, n_kv, T, d_head]]",[3135],27,self_attn,,1,model.layers.27.self_attn,aten.transpose.int,[],prefill,True,
3137,self_attn,,,arange,[],,,[[T]],[],27,self_attn,,1,model.layers.27.self_attn,aten.arange.default,[],prefill,True,
3138,self_attn,,,elementwise_add,[[T]],,,[[T]],[3137],27,self_attn,,1,model.layers.27.self_attn,aten.add.Tensor,[],prefill,False,
3139,self_attn,,,_to_copy,[[T]],,,[[T]],[3138],27,self_attn,,1,model.layers.27.self_attn,aten._to_copy.default,[],prefill,True,
3140,self_attn,,,elementwise_add,[[T]],,,[[T]],[3139],27,self_attn,,1,model.layers.27.self_attn,aten.add.Tensor,[],prefill,False,
3141,self_attn,,,div,[[T]],,,[[T]],[3140],27,self_attn,,1,model.layers.27.self_attn,aten.div.Tensor,[],prefill,True,
3142,self_attn,,,floor,[[T]],,,[[T]],[3141],27,self_attn,,1,model.layers.27.self_attn,aten.floor.default,[],prefill,True,
3143,self_attn,,,log1p,[[T]],,,[[T]],[3142],27,self_attn,,1,model.layers.27.self_attn,aten.log1p.default,[],prefill,True,
3144,self_attn,,,elementwise_mul,[[T]],,,[[T]],[3143],27,self_attn,,1,model.layers.27.self_attn,aten.mul.Tensor,[],prefill,False,
3145,self_attn,,,elementwise_add,[[T]],,,[[T]],[3144],27,self_attn,,1,model.layers.27.self_attn,aten.add.Tensor,[],prefill,False,
3146,self_attn,,,view,[[T]],,,"[[1, T, 1, 1]]",[3145],27,self_attn,,1,model.layers.27.self_attn,aten.view.default,[],prefill,True,
3147,self_attn,,,expand,"[[1, T, 1, 1]]",,,"[[B, T, 1, 1]]",[3146],27,self_attn,,1,model.layers.27.self_attn,aten.expand.default,[],prefill,True,
3148,self_attn,,,elementwise_mul,"[[B, T, n_h, d_head], [B, T, 1, 1]]",,,"[[B, T, n_h, d_head]]","[3125, 3147]",27,self_attn,,1,model.layers.27.self_attn,aten.mul.Tensor,[],prefill,False,
3149,self_attn,,,_to_copy,"[[B, T, n_h, d_head]]",,,"[[B, T, n_h, d_head]]",[3148],27,self_attn,,1,model.layers.27.self_attn,aten._to_copy.default,[],prefill,True,
3150,self_attn,,,transpose,"[[B, T, n_h, d_head]]",,,"[[B, n_h, T, d_head]]",[3149],27,self_attn,,1,model.layers.27.self_attn,aten.transpose.int,[],prefill,True,
3151,self_attn,,,transpose,"[[B, T, n_kv, d_head]]",,,"[[B, n_kv, T, d_head]]",[3130],27,self_attn,,1,model.layers.27.self_attn,aten.transpose.int,[],prefill,True,
3152,self_attn,,,concat,"[[0], [B, n_kv, T, d_head]]",,,"[[B, n_kv, T, d_head]]",[3151],27,self_attn,,1,model.layers.27.self_attn,aten.cat.default,[],prefill,False,
3153,self_attn,,,concat,"[[0], [B, n_kv, T, d_head]]",,,"[[B, n_kv, T, d_head]]",[3136],27,self_attn,,1,model.layers.27.self_attn,aten.cat.default,[],prefill,False,
3154,self_attn,,,unsqueeze,"[[B, n_kv, T, d_head]]",,,"[[B, n_kv, 1, T, d_head]]",[3152],27,self_attn,,1,model.layers.27.self_attn,aten.unsqueeze.default,[],prefill,True,
3155,self_attn,,,expand,"[[B, n_kv, 1, T, d_head]]",,,"[[B, n_kv, n_h/n_kv, T, d_head]]",[3154],27,self_attn,,1,model.layers.27.self_attn,aten.expand.default,[],prefill,True,
3156,self_attn,,,clone,"[[B, n_kv, n_h/n_kv, T, d_head]]",,,"[[B, n_kv, n_h/n_kv, T, d_head]]",[3155],27,self_attn,,1,model.layers.27.self_attn,aten.clone.default,[],prefill,True,
3157,self_attn,,,_unsafe_view,"[[B, n_kv, n_h/n_kv, T, d_head]]",,,"[[B, n_h, T, d_head]]",[3156],27,self_attn,,1,model.layers.27.self_attn,aten._unsafe_view.default,[],prefill,True,
3158,self_attn,,,unsqueeze,"[[B, n_kv, T, d_head]]",,,"[[B, n_kv, 1, T, d_head]]",[3153],27,self_attn,,1,model.layers.27.self_attn,aten.unsqueeze.default,[],prefill,True,
3159,self_attn,,,expand,"[[B, n_kv, 1, T, d_head]]",,,"[[B, n_kv, n_h/n_kv, T, d_head]]",[3158],27,self_attn,,1,model.layers.27.self_attn,aten.expand.default,[],prefill,True,
3160,self_attn,,,clone,"[[B, n_kv, n_h/n_kv, T, d_head]]",,,"[[B, n_kv, n_h/n_kv, T, d_head]]",[3159],27,self_attn,,1,model.layers.27.self_attn,aten.clone.default,[],prefill,True,
3161,self_attn,,,_unsafe_view,"[[B, n_kv, n_h/n_kv, T, d_head]]",,,"[[B, n_h, T, d_head]]",[3160],27,self_attn,,1,model.layers.27.self_attn,aten._unsafe_view.default,[],prefill,True,
3162,self_attn,,,transpose,"[[B, n_h, T, d_head]]",,,"[[B, n_h, d_head, T]]",[3157],27,self_attn,,1,model.layers.27.self_attn,aten.transpose.int,[],prefill,True,
3163,self_attn,,,expand,"[[B, n_h, T, d_head]]",,,"[[B, n_h, T, d_head]]",[3150],27,self_attn,,1,model.layers.27.self_attn,aten.expand.default,[],prefill,True,
3164,self_attn,,,clone,"[[B, n_h, T, d_head]]",,,"[[B, n_h, T, d_head]]",[3163],27,self_attn,,1,model.layers.27.self_attn,aten.clone.default,[],prefill,True,
3165,self_attn,,,_unsafe_view,"[[B, n_h, T, d_head]]",,,"[[B*n_h, T, d_head]]",[3164],27,self_attn,,1,model.layers.27.self_attn,aten._unsafe_view.default,[],prefill,True,
3166,self_attn,,,expand,"[[B, n_h, d_head, T]]",,,"[[B, n_h, d_head, T]]",[3162],27,self_attn,,1,model.layers.27.self_attn,aten.expand.default,[],prefill,True,
3167,self_attn,,,view,"[[B, n_h, d_head, T]]",,,"[[B*n_h, d_head, T]]",[3166],27,self_attn,,1,model.layers.27.self_attn,aten.view.default,[],prefill,True,
3168,self_attn,,,batched_matmul,"[[B*n_h, T, d_head], [B*n_h, d_head, T]]",,,"[[B*n_h, T, T]]","[3165, 3167]",27,self_attn,,1,model.layers.27.self_attn,aten.bmm.default,[],prefill,False,
3169,self_attn,,,_unsafe_view,"[[B*n_h, T, T]]",,,"[[B, n_h, T, T]]",[3168],27,self_attn,,1,model.layers.27.self_attn,aten._unsafe_view.default,[],prefill,True,
3170,self_attn,,,elementwise_mul,"[[B, n_h, T, T]]",,,"[[B, n_h, T, T]]",[3169],27,self_attn,,1,model.layers.27.self_attn,aten.mul.Tensor,[],prefill,False,
3171,self_attn,,,elementwise_add,"[[B, n_h, T, T], [B, 1, T, T]]",,,"[[B, n_h, T, T]]","[58, 3170]",27,self_attn,,1,model.layers.27.self_attn,aten.add.Tensor,[],prefill,False,
3172,self_attn,,,softmax,"[[B, n_h, T, T]]",,,"[[B, n_h, T, T]]",[3171],27,self_attn,,1,model.layers.27.self_attn,aten._softmax.default,[],prefill,False,
3173,self_attn,,,expand,"[[B, n_h, T, T]]",,,"[[B, n_h, T, T]]",[3172],27,self_attn,,1,model.layers.27.self_attn,aten.expand.default,[],prefill,True,
3174,self_attn,,,view,"[[B, n_h, T, T]]",,,"[[B*n_h, T, T]]",[3173],27,self_attn,,1,model.layers.27.self_attn,aten.view.default,[],prefill,True,
3175,self_attn,,,expand,"[[B, n_h, T, d_head]]",,,"[[B, n_h, T, d_head]]",[3161],27,self_attn,,1,model.layers.27.self_attn,aten.expand.default,[],prefill,True,
3176,self_attn,,,view,"[[B, n_h, T, d_head]]",,,"[[B*n_h, T, d_head]]",[3175],27,self_attn,,1,model.layers.27.self_attn,aten.view.default,[],prefill,True,
3177,self_attn,,,batched_matmul,"[[B*n_h, T, T], [B*n_h, T, d_head]]",,,"[[B*n_h, T, d_head]]","[3174, 3176]",27,self_attn,,1,model.layers.27.self_attn,aten.bmm.default,[],prefill,False,
3178,self_attn,,,_unsafe_view,"[[B*n_h, T, d_head]]",,,"[[B, n_h, T, d_head]]",[3177],27,self_attn,,1,model.layers.27.self_attn,aten._unsafe_view.default,[],prefill,True,
3179,self_attn,,,transpose,"[[B, n_h, T, d_head]]",,,"[[B, T, n_h, d_head]]",[3178],27,self_attn,,1,model.layers.27.self_attn,aten.transpose.int,[],prefill,True,
3180,self_attn,,,clone,"[[B, T, n_h, d_head]]",,,"[[B, T, n_h, d_head]]",[3179],27,self_attn,,1,model.layers.27.self_attn,aten.clone.default,[],prefill,True,
3181,self_attn,,,view,"[[B, T, n_h, d_head]]",,,"[[B, T, n_h*d_head]]",[3180],27,self_attn,,1,model.layers.27.self_attn,aten.view.default,[],prefill,True,
3182,self_attn,o_proj,,t,"[[d_model, n_h*d_head]]","[d_model, n_h*d_head]",0,"[[n_h*d_head, d_model]]",[],27,self_attn,o_proj,2,model.layers.27.self_attn.o_proj,aten.t.default,[model.layers.27.self_attn.o_proj.weight],prefill,True,
3183,self_attn,o_proj,,view,"[[B, T, n_h*d_head]]",,,"[[B*T, n_h*d_head]]",[3181],27,self_attn,o_proj,2,model.layers.27.self_attn.o_proj,aten.view.default,[],prefill,True,
3184,self_attn,o_proj,,matmul,"[[B*T, n_h*d_head], [n_h*d_head, d_model]]","[d_model, n_h*d_head]",1,"[[B*T, d_model]]","[3182, 3183]",27,self_attn,o_proj,2,model.layers.27.self_attn.o_proj,aten.mm.default,[model.layers.27.self_attn.o_proj.weight],prefill,False,
3185,self_attn,o_proj,,_unsafe_view,"[[B*T, d_model]]",,,"[[B, T, d_model]]",[3184],27,self_attn,o_proj,2,model.layers.27.self_attn.o_proj,aten._unsafe_view.default,[],prefill,True,
3186,,,,elementwise_add,"[[B, T, d_model], [B, T, d_model]]",,,"[[B, T, d_model]]","[3112, 3185]",27,,,0,model.layers.27,aten.add.Tensor,[],prefill,False,
3187,post_attention_layernorm,,,_to_copy,"[[B, T, d_model]]",,,"[[B, T, d_model]]",[3186],27,post_attention_layernorm,,1,model.layers.27.post_attention_layernorm,aten._to_copy.default,[],prefill,True,
3188,post_attention_layernorm,,,pow,"[[B, T, d_model]]",,,"[[B, T, d_model]]",[3187],27,post_attention_layernorm,,1,model.layers.27.post_attention_layernorm,aten.pow.Tensor_Scalar,[],prefill,False,
3189,post_attention_layernorm,,,mean,"[[B, T, d_model]]",,,"[[B, T, 1]]",[3188],27,post_attention_layernorm,,1,model.layers.27.post_attention_layernorm,aten.mean.dim,[],prefill,False,
3190,post_attention_layernorm,,,elementwise_add,"[[B, T, 1]]",,,"[[B, T, 1]]",[3189],27,post_attention_layernorm,,1,model.layers.27.post_attention_layernorm,aten.add.Tensor,[],prefill,False,
3191,post_attention_layernorm,,,rsqrt,"[[B, T, 1]]",,,"[[B, T, 1]]",[3190],27,post_attention_layernorm,,1,model.layers.27.post_attention_layernorm,aten.rsqrt.default,[],prefill,False,
3192,post_attention_layernorm,,,elementwise_mul,"[[B, T, d_model], [B, T, 1]]",,,"[[B, T, d_model]]","[3187, 3191]",27,post_attention_layernorm,,1,model.layers.27.post_attention_layernorm,aten.mul.Tensor,[],prefill,False,
3193,post_attention_layernorm,,,_to_copy,"[[B, T, d_model]]",,,"[[B, T, d_model]]",[3192],27,post_attention_layernorm,,1,model.layers.27.post_attention_layernorm,aten._to_copy.default,[],prefill,True,
3194,post_attention_layernorm,,,elementwise_mul,"[[B, T, d_model], [d_model]]",,,"[[B, T, d_model]]",[3193],27,post_attention_layernorm,,1,model.layers.27.post_attention_layernorm,aten.mul.Tensor,[model.layers.27.post_attention_layernorm.weight],prefill,False,
3195,feed_forward,,,view,"[[B, T, d_model]]",,,"[[B*T, d_model]]",[3194],27,feed_forward,,1,model.layers.27.feed_forward,aten.view.default,[],prefill,True,
3196,feed_forward,router,,t,"[[E, d_model]]","[E, d_model]",0,"[[d_model, E]]",[],27,feed_forward,router,2,model.layers.27.feed_forward.router,aten.t.default,[model.layers.27.feed_forward.router.weight],prefill,True,
3197,feed_forward,router,,matmul,"[[B*T, d_model], [d_model, E]]","[E, d_model]",1,"[[B*T, E]]","[3195, 3196]",27,feed_forward,router,2,model.layers.27.feed_forward.router,aten.mm.default,[model.layers.27.feed_forward.router.weight],prefill,False,
3198,feed_forward,router,,topk,"[[B*T, E]]",,,"[[B*T, 1], [B*T, 1]]",[3197],27,feed_forward,router,2,model.layers.27.feed_forward.router,aten.topk.default,[],prefill,False,
3199,feed_forward,router,,full_like,"[[B*T, E]]",,,"[[B*T, E]]",[3197],27,feed_forward,router,2,model.layers.27.feed_forward.router,aten.full_like.default,[],prefill,True,
3200,feed_forward,router,,scatter_,"[[B*T, E], [B*T, 1], [B*T, 1]]",,,"[[B*T, E]]","[3198, 3199]",27,feed_forward,router,2,model.layers.27.feed_forward.router,aten.scatter_.src,[],prefill,True,
3201,feed_forward,router,,_to_copy,"[[B*T, E]]",,,"[[B*T, E]]",[3200],27,feed_forward,router,2,model.layers.27.feed_forward.router,aten._to_copy.default,[],prefill,True,
3202,feed_forward,router,,sigmoid,"[[B*T, E]]",,,"[[B*T, E]]",[3201],27,feed_forward,router,2,model.layers.27.feed_forward.router,aten.sigmoid.default,[],prefill,False,
3203,feed_forward,router,,_to_copy,"[[B*T, E]]",,,"[[B*T, E]]",[3202],27,feed_forward,router,2,model.layers.27.feed_forward.router,aten._to_copy.default,[],prefill,True,
3204,feed_forward,,,repeat,"[[B*T, d_model]]",,,"[[B*E*T, d_model]]",[3195],27,feed_forward,,1,model.layers.27.feed_forward,aten.repeat.default,[],prefill,True,
3205,feed_forward,,,transpose,"[[B*T, E]]",,,"[[E, B*T]]",[3203],27,feed_forward,,1,model.layers.27.feed_forward,aten.transpose.int,[],prefill,True,
3206,feed_forward,,,clone,"[[E, B*T]]",,,"[[E, B*T]]",[3205],27,feed_forward,,1,model.layers.27.feed_forward,aten.clone.default,[],prefill,True,
3207,feed_forward,,,_unsafe_view,"[[E, B*T]]",,,"[[B*E*T, 1]]",[3206],27,feed_forward,,1,model.layers.27.feed_forward,aten._unsafe_view.default,[],prefill,True,
3208,feed_forward,,,elementwise_mul,"[[B*E*T, d_model], [B*E*T, 1]]",,,"[[B*E*T, d_model]]","[3204, 3207]",27,feed_forward,,1,model.layers.27.feed_forward,aten.mul.Tensor,[],prefill,False,
3209,feed_forward,experts,,view,"[[B*E*T, d_model]]",,,"[[E, B*T, d_model]]",[3208],27,feed_forward,experts,2,model.layers.27.feed_forward.experts,aten.view.default,[],prefill,True,
3210,feed_forward,experts,,batched_matmul,"[[E, B*T, d_model], [E, d_model, 2*d_moe]]","[E, d_model, 2*d_moe]",1,"[[E, B*T, 2*d_moe]]",[3209],27,feed_forward,experts,2,model.layers.27.feed_forward.experts,aten.bmm.default,[model.layers.27.feed_forward.experts.gate_up_proj],prefill,False,
3211,feed_forward,experts,,split,"[[E, B*T, 2*d_moe]]",,,"[[E, B*T, d_moe], [E, B*T, d_moe]]",[3210],27,feed_forward,experts,2,model.layers.27.feed_forward.experts,aten.split.Tensor,[],prefill,True,
3212,feed_forward,experts,act_fn,silu,"[[E, B*T, d_moe]]",,,"[[E, B*T, d_moe]]",[3211],27,feed_forward,experts,3,model.layers.27.feed_forward.experts.act_fn,aten.silu.default,[],prefill,False,
3213,feed_forward,experts,,elementwise_mul,"[[E, B*T, d_moe], [E, B*T, d_moe]]",,,"[[E, B*T, d_moe]]","[3211, 3212]",27,feed_forward,experts,2,model.layers.27.feed_forward.experts,aten.mul.Tensor,[],prefill,False,
3214,feed_forward,experts,,batched_matmul,"[[E, B*T, d_moe], [E, d_moe, d_model]]","[E, d_moe, d_model]",1,"[[E, B*T, d_model]]",[3213],27,feed_forward,experts,2,model.layers.27.feed_forward.experts,aten.bmm.default,[model.layers.27.feed_forward.experts.down_proj],prefill,False,
3215,feed_forward,experts,,view,"[[E, B*T, d_model]]",,,"[[B*E*T, d_model]]",[3214],27,feed_forward,experts,2,model.layers.27.feed_forward.experts,aten.view.default,[],prefill,True,
3216,feed_forward,shared_expert,gate_proj,t,"[[d_moe, d_model]]","[d_moe, d_model]",0,"[[d_model, d_moe]]",[],27,feed_forward,shared_expert,3,model.layers.27.feed_forward.shared_expert.gate_proj,aten.t.default,[model.layers.27.feed_forward.shared_expert.gate_proj.weight],prefill,True,
3217,feed_forward,shared_expert,gate_proj,matmul,"[[B*T, d_model], [d_model, d_moe]]","[d_moe, d_model]",1,"[[B*T, d_moe]]","[3195, 3216]",27,feed_forward,shared_expert,3,model.layers.27.feed_forward.shared_expert.gate_proj,aten.mm.default,[model.layers.27.feed_forward.shared_expert.gate_proj.weight],prefill,False,
3218,feed_forward,shared_expert,activation_fn,silu,"[[B*T, d_moe]]",,,"[[B*T, d_moe]]",[3217],27,feed_forward,shared_expert,3,model.layers.27.feed_forward.shared_expert.activation_fn,aten.silu.default,[],prefill,False,
3219,feed_forward,shared_expert,up_proj,t,"[[d_moe, d_model]]","[d_moe, d_model]",0,"[[d_model, d_moe]]",[],27,feed_forward,shared_expert,3,model.layers.27.feed_forward.shared_expert.up_proj,aten.t.default,[model.layers.27.feed_forward.shared_expert.up_proj.weight],prefill,True,
3220,feed_forward,shared_expert,up_proj,matmul,"[[B*T, d_model], [d_model, d_moe]]","[d_moe, d_model]",1,"[[B*T, d_moe]]","[3195, 3219]",27,feed_forward,shared_expert,3,model.layers.27.feed_forward.shared_expert.up_proj,aten.mm.default,[model.layers.27.feed_forward.shared_expert.up_proj.weight],prefill,False,
3221,feed_forward,shared_expert,,elementwise_mul,"[[B*T, d_moe], [B*T, d_moe]]",,,"[[B*T, d_moe]]","[3218, 3220]",27,feed_forward,shared_expert,2,model.layers.27.feed_forward.shared_expert,aten.mul.Tensor,[],prefill,False,
3222,feed_forward,shared_expert,down_proj,t,"[[d_model, d_moe]]","[d_model, d_moe]",0,"[[d_moe, d_model]]",[],27,feed_forward,shared_expert,3,model.layers.27.feed_forward.shared_expert.down_proj,aten.t.default,[model.layers.27.feed_forward.shared_expert.down_proj.weight],prefill,True,
3223,feed_forward,shared_expert,down_proj,matmul,"[[B*T, d_moe], [d_moe, d_model]]","[d_model, d_moe]",1,"[[B*T, d_model]]","[3221, 3222]",27,feed_forward,shared_expert,3,model.layers.27.feed_forward.shared_expert.down_proj,aten.mm.default,[model.layers.27.feed_forward.shared_expert.down_proj.weight],prefill,False,
3224,feed_forward,,,view,"[[B*E*T, d_model]]",,,"[[E, B*T, d_model]]",[3215],27,feed_forward,,1,model.layers.27.feed_forward,aten.view.default,[],prefill,True,
3225,feed_forward,,,sum,"[[E, B*T, d_model]]",,,"[[B*T, d_model]]",[3224],27,feed_forward,,1,model.layers.27.feed_forward,aten.sum.dim_IntList,[],prefill,True,
3226,feed_forward,,,add_,"[[B*T, d_model], [B*T, d_model]]",,,"[[B*T, d_model]]","[3223, 3225]",27,feed_forward,,1,model.layers.27.feed_forward,aten.add_.Tensor,[],prefill,True,
3227,,,,view,"[[B*T, d_model]]",,,"[[B, T, d_model]]",[3226],27,,,0,model.layers.27,aten.view.default,[],prefill,True,
3228,,,,elementwise_add,"[[B, T, d_model], [B, T, d_model]]",,,"[[B, T, d_model]]","[3186, 3227]",27,,,0,model.layers.27,aten.add.Tensor,[],prefill,False,
3229,input_layernorm,,,_to_copy,"[[B, T, d_model]]",,,"[[B, T, d_model]]",[3228],28,input_layernorm,,1,model.layers.28.input_layernorm,aten._to_copy.default,[],prefill,True,
3230,input_layernorm,,,pow,"[[B, T, d_model]]",,,"[[B, T, d_model]]",[3229],28,input_layernorm,,1,model.layers.28.input_layernorm,aten.pow.Tensor_Scalar,[],prefill,False,
3231,input_layernorm,,,mean,"[[B, T, d_model]]",,,"[[B, T, 1]]",[3230],28,input_layernorm,,1,model.layers.28.input_layernorm,aten.mean.dim,[],prefill,False,
3232,input_layernorm,,,elementwise_add,"[[B, T, 1]]",,,"[[B, T, 1]]",[3231],28,input_layernorm,,1,model.layers.28.input_layernorm,aten.add.Tensor,[],prefill,False,
3233,input_layernorm,,,rsqrt,"[[B, T, 1]]",,,"[[B, T, 1]]",[3232],28,input_layernorm,,1,model.layers.28.input_layernorm,aten.rsqrt.default,[],prefill,False,
3234,input_layernorm,,,elementwise_mul,"[[B, T, d_model], [B, T, 1]]",,,"[[B, T, d_model]]","[3229, 3233]",28,input_layernorm,,1,model.layers.28.input_layernorm,aten.mul.Tensor,[],prefill,False,
3235,input_layernorm,,,_to_copy,"[[B, T, d_model]]",,,"[[B, T, d_model]]",[3234],28,input_layernorm,,1,model.layers.28.input_layernorm,aten._to_copy.default,[],prefill,True,
3236,input_layernorm,,,elementwise_mul,"[[B, T, d_model], [d_model]]",,,"[[B, T, d_model]]",[3235],28,input_layernorm,,1,model.layers.28.input_layernorm,aten.mul.Tensor,[model.layers.28.input_layernorm.weight],prefill,False,
3237,self_attn,q_proj,,t,"[[n_h*d_head, d_model]]","[n_h*d_head, d_model]",0,"[[d_model, n_h*d_head]]",[],28,self_attn,q_proj,2,model.layers.28.self_attn.q_proj,aten.t.default,[model.layers.28.self_attn.q_proj.weight],prefill,True,
3238,self_attn,q_proj,,view,"[[B, T, d_model]]",,,"[[B*T, d_model]]",[3236],28,self_attn,q_proj,2,model.layers.28.self_attn.q_proj,aten.view.default,[],prefill,True,
3239,self_attn,q_proj,,matmul,"[[B*T, d_model], [d_model, n_h*d_head]]","[n_h*d_head, d_model]",1,"[[B*T, n_h*d_head]]","[3237, 3238]",28,self_attn,q_proj,2,model.layers.28.self_attn.q_proj,aten.mm.default,[model.layers.28.self_attn.q_proj.weight],prefill,False,
3240,self_attn,q_proj,,_unsafe_view,"[[B*T, n_h*d_head]]",,,"[[B, T, n_h*d_head]]",[3239],28,self_attn,q_proj,2,model.layers.28.self_attn.q_proj,aten._unsafe_view.default,[],prefill,True,
3241,self_attn,,,view,"[[B, T, n_h*d_head]]",,,"[[B, T, n_h, d_head]]",[3240],28,self_attn,,1,model.layers.28.self_attn,aten.view.default,[],prefill,True,
3242,self_attn,k_proj,,t,"[[n_kv*d_head, d_model]]","[n_kv*d_head, d_model]",0,"[[d_model, n_kv*d_head]]",[],28,self_attn,k_proj,2,model.layers.28.self_attn.k_proj,aten.t.default,[model.layers.28.self_attn.k_proj.weight],prefill,True,
3243,self_attn,k_proj,,view,"[[B, T, d_model]]",,,"[[B*T, d_model]]",[3236],28,self_attn,k_proj,2,model.layers.28.self_attn.k_proj,aten.view.default,[],prefill,True,
3244,self_attn,k_proj,,matmul,"[[B*T, d_model], [d_model, n_kv*d_head]]","[n_kv*d_head, d_model]",1,"[[B*T, n_kv*d_head]]","[3242, 3243]",28,self_attn,k_proj,2,model.layers.28.self_attn.k_proj,aten.mm.default,[model.layers.28.self_attn.k_proj.weight],prefill,False,
3245,self_attn,k_proj,,_unsafe_view,"[[B*T, n_kv*d_head]]",,,"[[B, T, n_kv*d_head]]",[3244],28,self_attn,k_proj,2,model.layers.28.self_attn.k_proj,aten._unsafe_view.default,[],prefill,True,
3246,self_attn,,,view,"[[B, T, n_kv*d_head]]",,,"[[B, T, n_kv, d_head]]",[3245],28,self_attn,,1,model.layers.28.self_attn,aten.view.default,[],prefill,True,
3247,self_attn,v_proj,,t,"[[n_kv*d_head, d_model]]","[n_kv*d_head, d_model]",0,"[[d_model, n_kv*d_head]]",[],28,self_attn,v_proj,2,model.layers.28.self_attn.v_proj,aten.t.default,[model.layers.28.self_attn.v_proj.weight],prefill,True,
3248,self_attn,v_proj,,view,"[[B, T, d_model]]",,,"[[B*T, d_model]]",[3236],28,self_attn,v_proj,2,model.layers.28.self_attn.v_proj,aten.view.default,[],prefill,True,
3249,self_attn,v_proj,,matmul,"[[B*T, d_model], [d_model, n_kv*d_head]]","[n_kv*d_head, d_model]",1,"[[B*T, n_kv*d_head]]","[3247, 3248]",28,self_attn,v_proj,2,model.layers.28.self_attn.v_proj,aten.mm.default,[model.layers.28.self_attn.v_proj.weight],prefill,False,
3250,self_attn,v_proj,,_unsafe_view,"[[B*T, n_kv*d_head]]",,,"[[B, T, n_kv*d_head]]",[3249],28,self_attn,v_proj,2,model.layers.28.self_attn.v_proj,aten._unsafe_view.default,[],prefill,True,
3251,self_attn,,,view,"[[B, T, n_kv*d_head]]",,,"[[B, T, n_kv, d_head]]",[3250],28,self_attn,,1,model.layers.28.self_attn,aten.view.default,[],prefill,True,
3252,self_attn,,,transpose,"[[B, T, n_kv, d_head]]",,,"[[B, n_kv, T, d_head]]",[3251],28,self_attn,,1,model.layers.28.self_attn,aten.transpose.int,[],prefill,True,
3253,self_attn,,,_to_copy,"[[B, T, n_h, d_head]]",,,"[[B, T, n_h, d_head]]",[3241],28,self_attn,,1,model.layers.28.self_attn,aten._to_copy.default,[],prefill,True,
3254,self_attn,,,view,"[[B, T, n_h, d_head]]",,,"[[B, T, n_h, d_head/2, 2]]",[3253],28,self_attn,,1,model.layers.28.self_attn,aten.view.default,[],prefill,True,
3255,self_attn,,,view_as_complex,"[[B, T, n_h, d_head/2, 2]]",,,"[[B, T, n_h, d_head/2]]",[3254],28,self_attn,,1,model.layers.28.self_attn,aten.view_as_complex.default,[],prefill,True,
3256,self_attn,,,_to_copy,"[[B, T, n_kv, d_head]]",,,"[[B, T, n_kv, d_head]]",[3246],28,self_attn,,1,model.layers.28.self_attn,aten._to_copy.default,[],prefill,True,
3257,self_attn,,,view,"[[B, T, n_kv, d_head]]",,,"[[B, T, n_kv, d_head/2, 2]]",[3256],28,self_attn,,1,model.layers.28.self_attn,aten.view.default,[],prefill,True,
3258,self_attn,,,view_as_complex,"[[B, T, n_kv, d_head/2, 2]]",,,"[[B, T, n_kv, d_head/2]]",[3257],28,self_attn,,1,model.layers.28.self_attn,aten.view_as_complex.default,[],prefill,True,
3259,self_attn,,,unsqueeze,"[[B, T, d_head/2]]",,,"[[B, T, 1, d_head/2]]",[106],28,self_attn,,1,model.layers.28.self_attn,aten.unsqueeze.default,[],prefill,True,
3260,self_attn,,,elementwise_mul,"[[B, T, n_h, d_head/2], [B, T, 1, d_head/2]]",,,"[[B, T, n_h, d_head/2]]","[3255, 3259]",28,self_attn,,1,model.layers.28.self_attn,aten.mul.Tensor,[],prefill,False,
3261,self_attn,,,view_as_real,"[[B, T, n_h, d_head/2]]",,,"[[B, T, n_h, d_head/2, 2]]",[3260],28,self_attn,,1,model.layers.28.self_attn,aten.view_as_real.default,[],prefill,True,
3262,self_attn,,,view,"[[B, T, n_h, d_head/2, 2]]",,,"[[B, T, n_h, d_head]]",[3261],28,self_attn,,1,model.layers.28.self_attn,aten.view.default,[],prefill,True,
3263,self_attn,,,unsqueeze,"[[B, T, d_head/2]]",,,"[[B, T, 1, d_head/2]]",[106],28,self_attn,,1,model.layers.28.self_attn,aten.unsqueeze.default,[],prefill,True,
3264,self_attn,,,elementwise_mul,"[[B, T, n_kv, d_head/2], [B, T, 1, d_head/2]]",,,"[[B, T, n_kv, d_head/2]]","[3258, 3263]",28,self_attn,,1,model.layers.28.self_attn,aten.mul.Tensor,[],prefill,False,
3265,self_attn,,,view_as_real,"[[B, T, n_kv, d_head/2]]",,,"[[B, T, n_kv, d_head/2, 2]]",[3264],28,self_attn,,1,model.layers.28.self_attn,aten.view_as_real.default,[],prefill,True,
3266,self_attn,,,view,"[[B, T, n_kv, d_head/2, 2]]",,,"[[B, T, n_kv, d_head]]",[3265],28,self_attn,,1,model.layers.28.self_attn,aten.view.default,[],prefill,True,
3267,self_attn,,,_to_copy,"[[B, T, n_h, d_head]]",,,"[[B, T, n_h, d_head]]",[3262],28,self_attn,,1,model.layers.28.self_attn,aten._to_copy.default,[],prefill,True,
3268,self_attn,,,_to_copy,"[[B, T, n_kv, d_head]]",,,"[[B, T, n_kv, d_head]]",[3266],28,self_attn,,1,model.layers.28.self_attn,aten._to_copy.default,[],prefill,True,
3269,self_attn,,,transpose,"[[B, T, n_h, d_head]]",,,"[[B, n_h, T, d_head]]",[3267],28,self_attn,,1,model.layers.28.self_attn,aten.transpose.int,[],prefill,True,
3270,self_attn,,,transpose,"[[B, T, n_kv, d_head]]",,,"[[B, n_kv, T, d_head]]",[3268],28,self_attn,,1,model.layers.28.self_attn,aten.transpose.int,[],prefill,True,
3271,self_attn,,,_to_copy,[[]],,,[[]],[22],28,self_attn,,1,model.layers.28.self_attn,aten._to_copy.default,[],prefill,True,
3272,self_attn,,,concat,"[[0], [B, n_kv, T, d_head]]",,,"[[B, n_kv, T, d_head]]",[3270],28,self_attn,,1,model.layers.28.self_attn,aten.cat.default,[],prefill,False,
3273,self_attn,,,concat,"[[0], [B, n_kv, T, d_head]]",,,"[[B, n_kv, T, d_head]]",[3252],28,self_attn,,1,model.layers.28.self_attn,aten.cat.default,[],prefill,False,
3274,self_attn,,,slice,"[[B, n_kv, T, d_head]]",,,"[[B, n_kv, T, d_head]]",[3272],28,self_attn,,1,model.layers.28.self_attn,aten.slice.Tensor,[],prefill,True,
3275,self_attn,,,slice,"[[B, n_kv, T, d_head]]",,,"[[B, n_kv, T, d_head]]",[3273],28,self_attn,,1,model.layers.28.self_attn,aten.slice.Tensor,[],prefill,True,
3276,self_attn,,,unsqueeze,"[[B, n_kv, T, d_head]]",,,"[[B, n_kv, 1, T, d_head]]",[3272],28,self_attn,,1,model.layers.28.self_attn,aten.unsqueeze.default,[],prefill,True,
3277,self_attn,,,expand,"[[B, n_kv, 1, T, d_head]]",,,"[[B, n_kv, n_h/n_kv, T, d_head]]",[3276],28,self_attn,,1,model.layers.28.self_attn,aten.expand.default,[],prefill,True,
3278,self_attn,,,clone,"[[B, n_kv, n_h/n_kv, T, d_head]]",,,"[[B, n_kv, n_h/n_kv, T, d_head]]",[3277],28,self_attn,,1,model.layers.28.self_attn,aten.clone.default,[],prefill,True,
3279,self_attn,,,_unsafe_view,"[[B, n_kv, n_h/n_kv, T, d_head]]",,,"[[B, n_h, T, d_head]]",[3278],28,self_attn,,1,model.layers.28.self_attn,aten._unsafe_view.default,[],prefill,True,
3280,self_attn,,,unsqueeze,"[[B, n_kv, T, d_head]]",,,"[[B, n_kv, 1, T, d_head]]",[3273],28,self_attn,,1,model.layers.28.self_attn,aten.unsqueeze.default,[],prefill,True,
3281,self_attn,,,expand,"[[B, n_kv, 1, T, d_head]]",,,"[[B, n_kv, n_h/n_kv, T, d_head]]",[3280],28,self_attn,,1,model.layers.28.self_attn,aten.expand.default,[],prefill,True,
3282,self_attn,,,clone,"[[B, n_kv, n_h/n_kv, T, d_head]]",,,"[[B, n_kv, n_h/n_kv, T, d_head]]",[3281],28,self_attn,,1,model.layers.28.self_attn,aten.clone.default,[],prefill,True,
3283,self_attn,,,_unsafe_view,"[[B, n_kv, n_h/n_kv, T, d_head]]",,,"[[B, n_h, T, d_head]]",[3282],28,self_attn,,1,model.layers.28.self_attn,aten._unsafe_view.default,[],prefill,True,
3284,self_attn,,,transpose,"[[B, n_h, T, d_head]]",,,"[[B, n_h, d_head, T]]",[3279],28,self_attn,,1,model.layers.28.self_attn,aten.transpose.int,[],prefill,True,
3285,self_attn,,,expand,"[[B, n_h, T, d_head]]",,,"[[B, n_h, T, d_head]]",[3269],28,self_attn,,1,model.layers.28.self_attn,aten.expand.default,[],prefill,True,
3286,self_attn,,,clone,"[[B, n_h, T, d_head]]",,,"[[B, n_h, T, d_head]]",[3285],28,self_attn,,1,model.layers.28.self_attn,aten.clone.default,[],prefill,True,
3287,self_attn,,,_unsafe_view,"[[B, n_h, T, d_head]]",,,"[[B*n_h, T, d_head]]",[3286],28,self_attn,,1,model.layers.28.self_attn,aten._unsafe_view.default,[],prefill,True,
3288,self_attn,,,expand,"[[B, n_h, d_head, T]]",,,"[[B, n_h, d_head, T]]",[3284],28,self_attn,,1,model.layers.28.self_attn,aten.expand.default,[],prefill,True,
3289,self_attn,,,view,"[[B, n_h, d_head, T]]",,,"[[B*n_h, d_head, T]]",[3288],28,self_attn,,1,model.layers.28.self_attn,aten.view.default,[],prefill,True,
3290,self_attn,,,batched_matmul,"[[B*n_h, T, d_head], [B*n_h, d_head, T]]",,,"[[B*n_h, T, T]]","[3287, 3289]",28,self_attn,,1,model.layers.28.self_attn,aten.bmm.default,[],prefill,False,
3291,self_attn,,,_unsafe_view,"[[B*n_h, T, T]]",,,"[[B, n_h, T, T]]",[3290],28,self_attn,,1,model.layers.28.self_attn,aten._unsafe_view.default,[],prefill,True,
3292,self_attn,,,elementwise_mul,"[[B, n_h, T, T]]",,,"[[B, n_h, T, T]]",[3291],28,self_attn,,1,model.layers.28.self_attn,aten.mul.Tensor,[],prefill,False,
3293,self_attn,,,elementwise_add,"[[B, n_h, T, T], [B, 1, T, T]]",,,"[[B, n_h, T, T]]","[91, 3292]",28,self_attn,,1,model.layers.28.self_attn,aten.add.Tensor,[],prefill,False,
3294,self_attn,,,softmax,"[[B, n_h, T, T]]",,,"[[B, n_h, T, T]]",[3293],28,self_attn,,1,model.layers.28.self_attn,aten._softmax.default,[],prefill,False,
3295,self_attn,,,expand,"[[B, n_h, T, T]]",,,"[[B, n_h, T, T]]",[3294],28,self_attn,,1,model.layers.28.self_attn,aten.expand.default,[],prefill,True,
3296,self_attn,,,view,"[[B, n_h, T, T]]",,,"[[B*n_h, T, T]]",[3295],28,self_attn,,1,model.layers.28.self_attn,aten.view.default,[],prefill,True,
3297,self_attn,,,expand,"[[B, n_h, T, d_head]]",,,"[[B, n_h, T, d_head]]",[3283],28,self_attn,,1,model.layers.28.self_attn,aten.expand.default,[],prefill,True,
3298,self_attn,,,view,"[[B, n_h, T, d_head]]",,,"[[B*n_h, T, d_head]]",[3297],28,self_attn,,1,model.layers.28.self_attn,aten.view.default,[],prefill,True,
3299,self_attn,,,batched_matmul,"[[B*n_h, T, T], [B*n_h, T, d_head]]",,,"[[B*n_h, T, d_head]]","[3296, 3298]",28,self_attn,,1,model.layers.28.self_attn,aten.bmm.default,[],prefill,False,
3300,self_attn,,,_unsafe_view,"[[B*n_h, T, d_head]]",,,"[[B, n_h, T, d_head]]",[3299],28,self_attn,,1,model.layers.28.self_attn,aten._unsafe_view.default,[],prefill,True,
3301,self_attn,,,transpose,"[[B, n_h, T, d_head]]",,,"[[B, T, n_h, d_head]]",[3300],28,self_attn,,1,model.layers.28.self_attn,aten.transpose.int,[],prefill,True,
3302,self_attn,,,clone,"[[B, T, n_h, d_head]]",,,"[[B, T, n_h, d_head]]",[3301],28,self_attn,,1,model.layers.28.self_attn,aten.clone.default,[],prefill,True,
3303,self_attn,,,view,"[[B, T, n_h, d_head]]",,,"[[B, T, n_h*d_head]]",[3302],28,self_attn,,1,model.layers.28.self_attn,aten.view.default,[],prefill,True,
3304,self_attn,o_proj,,t,"[[d_model, n_h*d_head]]","[d_model, n_h*d_head]",0,"[[n_h*d_head, d_model]]",[],28,self_attn,o_proj,2,model.layers.28.self_attn.o_proj,aten.t.default,[model.layers.28.self_attn.o_proj.weight],prefill,True,
3305,self_attn,o_proj,,view,"[[B, T, n_h*d_head]]",,,"[[B*T, n_h*d_head]]",[3303],28,self_attn,o_proj,2,model.layers.28.self_attn.o_proj,aten.view.default,[],prefill,True,
3306,self_attn,o_proj,,matmul,"[[B*T, n_h*d_head], [n_h*d_head, d_model]]","[d_model, n_h*d_head]",1,"[[B*T, d_model]]","[3304, 3305]",28,self_attn,o_proj,2,model.layers.28.self_attn.o_proj,aten.mm.default,[model.layers.28.self_attn.o_proj.weight],prefill,False,
3307,self_attn,o_proj,,_unsafe_view,"[[B*T, d_model]]",,,"[[B, T, d_model]]",[3306],28,self_attn,o_proj,2,model.layers.28.self_attn.o_proj,aten._unsafe_view.default,[],prefill,True,
3308,,,,elementwise_add,"[[B, T, d_model], [B, T, d_model]]",,,"[[B, T, d_model]]","[3228, 3307]",28,,,0,model.layers.28,aten.add.Tensor,[],prefill,False,
3309,post_attention_layernorm,,,_to_copy,"[[B, T, d_model]]",,,"[[B, T, d_model]]",[3308],28,post_attention_layernorm,,1,model.layers.28.post_attention_layernorm,aten._to_copy.default,[],prefill,True,
3310,post_attention_layernorm,,,pow,"[[B, T, d_model]]",,,"[[B, T, d_model]]",[3309],28,post_attention_layernorm,,1,model.layers.28.post_attention_layernorm,aten.pow.Tensor_Scalar,[],prefill,False,
3311,post_attention_layernorm,,,mean,"[[B, T, d_model]]",,,"[[B, T, 1]]",[3310],28,post_attention_layernorm,,1,model.layers.28.post_attention_layernorm,aten.mean.dim,[],prefill,False,
3312,post_attention_layernorm,,,elementwise_add,"[[B, T, 1]]",,,"[[B, T, 1]]",[3311],28,post_attention_layernorm,,1,model.layers.28.post_attention_layernorm,aten.add.Tensor,[],prefill,False,
3313,post_attention_layernorm,,,rsqrt,"[[B, T, 1]]",,,"[[B, T, 1]]",[3312],28,post_attention_layernorm,,1,model.layers.28.post_attention_layernorm,aten.rsqrt.default,[],prefill,False,
3314,post_attention_layernorm,,,elementwise_mul,"[[B, T, d_model], [B, T, 1]]",,,"[[B, T, d_model]]","[3309, 3313]",28,post_attention_layernorm,,1,model.layers.28.post_attention_layernorm,aten.mul.Tensor,[],prefill,False,
3315,post_attention_layernorm,,,_to_copy,"[[B, T, d_model]]",,,"[[B, T, d_model]]",[3314],28,post_attention_layernorm,,1,model.layers.28.post_attention_layernorm,aten._to_copy.default,[],prefill,True,
3316,post_attention_layernorm,,,elementwise_mul,"[[B, T, d_model], [d_model]]",,,"[[B, T, d_model]]",[3315],28,post_attention_layernorm,,1,model.layers.28.post_attention_layernorm,aten.mul.Tensor,[model.layers.28.post_attention_layernorm.weight],prefill,False,
3317,feed_forward,gate_proj,,t,"[[d_ff, d_model]]","[d_ff, d_model]",0,"[[d_model, d_ff]]",[],28,feed_forward,gate_proj,2,model.layers.28.feed_forward.gate_proj,aten.t.default,[model.layers.28.feed_forward.gate_proj.weight],prefill,True,
3318,feed_forward,gate_proj,,view,"[[B, T, d_model]]",,,"[[B*T, d_model]]",[3316],28,feed_forward,gate_proj,2,model.layers.28.feed_forward.gate_proj,aten.view.default,[],prefill,True,
3319,feed_forward,gate_proj,,matmul,"[[B*T, d_model], [d_model, d_ff]]","[d_ff, d_model]",1,"[[B*T, d_ff]]","[3317, 3318]",28,feed_forward,gate_proj,2,model.layers.28.feed_forward.gate_proj,aten.mm.default,[model.layers.28.feed_forward.gate_proj.weight],prefill,False,
3320,feed_forward,gate_proj,,_unsafe_view,"[[B*T, d_ff]]",,,"[[B, T, d_ff]]",[3319],28,feed_forward,gate_proj,2,model.layers.28.feed_forward.gate_proj,aten._unsafe_view.default,[],prefill,True,
3321,feed_forward,activation_fn,,silu,"[[B, T, d_ff]]",,,"[[B, T, d_ff]]",[3320],28,feed_forward,activation_fn,2,model.layers.28.feed_forward.activation_fn,aten.silu.default,[],prefill,False,
3322,feed_forward,up_proj,,t,"[[d_ff, d_model]]","[d_ff, d_model]",0,"[[d_model, d_ff]]",[],28,feed_forward,up_proj,2,model.layers.28.feed_forward.up_proj,aten.t.default,[model.layers.28.feed_forward.up_proj.weight],prefill,True,
3323,feed_forward,up_proj,,view,"[[B, T, d_model]]",,,"[[B*T, d_model]]",[3316],28,feed_forward,up_proj,2,model.layers.28.feed_forward.up_proj,aten.view.default,[],prefill,True,
3324,feed_forward,up_proj,,matmul,"[[B*T, d_model], [d_model, d_ff]]","[d_ff, d_model]",1,"[[B*T, d_ff]]","[3322, 3323]",28,feed_forward,up_proj,2,model.layers.28.feed_forward.up_proj,aten.mm.default,[model.layers.28.feed_forward.up_proj.weight],prefill,False,
3325,feed_forward,up_proj,,_unsafe_view,"[[B*T, d_ff]]",,,"[[B, T, d_ff]]",[3324],28,feed_forward,up_proj,2,model.layers.28.feed_forward.up_proj,aten._unsafe_view.default,[],prefill,True,
3326,feed_forward,,,elementwise_mul,"[[B, T, d_ff], [B, T, d_ff]]",,,"[[B, T, d_ff]]","[3321, 3325]",28,feed_forward,,1,model.layers.28.feed_forward,aten.mul.Tensor,[],prefill,False,
3327,feed_forward,down_proj,,t,"[[d_model, d_ff]]","[d_model, d_ff]",0,"[[d_ff, d_model]]",[],28,feed_forward,down_proj,2,model.layers.28.feed_forward.down_proj,aten.t.default,[model.layers.28.feed_forward.down_proj.weight],prefill,True,
3328,feed_forward,down_proj,,view,"[[B, T, d_ff]]",,,"[[B*T, d_ff]]",[3326],28,feed_forward,down_proj,2,model.layers.28.feed_forward.down_proj,aten.view.default,[],prefill,True,
3329,feed_forward,down_proj,,matmul,"[[B*T, d_ff], [d_ff, d_model]]","[d_model, d_ff]",1,"[[B*T, d_model]]","[3327, 3328]",28,feed_forward,down_proj,2,model.layers.28.feed_forward.down_proj,aten.mm.default,[model.layers.28.feed_forward.down_proj.weight],prefill,False,
3330,feed_forward,down_proj,,_unsafe_view,"[[B*T, d_model]]",,,"[[B, T, d_model]]",[3329],28,feed_forward,down_proj,2,model.layers.28.feed_forward.down_proj,aten._unsafe_view.default,[],prefill,True,
3331,,,,view,"[[B, T, d_model]]",,,"[[B, T, d_model]]",[3330],28,,,0,model.layers.28,aten.view.default,[],prefill,True,
3332,,,,elementwise_add,"[[B, T, d_model], [B, T, d_model]]",,,"[[B, T, d_model]]","[3308, 3331]",28,,,0,model.layers.28,aten.add.Tensor,[],prefill,False,
3333,input_layernorm,,,_to_copy,"[[B, T, d_model]]",,,"[[B, T, d_model]]",[3332],29,input_layernorm,,1,model.layers.29.input_layernorm,aten._to_copy.default,[],prefill,True,
3334,input_layernorm,,,pow,"[[B, T, d_model]]",,,"[[B, T, d_model]]",[3333],29,input_layernorm,,1,model.layers.29.input_layernorm,aten.pow.Tensor_Scalar,[],prefill,False,
3335,input_layernorm,,,mean,"[[B, T, d_model]]",,,"[[B, T, 1]]",[3334],29,input_layernorm,,1,model.layers.29.input_layernorm,aten.mean.dim,[],prefill,False,
3336,input_layernorm,,,elementwise_add,"[[B, T, 1]]",,,"[[B, T, 1]]",[3335],29,input_layernorm,,1,model.layers.29.input_layernorm,aten.add.Tensor,[],prefill,False,
3337,input_layernorm,,,rsqrt,"[[B, T, 1]]",,,"[[B, T, 1]]",[3336],29,input_layernorm,,1,model.layers.29.input_layernorm,aten.rsqrt.default,[],prefill,False,
3338,input_layernorm,,,elementwise_mul,"[[B, T, d_model], [B, T, 1]]",,,"[[B, T, d_model]]","[3333, 3337]",29,input_layernorm,,1,model.layers.29.input_layernorm,aten.mul.Tensor,[],prefill,False,
3339,input_layernorm,,,_to_copy,"[[B, T, d_model]]",,,"[[B, T, d_model]]",[3338],29,input_layernorm,,1,model.layers.29.input_layernorm,aten._to_copy.default,[],prefill,True,
3340,input_layernorm,,,elementwise_mul,"[[B, T, d_model], [d_model]]",,,"[[B, T, d_model]]",[3339],29,input_layernorm,,1,model.layers.29.input_layernorm,aten.mul.Tensor,[model.layers.29.input_layernorm.weight],prefill,False,
3341,self_attn,q_proj,,t,"[[n_h*d_head, d_model]]","[n_h*d_head, d_model]",0,"[[d_model, n_h*d_head]]",[],29,self_attn,q_proj,2,model.layers.29.self_attn.q_proj,aten.t.default,[model.layers.29.self_attn.q_proj.weight],prefill,True,
3342,self_attn,q_proj,,view,"[[B, T, d_model]]",,,"[[B*T, d_model]]",[3340],29,self_attn,q_proj,2,model.layers.29.self_attn.q_proj,aten.view.default,[],prefill,True,
3343,self_attn,q_proj,,matmul,"[[B*T, d_model], [d_model, n_h*d_head]]","[n_h*d_head, d_model]",1,"[[B*T, n_h*d_head]]","[3341, 3342]",29,self_attn,q_proj,2,model.layers.29.self_attn.q_proj,aten.mm.default,[model.layers.29.self_attn.q_proj.weight],prefill,False,
3344,self_attn,q_proj,,_unsafe_view,"[[B*T, n_h*d_head]]",,,"[[B, T, n_h*d_head]]",[3343],29,self_attn,q_proj,2,model.layers.29.self_attn.q_proj,aten._unsafe_view.default,[],prefill,True,
3345,self_attn,,,view,"[[B, T, n_h*d_head]]",,,"[[B, T, n_h, d_head]]",[3344],29,self_attn,,1,model.layers.29.self_attn,aten.view.default,[],prefill,True,
3346,self_attn,k_proj,,t,"[[n_kv*d_head, d_model]]","[n_kv*d_head, d_model]",0,"[[d_model, n_kv*d_head]]",[],29,self_attn,k_proj,2,model.layers.29.self_attn.k_proj,aten.t.default,[model.layers.29.self_attn.k_proj.weight],prefill,True,
3347,self_attn,k_proj,,view,"[[B, T, d_model]]",,,"[[B*T, d_model]]",[3340],29,self_attn,k_proj,2,model.layers.29.self_attn.k_proj,aten.view.default,[],prefill,True,
3348,self_attn,k_proj,,matmul,"[[B*T, d_model], [d_model, n_kv*d_head]]","[n_kv*d_head, d_model]",1,"[[B*T, n_kv*d_head]]","[3346, 3347]",29,self_attn,k_proj,2,model.layers.29.self_attn.k_proj,aten.mm.default,[model.layers.29.self_attn.k_proj.weight],prefill,False,
3349,self_attn,k_proj,,_unsafe_view,"[[B*T, n_kv*d_head]]",,,"[[B, T, n_kv*d_head]]",[3348],29,self_attn,k_proj,2,model.layers.29.self_attn.k_proj,aten._unsafe_view.default,[],prefill,True,
3350,self_attn,,,view,"[[B, T, n_kv*d_head]]",,,"[[B, T, n_kv, d_head]]",[3349],29,self_attn,,1,model.layers.29.self_attn,aten.view.default,[],prefill,True,
3351,self_attn,v_proj,,t,"[[n_kv*d_head, d_model]]","[n_kv*d_head, d_model]",0,"[[d_model, n_kv*d_head]]",[],29,self_attn,v_proj,2,model.layers.29.self_attn.v_proj,aten.t.default,[model.layers.29.self_attn.v_proj.weight],prefill,True,
3352,self_attn,v_proj,,view,"[[B, T, d_model]]",,,"[[B*T, d_model]]",[3340],29,self_attn,v_proj,2,model.layers.29.self_attn.v_proj,aten.view.default,[],prefill,True,
3353,self_attn,v_proj,,matmul,"[[B*T, d_model], [d_model, n_kv*d_head]]","[n_kv*d_head, d_model]",1,"[[B*T, n_kv*d_head]]","[3351, 3352]",29,self_attn,v_proj,2,model.layers.29.self_attn.v_proj,aten.mm.default,[model.layers.29.self_attn.v_proj.weight],prefill,False,
3354,self_attn,v_proj,,_unsafe_view,"[[B*T, n_kv*d_head]]",,,"[[B, T, n_kv*d_head]]",[3353],29,self_attn,v_proj,2,model.layers.29.self_attn.v_proj,aten._unsafe_view.default,[],prefill,True,
3355,self_attn,,,view,"[[B, T, n_kv*d_head]]",,,"[[B, T, n_kv, d_head]]",[3354],29,self_attn,,1,model.layers.29.self_attn,aten.view.default,[],prefill,True,
3356,self_attn,,,transpose,"[[B, T, n_kv, d_head]]",,,"[[B, n_kv, T, d_head]]",[3355],29,self_attn,,1,model.layers.29.self_attn,aten.transpose.int,[],prefill,True,
3357,self_attn,,,_to_copy,"[[B, T, n_h, d_head]]",,,"[[B, T, n_h, d_head]]",[3345],29,self_attn,,1,model.layers.29.self_attn,aten._to_copy.default,[],prefill,True,
3358,self_attn,,,view,"[[B, T, n_h, d_head]]",,,"[[B, T, n_h, d_head/2, 2]]",[3357],29,self_attn,,1,model.layers.29.self_attn,aten.view.default,[],prefill,True,
3359,self_attn,,,view_as_complex,"[[B, T, n_h, d_head/2, 2]]",,,"[[B, T, n_h, d_head/2]]",[3358],29,self_attn,,1,model.layers.29.self_attn,aten.view_as_complex.default,[],prefill,True,
3360,self_attn,,,_to_copy,"[[B, T, n_kv, d_head]]",,,"[[B, T, n_kv, d_head]]",[3350],29,self_attn,,1,model.layers.29.self_attn,aten._to_copy.default,[],prefill,True,
3361,self_attn,,,view,"[[B, T, n_kv, d_head]]",,,"[[B, T, n_kv, d_head/2, 2]]",[3360],29,self_attn,,1,model.layers.29.self_attn,aten.view.default,[],prefill,True,
3362,self_attn,,,view_as_complex,"[[B, T, n_kv, d_head/2, 2]]",,,"[[B, T, n_kv, d_head/2]]",[3361],29,self_attn,,1,model.layers.29.self_attn,aten.view_as_complex.default,[],prefill,True,
3363,self_attn,,,unsqueeze,"[[B, T, d_head/2]]",,,"[[B, T, 1, d_head/2]]",[106],29,self_attn,,1,model.layers.29.self_attn,aten.unsqueeze.default,[],prefill,True,
3364,self_attn,,,elementwise_mul,"[[B, T, n_h, d_head/2], [B, T, 1, d_head/2]]",,,"[[B, T, n_h, d_head/2]]","[3359, 3363]",29,self_attn,,1,model.layers.29.self_attn,aten.mul.Tensor,[],prefill,False,
3365,self_attn,,,view_as_real,"[[B, T, n_h, d_head/2]]",,,"[[B, T, n_h, d_head/2, 2]]",[3364],29,self_attn,,1,model.layers.29.self_attn,aten.view_as_real.default,[],prefill,True,
3366,self_attn,,,view,"[[B, T, n_h, d_head/2, 2]]",,,"[[B, T, n_h, d_head]]",[3365],29,self_attn,,1,model.layers.29.self_attn,aten.view.default,[],prefill,True,
3367,self_attn,,,unsqueeze,"[[B, T, d_head/2]]",,,"[[B, T, 1, d_head/2]]",[106],29,self_attn,,1,model.layers.29.self_attn,aten.unsqueeze.default,[],prefill,True,
3368,self_attn,,,elementwise_mul,"[[B, T, n_kv, d_head/2], [B, T, 1, d_head/2]]",,,"[[B, T, n_kv, d_head/2]]","[3362, 3367]",29,self_attn,,1,model.layers.29.self_attn,aten.mul.Tensor,[],prefill,False,
3369,self_attn,,,view_as_real,"[[B, T, n_kv, d_head/2]]",,,"[[B, T, n_kv, d_head/2, 2]]",[3368],29,self_attn,,1,model.layers.29.self_attn,aten.view_as_real.default,[],prefill,True,
3370,self_attn,,,view,"[[B, T, n_kv, d_head/2, 2]]",,,"[[B, T, n_kv, d_head]]",[3369],29,self_attn,,1,model.layers.29.self_attn,aten.view.default,[],prefill,True,
3371,self_attn,,,_to_copy,"[[B, T, n_h, d_head]]",,,"[[B, T, n_h, d_head]]",[3366],29,self_attn,,1,model.layers.29.self_attn,aten._to_copy.default,[],prefill,True,
3372,self_attn,,,_to_copy,"[[B, T, n_kv, d_head]]",,,"[[B, T, n_kv, d_head]]",[3370],29,self_attn,,1,model.layers.29.self_attn,aten._to_copy.default,[],prefill,True,
3373,self_attn,,,transpose,"[[B, T, n_h, d_head]]",,,"[[B, n_h, T, d_head]]",[3371],29,self_attn,,1,model.layers.29.self_attn,aten.transpose.int,[],prefill,True,
3374,self_attn,,,transpose,"[[B, T, n_kv, d_head]]",,,"[[B, n_kv, T, d_head]]",[3372],29,self_attn,,1,model.layers.29.self_attn,aten.transpose.int,[],prefill,True,
3375,self_attn,,,_to_copy,[[]],,,[[]],[23],29,self_attn,,1,model.layers.29.self_attn,aten._to_copy.default,[],prefill,True,
3376,self_attn,,,concat,"[[0], [B, n_kv, T, d_head]]",,,"[[B, n_kv, T, d_head]]",[3374],29,self_attn,,1,model.layers.29.self_attn,aten.cat.default,[],prefill,False,
3377,self_attn,,,concat,"[[0], [B, n_kv, T, d_head]]",,,"[[B, n_kv, T, d_head]]",[3356],29,self_attn,,1,model.layers.29.self_attn,aten.cat.default,[],prefill,False,
3378,self_attn,,,slice,"[[B, n_kv, T, d_head]]",,,"[[B, n_kv, T, d_head]]",[3376],29,self_attn,,1,model.layers.29.self_attn,aten.slice.Tensor,[],prefill,True,
3379,self_attn,,,slice,"[[B, n_kv, T, d_head]]",,,"[[B, n_kv, T, d_head]]",[3377],29,self_attn,,1,model.layers.29.self_attn,aten.slice.Tensor,[],prefill,True,
3380,self_attn,,,unsqueeze,"[[B, n_kv, T, d_head]]",,,"[[B, n_kv, 1, T, d_head]]",[3376],29,self_attn,,1,model.layers.29.self_attn,aten.unsqueeze.default,[],prefill,True,
3381,self_attn,,,expand,"[[B, n_kv, 1, T, d_head]]",,,"[[B, n_kv, n_h/n_kv, T, d_head]]",[3380],29,self_attn,,1,model.layers.29.self_attn,aten.expand.default,[],prefill,True,
3382,self_attn,,,clone,"[[B, n_kv, n_h/n_kv, T, d_head]]",,,"[[B, n_kv, n_h/n_kv, T, d_head]]",[3381],29,self_attn,,1,model.layers.29.self_attn,aten.clone.default,[],prefill,True,
3383,self_attn,,,_unsafe_view,"[[B, n_kv, n_h/n_kv, T, d_head]]",,,"[[B, n_h, T, d_head]]",[3382],29,self_attn,,1,model.layers.29.self_attn,aten._unsafe_view.default,[],prefill,True,
3384,self_attn,,,unsqueeze,"[[B, n_kv, T, d_head]]",,,"[[B, n_kv, 1, T, d_head]]",[3377],29,self_attn,,1,model.layers.29.self_attn,aten.unsqueeze.default,[],prefill,True,
3385,self_attn,,,expand,"[[B, n_kv, 1, T, d_head]]",,,"[[B, n_kv, n_h/n_kv, T, d_head]]",[3384],29,self_attn,,1,model.layers.29.self_attn,aten.expand.default,[],prefill,True,
3386,self_attn,,,clone,"[[B, n_kv, n_h/n_kv, T, d_head]]",,,"[[B, n_kv, n_h/n_kv, T, d_head]]",[3385],29,self_attn,,1,model.layers.29.self_attn,aten.clone.default,[],prefill,True,
3387,self_attn,,,_unsafe_view,"[[B, n_kv, n_h/n_kv, T, d_head]]",,,"[[B, n_h, T, d_head]]",[3386],29,self_attn,,1,model.layers.29.self_attn,aten._unsafe_view.default,[],prefill,True,
3388,self_attn,,,transpose,"[[B, n_h, T, d_head]]",,,"[[B, n_h, d_head, T]]",[3383],29,self_attn,,1,model.layers.29.self_attn,aten.transpose.int,[],prefill,True,
3389,self_attn,,,expand,"[[B, n_h, T, d_head]]",,,"[[B, n_h, T, d_head]]",[3373],29,self_attn,,1,model.layers.29.self_attn,aten.expand.default,[],prefill,True,
3390,self_attn,,,clone,"[[B, n_h, T, d_head]]",,,"[[B, n_h, T, d_head]]",[3389],29,self_attn,,1,model.layers.29.self_attn,aten.clone.default,[],prefill,True,
3391,self_attn,,,_unsafe_view,"[[B, n_h, T, d_head]]",,,"[[B*n_h, T, d_head]]",[3390],29,self_attn,,1,model.layers.29.self_attn,aten._unsafe_view.default,[],prefill,True,
3392,self_attn,,,expand,"[[B, n_h, d_head, T]]",,,"[[B, n_h, d_head, T]]",[3388],29,self_attn,,1,model.layers.29.self_attn,aten.expand.default,[],prefill,True,
3393,self_attn,,,view,"[[B, n_h, d_head, T]]",,,"[[B*n_h, d_head, T]]",[3392],29,self_attn,,1,model.layers.29.self_attn,aten.view.default,[],prefill,True,
3394,self_attn,,,batched_matmul,"[[B*n_h, T, d_head], [B*n_h, d_head, T]]",,,"[[B*n_h, T, T]]","[3391, 3393]",29,self_attn,,1,model.layers.29.self_attn,aten.bmm.default,[],prefill,False,
3395,self_attn,,,_unsafe_view,"[[B*n_h, T, T]]",,,"[[B, n_h, T, T]]",[3394],29,self_attn,,1,model.layers.29.self_attn,aten._unsafe_view.default,[],prefill,True,
3396,self_attn,,,elementwise_mul,"[[B, n_h, T, T]]",,,"[[B, n_h, T, T]]",[3395],29,self_attn,,1,model.layers.29.self_attn,aten.mul.Tensor,[],prefill,False,
3397,self_attn,,,elementwise_add,"[[B, n_h, T, T], [B, 1, T, T]]",,,"[[B, n_h, T, T]]","[91, 3396]",29,self_attn,,1,model.layers.29.self_attn,aten.add.Tensor,[],prefill,False,
3398,self_attn,,,softmax,"[[B, n_h, T, T]]",,,"[[B, n_h, T, T]]",[3397],29,self_attn,,1,model.layers.29.self_attn,aten._softmax.default,[],prefill,False,
3399,self_attn,,,expand,"[[B, n_h, T, T]]",,,"[[B, n_h, T, T]]",[3398],29,self_attn,,1,model.layers.29.self_attn,aten.expand.default,[],prefill,True,
3400,self_attn,,,view,"[[B, n_h, T, T]]",,,"[[B*n_h, T, T]]",[3399],29,self_attn,,1,model.layers.29.self_attn,aten.view.default,[],prefill,True,
3401,self_attn,,,expand,"[[B, n_h, T, d_head]]",,,"[[B, n_h, T, d_head]]",[3387],29,self_attn,,1,model.layers.29.self_attn,aten.expand.default,[],prefill,True,
3402,self_attn,,,view,"[[B, n_h, T, d_head]]",,,"[[B*n_h, T, d_head]]",[3401],29,self_attn,,1,model.layers.29.self_attn,aten.view.default,[],prefill,True,
3403,self_attn,,,batched_matmul,"[[B*n_h, T, T], [B*n_h, T, d_head]]",,,"[[B*n_h, T, d_head]]","[3400, 3402]",29,self_attn,,1,model.layers.29.self_attn,aten.bmm.default,[],prefill,False,
3404,self_attn,,,_unsafe_view,"[[B*n_h, T, d_head]]",,,"[[B, n_h, T, d_head]]",[3403],29,self_attn,,1,model.layers.29.self_attn,aten._unsafe_view.default,[],prefill,True,
3405,self_attn,,,transpose,"[[B, n_h, T, d_head]]",,,"[[B, T, n_h, d_head]]",[3404],29,self_attn,,1,model.layers.29.self_attn,aten.transpose.int,[],prefill,True,
3406,self_attn,,,clone,"[[B, T, n_h, d_head]]",,,"[[B, T, n_h, d_head]]",[3405],29,self_attn,,1,model.layers.29.self_attn,aten.clone.default,[],prefill,True,
3407,self_attn,,,view,"[[B, T, n_h, d_head]]",,,"[[B, T, n_h*d_head]]",[3406],29,self_attn,,1,model.layers.29.self_attn,aten.view.default,[],prefill,True,
3408,self_attn,o_proj,,t,"[[d_model, n_h*d_head]]","[d_model, n_h*d_head]",0,"[[n_h*d_head, d_model]]",[],29,self_attn,o_proj,2,model.layers.29.self_attn.o_proj,aten.t.default,[model.layers.29.self_attn.o_proj.weight],prefill,True,
3409,self_attn,o_proj,,view,"[[B, T, n_h*d_head]]",,,"[[B*T, n_h*d_head]]",[3407],29,self_attn,o_proj,2,model.layers.29.self_attn.o_proj,aten.view.default,[],prefill,True,
3410,self_attn,o_proj,,matmul,"[[B*T, n_h*d_head], [n_h*d_head, d_model]]","[d_model, n_h*d_head]",1,"[[B*T, d_model]]","[3408, 3409]",29,self_attn,o_proj,2,model.layers.29.self_attn.o_proj,aten.mm.default,[model.layers.29.self_attn.o_proj.weight],prefill,False,
3411,self_attn,o_proj,,_unsafe_view,"[[B*T, d_model]]",,,"[[B, T, d_model]]",[3410],29,self_attn,o_proj,2,model.layers.29.self_attn.o_proj,aten._unsafe_view.default,[],prefill,True,
3412,,,,elementwise_add,"[[B, T, d_model], [B, T, d_model]]",,,"[[B, T, d_model]]","[3332, 3411]",29,,,0,model.layers.29,aten.add.Tensor,[],prefill,False,
3413,post_attention_layernorm,,,_to_copy,"[[B, T, d_model]]",,,"[[B, T, d_model]]",[3412],29,post_attention_layernorm,,1,model.layers.29.post_attention_layernorm,aten._to_copy.default,[],prefill,True,
3414,post_attention_layernorm,,,pow,"[[B, T, d_model]]",,,"[[B, T, d_model]]",[3413],29,post_attention_layernorm,,1,model.layers.29.post_attention_layernorm,aten.pow.Tensor_Scalar,[],prefill,False,
3415,post_attention_layernorm,,,mean,"[[B, T, d_model]]",,,"[[B, T, 1]]",[3414],29,post_attention_layernorm,,1,model.layers.29.post_attention_layernorm,aten.mean.dim,[],prefill,False,
3416,post_attention_layernorm,,,elementwise_add,"[[B, T, 1]]",,,"[[B, T, 1]]",[3415],29,post_attention_layernorm,,1,model.layers.29.post_attention_layernorm,aten.add.Tensor,[],prefill,False,
3417,post_attention_layernorm,,,rsqrt,"[[B, T, 1]]",,,"[[B, T, 1]]",[3416],29,post_attention_layernorm,,1,model.layers.29.post_attention_layernorm,aten.rsqrt.default,[],prefill,False,
3418,post_attention_layernorm,,,elementwise_mul,"[[B, T, d_model], [B, T, 1]]",,,"[[B, T, d_model]]","[3413, 3417]",29,post_attention_layernorm,,1,model.layers.29.post_attention_layernorm,aten.mul.Tensor,[],prefill,False,
3419,post_attention_layernorm,,,_to_copy,"[[B, T, d_model]]",,,"[[B, T, d_model]]",[3418],29,post_attention_layernorm,,1,model.layers.29.post_attention_layernorm,aten._to_copy.default,[],prefill,True,
3420,post_attention_layernorm,,,elementwise_mul,"[[B, T, d_model], [d_model]]",,,"[[B, T, d_model]]",[3419],29,post_attention_layernorm,,1,model.layers.29.post_attention_layernorm,aten.mul.Tensor,[model.layers.29.post_attention_layernorm.weight],prefill,False,
3421,feed_forward,,,view,"[[B, T, d_model]]",,,"[[B*T, d_model]]",[3420],29,feed_forward,,1,model.layers.29.feed_forward,aten.view.default,[],prefill,True,
3422,feed_forward,router,,t,"[[E, d_model]]","[E, d_model]",0,"[[d_model, E]]",[],29,feed_forward,router,2,model.layers.29.feed_forward.router,aten.t.default,[model.layers.29.feed_forward.router.weight],prefill,True,
3423,feed_forward,router,,matmul,"[[B*T, d_model], [d_model, E]]","[E, d_model]",1,"[[B*T, E]]","[3421, 3422]",29,feed_forward,router,2,model.layers.29.feed_forward.router,aten.mm.default,[model.layers.29.feed_forward.router.weight],prefill,False,
3424,feed_forward,router,,topk,"[[B*T, E]]",,,"[[B*T, 1], [B*T, 1]]",[3423],29,feed_forward,router,2,model.layers.29.feed_forward.router,aten.topk.default,[],prefill,False,
3425,feed_forward,router,,full_like,"[[B*T, E]]",,,"[[B*T, E]]",[3423],29,feed_forward,router,2,model.layers.29.feed_forward.router,aten.full_like.default,[],prefill,True,
3426,feed_forward,router,,scatter_,"[[B*T, E], [B*T, 1], [B*T, 1]]",,,"[[B*T, E]]","[3424, 3425]",29,feed_forward,router,2,model.layers.29.feed_forward.router,aten.scatter_.src,[],prefill,True,
3427,feed_forward,router,,_to_copy,"[[B*T, E]]",,,"[[B*T, E]]",[3426],29,feed_forward,router,2,model.layers.29.feed_forward.router,aten._to_copy.default,[],prefill,True,
3428,feed_forward,router,,sigmoid,"[[B*T, E]]",,,"[[B*T, E]]",[3427],29,feed_forward,router,2,model.layers.29.feed_forward.router,aten.sigmoid.default,[],prefill,False,
3429,feed_forward,router,,_to_copy,"[[B*T, E]]",,,"[[B*T, E]]",[3428],29,feed_forward,router,2,model.layers.29.feed_forward.router,aten._to_copy.default,[],prefill,True,
3430,feed_forward,,,repeat,"[[B*T, d_model]]",,,"[[B*E*T, d_model]]",[3421],29,feed_forward,,1,model.layers.29.feed_forward,aten.repeat.default,[],prefill,True,
3431,feed_forward,,,transpose,"[[B*T, E]]",,,"[[E, B*T]]",[3429],29,feed_forward,,1,model.layers.29.feed_forward,aten.transpose.int,[],prefill,True,
3432,feed_forward,,,clone,"[[E, B*T]]",,,"[[E, B*T]]",[3431],29,feed_forward,,1,model.layers.29.feed_forward,aten.clone.default,[],prefill,True,
3433,feed_forward,,,_unsafe_view,"[[E, B*T]]",,,"[[B*E*T, 1]]",[3432],29,feed_forward,,1,model.layers.29.feed_forward,aten._unsafe_view.default,[],prefill,True,
3434,feed_forward,,,elementwise_mul,"[[B*E*T, d_model], [B*E*T, 1]]",,,"[[B*E*T, d_model]]","[3430, 3433]",29,feed_forward,,1,model.layers.29.feed_forward,aten.mul.Tensor,[],prefill,False,
3435,feed_forward,experts,,view,"[[B*E*T, d_model]]",,,"[[E, B*T, d_model]]",[3434],29,feed_forward,experts,2,model.layers.29.feed_forward.experts,aten.view.default,[],prefill,True,
3436,feed_forward,experts,,batched_matmul,"[[E, B*T, d_model], [E, d_model, 2*d_moe]]","[E, d_model, 2*d_moe]",1,"[[E, B*T, 2*d_moe]]",[3435],29,feed_forward,experts,2,model.layers.29.feed_forward.experts,aten.bmm.default,[model.layers.29.feed_forward.experts.gate_up_proj],prefill,False,
3437,feed_forward,experts,,split,"[[E, B*T, 2*d_moe]]",,,"[[E, B*T, d_moe], [E, B*T, d_moe]]",[3436],29,feed_forward,experts,2,model.layers.29.feed_forward.experts,aten.split.Tensor,[],prefill,True,
3438,feed_forward,experts,act_fn,silu,"[[E, B*T, d_moe]]",,,"[[E, B*T, d_moe]]",[3437],29,feed_forward,experts,3,model.layers.29.feed_forward.experts.act_fn,aten.silu.default,[],prefill,False,
3439,feed_forward,experts,,elementwise_mul,"[[E, B*T, d_moe], [E, B*T, d_moe]]",,,"[[E, B*T, d_moe]]","[3437, 3438]",29,feed_forward,experts,2,model.layers.29.feed_forward.experts,aten.mul.Tensor,[],prefill,False,
3440,feed_forward,experts,,batched_matmul,"[[E, B*T, d_moe], [E, d_moe, d_model]]","[E, d_moe, d_model]",1,"[[E, B*T, d_model]]",[3439],29,feed_forward,experts,2,model.layers.29.feed_forward.experts,aten.bmm.default,[model.layers.29.feed_forward.experts.down_proj],prefill,False,
3441,feed_forward,experts,,view,"[[E, B*T, d_model]]",,,"[[B*E*T, d_model]]",[3440],29,feed_forward,experts,2,model.layers.29.feed_forward.experts,aten.view.default,[],prefill,True,
3442,feed_forward,shared_expert,gate_proj,t,"[[d_moe, d_model]]","[d_moe, d_model]",0,"[[d_model, d_moe]]",[],29,feed_forward,shared_expert,3,model.layers.29.feed_forward.shared_expert.gate_proj,aten.t.default,[model.layers.29.feed_forward.shared_expert.gate_proj.weight],prefill,True,
3443,feed_forward,shared_expert,gate_proj,matmul,"[[B*T, d_model], [d_model, d_moe]]","[d_moe, d_model]",1,"[[B*T, d_moe]]","[3421, 3442]",29,feed_forward,shared_expert,3,model.layers.29.feed_forward.shared_expert.gate_proj,aten.mm.default,[model.layers.29.feed_forward.shared_expert.gate_proj.weight],prefill,False,
3444,feed_forward,shared_expert,activation_fn,silu,"[[B*T, d_moe]]",,,"[[B*T, d_moe]]",[3443],29,feed_forward,shared_expert,3,model.layers.29.feed_forward.shared_expert.activation_fn,aten.silu.default,[],prefill,False,
3445,feed_forward,shared_expert,up_proj,t,"[[d_moe, d_model]]","[d_moe, d_model]",0,"[[d_model, d_moe]]",[],29,feed_forward,shared_expert,3,model.layers.29.feed_forward.shared_expert.up_proj,aten.t.default,[model.layers.29.feed_forward.shared_expert.up_proj.weight],prefill,True,
3446,feed_forward,shared_expert,up_proj,matmul,"[[B*T, d_model], [d_model, d_moe]]","[d_moe, d_model]",1,"[[B*T, d_moe]]","[3421, 3445]",29,feed_forward,shared_expert,3,model.layers.29.feed_forward.shared_expert.up_proj,aten.mm.default,[model.layers.29.feed_forward.shared_expert.up_proj.weight],prefill,False,
3447,feed_forward,shared_expert,,elementwise_mul,"[[B*T, d_moe], [B*T, d_moe]]",,,"[[B*T, d_moe]]","[3444, 3446]",29,feed_forward,shared_expert,2,model.layers.29.feed_forward.shared_expert,aten.mul.Tensor,[],prefill,False,
3448,feed_forward,shared_expert,down_proj,t,"[[d_model, d_moe]]","[d_model, d_moe]",0,"[[d_moe, d_model]]",[],29,feed_forward,shared_expert,3,model.layers.29.feed_forward.shared_expert.down_proj,aten.t.default,[model.layers.29.feed_forward.shared_expert.down_proj.weight],prefill,True,
3449,feed_forward,shared_expert,down_proj,matmul,"[[B*T, d_moe], [d_moe, d_model]]","[d_model, d_moe]",1,"[[B*T, d_model]]","[3447, 3448]",29,feed_forward,shared_expert,3,model.layers.29.feed_forward.shared_expert.down_proj,aten.mm.default,[model.layers.29.feed_forward.shared_expert.down_proj.weight],prefill,False,
3450,feed_forward,,,view,"[[B*E*T, d_model]]",,,"[[E, B*T, d_model]]",[3441],29,feed_forward,,1,model.layers.29.feed_forward,aten.view.default,[],prefill,True,
3451,feed_forward,,,sum,"[[E, B*T, d_model]]",,,"[[B*T, d_model]]",[3450],29,feed_forward,,1,model.layers.29.feed_forward,aten.sum.dim_IntList,[],prefill,True,
3452,feed_forward,,,add_,"[[B*T, d_model], [B*T, d_model]]",,,"[[B*T, d_model]]","[3449, 3451]",29,feed_forward,,1,model.layers.29.feed_forward,aten.add_.Tensor,[],prefill,True,
3453,,,,view,"[[B*T, d_model]]",,,"[[B, T, d_model]]",[3452],29,,,0,model.layers.29,aten.view.default,[],prefill,True,
3454,,,,elementwise_add,"[[B, T, d_model], [B, T, d_model]]",,,"[[B, T, d_model]]","[3412, 3453]",29,,,0,model.layers.29,aten.add.Tensor,[],prefill,False,
3455,input_layernorm,,,_to_copy,"[[B, T, d_model]]",,,"[[B, T, d_model]]",[3454],30,input_layernorm,,1,model.layers.30.input_layernorm,aten._to_copy.default,[],prefill,True,
3456,input_layernorm,,,pow,"[[B, T, d_model]]",,,"[[B, T, d_model]]",[3455],30,input_layernorm,,1,model.layers.30.input_layernorm,aten.pow.Tensor_Scalar,[],prefill,False,
3457,input_layernorm,,,mean,"[[B, T, d_model]]",,,"[[B, T, 1]]",[3456],30,input_layernorm,,1,model.layers.30.input_layernorm,aten.mean.dim,[],prefill,False,
3458,input_layernorm,,,elementwise_add,"[[B, T, 1]]",,,"[[B, T, 1]]",[3457],30,input_layernorm,,1,model.layers.30.input_layernorm,aten.add.Tensor,[],prefill,False,
3459,input_layernorm,,,rsqrt,"[[B, T, 1]]",,,"[[B, T, 1]]",[3458],30,input_layernorm,,1,model.layers.30.input_layernorm,aten.rsqrt.default,[],prefill,False,
3460,input_layernorm,,,elementwise_mul,"[[B, T, d_model], [B, T, 1]]",,,"[[B, T, d_model]]","[3455, 3459]",30,input_layernorm,,1,model.layers.30.input_layernorm,aten.mul.Tensor,[],prefill,False,
3461,input_layernorm,,,_to_copy,"[[B, T, d_model]]",,,"[[B, T, d_model]]",[3460],30,input_layernorm,,1,model.layers.30.input_layernorm,aten._to_copy.default,[],prefill,True,
3462,input_layernorm,,,elementwise_mul,"[[B, T, d_model], [d_model]]",,,"[[B, T, d_model]]",[3461],30,input_layernorm,,1,model.layers.30.input_layernorm,aten.mul.Tensor,[model.layers.30.input_layernorm.weight],prefill,False,
3463,self_attn,q_proj,,t,"[[n_h*d_head, d_model]]","[n_h*d_head, d_model]",0,"[[d_model, n_h*d_head]]",[],30,self_attn,q_proj,2,model.layers.30.self_attn.q_proj,aten.t.default,[model.layers.30.self_attn.q_proj.weight],prefill,True,
3464,self_attn,q_proj,,view,"[[B, T, d_model]]",,,"[[B*T, d_model]]",[3462],30,self_attn,q_proj,2,model.layers.30.self_attn.q_proj,aten.view.default,[],prefill,True,
3465,self_attn,q_proj,,matmul,"[[B*T, d_model], [d_model, n_h*d_head]]","[n_h*d_head, d_model]",1,"[[B*T, n_h*d_head]]","[3463, 3464]",30,self_attn,q_proj,2,model.layers.30.self_attn.q_proj,aten.mm.default,[model.layers.30.self_attn.q_proj.weight],prefill,False,
3466,self_attn,q_proj,,_unsafe_view,"[[B*T, n_h*d_head]]",,,"[[B, T, n_h*d_head]]",[3465],30,self_attn,q_proj,2,model.layers.30.self_attn.q_proj,aten._unsafe_view.default,[],prefill,True,
3467,self_attn,,,view,"[[B, T, n_h*d_head]]",,,"[[B, T, n_h, d_head]]",[3466],30,self_attn,,1,model.layers.30.self_attn,aten.view.default,[],prefill,True,
3468,self_attn,k_proj,,t,"[[n_kv*d_head, d_model]]","[n_kv*d_head, d_model]",0,"[[d_model, n_kv*d_head]]",[],30,self_attn,k_proj,2,model.layers.30.self_attn.k_proj,aten.t.default,[model.layers.30.self_attn.k_proj.weight],prefill,True,
3469,self_attn,k_proj,,view,"[[B, T, d_model]]",,,"[[B*T, d_model]]",[3462],30,self_attn,k_proj,2,model.layers.30.self_attn.k_proj,aten.view.default,[],prefill,True,
3470,self_attn,k_proj,,matmul,"[[B*T, d_model], [d_model, n_kv*d_head]]","[n_kv*d_head, d_model]",1,"[[B*T, n_kv*d_head]]","[3468, 3469]",30,self_attn,k_proj,2,model.layers.30.self_attn.k_proj,aten.mm.default,[model.layers.30.self_attn.k_proj.weight],prefill,False,
3471,self_attn,k_proj,,_unsafe_view,"[[B*T, n_kv*d_head]]",,,"[[B, T, n_kv*d_head]]",[3470],30,self_attn,k_proj,2,model.layers.30.self_attn.k_proj,aten._unsafe_view.default,[],prefill,True,
3472,self_attn,,,view,"[[B, T, n_kv*d_head]]",,,"[[B, T, n_kv, d_head]]",[3471],30,self_attn,,1,model.layers.30.self_attn,aten.view.default,[],prefill,True,
3473,self_attn,v_proj,,t,"[[n_kv*d_head, d_model]]","[n_kv*d_head, d_model]",0,"[[d_model, n_kv*d_head]]",[],30,self_attn,v_proj,2,model.layers.30.self_attn.v_proj,aten.t.default,[model.layers.30.self_attn.v_proj.weight],prefill,True,
3474,self_attn,v_proj,,view,"[[B, T, d_model]]",,,"[[B*T, d_model]]",[3462],30,self_attn,v_proj,2,model.layers.30.self_attn.v_proj,aten.view.default,[],prefill,True,
3475,self_attn,v_proj,,matmul,"[[B*T, d_model], [d_model, n_kv*d_head]]","[n_kv*d_head, d_model]",1,"[[B*T, n_kv*d_head]]","[3473, 3474]",30,self_attn,v_proj,2,model.layers.30.self_attn.v_proj,aten.mm.default,[model.layers.30.self_attn.v_proj.weight],prefill,False,
3476,self_attn,v_proj,,_unsafe_view,"[[B*T, n_kv*d_head]]",,,"[[B, T, n_kv*d_head]]",[3475],30,self_attn,v_proj,2,model.layers.30.self_attn.v_proj,aten._unsafe_view.default,[],prefill,True,
3477,self_attn,,,view,"[[B, T, n_kv*d_head]]",,,"[[B, T, n_kv, d_head]]",[3476],30,self_attn,,1,model.layers.30.self_attn,aten.view.default,[],prefill,True,
3478,self_attn,,,transpose,"[[B, T, n_kv, d_head]]",,,"[[B, n_kv, T, d_head]]",[3477],30,self_attn,,1,model.layers.30.self_attn,aten.transpose.int,[],prefill,True,
3479,self_attn,,,_to_copy,"[[B, T, n_h, d_head]]",,,"[[B, T, n_h, d_head]]",[3467],30,self_attn,,1,model.layers.30.self_attn,aten._to_copy.default,[],prefill,True,
3480,self_attn,,,view,"[[B, T, n_h, d_head]]",,,"[[B, T, n_h, d_head/2, 2]]",[3479],30,self_attn,,1,model.layers.30.self_attn,aten.view.default,[],prefill,True,
3481,self_attn,,,view_as_complex,"[[B, T, n_h, d_head/2, 2]]",,,"[[B, T, n_h, d_head/2]]",[3480],30,self_attn,,1,model.layers.30.self_attn,aten.view_as_complex.default,[],prefill,True,
3482,self_attn,,,_to_copy,"[[B, T, n_kv, d_head]]",,,"[[B, T, n_kv, d_head]]",[3472],30,self_attn,,1,model.layers.30.self_attn,aten._to_copy.default,[],prefill,True,
3483,self_attn,,,view,"[[B, T, n_kv, d_head]]",,,"[[B, T, n_kv, d_head/2, 2]]",[3482],30,self_attn,,1,model.layers.30.self_attn,aten.view.default,[],prefill,True,
3484,self_attn,,,view_as_complex,"[[B, T, n_kv, d_head/2, 2]]",,,"[[B, T, n_kv, d_head/2]]",[3483],30,self_attn,,1,model.layers.30.self_attn,aten.view_as_complex.default,[],prefill,True,
3485,self_attn,,,unsqueeze,"[[B, T, d_head/2]]",,,"[[B, T, 1, d_head/2]]",[106],30,self_attn,,1,model.layers.30.self_attn,aten.unsqueeze.default,[],prefill,True,
3486,self_attn,,,elementwise_mul,"[[B, T, n_h, d_head/2], [B, T, 1, d_head/2]]",,,"[[B, T, n_h, d_head/2]]","[3481, 3485]",30,self_attn,,1,model.layers.30.self_attn,aten.mul.Tensor,[],prefill,False,
3487,self_attn,,,view_as_real,"[[B, T, n_h, d_head/2]]",,,"[[B, T, n_h, d_head/2, 2]]",[3486],30,self_attn,,1,model.layers.30.self_attn,aten.view_as_real.default,[],prefill,True,
3488,self_attn,,,view,"[[B, T, n_h, d_head/2, 2]]",,,"[[B, T, n_h, d_head]]",[3487],30,self_attn,,1,model.layers.30.self_attn,aten.view.default,[],prefill,True,
3489,self_attn,,,unsqueeze,"[[B, T, d_head/2]]",,,"[[B, T, 1, d_head/2]]",[106],30,self_attn,,1,model.layers.30.self_attn,aten.unsqueeze.default,[],prefill,True,
3490,self_attn,,,elementwise_mul,"[[B, T, n_kv, d_head/2], [B, T, 1, d_head/2]]",,,"[[B, T, n_kv, d_head/2]]","[3484, 3489]",30,self_attn,,1,model.layers.30.self_attn,aten.mul.Tensor,[],prefill,False,
3491,self_attn,,,view_as_real,"[[B, T, n_kv, d_head/2]]",,,"[[B, T, n_kv, d_head/2, 2]]",[3490],30,self_attn,,1,model.layers.30.self_attn,aten.view_as_real.default,[],prefill,True,
3492,self_attn,,,view,"[[B, T, n_kv, d_head/2, 2]]",,,"[[B, T, n_kv, d_head]]",[3491],30,self_attn,,1,model.layers.30.self_attn,aten.view.default,[],prefill,True,
3493,self_attn,,,_to_copy,"[[B, T, n_h, d_head]]",,,"[[B, T, n_h, d_head]]",[3488],30,self_attn,,1,model.layers.30.self_attn,aten._to_copy.default,[],prefill,True,
3494,self_attn,,,_to_copy,"[[B, T, n_kv, d_head]]",,,"[[B, T, n_kv, d_head]]",[3492],30,self_attn,,1,model.layers.30.self_attn,aten._to_copy.default,[],prefill,True,
3495,self_attn,,,transpose,"[[B, T, n_h, d_head]]",,,"[[B, n_h, T, d_head]]",[3493],30,self_attn,,1,model.layers.30.self_attn,aten.transpose.int,[],prefill,True,
3496,self_attn,,,transpose,"[[B, T, n_kv, d_head]]",,,"[[B, n_kv, T, d_head]]",[3494],30,self_attn,,1,model.layers.30.self_attn,aten.transpose.int,[],prefill,True,
3497,self_attn,,,_to_copy,[[]],,,[[]],[24],30,self_attn,,1,model.layers.30.self_attn,aten._to_copy.default,[],prefill,True,
3498,self_attn,,,concat,"[[0], [B, n_kv, T, d_head]]",,,"[[B, n_kv, T, d_head]]",[3496],30,self_attn,,1,model.layers.30.self_attn,aten.cat.default,[],prefill,False,
3499,self_attn,,,concat,"[[0], [B, n_kv, T, d_head]]",,,"[[B, n_kv, T, d_head]]",[3478],30,self_attn,,1,model.layers.30.self_attn,aten.cat.default,[],prefill,False,
3500,self_attn,,,slice,"[[B, n_kv, T, d_head]]",,,"[[B, n_kv, T, d_head]]",[3498],30,self_attn,,1,model.layers.30.self_attn,aten.slice.Tensor,[],prefill,True,
3501,self_attn,,,slice,"[[B, n_kv, T, d_head]]",,,"[[B, n_kv, T, d_head]]",[3499],30,self_attn,,1,model.layers.30.self_attn,aten.slice.Tensor,[],prefill,True,
3502,self_attn,,,unsqueeze,"[[B, n_kv, T, d_head]]",,,"[[B, n_kv, 1, T, d_head]]",[3498],30,self_attn,,1,model.layers.30.self_attn,aten.unsqueeze.default,[],prefill,True,
3503,self_attn,,,expand,"[[B, n_kv, 1, T, d_head]]",,,"[[B, n_kv, n_h/n_kv, T, d_head]]",[3502],30,self_attn,,1,model.layers.30.self_attn,aten.expand.default,[],prefill,True,
3504,self_attn,,,clone,"[[B, n_kv, n_h/n_kv, T, d_head]]",,,"[[B, n_kv, n_h/n_kv, T, d_head]]",[3503],30,self_attn,,1,model.layers.30.self_attn,aten.clone.default,[],prefill,True,
3505,self_attn,,,_unsafe_view,"[[B, n_kv, n_h/n_kv, T, d_head]]",,,"[[B, n_h, T, d_head]]",[3504],30,self_attn,,1,model.layers.30.self_attn,aten._unsafe_view.default,[],prefill,True,
3506,self_attn,,,unsqueeze,"[[B, n_kv, T, d_head]]",,,"[[B, n_kv, 1, T, d_head]]",[3499],30,self_attn,,1,model.layers.30.self_attn,aten.unsqueeze.default,[],prefill,True,
3507,self_attn,,,expand,"[[B, n_kv, 1, T, d_head]]",,,"[[B, n_kv, n_h/n_kv, T, d_head]]",[3506],30,self_attn,,1,model.layers.30.self_attn,aten.expand.default,[],prefill,True,
3508,self_attn,,,clone,"[[B, n_kv, n_h/n_kv, T, d_head]]",,,"[[B, n_kv, n_h/n_kv, T, d_head]]",[3507],30,self_attn,,1,model.layers.30.self_attn,aten.clone.default,[],prefill,True,
3509,self_attn,,,_unsafe_view,"[[B, n_kv, n_h/n_kv, T, d_head]]",,,"[[B, n_h, T, d_head]]",[3508],30,self_attn,,1,model.layers.30.self_attn,aten._unsafe_view.default,[],prefill,True,
3510,self_attn,,,transpose,"[[B, n_h, T, d_head]]",,,"[[B, n_h, d_head, T]]",[3505],30,self_attn,,1,model.layers.30.self_attn,aten.transpose.int,[],prefill,True,
3511,self_attn,,,expand,"[[B, n_h, T, d_head]]",,,"[[B, n_h, T, d_head]]",[3495],30,self_attn,,1,model.layers.30.self_attn,aten.expand.default,[],prefill,True,
3512,self_attn,,,clone,"[[B, n_h, T, d_head]]",,,"[[B, n_h, T, d_head]]",[3511],30,self_attn,,1,model.layers.30.self_attn,aten.clone.default,[],prefill,True,
3513,self_attn,,,_unsafe_view,"[[B, n_h, T, d_head]]",,,"[[B*n_h, T, d_head]]",[3512],30,self_attn,,1,model.layers.30.self_attn,aten._unsafe_view.default,[],prefill,True,
3514,self_attn,,,expand,"[[B, n_h, d_head, T]]",,,"[[B, n_h, d_head, T]]",[3510],30,self_attn,,1,model.layers.30.self_attn,aten.expand.default,[],prefill,True,
3515,self_attn,,,view,"[[B, n_h, d_head, T]]",,,"[[B*n_h, d_head, T]]",[3514],30,self_attn,,1,model.layers.30.self_attn,aten.view.default,[],prefill,True,
3516,self_attn,,,batched_matmul,"[[B*n_h, T, d_head], [B*n_h, d_head, T]]",,,"[[B*n_h, T, T]]","[3513, 3515]",30,self_attn,,1,model.layers.30.self_attn,aten.bmm.default,[],prefill,False,
3517,self_attn,,,_unsafe_view,"[[B*n_h, T, T]]",,,"[[B, n_h, T, T]]",[3516],30,self_attn,,1,model.layers.30.self_attn,aten._unsafe_view.default,[],prefill,True,
3518,self_attn,,,elementwise_mul,"[[B, n_h, T, T]]",,,"[[B, n_h, T, T]]",[3517],30,self_attn,,1,model.layers.30.self_attn,aten.mul.Tensor,[],prefill,False,
3519,self_attn,,,elementwise_add,"[[B, n_h, T, T], [B, 1, T, T]]",,,"[[B, n_h, T, T]]","[91, 3518]",30,self_attn,,1,model.layers.30.self_attn,aten.add.Tensor,[],prefill,False,
3520,self_attn,,,softmax,"[[B, n_h, T, T]]",,,"[[B, n_h, T, T]]",[3519],30,self_attn,,1,model.layers.30.self_attn,aten._softmax.default,[],prefill,False,
3521,self_attn,,,expand,"[[B, n_h, T, T]]",,,"[[B, n_h, T, T]]",[3520],30,self_attn,,1,model.layers.30.self_attn,aten.expand.default,[],prefill,True,
3522,self_attn,,,view,"[[B, n_h, T, T]]",,,"[[B*n_h, T, T]]",[3521],30,self_attn,,1,model.layers.30.self_attn,aten.view.default,[],prefill,True,
3523,self_attn,,,expand,"[[B, n_h, T, d_head]]",,,"[[B, n_h, T, d_head]]",[3509],30,self_attn,,1,model.layers.30.self_attn,aten.expand.default,[],prefill,True,
3524,self_attn,,,view,"[[B, n_h, T, d_head]]",,,"[[B*n_h, T, d_head]]",[3523],30,self_attn,,1,model.layers.30.self_attn,aten.view.default,[],prefill,True,
3525,self_attn,,,batched_matmul,"[[B*n_h, T, T], [B*n_h, T, d_head]]",,,"[[B*n_h, T, d_head]]","[3522, 3524]",30,self_attn,,1,model.layers.30.self_attn,aten.bmm.default,[],prefill,False,
3526,self_attn,,,_unsafe_view,"[[B*n_h, T, d_head]]",,,"[[B, n_h, T, d_head]]",[3525],30,self_attn,,1,model.layers.30.self_attn,aten._unsafe_view.default,[],prefill,True,
3527,self_attn,,,transpose,"[[B, n_h, T, d_head]]",,,"[[B, T, n_h, d_head]]",[3526],30,self_attn,,1,model.layers.30.self_attn,aten.transpose.int,[],prefill,True,
3528,self_attn,,,clone,"[[B, T, n_h, d_head]]",,,"[[B, T, n_h, d_head]]",[3527],30,self_attn,,1,model.layers.30.self_attn,aten.clone.default,[],prefill,True,
3529,self_attn,,,view,"[[B, T, n_h, d_head]]",,,"[[B, T, n_h*d_head]]",[3528],30,self_attn,,1,model.layers.30.self_attn,aten.view.default,[],prefill,True,
3530,self_attn,o_proj,,t,"[[d_model, n_h*d_head]]","[d_model, n_h*d_head]",0,"[[n_h*d_head, d_model]]",[],30,self_attn,o_proj,2,model.layers.30.self_attn.o_proj,aten.t.default,[model.layers.30.self_attn.o_proj.weight],prefill,True,
3531,self_attn,o_proj,,view,"[[B, T, n_h*d_head]]",,,"[[B*T, n_h*d_head]]",[3529],30,self_attn,o_proj,2,model.layers.30.self_attn.o_proj,aten.view.default,[],prefill,True,
3532,self_attn,o_proj,,matmul,"[[B*T, n_h*d_head], [n_h*d_head, d_model]]","[d_model, n_h*d_head]",1,"[[B*T, d_model]]","[3530, 3531]",30,self_attn,o_proj,2,model.layers.30.self_attn.o_proj,aten.mm.default,[model.layers.30.self_attn.o_proj.weight],prefill,False,
3533,self_attn,o_proj,,_unsafe_view,"[[B*T, d_model]]",,,"[[B, T, d_model]]",[3532],30,self_attn,o_proj,2,model.layers.30.self_attn.o_proj,aten._unsafe_view.default,[],prefill,True,
3534,,,,elementwise_add,"[[B, T, d_model], [B, T, d_model]]",,,"[[B, T, d_model]]","[3454, 3533]",30,,,0,model.layers.30,aten.add.Tensor,[],prefill,False,
3535,post_attention_layernorm,,,_to_copy,"[[B, T, d_model]]",,,"[[B, T, d_model]]",[3534],30,post_attention_layernorm,,1,model.layers.30.post_attention_layernorm,aten._to_copy.default,[],prefill,True,
3536,post_attention_layernorm,,,pow,"[[B, T, d_model]]",,,"[[B, T, d_model]]",[3535],30,post_attention_layernorm,,1,model.layers.30.post_attention_layernorm,aten.pow.Tensor_Scalar,[],prefill,False,
3537,post_attention_layernorm,,,mean,"[[B, T, d_model]]",,,"[[B, T, 1]]",[3536],30,post_attention_layernorm,,1,model.layers.30.post_attention_layernorm,aten.mean.dim,[],prefill,False,
3538,post_attention_layernorm,,,elementwise_add,"[[B, T, 1]]",,,"[[B, T, 1]]",[3537],30,post_attention_layernorm,,1,model.layers.30.post_attention_layernorm,aten.add.Tensor,[],prefill,False,
3539,post_attention_layernorm,,,rsqrt,"[[B, T, 1]]",,,"[[B, T, 1]]",[3538],30,post_attention_layernorm,,1,model.layers.30.post_attention_layernorm,aten.rsqrt.default,[],prefill,False,
3540,post_attention_layernorm,,,elementwise_mul,"[[B, T, d_model], [B, T, 1]]",,,"[[B, T, d_model]]","[3535, 3539]",30,post_attention_layernorm,,1,model.layers.30.post_attention_layernorm,aten.mul.Tensor,[],prefill,False,
3541,post_attention_layernorm,,,_to_copy,"[[B, T, d_model]]",,,"[[B, T, d_model]]",[3540],30,post_attention_layernorm,,1,model.layers.30.post_attention_layernorm,aten._to_copy.default,[],prefill,True,
3542,post_attention_layernorm,,,elementwise_mul,"[[B, T, d_model], [d_model]]",,,"[[B, T, d_model]]",[3541],30,post_attention_layernorm,,1,model.layers.30.post_attention_layernorm,aten.mul.Tensor,[model.layers.30.post_attention_layernorm.weight],prefill,False,
3543,feed_forward,gate_proj,,t,"[[d_ff, d_model]]","[d_ff, d_model]",0,"[[d_model, d_ff]]",[],30,feed_forward,gate_proj,2,model.layers.30.feed_forward.gate_proj,aten.t.default,[model.layers.30.feed_forward.gate_proj.weight],prefill,True,
3544,feed_forward,gate_proj,,view,"[[B, T, d_model]]",,,"[[B*T, d_model]]",[3542],30,feed_forward,gate_proj,2,model.layers.30.feed_forward.gate_proj,aten.view.default,[],prefill,True,
3545,feed_forward,gate_proj,,matmul,"[[B*T, d_model], [d_model, d_ff]]","[d_ff, d_model]",1,"[[B*T, d_ff]]","[3543, 3544]",30,feed_forward,gate_proj,2,model.layers.30.feed_forward.gate_proj,aten.mm.default,[model.layers.30.feed_forward.gate_proj.weight],prefill,False,
3546,feed_forward,gate_proj,,_unsafe_view,"[[B*T, d_ff]]",,,"[[B, T, d_ff]]",[3545],30,feed_forward,gate_proj,2,model.layers.30.feed_forward.gate_proj,aten._unsafe_view.default,[],prefill,True,
3547,feed_forward,activation_fn,,silu,"[[B, T, d_ff]]",,,"[[B, T, d_ff]]",[3546],30,feed_forward,activation_fn,2,model.layers.30.feed_forward.activation_fn,aten.silu.default,[],prefill,False,
3548,feed_forward,up_proj,,t,"[[d_ff, d_model]]","[d_ff, d_model]",0,"[[d_model, d_ff]]",[],30,feed_forward,up_proj,2,model.layers.30.feed_forward.up_proj,aten.t.default,[model.layers.30.feed_forward.up_proj.weight],prefill,True,
3549,feed_forward,up_proj,,view,"[[B, T, d_model]]",,,"[[B*T, d_model]]",[3542],30,feed_forward,up_proj,2,model.layers.30.feed_forward.up_proj,aten.view.default,[],prefill,True,
3550,feed_forward,up_proj,,matmul,"[[B*T, d_model], [d_model, d_ff]]","[d_ff, d_model]",1,"[[B*T, d_ff]]","[3548, 3549]",30,feed_forward,up_proj,2,model.layers.30.feed_forward.up_proj,aten.mm.default,[model.layers.30.feed_forward.up_proj.weight],prefill,False,
3551,feed_forward,up_proj,,_unsafe_view,"[[B*T, d_ff]]",,,"[[B, T, d_ff]]",[3550],30,feed_forward,up_proj,2,model.layers.30.feed_forward.up_proj,aten._unsafe_view.default,[],prefill,True,
3552,feed_forward,,,elementwise_mul,"[[B, T, d_ff], [B, T, d_ff]]",,,"[[B, T, d_ff]]","[3547, 3551]",30,feed_forward,,1,model.layers.30.feed_forward,aten.mul.Tensor,[],prefill,False,
3553,feed_forward,down_proj,,t,"[[d_model, d_ff]]","[d_model, d_ff]",0,"[[d_ff, d_model]]",[],30,feed_forward,down_proj,2,model.layers.30.feed_forward.down_proj,aten.t.default,[model.layers.30.feed_forward.down_proj.weight],prefill,True,
3554,feed_forward,down_proj,,view,"[[B, T, d_ff]]",,,"[[B*T, d_ff]]",[3552],30,feed_forward,down_proj,2,model.layers.30.feed_forward.down_proj,aten.view.default,[],prefill,True,
3555,feed_forward,down_proj,,matmul,"[[B*T, d_ff], [d_ff, d_model]]","[d_model, d_ff]",1,"[[B*T, d_model]]","[3553, 3554]",30,feed_forward,down_proj,2,model.layers.30.feed_forward.down_proj,aten.mm.default,[model.layers.30.feed_forward.down_proj.weight],prefill,False,
3556,feed_forward,down_proj,,_unsafe_view,"[[B*T, d_model]]",,,"[[B, T, d_model]]",[3555],30,feed_forward,down_proj,2,model.layers.30.feed_forward.down_proj,aten._unsafe_view.default,[],prefill,True,
3557,,,,view,"[[B, T, d_model]]",,,"[[B, T, d_model]]",[3556],30,,,0,model.layers.30,aten.view.default,[],prefill,True,
3558,,,,elementwise_add,"[[B, T, d_model], [B, T, d_model]]",,,"[[B, T, d_model]]","[3534, 3557]",30,,,0,model.layers.30,aten.add.Tensor,[],prefill,False,
3559,input_layernorm,,,_to_copy,"[[B, T, d_model]]",,,"[[B, T, d_model]]",[3558],31,input_layernorm,,1,model.layers.31.input_layernorm,aten._to_copy.default,[],prefill,True,
3560,input_layernorm,,,pow,"[[B, T, d_model]]",,,"[[B, T, d_model]]",[3559],31,input_layernorm,,1,model.layers.31.input_layernorm,aten.pow.Tensor_Scalar,[],prefill,False,
3561,input_layernorm,,,mean,"[[B, T, d_model]]",,,"[[B, T, 1]]",[3560],31,input_layernorm,,1,model.layers.31.input_layernorm,aten.mean.dim,[],prefill,False,
3562,input_layernorm,,,elementwise_add,"[[B, T, 1]]",,,"[[B, T, 1]]",[3561],31,input_layernorm,,1,model.layers.31.input_layernorm,aten.add.Tensor,[],prefill,False,
3563,input_layernorm,,,rsqrt,"[[B, T, 1]]",,,"[[B, T, 1]]",[3562],31,input_layernorm,,1,model.layers.31.input_layernorm,aten.rsqrt.default,[],prefill,False,
3564,input_layernorm,,,elementwise_mul,"[[B, T, d_model], [B, T, 1]]",,,"[[B, T, d_model]]","[3559, 3563]",31,input_layernorm,,1,model.layers.31.input_layernorm,aten.mul.Tensor,[],prefill,False,
3565,input_layernorm,,,_to_copy,"[[B, T, d_model]]",,,"[[B, T, d_model]]",[3564],31,input_layernorm,,1,model.layers.31.input_layernorm,aten._to_copy.default,[],prefill,True,
3566,input_layernorm,,,elementwise_mul,"[[B, T, d_model], [d_model]]",,,"[[B, T, d_model]]",[3565],31,input_layernorm,,1,model.layers.31.input_layernorm,aten.mul.Tensor,[model.layers.31.input_layernorm.weight],prefill,False,
3567,self_attn,q_proj,,t,"[[n_h*d_head, d_model]]","[n_h*d_head, d_model]",0,"[[d_model, n_h*d_head]]",[],31,self_attn,q_proj,2,model.layers.31.self_attn.q_proj,aten.t.default,[model.layers.31.self_attn.q_proj.weight],prefill,True,
3568,self_attn,q_proj,,view,"[[B, T, d_model]]",,,"[[B*T, d_model]]",[3566],31,self_attn,q_proj,2,model.layers.31.self_attn.q_proj,aten.view.default,[],prefill,True,
3569,self_attn,q_proj,,matmul,"[[B*T, d_model], [d_model, n_h*d_head]]","[n_h*d_head, d_model]",1,"[[B*T, n_h*d_head]]","[3567, 3568]",31,self_attn,q_proj,2,model.layers.31.self_attn.q_proj,aten.mm.default,[model.layers.31.self_attn.q_proj.weight],prefill,False,
3570,self_attn,q_proj,,_unsafe_view,"[[B*T, n_h*d_head]]",,,"[[B, T, n_h*d_head]]",[3569],31,self_attn,q_proj,2,model.layers.31.self_attn.q_proj,aten._unsafe_view.default,[],prefill,True,
3571,self_attn,,,view,"[[B, T, n_h*d_head]]",,,"[[B, T, n_h, d_head]]",[3570],31,self_attn,,1,model.layers.31.self_attn,aten.view.default,[],prefill,True,
3572,self_attn,k_proj,,t,"[[n_kv*d_head, d_model]]","[n_kv*d_head, d_model]",0,"[[d_model, n_kv*d_head]]",[],31,self_attn,k_proj,2,model.layers.31.self_attn.k_proj,aten.t.default,[model.layers.31.self_attn.k_proj.weight],prefill,True,
3573,self_attn,k_proj,,view,"[[B, T, d_model]]",,,"[[B*T, d_model]]",[3566],31,self_attn,k_proj,2,model.layers.31.self_attn.k_proj,aten.view.default,[],prefill,True,
3574,self_attn,k_proj,,matmul,"[[B*T, d_model], [d_model, n_kv*d_head]]","[n_kv*d_head, d_model]",1,"[[B*T, n_kv*d_head]]","[3572, 3573]",31,self_attn,k_proj,2,model.layers.31.self_attn.k_proj,aten.mm.default,[model.layers.31.self_attn.k_proj.weight],prefill,False,
3575,self_attn,k_proj,,_unsafe_view,"[[B*T, n_kv*d_head]]",,,"[[B, T, n_kv*d_head]]",[3574],31,self_attn,k_proj,2,model.layers.31.self_attn.k_proj,aten._unsafe_view.default,[],prefill,True,
3576,self_attn,,,view,"[[B, T, n_kv*d_head]]",,,"[[B, T, n_kv, d_head]]",[3575],31,self_attn,,1,model.layers.31.self_attn,aten.view.default,[],prefill,True,
3577,self_attn,v_proj,,t,"[[n_kv*d_head, d_model]]","[n_kv*d_head, d_model]",0,"[[d_model, n_kv*d_head]]",[],31,self_attn,v_proj,2,model.layers.31.self_attn.v_proj,aten.t.default,[model.layers.31.self_attn.v_proj.weight],prefill,True,
3578,self_attn,v_proj,,view,"[[B, T, d_model]]",,,"[[B*T, d_model]]",[3566],31,self_attn,v_proj,2,model.layers.31.self_attn.v_proj,aten.view.default,[],prefill,True,
3579,self_attn,v_proj,,matmul,"[[B*T, d_model], [d_model, n_kv*d_head]]","[n_kv*d_head, d_model]",1,"[[B*T, n_kv*d_head]]","[3577, 3578]",31,self_attn,v_proj,2,model.layers.31.self_attn.v_proj,aten.mm.default,[model.layers.31.self_attn.v_proj.weight],prefill,False,
3580,self_attn,v_proj,,_unsafe_view,"[[B*T, n_kv*d_head]]",,,"[[B, T, n_kv*d_head]]",[3579],31,self_attn,v_proj,2,model.layers.31.self_attn.v_proj,aten._unsafe_view.default,[],prefill,True,
3581,self_attn,,,view,"[[B, T, n_kv*d_head]]",,,"[[B, T, n_kv, d_head]]",[3580],31,self_attn,,1,model.layers.31.self_attn,aten.view.default,[],prefill,True,
3582,self_attn,,,transpose,"[[B, T, n_kv, d_head]]",,,"[[B, n_kv, T, d_head]]",[3581],31,self_attn,,1,model.layers.31.self_attn,aten.transpose.int,[],prefill,True,
3583,self_attn,,,arange,[],,,[[T]],[],31,self_attn,,1,model.layers.31.self_attn,aten.arange.default,[],prefill,True,
3584,self_attn,,,elementwise_add,[[T]],,,[[T]],[3583],31,self_attn,,1,model.layers.31.self_attn,aten.add.Tensor,[],prefill,False,
3585,self_attn,,,_to_copy,[[T]],,,[[T]],[3584],31,self_attn,,1,model.layers.31.self_attn,aten._to_copy.default,[],prefill,True,
3586,self_attn,,,elementwise_add,[[T]],,,[[T]],[3585],31,self_attn,,1,model.layers.31.self_attn,aten.add.Tensor,[],prefill,False,
3587,self_attn,,,div,[[T]],,,[[T]],[3586],31,self_attn,,1,model.layers.31.self_attn,aten.div.Tensor,[],prefill,True,
3588,self_attn,,,floor,[[T]],,,[[T]],[3587],31,self_attn,,1,model.layers.31.self_attn,aten.floor.default,[],prefill,True,
3589,self_attn,,,log1p,[[T]],,,[[T]],[3588],31,self_attn,,1,model.layers.31.self_attn,aten.log1p.default,[],prefill,True,
3590,self_attn,,,elementwise_mul,[[T]],,,[[T]],[3589],31,self_attn,,1,model.layers.31.self_attn,aten.mul.Tensor,[],prefill,False,
3591,self_attn,,,elementwise_add,[[T]],,,[[T]],[3590],31,self_attn,,1,model.layers.31.self_attn,aten.add.Tensor,[],prefill,False,
3592,self_attn,,,view,[[T]],,,"[[1, T, 1, 1]]",[3591],31,self_attn,,1,model.layers.31.self_attn,aten.view.default,[],prefill,True,
3593,self_attn,,,expand,"[[1, T, 1, 1]]",,,"[[B, T, 1, 1]]",[3592],31,self_attn,,1,model.layers.31.self_attn,aten.expand.default,[],prefill,True,
3594,self_attn,,,elementwise_mul,"[[B, T, n_h, d_head], [B, T, 1, 1]]",,,"[[B, T, n_h, d_head]]","[3571, 3593]",31,self_attn,,1,model.layers.31.self_attn,aten.mul.Tensor,[],prefill,False,
3595,self_attn,,,_to_copy,"[[B, T, n_h, d_head]]",,,"[[B, T, n_h, d_head]]",[3594],31,self_attn,,1,model.layers.31.self_attn,aten._to_copy.default,[],prefill,True,
3596,self_attn,,,transpose,"[[B, T, n_h, d_head]]",,,"[[B, n_h, T, d_head]]",[3595],31,self_attn,,1,model.layers.31.self_attn,aten.transpose.int,[],prefill,True,
3597,self_attn,,,transpose,"[[B, T, n_kv, d_head]]",,,"[[B, n_kv, T, d_head]]",[3576],31,self_attn,,1,model.layers.31.self_attn,aten.transpose.int,[],prefill,True,
3598,self_attn,,,concat,"[[0], [B, n_kv, T, d_head]]",,,"[[B, n_kv, T, d_head]]",[3597],31,self_attn,,1,model.layers.31.self_attn,aten.cat.default,[],prefill,False,
3599,self_attn,,,concat,"[[0], [B, n_kv, T, d_head]]",,,"[[B, n_kv, T, d_head]]",[3582],31,self_attn,,1,model.layers.31.self_attn,aten.cat.default,[],prefill,False,
3600,self_attn,,,unsqueeze,"[[B, n_kv, T, d_head]]",,,"[[B, n_kv, 1, T, d_head]]",[3598],31,self_attn,,1,model.layers.31.self_attn,aten.unsqueeze.default,[],prefill,True,
3601,self_attn,,,expand,"[[B, n_kv, 1, T, d_head]]",,,"[[B, n_kv, n_h/n_kv, T, d_head]]",[3600],31,self_attn,,1,model.layers.31.self_attn,aten.expand.default,[],prefill,True,
3602,self_attn,,,clone,"[[B, n_kv, n_h/n_kv, T, d_head]]",,,"[[B, n_kv, n_h/n_kv, T, d_head]]",[3601],31,self_attn,,1,model.layers.31.self_attn,aten.clone.default,[],prefill,True,
3603,self_attn,,,_unsafe_view,"[[B, n_kv, n_h/n_kv, T, d_head]]",,,"[[B, n_h, T, d_head]]",[3602],31,self_attn,,1,model.layers.31.self_attn,aten._unsafe_view.default,[],prefill,True,
3604,self_attn,,,unsqueeze,"[[B, n_kv, T, d_head]]",,,"[[B, n_kv, 1, T, d_head]]",[3599],31,self_attn,,1,model.layers.31.self_attn,aten.unsqueeze.default,[],prefill,True,
3605,self_attn,,,expand,"[[B, n_kv, 1, T, d_head]]",,,"[[B, n_kv, n_h/n_kv, T, d_head]]",[3604],31,self_attn,,1,model.layers.31.self_attn,aten.expand.default,[],prefill,True,
3606,self_attn,,,clone,"[[B, n_kv, n_h/n_kv, T, d_head]]",,,"[[B, n_kv, n_h/n_kv, T, d_head]]",[3605],31,self_attn,,1,model.layers.31.self_attn,aten.clone.default,[],prefill,True,
3607,self_attn,,,_unsafe_view,"[[B, n_kv, n_h/n_kv, T, d_head]]",,,"[[B, n_h, T, d_head]]",[3606],31,self_attn,,1,model.layers.31.self_attn,aten._unsafe_view.default,[],prefill,True,
3608,self_attn,,,transpose,"[[B, n_h, T, d_head]]",,,"[[B, n_h, d_head, T]]",[3603],31,self_attn,,1,model.layers.31.self_attn,aten.transpose.int,[],prefill,True,
3609,self_attn,,,expand,"[[B, n_h, T, d_head]]",,,"[[B, n_h, T, d_head]]",[3596],31,self_attn,,1,model.layers.31.self_attn,aten.expand.default,[],prefill,True,
3610,self_attn,,,clone,"[[B, n_h, T, d_head]]",,,"[[B, n_h, T, d_head]]",[3609],31,self_attn,,1,model.layers.31.self_attn,aten.clone.default,[],prefill,True,
3611,self_attn,,,_unsafe_view,"[[B, n_h, T, d_head]]",,,"[[B*n_h, T, d_head]]",[3610],31,self_attn,,1,model.layers.31.self_attn,aten._unsafe_view.default,[],prefill,True,
3612,self_attn,,,expand,"[[B, n_h, d_head, T]]",,,"[[B, n_h, d_head, T]]",[3608],31,self_attn,,1,model.layers.31.self_attn,aten.expand.default,[],prefill,True,
3613,self_attn,,,view,"[[B, n_h, d_head, T]]",,,"[[B*n_h, d_head, T]]",[3612],31,self_attn,,1,model.layers.31.self_attn,aten.view.default,[],prefill,True,
3614,self_attn,,,batched_matmul,"[[B*n_h, T, d_head], [B*n_h, d_head, T]]",,,"[[B*n_h, T, T]]","[3611, 3613]",31,self_attn,,1,model.layers.31.self_attn,aten.bmm.default,[],prefill,False,
3615,self_attn,,,_unsafe_view,"[[B*n_h, T, T]]",,,"[[B, n_h, T, T]]",[3614],31,self_attn,,1,model.layers.31.self_attn,aten._unsafe_view.default,[],prefill,True,
3616,self_attn,,,elementwise_mul,"[[B, n_h, T, T]]",,,"[[B, n_h, T, T]]",[3615],31,self_attn,,1,model.layers.31.self_attn,aten.mul.Tensor,[],prefill,False,
3617,self_attn,,,elementwise_add,"[[B, n_h, T, T], [B, 1, T, T]]",,,"[[B, n_h, T, T]]","[58, 3616]",31,self_attn,,1,model.layers.31.self_attn,aten.add.Tensor,[],prefill,False,
3618,self_attn,,,softmax,"[[B, n_h, T, T]]",,,"[[B, n_h, T, T]]",[3617],31,self_attn,,1,model.layers.31.self_attn,aten._softmax.default,[],prefill,False,
3619,self_attn,,,expand,"[[B, n_h, T, T]]",,,"[[B, n_h, T, T]]",[3618],31,self_attn,,1,model.layers.31.self_attn,aten.expand.default,[],prefill,True,
3620,self_attn,,,view,"[[B, n_h, T, T]]",,,"[[B*n_h, T, T]]",[3619],31,self_attn,,1,model.layers.31.self_attn,aten.view.default,[],prefill,True,
3621,self_attn,,,expand,"[[B, n_h, T, d_head]]",,,"[[B, n_h, T, d_head]]",[3607],31,self_attn,,1,model.layers.31.self_attn,aten.expand.default,[],prefill,True,
3622,self_attn,,,view,"[[B, n_h, T, d_head]]",,,"[[B*n_h, T, d_head]]",[3621],31,self_attn,,1,model.layers.31.self_attn,aten.view.default,[],prefill,True,
3623,self_attn,,,batched_matmul,"[[B*n_h, T, T], [B*n_h, T, d_head]]",,,"[[B*n_h, T, d_head]]","[3620, 3622]",31,self_attn,,1,model.layers.31.self_attn,aten.bmm.default,[],prefill,False,
3624,self_attn,,,_unsafe_view,"[[B*n_h, T, d_head]]",,,"[[B, n_h, T, d_head]]",[3623],31,self_attn,,1,model.layers.31.self_attn,aten._unsafe_view.default,[],prefill,True,
3625,self_attn,,,transpose,"[[B, n_h, T, d_head]]",,,"[[B, T, n_h, d_head]]",[3624],31,self_attn,,1,model.layers.31.self_attn,aten.transpose.int,[],prefill,True,
3626,self_attn,,,clone,"[[B, T, n_h, d_head]]",,,"[[B, T, n_h, d_head]]",[3625],31,self_attn,,1,model.layers.31.self_attn,aten.clone.default,[],prefill,True,
3627,self_attn,,,view,"[[B, T, n_h, d_head]]",,,"[[B, T, n_h*d_head]]",[3626],31,self_attn,,1,model.layers.31.self_attn,aten.view.default,[],prefill,True,
3628,self_attn,o_proj,,t,"[[d_model, n_h*d_head]]","[d_model, n_h*d_head]",0,"[[n_h*d_head, d_model]]",[],31,self_attn,o_proj,2,model.layers.31.self_attn.o_proj,aten.t.default,[model.layers.31.self_attn.o_proj.weight],prefill,True,
3629,self_attn,o_proj,,view,"[[B, T, n_h*d_head]]",,,"[[B*T, n_h*d_head]]",[3627],31,self_attn,o_proj,2,model.layers.31.self_attn.o_proj,aten.view.default,[],prefill,True,
3630,self_attn,o_proj,,matmul,"[[B*T, n_h*d_head], [n_h*d_head, d_model]]","[d_model, n_h*d_head]",1,"[[B*T, d_model]]","[3628, 3629]",31,self_attn,o_proj,2,model.layers.31.self_attn.o_proj,aten.mm.default,[model.layers.31.self_attn.o_proj.weight],prefill,False,
3631,self_attn,o_proj,,_unsafe_view,"[[B*T, d_model]]",,,"[[B, T, d_model]]",[3630],31,self_attn,o_proj,2,model.layers.31.self_attn.o_proj,aten._unsafe_view.default,[],prefill,True,
3632,,,,elementwise_add,"[[B, T, d_model], [B, T, d_model]]",,,"[[B, T, d_model]]","[3558, 3631]",31,,,0,model.layers.31,aten.add.Tensor,[],prefill,False,
3633,post_attention_layernorm,,,_to_copy,"[[B, T, d_model]]",,,"[[B, T, d_model]]",[3632],31,post_attention_layernorm,,1,model.layers.31.post_attention_layernorm,aten._to_copy.default,[],prefill,True,
3634,post_attention_layernorm,,,pow,"[[B, T, d_model]]",,,"[[B, T, d_model]]",[3633],31,post_attention_layernorm,,1,model.layers.31.post_attention_layernorm,aten.pow.Tensor_Scalar,[],prefill,False,
3635,post_attention_layernorm,,,mean,"[[B, T, d_model]]",,,"[[B, T, 1]]",[3634],31,post_attention_layernorm,,1,model.layers.31.post_attention_layernorm,aten.mean.dim,[],prefill,False,
3636,post_attention_layernorm,,,elementwise_add,"[[B, T, 1]]",,,"[[B, T, 1]]",[3635],31,post_attention_layernorm,,1,model.layers.31.post_attention_layernorm,aten.add.Tensor,[],prefill,False,
3637,post_attention_layernorm,,,rsqrt,"[[B, T, 1]]",,,"[[B, T, 1]]",[3636],31,post_attention_layernorm,,1,model.layers.31.post_attention_layernorm,aten.rsqrt.default,[],prefill,False,
3638,post_attention_layernorm,,,elementwise_mul,"[[B, T, d_model], [B, T, 1]]",,,"[[B, T, d_model]]","[3633, 3637]",31,post_attention_layernorm,,1,model.layers.31.post_attention_layernorm,aten.mul.Tensor,[],prefill,False,
3639,post_attention_layernorm,,,_to_copy,"[[B, T, d_model]]",,,"[[B, T, d_model]]",[3638],31,post_attention_layernorm,,1,model.layers.31.post_attention_layernorm,aten._to_copy.default,[],prefill,True,
3640,post_attention_layernorm,,,elementwise_mul,"[[B, T, d_model], [d_model]]",,,"[[B, T, d_model]]",[3639],31,post_attention_layernorm,,1,model.layers.31.post_attention_layernorm,aten.mul.Tensor,[model.layers.31.post_attention_layernorm.weight],prefill,False,
3641,feed_forward,,,view,"[[B, T, d_model]]",,,"[[B*T, d_model]]",[3640],31,feed_forward,,1,model.layers.31.feed_forward,aten.view.default,[],prefill,True,
3642,feed_forward,router,,t,"[[E, d_model]]","[E, d_model]",0,"[[d_model, E]]",[],31,feed_forward,router,2,model.layers.31.feed_forward.router,aten.t.default,[model.layers.31.feed_forward.router.weight],prefill,True,
3643,feed_forward,router,,matmul,"[[B*T, d_model], [d_model, E]]","[E, d_model]",1,"[[B*T, E]]","[3641, 3642]",31,feed_forward,router,2,model.layers.31.feed_forward.router,aten.mm.default,[model.layers.31.feed_forward.router.weight],prefill,False,
3644,feed_forward,router,,topk,"[[B*T, E]]",,,"[[B*T, 1], [B*T, 1]]",[3643],31,feed_forward,router,2,model.layers.31.feed_forward.router,aten.topk.default,[],prefill,False,
3645,feed_forward,router,,full_like,"[[B*T, E]]",,,"[[B*T, E]]",[3643],31,feed_forward,router,2,model.layers.31.feed_forward.router,aten.full_like.default,[],prefill,True,
3646,feed_forward,router,,scatter_,"[[B*T, E], [B*T, 1], [B*T, 1]]",,,"[[B*T, E]]","[3644, 3645]",31,feed_forward,router,2,model.layers.31.feed_forward.router,aten.scatter_.src,[],prefill,True,
3647,feed_forward,router,,_to_copy,"[[B*T, E]]",,,"[[B*T, E]]",[3646],31,feed_forward,router,2,model.layers.31.feed_forward.router,aten._to_copy.default,[],prefill,True,
3648,feed_forward,router,,sigmoid,"[[B*T, E]]",,,"[[B*T, E]]",[3647],31,feed_forward,router,2,model.layers.31.feed_forward.router,aten.sigmoid.default,[],prefill,False,
3649,feed_forward,router,,_to_copy,"[[B*T, E]]",,,"[[B*T, E]]",[3648],31,feed_forward,router,2,model.layers.31.feed_forward.router,aten._to_copy.default,[],prefill,True,
3650,feed_forward,,,repeat,"[[B*T, d_model]]",,,"[[B*E*T, d_model]]",[3641],31,feed_forward,,1,model.layers.31.feed_forward,aten.repeat.default,[],prefill,True,
3651,feed_forward,,,transpose,"[[B*T, E]]",,,"[[E, B*T]]",[3649],31,feed_forward,,1,model.layers.31.feed_forward,aten.transpose.int,[],prefill,True,
3652,feed_forward,,,clone,"[[E, B*T]]",,,"[[E, B*T]]",[3651],31,feed_forward,,1,model.layers.31.feed_forward,aten.clone.default,[],prefill,True,
3653,feed_forward,,,_unsafe_view,"[[E, B*T]]",,,"[[B*E*T, 1]]",[3652],31,feed_forward,,1,model.layers.31.feed_forward,aten._unsafe_view.default,[],prefill,True,
3654,feed_forward,,,elementwise_mul,"[[B*E*T, d_model], [B*E*T, 1]]",,,"[[B*E*T, d_model]]","[3650, 3653]",31,feed_forward,,1,model.layers.31.feed_forward,aten.mul.Tensor,[],prefill,False,
3655,feed_forward,experts,,view,"[[B*E*T, d_model]]",,,"[[E, B*T, d_model]]",[3654],31,feed_forward,experts,2,model.layers.31.feed_forward.experts,aten.view.default,[],prefill,True,
3656,feed_forward,experts,,batched_matmul,"[[E, B*T, d_model], [E, d_model, 2*d_moe]]","[E, d_model, 2*d_moe]",1,"[[E, B*T, 2*d_moe]]",[3655],31,feed_forward,experts,2,model.layers.31.feed_forward.experts,aten.bmm.default,[model.layers.31.feed_forward.experts.gate_up_proj],prefill,False,
3657,feed_forward,experts,,split,"[[E, B*T, 2*d_moe]]",,,"[[E, B*T, d_moe], [E, B*T, d_moe]]",[3656],31,feed_forward,experts,2,model.layers.31.feed_forward.experts,aten.split.Tensor,[],prefill,True,
3658,feed_forward,experts,act_fn,silu,"[[E, B*T, d_moe]]",,,"[[E, B*T, d_moe]]",[3657],31,feed_forward,experts,3,model.layers.31.feed_forward.experts.act_fn,aten.silu.default,[],prefill,False,
3659,feed_forward,experts,,elementwise_mul,"[[E, B*T, d_moe], [E, B*T, d_moe]]",,,"[[E, B*T, d_moe]]","[3657, 3658]",31,feed_forward,experts,2,model.layers.31.feed_forward.experts,aten.mul.Tensor,[],prefill,False,
3660,feed_forward,experts,,batched_matmul,"[[E, B*T, d_moe], [E, d_moe, d_model]]","[E, d_moe, d_model]",1,"[[E, B*T, d_model]]",[3659],31,feed_forward,experts,2,model.layers.31.feed_forward.experts,aten.bmm.default,[model.layers.31.feed_forward.experts.down_proj],prefill,False,
3661,feed_forward,experts,,view,"[[E, B*T, d_model]]",,,"[[B*E*T, d_model]]",[3660],31,feed_forward,experts,2,model.layers.31.feed_forward.experts,aten.view.default,[],prefill,True,
3662,feed_forward,shared_expert,gate_proj,t,"[[d_moe, d_model]]","[d_moe, d_model]",0,"[[d_model, d_moe]]",[],31,feed_forward,shared_expert,3,model.layers.31.feed_forward.shared_expert.gate_proj,aten.t.default,[model.layers.31.feed_forward.shared_expert.gate_proj.weight],prefill,True,
3663,feed_forward,shared_expert,gate_proj,matmul,"[[B*T, d_model], [d_model, d_moe]]","[d_moe, d_model]",1,"[[B*T, d_moe]]","[3641, 3662]",31,feed_forward,shared_expert,3,model.layers.31.feed_forward.shared_expert.gate_proj,aten.mm.default,[model.layers.31.feed_forward.shared_expert.gate_proj.weight],prefill,False,
3664,feed_forward,shared_expert,activation_fn,silu,"[[B*T, d_moe]]",,,"[[B*T, d_moe]]",[3663],31,feed_forward,shared_expert,3,model.layers.31.feed_forward.shared_expert.activation_fn,aten.silu.default,[],prefill,False,
3665,feed_forward,shared_expert,up_proj,t,"[[d_moe, d_model]]","[d_moe, d_model]",0,"[[d_model, d_moe]]",[],31,feed_forward,shared_expert,3,model.layers.31.feed_forward.shared_expert.up_proj,aten.t.default,[model.layers.31.feed_forward.shared_expert.up_proj.weight],prefill,True,
3666,feed_forward,shared_expert,up_proj,matmul,"[[B*T, d_model], [d_model, d_moe]]","[d_moe, d_model]",1,"[[B*T, d_moe]]","[3641, 3665]",31,feed_forward,shared_expert,3,model.layers.31.feed_forward.shared_expert.up_proj,aten.mm.default,[model.layers.31.feed_forward.shared_expert.up_proj.weight],prefill,False,
3667,feed_forward,shared_expert,,elementwise_mul,"[[B*T, d_moe], [B*T, d_moe]]",,,"[[B*T, d_moe]]","[3664, 3666]",31,feed_forward,shared_expert,2,model.layers.31.feed_forward.shared_expert,aten.mul.Tensor,[],prefill,False,
3668,feed_forward,shared_expert,down_proj,t,"[[d_model, d_moe]]","[d_model, d_moe]",0,"[[d_moe, d_model]]",[],31,feed_forward,shared_expert,3,model.layers.31.feed_forward.shared_expert.down_proj,aten.t.default,[model.layers.31.feed_forward.shared_expert.down_proj.weight],prefill,True,
3669,feed_forward,shared_expert,down_proj,matmul,"[[B*T, d_moe], [d_moe, d_model]]","[d_model, d_moe]",1,"[[B*T, d_model]]","[3667, 3668]",31,feed_forward,shared_expert,3,model.layers.31.feed_forward.shared_expert.down_proj,aten.mm.default,[model.layers.31.feed_forward.shared_expert.down_proj.weight],prefill,False,
3670,feed_forward,,,view,"[[B*E*T, d_model]]",,,"[[E, B*T, d_model]]",[3661],31,feed_forward,,1,model.layers.31.feed_forward,aten.view.default,[],prefill,True,
3671,feed_forward,,,sum,"[[E, B*T, d_model]]",,,"[[B*T, d_model]]",[3670],31,feed_forward,,1,model.layers.31.feed_forward,aten.sum.dim_IntList,[],prefill,True,
3672,feed_forward,,,add_,"[[B*T, d_model], [B*T, d_model]]",,,"[[B*T, d_model]]","[3669, 3671]",31,feed_forward,,1,model.layers.31.feed_forward,aten.add_.Tensor,[],prefill,True,
3673,,,,view,"[[B*T, d_model]]",,,"[[B, T, d_model]]",[3672],31,,,0,model.layers.31,aten.view.default,[],prefill,True,
3674,,,,elementwise_add,"[[B, T, d_model], [B, T, d_model]]",,,"[[B, T, d_model]]","[3632, 3673]",31,,,0,model.layers.31,aten.add.Tensor,[],prefill,False,
3675,input_layernorm,,,_to_copy,"[[B, T, d_model]]",,,"[[B, T, d_model]]",[3674],32,input_layernorm,,1,model.layers.32.input_layernorm,aten._to_copy.default,[],prefill,True,
3676,input_layernorm,,,pow,"[[B, T, d_model]]",,,"[[B, T, d_model]]",[3675],32,input_layernorm,,1,model.layers.32.input_layernorm,aten.pow.Tensor_Scalar,[],prefill,False,
3677,input_layernorm,,,mean,"[[B, T, d_model]]",,,"[[B, T, 1]]",[3676],32,input_layernorm,,1,model.layers.32.input_layernorm,aten.mean.dim,[],prefill,False,
3678,input_layernorm,,,elementwise_add,"[[B, T, 1]]",,,"[[B, T, 1]]",[3677],32,input_layernorm,,1,model.layers.32.input_layernorm,aten.add.Tensor,[],prefill,False,
3679,input_layernorm,,,rsqrt,"[[B, T, 1]]",,,"[[B, T, 1]]",[3678],32,input_layernorm,,1,model.layers.32.input_layernorm,aten.rsqrt.default,[],prefill,False,
3680,input_layernorm,,,elementwise_mul,"[[B, T, d_model], [B, T, 1]]",,,"[[B, T, d_model]]","[3675, 3679]",32,input_layernorm,,1,model.layers.32.input_layernorm,aten.mul.Tensor,[],prefill,False,
3681,input_layernorm,,,_to_copy,"[[B, T, d_model]]",,,"[[B, T, d_model]]",[3680],32,input_layernorm,,1,model.layers.32.input_layernorm,aten._to_copy.default,[],prefill,True,
3682,input_layernorm,,,elementwise_mul,"[[B, T, d_model], [d_model]]",,,"[[B, T, d_model]]",[3681],32,input_layernorm,,1,model.layers.32.input_layernorm,aten.mul.Tensor,[model.layers.32.input_layernorm.weight],prefill,False,
3683,self_attn,q_proj,,t,"[[n_h*d_head, d_model]]","[n_h*d_head, d_model]",0,"[[d_model, n_h*d_head]]",[],32,self_attn,q_proj,2,model.layers.32.self_attn.q_proj,aten.t.default,[model.layers.32.self_attn.q_proj.weight],prefill,True,
3684,self_attn,q_proj,,view,"[[B, T, d_model]]",,,"[[B*T, d_model]]",[3682],32,self_attn,q_proj,2,model.layers.32.self_attn.q_proj,aten.view.default,[],prefill,True,
3685,self_attn,q_proj,,matmul,"[[B*T, d_model], [d_model, n_h*d_head]]","[n_h*d_head, d_model]",1,"[[B*T, n_h*d_head]]","[3683, 3684]",32,self_attn,q_proj,2,model.layers.32.self_attn.q_proj,aten.mm.default,[model.layers.32.self_attn.q_proj.weight],prefill,False,
3686,self_attn,q_proj,,_unsafe_view,"[[B*T, n_h*d_head]]",,,"[[B, T, n_h*d_head]]",[3685],32,self_attn,q_proj,2,model.layers.32.self_attn.q_proj,aten._unsafe_view.default,[],prefill,True,
3687,self_attn,,,view,"[[B, T, n_h*d_head]]",,,"[[B, T, n_h, d_head]]",[3686],32,self_attn,,1,model.layers.32.self_attn,aten.view.default,[],prefill,True,
3688,self_attn,k_proj,,t,"[[n_kv*d_head, d_model]]","[n_kv*d_head, d_model]",0,"[[d_model, n_kv*d_head]]",[],32,self_attn,k_proj,2,model.layers.32.self_attn.k_proj,aten.t.default,[model.layers.32.self_attn.k_proj.weight],prefill,True,
3689,self_attn,k_proj,,view,"[[B, T, d_model]]",,,"[[B*T, d_model]]",[3682],32,self_attn,k_proj,2,model.layers.32.self_attn.k_proj,aten.view.default,[],prefill,True,
3690,self_attn,k_proj,,matmul,"[[B*T, d_model], [d_model, n_kv*d_head]]","[n_kv*d_head, d_model]",1,"[[B*T, n_kv*d_head]]","[3688, 3689]",32,self_attn,k_proj,2,model.layers.32.self_attn.k_proj,aten.mm.default,[model.layers.32.self_attn.k_proj.weight],prefill,False,
3691,self_attn,k_proj,,_unsafe_view,"[[B*T, n_kv*d_head]]",,,"[[B, T, n_kv*d_head]]",[3690],32,self_attn,k_proj,2,model.layers.32.self_attn.k_proj,aten._unsafe_view.default,[],prefill,True,
3692,self_attn,,,view,"[[B, T, n_kv*d_head]]",,,"[[B, T, n_kv, d_head]]",[3691],32,self_attn,,1,model.layers.32.self_attn,aten.view.default,[],prefill,True,
3693,self_attn,v_proj,,t,"[[n_kv*d_head, d_model]]","[n_kv*d_head, d_model]",0,"[[d_model, n_kv*d_head]]",[],32,self_attn,v_proj,2,model.layers.32.self_attn.v_proj,aten.t.default,[model.layers.32.self_attn.v_proj.weight],prefill,True,
3694,self_attn,v_proj,,view,"[[B, T, d_model]]",,,"[[B*T, d_model]]",[3682],32,self_attn,v_proj,2,model.layers.32.self_attn.v_proj,aten.view.default,[],prefill,True,
3695,self_attn,v_proj,,matmul,"[[B*T, d_model], [d_model, n_kv*d_head]]","[n_kv*d_head, d_model]",1,"[[B*T, n_kv*d_head]]","[3693, 3694]",32,self_attn,v_proj,2,model.layers.32.self_attn.v_proj,aten.mm.default,[model.layers.32.self_attn.v_proj.weight],prefill,False,
3696,self_attn,v_proj,,_unsafe_view,"[[B*T, n_kv*d_head]]",,,"[[B, T, n_kv*d_head]]",[3695],32,self_attn,v_proj,2,model.layers.32.self_attn.v_proj,aten._unsafe_view.default,[],prefill,True,
3697,self_attn,,,view,"[[B, T, n_kv*d_head]]",,,"[[B, T, n_kv, d_head]]",[3696],32,self_attn,,1,model.layers.32.self_attn,aten.view.default,[],prefill,True,
3698,self_attn,,,transpose,"[[B, T, n_kv, d_head]]",,,"[[B, n_kv, T, d_head]]",[3697],32,self_attn,,1,model.layers.32.self_attn,aten.transpose.int,[],prefill,True,
3699,self_attn,,,_to_copy,"[[B, T, n_h, d_head]]",,,"[[B, T, n_h, d_head]]",[3687],32,self_attn,,1,model.layers.32.self_attn,aten._to_copy.default,[],prefill,True,
3700,self_attn,,,view,"[[B, T, n_h, d_head]]",,,"[[B, T, n_h, d_head/2, 2]]",[3699],32,self_attn,,1,model.layers.32.self_attn,aten.view.default,[],prefill,True,
3701,self_attn,,,view_as_complex,"[[B, T, n_h, d_head/2, 2]]",,,"[[B, T, n_h, d_head/2]]",[3700],32,self_attn,,1,model.layers.32.self_attn,aten.view_as_complex.default,[],prefill,True,
3702,self_attn,,,_to_copy,"[[B, T, n_kv, d_head]]",,,"[[B, T, n_kv, d_head]]",[3692],32,self_attn,,1,model.layers.32.self_attn,aten._to_copy.default,[],prefill,True,
3703,self_attn,,,view,"[[B, T, n_kv, d_head]]",,,"[[B, T, n_kv, d_head/2, 2]]",[3702],32,self_attn,,1,model.layers.32.self_attn,aten.view.default,[],prefill,True,
3704,self_attn,,,view_as_complex,"[[B, T, n_kv, d_head/2, 2]]",,,"[[B, T, n_kv, d_head/2]]",[3703],32,self_attn,,1,model.layers.32.self_attn,aten.view_as_complex.default,[],prefill,True,
3705,self_attn,,,unsqueeze,"[[B, T, d_head/2]]",,,"[[B, T, 1, d_head/2]]",[106],32,self_attn,,1,model.layers.32.self_attn,aten.unsqueeze.default,[],prefill,True,
3706,self_attn,,,elementwise_mul,"[[B, T, n_h, d_head/2], [B, T, 1, d_head/2]]",,,"[[B, T, n_h, d_head/2]]","[3701, 3705]",32,self_attn,,1,model.layers.32.self_attn,aten.mul.Tensor,[],prefill,False,
3707,self_attn,,,view_as_real,"[[B, T, n_h, d_head/2]]",,,"[[B, T, n_h, d_head/2, 2]]",[3706],32,self_attn,,1,model.layers.32.self_attn,aten.view_as_real.default,[],prefill,True,
3708,self_attn,,,view,"[[B, T, n_h, d_head/2, 2]]",,,"[[B, T, n_h, d_head]]",[3707],32,self_attn,,1,model.layers.32.self_attn,aten.view.default,[],prefill,True,
3709,self_attn,,,unsqueeze,"[[B, T, d_head/2]]",,,"[[B, T, 1, d_head/2]]",[106],32,self_attn,,1,model.layers.32.self_attn,aten.unsqueeze.default,[],prefill,True,
3710,self_attn,,,elementwise_mul,"[[B, T, n_kv, d_head/2], [B, T, 1, d_head/2]]",,,"[[B, T, n_kv, d_head/2]]","[3704, 3709]",32,self_attn,,1,model.layers.32.self_attn,aten.mul.Tensor,[],prefill,False,
3711,self_attn,,,view_as_real,"[[B, T, n_kv, d_head/2]]",,,"[[B, T, n_kv, d_head/2, 2]]",[3710],32,self_attn,,1,model.layers.32.self_attn,aten.view_as_real.default,[],prefill,True,
3712,self_attn,,,view,"[[B, T, n_kv, d_head/2, 2]]",,,"[[B, T, n_kv, d_head]]",[3711],32,self_attn,,1,model.layers.32.self_attn,aten.view.default,[],prefill,True,
3713,self_attn,,,_to_copy,"[[B, T, n_h, d_head]]",,,"[[B, T, n_h, d_head]]",[3708],32,self_attn,,1,model.layers.32.self_attn,aten._to_copy.default,[],prefill,True,
3714,self_attn,,,_to_copy,"[[B, T, n_kv, d_head]]",,,"[[B, T, n_kv, d_head]]",[3712],32,self_attn,,1,model.layers.32.self_attn,aten._to_copy.default,[],prefill,True,
3715,self_attn,,,transpose,"[[B, T, n_h, d_head]]",,,"[[B, n_h, T, d_head]]",[3713],32,self_attn,,1,model.layers.32.self_attn,aten.transpose.int,[],prefill,True,
3716,self_attn,,,transpose,"[[B, T, n_kv, d_head]]",,,"[[B, n_kv, T, d_head]]",[3714],32,self_attn,,1,model.layers.32.self_attn,aten.transpose.int,[],prefill,True,
3717,self_attn,,,_to_copy,[[]],,,[[]],[25],32,self_attn,,1,model.layers.32.self_attn,aten._to_copy.default,[],prefill,True,
3718,self_attn,,,concat,"[[0], [B, n_kv, T, d_head]]",,,"[[B, n_kv, T, d_head]]",[3716],32,self_attn,,1,model.layers.32.self_attn,aten.cat.default,[],prefill,False,
3719,self_attn,,,concat,"[[0], [B, n_kv, T, d_head]]",,,"[[B, n_kv, T, d_head]]",[3698],32,self_attn,,1,model.layers.32.self_attn,aten.cat.default,[],prefill,False,
3720,self_attn,,,slice,"[[B, n_kv, T, d_head]]",,,"[[B, n_kv, T, d_head]]",[3718],32,self_attn,,1,model.layers.32.self_attn,aten.slice.Tensor,[],prefill,True,
3721,self_attn,,,slice,"[[B, n_kv, T, d_head]]",,,"[[B, n_kv, T, d_head]]",[3719],32,self_attn,,1,model.layers.32.self_attn,aten.slice.Tensor,[],prefill,True,
3722,self_attn,,,unsqueeze,"[[B, n_kv, T, d_head]]",,,"[[B, n_kv, 1, T, d_head]]",[3718],32,self_attn,,1,model.layers.32.self_attn,aten.unsqueeze.default,[],prefill,True,
3723,self_attn,,,expand,"[[B, n_kv, 1, T, d_head]]",,,"[[B, n_kv, n_h/n_kv, T, d_head]]",[3722],32,self_attn,,1,model.layers.32.self_attn,aten.expand.default,[],prefill,True,
3724,self_attn,,,clone,"[[B, n_kv, n_h/n_kv, T, d_head]]",,,"[[B, n_kv, n_h/n_kv, T, d_head]]",[3723],32,self_attn,,1,model.layers.32.self_attn,aten.clone.default,[],prefill,True,
3725,self_attn,,,_unsafe_view,"[[B, n_kv, n_h/n_kv, T, d_head]]",,,"[[B, n_h, T, d_head]]",[3724],32,self_attn,,1,model.layers.32.self_attn,aten._unsafe_view.default,[],prefill,True,
3726,self_attn,,,unsqueeze,"[[B, n_kv, T, d_head]]",,,"[[B, n_kv, 1, T, d_head]]",[3719],32,self_attn,,1,model.layers.32.self_attn,aten.unsqueeze.default,[],prefill,True,
3727,self_attn,,,expand,"[[B, n_kv, 1, T, d_head]]",,,"[[B, n_kv, n_h/n_kv, T, d_head]]",[3726],32,self_attn,,1,model.layers.32.self_attn,aten.expand.default,[],prefill,True,
3728,self_attn,,,clone,"[[B, n_kv, n_h/n_kv, T, d_head]]",,,"[[B, n_kv, n_h/n_kv, T, d_head]]",[3727],32,self_attn,,1,model.layers.32.self_attn,aten.clone.default,[],prefill,True,
3729,self_attn,,,_unsafe_view,"[[B, n_kv, n_h/n_kv, T, d_head]]",,,"[[B, n_h, T, d_head]]",[3728],32,self_attn,,1,model.layers.32.self_attn,aten._unsafe_view.default,[],prefill,True,
3730,self_attn,,,transpose,"[[B, n_h, T, d_head]]",,,"[[B, n_h, d_head, T]]",[3725],32,self_attn,,1,model.layers.32.self_attn,aten.transpose.int,[],prefill,True,
3731,self_attn,,,expand,"[[B, n_h, T, d_head]]",,,"[[B, n_h, T, d_head]]",[3715],32,self_attn,,1,model.layers.32.self_attn,aten.expand.default,[],prefill,True,
3732,self_attn,,,clone,"[[B, n_h, T, d_head]]",,,"[[B, n_h, T, d_head]]",[3731],32,self_attn,,1,model.layers.32.self_attn,aten.clone.default,[],prefill,True,
3733,self_attn,,,_unsafe_view,"[[B, n_h, T, d_head]]",,,"[[B*n_h, T, d_head]]",[3732],32,self_attn,,1,model.layers.32.self_attn,aten._unsafe_view.default,[],prefill,True,
3734,self_attn,,,expand,"[[B, n_h, d_head, T]]",,,"[[B, n_h, d_head, T]]",[3730],32,self_attn,,1,model.layers.32.self_attn,aten.expand.default,[],prefill,True,
3735,self_attn,,,view,"[[B, n_h, d_head, T]]",,,"[[B*n_h, d_head, T]]",[3734],32,self_attn,,1,model.layers.32.self_attn,aten.view.default,[],prefill,True,
3736,self_attn,,,batched_matmul,"[[B*n_h, T, d_head], [B*n_h, d_head, T]]",,,"[[B*n_h, T, T]]","[3733, 3735]",32,self_attn,,1,model.layers.32.self_attn,aten.bmm.default,[],prefill,False,
3737,self_attn,,,_unsafe_view,"[[B*n_h, T, T]]",,,"[[B, n_h, T, T]]",[3736],32,self_attn,,1,model.layers.32.self_attn,aten._unsafe_view.default,[],prefill,True,
3738,self_attn,,,elementwise_mul,"[[B, n_h, T, T]]",,,"[[B, n_h, T, T]]",[3737],32,self_attn,,1,model.layers.32.self_attn,aten.mul.Tensor,[],prefill,False,
3739,self_attn,,,elementwise_add,"[[B, n_h, T, T], [B, 1, T, T]]",,,"[[B, n_h, T, T]]","[91, 3738]",32,self_attn,,1,model.layers.32.self_attn,aten.add.Tensor,[],prefill,False,
3740,self_attn,,,softmax,"[[B, n_h, T, T]]",,,"[[B, n_h, T, T]]",[3739],32,self_attn,,1,model.layers.32.self_attn,aten._softmax.default,[],prefill,False,
3741,self_attn,,,expand,"[[B, n_h, T, T]]",,,"[[B, n_h, T, T]]",[3740],32,self_attn,,1,model.layers.32.self_attn,aten.expand.default,[],prefill,True,
3742,self_attn,,,view,"[[B, n_h, T, T]]",,,"[[B*n_h, T, T]]",[3741],32,self_attn,,1,model.layers.32.self_attn,aten.view.default,[],prefill,True,
3743,self_attn,,,expand,"[[B, n_h, T, d_head]]",,,"[[B, n_h, T, d_head]]",[3729],32,self_attn,,1,model.layers.32.self_attn,aten.expand.default,[],prefill,True,
3744,self_attn,,,view,"[[B, n_h, T, d_head]]",,,"[[B*n_h, T, d_head]]",[3743],32,self_attn,,1,model.layers.32.self_attn,aten.view.default,[],prefill,True,
3745,self_attn,,,batched_matmul,"[[B*n_h, T, T], [B*n_h, T, d_head]]",,,"[[B*n_h, T, d_head]]","[3742, 3744]",32,self_attn,,1,model.layers.32.self_attn,aten.bmm.default,[],prefill,False,
3746,self_attn,,,_unsafe_view,"[[B*n_h, T, d_head]]",,,"[[B, n_h, T, d_head]]",[3745],32,self_attn,,1,model.layers.32.self_attn,aten._unsafe_view.default,[],prefill,True,
3747,self_attn,,,transpose,"[[B, n_h, T, d_head]]",,,"[[B, T, n_h, d_head]]",[3746],32,self_attn,,1,model.layers.32.self_attn,aten.transpose.int,[],prefill,True,
3748,self_attn,,,clone,"[[B, T, n_h, d_head]]",,,"[[B, T, n_h, d_head]]",[3747],32,self_attn,,1,model.layers.32.self_attn,aten.clone.default,[],prefill,True,
3749,self_attn,,,view,"[[B, T, n_h, d_head]]",,,"[[B, T, n_h*d_head]]",[3748],32,self_attn,,1,model.layers.32.self_attn,aten.view.default,[],prefill,True,
3750,self_attn,o_proj,,t,"[[d_model, n_h*d_head]]","[d_model, n_h*d_head]",0,"[[n_h*d_head, d_model]]",[],32,self_attn,o_proj,2,model.layers.32.self_attn.o_proj,aten.t.default,[model.layers.32.self_attn.o_proj.weight],prefill,True,
3751,self_attn,o_proj,,view,"[[B, T, n_h*d_head]]",,,"[[B*T, n_h*d_head]]",[3749],32,self_attn,o_proj,2,model.layers.32.self_attn.o_proj,aten.view.default,[],prefill,True,
3752,self_attn,o_proj,,matmul,"[[B*T, n_h*d_head], [n_h*d_head, d_model]]","[d_model, n_h*d_head]",1,"[[B*T, d_model]]","[3750, 3751]",32,self_attn,o_proj,2,model.layers.32.self_attn.o_proj,aten.mm.default,[model.layers.32.self_attn.o_proj.weight],prefill,False,
3753,self_attn,o_proj,,_unsafe_view,"[[B*T, d_model]]",,,"[[B, T, d_model]]",[3752],32,self_attn,o_proj,2,model.layers.32.self_attn.o_proj,aten._unsafe_view.default,[],prefill,True,
3754,,,,elementwise_add,"[[B, T, d_model], [B, T, d_model]]",,,"[[B, T, d_model]]","[3674, 3753]",32,,,0,model.layers.32,aten.add.Tensor,[],prefill,False,
3755,post_attention_layernorm,,,_to_copy,"[[B, T, d_model]]",,,"[[B, T, d_model]]",[3754],32,post_attention_layernorm,,1,model.layers.32.post_attention_layernorm,aten._to_copy.default,[],prefill,True,
3756,post_attention_layernorm,,,pow,"[[B, T, d_model]]",,,"[[B, T, d_model]]",[3755],32,post_attention_layernorm,,1,model.layers.32.post_attention_layernorm,aten.pow.Tensor_Scalar,[],prefill,False,
3757,post_attention_layernorm,,,mean,"[[B, T, d_model]]",,,"[[B, T, 1]]",[3756],32,post_attention_layernorm,,1,model.layers.32.post_attention_layernorm,aten.mean.dim,[],prefill,False,
3758,post_attention_layernorm,,,elementwise_add,"[[B, T, 1]]",,,"[[B, T, 1]]",[3757],32,post_attention_layernorm,,1,model.layers.32.post_attention_layernorm,aten.add.Tensor,[],prefill,False,
3759,post_attention_layernorm,,,rsqrt,"[[B, T, 1]]",,,"[[B, T, 1]]",[3758],32,post_attention_layernorm,,1,model.layers.32.post_attention_layernorm,aten.rsqrt.default,[],prefill,False,
3760,post_attention_layernorm,,,elementwise_mul,"[[B, T, d_model], [B, T, 1]]",,,"[[B, T, d_model]]","[3755, 3759]",32,post_attention_layernorm,,1,model.layers.32.post_attention_layernorm,aten.mul.Tensor,[],prefill,False,
3761,post_attention_layernorm,,,_to_copy,"[[B, T, d_model]]",,,"[[B, T, d_model]]",[3760],32,post_attention_layernorm,,1,model.layers.32.post_attention_layernorm,aten._to_copy.default,[],prefill,True,
3762,post_attention_layernorm,,,elementwise_mul,"[[B, T, d_model], [d_model]]",,,"[[B, T, d_model]]",[3761],32,post_attention_layernorm,,1,model.layers.32.post_attention_layernorm,aten.mul.Tensor,[model.layers.32.post_attention_layernorm.weight],prefill,False,
3763,feed_forward,gate_proj,,t,"[[d_ff, d_model]]","[d_ff, d_model]",0,"[[d_model, d_ff]]",[],32,feed_forward,gate_proj,2,model.layers.32.feed_forward.gate_proj,aten.t.default,[model.layers.32.feed_forward.gate_proj.weight],prefill,True,
3764,feed_forward,gate_proj,,view,"[[B, T, d_model]]",,,"[[B*T, d_model]]",[3762],32,feed_forward,gate_proj,2,model.layers.32.feed_forward.gate_proj,aten.view.default,[],prefill,True,
3765,feed_forward,gate_proj,,matmul,"[[B*T, d_model], [d_model, d_ff]]","[d_ff, d_model]",1,"[[B*T, d_ff]]","[3763, 3764]",32,feed_forward,gate_proj,2,model.layers.32.feed_forward.gate_proj,aten.mm.default,[model.layers.32.feed_forward.gate_proj.weight],prefill,False,
3766,feed_forward,gate_proj,,_unsafe_view,"[[B*T, d_ff]]",,,"[[B, T, d_ff]]",[3765],32,feed_forward,gate_proj,2,model.layers.32.feed_forward.gate_proj,aten._unsafe_view.default,[],prefill,True,
3767,feed_forward,activation_fn,,silu,"[[B, T, d_ff]]",,,"[[B, T, d_ff]]",[3766],32,feed_forward,activation_fn,2,model.layers.32.feed_forward.activation_fn,aten.silu.default,[],prefill,False,
3768,feed_forward,up_proj,,t,"[[d_ff, d_model]]","[d_ff, d_model]",0,"[[d_model, d_ff]]",[],32,feed_forward,up_proj,2,model.layers.32.feed_forward.up_proj,aten.t.default,[model.layers.32.feed_forward.up_proj.weight],prefill,True,
3769,feed_forward,up_proj,,view,"[[B, T, d_model]]",,,"[[B*T, d_model]]",[3762],32,feed_forward,up_proj,2,model.layers.32.feed_forward.up_proj,aten.view.default,[],prefill,True,
3770,feed_forward,up_proj,,matmul,"[[B*T, d_model], [d_model, d_ff]]","[d_ff, d_model]",1,"[[B*T, d_ff]]","[3768, 3769]",32,feed_forward,up_proj,2,model.layers.32.feed_forward.up_proj,aten.mm.default,[model.layers.32.feed_forward.up_proj.weight],prefill,False,
3771,feed_forward,up_proj,,_unsafe_view,"[[B*T, d_ff]]",,,"[[B, T, d_ff]]",[3770],32,feed_forward,up_proj,2,model.layers.32.feed_forward.up_proj,aten._unsafe_view.default,[],prefill,True,
3772,feed_forward,,,elementwise_mul,"[[B, T, d_ff], [B, T, d_ff]]",,,"[[B, T, d_ff]]","[3767, 3771]",32,feed_forward,,1,model.layers.32.feed_forward,aten.mul.Tensor,[],prefill,False,
3773,feed_forward,down_proj,,t,"[[d_model, d_ff]]","[d_model, d_ff]",0,"[[d_ff, d_model]]",[],32,feed_forward,down_proj,2,model.layers.32.feed_forward.down_proj,aten.t.default,[model.layers.32.feed_forward.down_proj.weight],prefill,True,
3774,feed_forward,down_proj,,view,"[[B, T, d_ff]]",,,"[[B*T, d_ff]]",[3772],32,feed_forward,down_proj,2,model.layers.32.feed_forward.down_proj,aten.view.default,[],prefill,True,
3775,feed_forward,down_proj,,matmul,"[[B*T, d_ff], [d_ff, d_model]]","[d_model, d_ff]",1,"[[B*T, d_model]]","[3773, 3774]",32,feed_forward,down_proj,2,model.layers.32.feed_forward.down_proj,aten.mm.default,[model.layers.32.feed_forward.down_proj.weight],prefill,False,
3776,feed_forward,down_proj,,_unsafe_view,"[[B*T, d_model]]",,,"[[B, T, d_model]]",[3775],32,feed_forward,down_proj,2,model.layers.32.feed_forward.down_proj,aten._unsafe_view.default,[],prefill,True,
3777,,,,view,"[[B, T, d_model]]",,,"[[B, T, d_model]]",[3776],32,,,0,model.layers.32,aten.view.default,[],prefill,True,
3778,,,,elementwise_add,"[[B, T, d_model], [B, T, d_model]]",,,"[[B, T, d_model]]","[3754, 3777]",32,,,0,model.layers.32,aten.add.Tensor,[],prefill,False,
3779,input_layernorm,,,_to_copy,"[[B, T, d_model]]",,,"[[B, T, d_model]]",[3778],33,input_layernorm,,1,model.layers.33.input_layernorm,aten._to_copy.default,[],prefill,True,
3780,input_layernorm,,,pow,"[[B, T, d_model]]",,,"[[B, T, d_model]]",[3779],33,input_layernorm,,1,model.layers.33.input_layernorm,aten.pow.Tensor_Scalar,[],prefill,False,
3781,input_layernorm,,,mean,"[[B, T, d_model]]",,,"[[B, T, 1]]",[3780],33,input_layernorm,,1,model.layers.33.input_layernorm,aten.mean.dim,[],prefill,False,
3782,input_layernorm,,,elementwise_add,"[[B, T, 1]]",,,"[[B, T, 1]]",[3781],33,input_layernorm,,1,model.layers.33.input_layernorm,aten.add.Tensor,[],prefill,False,
3783,input_layernorm,,,rsqrt,"[[B, T, 1]]",,,"[[B, T, 1]]",[3782],33,input_layernorm,,1,model.layers.33.input_layernorm,aten.rsqrt.default,[],prefill,False,
3784,input_layernorm,,,elementwise_mul,"[[B, T, d_model], [B, T, 1]]",,,"[[B, T, d_model]]","[3779, 3783]",33,input_layernorm,,1,model.layers.33.input_layernorm,aten.mul.Tensor,[],prefill,False,
3785,input_layernorm,,,_to_copy,"[[B, T, d_model]]",,,"[[B, T, d_model]]",[3784],33,input_layernorm,,1,model.layers.33.input_layernorm,aten._to_copy.default,[],prefill,True,
3786,input_layernorm,,,elementwise_mul,"[[B, T, d_model], [d_model]]",,,"[[B, T, d_model]]",[3785],33,input_layernorm,,1,model.layers.33.input_layernorm,aten.mul.Tensor,[model.layers.33.input_layernorm.weight],prefill,False,
3787,self_attn,q_proj,,t,"[[n_h*d_head, d_model]]","[n_h*d_head, d_model]",0,"[[d_model, n_h*d_head]]",[],33,self_attn,q_proj,2,model.layers.33.self_attn.q_proj,aten.t.default,[model.layers.33.self_attn.q_proj.weight],prefill,True,
3788,self_attn,q_proj,,view,"[[B, T, d_model]]",,,"[[B*T, d_model]]",[3786],33,self_attn,q_proj,2,model.layers.33.self_attn.q_proj,aten.view.default,[],prefill,True,
3789,self_attn,q_proj,,matmul,"[[B*T, d_model], [d_model, n_h*d_head]]","[n_h*d_head, d_model]",1,"[[B*T, n_h*d_head]]","[3787, 3788]",33,self_attn,q_proj,2,model.layers.33.self_attn.q_proj,aten.mm.default,[model.layers.33.self_attn.q_proj.weight],prefill,False,
3790,self_attn,q_proj,,_unsafe_view,"[[B*T, n_h*d_head]]",,,"[[B, T, n_h*d_head]]",[3789],33,self_attn,q_proj,2,model.layers.33.self_attn.q_proj,aten._unsafe_view.default,[],prefill,True,
3791,self_attn,,,view,"[[B, T, n_h*d_head]]",,,"[[B, T, n_h, d_head]]",[3790],33,self_attn,,1,model.layers.33.self_attn,aten.view.default,[],prefill,True,
3792,self_attn,k_proj,,t,"[[n_kv*d_head, d_model]]","[n_kv*d_head, d_model]",0,"[[d_model, n_kv*d_head]]",[],33,self_attn,k_proj,2,model.layers.33.self_attn.k_proj,aten.t.default,[model.layers.33.self_attn.k_proj.weight],prefill,True,
3793,self_attn,k_proj,,view,"[[B, T, d_model]]",,,"[[B*T, d_model]]",[3786],33,self_attn,k_proj,2,model.layers.33.self_attn.k_proj,aten.view.default,[],prefill,True,
3794,self_attn,k_proj,,matmul,"[[B*T, d_model], [d_model, n_kv*d_head]]","[n_kv*d_head, d_model]",1,"[[B*T, n_kv*d_head]]","[3792, 3793]",33,self_attn,k_proj,2,model.layers.33.self_attn.k_proj,aten.mm.default,[model.layers.33.self_attn.k_proj.weight],prefill,False,
3795,self_attn,k_proj,,_unsafe_view,"[[B*T, n_kv*d_head]]",,,"[[B, T, n_kv*d_head]]",[3794],33,self_attn,k_proj,2,model.layers.33.self_attn.k_proj,aten._unsafe_view.default,[],prefill,True,
3796,self_attn,,,view,"[[B, T, n_kv*d_head]]",,,"[[B, T, n_kv, d_head]]",[3795],33,self_attn,,1,model.layers.33.self_attn,aten.view.default,[],prefill,True,
3797,self_attn,v_proj,,t,"[[n_kv*d_head, d_model]]","[n_kv*d_head, d_model]",0,"[[d_model, n_kv*d_head]]",[],33,self_attn,v_proj,2,model.layers.33.self_attn.v_proj,aten.t.default,[model.layers.33.self_attn.v_proj.weight],prefill,True,
3798,self_attn,v_proj,,view,"[[B, T, d_model]]",,,"[[B*T, d_model]]",[3786],33,self_attn,v_proj,2,model.layers.33.self_attn.v_proj,aten.view.default,[],prefill,True,
3799,self_attn,v_proj,,matmul,"[[B*T, d_model], [d_model, n_kv*d_head]]","[n_kv*d_head, d_model]",1,"[[B*T, n_kv*d_head]]","[3797, 3798]",33,self_attn,v_proj,2,model.layers.33.self_attn.v_proj,aten.mm.default,[model.layers.33.self_attn.v_proj.weight],prefill,False,
3800,self_attn,v_proj,,_unsafe_view,"[[B*T, n_kv*d_head]]",,,"[[B, T, n_kv*d_head]]",[3799],33,self_attn,v_proj,2,model.layers.33.self_attn.v_proj,aten._unsafe_view.default,[],prefill,True,
3801,self_attn,,,view,"[[B, T, n_kv*d_head]]",,,"[[B, T, n_kv, d_head]]",[3800],33,self_attn,,1,model.layers.33.self_attn,aten.view.default,[],prefill,True,
3802,self_attn,,,transpose,"[[B, T, n_kv, d_head]]",,,"[[B, n_kv, T, d_head]]",[3801],33,self_attn,,1,model.layers.33.self_attn,aten.transpose.int,[],prefill,True,
3803,self_attn,,,_to_copy,"[[B, T, n_h, d_head]]",,,"[[B, T, n_h, d_head]]",[3791],33,self_attn,,1,model.layers.33.self_attn,aten._to_copy.default,[],prefill,True,
3804,self_attn,,,view,"[[B, T, n_h, d_head]]",,,"[[B, T, n_h, d_head/2, 2]]",[3803],33,self_attn,,1,model.layers.33.self_attn,aten.view.default,[],prefill,True,
3805,self_attn,,,view_as_complex,"[[B, T, n_h, d_head/2, 2]]",,,"[[B, T, n_h, d_head/2]]",[3804],33,self_attn,,1,model.layers.33.self_attn,aten.view_as_complex.default,[],prefill,True,
3806,self_attn,,,_to_copy,"[[B, T, n_kv, d_head]]",,,"[[B, T, n_kv, d_head]]",[3796],33,self_attn,,1,model.layers.33.self_attn,aten._to_copy.default,[],prefill,True,
3807,self_attn,,,view,"[[B, T, n_kv, d_head]]",,,"[[B, T, n_kv, d_head/2, 2]]",[3806],33,self_attn,,1,model.layers.33.self_attn,aten.view.default,[],prefill,True,
3808,self_attn,,,view_as_complex,"[[B, T, n_kv, d_head/2, 2]]",,,"[[B, T, n_kv, d_head/2]]",[3807],33,self_attn,,1,model.layers.33.self_attn,aten.view_as_complex.default,[],prefill,True,
3809,self_attn,,,unsqueeze,"[[B, T, d_head/2]]",,,"[[B, T, 1, d_head/2]]",[106],33,self_attn,,1,model.layers.33.self_attn,aten.unsqueeze.default,[],prefill,True,
3810,self_attn,,,elementwise_mul,"[[B, T, n_h, d_head/2], [B, T, 1, d_head/2]]",,,"[[B, T, n_h, d_head/2]]","[3805, 3809]",33,self_attn,,1,model.layers.33.self_attn,aten.mul.Tensor,[],prefill,False,
3811,self_attn,,,view_as_real,"[[B, T, n_h, d_head/2]]",,,"[[B, T, n_h, d_head/2, 2]]",[3810],33,self_attn,,1,model.layers.33.self_attn,aten.view_as_real.default,[],prefill,True,
3812,self_attn,,,view,"[[B, T, n_h, d_head/2, 2]]",,,"[[B, T, n_h, d_head]]",[3811],33,self_attn,,1,model.layers.33.self_attn,aten.view.default,[],prefill,True,
3813,self_attn,,,unsqueeze,"[[B, T, d_head/2]]",,,"[[B, T, 1, d_head/2]]",[106],33,self_attn,,1,model.layers.33.self_attn,aten.unsqueeze.default,[],prefill,True,
3814,self_attn,,,elementwise_mul,"[[B, T, n_kv, d_head/2], [B, T, 1, d_head/2]]",,,"[[B, T, n_kv, d_head/2]]","[3808, 3813]",33,self_attn,,1,model.layers.33.self_attn,aten.mul.Tensor,[],prefill,False,
3815,self_attn,,,view_as_real,"[[B, T, n_kv, d_head/2]]",,,"[[B, T, n_kv, d_head/2, 2]]",[3814],33,self_attn,,1,model.layers.33.self_attn,aten.view_as_real.default,[],prefill,True,
3816,self_attn,,,view,"[[B, T, n_kv, d_head/2, 2]]",,,"[[B, T, n_kv, d_head]]",[3815],33,self_attn,,1,model.layers.33.self_attn,aten.view.default,[],prefill,True,
3817,self_attn,,,_to_copy,"[[B, T, n_h, d_head]]",,,"[[B, T, n_h, d_head]]",[3812],33,self_attn,,1,model.layers.33.self_attn,aten._to_copy.default,[],prefill,True,
3818,self_attn,,,_to_copy,"[[B, T, n_kv, d_head]]",,,"[[B, T, n_kv, d_head]]",[3816],33,self_attn,,1,model.layers.33.self_attn,aten._to_copy.default,[],prefill,True,
3819,self_attn,,,transpose,"[[B, T, n_h, d_head]]",,,"[[B, n_h, T, d_head]]",[3817],33,self_attn,,1,model.layers.33.self_attn,aten.transpose.int,[],prefill,True,
3820,self_attn,,,transpose,"[[B, T, n_kv, d_head]]",,,"[[B, n_kv, T, d_head]]",[3818],33,self_attn,,1,model.layers.33.self_attn,aten.transpose.int,[],prefill,True,
3821,self_attn,,,_to_copy,[[]],,,[[]],[26],33,self_attn,,1,model.layers.33.self_attn,aten._to_copy.default,[],prefill,True,
3822,self_attn,,,concat,"[[0], [B, n_kv, T, d_head]]",,,"[[B, n_kv, T, d_head]]",[3820],33,self_attn,,1,model.layers.33.self_attn,aten.cat.default,[],prefill,False,
3823,self_attn,,,concat,"[[0], [B, n_kv, T, d_head]]",,,"[[B, n_kv, T, d_head]]",[3802],33,self_attn,,1,model.layers.33.self_attn,aten.cat.default,[],prefill,False,
3824,self_attn,,,slice,"[[B, n_kv, T, d_head]]",,,"[[B, n_kv, T, d_head]]",[3822],33,self_attn,,1,model.layers.33.self_attn,aten.slice.Tensor,[],prefill,True,
3825,self_attn,,,slice,"[[B, n_kv, T, d_head]]",,,"[[B, n_kv, T, d_head]]",[3823],33,self_attn,,1,model.layers.33.self_attn,aten.slice.Tensor,[],prefill,True,
3826,self_attn,,,unsqueeze,"[[B, n_kv, T, d_head]]",,,"[[B, n_kv, 1, T, d_head]]",[3822],33,self_attn,,1,model.layers.33.self_attn,aten.unsqueeze.default,[],prefill,True,
3827,self_attn,,,expand,"[[B, n_kv, 1, T, d_head]]",,,"[[B, n_kv, n_h/n_kv, T, d_head]]",[3826],33,self_attn,,1,model.layers.33.self_attn,aten.expand.default,[],prefill,True,
3828,self_attn,,,clone,"[[B, n_kv, n_h/n_kv, T, d_head]]",,,"[[B, n_kv, n_h/n_kv, T, d_head]]",[3827],33,self_attn,,1,model.layers.33.self_attn,aten.clone.default,[],prefill,True,
3829,self_attn,,,_unsafe_view,"[[B, n_kv, n_h/n_kv, T, d_head]]",,,"[[B, n_h, T, d_head]]",[3828],33,self_attn,,1,model.layers.33.self_attn,aten._unsafe_view.default,[],prefill,True,
3830,self_attn,,,unsqueeze,"[[B, n_kv, T, d_head]]",,,"[[B, n_kv, 1, T, d_head]]",[3823],33,self_attn,,1,model.layers.33.self_attn,aten.unsqueeze.default,[],prefill,True,
3831,self_attn,,,expand,"[[B, n_kv, 1, T, d_head]]",,,"[[B, n_kv, n_h/n_kv, T, d_head]]",[3830],33,self_attn,,1,model.layers.33.self_attn,aten.expand.default,[],prefill,True,
3832,self_attn,,,clone,"[[B, n_kv, n_h/n_kv, T, d_head]]",,,"[[B, n_kv, n_h/n_kv, T, d_head]]",[3831],33,self_attn,,1,model.layers.33.self_attn,aten.clone.default,[],prefill,True,
3833,self_attn,,,_unsafe_view,"[[B, n_kv, n_h/n_kv, T, d_head]]",,,"[[B, n_h, T, d_head]]",[3832],33,self_attn,,1,model.layers.33.self_attn,aten._unsafe_view.default,[],prefill,True,
3834,self_attn,,,transpose,"[[B, n_h, T, d_head]]",,,"[[B, n_h, d_head, T]]",[3829],33,self_attn,,1,model.layers.33.self_attn,aten.transpose.int,[],prefill,True,
3835,self_attn,,,expand,"[[B, n_h, T, d_head]]",,,"[[B, n_h, T, d_head]]",[3819],33,self_attn,,1,model.layers.33.self_attn,aten.expand.default,[],prefill,True,
3836,self_attn,,,clone,"[[B, n_h, T, d_head]]",,,"[[B, n_h, T, d_head]]",[3835],33,self_attn,,1,model.layers.33.self_attn,aten.clone.default,[],prefill,True,
3837,self_attn,,,_unsafe_view,"[[B, n_h, T, d_head]]",,,"[[B*n_h, T, d_head]]",[3836],33,self_attn,,1,model.layers.33.self_attn,aten._unsafe_view.default,[],prefill,True,
3838,self_attn,,,expand,"[[B, n_h, d_head, T]]",,,"[[B, n_h, d_head, T]]",[3834],33,self_attn,,1,model.layers.33.self_attn,aten.expand.default,[],prefill,True,
3839,self_attn,,,view,"[[B, n_h, d_head, T]]",,,"[[B*n_h, d_head, T]]",[3838],33,self_attn,,1,model.layers.33.self_attn,aten.view.default,[],prefill,True,
3840,self_attn,,,batched_matmul,"[[B*n_h, T, d_head], [B*n_h, d_head, T]]",,,"[[B*n_h, T, T]]","[3837, 3839]",33,self_attn,,1,model.layers.33.self_attn,aten.bmm.default,[],prefill,False,
3841,self_attn,,,_unsafe_view,"[[B*n_h, T, T]]",,,"[[B, n_h, T, T]]",[3840],33,self_attn,,1,model.layers.33.self_attn,aten._unsafe_view.default,[],prefill,True,
3842,self_attn,,,elementwise_mul,"[[B, n_h, T, T]]",,,"[[B, n_h, T, T]]",[3841],33,self_attn,,1,model.layers.33.self_attn,aten.mul.Tensor,[],prefill,False,
3843,self_attn,,,elementwise_add,"[[B, n_h, T, T], [B, 1, T, T]]",,,"[[B, n_h, T, T]]","[91, 3842]",33,self_attn,,1,model.layers.33.self_attn,aten.add.Tensor,[],prefill,False,
3844,self_attn,,,softmax,"[[B, n_h, T, T]]",,,"[[B, n_h, T, T]]",[3843],33,self_attn,,1,model.layers.33.self_attn,aten._softmax.default,[],prefill,False,
3845,self_attn,,,expand,"[[B, n_h, T, T]]",,,"[[B, n_h, T, T]]",[3844],33,self_attn,,1,model.layers.33.self_attn,aten.expand.default,[],prefill,True,
3846,self_attn,,,view,"[[B, n_h, T, T]]",,,"[[B*n_h, T, T]]",[3845],33,self_attn,,1,model.layers.33.self_attn,aten.view.default,[],prefill,True,
3847,self_attn,,,expand,"[[B, n_h, T, d_head]]",,,"[[B, n_h, T, d_head]]",[3833],33,self_attn,,1,model.layers.33.self_attn,aten.expand.default,[],prefill,True,
3848,self_attn,,,view,"[[B, n_h, T, d_head]]",,,"[[B*n_h, T, d_head]]",[3847],33,self_attn,,1,model.layers.33.self_attn,aten.view.default,[],prefill,True,
3849,self_attn,,,batched_matmul,"[[B*n_h, T, T], [B*n_h, T, d_head]]",,,"[[B*n_h, T, d_head]]","[3846, 3848]",33,self_attn,,1,model.layers.33.self_attn,aten.bmm.default,[],prefill,False,
3850,self_attn,,,_unsafe_view,"[[B*n_h, T, d_head]]",,,"[[B, n_h, T, d_head]]",[3849],33,self_attn,,1,model.layers.33.self_attn,aten._unsafe_view.default,[],prefill,True,
3851,self_attn,,,transpose,"[[B, n_h, T, d_head]]",,,"[[B, T, n_h, d_head]]",[3850],33,self_attn,,1,model.layers.33.self_attn,aten.transpose.int,[],prefill,True,
3852,self_attn,,,clone,"[[B, T, n_h, d_head]]",,,"[[B, T, n_h, d_head]]",[3851],33,self_attn,,1,model.layers.33.self_attn,aten.clone.default,[],prefill,True,
3853,self_attn,,,view,"[[B, T, n_h, d_head]]",,,"[[B, T, n_h*d_head]]",[3852],33,self_attn,,1,model.layers.33.self_attn,aten.view.default,[],prefill,True,
3854,self_attn,o_proj,,t,"[[d_model, n_h*d_head]]","[d_model, n_h*d_head]",0,"[[n_h*d_head, d_model]]",[],33,self_attn,o_proj,2,model.layers.33.self_attn.o_proj,aten.t.default,[model.layers.33.self_attn.o_proj.weight],prefill,True,
3855,self_attn,o_proj,,view,"[[B, T, n_h*d_head]]",,,"[[B*T, n_h*d_head]]",[3853],33,self_attn,o_proj,2,model.layers.33.self_attn.o_proj,aten.view.default,[],prefill,True,
3856,self_attn,o_proj,,matmul,"[[B*T, n_h*d_head], [n_h*d_head, d_model]]","[d_model, n_h*d_head]",1,"[[B*T, d_model]]","[3854, 3855]",33,self_attn,o_proj,2,model.layers.33.self_attn.o_proj,aten.mm.default,[model.layers.33.self_attn.o_proj.weight],prefill,False,
3857,self_attn,o_proj,,_unsafe_view,"[[B*T, d_model]]",,,"[[B, T, d_model]]",[3856],33,self_attn,o_proj,2,model.layers.33.self_attn.o_proj,aten._unsafe_view.default,[],prefill,True,
3858,,,,elementwise_add,"[[B, T, d_model], [B, T, d_model]]",,,"[[B, T, d_model]]","[3778, 3857]",33,,,0,model.layers.33,aten.add.Tensor,[],prefill,False,
3859,post_attention_layernorm,,,_to_copy,"[[B, T, d_model]]",,,"[[B, T, d_model]]",[3858],33,post_attention_layernorm,,1,model.layers.33.post_attention_layernorm,aten._to_copy.default,[],prefill,True,
3860,post_attention_layernorm,,,pow,"[[B, T, d_model]]",,,"[[B, T, d_model]]",[3859],33,post_attention_layernorm,,1,model.layers.33.post_attention_layernorm,aten.pow.Tensor_Scalar,[],prefill,False,
3861,post_attention_layernorm,,,mean,"[[B, T, d_model]]",,,"[[B, T, 1]]",[3860],33,post_attention_layernorm,,1,model.layers.33.post_attention_layernorm,aten.mean.dim,[],prefill,False,
3862,post_attention_layernorm,,,elementwise_add,"[[B, T, 1]]",,,"[[B, T, 1]]",[3861],33,post_attention_layernorm,,1,model.layers.33.post_attention_layernorm,aten.add.Tensor,[],prefill,False,
3863,post_attention_layernorm,,,rsqrt,"[[B, T, 1]]",,,"[[B, T, 1]]",[3862],33,post_attention_layernorm,,1,model.layers.33.post_attention_layernorm,aten.rsqrt.default,[],prefill,False,
3864,post_attention_layernorm,,,elementwise_mul,"[[B, T, d_model], [B, T, 1]]",,,"[[B, T, d_model]]","[3859, 3863]",33,post_attention_layernorm,,1,model.layers.33.post_attention_layernorm,aten.mul.Tensor,[],prefill,False,
3865,post_attention_layernorm,,,_to_copy,"[[B, T, d_model]]",,,"[[B, T, d_model]]",[3864],33,post_attention_layernorm,,1,model.layers.33.post_attention_layernorm,aten._to_copy.default,[],prefill,True,
3866,post_attention_layernorm,,,elementwise_mul,"[[B, T, d_model], [d_model]]",,,"[[B, T, d_model]]",[3865],33,post_attention_layernorm,,1,model.layers.33.post_attention_layernorm,aten.mul.Tensor,[model.layers.33.post_attention_layernorm.weight],prefill,False,
3867,feed_forward,,,view,"[[B, T, d_model]]",,,"[[B*T, d_model]]",[3866],33,feed_forward,,1,model.layers.33.feed_forward,aten.view.default,[],prefill,True,
3868,feed_forward,router,,t,"[[E, d_model]]","[E, d_model]",0,"[[d_model, E]]",[],33,feed_forward,router,2,model.layers.33.feed_forward.router,aten.t.default,[model.layers.33.feed_forward.router.weight],prefill,True,
3869,feed_forward,router,,matmul,"[[B*T, d_model], [d_model, E]]","[E, d_model]",1,"[[B*T, E]]","[3867, 3868]",33,feed_forward,router,2,model.layers.33.feed_forward.router,aten.mm.default,[model.layers.33.feed_forward.router.weight],prefill,False,
3870,feed_forward,router,,topk,"[[B*T, E]]",,,"[[B*T, 1], [B*T, 1]]",[3869],33,feed_forward,router,2,model.layers.33.feed_forward.router,aten.topk.default,[],prefill,False,
3871,feed_forward,router,,full_like,"[[B*T, E]]",,,"[[B*T, E]]",[3869],33,feed_forward,router,2,model.layers.33.feed_forward.router,aten.full_like.default,[],prefill,True,
3872,feed_forward,router,,scatter_,"[[B*T, E], [B*T, 1], [B*T, 1]]",,,"[[B*T, E]]","[3870, 3871]",33,feed_forward,router,2,model.layers.33.feed_forward.router,aten.scatter_.src,[],prefill,True,
3873,feed_forward,router,,_to_copy,"[[B*T, E]]",,,"[[B*T, E]]",[3872],33,feed_forward,router,2,model.layers.33.feed_forward.router,aten._to_copy.default,[],prefill,True,
3874,feed_forward,router,,sigmoid,"[[B*T, E]]",,,"[[B*T, E]]",[3873],33,feed_forward,router,2,model.layers.33.feed_forward.router,aten.sigmoid.default,[],prefill,False,
3875,feed_forward,router,,_to_copy,"[[B*T, E]]",,,"[[B*T, E]]",[3874],33,feed_forward,router,2,model.layers.33.feed_forward.router,aten._to_copy.default,[],prefill,True,
3876,feed_forward,,,repeat,"[[B*T, d_model]]",,,"[[B*E*T, d_model]]",[3867],33,feed_forward,,1,model.layers.33.feed_forward,aten.repeat.default,[],prefill,True,
3877,feed_forward,,,transpose,"[[B*T, E]]",,,"[[E, B*T]]",[3875],33,feed_forward,,1,model.layers.33.feed_forward,aten.transpose.int,[],prefill,True,
3878,feed_forward,,,clone,"[[E, B*T]]",,,"[[E, B*T]]",[3877],33,feed_forward,,1,model.layers.33.feed_forward,aten.clone.default,[],prefill,True,
3879,feed_forward,,,_unsafe_view,"[[E, B*T]]",,,"[[B*E*T, 1]]",[3878],33,feed_forward,,1,model.layers.33.feed_forward,aten._unsafe_view.default,[],prefill,True,
3880,feed_forward,,,elementwise_mul,"[[B*E*T, d_model], [B*E*T, 1]]",,,"[[B*E*T, d_model]]","[3876, 3879]",33,feed_forward,,1,model.layers.33.feed_forward,aten.mul.Tensor,[],prefill,False,
3881,feed_forward,experts,,view,"[[B*E*T, d_model]]",,,"[[E, B*T, d_model]]",[3880],33,feed_forward,experts,2,model.layers.33.feed_forward.experts,aten.view.default,[],prefill,True,
3882,feed_forward,experts,,batched_matmul,"[[E, B*T, d_model], [E, d_model, 2*d_moe]]","[E, d_model, 2*d_moe]",1,"[[E, B*T, 2*d_moe]]",[3881],33,feed_forward,experts,2,model.layers.33.feed_forward.experts,aten.bmm.default,[model.layers.33.feed_forward.experts.gate_up_proj],prefill,False,
3883,feed_forward,experts,,split,"[[E, B*T, 2*d_moe]]",,,"[[E, B*T, d_moe], [E, B*T, d_moe]]",[3882],33,feed_forward,experts,2,model.layers.33.feed_forward.experts,aten.split.Tensor,[],prefill,True,
3884,feed_forward,experts,act_fn,silu,"[[E, B*T, d_moe]]",,,"[[E, B*T, d_moe]]",[3883],33,feed_forward,experts,3,model.layers.33.feed_forward.experts.act_fn,aten.silu.default,[],prefill,False,
3885,feed_forward,experts,,elementwise_mul,"[[E, B*T, d_moe], [E, B*T, d_moe]]",,,"[[E, B*T, d_moe]]","[3883, 3884]",33,feed_forward,experts,2,model.layers.33.feed_forward.experts,aten.mul.Tensor,[],prefill,False,
3886,feed_forward,experts,,batched_matmul,"[[E, B*T, d_moe], [E, d_moe, d_model]]","[E, d_moe, d_model]",1,"[[E, B*T, d_model]]",[3885],33,feed_forward,experts,2,model.layers.33.feed_forward.experts,aten.bmm.default,[model.layers.33.feed_forward.experts.down_proj],prefill,False,
3887,feed_forward,experts,,view,"[[E, B*T, d_model]]",,,"[[B*E*T, d_model]]",[3886],33,feed_forward,experts,2,model.layers.33.feed_forward.experts,aten.view.default,[],prefill,True,
3888,feed_forward,shared_expert,gate_proj,t,"[[d_moe, d_model]]","[d_moe, d_model]",0,"[[d_model, d_moe]]",[],33,feed_forward,shared_expert,3,model.layers.33.feed_forward.shared_expert.gate_proj,aten.t.default,[model.layers.33.feed_forward.shared_expert.gate_proj.weight],prefill,True,
3889,feed_forward,shared_expert,gate_proj,matmul,"[[B*T, d_model], [d_model, d_moe]]","[d_moe, d_model]",1,"[[B*T, d_moe]]","[3867, 3888]",33,feed_forward,shared_expert,3,model.layers.33.feed_forward.shared_expert.gate_proj,aten.mm.default,[model.layers.33.feed_forward.shared_expert.gate_proj.weight],prefill,False,
3890,feed_forward,shared_expert,activation_fn,silu,"[[B*T, d_moe]]",,,"[[B*T, d_moe]]",[3889],33,feed_forward,shared_expert,3,model.layers.33.feed_forward.shared_expert.activation_fn,aten.silu.default,[],prefill,False,
3891,feed_forward,shared_expert,up_proj,t,"[[d_moe, d_model]]","[d_moe, d_model]",0,"[[d_model, d_moe]]",[],33,feed_forward,shared_expert,3,model.layers.33.feed_forward.shared_expert.up_proj,aten.t.default,[model.layers.33.feed_forward.shared_expert.up_proj.weight],prefill,True,
3892,feed_forward,shared_expert,up_proj,matmul,"[[B*T, d_model], [d_model, d_moe]]","[d_moe, d_model]",1,"[[B*T, d_moe]]","[3867, 3891]",33,feed_forward,shared_expert,3,model.layers.33.feed_forward.shared_expert.up_proj,aten.mm.default,[model.layers.33.feed_forward.shared_expert.up_proj.weight],prefill,False,
3893,feed_forward,shared_expert,,elementwise_mul,"[[B*T, d_moe], [B*T, d_moe]]",,,"[[B*T, d_moe]]","[3890, 3892]",33,feed_forward,shared_expert,2,model.layers.33.feed_forward.shared_expert,aten.mul.Tensor,[],prefill,False,
3894,feed_forward,shared_expert,down_proj,t,"[[d_model, d_moe]]","[d_model, d_moe]",0,"[[d_moe, d_model]]",[],33,feed_forward,shared_expert,3,model.layers.33.feed_forward.shared_expert.down_proj,aten.t.default,[model.layers.33.feed_forward.shared_expert.down_proj.weight],prefill,True,
3895,feed_forward,shared_expert,down_proj,matmul,"[[B*T, d_moe], [d_moe, d_model]]","[d_model, d_moe]",1,"[[B*T, d_model]]","[3893, 3894]",33,feed_forward,shared_expert,3,model.layers.33.feed_forward.shared_expert.down_proj,aten.mm.default,[model.layers.33.feed_forward.shared_expert.down_proj.weight],prefill,False,
3896,feed_forward,,,view,"[[B*E*T, d_model]]",,,"[[E, B*T, d_model]]",[3887],33,feed_forward,,1,model.layers.33.feed_forward,aten.view.default,[],prefill,True,
3897,feed_forward,,,sum,"[[E, B*T, d_model]]",,,"[[B*T, d_model]]",[3896],33,feed_forward,,1,model.layers.33.feed_forward,aten.sum.dim_IntList,[],prefill,True,
3898,feed_forward,,,add_,"[[B*T, d_model], [B*T, d_model]]",,,"[[B*T, d_model]]","[3895, 3897]",33,feed_forward,,1,model.layers.33.feed_forward,aten.add_.Tensor,[],prefill,True,
3899,,,,view,"[[B*T, d_model]]",,,"[[B, T, d_model]]",[3898],33,,,0,model.layers.33,aten.view.default,[],prefill,True,
3900,,,,elementwise_add,"[[B, T, d_model], [B, T, d_model]]",,,"[[B, T, d_model]]","[3858, 3899]",33,,,0,model.layers.33,aten.add.Tensor,[],prefill,False,
3901,input_layernorm,,,_to_copy,"[[B, T, d_model]]",,,"[[B, T, d_model]]",[3900],34,input_layernorm,,1,model.layers.34.input_layernorm,aten._to_copy.default,[],prefill,True,
3902,input_layernorm,,,pow,"[[B, T, d_model]]",,,"[[B, T, d_model]]",[3901],34,input_layernorm,,1,model.layers.34.input_layernorm,aten.pow.Tensor_Scalar,[],prefill,False,
3903,input_layernorm,,,mean,"[[B, T, d_model]]",,,"[[B, T, 1]]",[3902],34,input_layernorm,,1,model.layers.34.input_layernorm,aten.mean.dim,[],prefill,False,
3904,input_layernorm,,,elementwise_add,"[[B, T, 1]]",,,"[[B, T, 1]]",[3903],34,input_layernorm,,1,model.layers.34.input_layernorm,aten.add.Tensor,[],prefill,False,
3905,input_layernorm,,,rsqrt,"[[B, T, 1]]",,,"[[B, T, 1]]",[3904],34,input_layernorm,,1,model.layers.34.input_layernorm,aten.rsqrt.default,[],prefill,False,
3906,input_layernorm,,,elementwise_mul,"[[B, T, d_model], [B, T, 1]]",,,"[[B, T, d_model]]","[3901, 3905]",34,input_layernorm,,1,model.layers.34.input_layernorm,aten.mul.Tensor,[],prefill,False,
3907,input_layernorm,,,_to_copy,"[[B, T, d_model]]",,,"[[B, T, d_model]]",[3906],34,input_layernorm,,1,model.layers.34.input_layernorm,aten._to_copy.default,[],prefill,True,
3908,input_layernorm,,,elementwise_mul,"[[B, T, d_model], [d_model]]",,,"[[B, T, d_model]]",[3907],34,input_layernorm,,1,model.layers.34.input_layernorm,aten.mul.Tensor,[model.layers.34.input_layernorm.weight],prefill,False,
3909,self_attn,q_proj,,t,"[[n_h*d_head, d_model]]","[n_h*d_head, d_model]",0,"[[d_model, n_h*d_head]]",[],34,self_attn,q_proj,2,model.layers.34.self_attn.q_proj,aten.t.default,[model.layers.34.self_attn.q_proj.weight],prefill,True,
3910,self_attn,q_proj,,view,"[[B, T, d_model]]",,,"[[B*T, d_model]]",[3908],34,self_attn,q_proj,2,model.layers.34.self_attn.q_proj,aten.view.default,[],prefill,True,
3911,self_attn,q_proj,,matmul,"[[B*T, d_model], [d_model, n_h*d_head]]","[n_h*d_head, d_model]",1,"[[B*T, n_h*d_head]]","[3909, 3910]",34,self_attn,q_proj,2,model.layers.34.self_attn.q_proj,aten.mm.default,[model.layers.34.self_attn.q_proj.weight],prefill,False,
3912,self_attn,q_proj,,_unsafe_view,"[[B*T, n_h*d_head]]",,,"[[B, T, n_h*d_head]]",[3911],34,self_attn,q_proj,2,model.layers.34.self_attn.q_proj,aten._unsafe_view.default,[],prefill,True,
3913,self_attn,,,view,"[[B, T, n_h*d_head]]",,,"[[B, T, n_h, d_head]]",[3912],34,self_attn,,1,model.layers.34.self_attn,aten.view.default,[],prefill,True,
3914,self_attn,k_proj,,t,"[[n_kv*d_head, d_model]]","[n_kv*d_head, d_model]",0,"[[d_model, n_kv*d_head]]",[],34,self_attn,k_proj,2,model.layers.34.self_attn.k_proj,aten.t.default,[model.layers.34.self_attn.k_proj.weight],prefill,True,
3915,self_attn,k_proj,,view,"[[B, T, d_model]]",,,"[[B*T, d_model]]",[3908],34,self_attn,k_proj,2,model.layers.34.self_attn.k_proj,aten.view.default,[],prefill,True,
3916,self_attn,k_proj,,matmul,"[[B*T, d_model], [d_model, n_kv*d_head]]","[n_kv*d_head, d_model]",1,"[[B*T, n_kv*d_head]]","[3914, 3915]",34,self_attn,k_proj,2,model.layers.34.self_attn.k_proj,aten.mm.default,[model.layers.34.self_attn.k_proj.weight],prefill,False,
3917,self_attn,k_proj,,_unsafe_view,"[[B*T, n_kv*d_head]]",,,"[[B, T, n_kv*d_head]]",[3916],34,self_attn,k_proj,2,model.layers.34.self_attn.k_proj,aten._unsafe_view.default,[],prefill,True,
3918,self_attn,,,view,"[[B, T, n_kv*d_head]]",,,"[[B, T, n_kv, d_head]]",[3917],34,self_attn,,1,model.layers.34.self_attn,aten.view.default,[],prefill,True,
3919,self_attn,v_proj,,t,"[[n_kv*d_head, d_model]]","[n_kv*d_head, d_model]",0,"[[d_model, n_kv*d_head]]",[],34,self_attn,v_proj,2,model.layers.34.self_attn.v_proj,aten.t.default,[model.layers.34.self_attn.v_proj.weight],prefill,True,
3920,self_attn,v_proj,,view,"[[B, T, d_model]]",,,"[[B*T, d_model]]",[3908],34,self_attn,v_proj,2,model.layers.34.self_attn.v_proj,aten.view.default,[],prefill,True,
3921,self_attn,v_proj,,matmul,"[[B*T, d_model], [d_model, n_kv*d_head]]","[n_kv*d_head, d_model]",1,"[[B*T, n_kv*d_head]]","[3919, 3920]",34,self_attn,v_proj,2,model.layers.34.self_attn.v_proj,aten.mm.default,[model.layers.34.self_attn.v_proj.weight],prefill,False,
3922,self_attn,v_proj,,_unsafe_view,"[[B*T, n_kv*d_head]]",,,"[[B, T, n_kv*d_head]]",[3921],34,self_attn,v_proj,2,model.layers.34.self_attn.v_proj,aten._unsafe_view.default,[],prefill,True,
3923,self_attn,,,view,"[[B, T, n_kv*d_head]]",,,"[[B, T, n_kv, d_head]]",[3922],34,self_attn,,1,model.layers.34.self_attn,aten.view.default,[],prefill,True,
3924,self_attn,,,transpose,"[[B, T, n_kv, d_head]]",,,"[[B, n_kv, T, d_head]]",[3923],34,self_attn,,1,model.layers.34.self_attn,aten.transpose.int,[],prefill,True,
3925,self_attn,,,_to_copy,"[[B, T, n_h, d_head]]",,,"[[B, T, n_h, d_head]]",[3913],34,self_attn,,1,model.layers.34.self_attn,aten._to_copy.default,[],prefill,True,
3926,self_attn,,,view,"[[B, T, n_h, d_head]]",,,"[[B, T, n_h, d_head/2, 2]]",[3925],34,self_attn,,1,model.layers.34.self_attn,aten.view.default,[],prefill,True,
3927,self_attn,,,view_as_complex,"[[B, T, n_h, d_head/2, 2]]",,,"[[B, T, n_h, d_head/2]]",[3926],34,self_attn,,1,model.layers.34.self_attn,aten.view_as_complex.default,[],prefill,True,
3928,self_attn,,,_to_copy,"[[B, T, n_kv, d_head]]",,,"[[B, T, n_kv, d_head]]",[3918],34,self_attn,,1,model.layers.34.self_attn,aten._to_copy.default,[],prefill,True,
3929,self_attn,,,view,"[[B, T, n_kv, d_head]]",,,"[[B, T, n_kv, d_head/2, 2]]",[3928],34,self_attn,,1,model.layers.34.self_attn,aten.view.default,[],prefill,True,
3930,self_attn,,,view_as_complex,"[[B, T, n_kv, d_head/2, 2]]",,,"[[B, T, n_kv, d_head/2]]",[3929],34,self_attn,,1,model.layers.34.self_attn,aten.view_as_complex.default,[],prefill,True,
3931,self_attn,,,unsqueeze,"[[B, T, d_head/2]]",,,"[[B, T, 1, d_head/2]]",[106],34,self_attn,,1,model.layers.34.self_attn,aten.unsqueeze.default,[],prefill,True,
3932,self_attn,,,elementwise_mul,"[[B, T, n_h, d_head/2], [B, T, 1, d_head/2]]",,,"[[B, T, n_h, d_head/2]]","[3927, 3931]",34,self_attn,,1,model.layers.34.self_attn,aten.mul.Tensor,[],prefill,False,
3933,self_attn,,,view_as_real,"[[B, T, n_h, d_head/2]]",,,"[[B, T, n_h, d_head/2, 2]]",[3932],34,self_attn,,1,model.layers.34.self_attn,aten.view_as_real.default,[],prefill,True,
3934,self_attn,,,view,"[[B, T, n_h, d_head/2, 2]]",,,"[[B, T, n_h, d_head]]",[3933],34,self_attn,,1,model.layers.34.self_attn,aten.view.default,[],prefill,True,
3935,self_attn,,,unsqueeze,"[[B, T, d_head/2]]",,,"[[B, T, 1, d_head/2]]",[106],34,self_attn,,1,model.layers.34.self_attn,aten.unsqueeze.default,[],prefill,True,
3936,self_attn,,,elementwise_mul,"[[B, T, n_kv, d_head/2], [B, T, 1, d_head/2]]",,,"[[B, T, n_kv, d_head/2]]","[3930, 3935]",34,self_attn,,1,model.layers.34.self_attn,aten.mul.Tensor,[],prefill,False,
3937,self_attn,,,view_as_real,"[[B, T, n_kv, d_head/2]]",,,"[[B, T, n_kv, d_head/2, 2]]",[3936],34,self_attn,,1,model.layers.34.self_attn,aten.view_as_real.default,[],prefill,True,
3938,self_attn,,,view,"[[B, T, n_kv, d_head/2, 2]]",,,"[[B, T, n_kv, d_head]]",[3937],34,self_attn,,1,model.layers.34.self_attn,aten.view.default,[],prefill,True,
3939,self_attn,,,_to_copy,"[[B, T, n_h, d_head]]",,,"[[B, T, n_h, d_head]]",[3934],34,self_attn,,1,model.layers.34.self_attn,aten._to_copy.default,[],prefill,True,
3940,self_attn,,,_to_copy,"[[B, T, n_kv, d_head]]",,,"[[B, T, n_kv, d_head]]",[3938],34,self_attn,,1,model.layers.34.self_attn,aten._to_copy.default,[],prefill,True,
3941,self_attn,,,transpose,"[[B, T, n_h, d_head]]",,,"[[B, n_h, T, d_head]]",[3939],34,self_attn,,1,model.layers.34.self_attn,aten.transpose.int,[],prefill,True,
3942,self_attn,,,transpose,"[[B, T, n_kv, d_head]]",,,"[[B, n_kv, T, d_head]]",[3940],34,self_attn,,1,model.layers.34.self_attn,aten.transpose.int,[],prefill,True,
3943,self_attn,,,_to_copy,[[]],,,[[]],[27],34,self_attn,,1,model.layers.34.self_attn,aten._to_copy.default,[],prefill,True,
3944,self_attn,,,concat,"[[0], [B, n_kv, T, d_head]]",,,"[[B, n_kv, T, d_head]]",[3942],34,self_attn,,1,model.layers.34.self_attn,aten.cat.default,[],prefill,False,
3945,self_attn,,,concat,"[[0], [B, n_kv, T, d_head]]",,,"[[B, n_kv, T, d_head]]",[3924],34,self_attn,,1,model.layers.34.self_attn,aten.cat.default,[],prefill,False,
3946,self_attn,,,slice,"[[B, n_kv, T, d_head]]",,,"[[B, n_kv, T, d_head]]",[3944],34,self_attn,,1,model.layers.34.self_attn,aten.slice.Tensor,[],prefill,True,
3947,self_attn,,,slice,"[[B, n_kv, T, d_head]]",,,"[[B, n_kv, T, d_head]]",[3945],34,self_attn,,1,model.layers.34.self_attn,aten.slice.Tensor,[],prefill,True,
3948,self_attn,,,unsqueeze,"[[B, n_kv, T, d_head]]",,,"[[B, n_kv, 1, T, d_head]]",[3944],34,self_attn,,1,model.layers.34.self_attn,aten.unsqueeze.default,[],prefill,True,
3949,self_attn,,,expand,"[[B, n_kv, 1, T, d_head]]",,,"[[B, n_kv, n_h/n_kv, T, d_head]]",[3948],34,self_attn,,1,model.layers.34.self_attn,aten.expand.default,[],prefill,True,
3950,self_attn,,,clone,"[[B, n_kv, n_h/n_kv, T, d_head]]",,,"[[B, n_kv, n_h/n_kv, T, d_head]]",[3949],34,self_attn,,1,model.layers.34.self_attn,aten.clone.default,[],prefill,True,
3951,self_attn,,,_unsafe_view,"[[B, n_kv, n_h/n_kv, T, d_head]]",,,"[[B, n_h, T, d_head]]",[3950],34,self_attn,,1,model.layers.34.self_attn,aten._unsafe_view.default,[],prefill,True,
3952,self_attn,,,unsqueeze,"[[B, n_kv, T, d_head]]",,,"[[B, n_kv, 1, T, d_head]]",[3945],34,self_attn,,1,model.layers.34.self_attn,aten.unsqueeze.default,[],prefill,True,
3953,self_attn,,,expand,"[[B, n_kv, 1, T, d_head]]",,,"[[B, n_kv, n_h/n_kv, T, d_head]]",[3952],34,self_attn,,1,model.layers.34.self_attn,aten.expand.default,[],prefill,True,
3954,self_attn,,,clone,"[[B, n_kv, n_h/n_kv, T, d_head]]",,,"[[B, n_kv, n_h/n_kv, T, d_head]]",[3953],34,self_attn,,1,model.layers.34.self_attn,aten.clone.default,[],prefill,True,
3955,self_attn,,,_unsafe_view,"[[B, n_kv, n_h/n_kv, T, d_head]]",,,"[[B, n_h, T, d_head]]",[3954],34,self_attn,,1,model.layers.34.self_attn,aten._unsafe_view.default,[],prefill,True,
3956,self_attn,,,transpose,"[[B, n_h, T, d_head]]",,,"[[B, n_h, d_head, T]]",[3951],34,self_attn,,1,model.layers.34.self_attn,aten.transpose.int,[],prefill,True,
3957,self_attn,,,expand,"[[B, n_h, T, d_head]]",,,"[[B, n_h, T, d_head]]",[3941],34,self_attn,,1,model.layers.34.self_attn,aten.expand.default,[],prefill,True,
3958,self_attn,,,clone,"[[B, n_h, T, d_head]]",,,"[[B, n_h, T, d_head]]",[3957],34,self_attn,,1,model.layers.34.self_attn,aten.clone.default,[],prefill,True,
3959,self_attn,,,_unsafe_view,"[[B, n_h, T, d_head]]",,,"[[B*n_h, T, d_head]]",[3958],34,self_attn,,1,model.layers.34.self_attn,aten._unsafe_view.default,[],prefill,True,
3960,self_attn,,,expand,"[[B, n_h, d_head, T]]",,,"[[B, n_h, d_head, T]]",[3956],34,self_attn,,1,model.layers.34.self_attn,aten.expand.default,[],prefill,True,
3961,self_attn,,,view,"[[B, n_h, d_head, T]]",,,"[[B*n_h, d_head, T]]",[3960],34,self_attn,,1,model.layers.34.self_attn,aten.view.default,[],prefill,True,
3962,self_attn,,,batched_matmul,"[[B*n_h, T, d_head], [B*n_h, d_head, T]]",,,"[[B*n_h, T, T]]","[3959, 3961]",34,self_attn,,1,model.layers.34.self_attn,aten.bmm.default,[],prefill,False,
3963,self_attn,,,_unsafe_view,"[[B*n_h, T, T]]",,,"[[B, n_h, T, T]]",[3962],34,self_attn,,1,model.layers.34.self_attn,aten._unsafe_view.default,[],prefill,True,
3964,self_attn,,,elementwise_mul,"[[B, n_h, T, T]]",,,"[[B, n_h, T, T]]",[3963],34,self_attn,,1,model.layers.34.self_attn,aten.mul.Tensor,[],prefill,False,
3965,self_attn,,,elementwise_add,"[[B, n_h, T, T], [B, 1, T, T]]",,,"[[B, n_h, T, T]]","[91, 3964]",34,self_attn,,1,model.layers.34.self_attn,aten.add.Tensor,[],prefill,False,
3966,self_attn,,,softmax,"[[B, n_h, T, T]]",,,"[[B, n_h, T, T]]",[3965],34,self_attn,,1,model.layers.34.self_attn,aten._softmax.default,[],prefill,False,
3967,self_attn,,,expand,"[[B, n_h, T, T]]",,,"[[B, n_h, T, T]]",[3966],34,self_attn,,1,model.layers.34.self_attn,aten.expand.default,[],prefill,True,
3968,self_attn,,,view,"[[B, n_h, T, T]]",,,"[[B*n_h, T, T]]",[3967],34,self_attn,,1,model.layers.34.self_attn,aten.view.default,[],prefill,True,
3969,self_attn,,,expand,"[[B, n_h, T, d_head]]",,,"[[B, n_h, T, d_head]]",[3955],34,self_attn,,1,model.layers.34.self_attn,aten.expand.default,[],prefill,True,
3970,self_attn,,,view,"[[B, n_h, T, d_head]]",,,"[[B*n_h, T, d_head]]",[3969],34,self_attn,,1,model.layers.34.self_attn,aten.view.default,[],prefill,True,
3971,self_attn,,,batched_matmul,"[[B*n_h, T, T], [B*n_h, T, d_head]]",,,"[[B*n_h, T, d_head]]","[3968, 3970]",34,self_attn,,1,model.layers.34.self_attn,aten.bmm.default,[],prefill,False,
3972,self_attn,,,_unsafe_view,"[[B*n_h, T, d_head]]",,,"[[B, n_h, T, d_head]]",[3971],34,self_attn,,1,model.layers.34.self_attn,aten._unsafe_view.default,[],prefill,True,
3973,self_attn,,,transpose,"[[B, n_h, T, d_head]]",,,"[[B, T, n_h, d_head]]",[3972],34,self_attn,,1,model.layers.34.self_attn,aten.transpose.int,[],prefill,True,
3974,self_attn,,,clone,"[[B, T, n_h, d_head]]",,,"[[B, T, n_h, d_head]]",[3973],34,self_attn,,1,model.layers.34.self_attn,aten.clone.default,[],prefill,True,
3975,self_attn,,,view,"[[B, T, n_h, d_head]]",,,"[[B, T, n_h*d_head]]",[3974],34,self_attn,,1,model.layers.34.self_attn,aten.view.default,[],prefill,True,
3976,self_attn,o_proj,,t,"[[d_model, n_h*d_head]]","[d_model, n_h*d_head]",0,"[[n_h*d_head, d_model]]",[],34,self_attn,o_proj,2,model.layers.34.self_attn.o_proj,aten.t.default,[model.layers.34.self_attn.o_proj.weight],prefill,True,
3977,self_attn,o_proj,,view,"[[B, T, n_h*d_head]]",,,"[[B*T, n_h*d_head]]",[3975],34,self_attn,o_proj,2,model.layers.34.self_attn.o_proj,aten.view.default,[],prefill,True,
3978,self_attn,o_proj,,matmul,"[[B*T, n_h*d_head], [n_h*d_head, d_model]]","[d_model, n_h*d_head]",1,"[[B*T, d_model]]","[3976, 3977]",34,self_attn,o_proj,2,model.layers.34.self_attn.o_proj,aten.mm.default,[model.layers.34.self_attn.o_proj.weight],prefill,False,
3979,self_attn,o_proj,,_unsafe_view,"[[B*T, d_model]]",,,"[[B, T, d_model]]",[3978],34,self_attn,o_proj,2,model.layers.34.self_attn.o_proj,aten._unsafe_view.default,[],prefill,True,
3980,,,,elementwise_add,"[[B, T, d_model], [B, T, d_model]]",,,"[[B, T, d_model]]","[3900, 3979]",34,,,0,model.layers.34,aten.add.Tensor,[],prefill,False,
3981,post_attention_layernorm,,,_to_copy,"[[B, T, d_model]]",,,"[[B, T, d_model]]",[3980],34,post_attention_layernorm,,1,model.layers.34.post_attention_layernorm,aten._to_copy.default,[],prefill,True,
3982,post_attention_layernorm,,,pow,"[[B, T, d_model]]",,,"[[B, T, d_model]]",[3981],34,post_attention_layernorm,,1,model.layers.34.post_attention_layernorm,aten.pow.Tensor_Scalar,[],prefill,False,
3983,post_attention_layernorm,,,mean,"[[B, T, d_model]]",,,"[[B, T, 1]]",[3982],34,post_attention_layernorm,,1,model.layers.34.post_attention_layernorm,aten.mean.dim,[],prefill,False,
3984,post_attention_layernorm,,,elementwise_add,"[[B, T, 1]]",,,"[[B, T, 1]]",[3983],34,post_attention_layernorm,,1,model.layers.34.post_attention_layernorm,aten.add.Tensor,[],prefill,False,
3985,post_attention_layernorm,,,rsqrt,"[[B, T, 1]]",,,"[[B, T, 1]]",[3984],34,post_attention_layernorm,,1,model.layers.34.post_attention_layernorm,aten.rsqrt.default,[],prefill,False,
3986,post_attention_layernorm,,,elementwise_mul,"[[B, T, d_model], [B, T, 1]]",,,"[[B, T, d_model]]","[3981, 3985]",34,post_attention_layernorm,,1,model.layers.34.post_attention_layernorm,aten.mul.Tensor,[],prefill,False,
3987,post_attention_layernorm,,,_to_copy,"[[B, T, d_model]]",,,"[[B, T, d_model]]",[3986],34,post_attention_layernorm,,1,model.layers.34.post_attention_layernorm,aten._to_copy.default,[],prefill,True,
3988,post_attention_layernorm,,,elementwise_mul,"[[B, T, d_model], [d_model]]",,,"[[B, T, d_model]]",[3987],34,post_attention_layernorm,,1,model.layers.34.post_attention_layernorm,aten.mul.Tensor,[model.layers.34.post_attention_layernorm.weight],prefill,False,
3989,feed_forward,gate_proj,,t,"[[d_ff, d_model]]","[d_ff, d_model]",0,"[[d_model, d_ff]]",[],34,feed_forward,gate_proj,2,model.layers.34.feed_forward.gate_proj,aten.t.default,[model.layers.34.feed_forward.gate_proj.weight],prefill,True,
3990,feed_forward,gate_proj,,view,"[[B, T, d_model]]",,,"[[B*T, d_model]]",[3988],34,feed_forward,gate_proj,2,model.layers.34.feed_forward.gate_proj,aten.view.default,[],prefill,True,
3991,feed_forward,gate_proj,,matmul,"[[B*T, d_model], [d_model, d_ff]]","[d_ff, d_model]",1,"[[B*T, d_ff]]","[3989, 3990]",34,feed_forward,gate_proj,2,model.layers.34.feed_forward.gate_proj,aten.mm.default,[model.layers.34.feed_forward.gate_proj.weight],prefill,False,
3992,feed_forward,gate_proj,,_unsafe_view,"[[B*T, d_ff]]",,,"[[B, T, d_ff]]",[3991],34,feed_forward,gate_proj,2,model.layers.34.feed_forward.gate_proj,aten._unsafe_view.default,[],prefill,True,
3993,feed_forward,activation_fn,,silu,"[[B, T, d_ff]]",,,"[[B, T, d_ff]]",[3992],34,feed_forward,activation_fn,2,model.layers.34.feed_forward.activation_fn,aten.silu.default,[],prefill,False,
3994,feed_forward,up_proj,,t,"[[d_ff, d_model]]","[d_ff, d_model]",0,"[[d_model, d_ff]]",[],34,feed_forward,up_proj,2,model.layers.34.feed_forward.up_proj,aten.t.default,[model.layers.34.feed_forward.up_proj.weight],prefill,True,
3995,feed_forward,up_proj,,view,"[[B, T, d_model]]",,,"[[B*T, d_model]]",[3988],34,feed_forward,up_proj,2,model.layers.34.feed_forward.up_proj,aten.view.default,[],prefill,True,
3996,feed_forward,up_proj,,matmul,"[[B*T, d_model], [d_model, d_ff]]","[d_ff, d_model]",1,"[[B*T, d_ff]]","[3994, 3995]",34,feed_forward,up_proj,2,model.layers.34.feed_forward.up_proj,aten.mm.default,[model.layers.34.feed_forward.up_proj.weight],prefill,False,
3997,feed_forward,up_proj,,_unsafe_view,"[[B*T, d_ff]]",,,"[[B, T, d_ff]]",[3996],34,feed_forward,up_proj,2,model.layers.34.feed_forward.up_proj,aten._unsafe_view.default,[],prefill,True,
3998,feed_forward,,,elementwise_mul,"[[B, T, d_ff], [B, T, d_ff]]",,,"[[B, T, d_ff]]","[3993, 3997]",34,feed_forward,,1,model.layers.34.feed_forward,aten.mul.Tensor,[],prefill,False,
3999,feed_forward,down_proj,,t,"[[d_model, d_ff]]","[d_model, d_ff]",0,"[[d_ff, d_model]]",[],34,feed_forward,down_proj,2,model.layers.34.feed_forward.down_proj,aten.t.default,[model.layers.34.feed_forward.down_proj.weight],prefill,True,
4000,feed_forward,down_proj,,view,"[[B, T, d_ff]]",,,"[[B*T, d_ff]]",[3998],34,feed_forward,down_proj,2,model.layers.34.feed_forward.down_proj,aten.view.default,[],prefill,True,
4001,feed_forward,down_proj,,matmul,"[[B*T, d_ff], [d_ff, d_model]]","[d_model, d_ff]",1,"[[B*T, d_model]]","[3999, 4000]",34,feed_forward,down_proj,2,model.layers.34.feed_forward.down_proj,aten.mm.default,[model.layers.34.feed_forward.down_proj.weight],prefill,False,
4002,feed_forward,down_proj,,_unsafe_view,"[[B*T, d_model]]",,,"[[B, T, d_model]]",[4001],34,feed_forward,down_proj,2,model.layers.34.feed_forward.down_proj,aten._unsafe_view.default,[],prefill,True,
4003,,,,view,"[[B, T, d_model]]",,,"[[B, T, d_model]]",[4002],34,,,0,model.layers.34,aten.view.default,[],prefill,True,
4004,,,,elementwise_add,"[[B, T, d_model], [B, T, d_model]]",,,"[[B, T, d_model]]","[3980, 4003]",34,,,0,model.layers.34,aten.add.Tensor,[],prefill,False,
4005,input_layernorm,,,_to_copy,"[[B, T, d_model]]",,,"[[B, T, d_model]]",[4004],35,input_layernorm,,1,model.layers.35.input_layernorm,aten._to_copy.default,[],prefill,True,
4006,input_layernorm,,,pow,"[[B, T, d_model]]",,,"[[B, T, d_model]]",[4005],35,input_layernorm,,1,model.layers.35.input_layernorm,aten.pow.Tensor_Scalar,[],prefill,False,
4007,input_layernorm,,,mean,"[[B, T, d_model]]",,,"[[B, T, 1]]",[4006],35,input_layernorm,,1,model.layers.35.input_layernorm,aten.mean.dim,[],prefill,False,
4008,input_layernorm,,,elementwise_add,"[[B, T, 1]]",,,"[[B, T, 1]]",[4007],35,input_layernorm,,1,model.layers.35.input_layernorm,aten.add.Tensor,[],prefill,False,
4009,input_layernorm,,,rsqrt,"[[B, T, 1]]",,,"[[B, T, 1]]",[4008],35,input_layernorm,,1,model.layers.35.input_layernorm,aten.rsqrt.default,[],prefill,False,
4010,input_layernorm,,,elementwise_mul,"[[B, T, d_model], [B, T, 1]]",,,"[[B, T, d_model]]","[4005, 4009]",35,input_layernorm,,1,model.layers.35.input_layernorm,aten.mul.Tensor,[],prefill,False,
4011,input_layernorm,,,_to_copy,"[[B, T, d_model]]",,,"[[B, T, d_model]]",[4010],35,input_layernorm,,1,model.layers.35.input_layernorm,aten._to_copy.default,[],prefill,True,
4012,input_layernorm,,,elementwise_mul,"[[B, T, d_model], [d_model]]",,,"[[B, T, d_model]]",[4011],35,input_layernorm,,1,model.layers.35.input_layernorm,aten.mul.Tensor,[model.layers.35.input_layernorm.weight],prefill,False,
4013,self_attn,q_proj,,t,"[[n_h*d_head, d_model]]","[n_h*d_head, d_model]",0,"[[d_model, n_h*d_head]]",[],35,self_attn,q_proj,2,model.layers.35.self_attn.q_proj,aten.t.default,[model.layers.35.self_attn.q_proj.weight],prefill,True,
4014,self_attn,q_proj,,view,"[[B, T, d_model]]",,,"[[B*T, d_model]]",[4012],35,self_attn,q_proj,2,model.layers.35.self_attn.q_proj,aten.view.default,[],prefill,True,
4015,self_attn,q_proj,,matmul,"[[B*T, d_model], [d_model, n_h*d_head]]","[n_h*d_head, d_model]",1,"[[B*T, n_h*d_head]]","[4013, 4014]",35,self_attn,q_proj,2,model.layers.35.self_attn.q_proj,aten.mm.default,[model.layers.35.self_attn.q_proj.weight],prefill,False,
4016,self_attn,q_proj,,_unsafe_view,"[[B*T, n_h*d_head]]",,,"[[B, T, n_h*d_head]]",[4015],35,self_attn,q_proj,2,model.layers.35.self_attn.q_proj,aten._unsafe_view.default,[],prefill,True,
4017,self_attn,,,view,"[[B, T, n_h*d_head]]",,,"[[B, T, n_h, d_head]]",[4016],35,self_attn,,1,model.layers.35.self_attn,aten.view.default,[],prefill,True,
4018,self_attn,k_proj,,t,"[[n_kv*d_head, d_model]]","[n_kv*d_head, d_model]",0,"[[d_model, n_kv*d_head]]",[],35,self_attn,k_proj,2,model.layers.35.self_attn.k_proj,aten.t.default,[model.layers.35.self_attn.k_proj.weight],prefill,True,
4019,self_attn,k_proj,,view,"[[B, T, d_model]]",,,"[[B*T, d_model]]",[4012],35,self_attn,k_proj,2,model.layers.35.self_attn.k_proj,aten.view.default,[],prefill,True,
4020,self_attn,k_proj,,matmul,"[[B*T, d_model], [d_model, n_kv*d_head]]","[n_kv*d_head, d_model]",1,"[[B*T, n_kv*d_head]]","[4018, 4019]",35,self_attn,k_proj,2,model.layers.35.self_attn.k_proj,aten.mm.default,[model.layers.35.self_attn.k_proj.weight],prefill,False,
4021,self_attn,k_proj,,_unsafe_view,"[[B*T, n_kv*d_head]]",,,"[[B, T, n_kv*d_head]]",[4020],35,self_attn,k_proj,2,model.layers.35.self_attn.k_proj,aten._unsafe_view.default,[],prefill,True,
4022,self_attn,,,view,"[[B, T, n_kv*d_head]]",,,"[[B, T, n_kv, d_head]]",[4021],35,self_attn,,1,model.layers.35.self_attn,aten.view.default,[],prefill,True,
4023,self_attn,v_proj,,t,"[[n_kv*d_head, d_model]]","[n_kv*d_head, d_model]",0,"[[d_model, n_kv*d_head]]",[],35,self_attn,v_proj,2,model.layers.35.self_attn.v_proj,aten.t.default,[model.layers.35.self_attn.v_proj.weight],prefill,True,
4024,self_attn,v_proj,,view,"[[B, T, d_model]]",,,"[[B*T, d_model]]",[4012],35,self_attn,v_proj,2,model.layers.35.self_attn.v_proj,aten.view.default,[],prefill,True,
4025,self_attn,v_proj,,matmul,"[[B*T, d_model], [d_model, n_kv*d_head]]","[n_kv*d_head, d_model]",1,"[[B*T, n_kv*d_head]]","[4023, 4024]",35,self_attn,v_proj,2,model.layers.35.self_attn.v_proj,aten.mm.default,[model.layers.35.self_attn.v_proj.weight],prefill,False,
4026,self_attn,v_proj,,_unsafe_view,"[[B*T, n_kv*d_head]]",,,"[[B, T, n_kv*d_head]]",[4025],35,self_attn,v_proj,2,model.layers.35.self_attn.v_proj,aten._unsafe_view.default,[],prefill,True,
4027,self_attn,,,view,"[[B, T, n_kv*d_head]]",,,"[[B, T, n_kv, d_head]]",[4026],35,self_attn,,1,model.layers.35.self_attn,aten.view.default,[],prefill,True,
4028,self_attn,,,transpose,"[[B, T, n_kv, d_head]]",,,"[[B, n_kv, T, d_head]]",[4027],35,self_attn,,1,model.layers.35.self_attn,aten.transpose.int,[],prefill,True,
4029,self_attn,,,arange,[],,,[[T]],[],35,self_attn,,1,model.layers.35.self_attn,aten.arange.default,[],prefill,True,
4030,self_attn,,,elementwise_add,[[T]],,,[[T]],[4029],35,self_attn,,1,model.layers.35.self_attn,aten.add.Tensor,[],prefill,False,
4031,self_attn,,,_to_copy,[[T]],,,[[T]],[4030],35,self_attn,,1,model.layers.35.self_attn,aten._to_copy.default,[],prefill,True,
4032,self_attn,,,elementwise_add,[[T]],,,[[T]],[4031],35,self_attn,,1,model.layers.35.self_attn,aten.add.Tensor,[],prefill,False,
4033,self_attn,,,div,[[T]],,,[[T]],[4032],35,self_attn,,1,model.layers.35.self_attn,aten.div.Tensor,[],prefill,True,
4034,self_attn,,,floor,[[T]],,,[[T]],[4033],35,self_attn,,1,model.layers.35.self_attn,aten.floor.default,[],prefill,True,
4035,self_attn,,,log1p,[[T]],,,[[T]],[4034],35,self_attn,,1,model.layers.35.self_attn,aten.log1p.default,[],prefill,True,
4036,self_attn,,,elementwise_mul,[[T]],,,[[T]],[4035],35,self_attn,,1,model.layers.35.self_attn,aten.mul.Tensor,[],prefill,False,
4037,self_attn,,,elementwise_add,[[T]],,,[[T]],[4036],35,self_attn,,1,model.layers.35.self_attn,aten.add.Tensor,[],prefill,False,
4038,self_attn,,,view,[[T]],,,"[[1, T, 1, 1]]",[4037],35,self_attn,,1,model.layers.35.self_attn,aten.view.default,[],prefill,True,
4039,self_attn,,,expand,"[[1, T, 1, 1]]",,,"[[B, T, 1, 1]]",[4038],35,self_attn,,1,model.layers.35.self_attn,aten.expand.default,[],prefill,True,
4040,self_attn,,,elementwise_mul,"[[B, T, n_h, d_head], [B, T, 1, 1]]",,,"[[B, T, n_h, d_head]]","[4017, 4039]",35,self_attn,,1,model.layers.35.self_attn,aten.mul.Tensor,[],prefill,False,
4041,self_attn,,,_to_copy,"[[B, T, n_h, d_head]]",,,"[[B, T, n_h, d_head]]",[4040],35,self_attn,,1,model.layers.35.self_attn,aten._to_copy.default,[],prefill,True,
4042,self_attn,,,transpose,"[[B, T, n_h, d_head]]",,,"[[B, n_h, T, d_head]]",[4041],35,self_attn,,1,model.layers.35.self_attn,aten.transpose.int,[],prefill,True,
4043,self_attn,,,transpose,"[[B, T, n_kv, d_head]]",,,"[[B, n_kv, T, d_head]]",[4022],35,self_attn,,1,model.layers.35.self_attn,aten.transpose.int,[],prefill,True,
4044,self_attn,,,concat,"[[0], [B, n_kv, T, d_head]]",,,"[[B, n_kv, T, d_head]]",[4043],35,self_attn,,1,model.layers.35.self_attn,aten.cat.default,[],prefill,False,
4045,self_attn,,,concat,"[[0], [B, n_kv, T, d_head]]",,,"[[B, n_kv, T, d_head]]",[4028],35,self_attn,,1,model.layers.35.self_attn,aten.cat.default,[],prefill,False,
4046,self_attn,,,unsqueeze,"[[B, n_kv, T, d_head]]",,,"[[B, n_kv, 1, T, d_head]]",[4044],35,self_attn,,1,model.layers.35.self_attn,aten.unsqueeze.default,[],prefill,True,
4047,self_attn,,,expand,"[[B, n_kv, 1, T, d_head]]",,,"[[B, n_kv, n_h/n_kv, T, d_head]]",[4046],35,self_attn,,1,model.layers.35.self_attn,aten.expand.default,[],prefill,True,
4048,self_attn,,,clone,"[[B, n_kv, n_h/n_kv, T, d_head]]",,,"[[B, n_kv, n_h/n_kv, T, d_head]]",[4047],35,self_attn,,1,model.layers.35.self_attn,aten.clone.default,[],prefill,True,
4049,self_attn,,,_unsafe_view,"[[B, n_kv, n_h/n_kv, T, d_head]]",,,"[[B, n_h, T, d_head]]",[4048],35,self_attn,,1,model.layers.35.self_attn,aten._unsafe_view.default,[],prefill,True,
4050,self_attn,,,unsqueeze,"[[B, n_kv, T, d_head]]",,,"[[B, n_kv, 1, T, d_head]]",[4045],35,self_attn,,1,model.layers.35.self_attn,aten.unsqueeze.default,[],prefill,True,
4051,self_attn,,,expand,"[[B, n_kv, 1, T, d_head]]",,,"[[B, n_kv, n_h/n_kv, T, d_head]]",[4050],35,self_attn,,1,model.layers.35.self_attn,aten.expand.default,[],prefill,True,
4052,self_attn,,,clone,"[[B, n_kv, n_h/n_kv, T, d_head]]",,,"[[B, n_kv, n_h/n_kv, T, d_head]]",[4051],35,self_attn,,1,model.layers.35.self_attn,aten.clone.default,[],prefill,True,
4053,self_attn,,,_unsafe_view,"[[B, n_kv, n_h/n_kv, T, d_head]]",,,"[[B, n_h, T, d_head]]",[4052],35,self_attn,,1,model.layers.35.self_attn,aten._unsafe_view.default,[],prefill,True,
4054,self_attn,,,transpose,"[[B, n_h, T, d_head]]",,,"[[B, n_h, d_head, T]]",[4049],35,self_attn,,1,model.layers.35.self_attn,aten.transpose.int,[],prefill,True,
4055,self_attn,,,expand,"[[B, n_h, T, d_head]]",,,"[[B, n_h, T, d_head]]",[4042],35,self_attn,,1,model.layers.35.self_attn,aten.expand.default,[],prefill,True,
4056,self_attn,,,clone,"[[B, n_h, T, d_head]]",,,"[[B, n_h, T, d_head]]",[4055],35,self_attn,,1,model.layers.35.self_attn,aten.clone.default,[],prefill,True,
4057,self_attn,,,_unsafe_view,"[[B, n_h, T, d_head]]",,,"[[B*n_h, T, d_head]]",[4056],35,self_attn,,1,model.layers.35.self_attn,aten._unsafe_view.default,[],prefill,True,
4058,self_attn,,,expand,"[[B, n_h, d_head, T]]",,,"[[B, n_h, d_head, T]]",[4054],35,self_attn,,1,model.layers.35.self_attn,aten.expand.default,[],prefill,True,
4059,self_attn,,,view,"[[B, n_h, d_head, T]]",,,"[[B*n_h, d_head, T]]",[4058],35,self_attn,,1,model.layers.35.self_attn,aten.view.default,[],prefill,True,
4060,self_attn,,,batched_matmul,"[[B*n_h, T, d_head], [B*n_h, d_head, T]]",,,"[[B*n_h, T, T]]","[4057, 4059]",35,self_attn,,1,model.layers.35.self_attn,aten.bmm.default,[],prefill,False,
4061,self_attn,,,_unsafe_view,"[[B*n_h, T, T]]",,,"[[B, n_h, T, T]]",[4060],35,self_attn,,1,model.layers.35.self_attn,aten._unsafe_view.default,[],prefill,True,
4062,self_attn,,,elementwise_mul,"[[B, n_h, T, T]]",,,"[[B, n_h, T, T]]",[4061],35,self_attn,,1,model.layers.35.self_attn,aten.mul.Tensor,[],prefill,False,
4063,self_attn,,,elementwise_add,"[[B, n_h, T, T], [B, 1, T, T]]",,,"[[B, n_h, T, T]]","[58, 4062]",35,self_attn,,1,model.layers.35.self_attn,aten.add.Tensor,[],prefill,False,
4064,self_attn,,,softmax,"[[B, n_h, T, T]]",,,"[[B, n_h, T, T]]",[4063],35,self_attn,,1,model.layers.35.self_attn,aten._softmax.default,[],prefill,False,
4065,self_attn,,,expand,"[[B, n_h, T, T]]",,,"[[B, n_h, T, T]]",[4064],35,self_attn,,1,model.layers.35.self_attn,aten.expand.default,[],prefill,True,
4066,self_attn,,,view,"[[B, n_h, T, T]]",,,"[[B*n_h, T, T]]",[4065],35,self_attn,,1,model.layers.35.self_attn,aten.view.default,[],prefill,True,
4067,self_attn,,,expand,"[[B, n_h, T, d_head]]",,,"[[B, n_h, T, d_head]]",[4053],35,self_attn,,1,model.layers.35.self_attn,aten.expand.default,[],prefill,True,
4068,self_attn,,,view,"[[B, n_h, T, d_head]]",,,"[[B*n_h, T, d_head]]",[4067],35,self_attn,,1,model.layers.35.self_attn,aten.view.default,[],prefill,True,
4069,self_attn,,,batched_matmul,"[[B*n_h, T, T], [B*n_h, T, d_head]]",,,"[[B*n_h, T, d_head]]","[4066, 4068]",35,self_attn,,1,model.layers.35.self_attn,aten.bmm.default,[],prefill,False,
4070,self_attn,,,_unsafe_view,"[[B*n_h, T, d_head]]",,,"[[B, n_h, T, d_head]]",[4069],35,self_attn,,1,model.layers.35.self_attn,aten._unsafe_view.default,[],prefill,True,
4071,self_attn,,,transpose,"[[B, n_h, T, d_head]]",,,"[[B, T, n_h, d_head]]",[4070],35,self_attn,,1,model.layers.35.self_attn,aten.transpose.int,[],prefill,True,
4072,self_attn,,,clone,"[[B, T, n_h, d_head]]",,,"[[B, T, n_h, d_head]]",[4071],35,self_attn,,1,model.layers.35.self_attn,aten.clone.default,[],prefill,True,
4073,self_attn,,,view,"[[B, T, n_h, d_head]]",,,"[[B, T, n_h*d_head]]",[4072],35,self_attn,,1,model.layers.35.self_attn,aten.view.default,[],prefill,True,
4074,self_attn,o_proj,,t,"[[d_model, n_h*d_head]]","[d_model, n_h*d_head]",0,"[[n_h*d_head, d_model]]",[],35,self_attn,o_proj,2,model.layers.35.self_attn.o_proj,aten.t.default,[model.layers.35.self_attn.o_proj.weight],prefill,True,
4075,self_attn,o_proj,,view,"[[B, T, n_h*d_head]]",,,"[[B*T, n_h*d_head]]",[4073],35,self_attn,o_proj,2,model.layers.35.self_attn.o_proj,aten.view.default,[],prefill,True,
4076,self_attn,o_proj,,matmul,"[[B*T, n_h*d_head], [n_h*d_head, d_model]]","[d_model, n_h*d_head]",1,"[[B*T, d_model]]","[4074, 4075]",35,self_attn,o_proj,2,model.layers.35.self_attn.o_proj,aten.mm.default,[model.layers.35.self_attn.o_proj.weight],prefill,False,
4077,self_attn,o_proj,,_unsafe_view,"[[B*T, d_model]]",,,"[[B, T, d_model]]",[4076],35,self_attn,o_proj,2,model.layers.35.self_attn.o_proj,aten._unsafe_view.default,[],prefill,True,
4078,,,,elementwise_add,"[[B, T, d_model], [B, T, d_model]]",,,"[[B, T, d_model]]","[4004, 4077]",35,,,0,model.layers.35,aten.add.Tensor,[],prefill,False,
4079,post_attention_layernorm,,,_to_copy,"[[B, T, d_model]]",,,"[[B, T, d_model]]",[4078],35,post_attention_layernorm,,1,model.layers.35.post_attention_layernorm,aten._to_copy.default,[],prefill,True,
4080,post_attention_layernorm,,,pow,"[[B, T, d_model]]",,,"[[B, T, d_model]]",[4079],35,post_attention_layernorm,,1,model.layers.35.post_attention_layernorm,aten.pow.Tensor_Scalar,[],prefill,False,
4081,post_attention_layernorm,,,mean,"[[B, T, d_model]]",,,"[[B, T, 1]]",[4080],35,post_attention_layernorm,,1,model.layers.35.post_attention_layernorm,aten.mean.dim,[],prefill,False,
4082,post_attention_layernorm,,,elementwise_add,"[[B, T, 1]]",,,"[[B, T, 1]]",[4081],35,post_attention_layernorm,,1,model.layers.35.post_attention_layernorm,aten.add.Tensor,[],prefill,False,
4083,post_attention_layernorm,,,rsqrt,"[[B, T, 1]]",,,"[[B, T, 1]]",[4082],35,post_attention_layernorm,,1,model.layers.35.post_attention_layernorm,aten.rsqrt.default,[],prefill,False,
4084,post_attention_layernorm,,,elementwise_mul,"[[B, T, d_model], [B, T, 1]]",,,"[[B, T, d_model]]","[4079, 4083]",35,post_attention_layernorm,,1,model.layers.35.post_attention_layernorm,aten.mul.Tensor,[],prefill,False,
4085,post_attention_layernorm,,,_to_copy,"[[B, T, d_model]]",,,"[[B, T, d_model]]",[4084],35,post_attention_layernorm,,1,model.layers.35.post_attention_layernorm,aten._to_copy.default,[],prefill,True,
4086,post_attention_layernorm,,,elementwise_mul,"[[B, T, d_model], [d_model]]",,,"[[B, T, d_model]]",[4085],35,post_attention_layernorm,,1,model.layers.35.post_attention_layernorm,aten.mul.Tensor,[model.layers.35.post_attention_layernorm.weight],prefill,False,
4087,feed_forward,,,view,"[[B, T, d_model]]",,,"[[B*T, d_model]]",[4086],35,feed_forward,,1,model.layers.35.feed_forward,aten.view.default,[],prefill,True,
4088,feed_forward,router,,t,"[[E, d_model]]","[E, d_model]",0,"[[d_model, E]]",[],35,feed_forward,router,2,model.layers.35.feed_forward.router,aten.t.default,[model.layers.35.feed_forward.router.weight],prefill,True,
4089,feed_forward,router,,matmul,"[[B*T, d_model], [d_model, E]]","[E, d_model]",1,"[[B*T, E]]","[4087, 4088]",35,feed_forward,router,2,model.layers.35.feed_forward.router,aten.mm.default,[model.layers.35.feed_forward.router.weight],prefill,False,
4090,feed_forward,router,,topk,"[[B*T, E]]",,,"[[B*T, 1], [B*T, 1]]",[4089],35,feed_forward,router,2,model.layers.35.feed_forward.router,aten.topk.default,[],prefill,False,
4091,feed_forward,router,,full_like,"[[B*T, E]]",,,"[[B*T, E]]",[4089],35,feed_forward,router,2,model.layers.35.feed_forward.router,aten.full_like.default,[],prefill,True,
4092,feed_forward,router,,scatter_,"[[B*T, E], [B*T, 1], [B*T, 1]]",,,"[[B*T, E]]","[4090, 4091]",35,feed_forward,router,2,model.layers.35.feed_forward.router,aten.scatter_.src,[],prefill,True,
4093,feed_forward,router,,_to_copy,"[[B*T, E]]",,,"[[B*T, E]]",[4092],35,feed_forward,router,2,model.layers.35.feed_forward.router,aten._to_copy.default,[],prefill,True,
4094,feed_forward,router,,sigmoid,"[[B*T, E]]",,,"[[B*T, E]]",[4093],35,feed_forward,router,2,model.layers.35.feed_forward.router,aten.sigmoid.default,[],prefill,False,
4095,feed_forward,router,,_to_copy,"[[B*T, E]]",,,"[[B*T, E]]",[4094],35,feed_forward,router,2,model.layers.35.feed_forward.router,aten._to_copy.default,[],prefill,True,
4096,feed_forward,,,repeat,"[[B*T, d_model]]",,,"[[B*E*T, d_model]]",[4087],35,feed_forward,,1,model.layers.35.feed_forward,aten.repeat.default,[],prefill,True,
4097,feed_forward,,,transpose,"[[B*T, E]]",,,"[[E, B*T]]",[4095],35,feed_forward,,1,model.layers.35.feed_forward,aten.transpose.int,[],prefill,True,
4098,feed_forward,,,clone,"[[E, B*T]]",,,"[[E, B*T]]",[4097],35,feed_forward,,1,model.layers.35.feed_forward,aten.clone.default,[],prefill,True,
4099,feed_forward,,,_unsafe_view,"[[E, B*T]]",,,"[[B*E*T, 1]]",[4098],35,feed_forward,,1,model.layers.35.feed_forward,aten._unsafe_view.default,[],prefill,True,
4100,feed_forward,,,elementwise_mul,"[[B*E*T, d_model], [B*E*T, 1]]",,,"[[B*E*T, d_model]]","[4096, 4099]",35,feed_forward,,1,model.layers.35.feed_forward,aten.mul.Tensor,[],prefill,False,
4101,feed_forward,experts,,view,"[[B*E*T, d_model]]",,,"[[E, B*T, d_model]]",[4100],35,feed_forward,experts,2,model.layers.35.feed_forward.experts,aten.view.default,[],prefill,True,
4102,feed_forward,experts,,batched_matmul,"[[E, B*T, d_model], [E, d_model, 2*d_moe]]","[E, d_model, 2*d_moe]",1,"[[E, B*T, 2*d_moe]]",[4101],35,feed_forward,experts,2,model.layers.35.feed_forward.experts,aten.bmm.default,[model.layers.35.feed_forward.experts.gate_up_proj],prefill,False,
4103,feed_forward,experts,,split,"[[E, B*T, 2*d_moe]]",,,"[[E, B*T, d_moe], [E, B*T, d_moe]]",[4102],35,feed_forward,experts,2,model.layers.35.feed_forward.experts,aten.split.Tensor,[],prefill,True,
4104,feed_forward,experts,act_fn,silu,"[[E, B*T, d_moe]]",,,"[[E, B*T, d_moe]]",[4103],35,feed_forward,experts,3,model.layers.35.feed_forward.experts.act_fn,aten.silu.default,[],prefill,False,
4105,feed_forward,experts,,elementwise_mul,"[[E, B*T, d_moe], [E, B*T, d_moe]]",,,"[[E, B*T, d_moe]]","[4103, 4104]",35,feed_forward,experts,2,model.layers.35.feed_forward.experts,aten.mul.Tensor,[],prefill,False,
4106,feed_forward,experts,,batched_matmul,"[[E, B*T, d_moe], [E, d_moe, d_model]]","[E, d_moe, d_model]",1,"[[E, B*T, d_model]]",[4105],35,feed_forward,experts,2,model.layers.35.feed_forward.experts,aten.bmm.default,[model.layers.35.feed_forward.experts.down_proj],prefill,False,
4107,feed_forward,experts,,view,"[[E, B*T, d_model]]",,,"[[B*E*T, d_model]]",[4106],35,feed_forward,experts,2,model.layers.35.feed_forward.experts,aten.view.default,[],prefill,True,
4108,feed_forward,shared_expert,gate_proj,t,"[[d_moe, d_model]]","[d_moe, d_model]",0,"[[d_model, d_moe]]",[],35,feed_forward,shared_expert,3,model.layers.35.feed_forward.shared_expert.gate_proj,aten.t.default,[model.layers.35.feed_forward.shared_expert.gate_proj.weight],prefill,True,
4109,feed_forward,shared_expert,gate_proj,matmul,"[[B*T, d_model], [d_model, d_moe]]","[d_moe, d_model]",1,"[[B*T, d_moe]]","[4087, 4108]",35,feed_forward,shared_expert,3,model.layers.35.feed_forward.shared_expert.gate_proj,aten.mm.default,[model.layers.35.feed_forward.shared_expert.gate_proj.weight],prefill,False,
4110,feed_forward,shared_expert,activation_fn,silu,"[[B*T, d_moe]]",,,"[[B*T, d_moe]]",[4109],35,feed_forward,shared_expert,3,model.layers.35.feed_forward.shared_expert.activation_fn,aten.silu.default,[],prefill,False,
4111,feed_forward,shared_expert,up_proj,t,"[[d_moe, d_model]]","[d_moe, d_model]",0,"[[d_model, d_moe]]",[],35,feed_forward,shared_expert,3,model.layers.35.feed_forward.shared_expert.up_proj,aten.t.default,[model.layers.35.feed_forward.shared_expert.up_proj.weight],prefill,True,
4112,feed_forward,shared_expert,up_proj,matmul,"[[B*T, d_model], [d_model, d_moe]]","[d_moe, d_model]",1,"[[B*T, d_moe]]","[4087, 4111]",35,feed_forward,shared_expert,3,model.layers.35.feed_forward.shared_expert.up_proj,aten.mm.default,[model.layers.35.feed_forward.shared_expert.up_proj.weight],prefill,False,
4113,feed_forward,shared_expert,,elementwise_mul,"[[B*T, d_moe], [B*T, d_moe]]",,,"[[B*T, d_moe]]","[4110, 4112]",35,feed_forward,shared_expert,2,model.layers.35.feed_forward.shared_expert,aten.mul.Tensor,[],prefill,False,
4114,feed_forward,shared_expert,down_proj,t,"[[d_model, d_moe]]","[d_model, d_moe]",0,"[[d_moe, d_model]]",[],35,feed_forward,shared_expert,3,model.layers.35.feed_forward.shared_expert.down_proj,aten.t.default,[model.layers.35.feed_forward.shared_expert.down_proj.weight],prefill,True,
4115,feed_forward,shared_expert,down_proj,matmul,"[[B*T, d_moe], [d_moe, d_model]]","[d_model, d_moe]",1,"[[B*T, d_model]]","[4113, 4114]",35,feed_forward,shared_expert,3,model.layers.35.feed_forward.shared_expert.down_proj,aten.mm.default,[model.layers.35.feed_forward.shared_expert.down_proj.weight],prefill,False,
4116,feed_forward,,,view,"[[B*E*T, d_model]]",,,"[[E, B*T, d_model]]",[4107],35,feed_forward,,1,model.layers.35.feed_forward,aten.view.default,[],prefill,True,
4117,feed_forward,,,sum,"[[E, B*T, d_model]]",,,"[[B*T, d_model]]",[4116],35,feed_forward,,1,model.layers.35.feed_forward,aten.sum.dim_IntList,[],prefill,True,
4118,feed_forward,,,add_,"[[B*T, d_model], [B*T, d_model]]",,,"[[B*T, d_model]]","[4115, 4117]",35,feed_forward,,1,model.layers.35.feed_forward,aten.add_.Tensor,[],prefill,True,
4119,,,,view,"[[B*T, d_model]]",,,"[[B, T, d_model]]",[4118],35,,,0,model.layers.35,aten.view.default,[],prefill,True,
4120,,,,elementwise_add,"[[B, T, d_model], [B, T, d_model]]",,,"[[B, T, d_model]]","[4078, 4119]",35,,,0,model.layers.35,aten.add.Tensor,[],prefill,False,
4121,input_layernorm,,,_to_copy,"[[B, T, d_model]]",,,"[[B, T, d_model]]",[4120],36,input_layernorm,,1,model.layers.36.input_layernorm,aten._to_copy.default,[],prefill,True,
4122,input_layernorm,,,pow,"[[B, T, d_model]]",,,"[[B, T, d_model]]",[4121],36,input_layernorm,,1,model.layers.36.input_layernorm,aten.pow.Tensor_Scalar,[],prefill,False,
4123,input_layernorm,,,mean,"[[B, T, d_model]]",,,"[[B, T, 1]]",[4122],36,input_layernorm,,1,model.layers.36.input_layernorm,aten.mean.dim,[],prefill,False,
4124,input_layernorm,,,elementwise_add,"[[B, T, 1]]",,,"[[B, T, 1]]",[4123],36,input_layernorm,,1,model.layers.36.input_layernorm,aten.add.Tensor,[],prefill,False,
4125,input_layernorm,,,rsqrt,"[[B, T, 1]]",,,"[[B, T, 1]]",[4124],36,input_layernorm,,1,model.layers.36.input_layernorm,aten.rsqrt.default,[],prefill,False,
4126,input_layernorm,,,elementwise_mul,"[[B, T, d_model], [B, T, 1]]",,,"[[B, T, d_model]]","[4121, 4125]",36,input_layernorm,,1,model.layers.36.input_layernorm,aten.mul.Tensor,[],prefill,False,
4127,input_layernorm,,,_to_copy,"[[B, T, d_model]]",,,"[[B, T, d_model]]",[4126],36,input_layernorm,,1,model.layers.36.input_layernorm,aten._to_copy.default,[],prefill,True,
4128,input_layernorm,,,elementwise_mul,"[[B, T, d_model], [d_model]]",,,"[[B, T, d_model]]",[4127],36,input_layernorm,,1,model.layers.36.input_layernorm,aten.mul.Tensor,[model.layers.36.input_layernorm.weight],prefill,False,
4129,self_attn,q_proj,,t,"[[n_h*d_head, d_model]]","[n_h*d_head, d_model]",0,"[[d_model, n_h*d_head]]",[],36,self_attn,q_proj,2,model.layers.36.self_attn.q_proj,aten.t.default,[model.layers.36.self_attn.q_proj.weight],prefill,True,
4130,self_attn,q_proj,,view,"[[B, T, d_model]]",,,"[[B*T, d_model]]",[4128],36,self_attn,q_proj,2,model.layers.36.self_attn.q_proj,aten.view.default,[],prefill,True,
4131,self_attn,q_proj,,matmul,"[[B*T, d_model], [d_model, n_h*d_head]]","[n_h*d_head, d_model]",1,"[[B*T, n_h*d_head]]","[4129, 4130]",36,self_attn,q_proj,2,model.layers.36.self_attn.q_proj,aten.mm.default,[model.layers.36.self_attn.q_proj.weight],prefill,False,
4132,self_attn,q_proj,,_unsafe_view,"[[B*T, n_h*d_head]]",,,"[[B, T, n_h*d_head]]",[4131],36,self_attn,q_proj,2,model.layers.36.self_attn.q_proj,aten._unsafe_view.default,[],prefill,True,
4133,self_attn,,,view,"[[B, T, n_h*d_head]]",,,"[[B, T, n_h, d_head]]",[4132],36,self_attn,,1,model.layers.36.self_attn,aten.view.default,[],prefill,True,
4134,self_attn,k_proj,,t,"[[n_kv*d_head, d_model]]","[n_kv*d_head, d_model]",0,"[[d_model, n_kv*d_head]]",[],36,self_attn,k_proj,2,model.layers.36.self_attn.k_proj,aten.t.default,[model.layers.36.self_attn.k_proj.weight],prefill,True,
4135,self_attn,k_proj,,view,"[[B, T, d_model]]",,,"[[B*T, d_model]]",[4128],36,self_attn,k_proj,2,model.layers.36.self_attn.k_proj,aten.view.default,[],prefill,True,
4136,self_attn,k_proj,,matmul,"[[B*T, d_model], [d_model, n_kv*d_head]]","[n_kv*d_head, d_model]",1,"[[B*T, n_kv*d_head]]","[4134, 4135]",36,self_attn,k_proj,2,model.layers.36.self_attn.k_proj,aten.mm.default,[model.layers.36.self_attn.k_proj.weight],prefill,False,
4137,self_attn,k_proj,,_unsafe_view,"[[B*T, n_kv*d_head]]",,,"[[B, T, n_kv*d_head]]",[4136],36,self_attn,k_proj,2,model.layers.36.self_attn.k_proj,aten._unsafe_view.default,[],prefill,True,
4138,self_attn,,,view,"[[B, T, n_kv*d_head]]",,,"[[B, T, n_kv, d_head]]",[4137],36,self_attn,,1,model.layers.36.self_attn,aten.view.default,[],prefill,True,
4139,self_attn,v_proj,,t,"[[n_kv*d_head, d_model]]","[n_kv*d_head, d_model]",0,"[[d_model, n_kv*d_head]]",[],36,self_attn,v_proj,2,model.layers.36.self_attn.v_proj,aten.t.default,[model.layers.36.self_attn.v_proj.weight],prefill,True,
4140,self_attn,v_proj,,view,"[[B, T, d_model]]",,,"[[B*T, d_model]]",[4128],36,self_attn,v_proj,2,model.layers.36.self_attn.v_proj,aten.view.default,[],prefill,True,
4141,self_attn,v_proj,,matmul,"[[B*T, d_model], [d_model, n_kv*d_head]]","[n_kv*d_head, d_model]",1,"[[B*T, n_kv*d_head]]","[4139, 4140]",36,self_attn,v_proj,2,model.layers.36.self_attn.v_proj,aten.mm.default,[model.layers.36.self_attn.v_proj.weight],prefill,False,
4142,self_attn,v_proj,,_unsafe_view,"[[B*T, n_kv*d_head]]",,,"[[B, T, n_kv*d_head]]",[4141],36,self_attn,v_proj,2,model.layers.36.self_attn.v_proj,aten._unsafe_view.default,[],prefill,True,
4143,self_attn,,,view,"[[B, T, n_kv*d_head]]",,,"[[B, T, n_kv, d_head]]",[4142],36,self_attn,,1,model.layers.36.self_attn,aten.view.default,[],prefill,True,
4144,self_attn,,,transpose,"[[B, T, n_kv, d_head]]",,,"[[B, n_kv, T, d_head]]",[4143],36,self_attn,,1,model.layers.36.self_attn,aten.transpose.int,[],prefill,True,
4145,self_attn,,,_to_copy,"[[B, T, n_h, d_head]]",,,"[[B, T, n_h, d_head]]",[4133],36,self_attn,,1,model.layers.36.self_attn,aten._to_copy.default,[],prefill,True,
4146,self_attn,,,view,"[[B, T, n_h, d_head]]",,,"[[B, T, n_h, d_head/2, 2]]",[4145],36,self_attn,,1,model.layers.36.self_attn,aten.view.default,[],prefill,True,
4147,self_attn,,,view_as_complex,"[[B, T, n_h, d_head/2, 2]]",,,"[[B, T, n_h, d_head/2]]",[4146],36,self_attn,,1,model.layers.36.self_attn,aten.view_as_complex.default,[],prefill,True,
4148,self_attn,,,_to_copy,"[[B, T, n_kv, d_head]]",,,"[[B, T, n_kv, d_head]]",[4138],36,self_attn,,1,model.layers.36.self_attn,aten._to_copy.default,[],prefill,True,
4149,self_attn,,,view,"[[B, T, n_kv, d_head]]",,,"[[B, T, n_kv, d_head/2, 2]]",[4148],36,self_attn,,1,model.layers.36.self_attn,aten.view.default,[],prefill,True,
4150,self_attn,,,view_as_complex,"[[B, T, n_kv, d_head/2, 2]]",,,"[[B, T, n_kv, d_head/2]]",[4149],36,self_attn,,1,model.layers.36.self_attn,aten.view_as_complex.default,[],prefill,True,
4151,self_attn,,,unsqueeze,"[[B, T, d_head/2]]",,,"[[B, T, 1, d_head/2]]",[106],36,self_attn,,1,model.layers.36.self_attn,aten.unsqueeze.default,[],prefill,True,
4152,self_attn,,,elementwise_mul,"[[B, T, n_h, d_head/2], [B, T, 1, d_head/2]]",,,"[[B, T, n_h, d_head/2]]","[4147, 4151]",36,self_attn,,1,model.layers.36.self_attn,aten.mul.Tensor,[],prefill,False,
4153,self_attn,,,view_as_real,"[[B, T, n_h, d_head/2]]",,,"[[B, T, n_h, d_head/2, 2]]",[4152],36,self_attn,,1,model.layers.36.self_attn,aten.view_as_real.default,[],prefill,True,
4154,self_attn,,,view,"[[B, T, n_h, d_head/2, 2]]",,,"[[B, T, n_h, d_head]]",[4153],36,self_attn,,1,model.layers.36.self_attn,aten.view.default,[],prefill,True,
4155,self_attn,,,unsqueeze,"[[B, T, d_head/2]]",,,"[[B, T, 1, d_head/2]]",[106],36,self_attn,,1,model.layers.36.self_attn,aten.unsqueeze.default,[],prefill,True,
4156,self_attn,,,elementwise_mul,"[[B, T, n_kv, d_head/2], [B, T, 1, d_head/2]]",,,"[[B, T, n_kv, d_head/2]]","[4150, 4155]",36,self_attn,,1,model.layers.36.self_attn,aten.mul.Tensor,[],prefill,False,
4157,self_attn,,,view_as_real,"[[B, T, n_kv, d_head/2]]",,,"[[B, T, n_kv, d_head/2, 2]]",[4156],36,self_attn,,1,model.layers.36.self_attn,aten.view_as_real.default,[],prefill,True,
4158,self_attn,,,view,"[[B, T, n_kv, d_head/2, 2]]",,,"[[B, T, n_kv, d_head]]",[4157],36,self_attn,,1,model.layers.36.self_attn,aten.view.default,[],prefill,True,
4159,self_attn,,,_to_copy,"[[B, T, n_h, d_head]]",,,"[[B, T, n_h, d_head]]",[4154],36,self_attn,,1,model.layers.36.self_attn,aten._to_copy.default,[],prefill,True,
4160,self_attn,,,_to_copy,"[[B, T, n_kv, d_head]]",,,"[[B, T, n_kv, d_head]]",[4158],36,self_attn,,1,model.layers.36.self_attn,aten._to_copy.default,[],prefill,True,
4161,self_attn,,,transpose,"[[B, T, n_h, d_head]]",,,"[[B, n_h, T, d_head]]",[4159],36,self_attn,,1,model.layers.36.self_attn,aten.transpose.int,[],prefill,True,
4162,self_attn,,,transpose,"[[B, T, n_kv, d_head]]",,,"[[B, n_kv, T, d_head]]",[4160],36,self_attn,,1,model.layers.36.self_attn,aten.transpose.int,[],prefill,True,
4163,self_attn,,,_to_copy,[[]],,,[[]],[28],36,self_attn,,1,model.layers.36.self_attn,aten._to_copy.default,[],prefill,True,
4164,self_attn,,,concat,"[[0], [B, n_kv, T, d_head]]",,,"[[B, n_kv, T, d_head]]",[4162],36,self_attn,,1,model.layers.36.self_attn,aten.cat.default,[],prefill,False,
4165,self_attn,,,concat,"[[0], [B, n_kv, T, d_head]]",,,"[[B, n_kv, T, d_head]]",[4144],36,self_attn,,1,model.layers.36.self_attn,aten.cat.default,[],prefill,False,
4166,self_attn,,,slice,"[[B, n_kv, T, d_head]]",,,"[[B, n_kv, T, d_head]]",[4164],36,self_attn,,1,model.layers.36.self_attn,aten.slice.Tensor,[],prefill,True,
4167,self_attn,,,slice,"[[B, n_kv, T, d_head]]",,,"[[B, n_kv, T, d_head]]",[4165],36,self_attn,,1,model.layers.36.self_attn,aten.slice.Tensor,[],prefill,True,
4168,self_attn,,,unsqueeze,"[[B, n_kv, T, d_head]]",,,"[[B, n_kv, 1, T, d_head]]",[4164],36,self_attn,,1,model.layers.36.self_attn,aten.unsqueeze.default,[],prefill,True,
4169,self_attn,,,expand,"[[B, n_kv, 1, T, d_head]]",,,"[[B, n_kv, n_h/n_kv, T, d_head]]",[4168],36,self_attn,,1,model.layers.36.self_attn,aten.expand.default,[],prefill,True,
4170,self_attn,,,clone,"[[B, n_kv, n_h/n_kv, T, d_head]]",,,"[[B, n_kv, n_h/n_kv, T, d_head]]",[4169],36,self_attn,,1,model.layers.36.self_attn,aten.clone.default,[],prefill,True,
4171,self_attn,,,_unsafe_view,"[[B, n_kv, n_h/n_kv, T, d_head]]",,,"[[B, n_h, T, d_head]]",[4170],36,self_attn,,1,model.layers.36.self_attn,aten._unsafe_view.default,[],prefill,True,
4172,self_attn,,,unsqueeze,"[[B, n_kv, T, d_head]]",,,"[[B, n_kv, 1, T, d_head]]",[4165],36,self_attn,,1,model.layers.36.self_attn,aten.unsqueeze.default,[],prefill,True,
4173,self_attn,,,expand,"[[B, n_kv, 1, T, d_head]]",,,"[[B, n_kv, n_h/n_kv, T, d_head]]",[4172],36,self_attn,,1,model.layers.36.self_attn,aten.expand.default,[],prefill,True,
4174,self_attn,,,clone,"[[B, n_kv, n_h/n_kv, T, d_head]]",,,"[[B, n_kv, n_h/n_kv, T, d_head]]",[4173],36,self_attn,,1,model.layers.36.self_attn,aten.clone.default,[],prefill,True,
4175,self_attn,,,_unsafe_view,"[[B, n_kv, n_h/n_kv, T, d_head]]",,,"[[B, n_h, T, d_head]]",[4174],36,self_attn,,1,model.layers.36.self_attn,aten._unsafe_view.default,[],prefill,True,
4176,self_attn,,,transpose,"[[B, n_h, T, d_head]]",,,"[[B, n_h, d_head, T]]",[4171],36,self_attn,,1,model.layers.36.self_attn,aten.transpose.int,[],prefill,True,
4177,self_attn,,,expand,"[[B, n_h, T, d_head]]",,,"[[B, n_h, T, d_head]]",[4161],36,self_attn,,1,model.layers.36.self_attn,aten.expand.default,[],prefill,True,
4178,self_attn,,,clone,"[[B, n_h, T, d_head]]",,,"[[B, n_h, T, d_head]]",[4177],36,self_attn,,1,model.layers.36.self_attn,aten.clone.default,[],prefill,True,
4179,self_attn,,,_unsafe_view,"[[B, n_h, T, d_head]]",,,"[[B*n_h, T, d_head]]",[4178],36,self_attn,,1,model.layers.36.self_attn,aten._unsafe_view.default,[],prefill,True,
4180,self_attn,,,expand,"[[B, n_h, d_head, T]]",,,"[[B, n_h, d_head, T]]",[4176],36,self_attn,,1,model.layers.36.self_attn,aten.expand.default,[],prefill,True,
4181,self_attn,,,view,"[[B, n_h, d_head, T]]",,,"[[B*n_h, d_head, T]]",[4180],36,self_attn,,1,model.layers.36.self_attn,aten.view.default,[],prefill,True,
4182,self_attn,,,batched_matmul,"[[B*n_h, T, d_head], [B*n_h, d_head, T]]",,,"[[B*n_h, T, T]]","[4179, 4181]",36,self_attn,,1,model.layers.36.self_attn,aten.bmm.default,[],prefill,False,
4183,self_attn,,,_unsafe_view,"[[B*n_h, T, T]]",,,"[[B, n_h, T, T]]",[4182],36,self_attn,,1,model.layers.36.self_attn,aten._unsafe_view.default,[],prefill,True,
4184,self_attn,,,elementwise_mul,"[[B, n_h, T, T]]",,,"[[B, n_h, T, T]]",[4183],36,self_attn,,1,model.layers.36.self_attn,aten.mul.Tensor,[],prefill,False,
4185,self_attn,,,elementwise_add,"[[B, n_h, T, T], [B, 1, T, T]]",,,"[[B, n_h, T, T]]","[91, 4184]",36,self_attn,,1,model.layers.36.self_attn,aten.add.Tensor,[],prefill,False,
4186,self_attn,,,softmax,"[[B, n_h, T, T]]",,,"[[B, n_h, T, T]]",[4185],36,self_attn,,1,model.layers.36.self_attn,aten._softmax.default,[],prefill,False,
4187,self_attn,,,expand,"[[B, n_h, T, T]]",,,"[[B, n_h, T, T]]",[4186],36,self_attn,,1,model.layers.36.self_attn,aten.expand.default,[],prefill,True,
4188,self_attn,,,view,"[[B, n_h, T, T]]",,,"[[B*n_h, T, T]]",[4187],36,self_attn,,1,model.layers.36.self_attn,aten.view.default,[],prefill,True,
4189,self_attn,,,expand,"[[B, n_h, T, d_head]]",,,"[[B, n_h, T, d_head]]",[4175],36,self_attn,,1,model.layers.36.self_attn,aten.expand.default,[],prefill,True,
4190,self_attn,,,view,"[[B, n_h, T, d_head]]",,,"[[B*n_h, T, d_head]]",[4189],36,self_attn,,1,model.layers.36.self_attn,aten.view.default,[],prefill,True,
4191,self_attn,,,batched_matmul,"[[B*n_h, T, T], [B*n_h, T, d_head]]",,,"[[B*n_h, T, d_head]]","[4188, 4190]",36,self_attn,,1,model.layers.36.self_attn,aten.bmm.default,[],prefill,False,
4192,self_attn,,,_unsafe_view,"[[B*n_h, T, d_head]]",,,"[[B, n_h, T, d_head]]",[4191],36,self_attn,,1,model.layers.36.self_attn,aten._unsafe_view.default,[],prefill,True,
4193,self_attn,,,transpose,"[[B, n_h, T, d_head]]",,,"[[B, T, n_h, d_head]]",[4192],36,self_attn,,1,model.layers.36.self_attn,aten.transpose.int,[],prefill,True,
4194,self_attn,,,clone,"[[B, T, n_h, d_head]]",,,"[[B, T, n_h, d_head]]",[4193],36,self_attn,,1,model.layers.36.self_attn,aten.clone.default,[],prefill,True,
4195,self_attn,,,view,"[[B, T, n_h, d_head]]",,,"[[B, T, n_h*d_head]]",[4194],36,self_attn,,1,model.layers.36.self_attn,aten.view.default,[],prefill,True,
4196,self_attn,o_proj,,t,"[[d_model, n_h*d_head]]","[d_model, n_h*d_head]",0,"[[n_h*d_head, d_model]]",[],36,self_attn,o_proj,2,model.layers.36.self_attn.o_proj,aten.t.default,[model.layers.36.self_attn.o_proj.weight],prefill,True,
4197,self_attn,o_proj,,view,"[[B, T, n_h*d_head]]",,,"[[B*T, n_h*d_head]]",[4195],36,self_attn,o_proj,2,model.layers.36.self_attn.o_proj,aten.view.default,[],prefill,True,
4198,self_attn,o_proj,,matmul,"[[B*T, n_h*d_head], [n_h*d_head, d_model]]","[d_model, n_h*d_head]",1,"[[B*T, d_model]]","[4196, 4197]",36,self_attn,o_proj,2,model.layers.36.self_attn.o_proj,aten.mm.default,[model.layers.36.self_attn.o_proj.weight],prefill,False,
4199,self_attn,o_proj,,_unsafe_view,"[[B*T, d_model]]",,,"[[B, T, d_model]]",[4198],36,self_attn,o_proj,2,model.layers.36.self_attn.o_proj,aten._unsafe_view.default,[],prefill,True,
4200,,,,elementwise_add,"[[B, T, d_model], [B, T, d_model]]",,,"[[B, T, d_model]]","[4120, 4199]",36,,,0,model.layers.36,aten.add.Tensor,[],prefill,False,
4201,post_attention_layernorm,,,_to_copy,"[[B, T, d_model]]",,,"[[B, T, d_model]]",[4200],36,post_attention_layernorm,,1,model.layers.36.post_attention_layernorm,aten._to_copy.default,[],prefill,True,
4202,post_attention_layernorm,,,pow,"[[B, T, d_model]]",,,"[[B, T, d_model]]",[4201],36,post_attention_layernorm,,1,model.layers.36.post_attention_layernorm,aten.pow.Tensor_Scalar,[],prefill,False,
4203,post_attention_layernorm,,,mean,"[[B, T, d_model]]",,,"[[B, T, 1]]",[4202],36,post_attention_layernorm,,1,model.layers.36.post_attention_layernorm,aten.mean.dim,[],prefill,False,
4204,post_attention_layernorm,,,elementwise_add,"[[B, T, 1]]",,,"[[B, T, 1]]",[4203],36,post_attention_layernorm,,1,model.layers.36.post_attention_layernorm,aten.add.Tensor,[],prefill,False,
4205,post_attention_layernorm,,,rsqrt,"[[B, T, 1]]",,,"[[B, T, 1]]",[4204],36,post_attention_layernorm,,1,model.layers.36.post_attention_layernorm,aten.rsqrt.default,[],prefill,False,
4206,post_attention_layernorm,,,elementwise_mul,"[[B, T, d_model], [B, T, 1]]",,,"[[B, T, d_model]]","[4201, 4205]",36,post_attention_layernorm,,1,model.layers.36.post_attention_layernorm,aten.mul.Tensor,[],prefill,False,
4207,post_attention_layernorm,,,_to_copy,"[[B, T, d_model]]",,,"[[B, T, d_model]]",[4206],36,post_attention_layernorm,,1,model.layers.36.post_attention_layernorm,aten._to_copy.default,[],prefill,True,
4208,post_attention_layernorm,,,elementwise_mul,"[[B, T, d_model], [d_model]]",,,"[[B, T, d_model]]",[4207],36,post_attention_layernorm,,1,model.layers.36.post_attention_layernorm,aten.mul.Tensor,[model.layers.36.post_attention_layernorm.weight],prefill,False,
4209,feed_forward,gate_proj,,t,"[[d_ff, d_model]]","[d_ff, d_model]",0,"[[d_model, d_ff]]",[],36,feed_forward,gate_proj,2,model.layers.36.feed_forward.gate_proj,aten.t.default,[model.layers.36.feed_forward.gate_proj.weight],prefill,True,
4210,feed_forward,gate_proj,,view,"[[B, T, d_model]]",,,"[[B*T, d_model]]",[4208],36,feed_forward,gate_proj,2,model.layers.36.feed_forward.gate_proj,aten.view.default,[],prefill,True,
4211,feed_forward,gate_proj,,matmul,"[[B*T, d_model], [d_model, d_ff]]","[d_ff, d_model]",1,"[[B*T, d_ff]]","[4209, 4210]",36,feed_forward,gate_proj,2,model.layers.36.feed_forward.gate_proj,aten.mm.default,[model.layers.36.feed_forward.gate_proj.weight],prefill,False,
4212,feed_forward,gate_proj,,_unsafe_view,"[[B*T, d_ff]]",,,"[[B, T, d_ff]]",[4211],36,feed_forward,gate_proj,2,model.layers.36.feed_forward.gate_proj,aten._unsafe_view.default,[],prefill,True,
4213,feed_forward,activation_fn,,silu,"[[B, T, d_ff]]",,,"[[B, T, d_ff]]",[4212],36,feed_forward,activation_fn,2,model.layers.36.feed_forward.activation_fn,aten.silu.default,[],prefill,False,
4214,feed_forward,up_proj,,t,"[[d_ff, d_model]]","[d_ff, d_model]",0,"[[d_model, d_ff]]",[],36,feed_forward,up_proj,2,model.layers.36.feed_forward.up_proj,aten.t.default,[model.layers.36.feed_forward.up_proj.weight],prefill,True,
4215,feed_forward,up_proj,,view,"[[B, T, d_model]]",,,"[[B*T, d_model]]",[4208],36,feed_forward,up_proj,2,model.layers.36.feed_forward.up_proj,aten.view.default,[],prefill,True,
4216,feed_forward,up_proj,,matmul,"[[B*T, d_model], [d_model, d_ff]]","[d_ff, d_model]",1,"[[B*T, d_ff]]","[4214, 4215]",36,feed_forward,up_proj,2,model.layers.36.feed_forward.up_proj,aten.mm.default,[model.layers.36.feed_forward.up_proj.weight],prefill,False,
4217,feed_forward,up_proj,,_unsafe_view,"[[B*T, d_ff]]",,,"[[B, T, d_ff]]",[4216],36,feed_forward,up_proj,2,model.layers.36.feed_forward.up_proj,aten._unsafe_view.default,[],prefill,True,
4218,feed_forward,,,elementwise_mul,"[[B, T, d_ff], [B, T, d_ff]]",,,"[[B, T, d_ff]]","[4213, 4217]",36,feed_forward,,1,model.layers.36.feed_forward,aten.mul.Tensor,[],prefill,False,
4219,feed_forward,down_proj,,t,"[[d_model, d_ff]]","[d_model, d_ff]",0,"[[d_ff, d_model]]",[],36,feed_forward,down_proj,2,model.layers.36.feed_forward.down_proj,aten.t.default,[model.layers.36.feed_forward.down_proj.weight],prefill,True,
4220,feed_forward,down_proj,,view,"[[B, T, d_ff]]",,,"[[B*T, d_ff]]",[4218],36,feed_forward,down_proj,2,model.layers.36.feed_forward.down_proj,aten.view.default,[],prefill,True,
4221,feed_forward,down_proj,,matmul,"[[B*T, d_ff], [d_ff, d_model]]","[d_model, d_ff]",1,"[[B*T, d_model]]","[4219, 4220]",36,feed_forward,down_proj,2,model.layers.36.feed_forward.down_proj,aten.mm.default,[model.layers.36.feed_forward.down_proj.weight],prefill,False,
4222,feed_forward,down_proj,,_unsafe_view,"[[B*T, d_model]]",,,"[[B, T, d_model]]",[4221],36,feed_forward,down_proj,2,model.layers.36.feed_forward.down_proj,aten._unsafe_view.default,[],prefill,True,
4223,,,,view,"[[B, T, d_model]]",,,"[[B, T, d_model]]",[4222],36,,,0,model.layers.36,aten.view.default,[],prefill,True,
4224,,,,elementwise_add,"[[B, T, d_model], [B, T, d_model]]",,,"[[B, T, d_model]]","[4200, 4223]",36,,,0,model.layers.36,aten.add.Tensor,[],prefill,False,
4225,input_layernorm,,,_to_copy,"[[B, T, d_model]]",,,"[[B, T, d_model]]",[4224],37,input_layernorm,,1,model.layers.37.input_layernorm,aten._to_copy.default,[],prefill,True,
4226,input_layernorm,,,pow,"[[B, T, d_model]]",,,"[[B, T, d_model]]",[4225],37,input_layernorm,,1,model.layers.37.input_layernorm,aten.pow.Tensor_Scalar,[],prefill,False,
4227,input_layernorm,,,mean,"[[B, T, d_model]]",,,"[[B, T, 1]]",[4226],37,input_layernorm,,1,model.layers.37.input_layernorm,aten.mean.dim,[],prefill,False,
4228,input_layernorm,,,elementwise_add,"[[B, T, 1]]",,,"[[B, T, 1]]",[4227],37,input_layernorm,,1,model.layers.37.input_layernorm,aten.add.Tensor,[],prefill,False,
4229,input_layernorm,,,rsqrt,"[[B, T, 1]]",,,"[[B, T, 1]]",[4228],37,input_layernorm,,1,model.layers.37.input_layernorm,aten.rsqrt.default,[],prefill,False,
4230,input_layernorm,,,elementwise_mul,"[[B, T, d_model], [B, T, 1]]",,,"[[B, T, d_model]]","[4225, 4229]",37,input_layernorm,,1,model.layers.37.input_layernorm,aten.mul.Tensor,[],prefill,False,
4231,input_layernorm,,,_to_copy,"[[B, T, d_model]]",,,"[[B, T, d_model]]",[4230],37,input_layernorm,,1,model.layers.37.input_layernorm,aten._to_copy.default,[],prefill,True,
4232,input_layernorm,,,elementwise_mul,"[[B, T, d_model], [d_model]]",,,"[[B, T, d_model]]",[4231],37,input_layernorm,,1,model.layers.37.input_layernorm,aten.mul.Tensor,[model.layers.37.input_layernorm.weight],prefill,False,
4233,self_attn,q_proj,,t,"[[n_h*d_head, d_model]]","[n_h*d_head, d_model]",0,"[[d_model, n_h*d_head]]",[],37,self_attn,q_proj,2,model.layers.37.self_attn.q_proj,aten.t.default,[model.layers.37.self_attn.q_proj.weight],prefill,True,
4234,self_attn,q_proj,,view,"[[B, T, d_model]]",,,"[[B*T, d_model]]",[4232],37,self_attn,q_proj,2,model.layers.37.self_attn.q_proj,aten.view.default,[],prefill,True,
4235,self_attn,q_proj,,matmul,"[[B*T, d_model], [d_model, n_h*d_head]]","[n_h*d_head, d_model]",1,"[[B*T, n_h*d_head]]","[4233, 4234]",37,self_attn,q_proj,2,model.layers.37.self_attn.q_proj,aten.mm.default,[model.layers.37.self_attn.q_proj.weight],prefill,False,
4236,self_attn,q_proj,,_unsafe_view,"[[B*T, n_h*d_head]]",,,"[[B, T, n_h*d_head]]",[4235],37,self_attn,q_proj,2,model.layers.37.self_attn.q_proj,aten._unsafe_view.default,[],prefill,True,
4237,self_attn,,,view,"[[B, T, n_h*d_head]]",,,"[[B, T, n_h, d_head]]",[4236],37,self_attn,,1,model.layers.37.self_attn,aten.view.default,[],prefill,True,
4238,self_attn,k_proj,,t,"[[n_kv*d_head, d_model]]","[n_kv*d_head, d_model]",0,"[[d_model, n_kv*d_head]]",[],37,self_attn,k_proj,2,model.layers.37.self_attn.k_proj,aten.t.default,[model.layers.37.self_attn.k_proj.weight],prefill,True,
4239,self_attn,k_proj,,view,"[[B, T, d_model]]",,,"[[B*T, d_model]]",[4232],37,self_attn,k_proj,2,model.layers.37.self_attn.k_proj,aten.view.default,[],prefill,True,
4240,self_attn,k_proj,,matmul,"[[B*T, d_model], [d_model, n_kv*d_head]]","[n_kv*d_head, d_model]",1,"[[B*T, n_kv*d_head]]","[4238, 4239]",37,self_attn,k_proj,2,model.layers.37.self_attn.k_proj,aten.mm.default,[model.layers.37.self_attn.k_proj.weight],prefill,False,
4241,self_attn,k_proj,,_unsafe_view,"[[B*T, n_kv*d_head]]",,,"[[B, T, n_kv*d_head]]",[4240],37,self_attn,k_proj,2,model.layers.37.self_attn.k_proj,aten._unsafe_view.default,[],prefill,True,
4242,self_attn,,,view,"[[B, T, n_kv*d_head]]",,,"[[B, T, n_kv, d_head]]",[4241],37,self_attn,,1,model.layers.37.self_attn,aten.view.default,[],prefill,True,
4243,self_attn,v_proj,,t,"[[n_kv*d_head, d_model]]","[n_kv*d_head, d_model]",0,"[[d_model, n_kv*d_head]]",[],37,self_attn,v_proj,2,model.layers.37.self_attn.v_proj,aten.t.default,[model.layers.37.self_attn.v_proj.weight],prefill,True,
4244,self_attn,v_proj,,view,"[[B, T, d_model]]",,,"[[B*T, d_model]]",[4232],37,self_attn,v_proj,2,model.layers.37.self_attn.v_proj,aten.view.default,[],prefill,True,
4245,self_attn,v_proj,,matmul,"[[B*T, d_model], [d_model, n_kv*d_head]]","[n_kv*d_head, d_model]",1,"[[B*T, n_kv*d_head]]","[4243, 4244]",37,self_attn,v_proj,2,model.layers.37.self_attn.v_proj,aten.mm.default,[model.layers.37.self_attn.v_proj.weight],prefill,False,
4246,self_attn,v_proj,,_unsafe_view,"[[B*T, n_kv*d_head]]",,,"[[B, T, n_kv*d_head]]",[4245],37,self_attn,v_proj,2,model.layers.37.self_attn.v_proj,aten._unsafe_view.default,[],prefill,True,
4247,self_attn,,,view,"[[B, T, n_kv*d_head]]",,,"[[B, T, n_kv, d_head]]",[4246],37,self_attn,,1,model.layers.37.self_attn,aten.view.default,[],prefill,True,
4248,self_attn,,,transpose,"[[B, T, n_kv, d_head]]",,,"[[B, n_kv, T, d_head]]",[4247],37,self_attn,,1,model.layers.37.self_attn,aten.transpose.int,[],prefill,True,
4249,self_attn,,,_to_copy,"[[B, T, n_h, d_head]]",,,"[[B, T, n_h, d_head]]",[4237],37,self_attn,,1,model.layers.37.self_attn,aten._to_copy.default,[],prefill,True,
4250,self_attn,,,view,"[[B, T, n_h, d_head]]",,,"[[B, T, n_h, d_head/2, 2]]",[4249],37,self_attn,,1,model.layers.37.self_attn,aten.view.default,[],prefill,True,
4251,self_attn,,,view_as_complex,"[[B, T, n_h, d_head/2, 2]]",,,"[[B, T, n_h, d_head/2]]",[4250],37,self_attn,,1,model.layers.37.self_attn,aten.view_as_complex.default,[],prefill,True,
4252,self_attn,,,_to_copy,"[[B, T, n_kv, d_head]]",,,"[[B, T, n_kv, d_head]]",[4242],37,self_attn,,1,model.layers.37.self_attn,aten._to_copy.default,[],prefill,True,
4253,self_attn,,,view,"[[B, T, n_kv, d_head]]",,,"[[B, T, n_kv, d_head/2, 2]]",[4252],37,self_attn,,1,model.layers.37.self_attn,aten.view.default,[],prefill,True,
4254,self_attn,,,view_as_complex,"[[B, T, n_kv, d_head/2, 2]]",,,"[[B, T, n_kv, d_head/2]]",[4253],37,self_attn,,1,model.layers.37.self_attn,aten.view_as_complex.default,[],prefill,True,
4255,self_attn,,,unsqueeze,"[[B, T, d_head/2]]",,,"[[B, T, 1, d_head/2]]",[106],37,self_attn,,1,model.layers.37.self_attn,aten.unsqueeze.default,[],prefill,True,
4256,self_attn,,,elementwise_mul,"[[B, T, n_h, d_head/2], [B, T, 1, d_head/2]]",,,"[[B, T, n_h, d_head/2]]","[4251, 4255]",37,self_attn,,1,model.layers.37.self_attn,aten.mul.Tensor,[],prefill,False,
4257,self_attn,,,view_as_real,"[[B, T, n_h, d_head/2]]",,,"[[B, T, n_h, d_head/2, 2]]",[4256],37,self_attn,,1,model.layers.37.self_attn,aten.view_as_real.default,[],prefill,True,
4258,self_attn,,,view,"[[B, T, n_h, d_head/2, 2]]",,,"[[B, T, n_h, d_head]]",[4257],37,self_attn,,1,model.layers.37.self_attn,aten.view.default,[],prefill,True,
4259,self_attn,,,unsqueeze,"[[B, T, d_head/2]]",,,"[[B, T, 1, d_head/2]]",[106],37,self_attn,,1,model.layers.37.self_attn,aten.unsqueeze.default,[],prefill,True,
4260,self_attn,,,elementwise_mul,"[[B, T, n_kv, d_head/2], [B, T, 1, d_head/2]]",,,"[[B, T, n_kv, d_head/2]]","[4254, 4259]",37,self_attn,,1,model.layers.37.self_attn,aten.mul.Tensor,[],prefill,False,
4261,self_attn,,,view_as_real,"[[B, T, n_kv, d_head/2]]",,,"[[B, T, n_kv, d_head/2, 2]]",[4260],37,self_attn,,1,model.layers.37.self_attn,aten.view_as_real.default,[],prefill,True,
4262,self_attn,,,view,"[[B, T, n_kv, d_head/2, 2]]",,,"[[B, T, n_kv, d_head]]",[4261],37,self_attn,,1,model.layers.37.self_attn,aten.view.default,[],prefill,True,
4263,self_attn,,,_to_copy,"[[B, T, n_h, d_head]]",,,"[[B, T, n_h, d_head]]",[4258],37,self_attn,,1,model.layers.37.self_attn,aten._to_copy.default,[],prefill,True,
4264,self_attn,,,_to_copy,"[[B, T, n_kv, d_head]]",,,"[[B, T, n_kv, d_head]]",[4262],37,self_attn,,1,model.layers.37.self_attn,aten._to_copy.default,[],prefill,True,
4265,self_attn,,,transpose,"[[B, T, n_h, d_head]]",,,"[[B, n_h, T, d_head]]",[4263],37,self_attn,,1,model.layers.37.self_attn,aten.transpose.int,[],prefill,True,
4266,self_attn,,,transpose,"[[B, T, n_kv, d_head]]",,,"[[B, n_kv, T, d_head]]",[4264],37,self_attn,,1,model.layers.37.self_attn,aten.transpose.int,[],prefill,True,
4267,self_attn,,,_to_copy,[[]],,,[[]],[29],37,self_attn,,1,model.layers.37.self_attn,aten._to_copy.default,[],prefill,True,
4268,self_attn,,,concat,"[[0], [B, n_kv, T, d_head]]",,,"[[B, n_kv, T, d_head]]",[4266],37,self_attn,,1,model.layers.37.self_attn,aten.cat.default,[],prefill,False,
4269,self_attn,,,concat,"[[0], [B, n_kv, T, d_head]]",,,"[[B, n_kv, T, d_head]]",[4248],37,self_attn,,1,model.layers.37.self_attn,aten.cat.default,[],prefill,False,
4270,self_attn,,,slice,"[[B, n_kv, T, d_head]]",,,"[[B, n_kv, T, d_head]]",[4268],37,self_attn,,1,model.layers.37.self_attn,aten.slice.Tensor,[],prefill,True,
4271,self_attn,,,slice,"[[B, n_kv, T, d_head]]",,,"[[B, n_kv, T, d_head]]",[4269],37,self_attn,,1,model.layers.37.self_attn,aten.slice.Tensor,[],prefill,True,
4272,self_attn,,,unsqueeze,"[[B, n_kv, T, d_head]]",,,"[[B, n_kv, 1, T, d_head]]",[4268],37,self_attn,,1,model.layers.37.self_attn,aten.unsqueeze.default,[],prefill,True,
4273,self_attn,,,expand,"[[B, n_kv, 1, T, d_head]]",,,"[[B, n_kv, n_h/n_kv, T, d_head]]",[4272],37,self_attn,,1,model.layers.37.self_attn,aten.expand.default,[],prefill,True,
4274,self_attn,,,clone,"[[B, n_kv, n_h/n_kv, T, d_head]]",,,"[[B, n_kv, n_h/n_kv, T, d_head]]",[4273],37,self_attn,,1,model.layers.37.self_attn,aten.clone.default,[],prefill,True,
4275,self_attn,,,_unsafe_view,"[[B, n_kv, n_h/n_kv, T, d_head]]",,,"[[B, n_h, T, d_head]]",[4274],37,self_attn,,1,model.layers.37.self_attn,aten._unsafe_view.default,[],prefill,True,
4276,self_attn,,,unsqueeze,"[[B, n_kv, T, d_head]]",,,"[[B, n_kv, 1, T, d_head]]",[4269],37,self_attn,,1,model.layers.37.self_attn,aten.unsqueeze.default,[],prefill,True,
4277,self_attn,,,expand,"[[B, n_kv, 1, T, d_head]]",,,"[[B, n_kv, n_h/n_kv, T, d_head]]",[4276],37,self_attn,,1,model.layers.37.self_attn,aten.expand.default,[],prefill,True,
4278,self_attn,,,clone,"[[B, n_kv, n_h/n_kv, T, d_head]]",,,"[[B, n_kv, n_h/n_kv, T, d_head]]",[4277],37,self_attn,,1,model.layers.37.self_attn,aten.clone.default,[],prefill,True,
4279,self_attn,,,_unsafe_view,"[[B, n_kv, n_h/n_kv, T, d_head]]",,,"[[B, n_h, T, d_head]]",[4278],37,self_attn,,1,model.layers.37.self_attn,aten._unsafe_view.default,[],prefill,True,
4280,self_attn,,,transpose,"[[B, n_h, T, d_head]]",,,"[[B, n_h, d_head, T]]",[4275],37,self_attn,,1,model.layers.37.self_attn,aten.transpose.int,[],prefill,True,
4281,self_attn,,,expand,"[[B, n_h, T, d_head]]",,,"[[B, n_h, T, d_head]]",[4265],37,self_attn,,1,model.layers.37.self_attn,aten.expand.default,[],prefill,True,
4282,self_attn,,,clone,"[[B, n_h, T, d_head]]",,,"[[B, n_h, T, d_head]]",[4281],37,self_attn,,1,model.layers.37.self_attn,aten.clone.default,[],prefill,True,
4283,self_attn,,,_unsafe_view,"[[B, n_h, T, d_head]]",,,"[[B*n_h, T, d_head]]",[4282],37,self_attn,,1,model.layers.37.self_attn,aten._unsafe_view.default,[],prefill,True,
4284,self_attn,,,expand,"[[B, n_h, d_head, T]]",,,"[[B, n_h, d_head, T]]",[4280],37,self_attn,,1,model.layers.37.self_attn,aten.expand.default,[],prefill,True,
4285,self_attn,,,view,"[[B, n_h, d_head, T]]",,,"[[B*n_h, d_head, T]]",[4284],37,self_attn,,1,model.layers.37.self_attn,aten.view.default,[],prefill,True,
4286,self_attn,,,batched_matmul,"[[B*n_h, T, d_head], [B*n_h, d_head, T]]",,,"[[B*n_h, T, T]]","[4283, 4285]",37,self_attn,,1,model.layers.37.self_attn,aten.bmm.default,[],prefill,False,
4287,self_attn,,,_unsafe_view,"[[B*n_h, T, T]]",,,"[[B, n_h, T, T]]",[4286],37,self_attn,,1,model.layers.37.self_attn,aten._unsafe_view.default,[],prefill,True,
4288,self_attn,,,elementwise_mul,"[[B, n_h, T, T]]",,,"[[B, n_h, T, T]]",[4287],37,self_attn,,1,model.layers.37.self_attn,aten.mul.Tensor,[],prefill,False,
4289,self_attn,,,elementwise_add,"[[B, n_h, T, T], [B, 1, T, T]]",,,"[[B, n_h, T, T]]","[91, 4288]",37,self_attn,,1,model.layers.37.self_attn,aten.add.Tensor,[],prefill,False,
4290,self_attn,,,softmax,"[[B, n_h, T, T]]",,,"[[B, n_h, T, T]]",[4289],37,self_attn,,1,model.layers.37.self_attn,aten._softmax.default,[],prefill,False,
4291,self_attn,,,expand,"[[B, n_h, T, T]]",,,"[[B, n_h, T, T]]",[4290],37,self_attn,,1,model.layers.37.self_attn,aten.expand.default,[],prefill,True,
4292,self_attn,,,view,"[[B, n_h, T, T]]",,,"[[B*n_h, T, T]]",[4291],37,self_attn,,1,model.layers.37.self_attn,aten.view.default,[],prefill,True,
4293,self_attn,,,expand,"[[B, n_h, T, d_head]]",,,"[[B, n_h, T, d_head]]",[4279],37,self_attn,,1,model.layers.37.self_attn,aten.expand.default,[],prefill,True,
4294,self_attn,,,view,"[[B, n_h, T, d_head]]",,,"[[B*n_h, T, d_head]]",[4293],37,self_attn,,1,model.layers.37.self_attn,aten.view.default,[],prefill,True,
4295,self_attn,,,batched_matmul,"[[B*n_h, T, T], [B*n_h, T, d_head]]",,,"[[B*n_h, T, d_head]]","[4292, 4294]",37,self_attn,,1,model.layers.37.self_attn,aten.bmm.default,[],prefill,False,
4296,self_attn,,,_unsafe_view,"[[B*n_h, T, d_head]]",,,"[[B, n_h, T, d_head]]",[4295],37,self_attn,,1,model.layers.37.self_attn,aten._unsafe_view.default,[],prefill,True,
4297,self_attn,,,transpose,"[[B, n_h, T, d_head]]",,,"[[B, T, n_h, d_head]]",[4296],37,self_attn,,1,model.layers.37.self_attn,aten.transpose.int,[],prefill,True,
4298,self_attn,,,clone,"[[B, T, n_h, d_head]]",,,"[[B, T, n_h, d_head]]",[4297],37,self_attn,,1,model.layers.37.self_attn,aten.clone.default,[],prefill,True,
4299,self_attn,,,view,"[[B, T, n_h, d_head]]",,,"[[B, T, n_h*d_head]]",[4298],37,self_attn,,1,model.layers.37.self_attn,aten.view.default,[],prefill,True,
4300,self_attn,o_proj,,t,"[[d_model, n_h*d_head]]","[d_model, n_h*d_head]",0,"[[n_h*d_head, d_model]]",[],37,self_attn,o_proj,2,model.layers.37.self_attn.o_proj,aten.t.default,[model.layers.37.self_attn.o_proj.weight],prefill,True,
4301,self_attn,o_proj,,view,"[[B, T, n_h*d_head]]",,,"[[B*T, n_h*d_head]]",[4299],37,self_attn,o_proj,2,model.layers.37.self_attn.o_proj,aten.view.default,[],prefill,True,
4302,self_attn,o_proj,,matmul,"[[B*T, n_h*d_head], [n_h*d_head, d_model]]","[d_model, n_h*d_head]",1,"[[B*T, d_model]]","[4300, 4301]",37,self_attn,o_proj,2,model.layers.37.self_attn.o_proj,aten.mm.default,[model.layers.37.self_attn.o_proj.weight],prefill,False,
4303,self_attn,o_proj,,_unsafe_view,"[[B*T, d_model]]",,,"[[B, T, d_model]]",[4302],37,self_attn,o_proj,2,model.layers.37.self_attn.o_proj,aten._unsafe_view.default,[],prefill,True,
4304,,,,elementwise_add,"[[B, T, d_model], [B, T, d_model]]",,,"[[B, T, d_model]]","[4224, 4303]",37,,,0,model.layers.37,aten.add.Tensor,[],prefill,False,
4305,post_attention_layernorm,,,_to_copy,"[[B, T, d_model]]",,,"[[B, T, d_model]]",[4304],37,post_attention_layernorm,,1,model.layers.37.post_attention_layernorm,aten._to_copy.default,[],prefill,True,
4306,post_attention_layernorm,,,pow,"[[B, T, d_model]]",,,"[[B, T, d_model]]",[4305],37,post_attention_layernorm,,1,model.layers.37.post_attention_layernorm,aten.pow.Tensor_Scalar,[],prefill,False,
4307,post_attention_layernorm,,,mean,"[[B, T, d_model]]",,,"[[B, T, 1]]",[4306],37,post_attention_layernorm,,1,model.layers.37.post_attention_layernorm,aten.mean.dim,[],prefill,False,
4308,post_attention_layernorm,,,elementwise_add,"[[B, T, 1]]",,,"[[B, T, 1]]",[4307],37,post_attention_layernorm,,1,model.layers.37.post_attention_layernorm,aten.add.Tensor,[],prefill,False,
4309,post_attention_layernorm,,,rsqrt,"[[B, T, 1]]",,,"[[B, T, 1]]",[4308],37,post_attention_layernorm,,1,model.layers.37.post_attention_layernorm,aten.rsqrt.default,[],prefill,False,
4310,post_attention_layernorm,,,elementwise_mul,"[[B, T, d_model], [B, T, 1]]",,,"[[B, T, d_model]]","[4305, 4309]",37,post_attention_layernorm,,1,model.layers.37.post_attention_layernorm,aten.mul.Tensor,[],prefill,False,
4311,post_attention_layernorm,,,_to_copy,"[[B, T, d_model]]",,,"[[B, T, d_model]]",[4310],37,post_attention_layernorm,,1,model.layers.37.post_attention_layernorm,aten._to_copy.default,[],prefill,True,
4312,post_attention_layernorm,,,elementwise_mul,"[[B, T, d_model], [d_model]]",,,"[[B, T, d_model]]",[4311],37,post_attention_layernorm,,1,model.layers.37.post_attention_layernorm,aten.mul.Tensor,[model.layers.37.post_attention_layernorm.weight],prefill,False,
4313,feed_forward,,,view,"[[B, T, d_model]]",,,"[[B*T, d_model]]",[4312],37,feed_forward,,1,model.layers.37.feed_forward,aten.view.default,[],prefill,True,
4314,feed_forward,router,,t,"[[E, d_model]]","[E, d_model]",0,"[[d_model, E]]",[],37,feed_forward,router,2,model.layers.37.feed_forward.router,aten.t.default,[model.layers.37.feed_forward.router.weight],prefill,True,
4315,feed_forward,router,,matmul,"[[B*T, d_model], [d_model, E]]","[E, d_model]",1,"[[B*T, E]]","[4313, 4314]",37,feed_forward,router,2,model.layers.37.feed_forward.router,aten.mm.default,[model.layers.37.feed_forward.router.weight],prefill,False,
4316,feed_forward,router,,topk,"[[B*T, E]]",,,"[[B*T, 1], [B*T, 1]]",[4315],37,feed_forward,router,2,model.layers.37.feed_forward.router,aten.topk.default,[],prefill,False,
4317,feed_forward,router,,full_like,"[[B*T, E]]",,,"[[B*T, E]]",[4315],37,feed_forward,router,2,model.layers.37.feed_forward.router,aten.full_like.default,[],prefill,True,
4318,feed_forward,router,,scatter_,"[[B*T, E], [B*T, 1], [B*T, 1]]",,,"[[B*T, E]]","[4316, 4317]",37,feed_forward,router,2,model.layers.37.feed_forward.router,aten.scatter_.src,[],prefill,True,
4319,feed_forward,router,,_to_copy,"[[B*T, E]]",,,"[[B*T, E]]",[4318],37,feed_forward,router,2,model.layers.37.feed_forward.router,aten._to_copy.default,[],prefill,True,
4320,feed_forward,router,,sigmoid,"[[B*T, E]]",,,"[[B*T, E]]",[4319],37,feed_forward,router,2,model.layers.37.feed_forward.router,aten.sigmoid.default,[],prefill,False,
4321,feed_forward,router,,_to_copy,"[[B*T, E]]",,,"[[B*T, E]]",[4320],37,feed_forward,router,2,model.layers.37.feed_forward.router,aten._to_copy.default,[],prefill,True,
4322,feed_forward,,,repeat,"[[B*T, d_model]]",,,"[[B*E*T, d_model]]",[4313],37,feed_forward,,1,model.layers.37.feed_forward,aten.repeat.default,[],prefill,True,
4323,feed_forward,,,transpose,"[[B*T, E]]",,,"[[E, B*T]]",[4321],37,feed_forward,,1,model.layers.37.feed_forward,aten.transpose.int,[],prefill,True,
4324,feed_forward,,,clone,"[[E, B*T]]",,,"[[E, B*T]]",[4323],37,feed_forward,,1,model.layers.37.feed_forward,aten.clone.default,[],prefill,True,
4325,feed_forward,,,_unsafe_view,"[[E, B*T]]",,,"[[B*E*T, 1]]",[4324],37,feed_forward,,1,model.layers.37.feed_forward,aten._unsafe_view.default,[],prefill,True,
4326,feed_forward,,,elementwise_mul,"[[B*E*T, d_model], [B*E*T, 1]]",,,"[[B*E*T, d_model]]","[4322, 4325]",37,feed_forward,,1,model.layers.37.feed_forward,aten.mul.Tensor,[],prefill,False,
4327,feed_forward,experts,,view,"[[B*E*T, d_model]]",,,"[[E, B*T, d_model]]",[4326],37,feed_forward,experts,2,model.layers.37.feed_forward.experts,aten.view.default,[],prefill,True,
4328,feed_forward,experts,,batched_matmul,"[[E, B*T, d_model], [E, d_model, 2*d_moe]]","[E, d_model, 2*d_moe]",1,"[[E, B*T, 2*d_moe]]",[4327],37,feed_forward,experts,2,model.layers.37.feed_forward.experts,aten.bmm.default,[model.layers.37.feed_forward.experts.gate_up_proj],prefill,False,
4329,feed_forward,experts,,split,"[[E, B*T, 2*d_moe]]",,,"[[E, B*T, d_moe], [E, B*T, d_moe]]",[4328],37,feed_forward,experts,2,model.layers.37.feed_forward.experts,aten.split.Tensor,[],prefill,True,
4330,feed_forward,experts,act_fn,silu,"[[E, B*T, d_moe]]",,,"[[E, B*T, d_moe]]",[4329],37,feed_forward,experts,3,model.layers.37.feed_forward.experts.act_fn,aten.silu.default,[],prefill,False,
4331,feed_forward,experts,,elementwise_mul,"[[E, B*T, d_moe], [E, B*T, d_moe]]",,,"[[E, B*T, d_moe]]","[4329, 4330]",37,feed_forward,experts,2,model.layers.37.feed_forward.experts,aten.mul.Tensor,[],prefill,False,
4332,feed_forward,experts,,batched_matmul,"[[E, B*T, d_moe], [E, d_moe, d_model]]","[E, d_moe, d_model]",1,"[[E, B*T, d_model]]",[4331],37,feed_forward,experts,2,model.layers.37.feed_forward.experts,aten.bmm.default,[model.layers.37.feed_forward.experts.down_proj],prefill,False,
4333,feed_forward,experts,,view,"[[E, B*T, d_model]]",,,"[[B*E*T, d_model]]",[4332],37,feed_forward,experts,2,model.layers.37.feed_forward.experts,aten.view.default,[],prefill,True,
4334,feed_forward,shared_expert,gate_proj,t,"[[d_moe, d_model]]","[d_moe, d_model]",0,"[[d_model, d_moe]]",[],37,feed_forward,shared_expert,3,model.layers.37.feed_forward.shared_expert.gate_proj,aten.t.default,[model.layers.37.feed_forward.shared_expert.gate_proj.weight],prefill,True,
4335,feed_forward,shared_expert,gate_proj,matmul,"[[B*T, d_model], [d_model, d_moe]]","[d_moe, d_model]",1,"[[B*T, d_moe]]","[4313, 4334]",37,feed_forward,shared_expert,3,model.layers.37.feed_forward.shared_expert.gate_proj,aten.mm.default,[model.layers.37.feed_forward.shared_expert.gate_proj.weight],prefill,False,
4336,feed_forward,shared_expert,activation_fn,silu,"[[B*T, d_moe]]",,,"[[B*T, d_moe]]",[4335],37,feed_forward,shared_expert,3,model.layers.37.feed_forward.shared_expert.activation_fn,aten.silu.default,[],prefill,False,
4337,feed_forward,shared_expert,up_proj,t,"[[d_moe, d_model]]","[d_moe, d_model]",0,"[[d_model, d_moe]]",[],37,feed_forward,shared_expert,3,model.layers.37.feed_forward.shared_expert.up_proj,aten.t.default,[model.layers.37.feed_forward.shared_expert.up_proj.weight],prefill,True,
4338,feed_forward,shared_expert,up_proj,matmul,"[[B*T, d_model], [d_model, d_moe]]","[d_moe, d_model]",1,"[[B*T, d_moe]]","[4313, 4337]",37,feed_forward,shared_expert,3,model.layers.37.feed_forward.shared_expert.up_proj,aten.mm.default,[model.layers.37.feed_forward.shared_expert.up_proj.weight],prefill,False,
4339,feed_forward,shared_expert,,elementwise_mul,"[[B*T, d_moe], [B*T, d_moe]]",,,"[[B*T, d_moe]]","[4336, 4338]",37,feed_forward,shared_expert,2,model.layers.37.feed_forward.shared_expert,aten.mul.Tensor,[],prefill,False,
4340,feed_forward,shared_expert,down_proj,t,"[[d_model, d_moe]]","[d_model, d_moe]",0,"[[d_moe, d_model]]",[],37,feed_forward,shared_expert,3,model.layers.37.feed_forward.shared_expert.down_proj,aten.t.default,[model.layers.37.feed_forward.shared_expert.down_proj.weight],prefill,True,
4341,feed_forward,shared_expert,down_proj,matmul,"[[B*T, d_moe], [d_moe, d_model]]","[d_model, d_moe]",1,"[[B*T, d_model]]","[4339, 4340]",37,feed_forward,shared_expert,3,model.layers.37.feed_forward.shared_expert.down_proj,aten.mm.default,[model.layers.37.feed_forward.shared_expert.down_proj.weight],prefill,False,
4342,feed_forward,,,view,"[[B*E*T, d_model]]",,,"[[E, B*T, d_model]]",[4333],37,feed_forward,,1,model.layers.37.feed_forward,aten.view.default,[],prefill,True,
4343,feed_forward,,,sum,"[[E, B*T, d_model]]",,,"[[B*T, d_model]]",[4342],37,feed_forward,,1,model.layers.37.feed_forward,aten.sum.dim_IntList,[],prefill,True,
4344,feed_forward,,,add_,"[[B*T, d_model], [B*T, d_model]]",,,"[[B*T, d_model]]","[4341, 4343]",37,feed_forward,,1,model.layers.37.feed_forward,aten.add_.Tensor,[],prefill,True,
4345,,,,view,"[[B*T, d_model]]",,,"[[B, T, d_model]]",[4344],37,,,0,model.layers.37,aten.view.default,[],prefill,True,
4346,,,,elementwise_add,"[[B, T, d_model], [B, T, d_model]]",,,"[[B, T, d_model]]","[4304, 4345]",37,,,0,model.layers.37,aten.add.Tensor,[],prefill,False,
4347,input_layernorm,,,_to_copy,"[[B, T, d_model]]",,,"[[B, T, d_model]]",[4346],38,input_layernorm,,1,model.layers.38.input_layernorm,aten._to_copy.default,[],prefill,True,
4348,input_layernorm,,,pow,"[[B, T, d_model]]",,,"[[B, T, d_model]]",[4347],38,input_layernorm,,1,model.layers.38.input_layernorm,aten.pow.Tensor_Scalar,[],prefill,False,
4349,input_layernorm,,,mean,"[[B, T, d_model]]",,,"[[B, T, 1]]",[4348],38,input_layernorm,,1,model.layers.38.input_layernorm,aten.mean.dim,[],prefill,False,
4350,input_layernorm,,,elementwise_add,"[[B, T, 1]]",,,"[[B, T, 1]]",[4349],38,input_layernorm,,1,model.layers.38.input_layernorm,aten.add.Tensor,[],prefill,False,
4351,input_layernorm,,,rsqrt,"[[B, T, 1]]",,,"[[B, T, 1]]",[4350],38,input_layernorm,,1,model.layers.38.input_layernorm,aten.rsqrt.default,[],prefill,False,
4352,input_layernorm,,,elementwise_mul,"[[B, T, d_model], [B, T, 1]]",,,"[[B, T, d_model]]","[4347, 4351]",38,input_layernorm,,1,model.layers.38.input_layernorm,aten.mul.Tensor,[],prefill,False,
4353,input_layernorm,,,_to_copy,"[[B, T, d_model]]",,,"[[B, T, d_model]]",[4352],38,input_layernorm,,1,model.layers.38.input_layernorm,aten._to_copy.default,[],prefill,True,
4354,input_layernorm,,,elementwise_mul,"[[B, T, d_model], [d_model]]",,,"[[B, T, d_model]]",[4353],38,input_layernorm,,1,model.layers.38.input_layernorm,aten.mul.Tensor,[model.layers.38.input_layernorm.weight],prefill,False,
4355,self_attn,q_proj,,t,"[[n_h*d_head, d_model]]","[n_h*d_head, d_model]",0,"[[d_model, n_h*d_head]]",[],38,self_attn,q_proj,2,model.layers.38.self_attn.q_proj,aten.t.default,[model.layers.38.self_attn.q_proj.weight],prefill,True,
4356,self_attn,q_proj,,view,"[[B, T, d_model]]",,,"[[B*T, d_model]]",[4354],38,self_attn,q_proj,2,model.layers.38.self_attn.q_proj,aten.view.default,[],prefill,True,
4357,self_attn,q_proj,,matmul,"[[B*T, d_model], [d_model, n_h*d_head]]","[n_h*d_head, d_model]",1,"[[B*T, n_h*d_head]]","[4355, 4356]",38,self_attn,q_proj,2,model.layers.38.self_attn.q_proj,aten.mm.default,[model.layers.38.self_attn.q_proj.weight],prefill,False,
4358,self_attn,q_proj,,_unsafe_view,"[[B*T, n_h*d_head]]",,,"[[B, T, n_h*d_head]]",[4357],38,self_attn,q_proj,2,model.layers.38.self_attn.q_proj,aten._unsafe_view.default,[],prefill,True,
4359,self_attn,,,view,"[[B, T, n_h*d_head]]",,,"[[B, T, n_h, d_head]]",[4358],38,self_attn,,1,model.layers.38.self_attn,aten.view.default,[],prefill,True,
4360,self_attn,k_proj,,t,"[[n_kv*d_head, d_model]]","[n_kv*d_head, d_model]",0,"[[d_model, n_kv*d_head]]",[],38,self_attn,k_proj,2,model.layers.38.self_attn.k_proj,aten.t.default,[model.layers.38.self_attn.k_proj.weight],prefill,True,
4361,self_attn,k_proj,,view,"[[B, T, d_model]]",,,"[[B*T, d_model]]",[4354],38,self_attn,k_proj,2,model.layers.38.self_attn.k_proj,aten.view.default,[],prefill,True,
4362,self_attn,k_proj,,matmul,"[[B*T, d_model], [d_model, n_kv*d_head]]","[n_kv*d_head, d_model]",1,"[[B*T, n_kv*d_head]]","[4360, 4361]",38,self_attn,k_proj,2,model.layers.38.self_attn.k_proj,aten.mm.default,[model.layers.38.self_attn.k_proj.weight],prefill,False,
4363,self_attn,k_proj,,_unsafe_view,"[[B*T, n_kv*d_head]]",,,"[[B, T, n_kv*d_head]]",[4362],38,self_attn,k_proj,2,model.layers.38.self_attn.k_proj,aten._unsafe_view.default,[],prefill,True,
4364,self_attn,,,view,"[[B, T, n_kv*d_head]]",,,"[[B, T, n_kv, d_head]]",[4363],38,self_attn,,1,model.layers.38.self_attn,aten.view.default,[],prefill,True,
4365,self_attn,v_proj,,t,"[[n_kv*d_head, d_model]]","[n_kv*d_head, d_model]",0,"[[d_model, n_kv*d_head]]",[],38,self_attn,v_proj,2,model.layers.38.self_attn.v_proj,aten.t.default,[model.layers.38.self_attn.v_proj.weight],prefill,True,
4366,self_attn,v_proj,,view,"[[B, T, d_model]]",,,"[[B*T, d_model]]",[4354],38,self_attn,v_proj,2,model.layers.38.self_attn.v_proj,aten.view.default,[],prefill,True,
4367,self_attn,v_proj,,matmul,"[[B*T, d_model], [d_model, n_kv*d_head]]","[n_kv*d_head, d_model]",1,"[[B*T, n_kv*d_head]]","[4365, 4366]",38,self_attn,v_proj,2,model.layers.38.self_attn.v_proj,aten.mm.default,[model.layers.38.self_attn.v_proj.weight],prefill,False,
4368,self_attn,v_proj,,_unsafe_view,"[[B*T, n_kv*d_head]]",,,"[[B, T, n_kv*d_head]]",[4367],38,self_attn,v_proj,2,model.layers.38.self_attn.v_proj,aten._unsafe_view.default,[],prefill,True,
4369,self_attn,,,view,"[[B, T, n_kv*d_head]]",,,"[[B, T, n_kv, d_head]]",[4368],38,self_attn,,1,model.layers.38.self_attn,aten.view.default,[],prefill,True,
4370,self_attn,,,transpose,"[[B, T, n_kv, d_head]]",,,"[[B, n_kv, T, d_head]]",[4369],38,self_attn,,1,model.layers.38.self_attn,aten.transpose.int,[],prefill,True,
4371,self_attn,,,_to_copy,"[[B, T, n_h, d_head]]",,,"[[B, T, n_h, d_head]]",[4359],38,self_attn,,1,model.layers.38.self_attn,aten._to_copy.default,[],prefill,True,
4372,self_attn,,,view,"[[B, T, n_h, d_head]]",,,"[[B, T, n_h, d_head/2, 2]]",[4371],38,self_attn,,1,model.layers.38.self_attn,aten.view.default,[],prefill,True,
4373,self_attn,,,view_as_complex,"[[B, T, n_h, d_head/2, 2]]",,,"[[B, T, n_h, d_head/2]]",[4372],38,self_attn,,1,model.layers.38.self_attn,aten.view_as_complex.default,[],prefill,True,
4374,self_attn,,,_to_copy,"[[B, T, n_kv, d_head]]",,,"[[B, T, n_kv, d_head]]",[4364],38,self_attn,,1,model.layers.38.self_attn,aten._to_copy.default,[],prefill,True,
4375,self_attn,,,view,"[[B, T, n_kv, d_head]]",,,"[[B, T, n_kv, d_head/2, 2]]",[4374],38,self_attn,,1,model.layers.38.self_attn,aten.view.default,[],prefill,True,
4376,self_attn,,,view_as_complex,"[[B, T, n_kv, d_head/2, 2]]",,,"[[B, T, n_kv, d_head/2]]",[4375],38,self_attn,,1,model.layers.38.self_attn,aten.view_as_complex.default,[],prefill,True,
4377,self_attn,,,unsqueeze,"[[B, T, d_head/2]]",,,"[[B, T, 1, d_head/2]]",[106],38,self_attn,,1,model.layers.38.self_attn,aten.unsqueeze.default,[],prefill,True,
4378,self_attn,,,elementwise_mul,"[[B, T, n_h, d_head/2], [B, T, 1, d_head/2]]",,,"[[B, T, n_h, d_head/2]]","[4373, 4377]",38,self_attn,,1,model.layers.38.self_attn,aten.mul.Tensor,[],prefill,False,
4379,self_attn,,,view_as_real,"[[B, T, n_h, d_head/2]]",,,"[[B, T, n_h, d_head/2, 2]]",[4378],38,self_attn,,1,model.layers.38.self_attn,aten.view_as_real.default,[],prefill,True,
4380,self_attn,,,view,"[[B, T, n_h, d_head/2, 2]]",,,"[[B, T, n_h, d_head]]",[4379],38,self_attn,,1,model.layers.38.self_attn,aten.view.default,[],prefill,True,
4381,self_attn,,,unsqueeze,"[[B, T, d_head/2]]",,,"[[B, T, 1, d_head/2]]",[106],38,self_attn,,1,model.layers.38.self_attn,aten.unsqueeze.default,[],prefill,True,
4382,self_attn,,,elementwise_mul,"[[B, T, n_kv, d_head/2], [B, T, 1, d_head/2]]",,,"[[B, T, n_kv, d_head/2]]","[4376, 4381]",38,self_attn,,1,model.layers.38.self_attn,aten.mul.Tensor,[],prefill,False,
4383,self_attn,,,view_as_real,"[[B, T, n_kv, d_head/2]]",,,"[[B, T, n_kv, d_head/2, 2]]",[4382],38,self_attn,,1,model.layers.38.self_attn,aten.view_as_real.default,[],prefill,True,
4384,self_attn,,,view,"[[B, T, n_kv, d_head/2, 2]]",,,"[[B, T, n_kv, d_head]]",[4383],38,self_attn,,1,model.layers.38.self_attn,aten.view.default,[],prefill,True,
4385,self_attn,,,_to_copy,"[[B, T, n_h, d_head]]",,,"[[B, T, n_h, d_head]]",[4380],38,self_attn,,1,model.layers.38.self_attn,aten._to_copy.default,[],prefill,True,
4386,self_attn,,,_to_copy,"[[B, T, n_kv, d_head]]",,,"[[B, T, n_kv, d_head]]",[4384],38,self_attn,,1,model.layers.38.self_attn,aten._to_copy.default,[],prefill,True,
4387,self_attn,,,transpose,"[[B, T, n_h, d_head]]",,,"[[B, n_h, T, d_head]]",[4385],38,self_attn,,1,model.layers.38.self_attn,aten.transpose.int,[],prefill,True,
4388,self_attn,,,transpose,"[[B, T, n_kv, d_head]]",,,"[[B, n_kv, T, d_head]]",[4386],38,self_attn,,1,model.layers.38.self_attn,aten.transpose.int,[],prefill,True,
4389,self_attn,,,_to_copy,[[]],,,[[]],[30],38,self_attn,,1,model.layers.38.self_attn,aten._to_copy.default,[],prefill,True,
4390,self_attn,,,concat,"[[0], [B, n_kv, T, d_head]]",,,"[[B, n_kv, T, d_head]]",[4388],38,self_attn,,1,model.layers.38.self_attn,aten.cat.default,[],prefill,False,
4391,self_attn,,,concat,"[[0], [B, n_kv, T, d_head]]",,,"[[B, n_kv, T, d_head]]",[4370],38,self_attn,,1,model.layers.38.self_attn,aten.cat.default,[],prefill,False,
4392,self_attn,,,slice,"[[B, n_kv, T, d_head]]",,,"[[B, n_kv, T, d_head]]",[4390],38,self_attn,,1,model.layers.38.self_attn,aten.slice.Tensor,[],prefill,True,
4393,self_attn,,,slice,"[[B, n_kv, T, d_head]]",,,"[[B, n_kv, T, d_head]]",[4391],38,self_attn,,1,model.layers.38.self_attn,aten.slice.Tensor,[],prefill,True,
4394,self_attn,,,unsqueeze,"[[B, n_kv, T, d_head]]",,,"[[B, n_kv, 1, T, d_head]]",[4390],38,self_attn,,1,model.layers.38.self_attn,aten.unsqueeze.default,[],prefill,True,
4395,self_attn,,,expand,"[[B, n_kv, 1, T, d_head]]",,,"[[B, n_kv, n_h/n_kv, T, d_head]]",[4394],38,self_attn,,1,model.layers.38.self_attn,aten.expand.default,[],prefill,True,
4396,self_attn,,,clone,"[[B, n_kv, n_h/n_kv, T, d_head]]",,,"[[B, n_kv, n_h/n_kv, T, d_head]]",[4395],38,self_attn,,1,model.layers.38.self_attn,aten.clone.default,[],prefill,True,
4397,self_attn,,,_unsafe_view,"[[B, n_kv, n_h/n_kv, T, d_head]]",,,"[[B, n_h, T, d_head]]",[4396],38,self_attn,,1,model.layers.38.self_attn,aten._unsafe_view.default,[],prefill,True,
4398,self_attn,,,unsqueeze,"[[B, n_kv, T, d_head]]",,,"[[B, n_kv, 1, T, d_head]]",[4391],38,self_attn,,1,model.layers.38.self_attn,aten.unsqueeze.default,[],prefill,True,
4399,self_attn,,,expand,"[[B, n_kv, 1, T, d_head]]",,,"[[B, n_kv, n_h/n_kv, T, d_head]]",[4398],38,self_attn,,1,model.layers.38.self_attn,aten.expand.default,[],prefill,True,
4400,self_attn,,,clone,"[[B, n_kv, n_h/n_kv, T, d_head]]",,,"[[B, n_kv, n_h/n_kv, T, d_head]]",[4399],38,self_attn,,1,model.layers.38.self_attn,aten.clone.default,[],prefill,True,
4401,self_attn,,,_unsafe_view,"[[B, n_kv, n_h/n_kv, T, d_head]]",,,"[[B, n_h, T, d_head]]",[4400],38,self_attn,,1,model.layers.38.self_attn,aten._unsafe_view.default,[],prefill,True,
4402,self_attn,,,transpose,"[[B, n_h, T, d_head]]",,,"[[B, n_h, d_head, T]]",[4397],38,self_attn,,1,model.layers.38.self_attn,aten.transpose.int,[],prefill,True,
4403,self_attn,,,expand,"[[B, n_h, T, d_head]]",,,"[[B, n_h, T, d_head]]",[4387],38,self_attn,,1,model.layers.38.self_attn,aten.expand.default,[],prefill,True,
4404,self_attn,,,clone,"[[B, n_h, T, d_head]]",,,"[[B, n_h, T, d_head]]",[4403],38,self_attn,,1,model.layers.38.self_attn,aten.clone.default,[],prefill,True,
4405,self_attn,,,_unsafe_view,"[[B, n_h, T, d_head]]",,,"[[B*n_h, T, d_head]]",[4404],38,self_attn,,1,model.layers.38.self_attn,aten._unsafe_view.default,[],prefill,True,
4406,self_attn,,,expand,"[[B, n_h, d_head, T]]",,,"[[B, n_h, d_head, T]]",[4402],38,self_attn,,1,model.layers.38.self_attn,aten.expand.default,[],prefill,True,
4407,self_attn,,,view,"[[B, n_h, d_head, T]]",,,"[[B*n_h, d_head, T]]",[4406],38,self_attn,,1,model.layers.38.self_attn,aten.view.default,[],prefill,True,
4408,self_attn,,,batched_matmul,"[[B*n_h, T, d_head], [B*n_h, d_head, T]]",,,"[[B*n_h, T, T]]","[4405, 4407]",38,self_attn,,1,model.layers.38.self_attn,aten.bmm.default,[],prefill,False,
4409,self_attn,,,_unsafe_view,"[[B*n_h, T, T]]",,,"[[B, n_h, T, T]]",[4408],38,self_attn,,1,model.layers.38.self_attn,aten._unsafe_view.default,[],prefill,True,
4410,self_attn,,,elementwise_mul,"[[B, n_h, T, T]]",,,"[[B, n_h, T, T]]",[4409],38,self_attn,,1,model.layers.38.self_attn,aten.mul.Tensor,[],prefill,False,
4411,self_attn,,,elementwise_add,"[[B, n_h, T, T], [B, 1, T, T]]",,,"[[B, n_h, T, T]]","[91, 4410]",38,self_attn,,1,model.layers.38.self_attn,aten.add.Tensor,[],prefill,False,
4412,self_attn,,,softmax,"[[B, n_h, T, T]]",,,"[[B, n_h, T, T]]",[4411],38,self_attn,,1,model.layers.38.self_attn,aten._softmax.default,[],prefill,False,
4413,self_attn,,,expand,"[[B, n_h, T, T]]",,,"[[B, n_h, T, T]]",[4412],38,self_attn,,1,model.layers.38.self_attn,aten.expand.default,[],prefill,True,
4414,self_attn,,,view,"[[B, n_h, T, T]]",,,"[[B*n_h, T, T]]",[4413],38,self_attn,,1,model.layers.38.self_attn,aten.view.default,[],prefill,True,
4415,self_attn,,,expand,"[[B, n_h, T, d_head]]",,,"[[B, n_h, T, d_head]]",[4401],38,self_attn,,1,model.layers.38.self_attn,aten.expand.default,[],prefill,True,
4416,self_attn,,,view,"[[B, n_h, T, d_head]]",,,"[[B*n_h, T, d_head]]",[4415],38,self_attn,,1,model.layers.38.self_attn,aten.view.default,[],prefill,True,
4417,self_attn,,,batched_matmul,"[[B*n_h, T, T], [B*n_h, T, d_head]]",,,"[[B*n_h, T, d_head]]","[4414, 4416]",38,self_attn,,1,model.layers.38.self_attn,aten.bmm.default,[],prefill,False,
4418,self_attn,,,_unsafe_view,"[[B*n_h, T, d_head]]",,,"[[B, n_h, T, d_head]]",[4417],38,self_attn,,1,model.layers.38.self_attn,aten._unsafe_view.default,[],prefill,True,
4419,self_attn,,,transpose,"[[B, n_h, T, d_head]]",,,"[[B, T, n_h, d_head]]",[4418],38,self_attn,,1,model.layers.38.self_attn,aten.transpose.int,[],prefill,True,
4420,self_attn,,,clone,"[[B, T, n_h, d_head]]",,,"[[B, T, n_h, d_head]]",[4419],38,self_attn,,1,model.layers.38.self_attn,aten.clone.default,[],prefill,True,
4421,self_attn,,,view,"[[B, T, n_h, d_head]]",,,"[[B, T, n_h*d_head]]",[4420],38,self_attn,,1,model.layers.38.self_attn,aten.view.default,[],prefill,True,
4422,self_attn,o_proj,,t,"[[d_model, n_h*d_head]]","[d_model, n_h*d_head]",0,"[[n_h*d_head, d_model]]",[],38,self_attn,o_proj,2,model.layers.38.self_attn.o_proj,aten.t.default,[model.layers.38.self_attn.o_proj.weight],prefill,True,
4423,self_attn,o_proj,,view,"[[B, T, n_h*d_head]]",,,"[[B*T, n_h*d_head]]",[4421],38,self_attn,o_proj,2,model.layers.38.self_attn.o_proj,aten.view.default,[],prefill,True,
4424,self_attn,o_proj,,matmul,"[[B*T, n_h*d_head], [n_h*d_head, d_model]]","[d_model, n_h*d_head]",1,"[[B*T, d_model]]","[4422, 4423]",38,self_attn,o_proj,2,model.layers.38.self_attn.o_proj,aten.mm.default,[model.layers.38.self_attn.o_proj.weight],prefill,False,
4425,self_attn,o_proj,,_unsafe_view,"[[B*T, d_model]]",,,"[[B, T, d_model]]",[4424],38,self_attn,o_proj,2,model.layers.38.self_attn.o_proj,aten._unsafe_view.default,[],prefill,True,
4426,,,,elementwise_add,"[[B, T, d_model], [B, T, d_model]]",,,"[[B, T, d_model]]","[4346, 4425]",38,,,0,model.layers.38,aten.add.Tensor,[],prefill,False,
4427,post_attention_layernorm,,,_to_copy,"[[B, T, d_model]]",,,"[[B, T, d_model]]",[4426],38,post_attention_layernorm,,1,model.layers.38.post_attention_layernorm,aten._to_copy.default,[],prefill,True,
4428,post_attention_layernorm,,,pow,"[[B, T, d_model]]",,,"[[B, T, d_model]]",[4427],38,post_attention_layernorm,,1,model.layers.38.post_attention_layernorm,aten.pow.Tensor_Scalar,[],prefill,False,
4429,post_attention_layernorm,,,mean,"[[B, T, d_model]]",,,"[[B, T, 1]]",[4428],38,post_attention_layernorm,,1,model.layers.38.post_attention_layernorm,aten.mean.dim,[],prefill,False,
4430,post_attention_layernorm,,,elementwise_add,"[[B, T, 1]]",,,"[[B, T, 1]]",[4429],38,post_attention_layernorm,,1,model.layers.38.post_attention_layernorm,aten.add.Tensor,[],prefill,False,
4431,post_attention_layernorm,,,rsqrt,"[[B, T, 1]]",,,"[[B, T, 1]]",[4430],38,post_attention_layernorm,,1,model.layers.38.post_attention_layernorm,aten.rsqrt.default,[],prefill,False,
4432,post_attention_layernorm,,,elementwise_mul,"[[B, T, d_model], [B, T, 1]]",,,"[[B, T, d_model]]","[4427, 4431]",38,post_attention_layernorm,,1,model.layers.38.post_attention_layernorm,aten.mul.Tensor,[],prefill,False,
4433,post_attention_layernorm,,,_to_copy,"[[B, T, d_model]]",,,"[[B, T, d_model]]",[4432],38,post_attention_layernorm,,1,model.layers.38.post_attention_layernorm,aten._to_copy.default,[],prefill,True,
4434,post_attention_layernorm,,,elementwise_mul,"[[B, T, d_model], [d_model]]",,,"[[B, T, d_model]]",[4433],38,post_attention_layernorm,,1,model.layers.38.post_attention_layernorm,aten.mul.Tensor,[model.layers.38.post_attention_layernorm.weight],prefill,False,
4435,feed_forward,gate_proj,,t,"[[d_ff, d_model]]","[d_ff, d_model]",0,"[[d_model, d_ff]]",[],38,feed_forward,gate_proj,2,model.layers.38.feed_forward.gate_proj,aten.t.default,[model.layers.38.feed_forward.gate_proj.weight],prefill,True,
4436,feed_forward,gate_proj,,view,"[[B, T, d_model]]",,,"[[B*T, d_model]]",[4434],38,feed_forward,gate_proj,2,model.layers.38.feed_forward.gate_proj,aten.view.default,[],prefill,True,
4437,feed_forward,gate_proj,,matmul,"[[B*T, d_model], [d_model, d_ff]]","[d_ff, d_model]",1,"[[B*T, d_ff]]","[4435, 4436]",38,feed_forward,gate_proj,2,model.layers.38.feed_forward.gate_proj,aten.mm.default,[model.layers.38.feed_forward.gate_proj.weight],prefill,False,
4438,feed_forward,gate_proj,,_unsafe_view,"[[B*T, d_ff]]",,,"[[B, T, d_ff]]",[4437],38,feed_forward,gate_proj,2,model.layers.38.feed_forward.gate_proj,aten._unsafe_view.default,[],prefill,True,
4439,feed_forward,activation_fn,,silu,"[[B, T, d_ff]]",,,"[[B, T, d_ff]]",[4438],38,feed_forward,activation_fn,2,model.layers.38.feed_forward.activation_fn,aten.silu.default,[],prefill,False,
4440,feed_forward,up_proj,,t,"[[d_ff, d_model]]","[d_ff, d_model]",0,"[[d_model, d_ff]]",[],38,feed_forward,up_proj,2,model.layers.38.feed_forward.up_proj,aten.t.default,[model.layers.38.feed_forward.up_proj.weight],prefill,True,
4441,feed_forward,up_proj,,view,"[[B, T, d_model]]",,,"[[B*T, d_model]]",[4434],38,feed_forward,up_proj,2,model.layers.38.feed_forward.up_proj,aten.view.default,[],prefill,True,
4442,feed_forward,up_proj,,matmul,"[[B*T, d_model], [d_model, d_ff]]","[d_ff, d_model]",1,"[[B*T, d_ff]]","[4440, 4441]",38,feed_forward,up_proj,2,model.layers.38.feed_forward.up_proj,aten.mm.default,[model.layers.38.feed_forward.up_proj.weight],prefill,False,
4443,feed_forward,up_proj,,_unsafe_view,"[[B*T, d_ff]]",,,"[[B, T, d_ff]]",[4442],38,feed_forward,up_proj,2,model.layers.38.feed_forward.up_proj,aten._unsafe_view.default,[],prefill,True,
4444,feed_forward,,,elementwise_mul,"[[B, T, d_ff], [B, T, d_ff]]",,,"[[B, T, d_ff]]","[4439, 4443]",38,feed_forward,,1,model.layers.38.feed_forward,aten.mul.Tensor,[],prefill,False,
4445,feed_forward,down_proj,,t,"[[d_model, d_ff]]","[d_model, d_ff]",0,"[[d_ff, d_model]]",[],38,feed_forward,down_proj,2,model.layers.38.feed_forward.down_proj,aten.t.default,[model.layers.38.feed_forward.down_proj.weight],prefill,True,
4446,feed_forward,down_proj,,view,"[[B, T, d_ff]]",,,"[[B*T, d_ff]]",[4444],38,feed_forward,down_proj,2,model.layers.38.feed_forward.down_proj,aten.view.default,[],prefill,True,
4447,feed_forward,down_proj,,matmul,"[[B*T, d_ff], [d_ff, d_model]]","[d_model, d_ff]",1,"[[B*T, d_model]]","[4445, 4446]",38,feed_forward,down_proj,2,model.layers.38.feed_forward.down_proj,aten.mm.default,[model.layers.38.feed_forward.down_proj.weight],prefill,False,
4448,feed_forward,down_proj,,_unsafe_view,"[[B*T, d_model]]",,,"[[B, T, d_model]]",[4447],38,feed_forward,down_proj,2,model.layers.38.feed_forward.down_proj,aten._unsafe_view.default,[],prefill,True,
4449,,,,view,"[[B, T, d_model]]",,,"[[B, T, d_model]]",[4448],38,,,0,model.layers.38,aten.view.default,[],prefill,True,
4450,,,,elementwise_add,"[[B, T, d_model], [B, T, d_model]]",,,"[[B, T, d_model]]","[4426, 4449]",38,,,0,model.layers.38,aten.add.Tensor,[],prefill,False,
4451,input_layernorm,,,_to_copy,"[[B, T, d_model]]",,,"[[B, T, d_model]]",[4450],39,input_layernorm,,1,model.layers.39.input_layernorm,aten._to_copy.default,[],prefill,True,
4452,input_layernorm,,,pow,"[[B, T, d_model]]",,,"[[B, T, d_model]]",[4451],39,input_layernorm,,1,model.layers.39.input_layernorm,aten.pow.Tensor_Scalar,[],prefill,False,
4453,input_layernorm,,,mean,"[[B, T, d_model]]",,,"[[B, T, 1]]",[4452],39,input_layernorm,,1,model.layers.39.input_layernorm,aten.mean.dim,[],prefill,False,
4454,input_layernorm,,,elementwise_add,"[[B, T, 1]]",,,"[[B, T, 1]]",[4453],39,input_layernorm,,1,model.layers.39.input_layernorm,aten.add.Tensor,[],prefill,False,
4455,input_layernorm,,,rsqrt,"[[B, T, 1]]",,,"[[B, T, 1]]",[4454],39,input_layernorm,,1,model.layers.39.input_layernorm,aten.rsqrt.default,[],prefill,False,
4456,input_layernorm,,,elementwise_mul,"[[B, T, d_model], [B, T, 1]]",,,"[[B, T, d_model]]","[4451, 4455]",39,input_layernorm,,1,model.layers.39.input_layernorm,aten.mul.Tensor,[],prefill,False,
4457,input_layernorm,,,_to_copy,"[[B, T, d_model]]",,,"[[B, T, d_model]]",[4456],39,input_layernorm,,1,model.layers.39.input_layernorm,aten._to_copy.default,[],prefill,True,
4458,input_layernorm,,,elementwise_mul,"[[B, T, d_model], [d_model]]",,,"[[B, T, d_model]]",[4457],39,input_layernorm,,1,model.layers.39.input_layernorm,aten.mul.Tensor,[model.layers.39.input_layernorm.weight],prefill,False,
4459,self_attn,q_proj,,t,"[[n_h*d_head, d_model]]","[n_h*d_head, d_model]",0,"[[d_model, n_h*d_head]]",[],39,self_attn,q_proj,2,model.layers.39.self_attn.q_proj,aten.t.default,[model.layers.39.self_attn.q_proj.weight],prefill,True,
4460,self_attn,q_proj,,view,"[[B, T, d_model]]",,,"[[B*T, d_model]]",[4458],39,self_attn,q_proj,2,model.layers.39.self_attn.q_proj,aten.view.default,[],prefill,True,
4461,self_attn,q_proj,,matmul,"[[B*T, d_model], [d_model, n_h*d_head]]","[n_h*d_head, d_model]",1,"[[B*T, n_h*d_head]]","[4459, 4460]",39,self_attn,q_proj,2,model.layers.39.self_attn.q_proj,aten.mm.default,[model.layers.39.self_attn.q_proj.weight],prefill,False,
4462,self_attn,q_proj,,_unsafe_view,"[[B*T, n_h*d_head]]",,,"[[B, T, n_h*d_head]]",[4461],39,self_attn,q_proj,2,model.layers.39.self_attn.q_proj,aten._unsafe_view.default,[],prefill,True,
4463,self_attn,,,view,"[[B, T, n_h*d_head]]",,,"[[B, T, n_h, d_head]]",[4462],39,self_attn,,1,model.layers.39.self_attn,aten.view.default,[],prefill,True,
4464,self_attn,k_proj,,t,"[[n_kv*d_head, d_model]]","[n_kv*d_head, d_model]",0,"[[d_model, n_kv*d_head]]",[],39,self_attn,k_proj,2,model.layers.39.self_attn.k_proj,aten.t.default,[model.layers.39.self_attn.k_proj.weight],prefill,True,
4465,self_attn,k_proj,,view,"[[B, T, d_model]]",,,"[[B*T, d_model]]",[4458],39,self_attn,k_proj,2,model.layers.39.self_attn.k_proj,aten.view.default,[],prefill,True,
4466,self_attn,k_proj,,matmul,"[[B*T, d_model], [d_model, n_kv*d_head]]","[n_kv*d_head, d_model]",1,"[[B*T, n_kv*d_head]]","[4464, 4465]",39,self_attn,k_proj,2,model.layers.39.self_attn.k_proj,aten.mm.default,[model.layers.39.self_attn.k_proj.weight],prefill,False,
4467,self_attn,k_proj,,_unsafe_view,"[[B*T, n_kv*d_head]]",,,"[[B, T, n_kv*d_head]]",[4466],39,self_attn,k_proj,2,model.layers.39.self_attn.k_proj,aten._unsafe_view.default,[],prefill,True,
4468,self_attn,,,view,"[[B, T, n_kv*d_head]]",,,"[[B, T, n_kv, d_head]]",[4467],39,self_attn,,1,model.layers.39.self_attn,aten.view.default,[],prefill,True,
4469,self_attn,v_proj,,t,"[[n_kv*d_head, d_model]]","[n_kv*d_head, d_model]",0,"[[d_model, n_kv*d_head]]",[],39,self_attn,v_proj,2,model.layers.39.self_attn.v_proj,aten.t.default,[model.layers.39.self_attn.v_proj.weight],prefill,True,
4470,self_attn,v_proj,,view,"[[B, T, d_model]]",,,"[[B*T, d_model]]",[4458],39,self_attn,v_proj,2,model.layers.39.self_attn.v_proj,aten.view.default,[],prefill,True,
4471,self_attn,v_proj,,matmul,"[[B*T, d_model], [d_model, n_kv*d_head]]","[n_kv*d_head, d_model]",1,"[[B*T, n_kv*d_head]]","[4469, 4470]",39,self_attn,v_proj,2,model.layers.39.self_attn.v_proj,aten.mm.default,[model.layers.39.self_attn.v_proj.weight],prefill,False,
4472,self_attn,v_proj,,_unsafe_view,"[[B*T, n_kv*d_head]]",,,"[[B, T, n_kv*d_head]]",[4471],39,self_attn,v_proj,2,model.layers.39.self_attn.v_proj,aten._unsafe_view.default,[],prefill,True,
4473,self_attn,,,view,"[[B, T, n_kv*d_head]]",,,"[[B, T, n_kv, d_head]]",[4472],39,self_attn,,1,model.layers.39.self_attn,aten.view.default,[],prefill,True,
4474,self_attn,,,transpose,"[[B, T, n_kv, d_head]]",,,"[[B, n_kv, T, d_head]]",[4473],39,self_attn,,1,model.layers.39.self_attn,aten.transpose.int,[],prefill,True,
4475,self_attn,,,arange,[],,,[[T]],[],39,self_attn,,1,model.layers.39.self_attn,aten.arange.default,[],prefill,True,
4476,self_attn,,,elementwise_add,[[T]],,,[[T]],[4475],39,self_attn,,1,model.layers.39.self_attn,aten.add.Tensor,[],prefill,False,
4477,self_attn,,,_to_copy,[[T]],,,[[T]],[4476],39,self_attn,,1,model.layers.39.self_attn,aten._to_copy.default,[],prefill,True,
4478,self_attn,,,elementwise_add,[[T]],,,[[T]],[4477],39,self_attn,,1,model.layers.39.self_attn,aten.add.Tensor,[],prefill,False,
4479,self_attn,,,div,[[T]],,,[[T]],[4478],39,self_attn,,1,model.layers.39.self_attn,aten.div.Tensor,[],prefill,True,
4480,self_attn,,,floor,[[T]],,,[[T]],[4479],39,self_attn,,1,model.layers.39.self_attn,aten.floor.default,[],prefill,True,
4481,self_attn,,,log1p,[[T]],,,[[T]],[4480],39,self_attn,,1,model.layers.39.self_attn,aten.log1p.default,[],prefill,True,
4482,self_attn,,,elementwise_mul,[[T]],,,[[T]],[4481],39,self_attn,,1,model.layers.39.self_attn,aten.mul.Tensor,[],prefill,False,
4483,self_attn,,,elementwise_add,[[T]],,,[[T]],[4482],39,self_attn,,1,model.layers.39.self_attn,aten.add.Tensor,[],prefill,False,
4484,self_attn,,,view,[[T]],,,"[[1, T, 1, 1]]",[4483],39,self_attn,,1,model.layers.39.self_attn,aten.view.default,[],prefill,True,
4485,self_attn,,,expand,"[[1, T, 1, 1]]",,,"[[B, T, 1, 1]]",[4484],39,self_attn,,1,model.layers.39.self_attn,aten.expand.default,[],prefill,True,
4486,self_attn,,,elementwise_mul,"[[B, T, n_h, d_head], [B, T, 1, 1]]",,,"[[B, T, n_h, d_head]]","[4463, 4485]",39,self_attn,,1,model.layers.39.self_attn,aten.mul.Tensor,[],prefill,False,
4487,self_attn,,,_to_copy,"[[B, T, n_h, d_head]]",,,"[[B, T, n_h, d_head]]",[4486],39,self_attn,,1,model.layers.39.self_attn,aten._to_copy.default,[],prefill,True,
4488,self_attn,,,transpose,"[[B, T, n_h, d_head]]",,,"[[B, n_h, T, d_head]]",[4487],39,self_attn,,1,model.layers.39.self_attn,aten.transpose.int,[],prefill,True,
4489,self_attn,,,transpose,"[[B, T, n_kv, d_head]]",,,"[[B, n_kv, T, d_head]]",[4468],39,self_attn,,1,model.layers.39.self_attn,aten.transpose.int,[],prefill,True,
4490,self_attn,,,concat,"[[0], [B, n_kv, T, d_head]]",,,"[[B, n_kv, T, d_head]]",[4489],39,self_attn,,1,model.layers.39.self_attn,aten.cat.default,[],prefill,False,
4491,self_attn,,,concat,"[[0], [B, n_kv, T, d_head]]",,,"[[B, n_kv, T, d_head]]",[4474],39,self_attn,,1,model.layers.39.self_attn,aten.cat.default,[],prefill,False,
4492,self_attn,,,unsqueeze,"[[B, n_kv, T, d_head]]",,,"[[B, n_kv, 1, T, d_head]]",[4490],39,self_attn,,1,model.layers.39.self_attn,aten.unsqueeze.default,[],prefill,True,
4493,self_attn,,,expand,"[[B, n_kv, 1, T, d_head]]",,,"[[B, n_kv, n_h/n_kv, T, d_head]]",[4492],39,self_attn,,1,model.layers.39.self_attn,aten.expand.default,[],prefill,True,
4494,self_attn,,,clone,"[[B, n_kv, n_h/n_kv, T, d_head]]",,,"[[B, n_kv, n_h/n_kv, T, d_head]]",[4493],39,self_attn,,1,model.layers.39.self_attn,aten.clone.default,[],prefill,True,
4495,self_attn,,,_unsafe_view,"[[B, n_kv, n_h/n_kv, T, d_head]]",,,"[[B, n_h, T, d_head]]",[4494],39,self_attn,,1,model.layers.39.self_attn,aten._unsafe_view.default,[],prefill,True,
4496,self_attn,,,unsqueeze,"[[B, n_kv, T, d_head]]",,,"[[B, n_kv, 1, T, d_head]]",[4491],39,self_attn,,1,model.layers.39.self_attn,aten.unsqueeze.default,[],prefill,True,
4497,self_attn,,,expand,"[[B, n_kv, 1, T, d_head]]",,,"[[B, n_kv, n_h/n_kv, T, d_head]]",[4496],39,self_attn,,1,model.layers.39.self_attn,aten.expand.default,[],prefill,True,
4498,self_attn,,,clone,"[[B, n_kv, n_h/n_kv, T, d_head]]",,,"[[B, n_kv, n_h/n_kv, T, d_head]]",[4497],39,self_attn,,1,model.layers.39.self_attn,aten.clone.default,[],prefill,True,
4499,self_attn,,,_unsafe_view,"[[B, n_kv, n_h/n_kv, T, d_head]]",,,"[[B, n_h, T, d_head]]",[4498],39,self_attn,,1,model.layers.39.self_attn,aten._unsafe_view.default,[],prefill,True,
4500,self_attn,,,transpose,"[[B, n_h, T, d_head]]",,,"[[B, n_h, d_head, T]]",[4495],39,self_attn,,1,model.layers.39.self_attn,aten.transpose.int,[],prefill,True,
4501,self_attn,,,expand,"[[B, n_h, T, d_head]]",,,"[[B, n_h, T, d_head]]",[4488],39,self_attn,,1,model.layers.39.self_attn,aten.expand.default,[],prefill,True,
4502,self_attn,,,clone,"[[B, n_h, T, d_head]]",,,"[[B, n_h, T, d_head]]",[4501],39,self_attn,,1,model.layers.39.self_attn,aten.clone.default,[],prefill,True,
4503,self_attn,,,_unsafe_view,"[[B, n_h, T, d_head]]",,,"[[B*n_h, T, d_head]]",[4502],39,self_attn,,1,model.layers.39.self_attn,aten._unsafe_view.default,[],prefill,True,
4504,self_attn,,,expand,"[[B, n_h, d_head, T]]",,,"[[B, n_h, d_head, T]]",[4500],39,self_attn,,1,model.layers.39.self_attn,aten.expand.default,[],prefill,True,
4505,self_attn,,,view,"[[B, n_h, d_head, T]]",,,"[[B*n_h, d_head, T]]",[4504],39,self_attn,,1,model.layers.39.self_attn,aten.view.default,[],prefill,True,
4506,self_attn,,,batched_matmul,"[[B*n_h, T, d_head], [B*n_h, d_head, T]]",,,"[[B*n_h, T, T]]","[4503, 4505]",39,self_attn,,1,model.layers.39.self_attn,aten.bmm.default,[],prefill,False,
4507,self_attn,,,_unsafe_view,"[[B*n_h, T, T]]",,,"[[B, n_h, T, T]]",[4506],39,self_attn,,1,model.layers.39.self_attn,aten._unsafe_view.default,[],prefill,True,
4508,self_attn,,,elementwise_mul,"[[B, n_h, T, T]]",,,"[[B, n_h, T, T]]",[4507],39,self_attn,,1,model.layers.39.self_attn,aten.mul.Tensor,[],prefill,False,
4509,self_attn,,,elementwise_add,"[[B, n_h, T, T], [B, 1, T, T]]",,,"[[B, n_h, T, T]]","[58, 4508]",39,self_attn,,1,model.layers.39.self_attn,aten.add.Tensor,[],prefill,False,
4510,self_attn,,,softmax,"[[B, n_h, T, T]]",,,"[[B, n_h, T, T]]",[4509],39,self_attn,,1,model.layers.39.self_attn,aten._softmax.default,[],prefill,False,
4511,self_attn,,,expand,"[[B, n_h, T, T]]",,,"[[B, n_h, T, T]]",[4510],39,self_attn,,1,model.layers.39.self_attn,aten.expand.default,[],prefill,True,
4512,self_attn,,,view,"[[B, n_h, T, T]]",,,"[[B*n_h, T, T]]",[4511],39,self_attn,,1,model.layers.39.self_attn,aten.view.default,[],prefill,True,
4513,self_attn,,,expand,"[[B, n_h, T, d_head]]",,,"[[B, n_h, T, d_head]]",[4499],39,self_attn,,1,model.layers.39.self_attn,aten.expand.default,[],prefill,True,
4514,self_attn,,,view,"[[B, n_h, T, d_head]]",,,"[[B*n_h, T, d_head]]",[4513],39,self_attn,,1,model.layers.39.self_attn,aten.view.default,[],prefill,True,
4515,self_attn,,,batched_matmul,"[[B*n_h, T, T], [B*n_h, T, d_head]]",,,"[[B*n_h, T, d_head]]","[4512, 4514]",39,self_attn,,1,model.layers.39.self_attn,aten.bmm.default,[],prefill,False,
4516,self_attn,,,_unsafe_view,"[[B*n_h, T, d_head]]",,,"[[B, n_h, T, d_head]]",[4515],39,self_attn,,1,model.layers.39.self_attn,aten._unsafe_view.default,[],prefill,True,
4517,self_attn,,,transpose,"[[B, n_h, T, d_head]]",,,"[[B, T, n_h, d_head]]",[4516],39,self_attn,,1,model.layers.39.self_attn,aten.transpose.int,[],prefill,True,
4518,self_attn,,,clone,"[[B, T, n_h, d_head]]",,,"[[B, T, n_h, d_head]]",[4517],39,self_attn,,1,model.layers.39.self_attn,aten.clone.default,[],prefill,True,
4519,self_attn,,,view,"[[B, T, n_h, d_head]]",,,"[[B, T, n_h*d_head]]",[4518],39,self_attn,,1,model.layers.39.self_attn,aten.view.default,[],prefill,True,
4520,self_attn,o_proj,,t,"[[d_model, n_h*d_head]]","[d_model, n_h*d_head]",0,"[[n_h*d_head, d_model]]",[],39,self_attn,o_proj,2,model.layers.39.self_attn.o_proj,aten.t.default,[model.layers.39.self_attn.o_proj.weight],prefill,True,
4521,self_attn,o_proj,,view,"[[B, T, n_h*d_head]]",,,"[[B*T, n_h*d_head]]",[4519],39,self_attn,o_proj,2,model.layers.39.self_attn.o_proj,aten.view.default,[],prefill,True,
4522,self_attn,o_proj,,matmul,"[[B*T, n_h*d_head], [n_h*d_head, d_model]]","[d_model, n_h*d_head]",1,"[[B*T, d_model]]","[4520, 4521]",39,self_attn,o_proj,2,model.layers.39.self_attn.o_proj,aten.mm.default,[model.layers.39.self_attn.o_proj.weight],prefill,False,
4523,self_attn,o_proj,,_unsafe_view,"[[B*T, d_model]]",,,"[[B, T, d_model]]",[4522],39,self_attn,o_proj,2,model.layers.39.self_attn.o_proj,aten._unsafe_view.default,[],prefill,True,
4524,,,,elementwise_add,"[[B, T, d_model], [B, T, d_model]]",,,"[[B, T, d_model]]","[4450, 4523]",39,,,0,model.layers.39,aten.add.Tensor,[],prefill,False,
4525,post_attention_layernorm,,,_to_copy,"[[B, T, d_model]]",,,"[[B, T, d_model]]",[4524],39,post_attention_layernorm,,1,model.layers.39.post_attention_layernorm,aten._to_copy.default,[],prefill,True,
4526,post_attention_layernorm,,,pow,"[[B, T, d_model]]",,,"[[B, T, d_model]]",[4525],39,post_attention_layernorm,,1,model.layers.39.post_attention_layernorm,aten.pow.Tensor_Scalar,[],prefill,False,
4527,post_attention_layernorm,,,mean,"[[B, T, d_model]]",,,"[[B, T, 1]]",[4526],39,post_attention_layernorm,,1,model.layers.39.post_attention_layernorm,aten.mean.dim,[],prefill,False,
4528,post_attention_layernorm,,,elementwise_add,"[[B, T, 1]]",,,"[[B, T, 1]]",[4527],39,post_attention_layernorm,,1,model.layers.39.post_attention_layernorm,aten.add.Tensor,[],prefill,False,
4529,post_attention_layernorm,,,rsqrt,"[[B, T, 1]]",,,"[[B, T, 1]]",[4528],39,post_attention_layernorm,,1,model.layers.39.post_attention_layernorm,aten.rsqrt.default,[],prefill,False,
4530,post_attention_layernorm,,,elementwise_mul,"[[B, T, d_model], [B, T, 1]]",,,"[[B, T, d_model]]","[4525, 4529]",39,post_attention_layernorm,,1,model.layers.39.post_attention_layernorm,aten.mul.Tensor,[],prefill,False,
4531,post_attention_layernorm,,,_to_copy,"[[B, T, d_model]]",,,"[[B, T, d_model]]",[4530],39,post_attention_layernorm,,1,model.layers.39.post_attention_layernorm,aten._to_copy.default,[],prefill,True,
4532,post_attention_layernorm,,,elementwise_mul,"[[B, T, d_model], [d_model]]",,,"[[B, T, d_model]]",[4531],39,post_attention_layernorm,,1,model.layers.39.post_attention_layernorm,aten.mul.Tensor,[model.layers.39.post_attention_layernorm.weight],prefill,False,
4533,feed_forward,,,view,"[[B, T, d_model]]",,,"[[B*T, d_model]]",[4532],39,feed_forward,,1,model.layers.39.feed_forward,aten.view.default,[],prefill,True,
4534,feed_forward,router,,t,"[[E, d_model]]","[E, d_model]",0,"[[d_model, E]]",[],39,feed_forward,router,2,model.layers.39.feed_forward.router,aten.t.default,[model.layers.39.feed_forward.router.weight],prefill,True,
4535,feed_forward,router,,matmul,"[[B*T, d_model], [d_model, E]]","[E, d_model]",1,"[[B*T, E]]","[4533, 4534]",39,feed_forward,router,2,model.layers.39.feed_forward.router,aten.mm.default,[model.layers.39.feed_forward.router.weight],prefill,False,
4536,feed_forward,router,,topk,"[[B*T, E]]",,,"[[B*T, 1], [B*T, 1]]",[4535],39,feed_forward,router,2,model.layers.39.feed_forward.router,aten.topk.default,[],prefill,False,
4537,feed_forward,router,,full_like,"[[B*T, E]]",,,"[[B*T, E]]",[4535],39,feed_forward,router,2,model.layers.39.feed_forward.router,aten.full_like.default,[],prefill,True,
4538,feed_forward,router,,scatter_,"[[B*T, E], [B*T, 1], [B*T, 1]]",,,"[[B*T, E]]","[4536, 4537]",39,feed_forward,router,2,model.layers.39.feed_forward.router,aten.scatter_.src,[],prefill,True,
4539,feed_forward,router,,_to_copy,"[[B*T, E]]",,,"[[B*T, E]]",[4538],39,feed_forward,router,2,model.layers.39.feed_forward.router,aten._to_copy.default,[],prefill,True,
4540,feed_forward,router,,sigmoid,"[[B*T, E]]",,,"[[B*T, E]]",[4539],39,feed_forward,router,2,model.layers.39.feed_forward.router,aten.sigmoid.default,[],prefill,False,
4541,feed_forward,router,,_to_copy,"[[B*T, E]]",,,"[[B*T, E]]",[4540],39,feed_forward,router,2,model.layers.39.feed_forward.router,aten._to_copy.default,[],prefill,True,
4542,feed_forward,,,repeat,"[[B*T, d_model]]",,,"[[B*E*T, d_model]]",[4533],39,feed_forward,,1,model.layers.39.feed_forward,aten.repeat.default,[],prefill,True,
4543,feed_forward,,,transpose,"[[B*T, E]]",,,"[[E, B*T]]",[4541],39,feed_forward,,1,model.layers.39.feed_forward,aten.transpose.int,[],prefill,True,
4544,feed_forward,,,clone,"[[E, B*T]]",,,"[[E, B*T]]",[4543],39,feed_forward,,1,model.layers.39.feed_forward,aten.clone.default,[],prefill,True,
4545,feed_forward,,,_unsafe_view,"[[E, B*T]]",,,"[[B*E*T, 1]]",[4544],39,feed_forward,,1,model.layers.39.feed_forward,aten._unsafe_view.default,[],prefill,True,
4546,feed_forward,,,elementwise_mul,"[[B*E*T, d_model], [B*E*T, 1]]",,,"[[B*E*T, d_model]]","[4542, 4545]",39,feed_forward,,1,model.layers.39.feed_forward,aten.mul.Tensor,[],prefill,False,
4547,feed_forward,experts,,view,"[[B*E*T, d_model]]",,,"[[E, B*T, d_model]]",[4546],39,feed_forward,experts,2,model.layers.39.feed_forward.experts,aten.view.default,[],prefill,True,
4548,feed_forward,experts,,batched_matmul,"[[E, B*T, d_model], [E, d_model, 2*d_moe]]","[E, d_model, 2*d_moe]",1,"[[E, B*T, 2*d_moe]]",[4547],39,feed_forward,experts,2,model.layers.39.feed_forward.experts,aten.bmm.default,[model.layers.39.feed_forward.experts.gate_up_proj],prefill,False,
4549,feed_forward,experts,,split,"[[E, B*T, 2*d_moe]]",,,"[[E, B*T, d_moe], [E, B*T, d_moe]]",[4548],39,feed_forward,experts,2,model.layers.39.feed_forward.experts,aten.split.Tensor,[],prefill,True,
4550,feed_forward,experts,act_fn,silu,"[[E, B*T, d_moe]]",,,"[[E, B*T, d_moe]]",[4549],39,feed_forward,experts,3,model.layers.39.feed_forward.experts.act_fn,aten.silu.default,[],prefill,False,
4551,feed_forward,experts,,elementwise_mul,"[[E, B*T, d_moe], [E, B*T, d_moe]]",,,"[[E, B*T, d_moe]]","[4549, 4550]",39,feed_forward,experts,2,model.layers.39.feed_forward.experts,aten.mul.Tensor,[],prefill,False,
4552,feed_forward,experts,,batched_matmul,"[[E, B*T, d_moe], [E, d_moe, d_model]]","[E, d_moe, d_model]",1,"[[E, B*T, d_model]]",[4551],39,feed_forward,experts,2,model.layers.39.feed_forward.experts,aten.bmm.default,[model.layers.39.feed_forward.experts.down_proj],prefill,False,
4553,feed_forward,experts,,view,"[[E, B*T, d_model]]",,,"[[B*E*T, d_model]]",[4552],39,feed_forward,experts,2,model.layers.39.feed_forward.experts,aten.view.default,[],prefill,True,
4554,feed_forward,shared_expert,gate_proj,t,"[[d_moe, d_model]]","[d_moe, d_model]",0,"[[d_model, d_moe]]",[],39,feed_forward,shared_expert,3,model.layers.39.feed_forward.shared_expert.gate_proj,aten.t.default,[model.layers.39.feed_forward.shared_expert.gate_proj.weight],prefill,True,
4555,feed_forward,shared_expert,gate_proj,matmul,"[[B*T, d_model], [d_model, d_moe]]","[d_moe, d_model]",1,"[[B*T, d_moe]]","[4533, 4554]",39,feed_forward,shared_expert,3,model.layers.39.feed_forward.shared_expert.gate_proj,aten.mm.default,[model.layers.39.feed_forward.shared_expert.gate_proj.weight],prefill,False,
4556,feed_forward,shared_expert,activation_fn,silu,"[[B*T, d_moe]]",,,"[[B*T, d_moe]]",[4555],39,feed_forward,shared_expert,3,model.layers.39.feed_forward.shared_expert.activation_fn,aten.silu.default,[],prefill,False,
4557,feed_forward,shared_expert,up_proj,t,"[[d_moe, d_model]]","[d_moe, d_model]",0,"[[d_model, d_moe]]",[],39,feed_forward,shared_expert,3,model.layers.39.feed_forward.shared_expert.up_proj,aten.t.default,[model.layers.39.feed_forward.shared_expert.up_proj.weight],prefill,True,
4558,feed_forward,shared_expert,up_proj,matmul,"[[B*T, d_model], [d_model, d_moe]]","[d_moe, d_model]",1,"[[B*T, d_moe]]","[4533, 4557]",39,feed_forward,shared_expert,3,model.layers.39.feed_forward.shared_expert.up_proj,aten.mm.default,[model.layers.39.feed_forward.shared_expert.up_proj.weight],prefill,False,
4559,feed_forward,shared_expert,,elementwise_mul,"[[B*T, d_moe], [B*T, d_moe]]",,,"[[B*T, d_moe]]","[4556, 4558]",39,feed_forward,shared_expert,2,model.layers.39.feed_forward.shared_expert,aten.mul.Tensor,[],prefill,False,
4560,feed_forward,shared_expert,down_proj,t,"[[d_model, d_moe]]","[d_model, d_moe]",0,"[[d_moe, d_model]]",[],39,feed_forward,shared_expert,3,model.layers.39.feed_forward.shared_expert.down_proj,aten.t.default,[model.layers.39.feed_forward.shared_expert.down_proj.weight],prefill,True,
4561,feed_forward,shared_expert,down_proj,matmul,"[[B*T, d_moe], [d_moe, d_model]]","[d_model, d_moe]",1,"[[B*T, d_model]]","[4559, 4560]",39,feed_forward,shared_expert,3,model.layers.39.feed_forward.shared_expert.down_proj,aten.mm.default,[model.layers.39.feed_forward.shared_expert.down_proj.weight],prefill,False,
4562,feed_forward,,,view,"[[B*E*T, d_model]]",,,"[[E, B*T, d_model]]",[4553],39,feed_forward,,1,model.layers.39.feed_forward,aten.view.default,[],prefill,True,
4563,feed_forward,,,sum,"[[E, B*T, d_model]]",,,"[[B*T, d_model]]",[4562],39,feed_forward,,1,model.layers.39.feed_forward,aten.sum.dim_IntList,[],prefill,True,
4564,feed_forward,,,add_,"[[B*T, d_model], [B*T, d_model]]",,,"[[B*T, d_model]]","[4561, 4563]",39,feed_forward,,1,model.layers.39.feed_forward,aten.add_.Tensor,[],prefill,True,
4565,,,,view,"[[B*T, d_model]]",,,"[[B, T, d_model]]",[4564],39,,,0,model.layers.39,aten.view.default,[],prefill,True,
4566,,,,elementwise_add,"[[B, T, d_model], [B, T, d_model]]",,,"[[B, T, d_model]]","[4524, 4565]",39,,,0,model.layers.39,aten.add.Tensor,[],prefill,False,
4567,input_layernorm,,,_to_copy,"[[B, T, d_model]]",,,"[[B, T, d_model]]",[4566],40,input_layernorm,,1,model.layers.40.input_layernorm,aten._to_copy.default,[],prefill,True,
4568,input_layernorm,,,pow,"[[B, T, d_model]]",,,"[[B, T, d_model]]",[4567],40,input_layernorm,,1,model.layers.40.input_layernorm,aten.pow.Tensor_Scalar,[],prefill,False,
4569,input_layernorm,,,mean,"[[B, T, d_model]]",,,"[[B, T, 1]]",[4568],40,input_layernorm,,1,model.layers.40.input_layernorm,aten.mean.dim,[],prefill,False,
4570,input_layernorm,,,elementwise_add,"[[B, T, 1]]",,,"[[B, T, 1]]",[4569],40,input_layernorm,,1,model.layers.40.input_layernorm,aten.add.Tensor,[],prefill,False,
4571,input_layernorm,,,rsqrt,"[[B, T, 1]]",,,"[[B, T, 1]]",[4570],40,input_layernorm,,1,model.layers.40.input_layernorm,aten.rsqrt.default,[],prefill,False,
4572,input_layernorm,,,elementwise_mul,"[[B, T, d_model], [B, T, 1]]",,,"[[B, T, d_model]]","[4567, 4571]",40,input_layernorm,,1,model.layers.40.input_layernorm,aten.mul.Tensor,[],prefill,False,
4573,input_layernorm,,,_to_copy,"[[B, T, d_model]]",,,"[[B, T, d_model]]",[4572],40,input_layernorm,,1,model.layers.40.input_layernorm,aten._to_copy.default,[],prefill,True,
4574,input_layernorm,,,elementwise_mul,"[[B, T, d_model], [d_model]]",,,"[[B, T, d_model]]",[4573],40,input_layernorm,,1,model.layers.40.input_layernorm,aten.mul.Tensor,[model.layers.40.input_layernorm.weight],prefill,False,
4575,self_attn,q_proj,,t,"[[n_h*d_head, d_model]]","[n_h*d_head, d_model]",0,"[[d_model, n_h*d_head]]",[],40,self_attn,q_proj,2,model.layers.40.self_attn.q_proj,aten.t.default,[model.layers.40.self_attn.q_proj.weight],prefill,True,
4576,self_attn,q_proj,,view,"[[B, T, d_model]]",,,"[[B*T, d_model]]",[4574],40,self_attn,q_proj,2,model.layers.40.self_attn.q_proj,aten.view.default,[],prefill,True,
4577,self_attn,q_proj,,matmul,"[[B*T, d_model], [d_model, n_h*d_head]]","[n_h*d_head, d_model]",1,"[[B*T, n_h*d_head]]","[4575, 4576]",40,self_attn,q_proj,2,model.layers.40.self_attn.q_proj,aten.mm.default,[model.layers.40.self_attn.q_proj.weight],prefill,False,
4578,self_attn,q_proj,,_unsafe_view,"[[B*T, n_h*d_head]]",,,"[[B, T, n_h*d_head]]",[4577],40,self_attn,q_proj,2,model.layers.40.self_attn.q_proj,aten._unsafe_view.default,[],prefill,True,
4579,self_attn,,,view,"[[B, T, n_h*d_head]]",,,"[[B, T, n_h, d_head]]",[4578],40,self_attn,,1,model.layers.40.self_attn,aten.view.default,[],prefill,True,
4580,self_attn,k_proj,,t,"[[n_kv*d_head, d_model]]","[n_kv*d_head, d_model]",0,"[[d_model, n_kv*d_head]]",[],40,self_attn,k_proj,2,model.layers.40.self_attn.k_proj,aten.t.default,[model.layers.40.self_attn.k_proj.weight],prefill,True,
4581,self_attn,k_proj,,view,"[[B, T, d_model]]",,,"[[B*T, d_model]]",[4574],40,self_attn,k_proj,2,model.layers.40.self_attn.k_proj,aten.view.default,[],prefill,True,
4582,self_attn,k_proj,,matmul,"[[B*T, d_model], [d_model, n_kv*d_head]]","[n_kv*d_head, d_model]",1,"[[B*T, n_kv*d_head]]","[4580, 4581]",40,self_attn,k_proj,2,model.layers.40.self_attn.k_proj,aten.mm.default,[model.layers.40.self_attn.k_proj.weight],prefill,False,
4583,self_attn,k_proj,,_unsafe_view,"[[B*T, n_kv*d_head]]",,,"[[B, T, n_kv*d_head]]",[4582],40,self_attn,k_proj,2,model.layers.40.self_attn.k_proj,aten._unsafe_view.default,[],prefill,True,
4584,self_attn,,,view,"[[B, T, n_kv*d_head]]",,,"[[B, T, n_kv, d_head]]",[4583],40,self_attn,,1,model.layers.40.self_attn,aten.view.default,[],prefill,True,
4585,self_attn,v_proj,,t,"[[n_kv*d_head, d_model]]","[n_kv*d_head, d_model]",0,"[[d_model, n_kv*d_head]]",[],40,self_attn,v_proj,2,model.layers.40.self_attn.v_proj,aten.t.default,[model.layers.40.self_attn.v_proj.weight],prefill,True,
4586,self_attn,v_proj,,view,"[[B, T, d_model]]",,,"[[B*T, d_model]]",[4574],40,self_attn,v_proj,2,model.layers.40.self_attn.v_proj,aten.view.default,[],prefill,True,
4587,self_attn,v_proj,,matmul,"[[B*T, d_model], [d_model, n_kv*d_head]]","[n_kv*d_head, d_model]",1,"[[B*T, n_kv*d_head]]","[4585, 4586]",40,self_attn,v_proj,2,model.layers.40.self_attn.v_proj,aten.mm.default,[model.layers.40.self_attn.v_proj.weight],prefill,False,
4588,self_attn,v_proj,,_unsafe_view,"[[B*T, n_kv*d_head]]",,,"[[B, T, n_kv*d_head]]",[4587],40,self_attn,v_proj,2,model.layers.40.self_attn.v_proj,aten._unsafe_view.default,[],prefill,True,
4589,self_attn,,,view,"[[B, T, n_kv*d_head]]",,,"[[B, T, n_kv, d_head]]",[4588],40,self_attn,,1,model.layers.40.self_attn,aten.view.default,[],prefill,True,
4590,self_attn,,,transpose,"[[B, T, n_kv, d_head]]",,,"[[B, n_kv, T, d_head]]",[4589],40,self_attn,,1,model.layers.40.self_attn,aten.transpose.int,[],prefill,True,
4591,self_attn,,,_to_copy,"[[B, T, n_h, d_head]]",,,"[[B, T, n_h, d_head]]",[4579],40,self_attn,,1,model.layers.40.self_attn,aten._to_copy.default,[],prefill,True,
4592,self_attn,,,view,"[[B, T, n_h, d_head]]",,,"[[B, T, n_h, d_head/2, 2]]",[4591],40,self_attn,,1,model.layers.40.self_attn,aten.view.default,[],prefill,True,
4593,self_attn,,,view_as_complex,"[[B, T, n_h, d_head/2, 2]]",,,"[[B, T, n_h, d_head/2]]",[4592],40,self_attn,,1,model.layers.40.self_attn,aten.view_as_complex.default,[],prefill,True,
4594,self_attn,,,_to_copy,"[[B, T, n_kv, d_head]]",,,"[[B, T, n_kv, d_head]]",[4584],40,self_attn,,1,model.layers.40.self_attn,aten._to_copy.default,[],prefill,True,
4595,self_attn,,,view,"[[B, T, n_kv, d_head]]",,,"[[B, T, n_kv, d_head/2, 2]]",[4594],40,self_attn,,1,model.layers.40.self_attn,aten.view.default,[],prefill,True,
4596,self_attn,,,view_as_complex,"[[B, T, n_kv, d_head/2, 2]]",,,"[[B, T, n_kv, d_head/2]]",[4595],40,self_attn,,1,model.layers.40.self_attn,aten.view_as_complex.default,[],prefill,True,
4597,self_attn,,,unsqueeze,"[[B, T, d_head/2]]",,,"[[B, T, 1, d_head/2]]",[106],40,self_attn,,1,model.layers.40.self_attn,aten.unsqueeze.default,[],prefill,True,
4598,self_attn,,,elementwise_mul,"[[B, T, n_h, d_head/2], [B, T, 1, d_head/2]]",,,"[[B, T, n_h, d_head/2]]","[4593, 4597]",40,self_attn,,1,model.layers.40.self_attn,aten.mul.Tensor,[],prefill,False,
4599,self_attn,,,view_as_real,"[[B, T, n_h, d_head/2]]",,,"[[B, T, n_h, d_head/2, 2]]",[4598],40,self_attn,,1,model.layers.40.self_attn,aten.view_as_real.default,[],prefill,True,
4600,self_attn,,,view,"[[B, T, n_h, d_head/2, 2]]",,,"[[B, T, n_h, d_head]]",[4599],40,self_attn,,1,model.layers.40.self_attn,aten.view.default,[],prefill,True,
4601,self_attn,,,unsqueeze,"[[B, T, d_head/2]]",,,"[[B, T, 1, d_head/2]]",[106],40,self_attn,,1,model.layers.40.self_attn,aten.unsqueeze.default,[],prefill,True,
4602,self_attn,,,elementwise_mul,"[[B, T, n_kv, d_head/2], [B, T, 1, d_head/2]]",,,"[[B, T, n_kv, d_head/2]]","[4596, 4601]",40,self_attn,,1,model.layers.40.self_attn,aten.mul.Tensor,[],prefill,False,
4603,self_attn,,,view_as_real,"[[B, T, n_kv, d_head/2]]",,,"[[B, T, n_kv, d_head/2, 2]]",[4602],40,self_attn,,1,model.layers.40.self_attn,aten.view_as_real.default,[],prefill,True,
4604,self_attn,,,view,"[[B, T, n_kv, d_head/2, 2]]",,,"[[B, T, n_kv, d_head]]",[4603],40,self_attn,,1,model.layers.40.self_attn,aten.view.default,[],prefill,True,
4605,self_attn,,,_to_copy,"[[B, T, n_h, d_head]]",,,"[[B, T, n_h, d_head]]",[4600],40,self_attn,,1,model.layers.40.self_attn,aten._to_copy.default,[],prefill,True,
4606,self_attn,,,_to_copy,"[[B, T, n_kv, d_head]]",,,"[[B, T, n_kv, d_head]]",[4604],40,self_attn,,1,model.layers.40.self_attn,aten._to_copy.default,[],prefill,True,
4607,self_attn,,,transpose,"[[B, T, n_h, d_head]]",,,"[[B, n_h, T, d_head]]",[4605],40,self_attn,,1,model.layers.40.self_attn,aten.transpose.int,[],prefill,True,
4608,self_attn,,,transpose,"[[B, T, n_kv, d_head]]",,,"[[B, n_kv, T, d_head]]",[4606],40,self_attn,,1,model.layers.40.self_attn,aten.transpose.int,[],prefill,True,
4609,self_attn,,,_to_copy,[[]],,,[[]],[31],40,self_attn,,1,model.layers.40.self_attn,aten._to_copy.default,[],prefill,True,
4610,self_attn,,,concat,"[[0], [B, n_kv, T, d_head]]",,,"[[B, n_kv, T, d_head]]",[4608],40,self_attn,,1,model.layers.40.self_attn,aten.cat.default,[],prefill,False,
4611,self_attn,,,concat,"[[0], [B, n_kv, T, d_head]]",,,"[[B, n_kv, T, d_head]]",[4590],40,self_attn,,1,model.layers.40.self_attn,aten.cat.default,[],prefill,False,
4612,self_attn,,,slice,"[[B, n_kv, T, d_head]]",,,"[[B, n_kv, T, d_head]]",[4610],40,self_attn,,1,model.layers.40.self_attn,aten.slice.Tensor,[],prefill,True,
4613,self_attn,,,slice,"[[B, n_kv, T, d_head]]",,,"[[B, n_kv, T, d_head]]",[4611],40,self_attn,,1,model.layers.40.self_attn,aten.slice.Tensor,[],prefill,True,
4614,self_attn,,,unsqueeze,"[[B, n_kv, T, d_head]]",,,"[[B, n_kv, 1, T, d_head]]",[4610],40,self_attn,,1,model.layers.40.self_attn,aten.unsqueeze.default,[],prefill,True,
4615,self_attn,,,expand,"[[B, n_kv, 1, T, d_head]]",,,"[[B, n_kv, n_h/n_kv, T, d_head]]",[4614],40,self_attn,,1,model.layers.40.self_attn,aten.expand.default,[],prefill,True,
4616,self_attn,,,clone,"[[B, n_kv, n_h/n_kv, T, d_head]]",,,"[[B, n_kv, n_h/n_kv, T, d_head]]",[4615],40,self_attn,,1,model.layers.40.self_attn,aten.clone.default,[],prefill,True,
4617,self_attn,,,_unsafe_view,"[[B, n_kv, n_h/n_kv, T, d_head]]",,,"[[B, n_h, T, d_head]]",[4616],40,self_attn,,1,model.layers.40.self_attn,aten._unsafe_view.default,[],prefill,True,
4618,self_attn,,,unsqueeze,"[[B, n_kv, T, d_head]]",,,"[[B, n_kv, 1, T, d_head]]",[4611],40,self_attn,,1,model.layers.40.self_attn,aten.unsqueeze.default,[],prefill,True,
4619,self_attn,,,expand,"[[B, n_kv, 1, T, d_head]]",,,"[[B, n_kv, n_h/n_kv, T, d_head]]",[4618],40,self_attn,,1,model.layers.40.self_attn,aten.expand.default,[],prefill,True,
4620,self_attn,,,clone,"[[B, n_kv, n_h/n_kv, T, d_head]]",,,"[[B, n_kv, n_h/n_kv, T, d_head]]",[4619],40,self_attn,,1,model.layers.40.self_attn,aten.clone.default,[],prefill,True,
4621,self_attn,,,_unsafe_view,"[[B, n_kv, n_h/n_kv, T, d_head]]",,,"[[B, n_h, T, d_head]]",[4620],40,self_attn,,1,model.layers.40.self_attn,aten._unsafe_view.default,[],prefill,True,
4622,self_attn,,,transpose,"[[B, n_h, T, d_head]]",,,"[[B, n_h, d_head, T]]",[4617],40,self_attn,,1,model.layers.40.self_attn,aten.transpose.int,[],prefill,True,
4623,self_attn,,,expand,"[[B, n_h, T, d_head]]",,,"[[B, n_h, T, d_head]]",[4607],40,self_attn,,1,model.layers.40.self_attn,aten.expand.default,[],prefill,True,
4624,self_attn,,,clone,"[[B, n_h, T, d_head]]",,,"[[B, n_h, T, d_head]]",[4623],40,self_attn,,1,model.layers.40.self_attn,aten.clone.default,[],prefill,True,
4625,self_attn,,,_unsafe_view,"[[B, n_h, T, d_head]]",,,"[[B*n_h, T, d_head]]",[4624],40,self_attn,,1,model.layers.40.self_attn,aten._unsafe_view.default,[],prefill,True,
4626,self_attn,,,expand,"[[B, n_h, d_head, T]]",,,"[[B, n_h, d_head, T]]",[4622],40,self_attn,,1,model.layers.40.self_attn,aten.expand.default,[],prefill,True,
4627,self_attn,,,view,"[[B, n_h, d_head, T]]",,,"[[B*n_h, d_head, T]]",[4626],40,self_attn,,1,model.layers.40.self_attn,aten.view.default,[],prefill,True,
4628,self_attn,,,batched_matmul,"[[B*n_h, T, d_head], [B*n_h, d_head, T]]",,,"[[B*n_h, T, T]]","[4625, 4627]",40,self_attn,,1,model.layers.40.self_attn,aten.bmm.default,[],prefill,False,
4629,self_attn,,,_unsafe_view,"[[B*n_h, T, T]]",,,"[[B, n_h, T, T]]",[4628],40,self_attn,,1,model.layers.40.self_attn,aten._unsafe_view.default,[],prefill,True,
4630,self_attn,,,elementwise_mul,"[[B, n_h, T, T]]",,,"[[B, n_h, T, T]]",[4629],40,self_attn,,1,model.layers.40.self_attn,aten.mul.Tensor,[],prefill,False,
4631,self_attn,,,elementwise_add,"[[B, n_h, T, T], [B, 1, T, T]]",,,"[[B, n_h, T, T]]","[91, 4630]",40,self_attn,,1,model.layers.40.self_attn,aten.add.Tensor,[],prefill,False,
4632,self_attn,,,softmax,"[[B, n_h, T, T]]",,,"[[B, n_h, T, T]]",[4631],40,self_attn,,1,model.layers.40.self_attn,aten._softmax.default,[],prefill,False,
4633,self_attn,,,expand,"[[B, n_h, T, T]]",,,"[[B, n_h, T, T]]",[4632],40,self_attn,,1,model.layers.40.self_attn,aten.expand.default,[],prefill,True,
4634,self_attn,,,view,"[[B, n_h, T, T]]",,,"[[B*n_h, T, T]]",[4633],40,self_attn,,1,model.layers.40.self_attn,aten.view.default,[],prefill,True,
4635,self_attn,,,expand,"[[B, n_h, T, d_head]]",,,"[[B, n_h, T, d_head]]",[4621],40,self_attn,,1,model.layers.40.self_attn,aten.expand.default,[],prefill,True,
4636,self_attn,,,view,"[[B, n_h, T, d_head]]",,,"[[B*n_h, T, d_head]]",[4635],40,self_attn,,1,model.layers.40.self_attn,aten.view.default,[],prefill,True,
4637,self_attn,,,batched_matmul,"[[B*n_h, T, T], [B*n_h, T, d_head]]",,,"[[B*n_h, T, d_head]]","[4634, 4636]",40,self_attn,,1,model.layers.40.self_attn,aten.bmm.default,[],prefill,False,
4638,self_attn,,,_unsafe_view,"[[B*n_h, T, d_head]]",,,"[[B, n_h, T, d_head]]",[4637],40,self_attn,,1,model.layers.40.self_attn,aten._unsafe_view.default,[],prefill,True,
4639,self_attn,,,transpose,"[[B, n_h, T, d_head]]",,,"[[B, T, n_h, d_head]]",[4638],40,self_attn,,1,model.layers.40.self_attn,aten.transpose.int,[],prefill,True,
4640,self_attn,,,clone,"[[B, T, n_h, d_head]]",,,"[[B, T, n_h, d_head]]",[4639],40,self_attn,,1,model.layers.40.self_attn,aten.clone.default,[],prefill,True,
4641,self_attn,,,view,"[[B, T, n_h, d_head]]",,,"[[B, T, n_h*d_head]]",[4640],40,self_attn,,1,model.layers.40.self_attn,aten.view.default,[],prefill,True,
4642,self_attn,o_proj,,t,"[[d_model, n_h*d_head]]","[d_model, n_h*d_head]",0,"[[n_h*d_head, d_model]]",[],40,self_attn,o_proj,2,model.layers.40.self_attn.o_proj,aten.t.default,[model.layers.40.self_attn.o_proj.weight],prefill,True,
4643,self_attn,o_proj,,view,"[[B, T, n_h*d_head]]",,,"[[B*T, n_h*d_head]]",[4641],40,self_attn,o_proj,2,model.layers.40.self_attn.o_proj,aten.view.default,[],prefill,True,
4644,self_attn,o_proj,,matmul,"[[B*T, n_h*d_head], [n_h*d_head, d_model]]","[d_model, n_h*d_head]",1,"[[B*T, d_model]]","[4642, 4643]",40,self_attn,o_proj,2,model.layers.40.self_attn.o_proj,aten.mm.default,[model.layers.40.self_attn.o_proj.weight],prefill,False,
4645,self_attn,o_proj,,_unsafe_view,"[[B*T, d_model]]",,,"[[B, T, d_model]]",[4644],40,self_attn,o_proj,2,model.layers.40.self_attn.o_proj,aten._unsafe_view.default,[],prefill,True,
4646,,,,elementwise_add,"[[B, T, d_model], [B, T, d_model]]",,,"[[B, T, d_model]]","[4566, 4645]",40,,,0,model.layers.40,aten.add.Tensor,[],prefill,False,
4647,post_attention_layernorm,,,_to_copy,"[[B, T, d_model]]",,,"[[B, T, d_model]]",[4646],40,post_attention_layernorm,,1,model.layers.40.post_attention_layernorm,aten._to_copy.default,[],prefill,True,
4648,post_attention_layernorm,,,pow,"[[B, T, d_model]]",,,"[[B, T, d_model]]",[4647],40,post_attention_layernorm,,1,model.layers.40.post_attention_layernorm,aten.pow.Tensor_Scalar,[],prefill,False,
4649,post_attention_layernorm,,,mean,"[[B, T, d_model]]",,,"[[B, T, 1]]",[4648],40,post_attention_layernorm,,1,model.layers.40.post_attention_layernorm,aten.mean.dim,[],prefill,False,
4650,post_attention_layernorm,,,elementwise_add,"[[B, T, 1]]",,,"[[B, T, 1]]",[4649],40,post_attention_layernorm,,1,model.layers.40.post_attention_layernorm,aten.add.Tensor,[],prefill,False,
4651,post_attention_layernorm,,,rsqrt,"[[B, T, 1]]",,,"[[B, T, 1]]",[4650],40,post_attention_layernorm,,1,model.layers.40.post_attention_layernorm,aten.rsqrt.default,[],prefill,False,
4652,post_attention_layernorm,,,elementwise_mul,"[[B, T, d_model], [B, T, 1]]",,,"[[B, T, d_model]]","[4647, 4651]",40,post_attention_layernorm,,1,model.layers.40.post_attention_layernorm,aten.mul.Tensor,[],prefill,False,
4653,post_attention_layernorm,,,_to_copy,"[[B, T, d_model]]",,,"[[B, T, d_model]]",[4652],40,post_attention_layernorm,,1,model.layers.40.post_attention_layernorm,aten._to_copy.default,[],prefill,True,
4654,post_attention_layernorm,,,elementwise_mul,"[[B, T, d_model], [d_model]]",,,"[[B, T, d_model]]",[4653],40,post_attention_layernorm,,1,model.layers.40.post_attention_layernorm,aten.mul.Tensor,[model.layers.40.post_attention_layernorm.weight],prefill,False,
4655,feed_forward,gate_proj,,t,"[[d_ff, d_model]]","[d_ff, d_model]",0,"[[d_model, d_ff]]",[],40,feed_forward,gate_proj,2,model.layers.40.feed_forward.gate_proj,aten.t.default,[model.layers.40.feed_forward.gate_proj.weight],prefill,True,
4656,feed_forward,gate_proj,,view,"[[B, T, d_model]]",,,"[[B*T, d_model]]",[4654],40,feed_forward,gate_proj,2,model.layers.40.feed_forward.gate_proj,aten.view.default,[],prefill,True,
4657,feed_forward,gate_proj,,matmul,"[[B*T, d_model], [d_model, d_ff]]","[d_ff, d_model]",1,"[[B*T, d_ff]]","[4655, 4656]",40,feed_forward,gate_proj,2,model.layers.40.feed_forward.gate_proj,aten.mm.default,[model.layers.40.feed_forward.gate_proj.weight],prefill,False,
4658,feed_forward,gate_proj,,_unsafe_view,"[[B*T, d_ff]]",,,"[[B, T, d_ff]]",[4657],40,feed_forward,gate_proj,2,model.layers.40.feed_forward.gate_proj,aten._unsafe_view.default,[],prefill,True,
4659,feed_forward,activation_fn,,silu,"[[B, T, d_ff]]",,,"[[B, T, d_ff]]",[4658],40,feed_forward,activation_fn,2,model.layers.40.feed_forward.activation_fn,aten.silu.default,[],prefill,False,
4660,feed_forward,up_proj,,t,"[[d_ff, d_model]]","[d_ff, d_model]",0,"[[d_model, d_ff]]",[],40,feed_forward,up_proj,2,model.layers.40.feed_forward.up_proj,aten.t.default,[model.layers.40.feed_forward.up_proj.weight],prefill,True,
4661,feed_forward,up_proj,,view,"[[B, T, d_model]]",,,"[[B*T, d_model]]",[4654],40,feed_forward,up_proj,2,model.layers.40.feed_forward.up_proj,aten.view.default,[],prefill,True,
4662,feed_forward,up_proj,,matmul,"[[B*T, d_model], [d_model, d_ff]]","[d_ff, d_model]",1,"[[B*T, d_ff]]","[4660, 4661]",40,feed_forward,up_proj,2,model.layers.40.feed_forward.up_proj,aten.mm.default,[model.layers.40.feed_forward.up_proj.weight],prefill,False,
4663,feed_forward,up_proj,,_unsafe_view,"[[B*T, d_ff]]",,,"[[B, T, d_ff]]",[4662],40,feed_forward,up_proj,2,model.layers.40.feed_forward.up_proj,aten._unsafe_view.default,[],prefill,True,
4664,feed_forward,,,elementwise_mul,"[[B, T, d_ff], [B, T, d_ff]]",,,"[[B, T, d_ff]]","[4659, 4663]",40,feed_forward,,1,model.layers.40.feed_forward,aten.mul.Tensor,[],prefill,False,
4665,feed_forward,down_proj,,t,"[[d_model, d_ff]]","[d_model, d_ff]",0,"[[d_ff, d_model]]",[],40,feed_forward,down_proj,2,model.layers.40.feed_forward.down_proj,aten.t.default,[model.layers.40.feed_forward.down_proj.weight],prefill,True,
4666,feed_forward,down_proj,,view,"[[B, T, d_ff]]",,,"[[B*T, d_ff]]",[4664],40,feed_forward,down_proj,2,model.layers.40.feed_forward.down_proj,aten.view.default,[],prefill,True,
4667,feed_forward,down_proj,,matmul,"[[B*T, d_ff], [d_ff, d_model]]","[d_model, d_ff]",1,"[[B*T, d_model]]","[4665, 4666]",40,feed_forward,down_proj,2,model.layers.40.feed_forward.down_proj,aten.mm.default,[model.layers.40.feed_forward.down_proj.weight],prefill,False,
4668,feed_forward,down_proj,,_unsafe_view,"[[B*T, d_model]]",,,"[[B, T, d_model]]",[4667],40,feed_forward,down_proj,2,model.layers.40.feed_forward.down_proj,aten._unsafe_view.default,[],prefill,True,
4669,,,,view,"[[B, T, d_model]]",,,"[[B, T, d_model]]",[4668],40,,,0,model.layers.40,aten.view.default,[],prefill,True,
4670,,,,elementwise_add,"[[B, T, d_model], [B, T, d_model]]",,,"[[B, T, d_model]]","[4646, 4669]",40,,,0,model.layers.40,aten.add.Tensor,[],prefill,False,
4671,input_layernorm,,,_to_copy,"[[B, T, d_model]]",,,"[[B, T, d_model]]",[4670],41,input_layernorm,,1,model.layers.41.input_layernorm,aten._to_copy.default,[],prefill,True,
4672,input_layernorm,,,pow,"[[B, T, d_model]]",,,"[[B, T, d_model]]",[4671],41,input_layernorm,,1,model.layers.41.input_layernorm,aten.pow.Tensor_Scalar,[],prefill,False,
4673,input_layernorm,,,mean,"[[B, T, d_model]]",,,"[[B, T, 1]]",[4672],41,input_layernorm,,1,model.layers.41.input_layernorm,aten.mean.dim,[],prefill,False,
4674,input_layernorm,,,elementwise_add,"[[B, T, 1]]",,,"[[B, T, 1]]",[4673],41,input_layernorm,,1,model.layers.41.input_layernorm,aten.add.Tensor,[],prefill,False,
4675,input_layernorm,,,rsqrt,"[[B, T, 1]]",,,"[[B, T, 1]]",[4674],41,input_layernorm,,1,model.layers.41.input_layernorm,aten.rsqrt.default,[],prefill,False,
4676,input_layernorm,,,elementwise_mul,"[[B, T, d_model], [B, T, 1]]",,,"[[B, T, d_model]]","[4671, 4675]",41,input_layernorm,,1,model.layers.41.input_layernorm,aten.mul.Tensor,[],prefill,False,
4677,input_layernorm,,,_to_copy,"[[B, T, d_model]]",,,"[[B, T, d_model]]",[4676],41,input_layernorm,,1,model.layers.41.input_layernorm,aten._to_copy.default,[],prefill,True,
4678,input_layernorm,,,elementwise_mul,"[[B, T, d_model], [d_model]]",,,"[[B, T, d_model]]",[4677],41,input_layernorm,,1,model.layers.41.input_layernorm,aten.mul.Tensor,[model.layers.41.input_layernorm.weight],prefill,False,
4679,self_attn,q_proj,,t,"[[n_h*d_head, d_model]]","[n_h*d_head, d_model]",0,"[[d_model, n_h*d_head]]",[],41,self_attn,q_proj,2,model.layers.41.self_attn.q_proj,aten.t.default,[model.layers.41.self_attn.q_proj.weight],prefill,True,
4680,self_attn,q_proj,,view,"[[B, T, d_model]]",,,"[[B*T, d_model]]",[4678],41,self_attn,q_proj,2,model.layers.41.self_attn.q_proj,aten.view.default,[],prefill,True,
4681,self_attn,q_proj,,matmul,"[[B*T, d_model], [d_model, n_h*d_head]]","[n_h*d_head, d_model]",1,"[[B*T, n_h*d_head]]","[4679, 4680]",41,self_attn,q_proj,2,model.layers.41.self_attn.q_proj,aten.mm.default,[model.layers.41.self_attn.q_proj.weight],prefill,False,
4682,self_attn,q_proj,,_unsafe_view,"[[B*T, n_h*d_head]]",,,"[[B, T, n_h*d_head]]",[4681],41,self_attn,q_proj,2,model.layers.41.self_attn.q_proj,aten._unsafe_view.default,[],prefill,True,
4683,self_attn,,,view,"[[B, T, n_h*d_head]]",,,"[[B, T, n_h, d_head]]",[4682],41,self_attn,,1,model.layers.41.self_attn,aten.view.default,[],prefill,True,
4684,self_attn,k_proj,,t,"[[n_kv*d_head, d_model]]","[n_kv*d_head, d_model]",0,"[[d_model, n_kv*d_head]]",[],41,self_attn,k_proj,2,model.layers.41.self_attn.k_proj,aten.t.default,[model.layers.41.self_attn.k_proj.weight],prefill,True,
4685,self_attn,k_proj,,view,"[[B, T, d_model]]",,,"[[B*T, d_model]]",[4678],41,self_attn,k_proj,2,model.layers.41.self_attn.k_proj,aten.view.default,[],prefill,True,
4686,self_attn,k_proj,,matmul,"[[B*T, d_model], [d_model, n_kv*d_head]]","[n_kv*d_head, d_model]",1,"[[B*T, n_kv*d_head]]","[4684, 4685]",41,self_attn,k_proj,2,model.layers.41.self_attn.k_proj,aten.mm.default,[model.layers.41.self_attn.k_proj.weight],prefill,False,
4687,self_attn,k_proj,,_unsafe_view,"[[B*T, n_kv*d_head]]",,,"[[B, T, n_kv*d_head]]",[4686],41,self_attn,k_proj,2,model.layers.41.self_attn.k_proj,aten._unsafe_view.default,[],prefill,True,
4688,self_attn,,,view,"[[B, T, n_kv*d_head]]",,,"[[B, T, n_kv, d_head]]",[4687],41,self_attn,,1,model.layers.41.self_attn,aten.view.default,[],prefill,True,
4689,self_attn,v_proj,,t,"[[n_kv*d_head, d_model]]","[n_kv*d_head, d_model]",0,"[[d_model, n_kv*d_head]]",[],41,self_attn,v_proj,2,model.layers.41.self_attn.v_proj,aten.t.default,[model.layers.41.self_attn.v_proj.weight],prefill,True,
4690,self_attn,v_proj,,view,"[[B, T, d_model]]",,,"[[B*T, d_model]]",[4678],41,self_attn,v_proj,2,model.layers.41.self_attn.v_proj,aten.view.default,[],prefill,True,
4691,self_attn,v_proj,,matmul,"[[B*T, d_model], [d_model, n_kv*d_head]]","[n_kv*d_head, d_model]",1,"[[B*T, n_kv*d_head]]","[4689, 4690]",41,self_attn,v_proj,2,model.layers.41.self_attn.v_proj,aten.mm.default,[model.layers.41.self_attn.v_proj.weight],prefill,False,
4692,self_attn,v_proj,,_unsafe_view,"[[B*T, n_kv*d_head]]",,,"[[B, T, n_kv*d_head]]",[4691],41,self_attn,v_proj,2,model.layers.41.self_attn.v_proj,aten._unsafe_view.default,[],prefill,True,
4693,self_attn,,,view,"[[B, T, n_kv*d_head]]",,,"[[B, T, n_kv, d_head]]",[4692],41,self_attn,,1,model.layers.41.self_attn,aten.view.default,[],prefill,True,
4694,self_attn,,,transpose,"[[B, T, n_kv, d_head]]",,,"[[B, n_kv, T, d_head]]",[4693],41,self_attn,,1,model.layers.41.self_attn,aten.transpose.int,[],prefill,True,
4695,self_attn,,,_to_copy,"[[B, T, n_h, d_head]]",,,"[[B, T, n_h, d_head]]",[4683],41,self_attn,,1,model.layers.41.self_attn,aten._to_copy.default,[],prefill,True,
4696,self_attn,,,view,"[[B, T, n_h, d_head]]",,,"[[B, T, n_h, d_head/2, 2]]",[4695],41,self_attn,,1,model.layers.41.self_attn,aten.view.default,[],prefill,True,
4697,self_attn,,,view_as_complex,"[[B, T, n_h, d_head/2, 2]]",,,"[[B, T, n_h, d_head/2]]",[4696],41,self_attn,,1,model.layers.41.self_attn,aten.view_as_complex.default,[],prefill,True,
4698,self_attn,,,_to_copy,"[[B, T, n_kv, d_head]]",,,"[[B, T, n_kv, d_head]]",[4688],41,self_attn,,1,model.layers.41.self_attn,aten._to_copy.default,[],prefill,True,
4699,self_attn,,,view,"[[B, T, n_kv, d_head]]",,,"[[B, T, n_kv, d_head/2, 2]]",[4698],41,self_attn,,1,model.layers.41.self_attn,aten.view.default,[],prefill,True,
4700,self_attn,,,view_as_complex,"[[B, T, n_kv, d_head/2, 2]]",,,"[[B, T, n_kv, d_head/2]]",[4699],41,self_attn,,1,model.layers.41.self_attn,aten.view_as_complex.default,[],prefill,True,
4701,self_attn,,,unsqueeze,"[[B, T, d_head/2]]",,,"[[B, T, 1, d_head/2]]",[106],41,self_attn,,1,model.layers.41.self_attn,aten.unsqueeze.default,[],prefill,True,
4702,self_attn,,,elementwise_mul,"[[B, T, n_h, d_head/2], [B, T, 1, d_head/2]]",,,"[[B, T, n_h, d_head/2]]","[4697, 4701]",41,self_attn,,1,model.layers.41.self_attn,aten.mul.Tensor,[],prefill,False,
4703,self_attn,,,view_as_real,"[[B, T, n_h, d_head/2]]",,,"[[B, T, n_h, d_head/2, 2]]",[4702],41,self_attn,,1,model.layers.41.self_attn,aten.view_as_real.default,[],prefill,True,
4704,self_attn,,,view,"[[B, T, n_h, d_head/2, 2]]",,,"[[B, T, n_h, d_head]]",[4703],41,self_attn,,1,model.layers.41.self_attn,aten.view.default,[],prefill,True,
4705,self_attn,,,unsqueeze,"[[B, T, d_head/2]]",,,"[[B, T, 1, d_head/2]]",[106],41,self_attn,,1,model.layers.41.self_attn,aten.unsqueeze.default,[],prefill,True,
4706,self_attn,,,elementwise_mul,"[[B, T, n_kv, d_head/2], [B, T, 1, d_head/2]]",,,"[[B, T, n_kv, d_head/2]]","[4700, 4705]",41,self_attn,,1,model.layers.41.self_attn,aten.mul.Tensor,[],prefill,False,
4707,self_attn,,,view_as_real,"[[B, T, n_kv, d_head/2]]",,,"[[B, T, n_kv, d_head/2, 2]]",[4706],41,self_attn,,1,model.layers.41.self_attn,aten.view_as_real.default,[],prefill,True,
4708,self_attn,,,view,"[[B, T, n_kv, d_head/2, 2]]",,,"[[B, T, n_kv, d_head]]",[4707],41,self_attn,,1,model.layers.41.self_attn,aten.view.default,[],prefill,True,
4709,self_attn,,,_to_copy,"[[B, T, n_h, d_head]]",,,"[[B, T, n_h, d_head]]",[4704],41,self_attn,,1,model.layers.41.self_attn,aten._to_copy.default,[],prefill,True,
4710,self_attn,,,_to_copy,"[[B, T, n_kv, d_head]]",,,"[[B, T, n_kv, d_head]]",[4708],41,self_attn,,1,model.layers.41.self_attn,aten._to_copy.default,[],prefill,True,
4711,self_attn,,,transpose,"[[B, T, n_h, d_head]]",,,"[[B, n_h, T, d_head]]",[4709],41,self_attn,,1,model.layers.41.self_attn,aten.transpose.int,[],prefill,True,
4712,self_attn,,,transpose,"[[B, T, n_kv, d_head]]",,,"[[B, n_kv, T, d_head]]",[4710],41,self_attn,,1,model.layers.41.self_attn,aten.transpose.int,[],prefill,True,
4713,self_attn,,,_to_copy,[[]],,,[[]],[32],41,self_attn,,1,model.layers.41.self_attn,aten._to_copy.default,[],prefill,True,
4714,self_attn,,,concat,"[[0], [B, n_kv, T, d_head]]",,,"[[B, n_kv, T, d_head]]",[4712],41,self_attn,,1,model.layers.41.self_attn,aten.cat.default,[],prefill,False,
4715,self_attn,,,concat,"[[0], [B, n_kv, T, d_head]]",,,"[[B, n_kv, T, d_head]]",[4694],41,self_attn,,1,model.layers.41.self_attn,aten.cat.default,[],prefill,False,
4716,self_attn,,,slice,"[[B, n_kv, T, d_head]]",,,"[[B, n_kv, T, d_head]]",[4714],41,self_attn,,1,model.layers.41.self_attn,aten.slice.Tensor,[],prefill,True,
4717,self_attn,,,slice,"[[B, n_kv, T, d_head]]",,,"[[B, n_kv, T, d_head]]",[4715],41,self_attn,,1,model.layers.41.self_attn,aten.slice.Tensor,[],prefill,True,
4718,self_attn,,,unsqueeze,"[[B, n_kv, T, d_head]]",,,"[[B, n_kv, 1, T, d_head]]",[4714],41,self_attn,,1,model.layers.41.self_attn,aten.unsqueeze.default,[],prefill,True,
4719,self_attn,,,expand,"[[B, n_kv, 1, T, d_head]]",,,"[[B, n_kv, n_h/n_kv, T, d_head]]",[4718],41,self_attn,,1,model.layers.41.self_attn,aten.expand.default,[],prefill,True,
4720,self_attn,,,clone,"[[B, n_kv, n_h/n_kv, T, d_head]]",,,"[[B, n_kv, n_h/n_kv, T, d_head]]",[4719],41,self_attn,,1,model.layers.41.self_attn,aten.clone.default,[],prefill,True,
4721,self_attn,,,_unsafe_view,"[[B, n_kv, n_h/n_kv, T, d_head]]",,,"[[B, n_h, T, d_head]]",[4720],41,self_attn,,1,model.layers.41.self_attn,aten._unsafe_view.default,[],prefill,True,
4722,self_attn,,,unsqueeze,"[[B, n_kv, T, d_head]]",,,"[[B, n_kv, 1, T, d_head]]",[4715],41,self_attn,,1,model.layers.41.self_attn,aten.unsqueeze.default,[],prefill,True,
4723,self_attn,,,expand,"[[B, n_kv, 1, T, d_head]]",,,"[[B, n_kv, n_h/n_kv, T, d_head]]",[4722],41,self_attn,,1,model.layers.41.self_attn,aten.expand.default,[],prefill,True,
4724,self_attn,,,clone,"[[B, n_kv, n_h/n_kv, T, d_head]]",,,"[[B, n_kv, n_h/n_kv, T, d_head]]",[4723],41,self_attn,,1,model.layers.41.self_attn,aten.clone.default,[],prefill,True,
4725,self_attn,,,_unsafe_view,"[[B, n_kv, n_h/n_kv, T, d_head]]",,,"[[B, n_h, T, d_head]]",[4724],41,self_attn,,1,model.layers.41.self_attn,aten._unsafe_view.default,[],prefill,True,
4726,self_attn,,,transpose,"[[B, n_h, T, d_head]]",,,"[[B, n_h, d_head, T]]",[4721],41,self_attn,,1,model.layers.41.self_attn,aten.transpose.int,[],prefill,True,
4727,self_attn,,,expand,"[[B, n_h, T, d_head]]",,,"[[B, n_h, T, d_head]]",[4711],41,self_attn,,1,model.layers.41.self_attn,aten.expand.default,[],prefill,True,
4728,self_attn,,,clone,"[[B, n_h, T, d_head]]",,,"[[B, n_h, T, d_head]]",[4727],41,self_attn,,1,model.layers.41.self_attn,aten.clone.default,[],prefill,True,
4729,self_attn,,,_unsafe_view,"[[B, n_h, T, d_head]]",,,"[[B*n_h, T, d_head]]",[4728],41,self_attn,,1,model.layers.41.self_attn,aten._unsafe_view.default,[],prefill,True,
4730,self_attn,,,expand,"[[B, n_h, d_head, T]]",,,"[[B, n_h, d_head, T]]",[4726],41,self_attn,,1,model.layers.41.self_attn,aten.expand.default,[],prefill,True,
4731,self_attn,,,view,"[[B, n_h, d_head, T]]",,,"[[B*n_h, d_head, T]]",[4730],41,self_attn,,1,model.layers.41.self_attn,aten.view.default,[],prefill,True,
4732,self_attn,,,batched_matmul,"[[B*n_h, T, d_head], [B*n_h, d_head, T]]",,,"[[B*n_h, T, T]]","[4729, 4731]",41,self_attn,,1,model.layers.41.self_attn,aten.bmm.default,[],prefill,False,
4733,self_attn,,,_unsafe_view,"[[B*n_h, T, T]]",,,"[[B, n_h, T, T]]",[4732],41,self_attn,,1,model.layers.41.self_attn,aten._unsafe_view.default,[],prefill,True,
4734,self_attn,,,elementwise_mul,"[[B, n_h, T, T]]",,,"[[B, n_h, T, T]]",[4733],41,self_attn,,1,model.layers.41.self_attn,aten.mul.Tensor,[],prefill,False,
4735,self_attn,,,elementwise_add,"[[B, n_h, T, T], [B, 1, T, T]]",,,"[[B, n_h, T, T]]","[91, 4734]",41,self_attn,,1,model.layers.41.self_attn,aten.add.Tensor,[],prefill,False,
4736,self_attn,,,softmax,"[[B, n_h, T, T]]",,,"[[B, n_h, T, T]]",[4735],41,self_attn,,1,model.layers.41.self_attn,aten._softmax.default,[],prefill,False,
4737,self_attn,,,expand,"[[B, n_h, T, T]]",,,"[[B, n_h, T, T]]",[4736],41,self_attn,,1,model.layers.41.self_attn,aten.expand.default,[],prefill,True,
4738,self_attn,,,view,"[[B, n_h, T, T]]",,,"[[B*n_h, T, T]]",[4737],41,self_attn,,1,model.layers.41.self_attn,aten.view.default,[],prefill,True,
4739,self_attn,,,expand,"[[B, n_h, T, d_head]]",,,"[[B, n_h, T, d_head]]",[4725],41,self_attn,,1,model.layers.41.self_attn,aten.expand.default,[],prefill,True,
4740,self_attn,,,view,"[[B, n_h, T, d_head]]",,,"[[B*n_h, T, d_head]]",[4739],41,self_attn,,1,model.layers.41.self_attn,aten.view.default,[],prefill,True,
4741,self_attn,,,batched_matmul,"[[B*n_h, T, T], [B*n_h, T, d_head]]",,,"[[B*n_h, T, d_head]]","[4738, 4740]",41,self_attn,,1,model.layers.41.self_attn,aten.bmm.default,[],prefill,False,
4742,self_attn,,,_unsafe_view,"[[B*n_h, T, d_head]]",,,"[[B, n_h, T, d_head]]",[4741],41,self_attn,,1,model.layers.41.self_attn,aten._unsafe_view.default,[],prefill,True,
4743,self_attn,,,transpose,"[[B, n_h, T, d_head]]",,,"[[B, T, n_h, d_head]]",[4742],41,self_attn,,1,model.layers.41.self_attn,aten.transpose.int,[],prefill,True,
4744,self_attn,,,clone,"[[B, T, n_h, d_head]]",,,"[[B, T, n_h, d_head]]",[4743],41,self_attn,,1,model.layers.41.self_attn,aten.clone.default,[],prefill,True,
4745,self_attn,,,view,"[[B, T, n_h, d_head]]",,,"[[B, T, n_h*d_head]]",[4744],41,self_attn,,1,model.layers.41.self_attn,aten.view.default,[],prefill,True,
4746,self_attn,o_proj,,t,"[[d_model, n_h*d_head]]","[d_model, n_h*d_head]",0,"[[n_h*d_head, d_model]]",[],41,self_attn,o_proj,2,model.layers.41.self_attn.o_proj,aten.t.default,[model.layers.41.self_attn.o_proj.weight],prefill,True,
4747,self_attn,o_proj,,view,"[[B, T, n_h*d_head]]",,,"[[B*T, n_h*d_head]]",[4745],41,self_attn,o_proj,2,model.layers.41.self_attn.o_proj,aten.view.default,[],prefill,True,
4748,self_attn,o_proj,,matmul,"[[B*T, n_h*d_head], [n_h*d_head, d_model]]","[d_model, n_h*d_head]",1,"[[B*T, d_model]]","[4746, 4747]",41,self_attn,o_proj,2,model.layers.41.self_attn.o_proj,aten.mm.default,[model.layers.41.self_attn.o_proj.weight],prefill,False,
4749,self_attn,o_proj,,_unsafe_view,"[[B*T, d_model]]",,,"[[B, T, d_model]]",[4748],41,self_attn,o_proj,2,model.layers.41.self_attn.o_proj,aten._unsafe_view.default,[],prefill,True,
4750,,,,elementwise_add,"[[B, T, d_model], [B, T, d_model]]",,,"[[B, T, d_model]]","[4670, 4749]",41,,,0,model.layers.41,aten.add.Tensor,[],prefill,False,
4751,post_attention_layernorm,,,_to_copy,"[[B, T, d_model]]",,,"[[B, T, d_model]]",[4750],41,post_attention_layernorm,,1,model.layers.41.post_attention_layernorm,aten._to_copy.default,[],prefill,True,
4752,post_attention_layernorm,,,pow,"[[B, T, d_model]]",,,"[[B, T, d_model]]",[4751],41,post_attention_layernorm,,1,model.layers.41.post_attention_layernorm,aten.pow.Tensor_Scalar,[],prefill,False,
4753,post_attention_layernorm,,,mean,"[[B, T, d_model]]",,,"[[B, T, 1]]",[4752],41,post_attention_layernorm,,1,model.layers.41.post_attention_layernorm,aten.mean.dim,[],prefill,False,
4754,post_attention_layernorm,,,elementwise_add,"[[B, T, 1]]",,,"[[B, T, 1]]",[4753],41,post_attention_layernorm,,1,model.layers.41.post_attention_layernorm,aten.add.Tensor,[],prefill,False,
4755,post_attention_layernorm,,,rsqrt,"[[B, T, 1]]",,,"[[B, T, 1]]",[4754],41,post_attention_layernorm,,1,model.layers.41.post_attention_layernorm,aten.rsqrt.default,[],prefill,False,
4756,post_attention_layernorm,,,elementwise_mul,"[[B, T, d_model], [B, T, 1]]",,,"[[B, T, d_model]]","[4751, 4755]",41,post_attention_layernorm,,1,model.layers.41.post_attention_layernorm,aten.mul.Tensor,[],prefill,False,
4757,post_attention_layernorm,,,_to_copy,"[[B, T, d_model]]",,,"[[B, T, d_model]]",[4756],41,post_attention_layernorm,,1,model.layers.41.post_attention_layernorm,aten._to_copy.default,[],prefill,True,
4758,post_attention_layernorm,,,elementwise_mul,"[[B, T, d_model], [d_model]]",,,"[[B, T, d_model]]",[4757],41,post_attention_layernorm,,1,model.layers.41.post_attention_layernorm,aten.mul.Tensor,[model.layers.41.post_attention_layernorm.weight],prefill,False,
4759,feed_forward,,,view,"[[B, T, d_model]]",,,"[[B*T, d_model]]",[4758],41,feed_forward,,1,model.layers.41.feed_forward,aten.view.default,[],prefill,True,
4760,feed_forward,router,,t,"[[E, d_model]]","[E, d_model]",0,"[[d_model, E]]",[],41,feed_forward,router,2,model.layers.41.feed_forward.router,aten.t.default,[model.layers.41.feed_forward.router.weight],prefill,True,
4761,feed_forward,router,,matmul,"[[B*T, d_model], [d_model, E]]","[E, d_model]",1,"[[B*T, E]]","[4759, 4760]",41,feed_forward,router,2,model.layers.41.feed_forward.router,aten.mm.default,[model.layers.41.feed_forward.router.weight],prefill,False,
4762,feed_forward,router,,topk,"[[B*T, E]]",,,"[[B*T, 1], [B*T, 1]]",[4761],41,feed_forward,router,2,model.layers.41.feed_forward.router,aten.topk.default,[],prefill,False,
4763,feed_forward,router,,full_like,"[[B*T, E]]",,,"[[B*T, E]]",[4761],41,feed_forward,router,2,model.layers.41.feed_forward.router,aten.full_like.default,[],prefill,True,
4764,feed_forward,router,,scatter_,"[[B*T, E], [B*T, 1], [B*T, 1]]",,,"[[B*T, E]]","[4762, 4763]",41,feed_forward,router,2,model.layers.41.feed_forward.router,aten.scatter_.src,[],prefill,True,
4765,feed_forward,router,,_to_copy,"[[B*T, E]]",,,"[[B*T, E]]",[4764],41,feed_forward,router,2,model.layers.41.feed_forward.router,aten._to_copy.default,[],prefill,True,
4766,feed_forward,router,,sigmoid,"[[B*T, E]]",,,"[[B*T, E]]",[4765],41,feed_forward,router,2,model.layers.41.feed_forward.router,aten.sigmoid.default,[],prefill,False,
4767,feed_forward,router,,_to_copy,"[[B*T, E]]",,,"[[B*T, E]]",[4766],41,feed_forward,router,2,model.layers.41.feed_forward.router,aten._to_copy.default,[],prefill,True,
4768,feed_forward,,,repeat,"[[B*T, d_model]]",,,"[[B*E*T, d_model]]",[4759],41,feed_forward,,1,model.layers.41.feed_forward,aten.repeat.default,[],prefill,True,
4769,feed_forward,,,transpose,"[[B*T, E]]",,,"[[E, B*T]]",[4767],41,feed_forward,,1,model.layers.41.feed_forward,aten.transpose.int,[],prefill,True,
4770,feed_forward,,,clone,"[[E, B*T]]",,,"[[E, B*T]]",[4769],41,feed_forward,,1,model.layers.41.feed_forward,aten.clone.default,[],prefill,True,
4771,feed_forward,,,_unsafe_view,"[[E, B*T]]",,,"[[B*E*T, 1]]",[4770],41,feed_forward,,1,model.layers.41.feed_forward,aten._unsafe_view.default,[],prefill,True,
4772,feed_forward,,,elementwise_mul,"[[B*E*T, d_model], [B*E*T, 1]]",,,"[[B*E*T, d_model]]","[4768, 4771]",41,feed_forward,,1,model.layers.41.feed_forward,aten.mul.Tensor,[],prefill,False,
4773,feed_forward,experts,,view,"[[B*E*T, d_model]]",,,"[[E, B*T, d_model]]",[4772],41,feed_forward,experts,2,model.layers.41.feed_forward.experts,aten.view.default,[],prefill,True,
4774,feed_forward,experts,,batched_matmul,"[[E, B*T, d_model], [E, d_model, 2*d_moe]]","[E, d_model, 2*d_moe]",1,"[[E, B*T, 2*d_moe]]",[4773],41,feed_forward,experts,2,model.layers.41.feed_forward.experts,aten.bmm.default,[model.layers.41.feed_forward.experts.gate_up_proj],prefill,False,
4775,feed_forward,experts,,split,"[[E, B*T, 2*d_moe]]",,,"[[E, B*T, d_moe], [E, B*T, d_moe]]",[4774],41,feed_forward,experts,2,model.layers.41.feed_forward.experts,aten.split.Tensor,[],prefill,True,
4776,feed_forward,experts,act_fn,silu,"[[E, B*T, d_moe]]",,,"[[E, B*T, d_moe]]",[4775],41,feed_forward,experts,3,model.layers.41.feed_forward.experts.act_fn,aten.silu.default,[],prefill,False,
4777,feed_forward,experts,,elementwise_mul,"[[E, B*T, d_moe], [E, B*T, d_moe]]",,,"[[E, B*T, d_moe]]","[4775, 4776]",41,feed_forward,experts,2,model.layers.41.feed_forward.experts,aten.mul.Tensor,[],prefill,False,
4778,feed_forward,experts,,batched_matmul,"[[E, B*T, d_moe], [E, d_moe, d_model]]","[E, d_moe, d_model]",1,"[[E, B*T, d_model]]",[4777],41,feed_forward,experts,2,model.layers.41.feed_forward.experts,aten.bmm.default,[model.layers.41.feed_forward.experts.down_proj],prefill,False,
4779,feed_forward,experts,,view,"[[E, B*T, d_model]]",,,"[[B*E*T, d_model]]",[4778],41,feed_forward,experts,2,model.layers.41.feed_forward.experts,aten.view.default,[],prefill,True,
4780,feed_forward,shared_expert,gate_proj,t,"[[d_moe, d_model]]","[d_moe, d_model]",0,"[[d_model, d_moe]]",[],41,feed_forward,shared_expert,3,model.layers.41.feed_forward.shared_expert.gate_proj,aten.t.default,[model.layers.41.feed_forward.shared_expert.gate_proj.weight],prefill,True,
4781,feed_forward,shared_expert,gate_proj,matmul,"[[B*T, d_model], [d_model, d_moe]]","[d_moe, d_model]",1,"[[B*T, d_moe]]","[4759, 4780]",41,feed_forward,shared_expert,3,model.layers.41.feed_forward.shared_expert.gate_proj,aten.mm.default,[model.layers.41.feed_forward.shared_expert.gate_proj.weight],prefill,False,
4782,feed_forward,shared_expert,activation_fn,silu,"[[B*T, d_moe]]",,,"[[B*T, d_moe]]",[4781],41,feed_forward,shared_expert,3,model.layers.41.feed_forward.shared_expert.activation_fn,aten.silu.default,[],prefill,False,
4783,feed_forward,shared_expert,up_proj,t,"[[d_moe, d_model]]","[d_moe, d_model]",0,"[[d_model, d_moe]]",[],41,feed_forward,shared_expert,3,model.layers.41.feed_forward.shared_expert.up_proj,aten.t.default,[model.layers.41.feed_forward.shared_expert.up_proj.weight],prefill,True,
4784,feed_forward,shared_expert,up_proj,matmul,"[[B*T, d_model], [d_model, d_moe]]","[d_moe, d_model]",1,"[[B*T, d_moe]]","[4759, 4783]",41,feed_forward,shared_expert,3,model.layers.41.feed_forward.shared_expert.up_proj,aten.mm.default,[model.layers.41.feed_forward.shared_expert.up_proj.weight],prefill,False,
4785,feed_forward,shared_expert,,elementwise_mul,"[[B*T, d_moe], [B*T, d_moe]]",,,"[[B*T, d_moe]]","[4782, 4784]",41,feed_forward,shared_expert,2,model.layers.41.feed_forward.shared_expert,aten.mul.Tensor,[],prefill,False,
4786,feed_forward,shared_expert,down_proj,t,"[[d_model, d_moe]]","[d_model, d_moe]",0,"[[d_moe, d_model]]",[],41,feed_forward,shared_expert,3,model.layers.41.feed_forward.shared_expert.down_proj,aten.t.default,[model.layers.41.feed_forward.shared_expert.down_proj.weight],prefill,True,
4787,feed_forward,shared_expert,down_proj,matmul,"[[B*T, d_moe], [d_moe, d_model]]","[d_model, d_moe]",1,"[[B*T, d_model]]","[4785, 4786]",41,feed_forward,shared_expert,3,model.layers.41.feed_forward.shared_expert.down_proj,aten.mm.default,[model.layers.41.feed_forward.shared_expert.down_proj.weight],prefill,False,
4788,feed_forward,,,view,"[[B*E*T, d_model]]",,,"[[E, B*T, d_model]]",[4779],41,feed_forward,,1,model.layers.41.feed_forward,aten.view.default,[],prefill,True,
4789,feed_forward,,,sum,"[[E, B*T, d_model]]",,,"[[B*T, d_model]]",[4788],41,feed_forward,,1,model.layers.41.feed_forward,aten.sum.dim_IntList,[],prefill,True,
4790,feed_forward,,,add_,"[[B*T, d_model], [B*T, d_model]]",,,"[[B*T, d_model]]","[4787, 4789]",41,feed_forward,,1,model.layers.41.feed_forward,aten.add_.Tensor,[],prefill,True,
4791,,,,view,"[[B*T, d_model]]",,,"[[B, T, d_model]]",[4790],41,,,0,model.layers.41,aten.view.default,[],prefill,True,
4792,,,,elementwise_add,"[[B, T, d_model], [B, T, d_model]]",,,"[[B, T, d_model]]","[4750, 4791]",41,,,0,model.layers.41,aten.add.Tensor,[],prefill,False,
4793,input_layernorm,,,_to_copy,"[[B, T, d_model]]",,,"[[B, T, d_model]]",[4792],42,input_layernorm,,1,model.layers.42.input_layernorm,aten._to_copy.default,[],prefill,True,
4794,input_layernorm,,,pow,"[[B, T, d_model]]",,,"[[B, T, d_model]]",[4793],42,input_layernorm,,1,model.layers.42.input_layernorm,aten.pow.Tensor_Scalar,[],prefill,False,
4795,input_layernorm,,,mean,"[[B, T, d_model]]",,,"[[B, T, 1]]",[4794],42,input_layernorm,,1,model.layers.42.input_layernorm,aten.mean.dim,[],prefill,False,
4796,input_layernorm,,,elementwise_add,"[[B, T, 1]]",,,"[[B, T, 1]]",[4795],42,input_layernorm,,1,model.layers.42.input_layernorm,aten.add.Tensor,[],prefill,False,
4797,input_layernorm,,,rsqrt,"[[B, T, 1]]",,,"[[B, T, 1]]",[4796],42,input_layernorm,,1,model.layers.42.input_layernorm,aten.rsqrt.default,[],prefill,False,
4798,input_layernorm,,,elementwise_mul,"[[B, T, d_model], [B, T, 1]]",,,"[[B, T, d_model]]","[4793, 4797]",42,input_layernorm,,1,model.layers.42.input_layernorm,aten.mul.Tensor,[],prefill,False,
4799,input_layernorm,,,_to_copy,"[[B, T, d_model]]",,,"[[B, T, d_model]]",[4798],42,input_layernorm,,1,model.layers.42.input_layernorm,aten._to_copy.default,[],prefill,True,
4800,input_layernorm,,,elementwise_mul,"[[B, T, d_model], [d_model]]",,,"[[B, T, d_model]]",[4799],42,input_layernorm,,1,model.layers.42.input_layernorm,aten.mul.Tensor,[model.layers.42.input_layernorm.weight],prefill,False,
4801,self_attn,q_proj,,t,"[[n_h*d_head, d_model]]","[n_h*d_head, d_model]",0,"[[d_model, n_h*d_head]]",[],42,self_attn,q_proj,2,model.layers.42.self_attn.q_proj,aten.t.default,[model.layers.42.self_attn.q_proj.weight],prefill,True,
4802,self_attn,q_proj,,view,"[[B, T, d_model]]",,,"[[B*T, d_model]]",[4800],42,self_attn,q_proj,2,model.layers.42.self_attn.q_proj,aten.view.default,[],prefill,True,
4803,self_attn,q_proj,,matmul,"[[B*T, d_model], [d_model, n_h*d_head]]","[n_h*d_head, d_model]",1,"[[B*T, n_h*d_head]]","[4801, 4802]",42,self_attn,q_proj,2,model.layers.42.self_attn.q_proj,aten.mm.default,[model.layers.42.self_attn.q_proj.weight],prefill,False,
4804,self_attn,q_proj,,_unsafe_view,"[[B*T, n_h*d_head]]",,,"[[B, T, n_h*d_head]]",[4803],42,self_attn,q_proj,2,model.layers.42.self_attn.q_proj,aten._unsafe_view.default,[],prefill,True,
4805,self_attn,,,view,"[[B, T, n_h*d_head]]",,,"[[B, T, n_h, d_head]]",[4804],42,self_attn,,1,model.layers.42.self_attn,aten.view.default,[],prefill,True,
4806,self_attn,k_proj,,t,"[[n_kv*d_head, d_model]]","[n_kv*d_head, d_model]",0,"[[d_model, n_kv*d_head]]",[],42,self_attn,k_proj,2,model.layers.42.self_attn.k_proj,aten.t.default,[model.layers.42.self_attn.k_proj.weight],prefill,True,
4807,self_attn,k_proj,,view,"[[B, T, d_model]]",,,"[[B*T, d_model]]",[4800],42,self_attn,k_proj,2,model.layers.42.self_attn.k_proj,aten.view.default,[],prefill,True,
4808,self_attn,k_proj,,matmul,"[[B*T, d_model], [d_model, n_kv*d_head]]","[n_kv*d_head, d_model]",1,"[[B*T, n_kv*d_head]]","[4806, 4807]",42,self_attn,k_proj,2,model.layers.42.self_attn.k_proj,aten.mm.default,[model.layers.42.self_attn.k_proj.weight],prefill,False,
4809,self_attn,k_proj,,_unsafe_view,"[[B*T, n_kv*d_head]]",,,"[[B, T, n_kv*d_head]]",[4808],42,self_attn,k_proj,2,model.layers.42.self_attn.k_proj,aten._unsafe_view.default,[],prefill,True,
4810,self_attn,,,view,"[[B, T, n_kv*d_head]]",,,"[[B, T, n_kv, d_head]]",[4809],42,self_attn,,1,model.layers.42.self_attn,aten.view.default,[],prefill,True,
4811,self_attn,v_proj,,t,"[[n_kv*d_head, d_model]]","[n_kv*d_head, d_model]",0,"[[d_model, n_kv*d_head]]",[],42,self_attn,v_proj,2,model.layers.42.self_attn.v_proj,aten.t.default,[model.layers.42.self_attn.v_proj.weight],prefill,True,
4812,self_attn,v_proj,,view,"[[B, T, d_model]]",,,"[[B*T, d_model]]",[4800],42,self_attn,v_proj,2,model.layers.42.self_attn.v_proj,aten.view.default,[],prefill,True,
4813,self_attn,v_proj,,matmul,"[[B*T, d_model], [d_model, n_kv*d_head]]","[n_kv*d_head, d_model]",1,"[[B*T, n_kv*d_head]]","[4811, 4812]",42,self_attn,v_proj,2,model.layers.42.self_attn.v_proj,aten.mm.default,[model.layers.42.self_attn.v_proj.weight],prefill,False,
4814,self_attn,v_proj,,_unsafe_view,"[[B*T, n_kv*d_head]]",,,"[[B, T, n_kv*d_head]]",[4813],42,self_attn,v_proj,2,model.layers.42.self_attn.v_proj,aten._unsafe_view.default,[],prefill,True,
4815,self_attn,,,view,"[[B, T, n_kv*d_head]]",,,"[[B, T, n_kv, d_head]]",[4814],42,self_attn,,1,model.layers.42.self_attn,aten.view.default,[],prefill,True,
4816,self_attn,,,transpose,"[[B, T, n_kv, d_head]]",,,"[[B, n_kv, T, d_head]]",[4815],42,self_attn,,1,model.layers.42.self_attn,aten.transpose.int,[],prefill,True,
4817,self_attn,,,_to_copy,"[[B, T, n_h, d_head]]",,,"[[B, T, n_h, d_head]]",[4805],42,self_attn,,1,model.layers.42.self_attn,aten._to_copy.default,[],prefill,True,
4818,self_attn,,,view,"[[B, T, n_h, d_head]]",,,"[[B, T, n_h, d_head/2, 2]]",[4817],42,self_attn,,1,model.layers.42.self_attn,aten.view.default,[],prefill,True,
4819,self_attn,,,view_as_complex,"[[B, T, n_h, d_head/2, 2]]",,,"[[B, T, n_h, d_head/2]]",[4818],42,self_attn,,1,model.layers.42.self_attn,aten.view_as_complex.default,[],prefill,True,
4820,self_attn,,,_to_copy,"[[B, T, n_kv, d_head]]",,,"[[B, T, n_kv, d_head]]",[4810],42,self_attn,,1,model.layers.42.self_attn,aten._to_copy.default,[],prefill,True,
4821,self_attn,,,view,"[[B, T, n_kv, d_head]]",,,"[[B, T, n_kv, d_head/2, 2]]",[4820],42,self_attn,,1,model.layers.42.self_attn,aten.view.default,[],prefill,True,
4822,self_attn,,,view_as_complex,"[[B, T, n_kv, d_head/2, 2]]",,,"[[B, T, n_kv, d_head/2]]",[4821],42,self_attn,,1,model.layers.42.self_attn,aten.view_as_complex.default,[],prefill,True,
4823,self_attn,,,unsqueeze,"[[B, T, d_head/2]]",,,"[[B, T, 1, d_head/2]]",[106],42,self_attn,,1,model.layers.42.self_attn,aten.unsqueeze.default,[],prefill,True,
4824,self_attn,,,elementwise_mul,"[[B, T, n_h, d_head/2], [B, T, 1, d_head/2]]",,,"[[B, T, n_h, d_head/2]]","[4819, 4823]",42,self_attn,,1,model.layers.42.self_attn,aten.mul.Tensor,[],prefill,False,
4825,self_attn,,,view_as_real,"[[B, T, n_h, d_head/2]]",,,"[[B, T, n_h, d_head/2, 2]]",[4824],42,self_attn,,1,model.layers.42.self_attn,aten.view_as_real.default,[],prefill,True,
4826,self_attn,,,view,"[[B, T, n_h, d_head/2, 2]]",,,"[[B, T, n_h, d_head]]",[4825],42,self_attn,,1,model.layers.42.self_attn,aten.view.default,[],prefill,True,
4827,self_attn,,,unsqueeze,"[[B, T, d_head/2]]",,,"[[B, T, 1, d_head/2]]",[106],42,self_attn,,1,model.layers.42.self_attn,aten.unsqueeze.default,[],prefill,True,
4828,self_attn,,,elementwise_mul,"[[B, T, n_kv, d_head/2], [B, T, 1, d_head/2]]",,,"[[B, T, n_kv, d_head/2]]","[4822, 4827]",42,self_attn,,1,model.layers.42.self_attn,aten.mul.Tensor,[],prefill,False,
4829,self_attn,,,view_as_real,"[[B, T, n_kv, d_head/2]]",,,"[[B, T, n_kv, d_head/2, 2]]",[4828],42,self_attn,,1,model.layers.42.self_attn,aten.view_as_real.default,[],prefill,True,
4830,self_attn,,,view,"[[B, T, n_kv, d_head/2, 2]]",,,"[[B, T, n_kv, d_head]]",[4829],42,self_attn,,1,model.layers.42.self_attn,aten.view.default,[],prefill,True,
4831,self_attn,,,_to_copy,"[[B, T, n_h, d_head]]",,,"[[B, T, n_h, d_head]]",[4826],42,self_attn,,1,model.layers.42.self_attn,aten._to_copy.default,[],prefill,True,
4832,self_attn,,,_to_copy,"[[B, T, n_kv, d_head]]",,,"[[B, T, n_kv, d_head]]",[4830],42,self_attn,,1,model.layers.42.self_attn,aten._to_copy.default,[],prefill,True,
4833,self_attn,,,transpose,"[[B, T, n_h, d_head]]",,,"[[B, n_h, T, d_head]]",[4831],42,self_attn,,1,model.layers.42.self_attn,aten.transpose.int,[],prefill,True,
4834,self_attn,,,transpose,"[[B, T, n_kv, d_head]]",,,"[[B, n_kv, T, d_head]]",[4832],42,self_attn,,1,model.layers.42.self_attn,aten.transpose.int,[],prefill,True,
4835,self_attn,,,_to_copy,[[]],,,[[]],[33],42,self_attn,,1,model.layers.42.self_attn,aten._to_copy.default,[],prefill,True,
4836,self_attn,,,concat,"[[0], [B, n_kv, T, d_head]]",,,"[[B, n_kv, T, d_head]]",[4834],42,self_attn,,1,model.layers.42.self_attn,aten.cat.default,[],prefill,False,
4837,self_attn,,,concat,"[[0], [B, n_kv, T, d_head]]",,,"[[B, n_kv, T, d_head]]",[4816],42,self_attn,,1,model.layers.42.self_attn,aten.cat.default,[],prefill,False,
4838,self_attn,,,slice,"[[B, n_kv, T, d_head]]",,,"[[B, n_kv, T, d_head]]",[4836],42,self_attn,,1,model.layers.42.self_attn,aten.slice.Tensor,[],prefill,True,
4839,self_attn,,,slice,"[[B, n_kv, T, d_head]]",,,"[[B, n_kv, T, d_head]]",[4837],42,self_attn,,1,model.layers.42.self_attn,aten.slice.Tensor,[],prefill,True,
4840,self_attn,,,unsqueeze,"[[B, n_kv, T, d_head]]",,,"[[B, n_kv, 1, T, d_head]]",[4836],42,self_attn,,1,model.layers.42.self_attn,aten.unsqueeze.default,[],prefill,True,
4841,self_attn,,,expand,"[[B, n_kv, 1, T, d_head]]",,,"[[B, n_kv, n_h/n_kv, T, d_head]]",[4840],42,self_attn,,1,model.layers.42.self_attn,aten.expand.default,[],prefill,True,
4842,self_attn,,,clone,"[[B, n_kv, n_h/n_kv, T, d_head]]",,,"[[B, n_kv, n_h/n_kv, T, d_head]]",[4841],42,self_attn,,1,model.layers.42.self_attn,aten.clone.default,[],prefill,True,
4843,self_attn,,,_unsafe_view,"[[B, n_kv, n_h/n_kv, T, d_head]]",,,"[[B, n_h, T, d_head]]",[4842],42,self_attn,,1,model.layers.42.self_attn,aten._unsafe_view.default,[],prefill,True,
4844,self_attn,,,unsqueeze,"[[B, n_kv, T, d_head]]",,,"[[B, n_kv, 1, T, d_head]]",[4837],42,self_attn,,1,model.layers.42.self_attn,aten.unsqueeze.default,[],prefill,True,
4845,self_attn,,,expand,"[[B, n_kv, 1, T, d_head]]",,,"[[B, n_kv, n_h/n_kv, T, d_head]]",[4844],42,self_attn,,1,model.layers.42.self_attn,aten.expand.default,[],prefill,True,
4846,self_attn,,,clone,"[[B, n_kv, n_h/n_kv, T, d_head]]",,,"[[B, n_kv, n_h/n_kv, T, d_head]]",[4845],42,self_attn,,1,model.layers.42.self_attn,aten.clone.default,[],prefill,True,
4847,self_attn,,,_unsafe_view,"[[B, n_kv, n_h/n_kv, T, d_head]]",,,"[[B, n_h, T, d_head]]",[4846],42,self_attn,,1,model.layers.42.self_attn,aten._unsafe_view.default,[],prefill,True,
4848,self_attn,,,transpose,"[[B, n_h, T, d_head]]",,,"[[B, n_h, d_head, T]]",[4843],42,self_attn,,1,model.layers.42.self_attn,aten.transpose.int,[],prefill,True,
4849,self_attn,,,expand,"[[B, n_h, T, d_head]]",,,"[[B, n_h, T, d_head]]",[4833],42,self_attn,,1,model.layers.42.self_attn,aten.expand.default,[],prefill,True,
4850,self_attn,,,clone,"[[B, n_h, T, d_head]]",,,"[[B, n_h, T, d_head]]",[4849],42,self_attn,,1,model.layers.42.self_attn,aten.clone.default,[],prefill,True,
4851,self_attn,,,_unsafe_view,"[[B, n_h, T, d_head]]",,,"[[B*n_h, T, d_head]]",[4850],42,self_attn,,1,model.layers.42.self_attn,aten._unsafe_view.default,[],prefill,True,
4852,self_attn,,,expand,"[[B, n_h, d_head, T]]",,,"[[B, n_h, d_head, T]]",[4848],42,self_attn,,1,model.layers.42.self_attn,aten.expand.default,[],prefill,True,
4853,self_attn,,,view,"[[B, n_h, d_head, T]]",,,"[[B*n_h, d_head, T]]",[4852],42,self_attn,,1,model.layers.42.self_attn,aten.view.default,[],prefill,True,
4854,self_attn,,,batched_matmul,"[[B*n_h, T, d_head], [B*n_h, d_head, T]]",,,"[[B*n_h, T, T]]","[4851, 4853]",42,self_attn,,1,model.layers.42.self_attn,aten.bmm.default,[],prefill,False,
4855,self_attn,,,_unsafe_view,"[[B*n_h, T, T]]",,,"[[B, n_h, T, T]]",[4854],42,self_attn,,1,model.layers.42.self_attn,aten._unsafe_view.default,[],prefill,True,
4856,self_attn,,,elementwise_mul,"[[B, n_h, T, T]]",,,"[[B, n_h, T, T]]",[4855],42,self_attn,,1,model.layers.42.self_attn,aten.mul.Tensor,[],prefill,False,
4857,self_attn,,,elementwise_add,"[[B, n_h, T, T], [B, 1, T, T]]",,,"[[B, n_h, T, T]]","[91, 4856]",42,self_attn,,1,model.layers.42.self_attn,aten.add.Tensor,[],prefill,False,
4858,self_attn,,,softmax,"[[B, n_h, T, T]]",,,"[[B, n_h, T, T]]",[4857],42,self_attn,,1,model.layers.42.self_attn,aten._softmax.default,[],prefill,False,
4859,self_attn,,,expand,"[[B, n_h, T, T]]",,,"[[B, n_h, T, T]]",[4858],42,self_attn,,1,model.layers.42.self_attn,aten.expand.default,[],prefill,True,
4860,self_attn,,,view,"[[B, n_h, T, T]]",,,"[[B*n_h, T, T]]",[4859],42,self_attn,,1,model.layers.42.self_attn,aten.view.default,[],prefill,True,
4861,self_attn,,,expand,"[[B, n_h, T, d_head]]",,,"[[B, n_h, T, d_head]]",[4847],42,self_attn,,1,model.layers.42.self_attn,aten.expand.default,[],prefill,True,
4862,self_attn,,,view,"[[B, n_h, T, d_head]]",,,"[[B*n_h, T, d_head]]",[4861],42,self_attn,,1,model.layers.42.self_attn,aten.view.default,[],prefill,True,
4863,self_attn,,,batched_matmul,"[[B*n_h, T, T], [B*n_h, T, d_head]]",,,"[[B*n_h, T, d_head]]","[4860, 4862]",42,self_attn,,1,model.layers.42.self_attn,aten.bmm.default,[],prefill,False,
4864,self_attn,,,_unsafe_view,"[[B*n_h, T, d_head]]",,,"[[B, n_h, T, d_head]]",[4863],42,self_attn,,1,model.layers.42.self_attn,aten._unsafe_view.default,[],prefill,True,
4865,self_attn,,,transpose,"[[B, n_h, T, d_head]]",,,"[[B, T, n_h, d_head]]",[4864],42,self_attn,,1,model.layers.42.self_attn,aten.transpose.int,[],prefill,True,
4866,self_attn,,,clone,"[[B, T, n_h, d_head]]",,,"[[B, T, n_h, d_head]]",[4865],42,self_attn,,1,model.layers.42.self_attn,aten.clone.default,[],prefill,True,
4867,self_attn,,,view,"[[B, T, n_h, d_head]]",,,"[[B, T, n_h*d_head]]",[4866],42,self_attn,,1,model.layers.42.self_attn,aten.view.default,[],prefill,True,
4868,self_attn,o_proj,,t,"[[d_model, n_h*d_head]]","[d_model, n_h*d_head]",0,"[[n_h*d_head, d_model]]",[],42,self_attn,o_proj,2,model.layers.42.self_attn.o_proj,aten.t.default,[model.layers.42.self_attn.o_proj.weight],prefill,True,
4869,self_attn,o_proj,,view,"[[B, T, n_h*d_head]]",,,"[[B*T, n_h*d_head]]",[4867],42,self_attn,o_proj,2,model.layers.42.self_attn.o_proj,aten.view.default,[],prefill,True,
4870,self_attn,o_proj,,matmul,"[[B*T, n_h*d_head], [n_h*d_head, d_model]]","[d_model, n_h*d_head]",1,"[[B*T, d_model]]","[4868, 4869]",42,self_attn,o_proj,2,model.layers.42.self_attn.o_proj,aten.mm.default,[model.layers.42.self_attn.o_proj.weight],prefill,False,
4871,self_attn,o_proj,,_unsafe_view,"[[B*T, d_model]]",,,"[[B, T, d_model]]",[4870],42,self_attn,o_proj,2,model.layers.42.self_attn.o_proj,aten._unsafe_view.default,[],prefill,True,
4872,,,,elementwise_add,"[[B, T, d_model], [B, T, d_model]]",,,"[[B, T, d_model]]","[4792, 4871]",42,,,0,model.layers.42,aten.add.Tensor,[],prefill,False,
4873,post_attention_layernorm,,,_to_copy,"[[B, T, d_model]]",,,"[[B, T, d_model]]",[4872],42,post_attention_layernorm,,1,model.layers.42.post_attention_layernorm,aten._to_copy.default,[],prefill,True,
4874,post_attention_layernorm,,,pow,"[[B, T, d_model]]",,,"[[B, T, d_model]]",[4873],42,post_attention_layernorm,,1,model.layers.42.post_attention_layernorm,aten.pow.Tensor_Scalar,[],prefill,False,
4875,post_attention_layernorm,,,mean,"[[B, T, d_model]]",,,"[[B, T, 1]]",[4874],42,post_attention_layernorm,,1,model.layers.42.post_attention_layernorm,aten.mean.dim,[],prefill,False,
4876,post_attention_layernorm,,,elementwise_add,"[[B, T, 1]]",,,"[[B, T, 1]]",[4875],42,post_attention_layernorm,,1,model.layers.42.post_attention_layernorm,aten.add.Tensor,[],prefill,False,
4877,post_attention_layernorm,,,rsqrt,"[[B, T, 1]]",,,"[[B, T, 1]]",[4876],42,post_attention_layernorm,,1,model.layers.42.post_attention_layernorm,aten.rsqrt.default,[],prefill,False,
4878,post_attention_layernorm,,,elementwise_mul,"[[B, T, d_model], [B, T, 1]]",,,"[[B, T, d_model]]","[4873, 4877]",42,post_attention_layernorm,,1,model.layers.42.post_attention_layernorm,aten.mul.Tensor,[],prefill,False,
4879,post_attention_layernorm,,,_to_copy,"[[B, T, d_model]]",,,"[[B, T, d_model]]",[4878],42,post_attention_layernorm,,1,model.layers.42.post_attention_layernorm,aten._to_copy.default,[],prefill,True,
4880,post_attention_layernorm,,,elementwise_mul,"[[B, T, d_model], [d_model]]",,,"[[B, T, d_model]]",[4879],42,post_attention_layernorm,,1,model.layers.42.post_attention_layernorm,aten.mul.Tensor,[model.layers.42.post_attention_layernorm.weight],prefill,False,
4881,feed_forward,gate_proj,,t,"[[d_ff, d_model]]","[d_ff, d_model]",0,"[[d_model, d_ff]]",[],42,feed_forward,gate_proj,2,model.layers.42.feed_forward.gate_proj,aten.t.default,[model.layers.42.feed_forward.gate_proj.weight],prefill,True,
4882,feed_forward,gate_proj,,view,"[[B, T, d_model]]",,,"[[B*T, d_model]]",[4880],42,feed_forward,gate_proj,2,model.layers.42.feed_forward.gate_proj,aten.view.default,[],prefill,True,
4883,feed_forward,gate_proj,,matmul,"[[B*T, d_model], [d_model, d_ff]]","[d_ff, d_model]",1,"[[B*T, d_ff]]","[4881, 4882]",42,feed_forward,gate_proj,2,model.layers.42.feed_forward.gate_proj,aten.mm.default,[model.layers.42.feed_forward.gate_proj.weight],prefill,False,
4884,feed_forward,gate_proj,,_unsafe_view,"[[B*T, d_ff]]",,,"[[B, T, d_ff]]",[4883],42,feed_forward,gate_proj,2,model.layers.42.feed_forward.gate_proj,aten._unsafe_view.default,[],prefill,True,
4885,feed_forward,activation_fn,,silu,"[[B, T, d_ff]]",,,"[[B, T, d_ff]]",[4884],42,feed_forward,activation_fn,2,model.layers.42.feed_forward.activation_fn,aten.silu.default,[],prefill,False,
4886,feed_forward,up_proj,,t,"[[d_ff, d_model]]","[d_ff, d_model]",0,"[[d_model, d_ff]]",[],42,feed_forward,up_proj,2,model.layers.42.feed_forward.up_proj,aten.t.default,[model.layers.42.feed_forward.up_proj.weight],prefill,True,
4887,feed_forward,up_proj,,view,"[[B, T, d_model]]",,,"[[B*T, d_model]]",[4880],42,feed_forward,up_proj,2,model.layers.42.feed_forward.up_proj,aten.view.default,[],prefill,True,
4888,feed_forward,up_proj,,matmul,"[[B*T, d_model], [d_model, d_ff]]","[d_ff, d_model]",1,"[[B*T, d_ff]]","[4886, 4887]",42,feed_forward,up_proj,2,model.layers.42.feed_forward.up_proj,aten.mm.default,[model.layers.42.feed_forward.up_proj.weight],prefill,False,
4889,feed_forward,up_proj,,_unsafe_view,"[[B*T, d_ff]]",,,"[[B, T, d_ff]]",[4888],42,feed_forward,up_proj,2,model.layers.42.feed_forward.up_proj,aten._unsafe_view.default,[],prefill,True,
4890,feed_forward,,,elementwise_mul,"[[B, T, d_ff], [B, T, d_ff]]",,,"[[B, T, d_ff]]","[4885, 4889]",42,feed_forward,,1,model.layers.42.feed_forward,aten.mul.Tensor,[],prefill,False,
4891,feed_forward,down_proj,,t,"[[d_model, d_ff]]","[d_model, d_ff]",0,"[[d_ff, d_model]]",[],42,feed_forward,down_proj,2,model.layers.42.feed_forward.down_proj,aten.t.default,[model.layers.42.feed_forward.down_proj.weight],prefill,True,
4892,feed_forward,down_proj,,view,"[[B, T, d_ff]]",,,"[[B*T, d_ff]]",[4890],42,feed_forward,down_proj,2,model.layers.42.feed_forward.down_proj,aten.view.default,[],prefill,True,
4893,feed_forward,down_proj,,matmul,"[[B*T, d_ff], [d_ff, d_model]]","[d_model, d_ff]",1,"[[B*T, d_model]]","[4891, 4892]",42,feed_forward,down_proj,2,model.layers.42.feed_forward.down_proj,aten.mm.default,[model.layers.42.feed_forward.down_proj.weight],prefill,False,
4894,feed_forward,down_proj,,_unsafe_view,"[[B*T, d_model]]",,,"[[B, T, d_model]]",[4893],42,feed_forward,down_proj,2,model.layers.42.feed_forward.down_proj,aten._unsafe_view.default,[],prefill,True,
4895,,,,view,"[[B, T, d_model]]",,,"[[B, T, d_model]]",[4894],42,,,0,model.layers.42,aten.view.default,[],prefill,True,
4896,,,,elementwise_add,"[[B, T, d_model], [B, T, d_model]]",,,"[[B, T, d_model]]","[4872, 4895]",42,,,0,model.layers.42,aten.add.Tensor,[],prefill,False,
4897,input_layernorm,,,_to_copy,"[[B, T, d_model]]",,,"[[B, T, d_model]]",[4896],43,input_layernorm,,1,model.layers.43.input_layernorm,aten._to_copy.default,[],prefill,True,
4898,input_layernorm,,,pow,"[[B, T, d_model]]",,,"[[B, T, d_model]]",[4897],43,input_layernorm,,1,model.layers.43.input_layernorm,aten.pow.Tensor_Scalar,[],prefill,False,
4899,input_layernorm,,,mean,"[[B, T, d_model]]",,,"[[B, T, 1]]",[4898],43,input_layernorm,,1,model.layers.43.input_layernorm,aten.mean.dim,[],prefill,False,
4900,input_layernorm,,,elementwise_add,"[[B, T, 1]]",,,"[[B, T, 1]]",[4899],43,input_layernorm,,1,model.layers.43.input_layernorm,aten.add.Tensor,[],prefill,False,
4901,input_layernorm,,,rsqrt,"[[B, T, 1]]",,,"[[B, T, 1]]",[4900],43,input_layernorm,,1,model.layers.43.input_layernorm,aten.rsqrt.default,[],prefill,False,
4902,input_layernorm,,,elementwise_mul,"[[B, T, d_model], [B, T, 1]]",,,"[[B, T, d_model]]","[4897, 4901]",43,input_layernorm,,1,model.layers.43.input_layernorm,aten.mul.Tensor,[],prefill,False,
4903,input_layernorm,,,_to_copy,"[[B, T, d_model]]",,,"[[B, T, d_model]]",[4902],43,input_layernorm,,1,model.layers.43.input_layernorm,aten._to_copy.default,[],prefill,True,
4904,input_layernorm,,,elementwise_mul,"[[B, T, d_model], [d_model]]",,,"[[B, T, d_model]]",[4903],43,input_layernorm,,1,model.layers.43.input_layernorm,aten.mul.Tensor,[model.layers.43.input_layernorm.weight],prefill,False,
4905,self_attn,q_proj,,t,"[[n_h*d_head, d_model]]","[n_h*d_head, d_model]",0,"[[d_model, n_h*d_head]]",[],43,self_attn,q_proj,2,model.layers.43.self_attn.q_proj,aten.t.default,[model.layers.43.self_attn.q_proj.weight],prefill,True,
4906,self_attn,q_proj,,view,"[[B, T, d_model]]",,,"[[B*T, d_model]]",[4904],43,self_attn,q_proj,2,model.layers.43.self_attn.q_proj,aten.view.default,[],prefill,True,
4907,self_attn,q_proj,,matmul,"[[B*T, d_model], [d_model, n_h*d_head]]","[n_h*d_head, d_model]",1,"[[B*T, n_h*d_head]]","[4905, 4906]",43,self_attn,q_proj,2,model.layers.43.self_attn.q_proj,aten.mm.default,[model.layers.43.self_attn.q_proj.weight],prefill,False,
4908,self_attn,q_proj,,_unsafe_view,"[[B*T, n_h*d_head]]",,,"[[B, T, n_h*d_head]]",[4907],43,self_attn,q_proj,2,model.layers.43.self_attn.q_proj,aten._unsafe_view.default,[],prefill,True,
4909,self_attn,,,view,"[[B, T, n_h*d_head]]",,,"[[B, T, n_h, d_head]]",[4908],43,self_attn,,1,model.layers.43.self_attn,aten.view.default,[],prefill,True,
4910,self_attn,k_proj,,t,"[[n_kv*d_head, d_model]]","[n_kv*d_head, d_model]",0,"[[d_model, n_kv*d_head]]",[],43,self_attn,k_proj,2,model.layers.43.self_attn.k_proj,aten.t.default,[model.layers.43.self_attn.k_proj.weight],prefill,True,
4911,self_attn,k_proj,,view,"[[B, T, d_model]]",,,"[[B*T, d_model]]",[4904],43,self_attn,k_proj,2,model.layers.43.self_attn.k_proj,aten.view.default,[],prefill,True,
4912,self_attn,k_proj,,matmul,"[[B*T, d_model], [d_model, n_kv*d_head]]","[n_kv*d_head, d_model]",1,"[[B*T, n_kv*d_head]]","[4910, 4911]",43,self_attn,k_proj,2,model.layers.43.self_attn.k_proj,aten.mm.default,[model.layers.43.self_attn.k_proj.weight],prefill,False,
4913,self_attn,k_proj,,_unsafe_view,"[[B*T, n_kv*d_head]]",,,"[[B, T, n_kv*d_head]]",[4912],43,self_attn,k_proj,2,model.layers.43.self_attn.k_proj,aten._unsafe_view.default,[],prefill,True,
4914,self_attn,,,view,"[[B, T, n_kv*d_head]]",,,"[[B, T, n_kv, d_head]]",[4913],43,self_attn,,1,model.layers.43.self_attn,aten.view.default,[],prefill,True,
4915,self_attn,v_proj,,t,"[[n_kv*d_head, d_model]]","[n_kv*d_head, d_model]",0,"[[d_model, n_kv*d_head]]",[],43,self_attn,v_proj,2,model.layers.43.self_attn.v_proj,aten.t.default,[model.layers.43.self_attn.v_proj.weight],prefill,True,
4916,self_attn,v_proj,,view,"[[B, T, d_model]]",,,"[[B*T, d_model]]",[4904],43,self_attn,v_proj,2,model.layers.43.self_attn.v_proj,aten.view.default,[],prefill,True,
4917,self_attn,v_proj,,matmul,"[[B*T, d_model], [d_model, n_kv*d_head]]","[n_kv*d_head, d_model]",1,"[[B*T, n_kv*d_head]]","[4915, 4916]",43,self_attn,v_proj,2,model.layers.43.self_attn.v_proj,aten.mm.default,[model.layers.43.self_attn.v_proj.weight],prefill,False,
4918,self_attn,v_proj,,_unsafe_view,"[[B*T, n_kv*d_head]]",,,"[[B, T, n_kv*d_head]]",[4917],43,self_attn,v_proj,2,model.layers.43.self_attn.v_proj,aten._unsafe_view.default,[],prefill,True,
4919,self_attn,,,view,"[[B, T, n_kv*d_head]]",,,"[[B, T, n_kv, d_head]]",[4918],43,self_attn,,1,model.layers.43.self_attn,aten.view.default,[],prefill,True,
4920,self_attn,,,transpose,"[[B, T, n_kv, d_head]]",,,"[[B, n_kv, T, d_head]]",[4919],43,self_attn,,1,model.layers.43.self_attn,aten.transpose.int,[],prefill,True,
4921,self_attn,,,arange,[],,,[[T]],[],43,self_attn,,1,model.layers.43.self_attn,aten.arange.default,[],prefill,True,
4922,self_attn,,,elementwise_add,[[T]],,,[[T]],[4921],43,self_attn,,1,model.layers.43.self_attn,aten.add.Tensor,[],prefill,False,
4923,self_attn,,,_to_copy,[[T]],,,[[T]],[4922],43,self_attn,,1,model.layers.43.self_attn,aten._to_copy.default,[],prefill,True,
4924,self_attn,,,elementwise_add,[[T]],,,[[T]],[4923],43,self_attn,,1,model.layers.43.self_attn,aten.add.Tensor,[],prefill,False,
4925,self_attn,,,div,[[T]],,,[[T]],[4924],43,self_attn,,1,model.layers.43.self_attn,aten.div.Tensor,[],prefill,True,
4926,self_attn,,,floor,[[T]],,,[[T]],[4925],43,self_attn,,1,model.layers.43.self_attn,aten.floor.default,[],prefill,True,
4927,self_attn,,,log1p,[[T]],,,[[T]],[4926],43,self_attn,,1,model.layers.43.self_attn,aten.log1p.default,[],prefill,True,
4928,self_attn,,,elementwise_mul,[[T]],,,[[T]],[4927],43,self_attn,,1,model.layers.43.self_attn,aten.mul.Tensor,[],prefill,False,
4929,self_attn,,,elementwise_add,[[T]],,,[[T]],[4928],43,self_attn,,1,model.layers.43.self_attn,aten.add.Tensor,[],prefill,False,
4930,self_attn,,,view,[[T]],,,"[[1, T, 1, 1]]",[4929],43,self_attn,,1,model.layers.43.self_attn,aten.view.default,[],prefill,True,
4931,self_attn,,,expand,"[[1, T, 1, 1]]",,,"[[B, T, 1, 1]]",[4930],43,self_attn,,1,model.layers.43.self_attn,aten.expand.default,[],prefill,True,
4932,self_attn,,,elementwise_mul,"[[B, T, n_h, d_head], [B, T, 1, 1]]",,,"[[B, T, n_h, d_head]]","[4909, 4931]",43,self_attn,,1,model.layers.43.self_attn,aten.mul.Tensor,[],prefill,False,
4933,self_attn,,,_to_copy,"[[B, T, n_h, d_head]]",,,"[[B, T, n_h, d_head]]",[4932],43,self_attn,,1,model.layers.43.self_attn,aten._to_copy.default,[],prefill,True,
4934,self_attn,,,transpose,"[[B, T, n_h, d_head]]",,,"[[B, n_h, T, d_head]]",[4933],43,self_attn,,1,model.layers.43.self_attn,aten.transpose.int,[],prefill,True,
4935,self_attn,,,transpose,"[[B, T, n_kv, d_head]]",,,"[[B, n_kv, T, d_head]]",[4914],43,self_attn,,1,model.layers.43.self_attn,aten.transpose.int,[],prefill,True,
4936,self_attn,,,concat,"[[0], [B, n_kv, T, d_head]]",,,"[[B, n_kv, T, d_head]]",[4935],43,self_attn,,1,model.layers.43.self_attn,aten.cat.default,[],prefill,False,
4937,self_attn,,,concat,"[[0], [B, n_kv, T, d_head]]",,,"[[B, n_kv, T, d_head]]",[4920],43,self_attn,,1,model.layers.43.self_attn,aten.cat.default,[],prefill,False,
4938,self_attn,,,unsqueeze,"[[B, n_kv, T, d_head]]",,,"[[B, n_kv, 1, T, d_head]]",[4936],43,self_attn,,1,model.layers.43.self_attn,aten.unsqueeze.default,[],prefill,True,
4939,self_attn,,,expand,"[[B, n_kv, 1, T, d_head]]",,,"[[B, n_kv, n_h/n_kv, T, d_head]]",[4938],43,self_attn,,1,model.layers.43.self_attn,aten.expand.default,[],prefill,True,
4940,self_attn,,,clone,"[[B, n_kv, n_h/n_kv, T, d_head]]",,,"[[B, n_kv, n_h/n_kv, T, d_head]]",[4939],43,self_attn,,1,model.layers.43.self_attn,aten.clone.default,[],prefill,True,
4941,self_attn,,,_unsafe_view,"[[B, n_kv, n_h/n_kv, T, d_head]]",,,"[[B, n_h, T, d_head]]",[4940],43,self_attn,,1,model.layers.43.self_attn,aten._unsafe_view.default,[],prefill,True,
4942,self_attn,,,unsqueeze,"[[B, n_kv, T, d_head]]",,,"[[B, n_kv, 1, T, d_head]]",[4937],43,self_attn,,1,model.layers.43.self_attn,aten.unsqueeze.default,[],prefill,True,
4943,self_attn,,,expand,"[[B, n_kv, 1, T, d_head]]",,,"[[B, n_kv, n_h/n_kv, T, d_head]]",[4942],43,self_attn,,1,model.layers.43.self_attn,aten.expand.default,[],prefill,True,
4944,self_attn,,,clone,"[[B, n_kv, n_h/n_kv, T, d_head]]",,,"[[B, n_kv, n_h/n_kv, T, d_head]]",[4943],43,self_attn,,1,model.layers.43.self_attn,aten.clone.default,[],prefill,True,
4945,self_attn,,,_unsafe_view,"[[B, n_kv, n_h/n_kv, T, d_head]]",,,"[[B, n_h, T, d_head]]",[4944],43,self_attn,,1,model.layers.43.self_attn,aten._unsafe_view.default,[],prefill,True,
4946,self_attn,,,transpose,"[[B, n_h, T, d_head]]",,,"[[B, n_h, d_head, T]]",[4941],43,self_attn,,1,model.layers.43.self_attn,aten.transpose.int,[],prefill,True,
4947,self_attn,,,expand,"[[B, n_h, T, d_head]]",,,"[[B, n_h, T, d_head]]",[4934],43,self_attn,,1,model.layers.43.self_attn,aten.expand.default,[],prefill,True,
4948,self_attn,,,clone,"[[B, n_h, T, d_head]]",,,"[[B, n_h, T, d_head]]",[4947],43,self_attn,,1,model.layers.43.self_attn,aten.clone.default,[],prefill,True,
4949,self_attn,,,_unsafe_view,"[[B, n_h, T, d_head]]",,,"[[B*n_h, T, d_head]]",[4948],43,self_attn,,1,model.layers.43.self_attn,aten._unsafe_view.default,[],prefill,True,
4950,self_attn,,,expand,"[[B, n_h, d_head, T]]",,,"[[B, n_h, d_head, T]]",[4946],43,self_attn,,1,model.layers.43.self_attn,aten.expand.default,[],prefill,True,
4951,self_attn,,,view,"[[B, n_h, d_head, T]]",,,"[[B*n_h, d_head, T]]",[4950],43,self_attn,,1,model.layers.43.self_attn,aten.view.default,[],prefill,True,
4952,self_attn,,,batched_matmul,"[[B*n_h, T, d_head], [B*n_h, d_head, T]]",,,"[[B*n_h, T, T]]","[4949, 4951]",43,self_attn,,1,model.layers.43.self_attn,aten.bmm.default,[],prefill,False,
4953,self_attn,,,_unsafe_view,"[[B*n_h, T, T]]",,,"[[B, n_h, T, T]]",[4952],43,self_attn,,1,model.layers.43.self_attn,aten._unsafe_view.default,[],prefill,True,
4954,self_attn,,,elementwise_mul,"[[B, n_h, T, T]]",,,"[[B, n_h, T, T]]",[4953],43,self_attn,,1,model.layers.43.self_attn,aten.mul.Tensor,[],prefill,False,
4955,self_attn,,,elementwise_add,"[[B, n_h, T, T], [B, 1, T, T]]",,,"[[B, n_h, T, T]]","[58, 4954]",43,self_attn,,1,model.layers.43.self_attn,aten.add.Tensor,[],prefill,False,
4956,self_attn,,,softmax,"[[B, n_h, T, T]]",,,"[[B, n_h, T, T]]",[4955],43,self_attn,,1,model.layers.43.self_attn,aten._softmax.default,[],prefill,False,
4957,self_attn,,,expand,"[[B, n_h, T, T]]",,,"[[B, n_h, T, T]]",[4956],43,self_attn,,1,model.layers.43.self_attn,aten.expand.default,[],prefill,True,
4958,self_attn,,,view,"[[B, n_h, T, T]]",,,"[[B*n_h, T, T]]",[4957],43,self_attn,,1,model.layers.43.self_attn,aten.view.default,[],prefill,True,
4959,self_attn,,,expand,"[[B, n_h, T, d_head]]",,,"[[B, n_h, T, d_head]]",[4945],43,self_attn,,1,model.layers.43.self_attn,aten.expand.default,[],prefill,True,
4960,self_attn,,,view,"[[B, n_h, T, d_head]]",,,"[[B*n_h, T, d_head]]",[4959],43,self_attn,,1,model.layers.43.self_attn,aten.view.default,[],prefill,True,
4961,self_attn,,,batched_matmul,"[[B*n_h, T, T], [B*n_h, T, d_head]]",,,"[[B*n_h, T, d_head]]","[4958, 4960]",43,self_attn,,1,model.layers.43.self_attn,aten.bmm.default,[],prefill,False,
4962,self_attn,,,_unsafe_view,"[[B*n_h, T, d_head]]",,,"[[B, n_h, T, d_head]]",[4961],43,self_attn,,1,model.layers.43.self_attn,aten._unsafe_view.default,[],prefill,True,
4963,self_attn,,,transpose,"[[B, n_h, T, d_head]]",,,"[[B, T, n_h, d_head]]",[4962],43,self_attn,,1,model.layers.43.self_attn,aten.transpose.int,[],prefill,True,
4964,self_attn,,,clone,"[[B, T, n_h, d_head]]",,,"[[B, T, n_h, d_head]]",[4963],43,self_attn,,1,model.layers.43.self_attn,aten.clone.default,[],prefill,True,
4965,self_attn,,,view,"[[B, T, n_h, d_head]]",,,"[[B, T, n_h*d_head]]",[4964],43,self_attn,,1,model.layers.43.self_attn,aten.view.default,[],prefill,True,
4966,self_attn,o_proj,,t,"[[d_model, n_h*d_head]]","[d_model, n_h*d_head]",0,"[[n_h*d_head, d_model]]",[],43,self_attn,o_proj,2,model.layers.43.self_attn.o_proj,aten.t.default,[model.layers.43.self_attn.o_proj.weight],prefill,True,
4967,self_attn,o_proj,,view,"[[B, T, n_h*d_head]]",,,"[[B*T, n_h*d_head]]",[4965],43,self_attn,o_proj,2,model.layers.43.self_attn.o_proj,aten.view.default,[],prefill,True,
4968,self_attn,o_proj,,matmul,"[[B*T, n_h*d_head], [n_h*d_head, d_model]]","[d_model, n_h*d_head]",1,"[[B*T, d_model]]","[4966, 4967]",43,self_attn,o_proj,2,model.layers.43.self_attn.o_proj,aten.mm.default,[model.layers.43.self_attn.o_proj.weight],prefill,False,
4969,self_attn,o_proj,,_unsafe_view,"[[B*T, d_model]]",,,"[[B, T, d_model]]",[4968],43,self_attn,o_proj,2,model.layers.43.self_attn.o_proj,aten._unsafe_view.default,[],prefill,True,
4970,,,,elementwise_add,"[[B, T, d_model], [B, T, d_model]]",,,"[[B, T, d_model]]","[4896, 4969]",43,,,0,model.layers.43,aten.add.Tensor,[],prefill,False,
4971,post_attention_layernorm,,,_to_copy,"[[B, T, d_model]]",,,"[[B, T, d_model]]",[4970],43,post_attention_layernorm,,1,model.layers.43.post_attention_layernorm,aten._to_copy.default,[],prefill,True,
4972,post_attention_layernorm,,,pow,"[[B, T, d_model]]",,,"[[B, T, d_model]]",[4971],43,post_attention_layernorm,,1,model.layers.43.post_attention_layernorm,aten.pow.Tensor_Scalar,[],prefill,False,
4973,post_attention_layernorm,,,mean,"[[B, T, d_model]]",,,"[[B, T, 1]]",[4972],43,post_attention_layernorm,,1,model.layers.43.post_attention_layernorm,aten.mean.dim,[],prefill,False,
4974,post_attention_layernorm,,,elementwise_add,"[[B, T, 1]]",,,"[[B, T, 1]]",[4973],43,post_attention_layernorm,,1,model.layers.43.post_attention_layernorm,aten.add.Tensor,[],prefill,False,
4975,post_attention_layernorm,,,rsqrt,"[[B, T, 1]]",,,"[[B, T, 1]]",[4974],43,post_attention_layernorm,,1,model.layers.43.post_attention_layernorm,aten.rsqrt.default,[],prefill,False,
4976,post_attention_layernorm,,,elementwise_mul,"[[B, T, d_model], [B, T, 1]]",,,"[[B, T, d_model]]","[4971, 4975]",43,post_attention_layernorm,,1,model.layers.43.post_attention_layernorm,aten.mul.Tensor,[],prefill,False,
4977,post_attention_layernorm,,,_to_copy,"[[B, T, d_model]]",,,"[[B, T, d_model]]",[4976],43,post_attention_layernorm,,1,model.layers.43.post_attention_layernorm,aten._to_copy.default,[],prefill,True,
4978,post_attention_layernorm,,,elementwise_mul,"[[B, T, d_model], [d_model]]",,,"[[B, T, d_model]]",[4977],43,post_attention_layernorm,,1,model.layers.43.post_attention_layernorm,aten.mul.Tensor,[model.layers.43.post_attention_layernorm.weight],prefill,False,
4979,feed_forward,,,view,"[[B, T, d_model]]",,,"[[B*T, d_model]]",[4978],43,feed_forward,,1,model.layers.43.feed_forward,aten.view.default,[],prefill,True,
4980,feed_forward,router,,t,"[[E, d_model]]","[E, d_model]",0,"[[d_model, E]]",[],43,feed_forward,router,2,model.layers.43.feed_forward.router,aten.t.default,[model.layers.43.feed_forward.router.weight],prefill,True,
4981,feed_forward,router,,matmul,"[[B*T, d_model], [d_model, E]]","[E, d_model]",1,"[[B*T, E]]","[4979, 4980]",43,feed_forward,router,2,model.layers.43.feed_forward.router,aten.mm.default,[model.layers.43.feed_forward.router.weight],prefill,False,
4982,feed_forward,router,,topk,"[[B*T, E]]",,,"[[B*T, 1], [B*T, 1]]",[4981],43,feed_forward,router,2,model.layers.43.feed_forward.router,aten.topk.default,[],prefill,False,
4983,feed_forward,router,,full_like,"[[B*T, E]]",,,"[[B*T, E]]",[4981],43,feed_forward,router,2,model.layers.43.feed_forward.router,aten.full_like.default,[],prefill,True,
4984,feed_forward,router,,scatter_,"[[B*T, E], [B*T, 1], [B*T, 1]]",,,"[[B*T, E]]","[4982, 4983]",43,feed_forward,router,2,model.layers.43.feed_forward.router,aten.scatter_.src,[],prefill,True,
4985,feed_forward,router,,_to_copy,"[[B*T, E]]",,,"[[B*T, E]]",[4984],43,feed_forward,router,2,model.layers.43.feed_forward.router,aten._to_copy.default,[],prefill,True,
4986,feed_forward,router,,sigmoid,"[[B*T, E]]",,,"[[B*T, E]]",[4985],43,feed_forward,router,2,model.layers.43.feed_forward.router,aten.sigmoid.default,[],prefill,False,
4987,feed_forward,router,,_to_copy,"[[B*T, E]]",,,"[[B*T, E]]",[4986],43,feed_forward,router,2,model.layers.43.feed_forward.router,aten._to_copy.default,[],prefill,True,
4988,feed_forward,,,repeat,"[[B*T, d_model]]",,,"[[B*E*T, d_model]]",[4979],43,feed_forward,,1,model.layers.43.feed_forward,aten.repeat.default,[],prefill,True,
4989,feed_forward,,,transpose,"[[B*T, E]]",,,"[[E, B*T]]",[4987],43,feed_forward,,1,model.layers.43.feed_forward,aten.transpose.int,[],prefill,True,
4990,feed_forward,,,clone,"[[E, B*T]]",,,"[[E, B*T]]",[4989],43,feed_forward,,1,model.layers.43.feed_forward,aten.clone.default,[],prefill,True,
4991,feed_forward,,,_unsafe_view,"[[E, B*T]]",,,"[[B*E*T, 1]]",[4990],43,feed_forward,,1,model.layers.43.feed_forward,aten._unsafe_view.default,[],prefill,True,
4992,feed_forward,,,elementwise_mul,"[[B*E*T, d_model], [B*E*T, 1]]",,,"[[B*E*T, d_model]]","[4988, 4991]",43,feed_forward,,1,model.layers.43.feed_forward,aten.mul.Tensor,[],prefill,False,
4993,feed_forward,experts,,view,"[[B*E*T, d_model]]",,,"[[E, B*T, d_model]]",[4992],43,feed_forward,experts,2,model.layers.43.feed_forward.experts,aten.view.default,[],prefill,True,
4994,feed_forward,experts,,batched_matmul,"[[E, B*T, d_model], [E, d_model, 2*d_moe]]","[E, d_model, 2*d_moe]",1,"[[E, B*T, 2*d_moe]]",[4993],43,feed_forward,experts,2,model.layers.43.feed_forward.experts,aten.bmm.default,[model.layers.43.feed_forward.experts.gate_up_proj],prefill,False,
4995,feed_forward,experts,,split,"[[E, B*T, 2*d_moe]]",,,"[[E, B*T, d_moe], [E, B*T, d_moe]]",[4994],43,feed_forward,experts,2,model.layers.43.feed_forward.experts,aten.split.Tensor,[],prefill,True,
4996,feed_forward,experts,act_fn,silu,"[[E, B*T, d_moe]]",,,"[[E, B*T, d_moe]]",[4995],43,feed_forward,experts,3,model.layers.43.feed_forward.experts.act_fn,aten.silu.default,[],prefill,False,
4997,feed_forward,experts,,elementwise_mul,"[[E, B*T, d_moe], [E, B*T, d_moe]]",,,"[[E, B*T, d_moe]]","[4995, 4996]",43,feed_forward,experts,2,model.layers.43.feed_forward.experts,aten.mul.Tensor,[],prefill,False,
4998,feed_forward,experts,,batched_matmul,"[[E, B*T, d_moe], [E, d_moe, d_model]]","[E, d_moe, d_model]",1,"[[E, B*T, d_model]]",[4997],43,feed_forward,experts,2,model.layers.43.feed_forward.experts,aten.bmm.default,[model.layers.43.feed_forward.experts.down_proj],prefill,False,
4999,feed_forward,experts,,view,"[[E, B*T, d_model]]",,,"[[B*E*T, d_model]]",[4998],43,feed_forward,experts,2,model.layers.43.feed_forward.experts,aten.view.default,[],prefill,True,
5000,feed_forward,shared_expert,gate_proj,t,"[[d_moe, d_model]]","[d_moe, d_model]",0,"[[d_model, d_moe]]",[],43,feed_forward,shared_expert,3,model.layers.43.feed_forward.shared_expert.gate_proj,aten.t.default,[model.layers.43.feed_forward.shared_expert.gate_proj.weight],prefill,True,
5001,feed_forward,shared_expert,gate_proj,matmul,"[[B*T, d_model], [d_model, d_moe]]","[d_moe, d_model]",1,"[[B*T, d_moe]]","[4979, 5000]",43,feed_forward,shared_expert,3,model.layers.43.feed_forward.shared_expert.gate_proj,aten.mm.default,[model.layers.43.feed_forward.shared_expert.gate_proj.weight],prefill,False,
5002,feed_forward,shared_expert,activation_fn,silu,"[[B*T, d_moe]]",,,"[[B*T, d_moe]]",[5001],43,feed_forward,shared_expert,3,model.layers.43.feed_forward.shared_expert.activation_fn,aten.silu.default,[],prefill,False,
5003,feed_forward,shared_expert,up_proj,t,"[[d_moe, d_model]]","[d_moe, d_model]",0,"[[d_model, d_moe]]",[],43,feed_forward,shared_expert,3,model.layers.43.feed_forward.shared_expert.up_proj,aten.t.default,[model.layers.43.feed_forward.shared_expert.up_proj.weight],prefill,True,
5004,feed_forward,shared_expert,up_proj,matmul,"[[B*T, d_model], [d_model, d_moe]]","[d_moe, d_model]",1,"[[B*T, d_moe]]","[4979, 5003]",43,feed_forward,shared_expert,3,model.layers.43.feed_forward.shared_expert.up_proj,aten.mm.default,[model.layers.43.feed_forward.shared_expert.up_proj.weight],prefill,False,
5005,feed_forward,shared_expert,,elementwise_mul,"[[B*T, d_moe], [B*T, d_moe]]",,,"[[B*T, d_moe]]","[5002, 5004]",43,feed_forward,shared_expert,2,model.layers.43.feed_forward.shared_expert,aten.mul.Tensor,[],prefill,False,
5006,feed_forward,shared_expert,down_proj,t,"[[d_model, d_moe]]","[d_model, d_moe]",0,"[[d_moe, d_model]]",[],43,feed_forward,shared_expert,3,model.layers.43.feed_forward.shared_expert.down_proj,aten.t.default,[model.layers.43.feed_forward.shared_expert.down_proj.weight],prefill,True,
5007,feed_forward,shared_expert,down_proj,matmul,"[[B*T, d_moe], [d_moe, d_model]]","[d_model, d_moe]",1,"[[B*T, d_model]]","[5005, 5006]",43,feed_forward,shared_expert,3,model.layers.43.feed_forward.shared_expert.down_proj,aten.mm.default,[model.layers.43.feed_forward.shared_expert.down_proj.weight],prefill,False,
5008,feed_forward,,,view,"[[B*E*T, d_model]]",,,"[[E, B*T, d_model]]",[4999],43,feed_forward,,1,model.layers.43.feed_forward,aten.view.default,[],prefill,True,
5009,feed_forward,,,sum,"[[E, B*T, d_model]]",,,"[[B*T, d_model]]",[5008],43,feed_forward,,1,model.layers.43.feed_forward,aten.sum.dim_IntList,[],prefill,True,
5010,feed_forward,,,add_,"[[B*T, d_model], [B*T, d_model]]",,,"[[B*T, d_model]]","[5007, 5009]",43,feed_forward,,1,model.layers.43.feed_forward,aten.add_.Tensor,[],prefill,True,
5011,,,,view,"[[B*T, d_model]]",,,"[[B, T, d_model]]",[5010],43,,,0,model.layers.43,aten.view.default,[],prefill,True,
5012,,,,elementwise_add,"[[B, T, d_model], [B, T, d_model]]",,,"[[B, T, d_model]]","[4970, 5011]",43,,,0,model.layers.43,aten.add.Tensor,[],prefill,False,
5013,input_layernorm,,,_to_copy,"[[B, T, d_model]]",,,"[[B, T, d_model]]",[5012],44,input_layernorm,,1,model.layers.44.input_layernorm,aten._to_copy.default,[],prefill,True,
5014,input_layernorm,,,pow,"[[B, T, d_model]]",,,"[[B, T, d_model]]",[5013],44,input_layernorm,,1,model.layers.44.input_layernorm,aten.pow.Tensor_Scalar,[],prefill,False,
5015,input_layernorm,,,mean,"[[B, T, d_model]]",,,"[[B, T, 1]]",[5014],44,input_layernorm,,1,model.layers.44.input_layernorm,aten.mean.dim,[],prefill,False,
5016,input_layernorm,,,elementwise_add,"[[B, T, 1]]",,,"[[B, T, 1]]",[5015],44,input_layernorm,,1,model.layers.44.input_layernorm,aten.add.Tensor,[],prefill,False,
5017,input_layernorm,,,rsqrt,"[[B, T, 1]]",,,"[[B, T, 1]]",[5016],44,input_layernorm,,1,model.layers.44.input_layernorm,aten.rsqrt.default,[],prefill,False,
5018,input_layernorm,,,elementwise_mul,"[[B, T, d_model], [B, T, 1]]",,,"[[B, T, d_model]]","[5013, 5017]",44,input_layernorm,,1,model.layers.44.input_layernorm,aten.mul.Tensor,[],prefill,False,
5019,input_layernorm,,,_to_copy,"[[B, T, d_model]]",,,"[[B, T, d_model]]",[5018],44,input_layernorm,,1,model.layers.44.input_layernorm,aten._to_copy.default,[],prefill,True,
5020,input_layernorm,,,elementwise_mul,"[[B, T, d_model], [d_model]]",,,"[[B, T, d_model]]",[5019],44,input_layernorm,,1,model.layers.44.input_layernorm,aten.mul.Tensor,[model.layers.44.input_layernorm.weight],prefill,False,
5021,self_attn,q_proj,,t,"[[n_h*d_head, d_model]]","[n_h*d_head, d_model]",0,"[[d_model, n_h*d_head]]",[],44,self_attn,q_proj,2,model.layers.44.self_attn.q_proj,aten.t.default,[model.layers.44.self_attn.q_proj.weight],prefill,True,
5022,self_attn,q_proj,,view,"[[B, T, d_model]]",,,"[[B*T, d_model]]",[5020],44,self_attn,q_proj,2,model.layers.44.self_attn.q_proj,aten.view.default,[],prefill,True,
5023,self_attn,q_proj,,matmul,"[[B*T, d_model], [d_model, n_h*d_head]]","[n_h*d_head, d_model]",1,"[[B*T, n_h*d_head]]","[5021, 5022]",44,self_attn,q_proj,2,model.layers.44.self_attn.q_proj,aten.mm.default,[model.layers.44.self_attn.q_proj.weight],prefill,False,
5024,self_attn,q_proj,,_unsafe_view,"[[B*T, n_h*d_head]]",,,"[[B, T, n_h*d_head]]",[5023],44,self_attn,q_proj,2,model.layers.44.self_attn.q_proj,aten._unsafe_view.default,[],prefill,True,
5025,self_attn,,,view,"[[B, T, n_h*d_head]]",,,"[[B, T, n_h, d_head]]",[5024],44,self_attn,,1,model.layers.44.self_attn,aten.view.default,[],prefill,True,
5026,self_attn,k_proj,,t,"[[n_kv*d_head, d_model]]","[n_kv*d_head, d_model]",0,"[[d_model, n_kv*d_head]]",[],44,self_attn,k_proj,2,model.layers.44.self_attn.k_proj,aten.t.default,[model.layers.44.self_attn.k_proj.weight],prefill,True,
5027,self_attn,k_proj,,view,"[[B, T, d_model]]",,,"[[B*T, d_model]]",[5020],44,self_attn,k_proj,2,model.layers.44.self_attn.k_proj,aten.view.default,[],prefill,True,
5028,self_attn,k_proj,,matmul,"[[B*T, d_model], [d_model, n_kv*d_head]]","[n_kv*d_head, d_model]",1,"[[B*T, n_kv*d_head]]","[5026, 5027]",44,self_attn,k_proj,2,model.layers.44.self_attn.k_proj,aten.mm.default,[model.layers.44.self_attn.k_proj.weight],prefill,False,
5029,self_attn,k_proj,,_unsafe_view,"[[B*T, n_kv*d_head]]",,,"[[B, T, n_kv*d_head]]",[5028],44,self_attn,k_proj,2,model.layers.44.self_attn.k_proj,aten._unsafe_view.default,[],prefill,True,
5030,self_attn,,,view,"[[B, T, n_kv*d_head]]",,,"[[B, T, n_kv, d_head]]",[5029],44,self_attn,,1,model.layers.44.self_attn,aten.view.default,[],prefill,True,
5031,self_attn,v_proj,,t,"[[n_kv*d_head, d_model]]","[n_kv*d_head, d_model]",0,"[[d_model, n_kv*d_head]]",[],44,self_attn,v_proj,2,model.layers.44.self_attn.v_proj,aten.t.default,[model.layers.44.self_attn.v_proj.weight],prefill,True,
5032,self_attn,v_proj,,view,"[[B, T, d_model]]",,,"[[B*T, d_model]]",[5020],44,self_attn,v_proj,2,model.layers.44.self_attn.v_proj,aten.view.default,[],prefill,True,
5033,self_attn,v_proj,,matmul,"[[B*T, d_model], [d_model, n_kv*d_head]]","[n_kv*d_head, d_model]",1,"[[B*T, n_kv*d_head]]","[5031, 5032]",44,self_attn,v_proj,2,model.layers.44.self_attn.v_proj,aten.mm.default,[model.layers.44.self_attn.v_proj.weight],prefill,False,
5034,self_attn,v_proj,,_unsafe_view,"[[B*T, n_kv*d_head]]",,,"[[B, T, n_kv*d_head]]",[5033],44,self_attn,v_proj,2,model.layers.44.self_attn.v_proj,aten._unsafe_view.default,[],prefill,True,
5035,self_attn,,,view,"[[B, T, n_kv*d_head]]",,,"[[B, T, n_kv, d_head]]",[5034],44,self_attn,,1,model.layers.44.self_attn,aten.view.default,[],prefill,True,
5036,self_attn,,,transpose,"[[B, T, n_kv, d_head]]",,,"[[B, n_kv, T, d_head]]",[5035],44,self_attn,,1,model.layers.44.self_attn,aten.transpose.int,[],prefill,True,
5037,self_attn,,,_to_copy,"[[B, T, n_h, d_head]]",,,"[[B, T, n_h, d_head]]",[5025],44,self_attn,,1,model.layers.44.self_attn,aten._to_copy.default,[],prefill,True,
5038,self_attn,,,view,"[[B, T, n_h, d_head]]",,,"[[B, T, n_h, d_head/2, 2]]",[5037],44,self_attn,,1,model.layers.44.self_attn,aten.view.default,[],prefill,True,
5039,self_attn,,,view_as_complex,"[[B, T, n_h, d_head/2, 2]]",,,"[[B, T, n_h, d_head/2]]",[5038],44,self_attn,,1,model.layers.44.self_attn,aten.view_as_complex.default,[],prefill,True,
5040,self_attn,,,_to_copy,"[[B, T, n_kv, d_head]]",,,"[[B, T, n_kv, d_head]]",[5030],44,self_attn,,1,model.layers.44.self_attn,aten._to_copy.default,[],prefill,True,
5041,self_attn,,,view,"[[B, T, n_kv, d_head]]",,,"[[B, T, n_kv, d_head/2, 2]]",[5040],44,self_attn,,1,model.layers.44.self_attn,aten.view.default,[],prefill,True,
5042,self_attn,,,view_as_complex,"[[B, T, n_kv, d_head/2, 2]]",,,"[[B, T, n_kv, d_head/2]]",[5041],44,self_attn,,1,model.layers.44.self_attn,aten.view_as_complex.default,[],prefill,True,
5043,self_attn,,,unsqueeze,"[[B, T, d_head/2]]",,,"[[B, T, 1, d_head/2]]",[106],44,self_attn,,1,model.layers.44.self_attn,aten.unsqueeze.default,[],prefill,True,
5044,self_attn,,,elementwise_mul,"[[B, T, n_h, d_head/2], [B, T, 1, d_head/2]]",,,"[[B, T, n_h, d_head/2]]","[5039, 5043]",44,self_attn,,1,model.layers.44.self_attn,aten.mul.Tensor,[],prefill,False,
5045,self_attn,,,view_as_real,"[[B, T, n_h, d_head/2]]",,,"[[B, T, n_h, d_head/2, 2]]",[5044],44,self_attn,,1,model.layers.44.self_attn,aten.view_as_real.default,[],prefill,True,
5046,self_attn,,,view,"[[B, T, n_h, d_head/2, 2]]",,,"[[B, T, n_h, d_head]]",[5045],44,self_attn,,1,model.layers.44.self_attn,aten.view.default,[],prefill,True,
5047,self_attn,,,unsqueeze,"[[B, T, d_head/2]]",,,"[[B, T, 1, d_head/2]]",[106],44,self_attn,,1,model.layers.44.self_attn,aten.unsqueeze.default,[],prefill,True,
5048,self_attn,,,elementwise_mul,"[[B, T, n_kv, d_head/2], [B, T, 1, d_head/2]]",,,"[[B, T, n_kv, d_head/2]]","[5042, 5047]",44,self_attn,,1,model.layers.44.self_attn,aten.mul.Tensor,[],prefill,False,
5049,self_attn,,,view_as_real,"[[B, T, n_kv, d_head/2]]",,,"[[B, T, n_kv, d_head/2, 2]]",[5048],44,self_attn,,1,model.layers.44.self_attn,aten.view_as_real.default,[],prefill,True,
5050,self_attn,,,view,"[[B, T, n_kv, d_head/2, 2]]",,,"[[B, T, n_kv, d_head]]",[5049],44,self_attn,,1,model.layers.44.self_attn,aten.view.default,[],prefill,True,
5051,self_attn,,,_to_copy,"[[B, T, n_h, d_head]]",,,"[[B, T, n_h, d_head]]",[5046],44,self_attn,,1,model.layers.44.self_attn,aten._to_copy.default,[],prefill,True,
5052,self_attn,,,_to_copy,"[[B, T, n_kv, d_head]]",,,"[[B, T, n_kv, d_head]]",[5050],44,self_attn,,1,model.layers.44.self_attn,aten._to_copy.default,[],prefill,True,
5053,self_attn,,,transpose,"[[B, T, n_h, d_head]]",,,"[[B, n_h, T, d_head]]",[5051],44,self_attn,,1,model.layers.44.self_attn,aten.transpose.int,[],prefill,True,
5054,self_attn,,,transpose,"[[B, T, n_kv, d_head]]",,,"[[B, n_kv, T, d_head]]",[5052],44,self_attn,,1,model.layers.44.self_attn,aten.transpose.int,[],prefill,True,
5055,self_attn,,,_to_copy,[[]],,,[[]],[34],44,self_attn,,1,model.layers.44.self_attn,aten._to_copy.default,[],prefill,True,
5056,self_attn,,,concat,"[[0], [B, n_kv, T, d_head]]",,,"[[B, n_kv, T, d_head]]",[5054],44,self_attn,,1,model.layers.44.self_attn,aten.cat.default,[],prefill,False,
5057,self_attn,,,concat,"[[0], [B, n_kv, T, d_head]]",,,"[[B, n_kv, T, d_head]]",[5036],44,self_attn,,1,model.layers.44.self_attn,aten.cat.default,[],prefill,False,
5058,self_attn,,,slice,"[[B, n_kv, T, d_head]]",,,"[[B, n_kv, T, d_head]]",[5056],44,self_attn,,1,model.layers.44.self_attn,aten.slice.Tensor,[],prefill,True,
5059,self_attn,,,slice,"[[B, n_kv, T, d_head]]",,,"[[B, n_kv, T, d_head]]",[5057],44,self_attn,,1,model.layers.44.self_attn,aten.slice.Tensor,[],prefill,True,
5060,self_attn,,,unsqueeze,"[[B, n_kv, T, d_head]]",,,"[[B, n_kv, 1, T, d_head]]",[5056],44,self_attn,,1,model.layers.44.self_attn,aten.unsqueeze.default,[],prefill,True,
5061,self_attn,,,expand,"[[B, n_kv, 1, T, d_head]]",,,"[[B, n_kv, n_h/n_kv, T, d_head]]",[5060],44,self_attn,,1,model.layers.44.self_attn,aten.expand.default,[],prefill,True,
5062,self_attn,,,clone,"[[B, n_kv, n_h/n_kv, T, d_head]]",,,"[[B, n_kv, n_h/n_kv, T, d_head]]",[5061],44,self_attn,,1,model.layers.44.self_attn,aten.clone.default,[],prefill,True,
5063,self_attn,,,_unsafe_view,"[[B, n_kv, n_h/n_kv, T, d_head]]",,,"[[B, n_h, T, d_head]]",[5062],44,self_attn,,1,model.layers.44.self_attn,aten._unsafe_view.default,[],prefill,True,
5064,self_attn,,,unsqueeze,"[[B, n_kv, T, d_head]]",,,"[[B, n_kv, 1, T, d_head]]",[5057],44,self_attn,,1,model.layers.44.self_attn,aten.unsqueeze.default,[],prefill,True,
5065,self_attn,,,expand,"[[B, n_kv, 1, T, d_head]]",,,"[[B, n_kv, n_h/n_kv, T, d_head]]",[5064],44,self_attn,,1,model.layers.44.self_attn,aten.expand.default,[],prefill,True,
5066,self_attn,,,clone,"[[B, n_kv, n_h/n_kv, T, d_head]]",,,"[[B, n_kv, n_h/n_kv, T, d_head]]",[5065],44,self_attn,,1,model.layers.44.self_attn,aten.clone.default,[],prefill,True,
5067,self_attn,,,_unsafe_view,"[[B, n_kv, n_h/n_kv, T, d_head]]",,,"[[B, n_h, T, d_head]]",[5066],44,self_attn,,1,model.layers.44.self_attn,aten._unsafe_view.default,[],prefill,True,
5068,self_attn,,,transpose,"[[B, n_h, T, d_head]]",,,"[[B, n_h, d_head, T]]",[5063],44,self_attn,,1,model.layers.44.self_attn,aten.transpose.int,[],prefill,True,
5069,self_attn,,,expand,"[[B, n_h, T, d_head]]",,,"[[B, n_h, T, d_head]]",[5053],44,self_attn,,1,model.layers.44.self_attn,aten.expand.default,[],prefill,True,
5070,self_attn,,,clone,"[[B, n_h, T, d_head]]",,,"[[B, n_h, T, d_head]]",[5069],44,self_attn,,1,model.layers.44.self_attn,aten.clone.default,[],prefill,True,
5071,self_attn,,,_unsafe_view,"[[B, n_h, T, d_head]]",,,"[[B*n_h, T, d_head]]",[5070],44,self_attn,,1,model.layers.44.self_attn,aten._unsafe_view.default,[],prefill,True,
5072,self_attn,,,expand,"[[B, n_h, d_head, T]]",,,"[[B, n_h, d_head, T]]",[5068],44,self_attn,,1,model.layers.44.self_attn,aten.expand.default,[],prefill,True,
5073,self_attn,,,view,"[[B, n_h, d_head, T]]",,,"[[B*n_h, d_head, T]]",[5072],44,self_attn,,1,model.layers.44.self_attn,aten.view.default,[],prefill,True,
5074,self_attn,,,batched_matmul,"[[B*n_h, T, d_head], [B*n_h, d_head, T]]",,,"[[B*n_h, T, T]]","[5071, 5073]",44,self_attn,,1,model.layers.44.self_attn,aten.bmm.default,[],prefill,False,
5075,self_attn,,,_unsafe_view,"[[B*n_h, T, T]]",,,"[[B, n_h, T, T]]",[5074],44,self_attn,,1,model.layers.44.self_attn,aten._unsafe_view.default,[],prefill,True,
5076,self_attn,,,elementwise_mul,"[[B, n_h, T, T]]",,,"[[B, n_h, T, T]]",[5075],44,self_attn,,1,model.layers.44.self_attn,aten.mul.Tensor,[],prefill,False,
5077,self_attn,,,elementwise_add,"[[B, n_h, T, T], [B, 1, T, T]]",,,"[[B, n_h, T, T]]","[91, 5076]",44,self_attn,,1,model.layers.44.self_attn,aten.add.Tensor,[],prefill,False,
5078,self_attn,,,softmax,"[[B, n_h, T, T]]",,,"[[B, n_h, T, T]]",[5077],44,self_attn,,1,model.layers.44.self_attn,aten._softmax.default,[],prefill,False,
5079,self_attn,,,expand,"[[B, n_h, T, T]]",,,"[[B, n_h, T, T]]",[5078],44,self_attn,,1,model.layers.44.self_attn,aten.expand.default,[],prefill,True,
5080,self_attn,,,view,"[[B, n_h, T, T]]",,,"[[B*n_h, T, T]]",[5079],44,self_attn,,1,model.layers.44.self_attn,aten.view.default,[],prefill,True,
5081,self_attn,,,expand,"[[B, n_h, T, d_head]]",,,"[[B, n_h, T, d_head]]",[5067],44,self_attn,,1,model.layers.44.self_attn,aten.expand.default,[],prefill,True,
5082,self_attn,,,view,"[[B, n_h, T, d_head]]",,,"[[B*n_h, T, d_head]]",[5081],44,self_attn,,1,model.layers.44.self_attn,aten.view.default,[],prefill,True,
5083,self_attn,,,batched_matmul,"[[B*n_h, T, T], [B*n_h, T, d_head]]",,,"[[B*n_h, T, d_head]]","[5080, 5082]",44,self_attn,,1,model.layers.44.self_attn,aten.bmm.default,[],prefill,False,
5084,self_attn,,,_unsafe_view,"[[B*n_h, T, d_head]]",,,"[[B, n_h, T, d_head]]",[5083],44,self_attn,,1,model.layers.44.self_attn,aten._unsafe_view.default,[],prefill,True,
5085,self_attn,,,transpose,"[[B, n_h, T, d_head]]",,,"[[B, T, n_h, d_head]]",[5084],44,self_attn,,1,model.layers.44.self_attn,aten.transpose.int,[],prefill,True,
5086,self_attn,,,clone,"[[B, T, n_h, d_head]]",,,"[[B, T, n_h, d_head]]",[5085],44,self_attn,,1,model.layers.44.self_attn,aten.clone.default,[],prefill,True,
5087,self_attn,,,view,"[[B, T, n_h, d_head]]",,,"[[B, T, n_h*d_head]]",[5086],44,self_attn,,1,model.layers.44.self_attn,aten.view.default,[],prefill,True,
5088,self_attn,o_proj,,t,"[[d_model, n_h*d_head]]","[d_model, n_h*d_head]",0,"[[n_h*d_head, d_model]]",[],44,self_attn,o_proj,2,model.layers.44.self_attn.o_proj,aten.t.default,[model.layers.44.self_attn.o_proj.weight],prefill,True,
5089,self_attn,o_proj,,view,"[[B, T, n_h*d_head]]",,,"[[B*T, n_h*d_head]]",[5087],44,self_attn,o_proj,2,model.layers.44.self_attn.o_proj,aten.view.default,[],prefill,True,
5090,self_attn,o_proj,,matmul,"[[B*T, n_h*d_head], [n_h*d_head, d_model]]","[d_model, n_h*d_head]",1,"[[B*T, d_model]]","[5088, 5089]",44,self_attn,o_proj,2,model.layers.44.self_attn.o_proj,aten.mm.default,[model.layers.44.self_attn.o_proj.weight],prefill,False,
5091,self_attn,o_proj,,_unsafe_view,"[[B*T, d_model]]",,,"[[B, T, d_model]]",[5090],44,self_attn,o_proj,2,model.layers.44.self_attn.o_proj,aten._unsafe_view.default,[],prefill,True,
5092,,,,elementwise_add,"[[B, T, d_model], [B, T, d_model]]",,,"[[B, T, d_model]]","[5012, 5091]",44,,,0,model.layers.44,aten.add.Tensor,[],prefill,False,
5093,post_attention_layernorm,,,_to_copy,"[[B, T, d_model]]",,,"[[B, T, d_model]]",[5092],44,post_attention_layernorm,,1,model.layers.44.post_attention_layernorm,aten._to_copy.default,[],prefill,True,
5094,post_attention_layernorm,,,pow,"[[B, T, d_model]]",,,"[[B, T, d_model]]",[5093],44,post_attention_layernorm,,1,model.layers.44.post_attention_layernorm,aten.pow.Tensor_Scalar,[],prefill,False,
5095,post_attention_layernorm,,,mean,"[[B, T, d_model]]",,,"[[B, T, 1]]",[5094],44,post_attention_layernorm,,1,model.layers.44.post_attention_layernorm,aten.mean.dim,[],prefill,False,
5096,post_attention_layernorm,,,elementwise_add,"[[B, T, 1]]",,,"[[B, T, 1]]",[5095],44,post_attention_layernorm,,1,model.layers.44.post_attention_layernorm,aten.add.Tensor,[],prefill,False,
5097,post_attention_layernorm,,,rsqrt,"[[B, T, 1]]",,,"[[B, T, 1]]",[5096],44,post_attention_layernorm,,1,model.layers.44.post_attention_layernorm,aten.rsqrt.default,[],prefill,False,
5098,post_attention_layernorm,,,elementwise_mul,"[[B, T, d_model], [B, T, 1]]",,,"[[B, T, d_model]]","[5093, 5097]",44,post_attention_layernorm,,1,model.layers.44.post_attention_layernorm,aten.mul.Tensor,[],prefill,False,
5099,post_attention_layernorm,,,_to_copy,"[[B, T, d_model]]",,,"[[B, T, d_model]]",[5098],44,post_attention_layernorm,,1,model.layers.44.post_attention_layernorm,aten._to_copy.default,[],prefill,True,
5100,post_attention_layernorm,,,elementwise_mul,"[[B, T, d_model], [d_model]]",,,"[[B, T, d_model]]",[5099],44,post_attention_layernorm,,1,model.layers.44.post_attention_layernorm,aten.mul.Tensor,[model.layers.44.post_attention_layernorm.weight],prefill,False,
5101,feed_forward,gate_proj,,t,"[[d_ff, d_model]]","[d_ff, d_model]",0,"[[d_model, d_ff]]",[],44,feed_forward,gate_proj,2,model.layers.44.feed_forward.gate_proj,aten.t.default,[model.layers.44.feed_forward.gate_proj.weight],prefill,True,
5102,feed_forward,gate_proj,,view,"[[B, T, d_model]]",,,"[[B*T, d_model]]",[5100],44,feed_forward,gate_proj,2,model.layers.44.feed_forward.gate_proj,aten.view.default,[],prefill,True,
5103,feed_forward,gate_proj,,matmul,"[[B*T, d_model], [d_model, d_ff]]","[d_ff, d_model]",1,"[[B*T, d_ff]]","[5101, 5102]",44,feed_forward,gate_proj,2,model.layers.44.feed_forward.gate_proj,aten.mm.default,[model.layers.44.feed_forward.gate_proj.weight],prefill,False,
5104,feed_forward,gate_proj,,_unsafe_view,"[[B*T, d_ff]]",,,"[[B, T, d_ff]]",[5103],44,feed_forward,gate_proj,2,model.layers.44.feed_forward.gate_proj,aten._unsafe_view.default,[],prefill,True,
5105,feed_forward,activation_fn,,silu,"[[B, T, d_ff]]",,,"[[B, T, d_ff]]",[5104],44,feed_forward,activation_fn,2,model.layers.44.feed_forward.activation_fn,aten.silu.default,[],prefill,False,
5106,feed_forward,up_proj,,t,"[[d_ff, d_model]]","[d_ff, d_model]",0,"[[d_model, d_ff]]",[],44,feed_forward,up_proj,2,model.layers.44.feed_forward.up_proj,aten.t.default,[model.layers.44.feed_forward.up_proj.weight],prefill,True,
5107,feed_forward,up_proj,,view,"[[B, T, d_model]]",,,"[[B*T, d_model]]",[5100],44,feed_forward,up_proj,2,model.layers.44.feed_forward.up_proj,aten.view.default,[],prefill,True,
5108,feed_forward,up_proj,,matmul,"[[B*T, d_model], [d_model, d_ff]]","[d_ff, d_model]",1,"[[B*T, d_ff]]","[5106, 5107]",44,feed_forward,up_proj,2,model.layers.44.feed_forward.up_proj,aten.mm.default,[model.layers.44.feed_forward.up_proj.weight],prefill,False,
5109,feed_forward,up_proj,,_unsafe_view,"[[B*T, d_ff]]",,,"[[B, T, d_ff]]",[5108],44,feed_forward,up_proj,2,model.layers.44.feed_forward.up_proj,aten._unsafe_view.default,[],prefill,True,
5110,feed_forward,,,elementwise_mul,"[[B, T, d_ff], [B, T, d_ff]]",,,"[[B, T, d_ff]]","[5105, 5109]",44,feed_forward,,1,model.layers.44.feed_forward,aten.mul.Tensor,[],prefill,False,
5111,feed_forward,down_proj,,t,"[[d_model, d_ff]]","[d_model, d_ff]",0,"[[d_ff, d_model]]",[],44,feed_forward,down_proj,2,model.layers.44.feed_forward.down_proj,aten.t.default,[model.layers.44.feed_forward.down_proj.weight],prefill,True,
5112,feed_forward,down_proj,,view,"[[B, T, d_ff]]",,,"[[B*T, d_ff]]",[5110],44,feed_forward,down_proj,2,model.layers.44.feed_forward.down_proj,aten.view.default,[],prefill,True,
5113,feed_forward,down_proj,,matmul,"[[B*T, d_ff], [d_ff, d_model]]","[d_model, d_ff]",1,"[[B*T, d_model]]","[5111, 5112]",44,feed_forward,down_proj,2,model.layers.44.feed_forward.down_proj,aten.mm.default,[model.layers.44.feed_forward.down_proj.weight],prefill,False,
5114,feed_forward,down_proj,,_unsafe_view,"[[B*T, d_model]]",,,"[[B, T, d_model]]",[5113],44,feed_forward,down_proj,2,model.layers.44.feed_forward.down_proj,aten._unsafe_view.default,[],prefill,True,
5115,,,,view,"[[B, T, d_model]]",,,"[[B, T, d_model]]",[5114],44,,,0,model.layers.44,aten.view.default,[],prefill,True,
5116,,,,elementwise_add,"[[B, T, d_model], [B, T, d_model]]",,,"[[B, T, d_model]]","[5092, 5115]",44,,,0,model.layers.44,aten.add.Tensor,[],prefill,False,
5117,input_layernorm,,,_to_copy,"[[B, T, d_model]]",,,"[[B, T, d_model]]",[5116],45,input_layernorm,,1,model.layers.45.input_layernorm,aten._to_copy.default,[],prefill,True,
5118,input_layernorm,,,pow,"[[B, T, d_model]]",,,"[[B, T, d_model]]",[5117],45,input_layernorm,,1,model.layers.45.input_layernorm,aten.pow.Tensor_Scalar,[],prefill,False,
5119,input_layernorm,,,mean,"[[B, T, d_model]]",,,"[[B, T, 1]]",[5118],45,input_layernorm,,1,model.layers.45.input_layernorm,aten.mean.dim,[],prefill,False,
5120,input_layernorm,,,elementwise_add,"[[B, T, 1]]",,,"[[B, T, 1]]",[5119],45,input_layernorm,,1,model.layers.45.input_layernorm,aten.add.Tensor,[],prefill,False,
5121,input_layernorm,,,rsqrt,"[[B, T, 1]]",,,"[[B, T, 1]]",[5120],45,input_layernorm,,1,model.layers.45.input_layernorm,aten.rsqrt.default,[],prefill,False,
5122,input_layernorm,,,elementwise_mul,"[[B, T, d_model], [B, T, 1]]",,,"[[B, T, d_model]]","[5117, 5121]",45,input_layernorm,,1,model.layers.45.input_layernorm,aten.mul.Tensor,[],prefill,False,
5123,input_layernorm,,,_to_copy,"[[B, T, d_model]]",,,"[[B, T, d_model]]",[5122],45,input_layernorm,,1,model.layers.45.input_layernorm,aten._to_copy.default,[],prefill,True,
5124,input_layernorm,,,elementwise_mul,"[[B, T, d_model], [d_model]]",,,"[[B, T, d_model]]",[5123],45,input_layernorm,,1,model.layers.45.input_layernorm,aten.mul.Tensor,[model.layers.45.input_layernorm.weight],prefill,False,
5125,self_attn,q_proj,,t,"[[n_h*d_head, d_model]]","[n_h*d_head, d_model]",0,"[[d_model, n_h*d_head]]",[],45,self_attn,q_proj,2,model.layers.45.self_attn.q_proj,aten.t.default,[model.layers.45.self_attn.q_proj.weight],prefill,True,
5126,self_attn,q_proj,,view,"[[B, T, d_model]]",,,"[[B*T, d_model]]",[5124],45,self_attn,q_proj,2,model.layers.45.self_attn.q_proj,aten.view.default,[],prefill,True,
5127,self_attn,q_proj,,matmul,"[[B*T, d_model], [d_model, n_h*d_head]]","[n_h*d_head, d_model]",1,"[[B*T, n_h*d_head]]","[5125, 5126]",45,self_attn,q_proj,2,model.layers.45.self_attn.q_proj,aten.mm.default,[model.layers.45.self_attn.q_proj.weight],prefill,False,
5128,self_attn,q_proj,,_unsafe_view,"[[B*T, n_h*d_head]]",,,"[[B, T, n_h*d_head]]",[5127],45,self_attn,q_proj,2,model.layers.45.self_attn.q_proj,aten._unsafe_view.default,[],prefill,True,
5129,self_attn,,,view,"[[B, T, n_h*d_head]]",,,"[[B, T, n_h, d_head]]",[5128],45,self_attn,,1,model.layers.45.self_attn,aten.view.default,[],prefill,True,
5130,self_attn,k_proj,,t,"[[n_kv*d_head, d_model]]","[n_kv*d_head, d_model]",0,"[[d_model, n_kv*d_head]]",[],45,self_attn,k_proj,2,model.layers.45.self_attn.k_proj,aten.t.default,[model.layers.45.self_attn.k_proj.weight],prefill,True,
5131,self_attn,k_proj,,view,"[[B, T, d_model]]",,,"[[B*T, d_model]]",[5124],45,self_attn,k_proj,2,model.layers.45.self_attn.k_proj,aten.view.default,[],prefill,True,
5132,self_attn,k_proj,,matmul,"[[B*T, d_model], [d_model, n_kv*d_head]]","[n_kv*d_head, d_model]",1,"[[B*T, n_kv*d_head]]","[5130, 5131]",45,self_attn,k_proj,2,model.layers.45.self_attn.k_proj,aten.mm.default,[model.layers.45.self_attn.k_proj.weight],prefill,False,
5133,self_attn,k_proj,,_unsafe_view,"[[B*T, n_kv*d_head]]",,,"[[B, T, n_kv*d_head]]",[5132],45,self_attn,k_proj,2,model.layers.45.self_attn.k_proj,aten._unsafe_view.default,[],prefill,True,
5134,self_attn,,,view,"[[B, T, n_kv*d_head]]",,,"[[B, T, n_kv, d_head]]",[5133],45,self_attn,,1,model.layers.45.self_attn,aten.view.default,[],prefill,True,
5135,self_attn,v_proj,,t,"[[n_kv*d_head, d_model]]","[n_kv*d_head, d_model]",0,"[[d_model, n_kv*d_head]]",[],45,self_attn,v_proj,2,model.layers.45.self_attn.v_proj,aten.t.default,[model.layers.45.self_attn.v_proj.weight],prefill,True,
5136,self_attn,v_proj,,view,"[[B, T, d_model]]",,,"[[B*T, d_model]]",[5124],45,self_attn,v_proj,2,model.layers.45.self_attn.v_proj,aten.view.default,[],prefill,True,
5137,self_attn,v_proj,,matmul,"[[B*T, d_model], [d_model, n_kv*d_head]]","[n_kv*d_head, d_model]",1,"[[B*T, n_kv*d_head]]","[5135, 5136]",45,self_attn,v_proj,2,model.layers.45.self_attn.v_proj,aten.mm.default,[model.layers.45.self_attn.v_proj.weight],prefill,False,
5138,self_attn,v_proj,,_unsafe_view,"[[B*T, n_kv*d_head]]",,,"[[B, T, n_kv*d_head]]",[5137],45,self_attn,v_proj,2,model.layers.45.self_attn.v_proj,aten._unsafe_view.default,[],prefill,True,
5139,self_attn,,,view,"[[B, T, n_kv*d_head]]",,,"[[B, T, n_kv, d_head]]",[5138],45,self_attn,,1,model.layers.45.self_attn,aten.view.default,[],prefill,True,
5140,self_attn,,,transpose,"[[B, T, n_kv, d_head]]",,,"[[B, n_kv, T, d_head]]",[5139],45,self_attn,,1,model.layers.45.self_attn,aten.transpose.int,[],prefill,True,
5141,self_attn,,,_to_copy,"[[B, T, n_h, d_head]]",,,"[[B, T, n_h, d_head]]",[5129],45,self_attn,,1,model.layers.45.self_attn,aten._to_copy.default,[],prefill,True,
5142,self_attn,,,view,"[[B, T, n_h, d_head]]",,,"[[B, T, n_h, d_head/2, 2]]",[5141],45,self_attn,,1,model.layers.45.self_attn,aten.view.default,[],prefill,True,
5143,self_attn,,,view_as_complex,"[[B, T, n_h, d_head/2, 2]]",,,"[[B, T, n_h, d_head/2]]",[5142],45,self_attn,,1,model.layers.45.self_attn,aten.view_as_complex.default,[],prefill,True,
5144,self_attn,,,_to_copy,"[[B, T, n_kv, d_head]]",,,"[[B, T, n_kv, d_head]]",[5134],45,self_attn,,1,model.layers.45.self_attn,aten._to_copy.default,[],prefill,True,
5145,self_attn,,,view,"[[B, T, n_kv, d_head]]",,,"[[B, T, n_kv, d_head/2, 2]]",[5144],45,self_attn,,1,model.layers.45.self_attn,aten.view.default,[],prefill,True,
5146,self_attn,,,view_as_complex,"[[B, T, n_kv, d_head/2, 2]]",,,"[[B, T, n_kv, d_head/2]]",[5145],45,self_attn,,1,model.layers.45.self_attn,aten.view_as_complex.default,[],prefill,True,
5147,self_attn,,,unsqueeze,"[[B, T, d_head/2]]",,,"[[B, T, 1, d_head/2]]",[106],45,self_attn,,1,model.layers.45.self_attn,aten.unsqueeze.default,[],prefill,True,
5148,self_attn,,,elementwise_mul,"[[B, T, n_h, d_head/2], [B, T, 1, d_head/2]]",,,"[[B, T, n_h, d_head/2]]","[5143, 5147]",45,self_attn,,1,model.layers.45.self_attn,aten.mul.Tensor,[],prefill,False,
5149,self_attn,,,view_as_real,"[[B, T, n_h, d_head/2]]",,,"[[B, T, n_h, d_head/2, 2]]",[5148],45,self_attn,,1,model.layers.45.self_attn,aten.view_as_real.default,[],prefill,True,
5150,self_attn,,,view,"[[B, T, n_h, d_head/2, 2]]",,,"[[B, T, n_h, d_head]]",[5149],45,self_attn,,1,model.layers.45.self_attn,aten.view.default,[],prefill,True,
5151,self_attn,,,unsqueeze,"[[B, T, d_head/2]]",,,"[[B, T, 1, d_head/2]]",[106],45,self_attn,,1,model.layers.45.self_attn,aten.unsqueeze.default,[],prefill,True,
5152,self_attn,,,elementwise_mul,"[[B, T, n_kv, d_head/2], [B, T, 1, d_head/2]]",,,"[[B, T, n_kv, d_head/2]]","[5146, 5151]",45,self_attn,,1,model.layers.45.self_attn,aten.mul.Tensor,[],prefill,False,
5153,self_attn,,,view_as_real,"[[B, T, n_kv, d_head/2]]",,,"[[B, T, n_kv, d_head/2, 2]]",[5152],45,self_attn,,1,model.layers.45.self_attn,aten.view_as_real.default,[],prefill,True,
5154,self_attn,,,view,"[[B, T, n_kv, d_head/2, 2]]",,,"[[B, T, n_kv, d_head]]",[5153],45,self_attn,,1,model.layers.45.self_attn,aten.view.default,[],prefill,True,
5155,self_attn,,,_to_copy,"[[B, T, n_h, d_head]]",,,"[[B, T, n_h, d_head]]",[5150],45,self_attn,,1,model.layers.45.self_attn,aten._to_copy.default,[],prefill,True,
5156,self_attn,,,_to_copy,"[[B, T, n_kv, d_head]]",,,"[[B, T, n_kv, d_head]]",[5154],45,self_attn,,1,model.layers.45.self_attn,aten._to_copy.default,[],prefill,True,
5157,self_attn,,,transpose,"[[B, T, n_h, d_head]]",,,"[[B, n_h, T, d_head]]",[5155],45,self_attn,,1,model.layers.45.self_attn,aten.transpose.int,[],prefill,True,
5158,self_attn,,,transpose,"[[B, T, n_kv, d_head]]",,,"[[B, n_kv, T, d_head]]",[5156],45,self_attn,,1,model.layers.45.self_attn,aten.transpose.int,[],prefill,True,
5159,self_attn,,,_to_copy,[[]],,,[[]],[35],45,self_attn,,1,model.layers.45.self_attn,aten._to_copy.default,[],prefill,True,
5160,self_attn,,,concat,"[[0], [B, n_kv, T, d_head]]",,,"[[B, n_kv, T, d_head]]",[5158],45,self_attn,,1,model.layers.45.self_attn,aten.cat.default,[],prefill,False,
5161,self_attn,,,concat,"[[0], [B, n_kv, T, d_head]]",,,"[[B, n_kv, T, d_head]]",[5140],45,self_attn,,1,model.layers.45.self_attn,aten.cat.default,[],prefill,False,
5162,self_attn,,,slice,"[[B, n_kv, T, d_head]]",,,"[[B, n_kv, T, d_head]]",[5160],45,self_attn,,1,model.layers.45.self_attn,aten.slice.Tensor,[],prefill,True,
5163,self_attn,,,slice,"[[B, n_kv, T, d_head]]",,,"[[B, n_kv, T, d_head]]",[5161],45,self_attn,,1,model.layers.45.self_attn,aten.slice.Tensor,[],prefill,True,
5164,self_attn,,,unsqueeze,"[[B, n_kv, T, d_head]]",,,"[[B, n_kv, 1, T, d_head]]",[5160],45,self_attn,,1,model.layers.45.self_attn,aten.unsqueeze.default,[],prefill,True,
5165,self_attn,,,expand,"[[B, n_kv, 1, T, d_head]]",,,"[[B, n_kv, n_h/n_kv, T, d_head]]",[5164],45,self_attn,,1,model.layers.45.self_attn,aten.expand.default,[],prefill,True,
5166,self_attn,,,clone,"[[B, n_kv, n_h/n_kv, T, d_head]]",,,"[[B, n_kv, n_h/n_kv, T, d_head]]",[5165],45,self_attn,,1,model.layers.45.self_attn,aten.clone.default,[],prefill,True,
5167,self_attn,,,_unsafe_view,"[[B, n_kv, n_h/n_kv, T, d_head]]",,,"[[B, n_h, T, d_head]]",[5166],45,self_attn,,1,model.layers.45.self_attn,aten._unsafe_view.default,[],prefill,True,
5168,self_attn,,,unsqueeze,"[[B, n_kv, T, d_head]]",,,"[[B, n_kv, 1, T, d_head]]",[5161],45,self_attn,,1,model.layers.45.self_attn,aten.unsqueeze.default,[],prefill,True,
5169,self_attn,,,expand,"[[B, n_kv, 1, T, d_head]]",,,"[[B, n_kv, n_h/n_kv, T, d_head]]",[5168],45,self_attn,,1,model.layers.45.self_attn,aten.expand.default,[],prefill,True,
5170,self_attn,,,clone,"[[B, n_kv, n_h/n_kv, T, d_head]]",,,"[[B, n_kv, n_h/n_kv, T, d_head]]",[5169],45,self_attn,,1,model.layers.45.self_attn,aten.clone.default,[],prefill,True,
5171,self_attn,,,_unsafe_view,"[[B, n_kv, n_h/n_kv, T, d_head]]",,,"[[B, n_h, T, d_head]]",[5170],45,self_attn,,1,model.layers.45.self_attn,aten._unsafe_view.default,[],prefill,True,
5172,self_attn,,,transpose,"[[B, n_h, T, d_head]]",,,"[[B, n_h, d_head, T]]",[5167],45,self_attn,,1,model.layers.45.self_attn,aten.transpose.int,[],prefill,True,
5173,self_attn,,,expand,"[[B, n_h, T, d_head]]",,,"[[B, n_h, T, d_head]]",[5157],45,self_attn,,1,model.layers.45.self_attn,aten.expand.default,[],prefill,True,
5174,self_attn,,,clone,"[[B, n_h, T, d_head]]",,,"[[B, n_h, T, d_head]]",[5173],45,self_attn,,1,model.layers.45.self_attn,aten.clone.default,[],prefill,True,
5175,self_attn,,,_unsafe_view,"[[B, n_h, T, d_head]]",,,"[[B*n_h, T, d_head]]",[5174],45,self_attn,,1,model.layers.45.self_attn,aten._unsafe_view.default,[],prefill,True,
5176,self_attn,,,expand,"[[B, n_h, d_head, T]]",,,"[[B, n_h, d_head, T]]",[5172],45,self_attn,,1,model.layers.45.self_attn,aten.expand.default,[],prefill,True,
5177,self_attn,,,view,"[[B, n_h, d_head, T]]",,,"[[B*n_h, d_head, T]]",[5176],45,self_attn,,1,model.layers.45.self_attn,aten.view.default,[],prefill,True,
5178,self_attn,,,batched_matmul,"[[B*n_h, T, d_head], [B*n_h, d_head, T]]",,,"[[B*n_h, T, T]]","[5175, 5177]",45,self_attn,,1,model.layers.45.self_attn,aten.bmm.default,[],prefill,False,
5179,self_attn,,,_unsafe_view,"[[B*n_h, T, T]]",,,"[[B, n_h, T, T]]",[5178],45,self_attn,,1,model.layers.45.self_attn,aten._unsafe_view.default,[],prefill,True,
5180,self_attn,,,elementwise_mul,"[[B, n_h, T, T]]",,,"[[B, n_h, T, T]]",[5179],45,self_attn,,1,model.layers.45.self_attn,aten.mul.Tensor,[],prefill,False,
5181,self_attn,,,elementwise_add,"[[B, n_h, T, T], [B, 1, T, T]]",,,"[[B, n_h, T, T]]","[91, 5180]",45,self_attn,,1,model.layers.45.self_attn,aten.add.Tensor,[],prefill,False,
5182,self_attn,,,softmax,"[[B, n_h, T, T]]",,,"[[B, n_h, T, T]]",[5181],45,self_attn,,1,model.layers.45.self_attn,aten._softmax.default,[],prefill,False,
5183,self_attn,,,expand,"[[B, n_h, T, T]]",,,"[[B, n_h, T, T]]",[5182],45,self_attn,,1,model.layers.45.self_attn,aten.expand.default,[],prefill,True,
5184,self_attn,,,view,"[[B, n_h, T, T]]",,,"[[B*n_h, T, T]]",[5183],45,self_attn,,1,model.layers.45.self_attn,aten.view.default,[],prefill,True,
5185,self_attn,,,expand,"[[B, n_h, T, d_head]]",,,"[[B, n_h, T, d_head]]",[5171],45,self_attn,,1,model.layers.45.self_attn,aten.expand.default,[],prefill,True,
5186,self_attn,,,view,"[[B, n_h, T, d_head]]",,,"[[B*n_h, T, d_head]]",[5185],45,self_attn,,1,model.layers.45.self_attn,aten.view.default,[],prefill,True,
5187,self_attn,,,batched_matmul,"[[B*n_h, T, T], [B*n_h, T, d_head]]",,,"[[B*n_h, T, d_head]]","[5184, 5186]",45,self_attn,,1,model.layers.45.self_attn,aten.bmm.default,[],prefill,False,
5188,self_attn,,,_unsafe_view,"[[B*n_h, T, d_head]]",,,"[[B, n_h, T, d_head]]",[5187],45,self_attn,,1,model.layers.45.self_attn,aten._unsafe_view.default,[],prefill,True,
5189,self_attn,,,transpose,"[[B, n_h, T, d_head]]",,,"[[B, T, n_h, d_head]]",[5188],45,self_attn,,1,model.layers.45.self_attn,aten.transpose.int,[],prefill,True,
5190,self_attn,,,clone,"[[B, T, n_h, d_head]]",,,"[[B, T, n_h, d_head]]",[5189],45,self_attn,,1,model.layers.45.self_attn,aten.clone.default,[],prefill,True,
5191,self_attn,,,view,"[[B, T, n_h, d_head]]",,,"[[B, T, n_h*d_head]]",[5190],45,self_attn,,1,model.layers.45.self_attn,aten.view.default,[],prefill,True,
5192,self_attn,o_proj,,t,"[[d_model, n_h*d_head]]","[d_model, n_h*d_head]",0,"[[n_h*d_head, d_model]]",[],45,self_attn,o_proj,2,model.layers.45.self_attn.o_proj,aten.t.default,[model.layers.45.self_attn.o_proj.weight],prefill,True,
5193,self_attn,o_proj,,view,"[[B, T, n_h*d_head]]",,,"[[B*T, n_h*d_head]]",[5191],45,self_attn,o_proj,2,model.layers.45.self_attn.o_proj,aten.view.default,[],prefill,True,
5194,self_attn,o_proj,,matmul,"[[B*T, n_h*d_head], [n_h*d_head, d_model]]","[d_model, n_h*d_head]",1,"[[B*T, d_model]]","[5192, 5193]",45,self_attn,o_proj,2,model.layers.45.self_attn.o_proj,aten.mm.default,[model.layers.45.self_attn.o_proj.weight],prefill,False,
5195,self_attn,o_proj,,_unsafe_view,"[[B*T, d_model]]",,,"[[B, T, d_model]]",[5194],45,self_attn,o_proj,2,model.layers.45.self_attn.o_proj,aten._unsafe_view.default,[],prefill,True,
5196,,,,elementwise_add,"[[B, T, d_model], [B, T, d_model]]",,,"[[B, T, d_model]]","[5116, 5195]",45,,,0,model.layers.45,aten.add.Tensor,[],prefill,False,
5197,post_attention_layernorm,,,_to_copy,"[[B, T, d_model]]",,,"[[B, T, d_model]]",[5196],45,post_attention_layernorm,,1,model.layers.45.post_attention_layernorm,aten._to_copy.default,[],prefill,True,
5198,post_attention_layernorm,,,pow,"[[B, T, d_model]]",,,"[[B, T, d_model]]",[5197],45,post_attention_layernorm,,1,model.layers.45.post_attention_layernorm,aten.pow.Tensor_Scalar,[],prefill,False,
5199,post_attention_layernorm,,,mean,"[[B, T, d_model]]",,,"[[B, T, 1]]",[5198],45,post_attention_layernorm,,1,model.layers.45.post_attention_layernorm,aten.mean.dim,[],prefill,False,
5200,post_attention_layernorm,,,elementwise_add,"[[B, T, 1]]",,,"[[B, T, 1]]",[5199],45,post_attention_layernorm,,1,model.layers.45.post_attention_layernorm,aten.add.Tensor,[],prefill,False,
5201,post_attention_layernorm,,,rsqrt,"[[B, T, 1]]",,,"[[B, T, 1]]",[5200],45,post_attention_layernorm,,1,model.layers.45.post_attention_layernorm,aten.rsqrt.default,[],prefill,False,
5202,post_attention_layernorm,,,elementwise_mul,"[[B, T, d_model], [B, T, 1]]",,,"[[B, T, d_model]]","[5197, 5201]",45,post_attention_layernorm,,1,model.layers.45.post_attention_layernorm,aten.mul.Tensor,[],prefill,False,
5203,post_attention_layernorm,,,_to_copy,"[[B, T, d_model]]",,,"[[B, T, d_model]]",[5202],45,post_attention_layernorm,,1,model.layers.45.post_attention_layernorm,aten._to_copy.default,[],prefill,True,
5204,post_attention_layernorm,,,elementwise_mul,"[[B, T, d_model], [d_model]]",,,"[[B, T, d_model]]",[5203],45,post_attention_layernorm,,1,model.layers.45.post_attention_layernorm,aten.mul.Tensor,[model.layers.45.post_attention_layernorm.weight],prefill,False,
5205,feed_forward,,,view,"[[B, T, d_model]]",,,"[[B*T, d_model]]",[5204],45,feed_forward,,1,model.layers.45.feed_forward,aten.view.default,[],prefill,True,
5206,feed_forward,router,,t,"[[E, d_model]]","[E, d_model]",0,"[[d_model, E]]",[],45,feed_forward,router,2,model.layers.45.feed_forward.router,aten.t.default,[model.layers.45.feed_forward.router.weight],prefill,True,
5207,feed_forward,router,,matmul,"[[B*T, d_model], [d_model, E]]","[E, d_model]",1,"[[B*T, E]]","[5205, 5206]",45,feed_forward,router,2,model.layers.45.feed_forward.router,aten.mm.default,[model.layers.45.feed_forward.router.weight],prefill,False,
5208,feed_forward,router,,topk,"[[B*T, E]]",,,"[[B*T, 1], [B*T, 1]]",[5207],45,feed_forward,router,2,model.layers.45.feed_forward.router,aten.topk.default,[],prefill,False,
5209,feed_forward,router,,full_like,"[[B*T, E]]",,,"[[B*T, E]]",[5207],45,feed_forward,router,2,model.layers.45.feed_forward.router,aten.full_like.default,[],prefill,True,
5210,feed_forward,router,,scatter_,"[[B*T, E], [B*T, 1], [B*T, 1]]",,,"[[B*T, E]]","[5208, 5209]",45,feed_forward,router,2,model.layers.45.feed_forward.router,aten.scatter_.src,[],prefill,True,
5211,feed_forward,router,,_to_copy,"[[B*T, E]]",,,"[[B*T, E]]",[5210],45,feed_forward,router,2,model.layers.45.feed_forward.router,aten._to_copy.default,[],prefill,True,
5212,feed_forward,router,,sigmoid,"[[B*T, E]]",,,"[[B*T, E]]",[5211],45,feed_forward,router,2,model.layers.45.feed_forward.router,aten.sigmoid.default,[],prefill,False,
5213,feed_forward,router,,_to_copy,"[[B*T, E]]",,,"[[B*T, E]]",[5212],45,feed_forward,router,2,model.layers.45.feed_forward.router,aten._to_copy.default,[],prefill,True,
5214,feed_forward,,,repeat,"[[B*T, d_model]]",,,"[[B*E*T, d_model]]",[5205],45,feed_forward,,1,model.layers.45.feed_forward,aten.repeat.default,[],prefill,True,
5215,feed_forward,,,transpose,"[[B*T, E]]",,,"[[E, B*T]]",[5213],45,feed_forward,,1,model.layers.45.feed_forward,aten.transpose.int,[],prefill,True,
5216,feed_forward,,,clone,"[[E, B*T]]",,,"[[E, B*T]]",[5215],45,feed_forward,,1,model.layers.45.feed_forward,aten.clone.default,[],prefill,True,
5217,feed_forward,,,_unsafe_view,"[[E, B*T]]",,,"[[B*E*T, 1]]",[5216],45,feed_forward,,1,model.layers.45.feed_forward,aten._unsafe_view.default,[],prefill,True,
5218,feed_forward,,,elementwise_mul,"[[B*E*T, d_model], [B*E*T, 1]]",,,"[[B*E*T, d_model]]","[5214, 5217]",45,feed_forward,,1,model.layers.45.feed_forward,aten.mul.Tensor,[],prefill,False,
5219,feed_forward,experts,,view,"[[B*E*T, d_model]]",,,"[[E, B*T, d_model]]",[5218],45,feed_forward,experts,2,model.layers.45.feed_forward.experts,aten.view.default,[],prefill,True,
5220,feed_forward,experts,,batched_matmul,"[[E, B*T, d_model], [E, d_model, 2*d_moe]]","[E, d_model, 2*d_moe]",1,"[[E, B*T, 2*d_moe]]",[5219],45,feed_forward,experts,2,model.layers.45.feed_forward.experts,aten.bmm.default,[model.layers.45.feed_forward.experts.gate_up_proj],prefill,False,
5221,feed_forward,experts,,split,"[[E, B*T, 2*d_moe]]",,,"[[E, B*T, d_moe], [E, B*T, d_moe]]",[5220],45,feed_forward,experts,2,model.layers.45.feed_forward.experts,aten.split.Tensor,[],prefill,True,
5222,feed_forward,experts,act_fn,silu,"[[E, B*T, d_moe]]",,,"[[E, B*T, d_moe]]",[5221],45,feed_forward,experts,3,model.layers.45.feed_forward.experts.act_fn,aten.silu.default,[],prefill,False,
5223,feed_forward,experts,,elementwise_mul,"[[E, B*T, d_moe], [E, B*T, d_moe]]",,,"[[E, B*T, d_moe]]","[5221, 5222]",45,feed_forward,experts,2,model.layers.45.feed_forward.experts,aten.mul.Tensor,[],prefill,False,
5224,feed_forward,experts,,batched_matmul,"[[E, B*T, d_moe], [E, d_moe, d_model]]","[E, d_moe, d_model]",1,"[[E, B*T, d_model]]",[5223],45,feed_forward,experts,2,model.layers.45.feed_forward.experts,aten.bmm.default,[model.layers.45.feed_forward.experts.down_proj],prefill,False,
5225,feed_forward,experts,,view,"[[E, B*T, d_model]]",,,"[[B*E*T, d_model]]",[5224],45,feed_forward,experts,2,model.layers.45.feed_forward.experts,aten.view.default,[],prefill,True,
5226,feed_forward,shared_expert,gate_proj,t,"[[d_moe, d_model]]","[d_moe, d_model]",0,"[[d_model, d_moe]]",[],45,feed_forward,shared_expert,3,model.layers.45.feed_forward.shared_expert.gate_proj,aten.t.default,[model.layers.45.feed_forward.shared_expert.gate_proj.weight],prefill,True,
5227,feed_forward,shared_expert,gate_proj,matmul,"[[B*T, d_model], [d_model, d_moe]]","[d_moe, d_model]",1,"[[B*T, d_moe]]","[5205, 5226]",45,feed_forward,shared_expert,3,model.layers.45.feed_forward.shared_expert.gate_proj,aten.mm.default,[model.layers.45.feed_forward.shared_expert.gate_proj.weight],prefill,False,
5228,feed_forward,shared_expert,activation_fn,silu,"[[B*T, d_moe]]",,,"[[B*T, d_moe]]",[5227],45,feed_forward,shared_expert,3,model.layers.45.feed_forward.shared_expert.activation_fn,aten.silu.default,[],prefill,False,
5229,feed_forward,shared_expert,up_proj,t,"[[d_moe, d_model]]","[d_moe, d_model]",0,"[[d_model, d_moe]]",[],45,feed_forward,shared_expert,3,model.layers.45.feed_forward.shared_expert.up_proj,aten.t.default,[model.layers.45.feed_forward.shared_expert.up_proj.weight],prefill,True,
5230,feed_forward,shared_expert,up_proj,matmul,"[[B*T, d_model], [d_model, d_moe]]","[d_moe, d_model]",1,"[[B*T, d_moe]]","[5205, 5229]",45,feed_forward,shared_expert,3,model.layers.45.feed_forward.shared_expert.up_proj,aten.mm.default,[model.layers.45.feed_forward.shared_expert.up_proj.weight],prefill,False,
5231,feed_forward,shared_expert,,elementwise_mul,"[[B*T, d_moe], [B*T, d_moe]]",,,"[[B*T, d_moe]]","[5228, 5230]",45,feed_forward,shared_expert,2,model.layers.45.feed_forward.shared_expert,aten.mul.Tensor,[],prefill,False,
5232,feed_forward,shared_expert,down_proj,t,"[[d_model, d_moe]]","[d_model, d_moe]",0,"[[d_moe, d_model]]",[],45,feed_forward,shared_expert,3,model.layers.45.feed_forward.shared_expert.down_proj,aten.t.default,[model.layers.45.feed_forward.shared_expert.down_proj.weight],prefill,True,
5233,feed_forward,shared_expert,down_proj,matmul,"[[B*T, d_moe], [d_moe, d_model]]","[d_model, d_moe]",1,"[[B*T, d_model]]","[5231, 5232]",45,feed_forward,shared_expert,3,model.layers.45.feed_forward.shared_expert.down_proj,aten.mm.default,[model.layers.45.feed_forward.shared_expert.down_proj.weight],prefill,False,
5234,feed_forward,,,view,"[[B*E*T, d_model]]",,,"[[E, B*T, d_model]]",[5225],45,feed_forward,,1,model.layers.45.feed_forward,aten.view.default,[],prefill,True,
5235,feed_forward,,,sum,"[[E, B*T, d_model]]",,,"[[B*T, d_model]]",[5234],45,feed_forward,,1,model.layers.45.feed_forward,aten.sum.dim_IntList,[],prefill,True,
5236,feed_forward,,,add_,"[[B*T, d_model], [B*T, d_model]]",,,"[[B*T, d_model]]","[5233, 5235]",45,feed_forward,,1,model.layers.45.feed_forward,aten.add_.Tensor,[],prefill,True,
5237,,,,view,"[[B*T, d_model]]",,,"[[B, T, d_model]]",[5236],45,,,0,model.layers.45,aten.view.default,[],prefill,True,
5238,,,,elementwise_add,"[[B, T, d_model], [B, T, d_model]]",,,"[[B, T, d_model]]","[5196, 5237]",45,,,0,model.layers.45,aten.add.Tensor,[],prefill,False,
5239,input_layernorm,,,_to_copy,"[[B, T, d_model]]",,,"[[B, T, d_model]]",[5238],46,input_layernorm,,1,model.layers.46.input_layernorm,aten._to_copy.default,[],prefill,True,
5240,input_layernorm,,,pow,"[[B, T, d_model]]",,,"[[B, T, d_model]]",[5239],46,input_layernorm,,1,model.layers.46.input_layernorm,aten.pow.Tensor_Scalar,[],prefill,False,
5241,input_layernorm,,,mean,"[[B, T, d_model]]",,,"[[B, T, 1]]",[5240],46,input_layernorm,,1,model.layers.46.input_layernorm,aten.mean.dim,[],prefill,False,
5242,input_layernorm,,,elementwise_add,"[[B, T, 1]]",,,"[[B, T, 1]]",[5241],46,input_layernorm,,1,model.layers.46.input_layernorm,aten.add.Tensor,[],prefill,False,
5243,input_layernorm,,,rsqrt,"[[B, T, 1]]",,,"[[B, T, 1]]",[5242],46,input_layernorm,,1,model.layers.46.input_layernorm,aten.rsqrt.default,[],prefill,False,
5244,input_layernorm,,,elementwise_mul,"[[B, T, d_model], [B, T, 1]]",,,"[[B, T, d_model]]","[5239, 5243]",46,input_layernorm,,1,model.layers.46.input_layernorm,aten.mul.Tensor,[],prefill,False,
5245,input_layernorm,,,_to_copy,"[[B, T, d_model]]",,,"[[B, T, d_model]]",[5244],46,input_layernorm,,1,model.layers.46.input_layernorm,aten._to_copy.default,[],prefill,True,
5246,input_layernorm,,,elementwise_mul,"[[B, T, d_model], [d_model]]",,,"[[B, T, d_model]]",[5245],46,input_layernorm,,1,model.layers.46.input_layernorm,aten.mul.Tensor,[model.layers.46.input_layernorm.weight],prefill,False,
5247,self_attn,q_proj,,t,"[[n_h*d_head, d_model]]","[n_h*d_head, d_model]",0,"[[d_model, n_h*d_head]]",[],46,self_attn,q_proj,2,model.layers.46.self_attn.q_proj,aten.t.default,[model.layers.46.self_attn.q_proj.weight],prefill,True,
5248,self_attn,q_proj,,view,"[[B, T, d_model]]",,,"[[B*T, d_model]]",[5246],46,self_attn,q_proj,2,model.layers.46.self_attn.q_proj,aten.view.default,[],prefill,True,
5249,self_attn,q_proj,,matmul,"[[B*T, d_model], [d_model, n_h*d_head]]","[n_h*d_head, d_model]",1,"[[B*T, n_h*d_head]]","[5247, 5248]",46,self_attn,q_proj,2,model.layers.46.self_attn.q_proj,aten.mm.default,[model.layers.46.self_attn.q_proj.weight],prefill,False,
5250,self_attn,q_proj,,_unsafe_view,"[[B*T, n_h*d_head]]",,,"[[B, T, n_h*d_head]]",[5249],46,self_attn,q_proj,2,model.layers.46.self_attn.q_proj,aten._unsafe_view.default,[],prefill,True,
5251,self_attn,,,view,"[[B, T, n_h*d_head]]",,,"[[B, T, n_h, d_head]]",[5250],46,self_attn,,1,model.layers.46.self_attn,aten.view.default,[],prefill,True,
5252,self_attn,k_proj,,t,"[[n_kv*d_head, d_model]]","[n_kv*d_head, d_model]",0,"[[d_model, n_kv*d_head]]",[],46,self_attn,k_proj,2,model.layers.46.self_attn.k_proj,aten.t.default,[model.layers.46.self_attn.k_proj.weight],prefill,True,
5253,self_attn,k_proj,,view,"[[B, T, d_model]]",,,"[[B*T, d_model]]",[5246],46,self_attn,k_proj,2,model.layers.46.self_attn.k_proj,aten.view.default,[],prefill,True,
5254,self_attn,k_proj,,matmul,"[[B*T, d_model], [d_model, n_kv*d_head]]","[n_kv*d_head, d_model]",1,"[[B*T, n_kv*d_head]]","[5252, 5253]",46,self_attn,k_proj,2,model.layers.46.self_attn.k_proj,aten.mm.default,[model.layers.46.self_attn.k_proj.weight],prefill,False,
5255,self_attn,k_proj,,_unsafe_view,"[[B*T, n_kv*d_head]]",,,"[[B, T, n_kv*d_head]]",[5254],46,self_attn,k_proj,2,model.layers.46.self_attn.k_proj,aten._unsafe_view.default,[],prefill,True,
5256,self_attn,,,view,"[[B, T, n_kv*d_head]]",,,"[[B, T, n_kv, d_head]]",[5255],46,self_attn,,1,model.layers.46.self_attn,aten.view.default,[],prefill,True,
5257,self_attn,v_proj,,t,"[[n_kv*d_head, d_model]]","[n_kv*d_head, d_model]",0,"[[d_model, n_kv*d_head]]",[],46,self_attn,v_proj,2,model.layers.46.self_attn.v_proj,aten.t.default,[model.layers.46.self_attn.v_proj.weight],prefill,True,
5258,self_attn,v_proj,,view,"[[B, T, d_model]]",,,"[[B*T, d_model]]",[5246],46,self_attn,v_proj,2,model.layers.46.self_attn.v_proj,aten.view.default,[],prefill,True,
5259,self_attn,v_proj,,matmul,"[[B*T, d_model], [d_model, n_kv*d_head]]","[n_kv*d_head, d_model]",1,"[[B*T, n_kv*d_head]]","[5257, 5258]",46,self_attn,v_proj,2,model.layers.46.self_attn.v_proj,aten.mm.default,[model.layers.46.self_attn.v_proj.weight],prefill,False,
5260,self_attn,v_proj,,_unsafe_view,"[[B*T, n_kv*d_head]]",,,"[[B, T, n_kv*d_head]]",[5259],46,self_attn,v_proj,2,model.layers.46.self_attn.v_proj,aten._unsafe_view.default,[],prefill,True,
5261,self_attn,,,view,"[[B, T, n_kv*d_head]]",,,"[[B, T, n_kv, d_head]]",[5260],46,self_attn,,1,model.layers.46.self_attn,aten.view.default,[],prefill,True,
5262,self_attn,,,transpose,"[[B, T, n_kv, d_head]]",,,"[[B, n_kv, T, d_head]]",[5261],46,self_attn,,1,model.layers.46.self_attn,aten.transpose.int,[],prefill,True,
5263,self_attn,,,_to_copy,"[[B, T, n_h, d_head]]",,,"[[B, T, n_h, d_head]]",[5251],46,self_attn,,1,model.layers.46.self_attn,aten._to_copy.default,[],prefill,True,
5264,self_attn,,,view,"[[B, T, n_h, d_head]]",,,"[[B, T, n_h, d_head/2, 2]]",[5263],46,self_attn,,1,model.layers.46.self_attn,aten.view.default,[],prefill,True,
5265,self_attn,,,view_as_complex,"[[B, T, n_h, d_head/2, 2]]",,,"[[B, T, n_h, d_head/2]]",[5264],46,self_attn,,1,model.layers.46.self_attn,aten.view_as_complex.default,[],prefill,True,
5266,self_attn,,,_to_copy,"[[B, T, n_kv, d_head]]",,,"[[B, T, n_kv, d_head]]",[5256],46,self_attn,,1,model.layers.46.self_attn,aten._to_copy.default,[],prefill,True,
5267,self_attn,,,view,"[[B, T, n_kv, d_head]]",,,"[[B, T, n_kv, d_head/2, 2]]",[5266],46,self_attn,,1,model.layers.46.self_attn,aten.view.default,[],prefill,True,
5268,self_attn,,,view_as_complex,"[[B, T, n_kv, d_head/2, 2]]",,,"[[B, T, n_kv, d_head/2]]",[5267],46,self_attn,,1,model.layers.46.self_attn,aten.view_as_complex.default,[],prefill,True,
5269,self_attn,,,unsqueeze,"[[B, T, d_head/2]]",,,"[[B, T, 1, d_head/2]]",[106],46,self_attn,,1,model.layers.46.self_attn,aten.unsqueeze.default,[],prefill,True,
5270,self_attn,,,elementwise_mul,"[[B, T, n_h, d_head/2], [B, T, 1, d_head/2]]",,,"[[B, T, n_h, d_head/2]]","[5265, 5269]",46,self_attn,,1,model.layers.46.self_attn,aten.mul.Tensor,[],prefill,False,
5271,self_attn,,,view_as_real,"[[B, T, n_h, d_head/2]]",,,"[[B, T, n_h, d_head/2, 2]]",[5270],46,self_attn,,1,model.layers.46.self_attn,aten.view_as_real.default,[],prefill,True,
5272,self_attn,,,view,"[[B, T, n_h, d_head/2, 2]]",,,"[[B, T, n_h, d_head]]",[5271],46,self_attn,,1,model.layers.46.self_attn,aten.view.default,[],prefill,True,
5273,self_attn,,,unsqueeze,"[[B, T, d_head/2]]",,,"[[B, T, 1, d_head/2]]",[106],46,self_attn,,1,model.layers.46.self_attn,aten.unsqueeze.default,[],prefill,True,
5274,self_attn,,,elementwise_mul,"[[B, T, n_kv, d_head/2], [B, T, 1, d_head/2]]",,,"[[B, T, n_kv, d_head/2]]","[5268, 5273]",46,self_attn,,1,model.layers.46.self_attn,aten.mul.Tensor,[],prefill,False,
5275,self_attn,,,view_as_real,"[[B, T, n_kv, d_head/2]]",,,"[[B, T, n_kv, d_head/2, 2]]",[5274],46,self_attn,,1,model.layers.46.self_attn,aten.view_as_real.default,[],prefill,True,
5276,self_attn,,,view,"[[B, T, n_kv, d_head/2, 2]]",,,"[[B, T, n_kv, d_head]]",[5275],46,self_attn,,1,model.layers.46.self_attn,aten.view.default,[],prefill,True,
5277,self_attn,,,_to_copy,"[[B, T, n_h, d_head]]",,,"[[B, T, n_h, d_head]]",[5272],46,self_attn,,1,model.layers.46.self_attn,aten._to_copy.default,[],prefill,True,
5278,self_attn,,,_to_copy,"[[B, T, n_kv, d_head]]",,,"[[B, T, n_kv, d_head]]",[5276],46,self_attn,,1,model.layers.46.self_attn,aten._to_copy.default,[],prefill,True,
5279,self_attn,,,transpose,"[[B, T, n_h, d_head]]",,,"[[B, n_h, T, d_head]]",[5277],46,self_attn,,1,model.layers.46.self_attn,aten.transpose.int,[],prefill,True,
5280,self_attn,,,transpose,"[[B, T, n_kv, d_head]]",,,"[[B, n_kv, T, d_head]]",[5278],46,self_attn,,1,model.layers.46.self_attn,aten.transpose.int,[],prefill,True,
5281,self_attn,,,_to_copy,[[]],,,[[]],[36],46,self_attn,,1,model.layers.46.self_attn,aten._to_copy.default,[],prefill,True,
5282,self_attn,,,concat,"[[0], [B, n_kv, T, d_head]]",,,"[[B, n_kv, T, d_head]]",[5280],46,self_attn,,1,model.layers.46.self_attn,aten.cat.default,[],prefill,False,
5283,self_attn,,,concat,"[[0], [B, n_kv, T, d_head]]",,,"[[B, n_kv, T, d_head]]",[5262],46,self_attn,,1,model.layers.46.self_attn,aten.cat.default,[],prefill,False,
5284,self_attn,,,slice,"[[B, n_kv, T, d_head]]",,,"[[B, n_kv, T, d_head]]",[5282],46,self_attn,,1,model.layers.46.self_attn,aten.slice.Tensor,[],prefill,True,
5285,self_attn,,,slice,"[[B, n_kv, T, d_head]]",,,"[[B, n_kv, T, d_head]]",[5283],46,self_attn,,1,model.layers.46.self_attn,aten.slice.Tensor,[],prefill,True,
5286,self_attn,,,unsqueeze,"[[B, n_kv, T, d_head]]",,,"[[B, n_kv, 1, T, d_head]]",[5282],46,self_attn,,1,model.layers.46.self_attn,aten.unsqueeze.default,[],prefill,True,
5287,self_attn,,,expand,"[[B, n_kv, 1, T, d_head]]",,,"[[B, n_kv, n_h/n_kv, T, d_head]]",[5286],46,self_attn,,1,model.layers.46.self_attn,aten.expand.default,[],prefill,True,
5288,self_attn,,,clone,"[[B, n_kv, n_h/n_kv, T, d_head]]",,,"[[B, n_kv, n_h/n_kv, T, d_head]]",[5287],46,self_attn,,1,model.layers.46.self_attn,aten.clone.default,[],prefill,True,
5289,self_attn,,,_unsafe_view,"[[B, n_kv, n_h/n_kv, T, d_head]]",,,"[[B, n_h, T, d_head]]",[5288],46,self_attn,,1,model.layers.46.self_attn,aten._unsafe_view.default,[],prefill,True,
5290,self_attn,,,unsqueeze,"[[B, n_kv, T, d_head]]",,,"[[B, n_kv, 1, T, d_head]]",[5283],46,self_attn,,1,model.layers.46.self_attn,aten.unsqueeze.default,[],prefill,True,
5291,self_attn,,,expand,"[[B, n_kv, 1, T, d_head]]",,,"[[B, n_kv, n_h/n_kv, T, d_head]]",[5290],46,self_attn,,1,model.layers.46.self_attn,aten.expand.default,[],prefill,True,
5292,self_attn,,,clone,"[[B, n_kv, n_h/n_kv, T, d_head]]",,,"[[B, n_kv, n_h/n_kv, T, d_head]]",[5291],46,self_attn,,1,model.layers.46.self_attn,aten.clone.default,[],prefill,True,
5293,self_attn,,,_unsafe_view,"[[B, n_kv, n_h/n_kv, T, d_head]]",,,"[[B, n_h, T, d_head]]",[5292],46,self_attn,,1,model.layers.46.self_attn,aten._unsafe_view.default,[],prefill,True,
5294,self_attn,,,transpose,"[[B, n_h, T, d_head]]",,,"[[B, n_h, d_head, T]]",[5289],46,self_attn,,1,model.layers.46.self_attn,aten.transpose.int,[],prefill,True,
5295,self_attn,,,expand,"[[B, n_h, T, d_head]]",,,"[[B, n_h, T, d_head]]",[5279],46,self_attn,,1,model.layers.46.self_attn,aten.expand.default,[],prefill,True,
5296,self_attn,,,clone,"[[B, n_h, T, d_head]]",,,"[[B, n_h, T, d_head]]",[5295],46,self_attn,,1,model.layers.46.self_attn,aten.clone.default,[],prefill,True,
5297,self_attn,,,_unsafe_view,"[[B, n_h, T, d_head]]",,,"[[B*n_h, T, d_head]]",[5296],46,self_attn,,1,model.layers.46.self_attn,aten._unsafe_view.default,[],prefill,True,
5298,self_attn,,,expand,"[[B, n_h, d_head, T]]",,,"[[B, n_h, d_head, T]]",[5294],46,self_attn,,1,model.layers.46.self_attn,aten.expand.default,[],prefill,True,
5299,self_attn,,,view,"[[B, n_h, d_head, T]]",,,"[[B*n_h, d_head, T]]",[5298],46,self_attn,,1,model.layers.46.self_attn,aten.view.default,[],prefill,True,
5300,self_attn,,,batched_matmul,"[[B*n_h, T, d_head], [B*n_h, d_head, T]]",,,"[[B*n_h, T, T]]","[5297, 5299]",46,self_attn,,1,model.layers.46.self_attn,aten.bmm.default,[],prefill,False,
5301,self_attn,,,_unsafe_view,"[[B*n_h, T, T]]",,,"[[B, n_h, T, T]]",[5300],46,self_attn,,1,model.layers.46.self_attn,aten._unsafe_view.default,[],prefill,True,
5302,self_attn,,,elementwise_mul,"[[B, n_h, T, T]]",,,"[[B, n_h, T, T]]",[5301],46,self_attn,,1,model.layers.46.self_attn,aten.mul.Tensor,[],prefill,False,
5303,self_attn,,,elementwise_add,"[[B, n_h, T, T], [B, 1, T, T]]",,,"[[B, n_h, T, T]]","[91, 5302]",46,self_attn,,1,model.layers.46.self_attn,aten.add.Tensor,[],prefill,False,
5304,self_attn,,,softmax,"[[B, n_h, T, T]]",,,"[[B, n_h, T, T]]",[5303],46,self_attn,,1,model.layers.46.self_attn,aten._softmax.default,[],prefill,False,
5305,self_attn,,,expand,"[[B, n_h, T, T]]",,,"[[B, n_h, T, T]]",[5304],46,self_attn,,1,model.layers.46.self_attn,aten.expand.default,[],prefill,True,
5306,self_attn,,,view,"[[B, n_h, T, T]]",,,"[[B*n_h, T, T]]",[5305],46,self_attn,,1,model.layers.46.self_attn,aten.view.default,[],prefill,True,
5307,self_attn,,,expand,"[[B, n_h, T, d_head]]",,,"[[B, n_h, T, d_head]]",[5293],46,self_attn,,1,model.layers.46.self_attn,aten.expand.default,[],prefill,True,
5308,self_attn,,,view,"[[B, n_h, T, d_head]]",,,"[[B*n_h, T, d_head]]",[5307],46,self_attn,,1,model.layers.46.self_attn,aten.view.default,[],prefill,True,
5309,self_attn,,,batched_matmul,"[[B*n_h, T, T], [B*n_h, T, d_head]]",,,"[[B*n_h, T, d_head]]","[5306, 5308]",46,self_attn,,1,model.layers.46.self_attn,aten.bmm.default,[],prefill,False,
5310,self_attn,,,_unsafe_view,"[[B*n_h, T, d_head]]",,,"[[B, n_h, T, d_head]]",[5309],46,self_attn,,1,model.layers.46.self_attn,aten._unsafe_view.default,[],prefill,True,
5311,self_attn,,,transpose,"[[B, n_h, T, d_head]]",,,"[[B, T, n_h, d_head]]",[5310],46,self_attn,,1,model.layers.46.self_attn,aten.transpose.int,[],prefill,True,
5312,self_attn,,,clone,"[[B, T, n_h, d_head]]",,,"[[B, T, n_h, d_head]]",[5311],46,self_attn,,1,model.layers.46.self_attn,aten.clone.default,[],prefill,True,
5313,self_attn,,,view,"[[B, T, n_h, d_head]]",,,"[[B, T, n_h*d_head]]",[5312],46,self_attn,,1,model.layers.46.self_attn,aten.view.default,[],prefill,True,
5314,self_attn,o_proj,,t,"[[d_model, n_h*d_head]]","[d_model, n_h*d_head]",0,"[[n_h*d_head, d_model]]",[],46,self_attn,o_proj,2,model.layers.46.self_attn.o_proj,aten.t.default,[model.layers.46.self_attn.o_proj.weight],prefill,True,
5315,self_attn,o_proj,,view,"[[B, T, n_h*d_head]]",,,"[[B*T, n_h*d_head]]",[5313],46,self_attn,o_proj,2,model.layers.46.self_attn.o_proj,aten.view.default,[],prefill,True,
5316,self_attn,o_proj,,matmul,"[[B*T, n_h*d_head], [n_h*d_head, d_model]]","[d_model, n_h*d_head]",1,"[[B*T, d_model]]","[5314, 5315]",46,self_attn,o_proj,2,model.layers.46.self_attn.o_proj,aten.mm.default,[model.layers.46.self_attn.o_proj.weight],prefill,False,
5317,self_attn,o_proj,,_unsafe_view,"[[B*T, d_model]]",,,"[[B, T, d_model]]",[5316],46,self_attn,o_proj,2,model.layers.46.self_attn.o_proj,aten._unsafe_view.default,[],prefill,True,
5318,,,,elementwise_add,"[[B, T, d_model], [B, T, d_model]]",,,"[[B, T, d_model]]","[5238, 5317]",46,,,0,model.layers.46,aten.add.Tensor,[],prefill,False,
5319,post_attention_layernorm,,,_to_copy,"[[B, T, d_model]]",,,"[[B, T, d_model]]",[5318],46,post_attention_layernorm,,1,model.layers.46.post_attention_layernorm,aten._to_copy.default,[],prefill,True,
5320,post_attention_layernorm,,,pow,"[[B, T, d_model]]",,,"[[B, T, d_model]]",[5319],46,post_attention_layernorm,,1,model.layers.46.post_attention_layernorm,aten.pow.Tensor_Scalar,[],prefill,False,
5321,post_attention_layernorm,,,mean,"[[B, T, d_model]]",,,"[[B, T, 1]]",[5320],46,post_attention_layernorm,,1,model.layers.46.post_attention_layernorm,aten.mean.dim,[],prefill,False,
5322,post_attention_layernorm,,,elementwise_add,"[[B, T, 1]]",,,"[[B, T, 1]]",[5321],46,post_attention_layernorm,,1,model.layers.46.post_attention_layernorm,aten.add.Tensor,[],prefill,False,
5323,post_attention_layernorm,,,rsqrt,"[[B, T, 1]]",,,"[[B, T, 1]]",[5322],46,post_attention_layernorm,,1,model.layers.46.post_attention_layernorm,aten.rsqrt.default,[],prefill,False,
5324,post_attention_layernorm,,,elementwise_mul,"[[B, T, d_model], [B, T, 1]]",,,"[[B, T, d_model]]","[5319, 5323]",46,post_attention_layernorm,,1,model.layers.46.post_attention_layernorm,aten.mul.Tensor,[],prefill,False,
5325,post_attention_layernorm,,,_to_copy,"[[B, T, d_model]]",,,"[[B, T, d_model]]",[5324],46,post_attention_layernorm,,1,model.layers.46.post_attention_layernorm,aten._to_copy.default,[],prefill,True,
5326,post_attention_layernorm,,,elementwise_mul,"[[B, T, d_model], [d_model]]",,,"[[B, T, d_model]]",[5325],46,post_attention_layernorm,,1,model.layers.46.post_attention_layernorm,aten.mul.Tensor,[model.layers.46.post_attention_layernorm.weight],prefill,False,
5327,feed_forward,gate_proj,,t,"[[d_ff, d_model]]","[d_ff, d_model]",0,"[[d_model, d_ff]]",[],46,feed_forward,gate_proj,2,model.layers.46.feed_forward.gate_proj,aten.t.default,[model.layers.46.feed_forward.gate_proj.weight],prefill,True,
5328,feed_forward,gate_proj,,view,"[[B, T, d_model]]",,,"[[B*T, d_model]]",[5326],46,feed_forward,gate_proj,2,model.layers.46.feed_forward.gate_proj,aten.view.default,[],prefill,True,
5329,feed_forward,gate_proj,,matmul,"[[B*T, d_model], [d_model, d_ff]]","[d_ff, d_model]",1,"[[B*T, d_ff]]","[5327, 5328]",46,feed_forward,gate_proj,2,model.layers.46.feed_forward.gate_proj,aten.mm.default,[model.layers.46.feed_forward.gate_proj.weight],prefill,False,
5330,feed_forward,gate_proj,,_unsafe_view,"[[B*T, d_ff]]",,,"[[B, T, d_ff]]",[5329],46,feed_forward,gate_proj,2,model.layers.46.feed_forward.gate_proj,aten._unsafe_view.default,[],prefill,True,
5331,feed_forward,activation_fn,,silu,"[[B, T, d_ff]]",,,"[[B, T, d_ff]]",[5330],46,feed_forward,activation_fn,2,model.layers.46.feed_forward.activation_fn,aten.silu.default,[],prefill,False,
5332,feed_forward,up_proj,,t,"[[d_ff, d_model]]","[d_ff, d_model]",0,"[[d_model, d_ff]]",[],46,feed_forward,up_proj,2,model.layers.46.feed_forward.up_proj,aten.t.default,[model.layers.46.feed_forward.up_proj.weight],prefill,True,
5333,feed_forward,up_proj,,view,"[[B, T, d_model]]",,,"[[B*T, d_model]]",[5326],46,feed_forward,up_proj,2,model.layers.46.feed_forward.up_proj,aten.view.default,[],prefill,True,
5334,feed_forward,up_proj,,matmul,"[[B*T, d_model], [d_model, d_ff]]","[d_ff, d_model]",1,"[[B*T, d_ff]]","[5332, 5333]",46,feed_forward,up_proj,2,model.layers.46.feed_forward.up_proj,aten.mm.default,[model.layers.46.feed_forward.up_proj.weight],prefill,False,
5335,feed_forward,up_proj,,_unsafe_view,"[[B*T, d_ff]]",,,"[[B, T, d_ff]]",[5334],46,feed_forward,up_proj,2,model.layers.46.feed_forward.up_proj,aten._unsafe_view.default,[],prefill,True,
5336,feed_forward,,,elementwise_mul,"[[B, T, d_ff], [B, T, d_ff]]",,,"[[B, T, d_ff]]","[5331, 5335]",46,feed_forward,,1,model.layers.46.feed_forward,aten.mul.Tensor,[],prefill,False,
5337,feed_forward,down_proj,,t,"[[d_model, d_ff]]","[d_model, d_ff]",0,"[[d_ff, d_model]]",[],46,feed_forward,down_proj,2,model.layers.46.feed_forward.down_proj,aten.t.default,[model.layers.46.feed_forward.down_proj.weight],prefill,True,
5338,feed_forward,down_proj,,view,"[[B, T, d_ff]]",,,"[[B*T, d_ff]]",[5336],46,feed_forward,down_proj,2,model.layers.46.feed_forward.down_proj,aten.view.default,[],prefill,True,
5339,feed_forward,down_proj,,matmul,"[[B*T, d_ff], [d_ff, d_model]]","[d_model, d_ff]",1,"[[B*T, d_model]]","[5337, 5338]",46,feed_forward,down_proj,2,model.layers.46.feed_forward.down_proj,aten.mm.default,[model.layers.46.feed_forward.down_proj.weight],prefill,False,
5340,feed_forward,down_proj,,_unsafe_view,"[[B*T, d_model]]",,,"[[B, T, d_model]]",[5339],46,feed_forward,down_proj,2,model.layers.46.feed_forward.down_proj,aten._unsafe_view.default,[],prefill,True,
5341,,,,view,"[[B, T, d_model]]",,,"[[B, T, d_model]]",[5340],46,,,0,model.layers.46,aten.view.default,[],prefill,True,
5342,,,,elementwise_add,"[[B, T, d_model], [B, T, d_model]]",,,"[[B, T, d_model]]","[5318, 5341]",46,,,0,model.layers.46,aten.add.Tensor,[],prefill,False,
5343,input_layernorm,,,_to_copy,"[[B, T, d_model]]",,,"[[B, T, d_model]]",[5342],47,input_layernorm,,1,model.layers.47.input_layernorm,aten._to_copy.default,[],prefill,True,
5344,input_layernorm,,,pow,"[[B, T, d_model]]",,,"[[B, T, d_model]]",[5343],47,input_layernorm,,1,model.layers.47.input_layernorm,aten.pow.Tensor_Scalar,[],prefill,False,
5345,input_layernorm,,,mean,"[[B, T, d_model]]",,,"[[B, T, 1]]",[5344],47,input_layernorm,,1,model.layers.47.input_layernorm,aten.mean.dim,[],prefill,False,
5346,input_layernorm,,,elementwise_add,"[[B, T, 1]]",,,"[[B, T, 1]]",[5345],47,input_layernorm,,1,model.layers.47.input_layernorm,aten.add.Tensor,[],prefill,False,
5347,input_layernorm,,,rsqrt,"[[B, T, 1]]",,,"[[B, T, 1]]",[5346],47,input_layernorm,,1,model.layers.47.input_layernorm,aten.rsqrt.default,[],prefill,False,
5348,input_layernorm,,,elementwise_mul,"[[B, T, d_model], [B, T, 1]]",,,"[[B, T, d_model]]","[5343, 5347]",47,input_layernorm,,1,model.layers.47.input_layernorm,aten.mul.Tensor,[],prefill,False,
5349,input_layernorm,,,_to_copy,"[[B, T, d_model]]",,,"[[B, T, d_model]]",[5348],47,input_layernorm,,1,model.layers.47.input_layernorm,aten._to_copy.default,[],prefill,True,
5350,input_layernorm,,,elementwise_mul,"[[B, T, d_model], [d_model]]",,,"[[B, T, d_model]]",[5349],47,input_layernorm,,1,model.layers.47.input_layernorm,aten.mul.Tensor,[model.layers.47.input_layernorm.weight],prefill,False,
5351,self_attn,q_proj,,t,"[[n_h*d_head, d_model]]","[n_h*d_head, d_model]",0,"[[d_model, n_h*d_head]]",[],47,self_attn,q_proj,2,model.layers.47.self_attn.q_proj,aten.t.default,[model.layers.47.self_attn.q_proj.weight],prefill,True,
5352,self_attn,q_proj,,view,"[[B, T, d_model]]",,,"[[B*T, d_model]]",[5350],47,self_attn,q_proj,2,model.layers.47.self_attn.q_proj,aten.view.default,[],prefill,True,
5353,self_attn,q_proj,,matmul,"[[B*T, d_model], [d_model, n_h*d_head]]","[n_h*d_head, d_model]",1,"[[B*T, n_h*d_head]]","[5351, 5352]",47,self_attn,q_proj,2,model.layers.47.self_attn.q_proj,aten.mm.default,[model.layers.47.self_attn.q_proj.weight],prefill,False,
5354,self_attn,q_proj,,_unsafe_view,"[[B*T, n_h*d_head]]",,,"[[B, T, n_h*d_head]]",[5353],47,self_attn,q_proj,2,model.layers.47.self_attn.q_proj,aten._unsafe_view.default,[],prefill,True,
5355,self_attn,,,view,"[[B, T, n_h*d_head]]",,,"[[B, T, n_h, d_head]]",[5354],47,self_attn,,1,model.layers.47.self_attn,aten.view.default,[],prefill,True,
5356,self_attn,k_proj,,t,"[[n_kv*d_head, d_model]]","[n_kv*d_head, d_model]",0,"[[d_model, n_kv*d_head]]",[],47,self_attn,k_proj,2,model.layers.47.self_attn.k_proj,aten.t.default,[model.layers.47.self_attn.k_proj.weight],prefill,True,
5357,self_attn,k_proj,,view,"[[B, T, d_model]]",,,"[[B*T, d_model]]",[5350],47,self_attn,k_proj,2,model.layers.47.self_attn.k_proj,aten.view.default,[],prefill,True,
5358,self_attn,k_proj,,matmul,"[[B*T, d_model], [d_model, n_kv*d_head]]","[n_kv*d_head, d_model]",1,"[[B*T, n_kv*d_head]]","[5356, 5357]",47,self_attn,k_proj,2,model.layers.47.self_attn.k_proj,aten.mm.default,[model.layers.47.self_attn.k_proj.weight],prefill,False,
5359,self_attn,k_proj,,_unsafe_view,"[[B*T, n_kv*d_head]]",,,"[[B, T, n_kv*d_head]]",[5358],47,self_attn,k_proj,2,model.layers.47.self_attn.k_proj,aten._unsafe_view.default,[],prefill,True,
5360,self_attn,,,view,"[[B, T, n_kv*d_head]]",,,"[[B, T, n_kv, d_head]]",[5359],47,self_attn,,1,model.layers.47.self_attn,aten.view.default,[],prefill,True,
5361,self_attn,v_proj,,t,"[[n_kv*d_head, d_model]]","[n_kv*d_head, d_model]",0,"[[d_model, n_kv*d_head]]",[],47,self_attn,v_proj,2,model.layers.47.self_attn.v_proj,aten.t.default,[model.layers.47.self_attn.v_proj.weight],prefill,True,
5362,self_attn,v_proj,,view,"[[B, T, d_model]]",,,"[[B*T, d_model]]",[5350],47,self_attn,v_proj,2,model.layers.47.self_attn.v_proj,aten.view.default,[],prefill,True,
5363,self_attn,v_proj,,matmul,"[[B*T, d_model], [d_model, n_kv*d_head]]","[n_kv*d_head, d_model]",1,"[[B*T, n_kv*d_head]]","[5361, 5362]",47,self_attn,v_proj,2,model.layers.47.self_attn.v_proj,aten.mm.default,[model.layers.47.self_attn.v_proj.weight],prefill,False,
5364,self_attn,v_proj,,_unsafe_view,"[[B*T, n_kv*d_head]]",,,"[[B, T, n_kv*d_head]]",[5363],47,self_attn,v_proj,2,model.layers.47.self_attn.v_proj,aten._unsafe_view.default,[],prefill,True,
5365,self_attn,,,view,"[[B, T, n_kv*d_head]]",,,"[[B, T, n_kv, d_head]]",[5364],47,self_attn,,1,model.layers.47.self_attn,aten.view.default,[],prefill,True,
5366,self_attn,,,transpose,"[[B, T, n_kv, d_head]]",,,"[[B, n_kv, T, d_head]]",[5365],47,self_attn,,1,model.layers.47.self_attn,aten.transpose.int,[],prefill,True,
5367,self_attn,,,arange,[],,,[[T]],[],47,self_attn,,1,model.layers.47.self_attn,aten.arange.default,[],prefill,True,
5368,self_attn,,,elementwise_add,[[T]],,,[[T]],[5367],47,self_attn,,1,model.layers.47.self_attn,aten.add.Tensor,[],prefill,False,
5369,self_attn,,,_to_copy,[[T]],,,[[T]],[5368],47,self_attn,,1,model.layers.47.self_attn,aten._to_copy.default,[],prefill,True,
5370,self_attn,,,elementwise_add,[[T]],,,[[T]],[5369],47,self_attn,,1,model.layers.47.self_attn,aten.add.Tensor,[],prefill,False,
5371,self_attn,,,div,[[T]],,,[[T]],[5370],47,self_attn,,1,model.layers.47.self_attn,aten.div.Tensor,[],prefill,True,
5372,self_attn,,,floor,[[T]],,,[[T]],[5371],47,self_attn,,1,model.layers.47.self_attn,aten.floor.default,[],prefill,True,
5373,self_attn,,,log1p,[[T]],,,[[T]],[5372],47,self_attn,,1,model.layers.47.self_attn,aten.log1p.default,[],prefill,True,
5374,self_attn,,,elementwise_mul,[[T]],,,[[T]],[5373],47,self_attn,,1,model.layers.47.self_attn,aten.mul.Tensor,[],prefill,False,
5375,self_attn,,,elementwise_add,[[T]],,,[[T]],[5374],47,self_attn,,1,model.layers.47.self_attn,aten.add.Tensor,[],prefill,False,
5376,self_attn,,,view,[[T]],,,"[[1, T, 1, 1]]",[5375],47,self_attn,,1,model.layers.47.self_attn,aten.view.default,[],prefill,True,
5377,self_attn,,,expand,"[[1, T, 1, 1]]",,,"[[B, T, 1, 1]]",[5376],47,self_attn,,1,model.layers.47.self_attn,aten.expand.default,[],prefill,True,
5378,self_attn,,,elementwise_mul,"[[B, T, n_h, d_head], [B, T, 1, 1]]",,,"[[B, T, n_h, d_head]]","[5355, 5377]",47,self_attn,,1,model.layers.47.self_attn,aten.mul.Tensor,[],prefill,False,
5379,self_attn,,,_to_copy,"[[B, T, n_h, d_head]]",,,"[[B, T, n_h, d_head]]",[5378],47,self_attn,,1,model.layers.47.self_attn,aten._to_copy.default,[],prefill,True,
5380,self_attn,,,transpose,"[[B, T, n_h, d_head]]",,,"[[B, n_h, T, d_head]]",[5379],47,self_attn,,1,model.layers.47.self_attn,aten.transpose.int,[],prefill,True,
5381,self_attn,,,transpose,"[[B, T, n_kv, d_head]]",,,"[[B, n_kv, T, d_head]]",[5360],47,self_attn,,1,model.layers.47.self_attn,aten.transpose.int,[],prefill,True,
5382,self_attn,,,concat,"[[0], [B, n_kv, T, d_head]]",,,"[[B, n_kv, T, d_head]]",[5381],47,self_attn,,1,model.layers.47.self_attn,aten.cat.default,[],prefill,False,
5383,self_attn,,,concat,"[[0], [B, n_kv, T, d_head]]",,,"[[B, n_kv, T, d_head]]",[5366],47,self_attn,,1,model.layers.47.self_attn,aten.cat.default,[],prefill,False,
5384,self_attn,,,unsqueeze,"[[B, n_kv, T, d_head]]",,,"[[B, n_kv, 1, T, d_head]]",[5382],47,self_attn,,1,model.layers.47.self_attn,aten.unsqueeze.default,[],prefill,True,
5385,self_attn,,,expand,"[[B, n_kv, 1, T, d_head]]",,,"[[B, n_kv, n_h/n_kv, T, d_head]]",[5384],47,self_attn,,1,model.layers.47.self_attn,aten.expand.default,[],prefill,True,
5386,self_attn,,,clone,"[[B, n_kv, n_h/n_kv, T, d_head]]",,,"[[B, n_kv, n_h/n_kv, T, d_head]]",[5385],47,self_attn,,1,model.layers.47.self_attn,aten.clone.default,[],prefill,True,
5387,self_attn,,,_unsafe_view,"[[B, n_kv, n_h/n_kv, T, d_head]]",,,"[[B, n_h, T, d_head]]",[5386],47,self_attn,,1,model.layers.47.self_attn,aten._unsafe_view.default,[],prefill,True,
5388,self_attn,,,unsqueeze,"[[B, n_kv, T, d_head]]",,,"[[B, n_kv, 1, T, d_head]]",[5383],47,self_attn,,1,model.layers.47.self_attn,aten.unsqueeze.default,[],prefill,True,
5389,self_attn,,,expand,"[[B, n_kv, 1, T, d_head]]",,,"[[B, n_kv, n_h/n_kv, T, d_head]]",[5388],47,self_attn,,1,model.layers.47.self_attn,aten.expand.default,[],prefill,True,
5390,self_attn,,,clone,"[[B, n_kv, n_h/n_kv, T, d_head]]",,,"[[B, n_kv, n_h/n_kv, T, d_head]]",[5389],47,self_attn,,1,model.layers.47.self_attn,aten.clone.default,[],prefill,True,
5391,self_attn,,,_unsafe_view,"[[B, n_kv, n_h/n_kv, T, d_head]]",,,"[[B, n_h, T, d_head]]",[5390],47,self_attn,,1,model.layers.47.self_attn,aten._unsafe_view.default,[],prefill,True,
5392,self_attn,,,transpose,"[[B, n_h, T, d_head]]",,,"[[B, n_h, d_head, T]]",[5387],47,self_attn,,1,model.layers.47.self_attn,aten.transpose.int,[],prefill,True,
5393,self_attn,,,expand,"[[B, n_h, T, d_head]]",,,"[[B, n_h, T, d_head]]",[5380],47,self_attn,,1,model.layers.47.self_attn,aten.expand.default,[],prefill,True,
5394,self_attn,,,clone,"[[B, n_h, T, d_head]]",,,"[[B, n_h, T, d_head]]",[5393],47,self_attn,,1,model.layers.47.self_attn,aten.clone.default,[],prefill,True,
5395,self_attn,,,_unsafe_view,"[[B, n_h, T, d_head]]",,,"[[B*n_h, T, d_head]]",[5394],47,self_attn,,1,model.layers.47.self_attn,aten._unsafe_view.default,[],prefill,True,
5396,self_attn,,,expand,"[[B, n_h, d_head, T]]",,,"[[B, n_h, d_head, T]]",[5392],47,self_attn,,1,model.layers.47.self_attn,aten.expand.default,[],prefill,True,
5397,self_attn,,,view,"[[B, n_h, d_head, T]]",,,"[[B*n_h, d_head, T]]",[5396],47,self_attn,,1,model.layers.47.self_attn,aten.view.default,[],prefill,True,
5398,self_attn,,,batched_matmul,"[[B*n_h, T, d_head], [B*n_h, d_head, T]]",,,"[[B*n_h, T, T]]","[5395, 5397]",47,self_attn,,1,model.layers.47.self_attn,aten.bmm.default,[],prefill,False,
5399,self_attn,,,_unsafe_view,"[[B*n_h, T, T]]",,,"[[B, n_h, T, T]]",[5398],47,self_attn,,1,model.layers.47.self_attn,aten._unsafe_view.default,[],prefill,True,
5400,self_attn,,,elementwise_mul,"[[B, n_h, T, T]]",,,"[[B, n_h, T, T]]",[5399],47,self_attn,,1,model.layers.47.self_attn,aten.mul.Tensor,[],prefill,False,
5401,self_attn,,,elementwise_add,"[[B, n_h, T, T], [B, 1, T, T]]",,,"[[B, n_h, T, T]]","[58, 5400]",47,self_attn,,1,model.layers.47.self_attn,aten.add.Tensor,[],prefill,False,
5402,self_attn,,,softmax,"[[B, n_h, T, T]]",,,"[[B, n_h, T, T]]",[5401],47,self_attn,,1,model.layers.47.self_attn,aten._softmax.default,[],prefill,False,
5403,self_attn,,,expand,"[[B, n_h, T, T]]",,,"[[B, n_h, T, T]]",[5402],47,self_attn,,1,model.layers.47.self_attn,aten.expand.default,[],prefill,True,
5404,self_attn,,,view,"[[B, n_h, T, T]]",,,"[[B*n_h, T, T]]",[5403],47,self_attn,,1,model.layers.47.self_attn,aten.view.default,[],prefill,True,
5405,self_attn,,,expand,"[[B, n_h, T, d_head]]",,,"[[B, n_h, T, d_head]]",[5391],47,self_attn,,1,model.layers.47.self_attn,aten.expand.default,[],prefill,True,
5406,self_attn,,,view,"[[B, n_h, T, d_head]]",,,"[[B*n_h, T, d_head]]",[5405],47,self_attn,,1,model.layers.47.self_attn,aten.view.default,[],prefill,True,
5407,self_attn,,,batched_matmul,"[[B*n_h, T, T], [B*n_h, T, d_head]]",,,"[[B*n_h, T, d_head]]","[5404, 5406]",47,self_attn,,1,model.layers.47.self_attn,aten.bmm.default,[],prefill,False,
5408,self_attn,,,_unsafe_view,"[[B*n_h, T, d_head]]",,,"[[B, n_h, T, d_head]]",[5407],47,self_attn,,1,model.layers.47.self_attn,aten._unsafe_view.default,[],prefill,True,
5409,self_attn,,,transpose,"[[B, n_h, T, d_head]]",,,"[[B, T, n_h, d_head]]",[5408],47,self_attn,,1,model.layers.47.self_attn,aten.transpose.int,[],prefill,True,
5410,self_attn,,,clone,"[[B, T, n_h, d_head]]",,,"[[B, T, n_h, d_head]]",[5409],47,self_attn,,1,model.layers.47.self_attn,aten.clone.default,[],prefill,True,
5411,self_attn,,,view,"[[B, T, n_h, d_head]]",,,"[[B, T, n_h*d_head]]",[5410],47,self_attn,,1,model.layers.47.self_attn,aten.view.default,[],prefill,True,
5412,self_attn,o_proj,,t,"[[d_model, n_h*d_head]]","[d_model, n_h*d_head]",0,"[[n_h*d_head, d_model]]",[],47,self_attn,o_proj,2,model.layers.47.self_attn.o_proj,aten.t.default,[model.layers.47.self_attn.o_proj.weight],prefill,True,
5413,self_attn,o_proj,,view,"[[B, T, n_h*d_head]]",,,"[[B*T, n_h*d_head]]",[5411],47,self_attn,o_proj,2,model.layers.47.self_attn.o_proj,aten.view.default,[],prefill,True,
5414,self_attn,o_proj,,matmul,"[[B*T, n_h*d_head], [n_h*d_head, d_model]]","[d_model, n_h*d_head]",1,"[[B*T, d_model]]","[5412, 5413]",47,self_attn,o_proj,2,model.layers.47.self_attn.o_proj,aten.mm.default,[model.layers.47.self_attn.o_proj.weight],prefill,False,
5415,self_attn,o_proj,,_unsafe_view,"[[B*T, d_model]]",,,"[[B, T, d_model]]",[5414],47,self_attn,o_proj,2,model.layers.47.self_attn.o_proj,aten._unsafe_view.default,[],prefill,True,
5416,,,,elementwise_add,"[[B, T, d_model], [B, T, d_model]]",,,"[[B, T, d_model]]","[5342, 5415]",47,,,0,model.layers.47,aten.add.Tensor,[],prefill,False,
5417,post_attention_layernorm,,,_to_copy,"[[B, T, d_model]]",,,"[[B, T, d_model]]",[5416],47,post_attention_layernorm,,1,model.layers.47.post_attention_layernorm,aten._to_copy.default,[],prefill,True,
5418,post_attention_layernorm,,,pow,"[[B, T, d_model]]",,,"[[B, T, d_model]]",[5417],47,post_attention_layernorm,,1,model.layers.47.post_attention_layernorm,aten.pow.Tensor_Scalar,[],prefill,False,
5419,post_attention_layernorm,,,mean,"[[B, T, d_model]]",,,"[[B, T, 1]]",[5418],47,post_attention_layernorm,,1,model.layers.47.post_attention_layernorm,aten.mean.dim,[],prefill,False,
5420,post_attention_layernorm,,,elementwise_add,"[[B, T, 1]]",,,"[[B, T, 1]]",[5419],47,post_attention_layernorm,,1,model.layers.47.post_attention_layernorm,aten.add.Tensor,[],prefill,False,
5421,post_attention_layernorm,,,rsqrt,"[[B, T, 1]]",,,"[[B, T, 1]]",[5420],47,post_attention_layernorm,,1,model.layers.47.post_attention_layernorm,aten.rsqrt.default,[],prefill,False,
5422,post_attention_layernorm,,,elementwise_mul,"[[B, T, d_model], [B, T, 1]]",,,"[[B, T, d_model]]","[5417, 5421]",47,post_attention_layernorm,,1,model.layers.47.post_attention_layernorm,aten.mul.Tensor,[],prefill,False,
5423,post_attention_layernorm,,,_to_copy,"[[B, T, d_model]]",,,"[[B, T, d_model]]",[5422],47,post_attention_layernorm,,1,model.layers.47.post_attention_layernorm,aten._to_copy.default,[],prefill,True,
5424,post_attention_layernorm,,,elementwise_mul,"[[B, T, d_model], [d_model]]",,,"[[B, T, d_model]]",[5423],47,post_attention_layernorm,,1,model.layers.47.post_attention_layernorm,aten.mul.Tensor,[model.layers.47.post_attention_layernorm.weight],prefill,False,
5425,feed_forward,,,view,"[[B, T, d_model]]",,,"[[B*T, d_model]]",[5424],47,feed_forward,,1,model.layers.47.feed_forward,aten.view.default,[],prefill,True,
5426,feed_forward,router,,t,"[[E, d_model]]","[E, d_model]",0,"[[d_model, E]]",[],47,feed_forward,router,2,model.layers.47.feed_forward.router,aten.t.default,[model.layers.47.feed_forward.router.weight],prefill,True,
5427,feed_forward,router,,matmul,"[[B*T, d_model], [d_model, E]]","[E, d_model]",1,"[[B*T, E]]","[5425, 5426]",47,feed_forward,router,2,model.layers.47.feed_forward.router,aten.mm.default,[model.layers.47.feed_forward.router.weight],prefill,False,
5428,feed_forward,router,,topk,"[[B*T, E]]",,,"[[B*T, 1], [B*T, 1]]",[5427],47,feed_forward,router,2,model.layers.47.feed_forward.router,aten.topk.default,[],prefill,False,
5429,feed_forward,router,,full_like,"[[B*T, E]]",,,"[[B*T, E]]",[5427],47,feed_forward,router,2,model.layers.47.feed_forward.router,aten.full_like.default,[],prefill,True,
5430,feed_forward,router,,scatter_,"[[B*T, E], [B*T, 1], [B*T, 1]]",,,"[[B*T, E]]","[5428, 5429]",47,feed_forward,router,2,model.layers.47.feed_forward.router,aten.scatter_.src,[],prefill,True,
5431,feed_forward,router,,_to_copy,"[[B*T, E]]",,,"[[B*T, E]]",[5430],47,feed_forward,router,2,model.layers.47.feed_forward.router,aten._to_copy.default,[],prefill,True,
5432,feed_forward,router,,sigmoid,"[[B*T, E]]",,,"[[B*T, E]]",[5431],47,feed_forward,router,2,model.layers.47.feed_forward.router,aten.sigmoid.default,[],prefill,False,
5433,feed_forward,router,,_to_copy,"[[B*T, E]]",,,"[[B*T, E]]",[5432],47,feed_forward,router,2,model.layers.47.feed_forward.router,aten._to_copy.default,[],prefill,True,
5434,feed_forward,,,repeat,"[[B*T, d_model]]",,,"[[B*E*T, d_model]]",[5425],47,feed_forward,,1,model.layers.47.feed_forward,aten.repeat.default,[],prefill,True,
5435,feed_forward,,,transpose,"[[B*T, E]]",,,"[[E, B*T]]",[5433],47,feed_forward,,1,model.layers.47.feed_forward,aten.transpose.int,[],prefill,True,
5436,feed_forward,,,clone,"[[E, B*T]]",,,"[[E, B*T]]",[5435],47,feed_forward,,1,model.layers.47.feed_forward,aten.clone.default,[],prefill,True,
5437,feed_forward,,,_unsafe_view,"[[E, B*T]]",,,"[[B*E*T, 1]]",[5436],47,feed_forward,,1,model.layers.47.feed_forward,aten._unsafe_view.default,[],prefill,True,
5438,feed_forward,,,elementwise_mul,"[[B*E*T, d_model], [B*E*T, 1]]",,,"[[B*E*T, d_model]]","[5434, 5437]",47,feed_forward,,1,model.layers.47.feed_forward,aten.mul.Tensor,[],prefill,False,
5439,feed_forward,experts,,view,"[[B*E*T, d_model]]",,,"[[E, B*T, d_model]]",[5438],47,feed_forward,experts,2,model.layers.47.feed_forward.experts,aten.view.default,[],prefill,True,
5440,feed_forward,experts,,batched_matmul,"[[E, B*T, d_model], [E, d_model, 2*d_moe]]","[E, d_model, 2*d_moe]",1,"[[E, B*T, 2*d_moe]]",[5439],47,feed_forward,experts,2,model.layers.47.feed_forward.experts,aten.bmm.default,[model.layers.47.feed_forward.experts.gate_up_proj],prefill,False,
5441,feed_forward,experts,,split,"[[E, B*T, 2*d_moe]]",,,"[[E, B*T, d_moe], [E, B*T, d_moe]]",[5440],47,feed_forward,experts,2,model.layers.47.feed_forward.experts,aten.split.Tensor,[],prefill,True,
5442,feed_forward,experts,act_fn,silu,"[[E, B*T, d_moe]]",,,"[[E, B*T, d_moe]]",[5441],47,feed_forward,experts,3,model.layers.47.feed_forward.experts.act_fn,aten.silu.default,[],prefill,False,
5443,feed_forward,experts,,elementwise_mul,"[[E, B*T, d_moe], [E, B*T, d_moe]]",,,"[[E, B*T, d_moe]]","[5441, 5442]",47,feed_forward,experts,2,model.layers.47.feed_forward.experts,aten.mul.Tensor,[],prefill,False,
5444,feed_forward,experts,,batched_matmul,"[[E, B*T, d_moe], [E, d_moe, d_model]]","[E, d_moe, d_model]",1,"[[E, B*T, d_model]]",[5443],47,feed_forward,experts,2,model.layers.47.feed_forward.experts,aten.bmm.default,[model.layers.47.feed_forward.experts.down_proj],prefill,False,
5445,feed_forward,experts,,view,"[[E, B*T, d_model]]",,,"[[B*E*T, d_model]]",[5444],47,feed_forward,experts,2,model.layers.47.feed_forward.experts,aten.view.default,[],prefill,True,
5446,feed_forward,shared_expert,gate_proj,t,"[[d_moe, d_model]]","[d_moe, d_model]",0,"[[d_model, d_moe]]",[],47,feed_forward,shared_expert,3,model.layers.47.feed_forward.shared_expert.gate_proj,aten.t.default,[model.layers.47.feed_forward.shared_expert.gate_proj.weight],prefill,True,
5447,feed_forward,shared_expert,gate_proj,matmul,"[[B*T, d_model], [d_model, d_moe]]","[d_moe, d_model]",1,"[[B*T, d_moe]]","[5425, 5446]",47,feed_forward,shared_expert,3,model.layers.47.feed_forward.shared_expert.gate_proj,aten.mm.default,[model.layers.47.feed_forward.shared_expert.gate_proj.weight],prefill,False,
5448,feed_forward,shared_expert,activation_fn,silu,"[[B*T, d_moe]]",,,"[[B*T, d_moe]]",[5447],47,feed_forward,shared_expert,3,model.layers.47.feed_forward.shared_expert.activation_fn,aten.silu.default,[],prefill,False,
5449,feed_forward,shared_expert,up_proj,t,"[[d_moe, d_model]]","[d_moe, d_model]",0,"[[d_model, d_moe]]",[],47,feed_forward,shared_expert,3,model.layers.47.feed_forward.shared_expert.up_proj,aten.t.default,[model.layers.47.feed_forward.shared_expert.up_proj.weight],prefill,True,
5450,feed_forward,shared_expert,up_proj,matmul,"[[B*T, d_model], [d_model, d_moe]]","[d_moe, d_model]",1,"[[B*T, d_moe]]","[5425, 5449]",47,feed_forward,shared_expert,3,model.layers.47.feed_forward.shared_expert.up_proj,aten.mm.default,[model.layers.47.feed_forward.shared_expert.up_proj.weight],prefill,False,
5451,feed_forward,shared_expert,,elementwise_mul,"[[B*T, d_moe], [B*T, d_moe]]",,,"[[B*T, d_moe]]","[5448, 5450]",47,feed_forward,shared_expert,2,model.layers.47.feed_forward.shared_expert,aten.mul.Tensor,[],prefill,False,
5452,feed_forward,shared_expert,down_proj,t,"[[d_model, d_moe]]","[d_model, d_moe]",0,"[[d_moe, d_model]]",[],47,feed_forward,shared_expert,3,model.layers.47.feed_forward.shared_expert.down_proj,aten.t.default,[model.layers.47.feed_forward.shared_expert.down_proj.weight],prefill,True,
5453,feed_forward,shared_expert,down_proj,matmul,"[[B*T, d_moe], [d_moe, d_model]]","[d_model, d_moe]",1,"[[B*T, d_model]]","[5451, 5452]",47,feed_forward,shared_expert,3,model.layers.47.feed_forward.shared_expert.down_proj,aten.mm.default,[model.layers.47.feed_forward.shared_expert.down_proj.weight],prefill,False,
5454,feed_forward,,,view,"[[B*E*T, d_model]]",,,"[[E, B*T, d_model]]",[5445],47,feed_forward,,1,model.layers.47.feed_forward,aten.view.default,[],prefill,True,
5455,feed_forward,,,sum,"[[E, B*T, d_model]]",,,"[[B*T, d_model]]",[5454],47,feed_forward,,1,model.layers.47.feed_forward,aten.sum.dim_IntList,[],prefill,True,
5456,feed_forward,,,add_,"[[B*T, d_model], [B*T, d_model]]",,,"[[B*T, d_model]]","[5453, 5455]",47,feed_forward,,1,model.layers.47.feed_forward,aten.add_.Tensor,[],prefill,True,
5457,,,,view,"[[B*T, d_model]]",,,"[[B, T, d_model]]",[5456],47,,,0,model.layers.47,aten.view.default,[],prefill,True,
5458,,,,elementwise_add,"[[B, T, d_model], [B, T, d_model]]",,,"[[B, T, d_model]]","[5416, 5457]",47,,,0,model.layers.47,aten.add.Tensor,[],prefill,False,
5459,model,norm,,_to_copy,"[[B, T, d_model]]",,,"[[B, T, d_model]]",[5458],,other,,2,model.norm,aten._to_copy.default,[],prefill,True,
5460,model,norm,,pow,"[[B, T, d_model]]",,,"[[B, T, d_model]]",[5459],,other,,2,model.norm,aten.pow.Tensor_Scalar,[],prefill,False,
5461,model,norm,,mean,"[[B, T, d_model]]",,,"[[B, T, 1]]",[5460],,other,,2,model.norm,aten.mean.dim,[],prefill,False,
5462,model,norm,,elementwise_add,"[[B, T, 1]]",,,"[[B, T, 1]]",[5461],,other,,2,model.norm,aten.add.Tensor,[],prefill,False,
5463,model,norm,,rsqrt,"[[B, T, 1]]",,,"[[B, T, 1]]",[5462],,other,,2,model.norm,aten.rsqrt.default,[],prefill,False,
5464,model,norm,,elementwise_mul,"[[B, T, d_model], [B, T, 1]]",,,"[[B, T, d_model]]","[5459, 5463]",,other,,2,model.norm,aten.mul.Tensor,[],prefill,False,
5465,model,norm,,_to_copy,"[[B, T, d_model]]",,,"[[B, T, d_model]]",[5464],,other,,2,model.norm,aten._to_copy.default,[],prefill,True,
5466,model,norm,,elementwise_mul,"[[B, T, d_model], [d_model]]",,,"[[B, T, d_model]]",[5465],,other,,2,model.norm,aten.mul.Tensor,[model.norm.weight],prefill,False,
5467,,,,alias,"[[B, T, d_model]]",,,"[[B, T, d_model]]",[5466],,other,,0,,aten.alias.default,[],prefill,True,
5468,lm_head,,,t,"[[V, d_model]]","[V, d_model]",0,"[[d_model, V]]",[],,other,,1,lm_head,aten.t.default,[lm_head.weight],prefill,True,
5469,lm_head,,,view,"[[B, T, d_model]]",,,"[[B*T, d_model]]",[5467],,other,,1,lm_head,aten.view.default,[],prefill,True,
5470,lm_head,,,matmul,"[[B*T, d_model], [d_model, V]]","[V, d_model]",1,"[[B*T, V]]","[5468, 5469]",,other,,1,lm_head,aten.mm.default,[lm_head.weight],prefill,False,
5471,lm_head,,,_unsafe_view,"[[B*T, V]]",,,"[[B, T, V]]",[5470],,other,,1,lm_head,aten._unsafe_view.default,[],prefill,True,
