op_id,h1,h2,op_type,input_shape,weight_shape,weight_pos,output_shape,depends_on,layer_idx,block,sub_block,depth,module_path,raw_op,params,phase,unmapped
0,transformer,word_embeddings,embedding,"[[V, d_model], [B, T]]","[V, d_model]",0,"[[B, T, d_model]]",[],,other,,2,transformer.word_embeddings,aten.embedding.default,[transformer.word_embeddings.weight],prefill,False
1,transformer,,arange,[],,,[[B]],[],,other,,1,transformer,aten.arange.default,[],prefill,True
2,transformer,,arange,[],,,[[B]],[],,other,,1,transformer,aten.arange.default,[],prefill,True
3,transformer,,arange,[],,,[[T]],[],,other,,1,transformer,aten.arange.default,[],prefill,True
4,transformer,,elementwise_add,[[T]],,,[[T]],[3],,other,,1,transformer,aten.add.Tensor,[],prefill,False
5,transformer,,arange,[],,,[[T]],[],,other,,1,transformer,aten.arange.default,[],prefill,True
6,transformer,,elementwise_add,[[T]],,,[[T]],[5],,other,,1,transformer,aten.add.Tensor,[],prefill,False
7,transformer,,new_ones,[[T]],,,[[T]],[4],,other,,1,transformer,aten.new_ones.default,[],prefill,True
8,transformer,,view,[[T]],,,"[[T, 1]]",[4],,other,,1,transformer,aten.view.default,[],prefill,True
9,transformer,,le,"[[T], [T, 1]]",,,"[[T, T]]","[6, 8]",,other,,1,transformer,aten.le.Tensor,[],prefill,True
10,transformer,,select,"[[T, T]]",,,[[T]],[9],,other,,1,transformer,aten.select.int,[],prefill,True
11,transformer,,select,[[T]],,,[[]],[7],,other,,1,transformer,aten.select.int,[],prefill,True
12,transformer,,view,[[T]],,,"[[T, 1]]",[7],,other,,1,transformer,aten.view.default,[],prefill,True
13,transformer,,bitwise_and,"[[T, 1], [T, T]]",,,"[[T, T]]","[9, 12]",,other,,1,transformer,aten.bitwise_and.Tensor,[],prefill,True
14,transformer,,lift_fresh,[[]],,,[[]],[],,other,,1,transformer,aten.lift_fresh.default,[],prefill,True
15,transformer,,_to_copy,[[]],,,[[]],[14],,other,,1,transformer,aten._to_copy.default,[],prefill,True
16,transformer,,select,"[[T, T]]",,,[[T]],[13],,other,,1,transformer,aten.select.int,[],prefill,True
17,transformer,,bitwise_and,"[[T, T], []]",,,"[[T, T]]","[13, 15]",,other,,1,transformer,aten.bitwise_and.Tensor,[],prefill,True
18,transformer,,expand,"[[T, T]]",,,"[[B, T, T]]",[17],,other,,1,transformer,aten.expand.default,[],prefill,True
19,transformer,,expand,"[[B, T, T]]",,,"[[B, 1, T, T]]",[18],,other,,1,transformer,aten.expand.default,[],prefill,True
20,transformer,,scalar_tensor,[],,,[[]],[],,other,,1,transformer,aten.scalar_tensor.default,[],prefill,True
21,transformer,,where,"[[B, 1, T, T], [], []]",,,"[[B, 1, T, T]]","[19, 20]",,other,,1,transformer,aten.where.self,[],prefill,True
22,transformer,rotary_emb,unsqueeze,[[d_head/2]],,,"[[B, d_head/2]]",[],,other,,2,transformer.rotary_emb,aten.unsqueeze.default,[transformer.rotary_emb.inv_freq],prefill,True
23,transformer,rotary_emb,unsqueeze,"[[B, d_head/2]]",,,"[[B, d_head/2, 1]]",[22],,other,,2,transformer.rotary_emb,aten.unsqueeze.default,[],prefill,True
24,transformer,rotary_emb,expand,"[[B, d_head/2, 1]]",,,"[[B, d_head/2, 1]]",[23],,other,,2,transformer.rotary_emb,aten.expand.default,[],prefill,True
25,transformer,rotary_emb,unsqueeze,"[[B, T]]",,,"[[B, 1, T]]",[],,other,,2,transformer.rotary_emb,aten.unsqueeze.default,[],prefill,True
26,transformer,rotary_emb,_to_copy,"[[B, 1, T]]",,,"[[B, 1, T]]",[25],,other,,2,transformer.rotary_emb,aten._to_copy.default,[],prefill,True
27,transformer,rotary_emb,expand,"[[B, d_head/2, 1]]",,,"[[B, d_head/2, 1]]",[24],,other,,2,transformer.rotary_emb,aten.expand.default,[],prefill,True
28,transformer,rotary_emb,view,"[[B, d_head/2, 1]]",,,"[[B, d_head/2, 1]]",[27],,other,,2,transformer.rotary_emb,aten.view.default,[],prefill,True
29,transformer,rotary_emb,expand,"[[B, 1, T]]",,,"[[B, 1, T]]",[26],,other,,2,transformer.rotary_emb,aten.expand.default,[],prefill,True
30,transformer,rotary_emb,view,"[[B, 1, T]]",,,"[[B, 1, T]]",[29],,other,,2,transformer.rotary_emb,aten.view.default,[],prefill,True
31,transformer,rotary_emb,batched_matmul,"[[B, d_head/2, 1], [B, 1, T]]",,,"[[B, d_head/2, T]]","[28, 30]",,other,,2,transformer.rotary_emb,aten.bmm.default,[],prefill,False
32,transformer,rotary_emb,_unsafe_view,"[[B, d_head/2, T]]",,,"[[B, d_head/2, T]]",[31],,other,,2,transformer.rotary_emb,aten._unsafe_view.default,[],prefill,True
33,transformer,rotary_emb,transpose,"[[B, d_head/2, T]]",,,"[[B, T, d_head/2]]",[32],,other,,2,transformer.rotary_emb,aten.transpose.int,[],prefill,True
34,transformer,rotary_emb,concat,"[[B, T, d_head/2], [B, T, d_head/2]]",,,"[[B, T, d_head]]",[33],,other,,2,transformer.rotary_emb,aten.cat.default,[],prefill,False
35,transformer,rotary_emb,cos,"[[B, T, d_head]]",,,"[[B, T, d_head]]",[34],,other,,2,transformer.rotary_emb,aten.cos.default,[],prefill,False
36,transformer,rotary_emb,elementwise_mul,"[[B, T, d_head]]",,,"[[B, T, d_head]]",[35],,other,,2,transformer.rotary_emb,aten.mul.Tensor,[],prefill,False
37,transformer,rotary_emb,sin,"[[B, T, d_head]]",,,"[[B, T, d_head]]",[34],,other,,2,transformer.rotary_emb,aten.sin.default,[],prefill,False
38,transformer,rotary_emb,elementwise_mul,"[[B, T, d_head]]",,,"[[B, T, d_head]]",[37],,other,,2,transformer.rotary_emb,aten.mul.Tensor,[],prefill,False
39,transformer,rotary_emb,_to_copy,"[[B, T, d_head]]",,,"[[B, T, d_head]]",[36],,other,,2,transformer.rotary_emb,aten._to_copy.default,[],prefill,True
40,transformer,rotary_emb,_to_copy,"[[B, T, d_head]]",,,"[[B, T, d_head]]",[38],,other,,2,transformer.rotary_emb,aten._to_copy.default,[],prefill,True
41,input_layernorm,,layernorm,"[[B, T, d_model], [d_model], [d_model]]",,,"[[B, T, d_model], [B, T, 1], [B, T, 1]]",[0],0,input_layernorm,,1,transformer.h.0.input_layernorm,aten.native_layer_norm.default,"[transformer.h.0.input_layernorm.bias, transformer.h.0.input_layernorm.weight]",prefill,False
42,self_attention,query_key_value,permute,"[[(n_h+2*n_kv)*d_head, d_model]]","[(n_h+2*n_kv)*d_head, d_model]",0,"[[d_model, (n_h+2*n_kv)*d_head]]",[],0,self_attention,query_key_value,2,transformer.h.0.self_attention.query_key_value,aten.permute.default,[transformer.h.0.self_attention.query_key_value.weight],prefill,True
43,self_attention,query_key_value,view,"[[B, T, d_model]]",,,"[[T, d_model]]",[41],0,self_attention,query_key_value,2,transformer.h.0.self_attention.query_key_value,aten.view.default,[],prefill,True
44,self_attention,query_key_value,matmul,"[[T, d_model], [d_model, (n_h+2*n_kv)*d_head]]","[(n_h+2*n_kv)*d_head, d_model]",1,"[[T, (n_h+2*n_kv)*d_head]]","[42, 43]",0,self_attention,query_key_value,2,transformer.h.0.self_attention.query_key_value,aten.mm.default,[transformer.h.0.self_attention.query_key_value.weight],prefill,False
45,self_attention,query_key_value,_unsafe_view,"[[T, (n_h+2*n_kv)*d_head]]",,,"[[B, T, (n_h+2*n_kv)*d_head]]",[44],0,self_attention,query_key_value,2,transformer.h.0.self_attention.query_key_value,aten._unsafe_view.default,[],prefill,True
46,self_attention,,view,"[[B, T, (n_h+2*n_kv)*d_head]]",,,"[[B, T, n_h+2*n_kv, d_head]]",[45],0,self_attention,,1,transformer.h.0.self_attention,aten.view.default,[],prefill,True
47,self_attention,,slice,"[[B, T, n_h+2*n_kv, d_head]]",,,"[[B, T, n_h, d_head]]",[46],0,self_attention,,1,transformer.h.0.self_attention,aten.slice.Tensor,[],prefill,True
48,self_attention,,index,"[[B, T, n_h+2*n_kv, d_head], [B]]",,,"[[B, T, 1, d_head]]",[46],0,self_attention,,1,transformer.h.0.self_attention,aten.index.Tensor,[],prefill,True
49,self_attention,,index,"[[B, T, n_h+2*n_kv, d_head], [B]]",,,"[[B, T, 1, d_head]]",[46],0,self_attention,,1,transformer.h.0.self_attention,aten.index.Tensor,[],prefill,True
50,self_attention,,transpose,"[[B, T, n_h, d_head]]",,,"[[B, n_h, T, d_head]]",[47],0,self_attention,,1,transformer.h.0.self_attention,aten.transpose.int,[],prefill,True
51,self_attention,,view,"[[B, n_h, T, d_head]]",,,"[[B, n_h, T, d_head]]",[50],0,self_attention,,1,transformer.h.0.self_attention,aten.view.default,[],prefill,True
52,self_attention,,transpose,"[[B, T, 1, d_head]]",,,"[[B, 1, T, d_head]]",[48],0,self_attention,,1,transformer.h.0.self_attention,aten.transpose.int,[],prefill,True
53,self_attention,,view,"[[B, 1, T, d_head]]",,,"[[B, 1, T, d_head]]",[52],0,self_attention,,1,transformer.h.0.self_attention,aten.view.default,[],prefill,True
54,self_attention,,transpose,"[[B, T, 1, d_head]]",,,"[[B, 1, T, d_head]]",[49],0,self_attention,,1,transformer.h.0.self_attention,aten.transpose.int,[],prefill,True
55,self_attention,,view,"[[B, 1, T, d_head]]",,,"[[B, 1, T, d_head]]",[54],0,self_attention,,1,transformer.h.0.self_attention,aten.view.default,[],prefill,True
56,self_attention,,unsqueeze,"[[B, T, d_head]]",,,"[[B, 1, T, d_head]]",[39],0,self_attention,,1,transformer.h.0.self_attention,aten.unsqueeze.default,[],prefill,True
57,self_attention,,unsqueeze,"[[B, T, d_head]]",,,"[[B, 1, T, d_head]]",[40],0,self_attention,,1,transformer.h.0.self_attention,aten.unsqueeze.default,[],prefill,True
58,self_attention,,elementwise_mul,"[[B, n_h, T, d_head], [B, 1, T, d_head]]",,,"[[B, n_h, T, d_head]]","[51, 56]",0,self_attention,,1,transformer.h.0.self_attention,aten.mul.Tensor,[],prefill,False
59,self_attention,,slice,"[[B, n_h, T, d_head]]",,,"[[B, n_h, T, d_head/2]]",[51],0,self_attention,,1,transformer.h.0.self_attention,aten.slice.Tensor,[],prefill,True
60,self_attention,,slice,"[[B, n_h, T, d_head]]",,,"[[B, n_h, T, d_head/2]]",[51],0,self_attention,,1,transformer.h.0.self_attention,aten.slice.Tensor,[],prefill,True
61,self_attention,,neg,"[[B, n_h, T, d_head/2]]",,,"[[B, n_h, T, d_head/2]]",[60],0,self_attention,,1,transformer.h.0.self_attention,aten.neg.default,[],prefill,False
62,self_attention,,concat,"[[B, n_h, T, d_head/2], [B, n_h, T, d_head/2]]",,,"[[B, n_h, T, d_head]]","[59, 61]",0,self_attention,,1,transformer.h.0.self_attention,aten.cat.default,[],prefill,False
63,self_attention,,elementwise_mul,"[[B, n_h, T, d_head], [B, 1, T, d_head]]",,,"[[B, n_h, T, d_head]]","[57, 62]",0,self_attention,,1,transformer.h.0.self_attention,aten.mul.Tensor,[],prefill,False
64,self_attention,,elementwise_add,"[[B, n_h, T, d_head], [B, n_h, T, d_head]]",,,"[[B, n_h, T, d_head]]","[58, 63]",0,self_attention,,1,transformer.h.0.self_attention,aten.add.Tensor,[],prefill,False
65,self_attention,,elementwise_mul,"[[B, 1, T, d_head], [B, 1, T, d_head]]",,,"[[B, 1, T, d_head]]","[53, 56]",0,self_attention,,1,transformer.h.0.self_attention,aten.mul.Tensor,[],prefill,False
66,self_attention,,slice,"[[B, 1, T, d_head]]",,,"[[B, 1, T, d_head/2]]",[53],0,self_attention,,1,transformer.h.0.self_attention,aten.slice.Tensor,[],prefill,True
67,self_attention,,slice,"[[B, 1, T, d_head]]",,,"[[B, 1, T, d_head/2]]",[53],0,self_attention,,1,transformer.h.0.self_attention,aten.slice.Tensor,[],prefill,True
68,self_attention,,neg,"[[B, 1, T, d_head/2]]",,,"[[B, 1, T, d_head/2]]",[67],0,self_attention,,1,transformer.h.0.self_attention,aten.neg.default,[],prefill,False
69,self_attention,,concat,"[[B, 1, T, d_head/2], [B, 1, T, d_head/2]]",,,"[[B, 1, T, d_head]]","[66, 68]",0,self_attention,,1,transformer.h.0.self_attention,aten.cat.default,[],prefill,False
70,self_attention,,elementwise_mul,"[[B, 1, T, d_head], [B, 1, T, d_head]]",,,"[[B, 1, T, d_head]]","[57, 69]",0,self_attention,,1,transformer.h.0.self_attention,aten.mul.Tensor,[],prefill,False
71,self_attention,,elementwise_add,"[[B, 1, T, d_head], [B, 1, T, d_head]]",,,"[[B, 1, T, d_head]]","[65, 70]",0,self_attention,,1,transformer.h.0.self_attention,aten.add.Tensor,[],prefill,False
72,self_attention,,concat,"[[0], [B, 1, T, d_head]]",,,"[[B, 1, T, d_head]]",[71],0,self_attention,,1,transformer.h.0.self_attention,aten.cat.default,[],prefill,False
73,self_attention,,concat,"[[0], [B, 1, T, d_head]]",,,"[[B, 1, T, d_head]]",[55],0,self_attention,,1,transformer.h.0.self_attention,aten.cat.default,[],prefill,False
74,self_attention,,transpose,"[[B, 1, T, d_head]]",,,"[[B, 1, d_head, T]]",[72],0,self_attention,,1,transformer.h.0.self_attention,aten.transpose.int,[],prefill,True
75,self_attention,,expand,"[[B, n_h, T, d_head]]",,,"[[B, n_h, T, d_head]]",[64],0,self_attention,,1,transformer.h.0.self_attention,aten.expand.default,[],prefill,True
76,self_attention,,view,"[[B, n_h, T, d_head]]",,,"[[n_h, T, d_head]]",[75],0,self_attention,,1,transformer.h.0.self_attention,aten.view.default,[],prefill,True
77,self_attention,,expand,"[[B, 1, d_head, T]]",,,"[[B, n_h, d_head, T]]",[74],0,self_attention,,1,transformer.h.0.self_attention,aten.expand.default,[],prefill,True
78,self_attention,,view,"[[B, n_h, d_head, T]]",,,"[[n_h, d_head, T]]",[77],0,self_attention,,1,transformer.h.0.self_attention,aten.view.default,[],prefill,True
79,self_attention,,batched_matmul,"[[n_h, T, d_head], [n_h, d_head, T]]",,,"[[n_h, T, T]]","[76, 78]",0,self_attention,,1,transformer.h.0.self_attention,aten.bmm.default,[],prefill,False
80,self_attention,,_unsafe_view,"[[n_h, T, T]]",,,"[[B, n_h, T, T]]",[79],0,self_attention,,1,transformer.h.0.self_attention,aten._unsafe_view.default,[],prefill,True
81,self_attention,,div_,"[[B, n_h, T, T]]",,,"[[B, n_h, T, T]]",[80],0,self_attention,,1,transformer.h.0.self_attention,aten.div_.Tensor,[],prefill,True
82,self_attention,,elementwise_add,"[[B, n_h, T, T], [B, 1, T, T]]",,,"[[B, n_h, T, T]]","[21, 81]",0,self_attention,,1,transformer.h.0.self_attention,aten.add.Tensor,[],prefill,False
83,self_attention,,softmax,"[[B, n_h, T, T]]",,,"[[B, n_h, T, T]]",[82],0,self_attention,,1,transformer.h.0.self_attention,aten._softmax.default,[],prefill,False
84,self_attention,,expand,"[[B, n_h, T, T]]",,,"[[B, n_h, T, T]]",[83],0,self_attention,,1,transformer.h.0.self_attention,aten.expand.default,[],prefill,True
85,self_attention,,view,"[[B, n_h, T, T]]",,,"[[n_h, T, T]]",[84],0,self_attention,,1,transformer.h.0.self_attention,aten.view.default,[],prefill,True
86,self_attention,,expand,"[[B, 1, T, d_head]]",,,"[[B, n_h, T, d_head]]",[73],0,self_attention,,1,transformer.h.0.self_attention,aten.expand.default,[],prefill,True
87,self_attention,,view,"[[B, n_h, T, d_head]]",,,"[[n_h, T, d_head]]",[86],0,self_attention,,1,transformer.h.0.self_attention,aten.view.default,[],prefill,True
88,self_attention,,batched_matmul,"[[n_h, T, T], [n_h, T, d_head]]",,,"[[n_h, T, d_head]]","[85, 87]",0,self_attention,,1,transformer.h.0.self_attention,aten.bmm.default,[],prefill,False
89,self_attention,,_unsafe_view,"[[n_h, T, d_head]]",,,"[[B, n_h, T, d_head]]",[88],0,self_attention,,1,transformer.h.0.self_attention,aten._unsafe_view.default,[],prefill,True
90,self_attention,,view,"[[B, n_h, T, d_head]]",,,"[[B, n_h, T, d_head]]",[89],0,self_attention,,1,transformer.h.0.self_attention,aten.view.default,[],prefill,True
91,self_attention,,permute,"[[B, n_h, T, d_head]]",,,"[[B, T, n_h, d_head]]",[90],0,self_attention,,1,transformer.h.0.self_attention,aten.permute.default,[],prefill,True
92,self_attention,,clone,"[[B, T, n_h, d_head]]",,,"[[B, T, n_h, d_head]]",[91],0,self_attention,,1,transformer.h.0.self_attention,aten.clone.default,[],prefill,True
93,self_attention,,_unsafe_view,"[[B, T, n_h, d_head]]",,,"[[B, T, n_h*d_head]]",[92],0,self_attention,,1,transformer.h.0.self_attention,aten._unsafe_view.default,[],prefill,True
94,self_attention,dense,permute,"[[d_model, n_h*d_head]]","[d_model, n_h*d_head]",0,"[[n_h*d_head, d_model]]",[],0,self_attention,dense,2,transformer.h.0.self_attention.dense,aten.permute.default,[transformer.h.0.self_attention.dense.weight],prefill,True
95,self_attention,dense,view,"[[B, T, n_h*d_head]]",,,"[[T, n_h*d_head]]",[93],0,self_attention,dense,2,transformer.h.0.self_attention.dense,aten.view.default,[],prefill,True
96,self_attention,dense,matmul,"[[T, n_h*d_head], [n_h*d_head, d_model]]","[d_model, n_h*d_head]",1,"[[T, d_model]]","[94, 95]",0,self_attention,dense,2,transformer.h.0.self_attention.dense,aten.mm.default,[transformer.h.0.self_attention.dense.weight],prefill,False
97,self_attention,dense,_unsafe_view,"[[T, d_model]]",,,"[[B, T, d_model]]",[96],0,self_attention,dense,2,transformer.h.0.self_attention.dense,aten._unsafe_view.default,[],prefill,True
98,mlp,dense_h_to_4h,permute,"[[d_ff, d_model]]","[d_ff, d_model]",0,"[[d_model, d_ff]]",[],0,mlp,dense_h_to_4h,2,transformer.h.0.mlp.dense_h_to_4h,aten.permute.default,[transformer.h.0.mlp.dense_h_to_4h.weight],prefill,True
99,mlp,dense_h_to_4h,view,"[[B, T, d_model]]",,,"[[T, d_model]]",[41],0,mlp,dense_h_to_4h,2,transformer.h.0.mlp.dense_h_to_4h,aten.view.default,[],prefill,True
100,mlp,dense_h_to_4h,matmul,"[[T, d_model], [d_model, d_ff]]","[d_ff, d_model]",1,"[[T, d_ff]]","[98, 99]",0,mlp,dense_h_to_4h,2,transformer.h.0.mlp.dense_h_to_4h,aten.mm.default,[transformer.h.0.mlp.dense_h_to_4h.weight],prefill,False
101,mlp,dense_h_to_4h,_unsafe_view,"[[T, d_ff]]",,,"[[B, T, d_ff]]",[100],0,mlp,dense_h_to_4h,2,transformer.h.0.mlp.dense_h_to_4h,aten._unsafe_view.default,[],prefill,True
102,mlp,act,gelu,"[[B, T, d_ff]]",,,"[[B, T, d_ff]]",[101],0,mlp,act,2,transformer.h.0.mlp.act,aten.gelu.default,[],prefill,False
103,mlp,dense_4h_to_h,permute,"[[d_model, d_ff]]","[d_model, d_ff]",0,"[[d_ff, d_model]]",[],0,mlp,dense_4h_to_h,2,transformer.h.0.mlp.dense_4h_to_h,aten.permute.default,[transformer.h.0.mlp.dense_4h_to_h.weight],prefill,True
104,mlp,dense_4h_to_h,view,"[[B, T, d_ff]]",,,"[[T, d_ff]]",[102],0,mlp,dense_4h_to_h,2,transformer.h.0.mlp.dense_4h_to_h,aten.view.default,[],prefill,True
105,mlp,dense_4h_to_h,matmul,"[[T, d_ff], [d_ff, d_model]]","[d_model, d_ff]",1,"[[T, d_model]]","[103, 104]",0,mlp,dense_4h_to_h,2,transformer.h.0.mlp.dense_4h_to_h,aten.mm.default,[transformer.h.0.mlp.dense_4h_to_h.weight],prefill,False
106,mlp,dense_4h_to_h,_unsafe_view,"[[T, d_model]]",,,"[[B, T, d_model]]",[105],0,mlp,dense_4h_to_h,2,transformer.h.0.mlp.dense_4h_to_h,aten._unsafe_view.default,[],prefill,True
107,,,add_,"[[B, T, d_model], [B, T, d_model]]",,,"[[B, T, d_model]]","[97, 106]",0,,,0,transformer.h.0,aten.add_.Tensor,[],prefill,True
108,,,elementwise_add,"[[B, T, d_model], [B, T, d_model]]",,,"[[B, T, d_model]]","[0, 107]",0,,,0,transformer.h.0,aten.add.Tensor,[],prefill,False
109,input_layernorm,,layernorm,"[[B, T, d_model], [d_model], [d_model]]",,,"[[B, T, d_model], [B, T, 1], [B, T, 1]]",[108],1,input_layernorm,,1,transformer.h.1.input_layernorm,aten.native_layer_norm.default,"[transformer.h.1.input_layernorm.bias, transformer.h.1.input_layernorm.weight]",prefill,False
110,self_attention,query_key_value,permute,"[[(n_h+2*n_kv)*d_head, d_model]]","[(n_h+2*n_kv)*d_head, d_model]",0,"[[d_model, (n_h+2*n_kv)*d_head]]",[],1,self_attention,query_key_value,2,transformer.h.1.self_attention.query_key_value,aten.permute.default,[transformer.h.1.self_attention.query_key_value.weight],prefill,True
111,self_attention,query_key_value,view,"[[B, T, d_model]]",,,"[[T, d_model]]",[109],1,self_attention,query_key_value,2,transformer.h.1.self_attention.query_key_value,aten.view.default,[],prefill,True
112,self_attention,query_key_value,matmul,"[[T, d_model], [d_model, (n_h+2*n_kv)*d_head]]","[(n_h+2*n_kv)*d_head, d_model]",1,"[[T, (n_h+2*n_kv)*d_head]]","[110, 111]",1,self_attention,query_key_value,2,transformer.h.1.self_attention.query_key_value,aten.mm.default,[transformer.h.1.self_attention.query_key_value.weight],prefill,False
113,self_attention,query_key_value,_unsafe_view,"[[T, (n_h+2*n_kv)*d_head]]",,,"[[B, T, (n_h+2*n_kv)*d_head]]",[112],1,self_attention,query_key_value,2,transformer.h.1.self_attention.query_key_value,aten._unsafe_view.default,[],prefill,True
114,self_attention,,view,"[[B, T, (n_h+2*n_kv)*d_head]]",,,"[[B, T, n_h+2*n_kv, d_head]]",[113],1,self_attention,,1,transformer.h.1.self_attention,aten.view.default,[],prefill,True
115,self_attention,,slice,"[[B, T, n_h+2*n_kv, d_head]]",,,"[[B, T, n_h, d_head]]",[114],1,self_attention,,1,transformer.h.1.self_attention,aten.slice.Tensor,[],prefill,True
116,self_attention,,index,"[[B, T, n_h+2*n_kv, d_head], [B]]",,,"[[B, T, 1, d_head]]",[114],1,self_attention,,1,transformer.h.1.self_attention,aten.index.Tensor,[],prefill,True
117,self_attention,,index,"[[B, T, n_h+2*n_kv, d_head], [B]]",,,"[[B, T, 1, d_head]]",[114],1,self_attention,,1,transformer.h.1.self_attention,aten.index.Tensor,[],prefill,True
118,self_attention,,transpose,"[[B, T, n_h, d_head]]",,,"[[B, n_h, T, d_head]]",[115],1,self_attention,,1,transformer.h.1.self_attention,aten.transpose.int,[],prefill,True
119,self_attention,,view,"[[B, n_h, T, d_head]]",,,"[[B, n_h, T, d_head]]",[118],1,self_attention,,1,transformer.h.1.self_attention,aten.view.default,[],prefill,True
120,self_attention,,transpose,"[[B, T, 1, d_head]]",,,"[[B, 1, T, d_head]]",[116],1,self_attention,,1,transformer.h.1.self_attention,aten.transpose.int,[],prefill,True
121,self_attention,,view,"[[B, 1, T, d_head]]",,,"[[B, 1, T, d_head]]",[120],1,self_attention,,1,transformer.h.1.self_attention,aten.view.default,[],prefill,True
122,self_attention,,transpose,"[[B, T, 1, d_head]]",,,"[[B, 1, T, d_head]]",[117],1,self_attention,,1,transformer.h.1.self_attention,aten.transpose.int,[],prefill,True
123,self_attention,,view,"[[B, 1, T, d_head]]",,,"[[B, 1, T, d_head]]",[122],1,self_attention,,1,transformer.h.1.self_attention,aten.view.default,[],prefill,True
124,self_attention,,unsqueeze,"[[B, T, d_head]]",,,"[[B, 1, T, d_head]]",[39],1,self_attention,,1,transformer.h.1.self_attention,aten.unsqueeze.default,[],prefill,True
125,self_attention,,unsqueeze,"[[B, T, d_head]]",,,"[[B, 1, T, d_head]]",[40],1,self_attention,,1,transformer.h.1.self_attention,aten.unsqueeze.default,[],prefill,True
126,self_attention,,elementwise_mul,"[[B, n_h, T, d_head], [B, 1, T, d_head]]",,,"[[B, n_h, T, d_head]]","[119, 124]",1,self_attention,,1,transformer.h.1.self_attention,aten.mul.Tensor,[],prefill,False
127,self_attention,,slice,"[[B, n_h, T, d_head]]",,,"[[B, n_h, T, d_head/2]]",[119],1,self_attention,,1,transformer.h.1.self_attention,aten.slice.Tensor,[],prefill,True
128,self_attention,,slice,"[[B, n_h, T, d_head]]",,,"[[B, n_h, T, d_head/2]]",[119],1,self_attention,,1,transformer.h.1.self_attention,aten.slice.Tensor,[],prefill,True
129,self_attention,,neg,"[[B, n_h, T, d_head/2]]",,,"[[B, n_h, T, d_head/2]]",[128],1,self_attention,,1,transformer.h.1.self_attention,aten.neg.default,[],prefill,False
130,self_attention,,concat,"[[B, n_h, T, d_head/2], [B, n_h, T, d_head/2]]",,,"[[B, n_h, T, d_head]]","[127, 129]",1,self_attention,,1,transformer.h.1.self_attention,aten.cat.default,[],prefill,False
131,self_attention,,elementwise_mul,"[[B, n_h, T, d_head], [B, 1, T, d_head]]",,,"[[B, n_h, T, d_head]]","[125, 130]",1,self_attention,,1,transformer.h.1.self_attention,aten.mul.Tensor,[],prefill,False
132,self_attention,,elementwise_add,"[[B, n_h, T, d_head], [B, n_h, T, d_head]]",,,"[[B, n_h, T, d_head]]","[126, 131]",1,self_attention,,1,transformer.h.1.self_attention,aten.add.Tensor,[],prefill,False
133,self_attention,,elementwise_mul,"[[B, 1, T, d_head], [B, 1, T, d_head]]",,,"[[B, 1, T, d_head]]","[121, 124]",1,self_attention,,1,transformer.h.1.self_attention,aten.mul.Tensor,[],prefill,False
134,self_attention,,slice,"[[B, 1, T, d_head]]",,,"[[B, 1, T, d_head/2]]",[121],1,self_attention,,1,transformer.h.1.self_attention,aten.slice.Tensor,[],prefill,True
135,self_attention,,slice,"[[B, 1, T, d_head]]",,,"[[B, 1, T, d_head/2]]",[121],1,self_attention,,1,transformer.h.1.self_attention,aten.slice.Tensor,[],prefill,True
136,self_attention,,neg,"[[B, 1, T, d_head/2]]",,,"[[B, 1, T, d_head/2]]",[135],1,self_attention,,1,transformer.h.1.self_attention,aten.neg.default,[],prefill,False
137,self_attention,,concat,"[[B, 1, T, d_head/2], [B, 1, T, d_head/2]]",,,"[[B, 1, T, d_head]]","[134, 136]",1,self_attention,,1,transformer.h.1.self_attention,aten.cat.default,[],prefill,False
138,self_attention,,elementwise_mul,"[[B, 1, T, d_head], [B, 1, T, d_head]]",,,"[[B, 1, T, d_head]]","[125, 137]",1,self_attention,,1,transformer.h.1.self_attention,aten.mul.Tensor,[],prefill,False
139,self_attention,,elementwise_add,"[[B, 1, T, d_head], [B, 1, T, d_head]]",,,"[[B, 1, T, d_head]]","[133, 138]",1,self_attention,,1,transformer.h.1.self_attention,aten.add.Tensor,[],prefill,False
140,self_attention,,concat,"[[0], [B, 1, T, d_head]]",,,"[[B, 1, T, d_head]]",[139],1,self_attention,,1,transformer.h.1.self_attention,aten.cat.default,[],prefill,False
141,self_attention,,concat,"[[0], [B, 1, T, d_head]]",,,"[[B, 1, T, d_head]]",[123],1,self_attention,,1,transformer.h.1.self_attention,aten.cat.default,[],prefill,False
142,self_attention,,transpose,"[[B, 1, T, d_head]]",,,"[[B, 1, d_head, T]]",[140],1,self_attention,,1,transformer.h.1.self_attention,aten.transpose.int,[],prefill,True
143,self_attention,,expand,"[[B, n_h, T, d_head]]",,,"[[B, n_h, T, d_head]]",[132],1,self_attention,,1,transformer.h.1.self_attention,aten.expand.default,[],prefill,True
144,self_attention,,view,"[[B, n_h, T, d_head]]",,,"[[n_h, T, d_head]]",[143],1,self_attention,,1,transformer.h.1.self_attention,aten.view.default,[],prefill,True
145,self_attention,,expand,"[[B, 1, d_head, T]]",,,"[[B, n_h, d_head, T]]",[142],1,self_attention,,1,transformer.h.1.self_attention,aten.expand.default,[],prefill,True
146,self_attention,,view,"[[B, n_h, d_head, T]]",,,"[[n_h, d_head, T]]",[145],1,self_attention,,1,transformer.h.1.self_attention,aten.view.default,[],prefill,True
147,self_attention,,batched_matmul,"[[n_h, T, d_head], [n_h, d_head, T]]",,,"[[n_h, T, T]]","[144, 146]",1,self_attention,,1,transformer.h.1.self_attention,aten.bmm.default,[],prefill,False
148,self_attention,,_unsafe_view,"[[n_h, T, T]]",,,"[[B, n_h, T, T]]",[147],1,self_attention,,1,transformer.h.1.self_attention,aten._unsafe_view.default,[],prefill,True
149,self_attention,,div_,"[[B, n_h, T, T]]",,,"[[B, n_h, T, T]]",[148],1,self_attention,,1,transformer.h.1.self_attention,aten.div_.Tensor,[],prefill,True
150,self_attention,,elementwise_add,"[[B, n_h, T, T], [B, 1, T, T]]",,,"[[B, n_h, T, T]]","[21, 149]",1,self_attention,,1,transformer.h.1.self_attention,aten.add.Tensor,[],prefill,False
151,self_attention,,softmax,"[[B, n_h, T, T]]",,,"[[B, n_h, T, T]]",[150],1,self_attention,,1,transformer.h.1.self_attention,aten._softmax.default,[],prefill,False
152,self_attention,,expand,"[[B, n_h, T, T]]",,,"[[B, n_h, T, T]]",[151],1,self_attention,,1,transformer.h.1.self_attention,aten.expand.default,[],prefill,True
153,self_attention,,view,"[[B, n_h, T, T]]",,,"[[n_h, T, T]]",[152],1,self_attention,,1,transformer.h.1.self_attention,aten.view.default,[],prefill,True
154,self_attention,,expand,"[[B, 1, T, d_head]]",,,"[[B, n_h, T, d_head]]",[141],1,self_attention,,1,transformer.h.1.self_attention,aten.expand.default,[],prefill,True
155,self_attention,,view,"[[B, n_h, T, d_head]]",,,"[[n_h, T, d_head]]",[154],1,self_attention,,1,transformer.h.1.self_attention,aten.view.default,[],prefill,True
156,self_attention,,batched_matmul,"[[n_h, T, T], [n_h, T, d_head]]",,,"[[n_h, T, d_head]]","[153, 155]",1,self_attention,,1,transformer.h.1.self_attention,aten.bmm.default,[],prefill,False
157,self_attention,,_unsafe_view,"[[n_h, T, d_head]]",,,"[[B, n_h, T, d_head]]",[156],1,self_attention,,1,transformer.h.1.self_attention,aten._unsafe_view.default,[],prefill,True
158,self_attention,,view,"[[B, n_h, T, d_head]]",,,"[[B, n_h, T, d_head]]",[157],1,self_attention,,1,transformer.h.1.self_attention,aten.view.default,[],prefill,True
159,self_attention,,permute,"[[B, n_h, T, d_head]]",,,"[[B, T, n_h, d_head]]",[158],1,self_attention,,1,transformer.h.1.self_attention,aten.permute.default,[],prefill,True
160,self_attention,,clone,"[[B, T, n_h, d_head]]",,,"[[B, T, n_h, d_head]]",[159],1,self_attention,,1,transformer.h.1.self_attention,aten.clone.default,[],prefill,True
161,self_attention,,_unsafe_view,"[[B, T, n_h, d_head]]",,,"[[B, T, n_h*d_head]]",[160],1,self_attention,,1,transformer.h.1.self_attention,aten._unsafe_view.default,[],prefill,True
162,self_attention,dense,permute,"[[d_model, n_h*d_head]]","[d_model, n_h*d_head]",0,"[[n_h*d_head, d_model]]",[],1,self_attention,dense,2,transformer.h.1.self_attention.dense,aten.permute.default,[transformer.h.1.self_attention.dense.weight],prefill,True
163,self_attention,dense,view,"[[B, T, n_h*d_head]]",,,"[[T, n_h*d_head]]",[161],1,self_attention,dense,2,transformer.h.1.self_attention.dense,aten.view.default,[],prefill,True
164,self_attention,dense,matmul,"[[T, n_h*d_head], [n_h*d_head, d_model]]","[d_model, n_h*d_head]",1,"[[T, d_model]]","[162, 163]",1,self_attention,dense,2,transformer.h.1.self_attention.dense,aten.mm.default,[transformer.h.1.self_attention.dense.weight],prefill,False
165,self_attention,dense,_unsafe_view,"[[T, d_model]]",,,"[[B, T, d_model]]",[164],1,self_attention,dense,2,transformer.h.1.self_attention.dense,aten._unsafe_view.default,[],prefill,True
166,mlp,dense_h_to_4h,permute,"[[d_ff, d_model]]","[d_ff, d_model]",0,"[[d_model, d_ff]]",[],1,mlp,dense_h_to_4h,2,transformer.h.1.mlp.dense_h_to_4h,aten.permute.default,[transformer.h.1.mlp.dense_h_to_4h.weight],prefill,True
167,mlp,dense_h_to_4h,view,"[[B, T, d_model]]",,,"[[T, d_model]]",[109],1,mlp,dense_h_to_4h,2,transformer.h.1.mlp.dense_h_to_4h,aten.view.default,[],prefill,True
168,mlp,dense_h_to_4h,matmul,"[[T, d_model], [d_model, d_ff]]","[d_ff, d_model]",1,"[[T, d_ff]]","[166, 167]",1,mlp,dense_h_to_4h,2,transformer.h.1.mlp.dense_h_to_4h,aten.mm.default,[transformer.h.1.mlp.dense_h_to_4h.weight],prefill,False
169,mlp,dense_h_to_4h,_unsafe_view,"[[T, d_ff]]",,,"[[B, T, d_ff]]",[168],1,mlp,dense_h_to_4h,2,transformer.h.1.mlp.dense_h_to_4h,aten._unsafe_view.default,[],prefill,True
170,mlp,act,gelu,"[[B, T, d_ff]]",,,"[[B, T, d_ff]]",[169],1,mlp,act,2,transformer.h.1.mlp.act,aten.gelu.default,[],prefill,False
171,mlp,dense_4h_to_h,permute,"[[d_model, d_ff]]","[d_model, d_ff]",0,"[[d_ff, d_model]]",[],1,mlp,dense_4h_to_h,2,transformer.h.1.mlp.dense_4h_to_h,aten.permute.default,[transformer.h.1.mlp.dense_4h_to_h.weight],prefill,True
172,mlp,dense_4h_to_h,view,"[[B, T, d_ff]]",,,"[[T, d_ff]]",[170],1,mlp,dense_4h_to_h,2,transformer.h.1.mlp.dense_4h_to_h,aten.view.default,[],prefill,True
173,mlp,dense_4h_to_h,matmul,"[[T, d_ff], [d_ff, d_model]]","[d_model, d_ff]",1,"[[T, d_model]]","[171, 172]",1,mlp,dense_4h_to_h,2,transformer.h.1.mlp.dense_4h_to_h,aten.mm.default,[transformer.h.1.mlp.dense_4h_to_h.weight],prefill,False
174,mlp,dense_4h_to_h,_unsafe_view,"[[T, d_model]]",,,"[[B, T, d_model]]",[173],1,mlp,dense_4h_to_h,2,transformer.h.1.mlp.dense_4h_to_h,aten._unsafe_view.default,[],prefill,True
175,,,add_,"[[B, T, d_model], [B, T, d_model]]",,,"[[B, T, d_model]]","[165, 174]",1,,,0,transformer.h.1,aten.add_.Tensor,[],prefill,True
176,,,elementwise_add,"[[B, T, d_model], [B, T, d_model]]",,,"[[B, T, d_model]]","[108, 175]",1,,,0,transformer.h.1,aten.add.Tensor,[],prefill,False
177,input_layernorm,,layernorm,"[[B, T, d_model], [d_model], [d_model]]",,,"[[B, T, d_model], [B, T, 1], [B, T, 1]]",[176],2,input_layernorm,,1,transformer.h.2.input_layernorm,aten.native_layer_norm.default,"[transformer.h.2.input_layernorm.bias, transformer.h.2.input_layernorm.weight]",prefill,False
178,self_attention,query_key_value,permute,"[[(n_h+2*n_kv)*d_head, d_model]]","[(n_h+2*n_kv)*d_head, d_model]",0,"[[d_model, (n_h+2*n_kv)*d_head]]",[],2,self_attention,query_key_value,2,transformer.h.2.self_attention.query_key_value,aten.permute.default,[transformer.h.2.self_attention.query_key_value.weight],prefill,True
179,self_attention,query_key_value,view,"[[B, T, d_model]]",,,"[[T, d_model]]",[177],2,self_attention,query_key_value,2,transformer.h.2.self_attention.query_key_value,aten.view.default,[],prefill,True
180,self_attention,query_key_value,matmul,"[[T, d_model], [d_model, (n_h+2*n_kv)*d_head]]","[(n_h+2*n_kv)*d_head, d_model]",1,"[[T, (n_h+2*n_kv)*d_head]]","[178, 179]",2,self_attention,query_key_value,2,transformer.h.2.self_attention.query_key_value,aten.mm.default,[transformer.h.2.self_attention.query_key_value.weight],prefill,False
181,self_attention,query_key_value,_unsafe_view,"[[T, (n_h+2*n_kv)*d_head]]",,,"[[B, T, (n_h+2*n_kv)*d_head]]",[180],2,self_attention,query_key_value,2,transformer.h.2.self_attention.query_key_value,aten._unsafe_view.default,[],prefill,True
182,self_attention,,view,"[[B, T, (n_h+2*n_kv)*d_head]]",,,"[[B, T, n_h+2*n_kv, d_head]]",[181],2,self_attention,,1,transformer.h.2.self_attention,aten.view.default,[],prefill,True
183,self_attention,,slice,"[[B, T, n_h+2*n_kv, d_head]]",,,"[[B, T, n_h, d_head]]",[182],2,self_attention,,1,transformer.h.2.self_attention,aten.slice.Tensor,[],prefill,True
184,self_attention,,index,"[[B, T, n_h+2*n_kv, d_head], [B]]",,,"[[B, T, 1, d_head]]",[182],2,self_attention,,1,transformer.h.2.self_attention,aten.index.Tensor,[],prefill,True
185,self_attention,,index,"[[B, T, n_h+2*n_kv, d_head], [B]]",,,"[[B, T, 1, d_head]]",[182],2,self_attention,,1,transformer.h.2.self_attention,aten.index.Tensor,[],prefill,True
186,self_attention,,transpose,"[[B, T, n_h, d_head]]",,,"[[B, n_h, T, d_head]]",[183],2,self_attention,,1,transformer.h.2.self_attention,aten.transpose.int,[],prefill,True
187,self_attention,,view,"[[B, n_h, T, d_head]]",,,"[[B, n_h, T, d_head]]",[186],2,self_attention,,1,transformer.h.2.self_attention,aten.view.default,[],prefill,True
188,self_attention,,transpose,"[[B, T, 1, d_head]]",,,"[[B, 1, T, d_head]]",[184],2,self_attention,,1,transformer.h.2.self_attention,aten.transpose.int,[],prefill,True
189,self_attention,,view,"[[B, 1, T, d_head]]",,,"[[B, 1, T, d_head]]",[188],2,self_attention,,1,transformer.h.2.self_attention,aten.view.default,[],prefill,True
190,self_attention,,transpose,"[[B, T, 1, d_head]]",,,"[[B, 1, T, d_head]]",[185],2,self_attention,,1,transformer.h.2.self_attention,aten.transpose.int,[],prefill,True
191,self_attention,,view,"[[B, 1, T, d_head]]",,,"[[B, 1, T, d_head]]",[190],2,self_attention,,1,transformer.h.2.self_attention,aten.view.default,[],prefill,True
192,self_attention,,unsqueeze,"[[B, T, d_head]]",,,"[[B, 1, T, d_head]]",[39],2,self_attention,,1,transformer.h.2.self_attention,aten.unsqueeze.default,[],prefill,True
193,self_attention,,unsqueeze,"[[B, T, d_head]]",,,"[[B, 1, T, d_head]]",[40],2,self_attention,,1,transformer.h.2.self_attention,aten.unsqueeze.default,[],prefill,True
194,self_attention,,elementwise_mul,"[[B, n_h, T, d_head], [B, 1, T, d_head]]",,,"[[B, n_h, T, d_head]]","[187, 192]",2,self_attention,,1,transformer.h.2.self_attention,aten.mul.Tensor,[],prefill,False
195,self_attention,,slice,"[[B, n_h, T, d_head]]",,,"[[B, n_h, T, d_head/2]]",[187],2,self_attention,,1,transformer.h.2.self_attention,aten.slice.Tensor,[],prefill,True
196,self_attention,,slice,"[[B, n_h, T, d_head]]",,,"[[B, n_h, T, d_head/2]]",[187],2,self_attention,,1,transformer.h.2.self_attention,aten.slice.Tensor,[],prefill,True
197,self_attention,,neg,"[[B, n_h, T, d_head/2]]",,,"[[B, n_h, T, d_head/2]]",[196],2,self_attention,,1,transformer.h.2.self_attention,aten.neg.default,[],prefill,False
198,self_attention,,concat,"[[B, n_h, T, d_head/2], [B, n_h, T, d_head/2]]",,,"[[B, n_h, T, d_head]]","[195, 197]",2,self_attention,,1,transformer.h.2.self_attention,aten.cat.default,[],prefill,False
199,self_attention,,elementwise_mul,"[[B, n_h, T, d_head], [B, 1, T, d_head]]",,,"[[B, n_h, T, d_head]]","[193, 198]",2,self_attention,,1,transformer.h.2.self_attention,aten.mul.Tensor,[],prefill,False
200,self_attention,,elementwise_add,"[[B, n_h, T, d_head], [B, n_h, T, d_head]]",,,"[[B, n_h, T, d_head]]","[194, 199]",2,self_attention,,1,transformer.h.2.self_attention,aten.add.Tensor,[],prefill,False
201,self_attention,,elementwise_mul,"[[B, 1, T, d_head], [B, 1, T, d_head]]",,,"[[B, 1, T, d_head]]","[189, 192]",2,self_attention,,1,transformer.h.2.self_attention,aten.mul.Tensor,[],prefill,False
202,self_attention,,slice,"[[B, 1, T, d_head]]",,,"[[B, 1, T, d_head/2]]",[189],2,self_attention,,1,transformer.h.2.self_attention,aten.slice.Tensor,[],prefill,True
203,self_attention,,slice,"[[B, 1, T, d_head]]",,,"[[B, 1, T, d_head/2]]",[189],2,self_attention,,1,transformer.h.2.self_attention,aten.slice.Tensor,[],prefill,True
204,self_attention,,neg,"[[B, 1, T, d_head/2]]",,,"[[B, 1, T, d_head/2]]",[203],2,self_attention,,1,transformer.h.2.self_attention,aten.neg.default,[],prefill,False
205,self_attention,,concat,"[[B, 1, T, d_head/2], [B, 1, T, d_head/2]]",,,"[[B, 1, T, d_head]]","[202, 204]",2,self_attention,,1,transformer.h.2.self_attention,aten.cat.default,[],prefill,False
206,self_attention,,elementwise_mul,"[[B, 1, T, d_head], [B, 1, T, d_head]]",,,"[[B, 1, T, d_head]]","[193, 205]",2,self_attention,,1,transformer.h.2.self_attention,aten.mul.Tensor,[],prefill,False
207,self_attention,,elementwise_add,"[[B, 1, T, d_head], [B, 1, T, d_head]]",,,"[[B, 1, T, d_head]]","[201, 206]",2,self_attention,,1,transformer.h.2.self_attention,aten.add.Tensor,[],prefill,False
208,self_attention,,concat,"[[0], [B, 1, T, d_head]]",,,"[[B, 1, T, d_head]]",[207],2,self_attention,,1,transformer.h.2.self_attention,aten.cat.default,[],prefill,False
209,self_attention,,concat,"[[0], [B, 1, T, d_head]]",,,"[[B, 1, T, d_head]]",[191],2,self_attention,,1,transformer.h.2.self_attention,aten.cat.default,[],prefill,False
210,self_attention,,transpose,"[[B, 1, T, d_head]]",,,"[[B, 1, d_head, T]]",[208],2,self_attention,,1,transformer.h.2.self_attention,aten.transpose.int,[],prefill,True
211,self_attention,,expand,"[[B, n_h, T, d_head]]",,,"[[B, n_h, T, d_head]]",[200],2,self_attention,,1,transformer.h.2.self_attention,aten.expand.default,[],prefill,True
212,self_attention,,view,"[[B, n_h, T, d_head]]",,,"[[n_h, T, d_head]]",[211],2,self_attention,,1,transformer.h.2.self_attention,aten.view.default,[],prefill,True
213,self_attention,,expand,"[[B, 1, d_head, T]]",,,"[[B, n_h, d_head, T]]",[210],2,self_attention,,1,transformer.h.2.self_attention,aten.expand.default,[],prefill,True
214,self_attention,,view,"[[B, n_h, d_head, T]]",,,"[[n_h, d_head, T]]",[213],2,self_attention,,1,transformer.h.2.self_attention,aten.view.default,[],prefill,True
215,self_attention,,batched_matmul,"[[n_h, T, d_head], [n_h, d_head, T]]",,,"[[n_h, T, T]]","[212, 214]",2,self_attention,,1,transformer.h.2.self_attention,aten.bmm.default,[],prefill,False
216,self_attention,,_unsafe_view,"[[n_h, T, T]]",,,"[[B, n_h, T, T]]",[215],2,self_attention,,1,transformer.h.2.self_attention,aten._unsafe_view.default,[],prefill,True
217,self_attention,,div_,"[[B, n_h, T, T]]",,,"[[B, n_h, T, T]]",[216],2,self_attention,,1,transformer.h.2.self_attention,aten.div_.Tensor,[],prefill,True
218,self_attention,,elementwise_add,"[[B, n_h, T, T], [B, 1, T, T]]",,,"[[B, n_h, T, T]]","[21, 217]",2,self_attention,,1,transformer.h.2.self_attention,aten.add.Tensor,[],prefill,False
219,self_attention,,softmax,"[[B, n_h, T, T]]",,,"[[B, n_h, T, T]]",[218],2,self_attention,,1,transformer.h.2.self_attention,aten._softmax.default,[],prefill,False
220,self_attention,,expand,"[[B, n_h, T, T]]",,,"[[B, n_h, T, T]]",[219],2,self_attention,,1,transformer.h.2.self_attention,aten.expand.default,[],prefill,True
221,self_attention,,view,"[[B, n_h, T, T]]",,,"[[n_h, T, T]]",[220],2,self_attention,,1,transformer.h.2.self_attention,aten.view.default,[],prefill,True
222,self_attention,,expand,"[[B, 1, T, d_head]]",,,"[[B, n_h, T, d_head]]",[209],2,self_attention,,1,transformer.h.2.self_attention,aten.expand.default,[],prefill,True
223,self_attention,,view,"[[B, n_h, T, d_head]]",,,"[[n_h, T, d_head]]",[222],2,self_attention,,1,transformer.h.2.self_attention,aten.view.default,[],prefill,True
224,self_attention,,batched_matmul,"[[n_h, T, T], [n_h, T, d_head]]",,,"[[n_h, T, d_head]]","[221, 223]",2,self_attention,,1,transformer.h.2.self_attention,aten.bmm.default,[],prefill,False
225,self_attention,,_unsafe_view,"[[n_h, T, d_head]]",,,"[[B, n_h, T, d_head]]",[224],2,self_attention,,1,transformer.h.2.self_attention,aten._unsafe_view.default,[],prefill,True
226,self_attention,,view,"[[B, n_h, T, d_head]]",,,"[[B, n_h, T, d_head]]",[225],2,self_attention,,1,transformer.h.2.self_attention,aten.view.default,[],prefill,True
227,self_attention,,permute,"[[B, n_h, T, d_head]]",,,"[[B, T, n_h, d_head]]",[226],2,self_attention,,1,transformer.h.2.self_attention,aten.permute.default,[],prefill,True
228,self_attention,,clone,"[[B, T, n_h, d_head]]",,,"[[B, T, n_h, d_head]]",[227],2,self_attention,,1,transformer.h.2.self_attention,aten.clone.default,[],prefill,True
229,self_attention,,_unsafe_view,"[[B, T, n_h, d_head]]",,,"[[B, T, n_h*d_head]]",[228],2,self_attention,,1,transformer.h.2.self_attention,aten._unsafe_view.default,[],prefill,True
230,self_attention,dense,permute,"[[d_model, n_h*d_head]]","[d_model, n_h*d_head]",0,"[[n_h*d_head, d_model]]",[],2,self_attention,dense,2,transformer.h.2.self_attention.dense,aten.permute.default,[transformer.h.2.self_attention.dense.weight],prefill,True
231,self_attention,dense,view,"[[B, T, n_h*d_head]]",,,"[[T, n_h*d_head]]",[229],2,self_attention,dense,2,transformer.h.2.self_attention.dense,aten.view.default,[],prefill,True
232,self_attention,dense,matmul,"[[T, n_h*d_head], [n_h*d_head, d_model]]","[d_model, n_h*d_head]",1,"[[T, d_model]]","[230, 231]",2,self_attention,dense,2,transformer.h.2.self_attention.dense,aten.mm.default,[transformer.h.2.self_attention.dense.weight],prefill,False
233,self_attention,dense,_unsafe_view,"[[T, d_model]]",,,"[[B, T, d_model]]",[232],2,self_attention,dense,2,transformer.h.2.self_attention.dense,aten._unsafe_view.default,[],prefill,True
234,mlp,dense_h_to_4h,permute,"[[d_ff, d_model]]","[d_ff, d_model]",0,"[[d_model, d_ff]]",[],2,mlp,dense_h_to_4h,2,transformer.h.2.mlp.dense_h_to_4h,aten.permute.default,[transformer.h.2.mlp.dense_h_to_4h.weight],prefill,True
235,mlp,dense_h_to_4h,view,"[[B, T, d_model]]",,,"[[T, d_model]]",[177],2,mlp,dense_h_to_4h,2,transformer.h.2.mlp.dense_h_to_4h,aten.view.default,[],prefill,True
236,mlp,dense_h_to_4h,matmul,"[[T, d_model], [d_model, d_ff]]","[d_ff, d_model]",1,"[[T, d_ff]]","[234, 235]",2,mlp,dense_h_to_4h,2,transformer.h.2.mlp.dense_h_to_4h,aten.mm.default,[transformer.h.2.mlp.dense_h_to_4h.weight],prefill,False
237,mlp,dense_h_to_4h,_unsafe_view,"[[T, d_ff]]",,,"[[B, T, d_ff]]",[236],2,mlp,dense_h_to_4h,2,transformer.h.2.mlp.dense_h_to_4h,aten._unsafe_view.default,[],prefill,True
238,mlp,act,gelu,"[[B, T, d_ff]]",,,"[[B, T, d_ff]]",[237],2,mlp,act,2,transformer.h.2.mlp.act,aten.gelu.default,[],prefill,False
239,mlp,dense_4h_to_h,permute,"[[d_model, d_ff]]","[d_model, d_ff]",0,"[[d_ff, d_model]]",[],2,mlp,dense_4h_to_h,2,transformer.h.2.mlp.dense_4h_to_h,aten.permute.default,[transformer.h.2.mlp.dense_4h_to_h.weight],prefill,True
240,mlp,dense_4h_to_h,view,"[[B, T, d_ff]]",,,"[[T, d_ff]]",[238],2,mlp,dense_4h_to_h,2,transformer.h.2.mlp.dense_4h_to_h,aten.view.default,[],prefill,True
241,mlp,dense_4h_to_h,matmul,"[[T, d_ff], [d_ff, d_model]]","[d_model, d_ff]",1,"[[T, d_model]]","[239, 240]",2,mlp,dense_4h_to_h,2,transformer.h.2.mlp.dense_4h_to_h,aten.mm.default,[transformer.h.2.mlp.dense_4h_to_h.weight],prefill,False
242,mlp,dense_4h_to_h,_unsafe_view,"[[T, d_model]]",,,"[[B, T, d_model]]",[241],2,mlp,dense_4h_to_h,2,transformer.h.2.mlp.dense_4h_to_h,aten._unsafe_view.default,[],prefill,True
243,,,add_,"[[B, T, d_model], [B, T, d_model]]",,,"[[B, T, d_model]]","[233, 242]",2,,,0,transformer.h.2,aten.add_.Tensor,[],prefill,True
244,,,elementwise_add,"[[B, T, d_model], [B, T, d_model]]",,,"[[B, T, d_model]]","[176, 243]",2,,,0,transformer.h.2,aten.add.Tensor,[],prefill,False
245,input_layernorm,,layernorm,"[[B, T, d_model], [d_model], [d_model]]",,,"[[B, T, d_model], [B, T, 1], [B, T, 1]]",[244],3,input_layernorm,,1,transformer.h.3.input_layernorm,aten.native_layer_norm.default,"[transformer.h.3.input_layernorm.bias, transformer.h.3.input_layernorm.weight]",prefill,False
246,self_attention,query_key_value,permute,"[[(n_h+2*n_kv)*d_head, d_model]]","[(n_h+2*n_kv)*d_head, d_model]",0,"[[d_model, (n_h+2*n_kv)*d_head]]",[],3,self_attention,query_key_value,2,transformer.h.3.self_attention.query_key_value,aten.permute.default,[transformer.h.3.self_attention.query_key_value.weight],prefill,True
247,self_attention,query_key_value,view,"[[B, T, d_model]]",,,"[[T, d_model]]",[245],3,self_attention,query_key_value,2,transformer.h.3.self_attention.query_key_value,aten.view.default,[],prefill,True
248,self_attention,query_key_value,matmul,"[[T, d_model], [d_model, (n_h+2*n_kv)*d_head]]","[(n_h+2*n_kv)*d_head, d_model]",1,"[[T, (n_h+2*n_kv)*d_head]]","[246, 247]",3,self_attention,query_key_value,2,transformer.h.3.self_attention.query_key_value,aten.mm.default,[transformer.h.3.self_attention.query_key_value.weight],prefill,False
249,self_attention,query_key_value,_unsafe_view,"[[T, (n_h+2*n_kv)*d_head]]",,,"[[B, T, (n_h+2*n_kv)*d_head]]",[248],3,self_attention,query_key_value,2,transformer.h.3.self_attention.query_key_value,aten._unsafe_view.default,[],prefill,True
250,self_attention,,view,"[[B, T, (n_h+2*n_kv)*d_head]]",,,"[[B, T, n_h+2*n_kv, d_head]]",[249],3,self_attention,,1,transformer.h.3.self_attention,aten.view.default,[],prefill,True
251,self_attention,,slice,"[[B, T, n_h+2*n_kv, d_head]]",,,"[[B, T, n_h, d_head]]",[250],3,self_attention,,1,transformer.h.3.self_attention,aten.slice.Tensor,[],prefill,True
252,self_attention,,index,"[[B, T, n_h+2*n_kv, d_head], [B]]",,,"[[B, T, 1, d_head]]",[250],3,self_attention,,1,transformer.h.3.self_attention,aten.index.Tensor,[],prefill,True
253,self_attention,,index,"[[B, T, n_h+2*n_kv, d_head], [B]]",,,"[[B, T, 1, d_head]]",[250],3,self_attention,,1,transformer.h.3.self_attention,aten.index.Tensor,[],prefill,True
254,self_attention,,transpose,"[[B, T, n_h, d_head]]",,,"[[B, n_h, T, d_head]]",[251],3,self_attention,,1,transformer.h.3.self_attention,aten.transpose.int,[],prefill,True
255,self_attention,,view,"[[B, n_h, T, d_head]]",,,"[[B, n_h, T, d_head]]",[254],3,self_attention,,1,transformer.h.3.self_attention,aten.view.default,[],prefill,True
256,self_attention,,transpose,"[[B, T, 1, d_head]]",,,"[[B, 1, T, d_head]]",[252],3,self_attention,,1,transformer.h.3.self_attention,aten.transpose.int,[],prefill,True
257,self_attention,,view,"[[B, 1, T, d_head]]",,,"[[B, 1, T, d_head]]",[256],3,self_attention,,1,transformer.h.3.self_attention,aten.view.default,[],prefill,True
258,self_attention,,transpose,"[[B, T, 1, d_head]]",,,"[[B, 1, T, d_head]]",[253],3,self_attention,,1,transformer.h.3.self_attention,aten.transpose.int,[],prefill,True
259,self_attention,,view,"[[B, 1, T, d_head]]",,,"[[B, 1, T, d_head]]",[258],3,self_attention,,1,transformer.h.3.self_attention,aten.view.default,[],prefill,True
260,self_attention,,unsqueeze,"[[B, T, d_head]]",,,"[[B, 1, T, d_head]]",[39],3,self_attention,,1,transformer.h.3.self_attention,aten.unsqueeze.default,[],prefill,True
261,self_attention,,unsqueeze,"[[B, T, d_head]]",,,"[[B, 1, T, d_head]]",[40],3,self_attention,,1,transformer.h.3.self_attention,aten.unsqueeze.default,[],prefill,True
262,self_attention,,elementwise_mul,"[[B, n_h, T, d_head], [B, 1, T, d_head]]",,,"[[B, n_h, T, d_head]]","[255, 260]",3,self_attention,,1,transformer.h.3.self_attention,aten.mul.Tensor,[],prefill,False
263,self_attention,,slice,"[[B, n_h, T, d_head]]",,,"[[B, n_h, T, d_head/2]]",[255],3,self_attention,,1,transformer.h.3.self_attention,aten.slice.Tensor,[],prefill,True
264,self_attention,,slice,"[[B, n_h, T, d_head]]",,,"[[B, n_h, T, d_head/2]]",[255],3,self_attention,,1,transformer.h.3.self_attention,aten.slice.Tensor,[],prefill,True
265,self_attention,,neg,"[[B, n_h, T, d_head/2]]",,,"[[B, n_h, T, d_head/2]]",[264],3,self_attention,,1,transformer.h.3.self_attention,aten.neg.default,[],prefill,False
266,self_attention,,concat,"[[B, n_h, T, d_head/2], [B, n_h, T, d_head/2]]",,,"[[B, n_h, T, d_head]]","[263, 265]",3,self_attention,,1,transformer.h.3.self_attention,aten.cat.default,[],prefill,False
267,self_attention,,elementwise_mul,"[[B, n_h, T, d_head], [B, 1, T, d_head]]",,,"[[B, n_h, T, d_head]]","[261, 266]",3,self_attention,,1,transformer.h.3.self_attention,aten.mul.Tensor,[],prefill,False
268,self_attention,,elementwise_add,"[[B, n_h, T, d_head], [B, n_h, T, d_head]]",,,"[[B, n_h, T, d_head]]","[262, 267]",3,self_attention,,1,transformer.h.3.self_attention,aten.add.Tensor,[],prefill,False
269,self_attention,,elementwise_mul,"[[B, 1, T, d_head], [B, 1, T, d_head]]",,,"[[B, 1, T, d_head]]","[257, 260]",3,self_attention,,1,transformer.h.3.self_attention,aten.mul.Tensor,[],prefill,False
270,self_attention,,slice,"[[B, 1, T, d_head]]",,,"[[B, 1, T, d_head/2]]",[257],3,self_attention,,1,transformer.h.3.self_attention,aten.slice.Tensor,[],prefill,True
271,self_attention,,slice,"[[B, 1, T, d_head]]",,,"[[B, 1, T, d_head/2]]",[257],3,self_attention,,1,transformer.h.3.self_attention,aten.slice.Tensor,[],prefill,True
272,self_attention,,neg,"[[B, 1, T, d_head/2]]",,,"[[B, 1, T, d_head/2]]",[271],3,self_attention,,1,transformer.h.3.self_attention,aten.neg.default,[],prefill,False
273,self_attention,,concat,"[[B, 1, T, d_head/2], [B, 1, T, d_head/2]]",,,"[[B, 1, T, d_head]]","[270, 272]",3,self_attention,,1,transformer.h.3.self_attention,aten.cat.default,[],prefill,False
274,self_attention,,elementwise_mul,"[[B, 1, T, d_head], [B, 1, T, d_head]]",,,"[[B, 1, T, d_head]]","[261, 273]",3,self_attention,,1,transformer.h.3.self_attention,aten.mul.Tensor,[],prefill,False
275,self_attention,,elementwise_add,"[[B, 1, T, d_head], [B, 1, T, d_head]]",,,"[[B, 1, T, d_head]]","[269, 274]",3,self_attention,,1,transformer.h.3.self_attention,aten.add.Tensor,[],prefill,False
276,self_attention,,concat,"[[0], [B, 1, T, d_head]]",,,"[[B, 1, T, d_head]]",[275],3,self_attention,,1,transformer.h.3.self_attention,aten.cat.default,[],prefill,False
277,self_attention,,concat,"[[0], [B, 1, T, d_head]]",,,"[[B, 1, T, d_head]]",[259],3,self_attention,,1,transformer.h.3.self_attention,aten.cat.default,[],prefill,False
278,self_attention,,transpose,"[[B, 1, T, d_head]]",,,"[[B, 1, d_head, T]]",[276],3,self_attention,,1,transformer.h.3.self_attention,aten.transpose.int,[],prefill,True
279,self_attention,,expand,"[[B, n_h, T, d_head]]",,,"[[B, n_h, T, d_head]]",[268],3,self_attention,,1,transformer.h.3.self_attention,aten.expand.default,[],prefill,True
280,self_attention,,view,"[[B, n_h, T, d_head]]",,,"[[n_h, T, d_head]]",[279],3,self_attention,,1,transformer.h.3.self_attention,aten.view.default,[],prefill,True
281,self_attention,,expand,"[[B, 1, d_head, T]]",,,"[[B, n_h, d_head, T]]",[278],3,self_attention,,1,transformer.h.3.self_attention,aten.expand.default,[],prefill,True
282,self_attention,,view,"[[B, n_h, d_head, T]]",,,"[[n_h, d_head, T]]",[281],3,self_attention,,1,transformer.h.3.self_attention,aten.view.default,[],prefill,True
283,self_attention,,batched_matmul,"[[n_h, T, d_head], [n_h, d_head, T]]",,,"[[n_h, T, T]]","[280, 282]",3,self_attention,,1,transformer.h.3.self_attention,aten.bmm.default,[],prefill,False
284,self_attention,,_unsafe_view,"[[n_h, T, T]]",,,"[[B, n_h, T, T]]",[283],3,self_attention,,1,transformer.h.3.self_attention,aten._unsafe_view.default,[],prefill,True
285,self_attention,,div_,"[[B, n_h, T, T]]",,,"[[B, n_h, T, T]]",[284],3,self_attention,,1,transformer.h.3.self_attention,aten.div_.Tensor,[],prefill,True
286,self_attention,,elementwise_add,"[[B, n_h, T, T], [B, 1, T, T]]",,,"[[B, n_h, T, T]]","[21, 285]",3,self_attention,,1,transformer.h.3.self_attention,aten.add.Tensor,[],prefill,False
287,self_attention,,softmax,"[[B, n_h, T, T]]",,,"[[B, n_h, T, T]]",[286],3,self_attention,,1,transformer.h.3.self_attention,aten._softmax.default,[],prefill,False
288,self_attention,,expand,"[[B, n_h, T, T]]",,,"[[B, n_h, T, T]]",[287],3,self_attention,,1,transformer.h.3.self_attention,aten.expand.default,[],prefill,True
289,self_attention,,view,"[[B, n_h, T, T]]",,,"[[n_h, T, T]]",[288],3,self_attention,,1,transformer.h.3.self_attention,aten.view.default,[],prefill,True
290,self_attention,,expand,"[[B, 1, T, d_head]]",,,"[[B, n_h, T, d_head]]",[277],3,self_attention,,1,transformer.h.3.self_attention,aten.expand.default,[],prefill,True
291,self_attention,,view,"[[B, n_h, T, d_head]]",,,"[[n_h, T, d_head]]",[290],3,self_attention,,1,transformer.h.3.self_attention,aten.view.default,[],prefill,True
292,self_attention,,batched_matmul,"[[n_h, T, T], [n_h, T, d_head]]",,,"[[n_h, T, d_head]]","[289, 291]",3,self_attention,,1,transformer.h.3.self_attention,aten.bmm.default,[],prefill,False
293,self_attention,,_unsafe_view,"[[n_h, T, d_head]]",,,"[[B, n_h, T, d_head]]",[292],3,self_attention,,1,transformer.h.3.self_attention,aten._unsafe_view.default,[],prefill,True
294,self_attention,,view,"[[B, n_h, T, d_head]]",,,"[[B, n_h, T, d_head]]",[293],3,self_attention,,1,transformer.h.3.self_attention,aten.view.default,[],prefill,True
295,self_attention,,permute,"[[B, n_h, T, d_head]]",,,"[[B, T, n_h, d_head]]",[294],3,self_attention,,1,transformer.h.3.self_attention,aten.permute.default,[],prefill,True
296,self_attention,,clone,"[[B, T, n_h, d_head]]",,,"[[B, T, n_h, d_head]]",[295],3,self_attention,,1,transformer.h.3.self_attention,aten.clone.default,[],prefill,True
297,self_attention,,_unsafe_view,"[[B, T, n_h, d_head]]",,,"[[B, T, n_h*d_head]]",[296],3,self_attention,,1,transformer.h.3.self_attention,aten._unsafe_view.default,[],prefill,True
298,self_attention,dense,permute,"[[d_model, n_h*d_head]]","[d_model, n_h*d_head]",0,"[[n_h*d_head, d_model]]",[],3,self_attention,dense,2,transformer.h.3.self_attention.dense,aten.permute.default,[transformer.h.3.self_attention.dense.weight],prefill,True
299,self_attention,dense,view,"[[B, T, n_h*d_head]]",,,"[[T, n_h*d_head]]",[297],3,self_attention,dense,2,transformer.h.3.self_attention.dense,aten.view.default,[],prefill,True
300,self_attention,dense,matmul,"[[T, n_h*d_head], [n_h*d_head, d_model]]","[d_model, n_h*d_head]",1,"[[T, d_model]]","[298, 299]",3,self_attention,dense,2,transformer.h.3.self_attention.dense,aten.mm.default,[transformer.h.3.self_attention.dense.weight],prefill,False
301,self_attention,dense,_unsafe_view,"[[T, d_model]]",,,"[[B, T, d_model]]",[300],3,self_attention,dense,2,transformer.h.3.self_attention.dense,aten._unsafe_view.default,[],prefill,True
302,mlp,dense_h_to_4h,permute,"[[d_ff, d_model]]","[d_ff, d_model]",0,"[[d_model, d_ff]]",[],3,mlp,dense_h_to_4h,2,transformer.h.3.mlp.dense_h_to_4h,aten.permute.default,[transformer.h.3.mlp.dense_h_to_4h.weight],prefill,True
303,mlp,dense_h_to_4h,view,"[[B, T, d_model]]",,,"[[T, d_model]]",[245],3,mlp,dense_h_to_4h,2,transformer.h.3.mlp.dense_h_to_4h,aten.view.default,[],prefill,True
304,mlp,dense_h_to_4h,matmul,"[[T, d_model], [d_model, d_ff]]","[d_ff, d_model]",1,"[[T, d_ff]]","[302, 303]",3,mlp,dense_h_to_4h,2,transformer.h.3.mlp.dense_h_to_4h,aten.mm.default,[transformer.h.3.mlp.dense_h_to_4h.weight],prefill,False
305,mlp,dense_h_to_4h,_unsafe_view,"[[T, d_ff]]",,,"[[B, T, d_ff]]",[304],3,mlp,dense_h_to_4h,2,transformer.h.3.mlp.dense_h_to_4h,aten._unsafe_view.default,[],prefill,True
306,mlp,act,gelu,"[[B, T, d_ff]]",,,"[[B, T, d_ff]]",[305],3,mlp,act,2,transformer.h.3.mlp.act,aten.gelu.default,[],prefill,False
307,mlp,dense_4h_to_h,permute,"[[d_model, d_ff]]","[d_model, d_ff]",0,"[[d_ff, d_model]]",[],3,mlp,dense_4h_to_h,2,transformer.h.3.mlp.dense_4h_to_h,aten.permute.default,[transformer.h.3.mlp.dense_4h_to_h.weight],prefill,True
308,mlp,dense_4h_to_h,view,"[[B, T, d_ff]]",,,"[[T, d_ff]]",[306],3,mlp,dense_4h_to_h,2,transformer.h.3.mlp.dense_4h_to_h,aten.view.default,[],prefill,True
309,mlp,dense_4h_to_h,matmul,"[[T, d_ff], [d_ff, d_model]]","[d_model, d_ff]",1,"[[T, d_model]]","[307, 308]",3,mlp,dense_4h_to_h,2,transformer.h.3.mlp.dense_4h_to_h,aten.mm.default,[transformer.h.3.mlp.dense_4h_to_h.weight],prefill,False
310,mlp,dense_4h_to_h,_unsafe_view,"[[T, d_model]]",,,"[[B, T, d_model]]",[309],3,mlp,dense_4h_to_h,2,transformer.h.3.mlp.dense_4h_to_h,aten._unsafe_view.default,[],prefill,True
311,,,add_,"[[B, T, d_model], [B, T, d_model]]",,,"[[B, T, d_model]]","[301, 310]",3,,,0,transformer.h.3,aten.add_.Tensor,[],prefill,True
312,,,elementwise_add,"[[B, T, d_model], [B, T, d_model]]",,,"[[B, T, d_model]]","[244, 311]",3,,,0,transformer.h.3,aten.add.Tensor,[],prefill,False
313,input_layernorm,,layernorm,"[[B, T, d_model], [d_model], [d_model]]",,,"[[B, T, d_model], [B, T, 1], [B, T, 1]]",[312],4,input_layernorm,,1,transformer.h.4.input_layernorm,aten.native_layer_norm.default,"[transformer.h.4.input_layernorm.bias, transformer.h.4.input_layernorm.weight]",prefill,False
314,self_attention,query_key_value,permute,"[[(n_h+2*n_kv)*d_head, d_model]]","[(n_h+2*n_kv)*d_head, d_model]",0,"[[d_model, (n_h+2*n_kv)*d_head]]",[],4,self_attention,query_key_value,2,transformer.h.4.self_attention.query_key_value,aten.permute.default,[transformer.h.4.self_attention.query_key_value.weight],prefill,True
315,self_attention,query_key_value,view,"[[B, T, d_model]]",,,"[[T, d_model]]",[313],4,self_attention,query_key_value,2,transformer.h.4.self_attention.query_key_value,aten.view.default,[],prefill,True
316,self_attention,query_key_value,matmul,"[[T, d_model], [d_model, (n_h+2*n_kv)*d_head]]","[(n_h+2*n_kv)*d_head, d_model]",1,"[[T, (n_h+2*n_kv)*d_head]]","[314, 315]",4,self_attention,query_key_value,2,transformer.h.4.self_attention.query_key_value,aten.mm.default,[transformer.h.4.self_attention.query_key_value.weight],prefill,False
317,self_attention,query_key_value,_unsafe_view,"[[T, (n_h+2*n_kv)*d_head]]",,,"[[B, T, (n_h+2*n_kv)*d_head]]",[316],4,self_attention,query_key_value,2,transformer.h.4.self_attention.query_key_value,aten._unsafe_view.default,[],prefill,True
318,self_attention,,view,"[[B, T, (n_h+2*n_kv)*d_head]]",,,"[[B, T, n_h+2*n_kv, d_head]]",[317],4,self_attention,,1,transformer.h.4.self_attention,aten.view.default,[],prefill,True
319,self_attention,,slice,"[[B, T, n_h+2*n_kv, d_head]]",,,"[[B, T, n_h, d_head]]",[318],4,self_attention,,1,transformer.h.4.self_attention,aten.slice.Tensor,[],prefill,True
320,self_attention,,index,"[[B, T, n_h+2*n_kv, d_head], [B]]",,,"[[B, T, 1, d_head]]",[318],4,self_attention,,1,transformer.h.4.self_attention,aten.index.Tensor,[],prefill,True
321,self_attention,,index,"[[B, T, n_h+2*n_kv, d_head], [B]]",,,"[[B, T, 1, d_head]]",[318],4,self_attention,,1,transformer.h.4.self_attention,aten.index.Tensor,[],prefill,True
322,self_attention,,transpose,"[[B, T, n_h, d_head]]",,,"[[B, n_h, T, d_head]]",[319],4,self_attention,,1,transformer.h.4.self_attention,aten.transpose.int,[],prefill,True
323,self_attention,,view,"[[B, n_h, T, d_head]]",,,"[[B, n_h, T, d_head]]",[322],4,self_attention,,1,transformer.h.4.self_attention,aten.view.default,[],prefill,True
324,self_attention,,transpose,"[[B, T, 1, d_head]]",,,"[[B, 1, T, d_head]]",[320],4,self_attention,,1,transformer.h.4.self_attention,aten.transpose.int,[],prefill,True
325,self_attention,,view,"[[B, 1, T, d_head]]",,,"[[B, 1, T, d_head]]",[324],4,self_attention,,1,transformer.h.4.self_attention,aten.view.default,[],prefill,True
326,self_attention,,transpose,"[[B, T, 1, d_head]]",,,"[[B, 1, T, d_head]]",[321],4,self_attention,,1,transformer.h.4.self_attention,aten.transpose.int,[],prefill,True
327,self_attention,,view,"[[B, 1, T, d_head]]",,,"[[B, 1, T, d_head]]",[326],4,self_attention,,1,transformer.h.4.self_attention,aten.view.default,[],prefill,True
328,self_attention,,unsqueeze,"[[B, T, d_head]]",,,"[[B, 1, T, d_head]]",[39],4,self_attention,,1,transformer.h.4.self_attention,aten.unsqueeze.default,[],prefill,True
329,self_attention,,unsqueeze,"[[B, T, d_head]]",,,"[[B, 1, T, d_head]]",[40],4,self_attention,,1,transformer.h.4.self_attention,aten.unsqueeze.default,[],prefill,True
330,self_attention,,elementwise_mul,"[[B, n_h, T, d_head], [B, 1, T, d_head]]",,,"[[B, n_h, T, d_head]]","[323, 328]",4,self_attention,,1,transformer.h.4.self_attention,aten.mul.Tensor,[],prefill,False
331,self_attention,,slice,"[[B, n_h, T, d_head]]",,,"[[B, n_h, T, d_head/2]]",[323],4,self_attention,,1,transformer.h.4.self_attention,aten.slice.Tensor,[],prefill,True
332,self_attention,,slice,"[[B, n_h, T, d_head]]",,,"[[B, n_h, T, d_head/2]]",[323],4,self_attention,,1,transformer.h.4.self_attention,aten.slice.Tensor,[],prefill,True
333,self_attention,,neg,"[[B, n_h, T, d_head/2]]",,,"[[B, n_h, T, d_head/2]]",[332],4,self_attention,,1,transformer.h.4.self_attention,aten.neg.default,[],prefill,False
334,self_attention,,concat,"[[B, n_h, T, d_head/2], [B, n_h, T, d_head/2]]",,,"[[B, n_h, T, d_head]]","[331, 333]",4,self_attention,,1,transformer.h.4.self_attention,aten.cat.default,[],prefill,False
335,self_attention,,elementwise_mul,"[[B, n_h, T, d_head], [B, 1, T, d_head]]",,,"[[B, n_h, T, d_head]]","[329, 334]",4,self_attention,,1,transformer.h.4.self_attention,aten.mul.Tensor,[],prefill,False
336,self_attention,,elementwise_add,"[[B, n_h, T, d_head], [B, n_h, T, d_head]]",,,"[[B, n_h, T, d_head]]","[330, 335]",4,self_attention,,1,transformer.h.4.self_attention,aten.add.Tensor,[],prefill,False
337,self_attention,,elementwise_mul,"[[B, 1, T, d_head], [B, 1, T, d_head]]",,,"[[B, 1, T, d_head]]","[325, 328]",4,self_attention,,1,transformer.h.4.self_attention,aten.mul.Tensor,[],prefill,False
338,self_attention,,slice,"[[B, 1, T, d_head]]",,,"[[B, 1, T, d_head/2]]",[325],4,self_attention,,1,transformer.h.4.self_attention,aten.slice.Tensor,[],prefill,True
339,self_attention,,slice,"[[B, 1, T, d_head]]",,,"[[B, 1, T, d_head/2]]",[325],4,self_attention,,1,transformer.h.4.self_attention,aten.slice.Tensor,[],prefill,True
340,self_attention,,neg,"[[B, 1, T, d_head/2]]",,,"[[B, 1, T, d_head/2]]",[339],4,self_attention,,1,transformer.h.4.self_attention,aten.neg.default,[],prefill,False
341,self_attention,,concat,"[[B, 1, T, d_head/2], [B, 1, T, d_head/2]]",,,"[[B, 1, T, d_head]]","[338, 340]",4,self_attention,,1,transformer.h.4.self_attention,aten.cat.default,[],prefill,False
342,self_attention,,elementwise_mul,"[[B, 1, T, d_head], [B, 1, T, d_head]]",,,"[[B, 1, T, d_head]]","[329, 341]",4,self_attention,,1,transformer.h.4.self_attention,aten.mul.Tensor,[],prefill,False
343,self_attention,,elementwise_add,"[[B, 1, T, d_head], [B, 1, T, d_head]]",,,"[[B, 1, T, d_head]]","[337, 342]",4,self_attention,,1,transformer.h.4.self_attention,aten.add.Tensor,[],prefill,False
344,self_attention,,concat,"[[0], [B, 1, T, d_head]]",,,"[[B, 1, T, d_head]]",[343],4,self_attention,,1,transformer.h.4.self_attention,aten.cat.default,[],prefill,False
345,self_attention,,concat,"[[0], [B, 1, T, d_head]]",,,"[[B, 1, T, d_head]]",[327],4,self_attention,,1,transformer.h.4.self_attention,aten.cat.default,[],prefill,False
346,self_attention,,transpose,"[[B, 1, T, d_head]]",,,"[[B, 1, d_head, T]]",[344],4,self_attention,,1,transformer.h.4.self_attention,aten.transpose.int,[],prefill,True
347,self_attention,,expand,"[[B, n_h, T, d_head]]",,,"[[B, n_h, T, d_head]]",[336],4,self_attention,,1,transformer.h.4.self_attention,aten.expand.default,[],prefill,True
348,self_attention,,view,"[[B, n_h, T, d_head]]",,,"[[n_h, T, d_head]]",[347],4,self_attention,,1,transformer.h.4.self_attention,aten.view.default,[],prefill,True
349,self_attention,,expand,"[[B, 1, d_head, T]]",,,"[[B, n_h, d_head, T]]",[346],4,self_attention,,1,transformer.h.4.self_attention,aten.expand.default,[],prefill,True
350,self_attention,,view,"[[B, n_h, d_head, T]]",,,"[[n_h, d_head, T]]",[349],4,self_attention,,1,transformer.h.4.self_attention,aten.view.default,[],prefill,True
351,self_attention,,batched_matmul,"[[n_h, T, d_head], [n_h, d_head, T]]",,,"[[n_h, T, T]]","[348, 350]",4,self_attention,,1,transformer.h.4.self_attention,aten.bmm.default,[],prefill,False
352,self_attention,,_unsafe_view,"[[n_h, T, T]]",,,"[[B, n_h, T, T]]",[351],4,self_attention,,1,transformer.h.4.self_attention,aten._unsafe_view.default,[],prefill,True
353,self_attention,,div_,"[[B, n_h, T, T]]",,,"[[B, n_h, T, T]]",[352],4,self_attention,,1,transformer.h.4.self_attention,aten.div_.Tensor,[],prefill,True
354,self_attention,,elementwise_add,"[[B, n_h, T, T], [B, 1, T, T]]",,,"[[B, n_h, T, T]]","[21, 353]",4,self_attention,,1,transformer.h.4.self_attention,aten.add.Tensor,[],prefill,False
355,self_attention,,softmax,"[[B, n_h, T, T]]",,,"[[B, n_h, T, T]]",[354],4,self_attention,,1,transformer.h.4.self_attention,aten._softmax.default,[],prefill,False
356,self_attention,,expand,"[[B, n_h, T, T]]",,,"[[B, n_h, T, T]]",[355],4,self_attention,,1,transformer.h.4.self_attention,aten.expand.default,[],prefill,True
357,self_attention,,view,"[[B, n_h, T, T]]",,,"[[n_h, T, T]]",[356],4,self_attention,,1,transformer.h.4.self_attention,aten.view.default,[],prefill,True
358,self_attention,,expand,"[[B, 1, T, d_head]]",,,"[[B, n_h, T, d_head]]",[345],4,self_attention,,1,transformer.h.4.self_attention,aten.expand.default,[],prefill,True
359,self_attention,,view,"[[B, n_h, T, d_head]]",,,"[[n_h, T, d_head]]",[358],4,self_attention,,1,transformer.h.4.self_attention,aten.view.default,[],prefill,True
360,self_attention,,batched_matmul,"[[n_h, T, T], [n_h, T, d_head]]",,,"[[n_h, T, d_head]]","[357, 359]",4,self_attention,,1,transformer.h.4.self_attention,aten.bmm.default,[],prefill,False
361,self_attention,,_unsafe_view,"[[n_h, T, d_head]]",,,"[[B, n_h, T, d_head]]",[360],4,self_attention,,1,transformer.h.4.self_attention,aten._unsafe_view.default,[],prefill,True
362,self_attention,,view,"[[B, n_h, T, d_head]]",,,"[[B, n_h, T, d_head]]",[361],4,self_attention,,1,transformer.h.4.self_attention,aten.view.default,[],prefill,True
363,self_attention,,permute,"[[B, n_h, T, d_head]]",,,"[[B, T, n_h, d_head]]",[362],4,self_attention,,1,transformer.h.4.self_attention,aten.permute.default,[],prefill,True
364,self_attention,,clone,"[[B, T, n_h, d_head]]",,,"[[B, T, n_h, d_head]]",[363],4,self_attention,,1,transformer.h.4.self_attention,aten.clone.default,[],prefill,True
365,self_attention,,_unsafe_view,"[[B, T, n_h, d_head]]",,,"[[B, T, n_h*d_head]]",[364],4,self_attention,,1,transformer.h.4.self_attention,aten._unsafe_view.default,[],prefill,True
366,self_attention,dense,permute,"[[d_model, n_h*d_head]]","[d_model, n_h*d_head]",0,"[[n_h*d_head, d_model]]",[],4,self_attention,dense,2,transformer.h.4.self_attention.dense,aten.permute.default,[transformer.h.4.self_attention.dense.weight],prefill,True
367,self_attention,dense,view,"[[B, T, n_h*d_head]]",,,"[[T, n_h*d_head]]",[365],4,self_attention,dense,2,transformer.h.4.self_attention.dense,aten.view.default,[],prefill,True
368,self_attention,dense,matmul,"[[T, n_h*d_head], [n_h*d_head, d_model]]","[d_model, n_h*d_head]",1,"[[T, d_model]]","[366, 367]",4,self_attention,dense,2,transformer.h.4.self_attention.dense,aten.mm.default,[transformer.h.4.self_attention.dense.weight],prefill,False
369,self_attention,dense,_unsafe_view,"[[T, d_model]]",,,"[[B, T, d_model]]",[368],4,self_attention,dense,2,transformer.h.4.self_attention.dense,aten._unsafe_view.default,[],prefill,True
370,mlp,dense_h_to_4h,permute,"[[d_ff, d_model]]","[d_ff, d_model]",0,"[[d_model, d_ff]]",[],4,mlp,dense_h_to_4h,2,transformer.h.4.mlp.dense_h_to_4h,aten.permute.default,[transformer.h.4.mlp.dense_h_to_4h.weight],prefill,True
371,mlp,dense_h_to_4h,view,"[[B, T, d_model]]",,,"[[T, d_model]]",[313],4,mlp,dense_h_to_4h,2,transformer.h.4.mlp.dense_h_to_4h,aten.view.default,[],prefill,True
372,mlp,dense_h_to_4h,matmul,"[[T, d_model], [d_model, d_ff]]","[d_ff, d_model]",1,"[[T, d_ff]]","[370, 371]",4,mlp,dense_h_to_4h,2,transformer.h.4.mlp.dense_h_to_4h,aten.mm.default,[transformer.h.4.mlp.dense_h_to_4h.weight],prefill,False
373,mlp,dense_h_to_4h,_unsafe_view,"[[T, d_ff]]",,,"[[B, T, d_ff]]",[372],4,mlp,dense_h_to_4h,2,transformer.h.4.mlp.dense_h_to_4h,aten._unsafe_view.default,[],prefill,True
374,mlp,act,gelu,"[[B, T, d_ff]]",,,"[[B, T, d_ff]]",[373],4,mlp,act,2,transformer.h.4.mlp.act,aten.gelu.default,[],prefill,False
375,mlp,dense_4h_to_h,permute,"[[d_model, d_ff]]","[d_model, d_ff]",0,"[[d_ff, d_model]]",[],4,mlp,dense_4h_to_h,2,transformer.h.4.mlp.dense_4h_to_h,aten.permute.default,[transformer.h.4.mlp.dense_4h_to_h.weight],prefill,True
376,mlp,dense_4h_to_h,view,"[[B, T, d_ff]]",,,"[[T, d_ff]]",[374],4,mlp,dense_4h_to_h,2,transformer.h.4.mlp.dense_4h_to_h,aten.view.default,[],prefill,True
377,mlp,dense_4h_to_h,matmul,"[[T, d_ff], [d_ff, d_model]]","[d_model, d_ff]",1,"[[T, d_model]]","[375, 376]",4,mlp,dense_4h_to_h,2,transformer.h.4.mlp.dense_4h_to_h,aten.mm.default,[transformer.h.4.mlp.dense_4h_to_h.weight],prefill,False
378,mlp,dense_4h_to_h,_unsafe_view,"[[T, d_model]]",,,"[[B, T, d_model]]",[377],4,mlp,dense_4h_to_h,2,transformer.h.4.mlp.dense_4h_to_h,aten._unsafe_view.default,[],prefill,True
379,,,add_,"[[B, T, d_model], [B, T, d_model]]",,,"[[B, T, d_model]]","[369, 378]",4,,,0,transformer.h.4,aten.add_.Tensor,[],prefill,True
380,,,elementwise_add,"[[B, T, d_model], [B, T, d_model]]",,,"[[B, T, d_model]]","[312, 379]",4,,,0,transformer.h.4,aten.add.Tensor,[],prefill,False
381,input_layernorm,,layernorm,"[[B, T, d_model], [d_model], [d_model]]",,,"[[B, T, d_model], [B, T, 1], [B, T, 1]]",[380],5,input_layernorm,,1,transformer.h.5.input_layernorm,aten.native_layer_norm.default,"[transformer.h.5.input_layernorm.bias, transformer.h.5.input_layernorm.weight]",prefill,False
382,self_attention,query_key_value,permute,"[[(n_h+2*n_kv)*d_head, d_model]]","[(n_h+2*n_kv)*d_head, d_model]",0,"[[d_model, (n_h+2*n_kv)*d_head]]",[],5,self_attention,query_key_value,2,transformer.h.5.self_attention.query_key_value,aten.permute.default,[transformer.h.5.self_attention.query_key_value.weight],prefill,True
383,self_attention,query_key_value,view,"[[B, T, d_model]]",,,"[[T, d_model]]",[381],5,self_attention,query_key_value,2,transformer.h.5.self_attention.query_key_value,aten.view.default,[],prefill,True
384,self_attention,query_key_value,matmul,"[[T, d_model], [d_model, (n_h+2*n_kv)*d_head]]","[(n_h+2*n_kv)*d_head, d_model]",1,"[[T, (n_h+2*n_kv)*d_head]]","[382, 383]",5,self_attention,query_key_value,2,transformer.h.5.self_attention.query_key_value,aten.mm.default,[transformer.h.5.self_attention.query_key_value.weight],prefill,False
385,self_attention,query_key_value,_unsafe_view,"[[T, (n_h+2*n_kv)*d_head]]",,,"[[B, T, (n_h+2*n_kv)*d_head]]",[384],5,self_attention,query_key_value,2,transformer.h.5.self_attention.query_key_value,aten._unsafe_view.default,[],prefill,True
386,self_attention,,view,"[[B, T, (n_h+2*n_kv)*d_head]]",,,"[[B, T, n_h+2*n_kv, d_head]]",[385],5,self_attention,,1,transformer.h.5.self_attention,aten.view.default,[],prefill,True
387,self_attention,,slice,"[[B, T, n_h+2*n_kv, d_head]]",,,"[[B, T, n_h, d_head]]",[386],5,self_attention,,1,transformer.h.5.self_attention,aten.slice.Tensor,[],prefill,True
388,self_attention,,index,"[[B, T, n_h+2*n_kv, d_head], [B]]",,,"[[B, T, 1, d_head]]",[386],5,self_attention,,1,transformer.h.5.self_attention,aten.index.Tensor,[],prefill,True
389,self_attention,,index,"[[B, T, n_h+2*n_kv, d_head], [B]]",,,"[[B, T, 1, d_head]]",[386],5,self_attention,,1,transformer.h.5.self_attention,aten.index.Tensor,[],prefill,True
390,self_attention,,transpose,"[[B, T, n_h, d_head]]",,,"[[B, n_h, T, d_head]]",[387],5,self_attention,,1,transformer.h.5.self_attention,aten.transpose.int,[],prefill,True
391,self_attention,,view,"[[B, n_h, T, d_head]]",,,"[[B, n_h, T, d_head]]",[390],5,self_attention,,1,transformer.h.5.self_attention,aten.view.default,[],prefill,True
392,self_attention,,transpose,"[[B, T, 1, d_head]]",,,"[[B, 1, T, d_head]]",[388],5,self_attention,,1,transformer.h.5.self_attention,aten.transpose.int,[],prefill,True
393,self_attention,,view,"[[B, 1, T, d_head]]",,,"[[B, 1, T, d_head]]",[392],5,self_attention,,1,transformer.h.5.self_attention,aten.view.default,[],prefill,True
394,self_attention,,transpose,"[[B, T, 1, d_head]]",,,"[[B, 1, T, d_head]]",[389],5,self_attention,,1,transformer.h.5.self_attention,aten.transpose.int,[],prefill,True
395,self_attention,,view,"[[B, 1, T, d_head]]",,,"[[B, 1, T, d_head]]",[394],5,self_attention,,1,transformer.h.5.self_attention,aten.view.default,[],prefill,True
396,self_attention,,unsqueeze,"[[B, T, d_head]]",,,"[[B, 1, T, d_head]]",[39],5,self_attention,,1,transformer.h.5.self_attention,aten.unsqueeze.default,[],prefill,True
397,self_attention,,unsqueeze,"[[B, T, d_head]]",,,"[[B, 1, T, d_head]]",[40],5,self_attention,,1,transformer.h.5.self_attention,aten.unsqueeze.default,[],prefill,True
398,self_attention,,elementwise_mul,"[[B, n_h, T, d_head], [B, 1, T, d_head]]",,,"[[B, n_h, T, d_head]]","[391, 396]",5,self_attention,,1,transformer.h.5.self_attention,aten.mul.Tensor,[],prefill,False
399,self_attention,,slice,"[[B, n_h, T, d_head]]",,,"[[B, n_h, T, d_head/2]]",[391],5,self_attention,,1,transformer.h.5.self_attention,aten.slice.Tensor,[],prefill,True
400,self_attention,,slice,"[[B, n_h, T, d_head]]",,,"[[B, n_h, T, d_head/2]]",[391],5,self_attention,,1,transformer.h.5.self_attention,aten.slice.Tensor,[],prefill,True
401,self_attention,,neg,"[[B, n_h, T, d_head/2]]",,,"[[B, n_h, T, d_head/2]]",[400],5,self_attention,,1,transformer.h.5.self_attention,aten.neg.default,[],prefill,False
402,self_attention,,concat,"[[B, n_h, T, d_head/2], [B, n_h, T, d_head/2]]",,,"[[B, n_h, T, d_head]]","[399, 401]",5,self_attention,,1,transformer.h.5.self_attention,aten.cat.default,[],prefill,False
403,self_attention,,elementwise_mul,"[[B, n_h, T, d_head], [B, 1, T, d_head]]",,,"[[B, n_h, T, d_head]]","[397, 402]",5,self_attention,,1,transformer.h.5.self_attention,aten.mul.Tensor,[],prefill,False
404,self_attention,,elementwise_add,"[[B, n_h, T, d_head], [B, n_h, T, d_head]]",,,"[[B, n_h, T, d_head]]","[398, 403]",5,self_attention,,1,transformer.h.5.self_attention,aten.add.Tensor,[],prefill,False
405,self_attention,,elementwise_mul,"[[B, 1, T, d_head], [B, 1, T, d_head]]",,,"[[B, 1, T, d_head]]","[393, 396]",5,self_attention,,1,transformer.h.5.self_attention,aten.mul.Tensor,[],prefill,False
406,self_attention,,slice,"[[B, 1, T, d_head]]",,,"[[B, 1, T, d_head/2]]",[393],5,self_attention,,1,transformer.h.5.self_attention,aten.slice.Tensor,[],prefill,True
407,self_attention,,slice,"[[B, 1, T, d_head]]",,,"[[B, 1, T, d_head/2]]",[393],5,self_attention,,1,transformer.h.5.self_attention,aten.slice.Tensor,[],prefill,True
408,self_attention,,neg,"[[B, 1, T, d_head/2]]",,,"[[B, 1, T, d_head/2]]",[407],5,self_attention,,1,transformer.h.5.self_attention,aten.neg.default,[],prefill,False
409,self_attention,,concat,"[[B, 1, T, d_head/2], [B, 1, T, d_head/2]]",,,"[[B, 1, T, d_head]]","[406, 408]",5,self_attention,,1,transformer.h.5.self_attention,aten.cat.default,[],prefill,False
410,self_attention,,elementwise_mul,"[[B, 1, T, d_head], [B, 1, T, d_head]]",,,"[[B, 1, T, d_head]]","[397, 409]",5,self_attention,,1,transformer.h.5.self_attention,aten.mul.Tensor,[],prefill,False
411,self_attention,,elementwise_add,"[[B, 1, T, d_head], [B, 1, T, d_head]]",,,"[[B, 1, T, d_head]]","[405, 410]",5,self_attention,,1,transformer.h.5.self_attention,aten.add.Tensor,[],prefill,False
412,self_attention,,concat,"[[0], [B, 1, T, d_head]]",,,"[[B, 1, T, d_head]]",[411],5,self_attention,,1,transformer.h.5.self_attention,aten.cat.default,[],prefill,False
413,self_attention,,concat,"[[0], [B, 1, T, d_head]]",,,"[[B, 1, T, d_head]]",[395],5,self_attention,,1,transformer.h.5.self_attention,aten.cat.default,[],prefill,False
414,self_attention,,transpose,"[[B, 1, T, d_head]]",,,"[[B, 1, d_head, T]]",[412],5,self_attention,,1,transformer.h.5.self_attention,aten.transpose.int,[],prefill,True
415,self_attention,,expand,"[[B, n_h, T, d_head]]",,,"[[B, n_h, T, d_head]]",[404],5,self_attention,,1,transformer.h.5.self_attention,aten.expand.default,[],prefill,True
416,self_attention,,view,"[[B, n_h, T, d_head]]",,,"[[n_h, T, d_head]]",[415],5,self_attention,,1,transformer.h.5.self_attention,aten.view.default,[],prefill,True
417,self_attention,,expand,"[[B, 1, d_head, T]]",,,"[[B, n_h, d_head, T]]",[414],5,self_attention,,1,transformer.h.5.self_attention,aten.expand.default,[],prefill,True
418,self_attention,,view,"[[B, n_h, d_head, T]]",,,"[[n_h, d_head, T]]",[417],5,self_attention,,1,transformer.h.5.self_attention,aten.view.default,[],prefill,True
419,self_attention,,batched_matmul,"[[n_h, T, d_head], [n_h, d_head, T]]",,,"[[n_h, T, T]]","[416, 418]",5,self_attention,,1,transformer.h.5.self_attention,aten.bmm.default,[],prefill,False
420,self_attention,,_unsafe_view,"[[n_h, T, T]]",,,"[[B, n_h, T, T]]",[419],5,self_attention,,1,transformer.h.5.self_attention,aten._unsafe_view.default,[],prefill,True
421,self_attention,,div_,"[[B, n_h, T, T]]",,,"[[B, n_h, T, T]]",[420],5,self_attention,,1,transformer.h.5.self_attention,aten.div_.Tensor,[],prefill,True
422,self_attention,,elementwise_add,"[[B, n_h, T, T], [B, 1, T, T]]",,,"[[B, n_h, T, T]]","[21, 421]",5,self_attention,,1,transformer.h.5.self_attention,aten.add.Tensor,[],prefill,False
423,self_attention,,softmax,"[[B, n_h, T, T]]",,,"[[B, n_h, T, T]]",[422],5,self_attention,,1,transformer.h.5.self_attention,aten._softmax.default,[],prefill,False
424,self_attention,,expand,"[[B, n_h, T, T]]",,,"[[B, n_h, T, T]]",[423],5,self_attention,,1,transformer.h.5.self_attention,aten.expand.default,[],prefill,True
425,self_attention,,view,"[[B, n_h, T, T]]",,,"[[n_h, T, T]]",[424],5,self_attention,,1,transformer.h.5.self_attention,aten.view.default,[],prefill,True
426,self_attention,,expand,"[[B, 1, T, d_head]]",,,"[[B, n_h, T, d_head]]",[413],5,self_attention,,1,transformer.h.5.self_attention,aten.expand.default,[],prefill,True
427,self_attention,,view,"[[B, n_h, T, d_head]]",,,"[[n_h, T, d_head]]",[426],5,self_attention,,1,transformer.h.5.self_attention,aten.view.default,[],prefill,True
428,self_attention,,batched_matmul,"[[n_h, T, T], [n_h, T, d_head]]",,,"[[n_h, T, d_head]]","[425, 427]",5,self_attention,,1,transformer.h.5.self_attention,aten.bmm.default,[],prefill,False
429,self_attention,,_unsafe_view,"[[n_h, T, d_head]]",,,"[[B, n_h, T, d_head]]",[428],5,self_attention,,1,transformer.h.5.self_attention,aten._unsafe_view.default,[],prefill,True
430,self_attention,,view,"[[B, n_h, T, d_head]]",,,"[[B, n_h, T, d_head]]",[429],5,self_attention,,1,transformer.h.5.self_attention,aten.view.default,[],prefill,True
431,self_attention,,permute,"[[B, n_h, T, d_head]]",,,"[[B, T, n_h, d_head]]",[430],5,self_attention,,1,transformer.h.5.self_attention,aten.permute.default,[],prefill,True
432,self_attention,,clone,"[[B, T, n_h, d_head]]",,,"[[B, T, n_h, d_head]]",[431],5,self_attention,,1,transformer.h.5.self_attention,aten.clone.default,[],prefill,True
433,self_attention,,_unsafe_view,"[[B, T, n_h, d_head]]",,,"[[B, T, n_h*d_head]]",[432],5,self_attention,,1,transformer.h.5.self_attention,aten._unsafe_view.default,[],prefill,True
434,self_attention,dense,permute,"[[d_model, n_h*d_head]]","[d_model, n_h*d_head]",0,"[[n_h*d_head, d_model]]",[],5,self_attention,dense,2,transformer.h.5.self_attention.dense,aten.permute.default,[transformer.h.5.self_attention.dense.weight],prefill,True
435,self_attention,dense,view,"[[B, T, n_h*d_head]]",,,"[[T, n_h*d_head]]",[433],5,self_attention,dense,2,transformer.h.5.self_attention.dense,aten.view.default,[],prefill,True
436,self_attention,dense,matmul,"[[T, n_h*d_head], [n_h*d_head, d_model]]","[d_model, n_h*d_head]",1,"[[T, d_model]]","[434, 435]",5,self_attention,dense,2,transformer.h.5.self_attention.dense,aten.mm.default,[transformer.h.5.self_attention.dense.weight],prefill,False
437,self_attention,dense,_unsafe_view,"[[T, d_model]]",,,"[[B, T, d_model]]",[436],5,self_attention,dense,2,transformer.h.5.self_attention.dense,aten._unsafe_view.default,[],prefill,True
438,mlp,dense_h_to_4h,permute,"[[d_ff, d_model]]","[d_ff, d_model]",0,"[[d_model, d_ff]]",[],5,mlp,dense_h_to_4h,2,transformer.h.5.mlp.dense_h_to_4h,aten.permute.default,[transformer.h.5.mlp.dense_h_to_4h.weight],prefill,True
439,mlp,dense_h_to_4h,view,"[[B, T, d_model]]",,,"[[T, d_model]]",[381],5,mlp,dense_h_to_4h,2,transformer.h.5.mlp.dense_h_to_4h,aten.view.default,[],prefill,True
440,mlp,dense_h_to_4h,matmul,"[[T, d_model], [d_model, d_ff]]","[d_ff, d_model]",1,"[[T, d_ff]]","[438, 439]",5,mlp,dense_h_to_4h,2,transformer.h.5.mlp.dense_h_to_4h,aten.mm.default,[transformer.h.5.mlp.dense_h_to_4h.weight],prefill,False
441,mlp,dense_h_to_4h,_unsafe_view,"[[T, d_ff]]",,,"[[B, T, d_ff]]",[440],5,mlp,dense_h_to_4h,2,transformer.h.5.mlp.dense_h_to_4h,aten._unsafe_view.default,[],prefill,True
442,mlp,act,gelu,"[[B, T, d_ff]]",,,"[[B, T, d_ff]]",[441],5,mlp,act,2,transformer.h.5.mlp.act,aten.gelu.default,[],prefill,False
443,mlp,dense_4h_to_h,permute,"[[d_model, d_ff]]","[d_model, d_ff]",0,"[[d_ff, d_model]]",[],5,mlp,dense_4h_to_h,2,transformer.h.5.mlp.dense_4h_to_h,aten.permute.default,[transformer.h.5.mlp.dense_4h_to_h.weight],prefill,True
444,mlp,dense_4h_to_h,view,"[[B, T, d_ff]]",,,"[[T, d_ff]]",[442],5,mlp,dense_4h_to_h,2,transformer.h.5.mlp.dense_4h_to_h,aten.view.default,[],prefill,True
445,mlp,dense_4h_to_h,matmul,"[[T, d_ff], [d_ff, d_model]]","[d_model, d_ff]",1,"[[T, d_model]]","[443, 444]",5,mlp,dense_4h_to_h,2,transformer.h.5.mlp.dense_4h_to_h,aten.mm.default,[transformer.h.5.mlp.dense_4h_to_h.weight],prefill,False
446,mlp,dense_4h_to_h,_unsafe_view,"[[T, d_model]]",,,"[[B, T, d_model]]",[445],5,mlp,dense_4h_to_h,2,transformer.h.5.mlp.dense_4h_to_h,aten._unsafe_view.default,[],prefill,True
447,,,add_,"[[B, T, d_model], [B, T, d_model]]",,,"[[B, T, d_model]]","[437, 446]",5,,,0,transformer.h.5,aten.add_.Tensor,[],prefill,True
448,,,elementwise_add,"[[B, T, d_model], [B, T, d_model]]",,,"[[B, T, d_model]]","[380, 447]",5,,,0,transformer.h.5,aten.add.Tensor,[],prefill,False
449,input_layernorm,,layernorm,"[[B, T, d_model], [d_model], [d_model]]",,,"[[B, T, d_model], [B, T, 1], [B, T, 1]]",[448],6,input_layernorm,,1,transformer.h.6.input_layernorm,aten.native_layer_norm.default,"[transformer.h.6.input_layernorm.bias, transformer.h.6.input_layernorm.weight]",prefill,False
450,self_attention,query_key_value,permute,"[[(n_h+2*n_kv)*d_head, d_model]]","[(n_h+2*n_kv)*d_head, d_model]",0,"[[d_model, (n_h+2*n_kv)*d_head]]",[],6,self_attention,query_key_value,2,transformer.h.6.self_attention.query_key_value,aten.permute.default,[transformer.h.6.self_attention.query_key_value.weight],prefill,True
451,self_attention,query_key_value,view,"[[B, T, d_model]]",,,"[[T, d_model]]",[449],6,self_attention,query_key_value,2,transformer.h.6.self_attention.query_key_value,aten.view.default,[],prefill,True
452,self_attention,query_key_value,matmul,"[[T, d_model], [d_model, (n_h+2*n_kv)*d_head]]","[(n_h+2*n_kv)*d_head, d_model]",1,"[[T, (n_h+2*n_kv)*d_head]]","[450, 451]",6,self_attention,query_key_value,2,transformer.h.6.self_attention.query_key_value,aten.mm.default,[transformer.h.6.self_attention.query_key_value.weight],prefill,False
453,self_attention,query_key_value,_unsafe_view,"[[T, (n_h+2*n_kv)*d_head]]",,,"[[B, T, (n_h+2*n_kv)*d_head]]",[452],6,self_attention,query_key_value,2,transformer.h.6.self_attention.query_key_value,aten._unsafe_view.default,[],prefill,True
454,self_attention,,view,"[[B, T, (n_h+2*n_kv)*d_head]]",,,"[[B, T, n_h+2*n_kv, d_head]]",[453],6,self_attention,,1,transformer.h.6.self_attention,aten.view.default,[],prefill,True
455,self_attention,,slice,"[[B, T, n_h+2*n_kv, d_head]]",,,"[[B, T, n_h, d_head]]",[454],6,self_attention,,1,transformer.h.6.self_attention,aten.slice.Tensor,[],prefill,True
456,self_attention,,index,"[[B, T, n_h+2*n_kv, d_head], [B]]",,,"[[B, T, 1, d_head]]",[454],6,self_attention,,1,transformer.h.6.self_attention,aten.index.Tensor,[],prefill,True
457,self_attention,,index,"[[B, T, n_h+2*n_kv, d_head], [B]]",,,"[[B, T, 1, d_head]]",[454],6,self_attention,,1,transformer.h.6.self_attention,aten.index.Tensor,[],prefill,True
458,self_attention,,transpose,"[[B, T, n_h, d_head]]",,,"[[B, n_h, T, d_head]]",[455],6,self_attention,,1,transformer.h.6.self_attention,aten.transpose.int,[],prefill,True
459,self_attention,,view,"[[B, n_h, T, d_head]]",,,"[[B, n_h, T, d_head]]",[458],6,self_attention,,1,transformer.h.6.self_attention,aten.view.default,[],prefill,True
460,self_attention,,transpose,"[[B, T, 1, d_head]]",,,"[[B, 1, T, d_head]]",[456],6,self_attention,,1,transformer.h.6.self_attention,aten.transpose.int,[],prefill,True
461,self_attention,,view,"[[B, 1, T, d_head]]",,,"[[B, 1, T, d_head]]",[460],6,self_attention,,1,transformer.h.6.self_attention,aten.view.default,[],prefill,True
462,self_attention,,transpose,"[[B, T, 1, d_head]]",,,"[[B, 1, T, d_head]]",[457],6,self_attention,,1,transformer.h.6.self_attention,aten.transpose.int,[],prefill,True
463,self_attention,,view,"[[B, 1, T, d_head]]",,,"[[B, 1, T, d_head]]",[462],6,self_attention,,1,transformer.h.6.self_attention,aten.view.default,[],prefill,True
464,self_attention,,unsqueeze,"[[B, T, d_head]]",,,"[[B, 1, T, d_head]]",[39],6,self_attention,,1,transformer.h.6.self_attention,aten.unsqueeze.default,[],prefill,True
465,self_attention,,unsqueeze,"[[B, T, d_head]]",,,"[[B, 1, T, d_head]]",[40],6,self_attention,,1,transformer.h.6.self_attention,aten.unsqueeze.default,[],prefill,True
466,self_attention,,elementwise_mul,"[[B, n_h, T, d_head], [B, 1, T, d_head]]",,,"[[B, n_h, T, d_head]]","[459, 464]",6,self_attention,,1,transformer.h.6.self_attention,aten.mul.Tensor,[],prefill,False
467,self_attention,,slice,"[[B, n_h, T, d_head]]",,,"[[B, n_h, T, d_head/2]]",[459],6,self_attention,,1,transformer.h.6.self_attention,aten.slice.Tensor,[],prefill,True
468,self_attention,,slice,"[[B, n_h, T, d_head]]",,,"[[B, n_h, T, d_head/2]]",[459],6,self_attention,,1,transformer.h.6.self_attention,aten.slice.Tensor,[],prefill,True
469,self_attention,,neg,"[[B, n_h, T, d_head/2]]",,,"[[B, n_h, T, d_head/2]]",[468],6,self_attention,,1,transformer.h.6.self_attention,aten.neg.default,[],prefill,False
470,self_attention,,concat,"[[B, n_h, T, d_head/2], [B, n_h, T, d_head/2]]",,,"[[B, n_h, T, d_head]]","[467, 469]",6,self_attention,,1,transformer.h.6.self_attention,aten.cat.default,[],prefill,False
471,self_attention,,elementwise_mul,"[[B, n_h, T, d_head], [B, 1, T, d_head]]",,,"[[B, n_h, T, d_head]]","[465, 470]",6,self_attention,,1,transformer.h.6.self_attention,aten.mul.Tensor,[],prefill,False
472,self_attention,,elementwise_add,"[[B, n_h, T, d_head], [B, n_h, T, d_head]]",,,"[[B, n_h, T, d_head]]","[466, 471]",6,self_attention,,1,transformer.h.6.self_attention,aten.add.Tensor,[],prefill,False
473,self_attention,,elementwise_mul,"[[B, 1, T, d_head], [B, 1, T, d_head]]",,,"[[B, 1, T, d_head]]","[461, 464]",6,self_attention,,1,transformer.h.6.self_attention,aten.mul.Tensor,[],prefill,False
474,self_attention,,slice,"[[B, 1, T, d_head]]",,,"[[B, 1, T, d_head/2]]",[461],6,self_attention,,1,transformer.h.6.self_attention,aten.slice.Tensor,[],prefill,True
475,self_attention,,slice,"[[B, 1, T, d_head]]",,,"[[B, 1, T, d_head/2]]",[461],6,self_attention,,1,transformer.h.6.self_attention,aten.slice.Tensor,[],prefill,True
476,self_attention,,neg,"[[B, 1, T, d_head/2]]",,,"[[B, 1, T, d_head/2]]",[475],6,self_attention,,1,transformer.h.6.self_attention,aten.neg.default,[],prefill,False
477,self_attention,,concat,"[[B, 1, T, d_head/2], [B, 1, T, d_head/2]]",,,"[[B, 1, T, d_head]]","[474, 476]",6,self_attention,,1,transformer.h.6.self_attention,aten.cat.default,[],prefill,False
478,self_attention,,elementwise_mul,"[[B, 1, T, d_head], [B, 1, T, d_head]]",,,"[[B, 1, T, d_head]]","[465, 477]",6,self_attention,,1,transformer.h.6.self_attention,aten.mul.Tensor,[],prefill,False
479,self_attention,,elementwise_add,"[[B, 1, T, d_head], [B, 1, T, d_head]]",,,"[[B, 1, T, d_head]]","[473, 478]",6,self_attention,,1,transformer.h.6.self_attention,aten.add.Tensor,[],prefill,False
480,self_attention,,concat,"[[0], [B, 1, T, d_head]]",,,"[[B, 1, T, d_head]]",[479],6,self_attention,,1,transformer.h.6.self_attention,aten.cat.default,[],prefill,False
481,self_attention,,concat,"[[0], [B, 1, T, d_head]]",,,"[[B, 1, T, d_head]]",[463],6,self_attention,,1,transformer.h.6.self_attention,aten.cat.default,[],prefill,False
482,self_attention,,transpose,"[[B, 1, T, d_head]]",,,"[[B, 1, d_head, T]]",[480],6,self_attention,,1,transformer.h.6.self_attention,aten.transpose.int,[],prefill,True
483,self_attention,,expand,"[[B, n_h, T, d_head]]",,,"[[B, n_h, T, d_head]]",[472],6,self_attention,,1,transformer.h.6.self_attention,aten.expand.default,[],prefill,True
484,self_attention,,view,"[[B, n_h, T, d_head]]",,,"[[n_h, T, d_head]]",[483],6,self_attention,,1,transformer.h.6.self_attention,aten.view.default,[],prefill,True
485,self_attention,,expand,"[[B, 1, d_head, T]]",,,"[[B, n_h, d_head, T]]",[482],6,self_attention,,1,transformer.h.6.self_attention,aten.expand.default,[],prefill,True
486,self_attention,,view,"[[B, n_h, d_head, T]]",,,"[[n_h, d_head, T]]",[485],6,self_attention,,1,transformer.h.6.self_attention,aten.view.default,[],prefill,True
487,self_attention,,batched_matmul,"[[n_h, T, d_head], [n_h, d_head, T]]",,,"[[n_h, T, T]]","[484, 486]",6,self_attention,,1,transformer.h.6.self_attention,aten.bmm.default,[],prefill,False
488,self_attention,,_unsafe_view,"[[n_h, T, T]]",,,"[[B, n_h, T, T]]",[487],6,self_attention,,1,transformer.h.6.self_attention,aten._unsafe_view.default,[],prefill,True
489,self_attention,,div_,"[[B, n_h, T, T]]",,,"[[B, n_h, T, T]]",[488],6,self_attention,,1,transformer.h.6.self_attention,aten.div_.Tensor,[],prefill,True
490,self_attention,,elementwise_add,"[[B, n_h, T, T], [B, 1, T, T]]",,,"[[B, n_h, T, T]]","[21, 489]",6,self_attention,,1,transformer.h.6.self_attention,aten.add.Tensor,[],prefill,False
491,self_attention,,softmax,"[[B, n_h, T, T]]",,,"[[B, n_h, T, T]]",[490],6,self_attention,,1,transformer.h.6.self_attention,aten._softmax.default,[],prefill,False
492,self_attention,,expand,"[[B, n_h, T, T]]",,,"[[B, n_h, T, T]]",[491],6,self_attention,,1,transformer.h.6.self_attention,aten.expand.default,[],prefill,True
493,self_attention,,view,"[[B, n_h, T, T]]",,,"[[n_h, T, T]]",[492],6,self_attention,,1,transformer.h.6.self_attention,aten.view.default,[],prefill,True
494,self_attention,,expand,"[[B, 1, T, d_head]]",,,"[[B, n_h, T, d_head]]",[481],6,self_attention,,1,transformer.h.6.self_attention,aten.expand.default,[],prefill,True
495,self_attention,,view,"[[B, n_h, T, d_head]]",,,"[[n_h, T, d_head]]",[494],6,self_attention,,1,transformer.h.6.self_attention,aten.view.default,[],prefill,True
496,self_attention,,batched_matmul,"[[n_h, T, T], [n_h, T, d_head]]",,,"[[n_h, T, d_head]]","[493, 495]",6,self_attention,,1,transformer.h.6.self_attention,aten.bmm.default,[],prefill,False
497,self_attention,,_unsafe_view,"[[n_h, T, d_head]]",,,"[[B, n_h, T, d_head]]",[496],6,self_attention,,1,transformer.h.6.self_attention,aten._unsafe_view.default,[],prefill,True
498,self_attention,,view,"[[B, n_h, T, d_head]]",,,"[[B, n_h, T, d_head]]",[497],6,self_attention,,1,transformer.h.6.self_attention,aten.view.default,[],prefill,True
499,self_attention,,permute,"[[B, n_h, T, d_head]]",,,"[[B, T, n_h, d_head]]",[498],6,self_attention,,1,transformer.h.6.self_attention,aten.permute.default,[],prefill,True
500,self_attention,,clone,"[[B, T, n_h, d_head]]",,,"[[B, T, n_h, d_head]]",[499],6,self_attention,,1,transformer.h.6.self_attention,aten.clone.default,[],prefill,True
501,self_attention,,_unsafe_view,"[[B, T, n_h, d_head]]",,,"[[B, T, n_h*d_head]]",[500],6,self_attention,,1,transformer.h.6.self_attention,aten._unsafe_view.default,[],prefill,True
502,self_attention,dense,permute,"[[d_model, n_h*d_head]]","[d_model, n_h*d_head]",0,"[[n_h*d_head, d_model]]",[],6,self_attention,dense,2,transformer.h.6.self_attention.dense,aten.permute.default,[transformer.h.6.self_attention.dense.weight],prefill,True
503,self_attention,dense,view,"[[B, T, n_h*d_head]]",,,"[[T, n_h*d_head]]",[501],6,self_attention,dense,2,transformer.h.6.self_attention.dense,aten.view.default,[],prefill,True
504,self_attention,dense,matmul,"[[T, n_h*d_head], [n_h*d_head, d_model]]","[d_model, n_h*d_head]",1,"[[T, d_model]]","[502, 503]",6,self_attention,dense,2,transformer.h.6.self_attention.dense,aten.mm.default,[transformer.h.6.self_attention.dense.weight],prefill,False
505,self_attention,dense,_unsafe_view,"[[T, d_model]]",,,"[[B, T, d_model]]",[504],6,self_attention,dense,2,transformer.h.6.self_attention.dense,aten._unsafe_view.default,[],prefill,True
506,mlp,dense_h_to_4h,permute,"[[d_ff, d_model]]","[d_ff, d_model]",0,"[[d_model, d_ff]]",[],6,mlp,dense_h_to_4h,2,transformer.h.6.mlp.dense_h_to_4h,aten.permute.default,[transformer.h.6.mlp.dense_h_to_4h.weight],prefill,True
507,mlp,dense_h_to_4h,view,"[[B, T, d_model]]",,,"[[T, d_model]]",[449],6,mlp,dense_h_to_4h,2,transformer.h.6.mlp.dense_h_to_4h,aten.view.default,[],prefill,True
508,mlp,dense_h_to_4h,matmul,"[[T, d_model], [d_model, d_ff]]","[d_ff, d_model]",1,"[[T, d_ff]]","[506, 507]",6,mlp,dense_h_to_4h,2,transformer.h.6.mlp.dense_h_to_4h,aten.mm.default,[transformer.h.6.mlp.dense_h_to_4h.weight],prefill,False
509,mlp,dense_h_to_4h,_unsafe_view,"[[T, d_ff]]",,,"[[B, T, d_ff]]",[508],6,mlp,dense_h_to_4h,2,transformer.h.6.mlp.dense_h_to_4h,aten._unsafe_view.default,[],prefill,True
510,mlp,act,gelu,"[[B, T, d_ff]]",,,"[[B, T, d_ff]]",[509],6,mlp,act,2,transformer.h.6.mlp.act,aten.gelu.default,[],prefill,False
511,mlp,dense_4h_to_h,permute,"[[d_model, d_ff]]","[d_model, d_ff]",0,"[[d_ff, d_model]]",[],6,mlp,dense_4h_to_h,2,transformer.h.6.mlp.dense_4h_to_h,aten.permute.default,[transformer.h.6.mlp.dense_4h_to_h.weight],prefill,True
512,mlp,dense_4h_to_h,view,"[[B, T, d_ff]]",,,"[[T, d_ff]]",[510],6,mlp,dense_4h_to_h,2,transformer.h.6.mlp.dense_4h_to_h,aten.view.default,[],prefill,True
513,mlp,dense_4h_to_h,matmul,"[[T, d_ff], [d_ff, d_model]]","[d_model, d_ff]",1,"[[T, d_model]]","[511, 512]",6,mlp,dense_4h_to_h,2,transformer.h.6.mlp.dense_4h_to_h,aten.mm.default,[transformer.h.6.mlp.dense_4h_to_h.weight],prefill,False
514,mlp,dense_4h_to_h,_unsafe_view,"[[T, d_model]]",,,"[[B, T, d_model]]",[513],6,mlp,dense_4h_to_h,2,transformer.h.6.mlp.dense_4h_to_h,aten._unsafe_view.default,[],prefill,True
515,,,add_,"[[B, T, d_model], [B, T, d_model]]",,,"[[B, T, d_model]]","[505, 514]",6,,,0,transformer.h.6,aten.add_.Tensor,[],prefill,True
516,,,elementwise_add,"[[B, T, d_model], [B, T, d_model]]",,,"[[B, T, d_model]]","[448, 515]",6,,,0,transformer.h.6,aten.add.Tensor,[],prefill,False
517,input_layernorm,,layernorm,"[[B, T, d_model], [d_model], [d_model]]",,,"[[B, T, d_model], [B, T, 1], [B, T, 1]]",[516],7,input_layernorm,,1,transformer.h.7.input_layernorm,aten.native_layer_norm.default,"[transformer.h.7.input_layernorm.bias, transformer.h.7.input_layernorm.weight]",prefill,False
518,self_attention,query_key_value,permute,"[[(n_h+2*n_kv)*d_head, d_model]]","[(n_h+2*n_kv)*d_head, d_model]",0,"[[d_model, (n_h+2*n_kv)*d_head]]",[],7,self_attention,query_key_value,2,transformer.h.7.self_attention.query_key_value,aten.permute.default,[transformer.h.7.self_attention.query_key_value.weight],prefill,True
519,self_attention,query_key_value,view,"[[B, T, d_model]]",,,"[[T, d_model]]",[517],7,self_attention,query_key_value,2,transformer.h.7.self_attention.query_key_value,aten.view.default,[],prefill,True
520,self_attention,query_key_value,matmul,"[[T, d_model], [d_model, (n_h+2*n_kv)*d_head]]","[(n_h+2*n_kv)*d_head, d_model]",1,"[[T, (n_h+2*n_kv)*d_head]]","[518, 519]",7,self_attention,query_key_value,2,transformer.h.7.self_attention.query_key_value,aten.mm.default,[transformer.h.7.self_attention.query_key_value.weight],prefill,False
521,self_attention,query_key_value,_unsafe_view,"[[T, (n_h+2*n_kv)*d_head]]",,,"[[B, T, (n_h+2*n_kv)*d_head]]",[520],7,self_attention,query_key_value,2,transformer.h.7.self_attention.query_key_value,aten._unsafe_view.default,[],prefill,True
522,self_attention,,view,"[[B, T, (n_h+2*n_kv)*d_head]]",,,"[[B, T, n_h+2*n_kv, d_head]]",[521],7,self_attention,,1,transformer.h.7.self_attention,aten.view.default,[],prefill,True
523,self_attention,,slice,"[[B, T, n_h+2*n_kv, d_head]]",,,"[[B, T, n_h, d_head]]",[522],7,self_attention,,1,transformer.h.7.self_attention,aten.slice.Tensor,[],prefill,True
524,self_attention,,index,"[[B, T, n_h+2*n_kv, d_head], [B]]",,,"[[B, T, 1, d_head]]",[522],7,self_attention,,1,transformer.h.7.self_attention,aten.index.Tensor,[],prefill,True
525,self_attention,,index,"[[B, T, n_h+2*n_kv, d_head], [B]]",,,"[[B, T, 1, d_head]]",[522],7,self_attention,,1,transformer.h.7.self_attention,aten.index.Tensor,[],prefill,True
526,self_attention,,transpose,"[[B, T, n_h, d_head]]",,,"[[B, n_h, T, d_head]]",[523],7,self_attention,,1,transformer.h.7.self_attention,aten.transpose.int,[],prefill,True
527,self_attention,,view,"[[B, n_h, T, d_head]]",,,"[[B, n_h, T, d_head]]",[526],7,self_attention,,1,transformer.h.7.self_attention,aten.view.default,[],prefill,True
528,self_attention,,transpose,"[[B, T, 1, d_head]]",,,"[[B, 1, T, d_head]]",[524],7,self_attention,,1,transformer.h.7.self_attention,aten.transpose.int,[],prefill,True
529,self_attention,,view,"[[B, 1, T, d_head]]",,,"[[B, 1, T, d_head]]",[528],7,self_attention,,1,transformer.h.7.self_attention,aten.view.default,[],prefill,True
530,self_attention,,transpose,"[[B, T, 1, d_head]]",,,"[[B, 1, T, d_head]]",[525],7,self_attention,,1,transformer.h.7.self_attention,aten.transpose.int,[],prefill,True
531,self_attention,,view,"[[B, 1, T, d_head]]",,,"[[B, 1, T, d_head]]",[530],7,self_attention,,1,transformer.h.7.self_attention,aten.view.default,[],prefill,True
532,self_attention,,unsqueeze,"[[B, T, d_head]]",,,"[[B, 1, T, d_head]]",[39],7,self_attention,,1,transformer.h.7.self_attention,aten.unsqueeze.default,[],prefill,True
533,self_attention,,unsqueeze,"[[B, T, d_head]]",,,"[[B, 1, T, d_head]]",[40],7,self_attention,,1,transformer.h.7.self_attention,aten.unsqueeze.default,[],prefill,True
534,self_attention,,elementwise_mul,"[[B, n_h, T, d_head], [B, 1, T, d_head]]",,,"[[B, n_h, T, d_head]]","[527, 532]",7,self_attention,,1,transformer.h.7.self_attention,aten.mul.Tensor,[],prefill,False
535,self_attention,,slice,"[[B, n_h, T, d_head]]",,,"[[B, n_h, T, d_head/2]]",[527],7,self_attention,,1,transformer.h.7.self_attention,aten.slice.Tensor,[],prefill,True
536,self_attention,,slice,"[[B, n_h, T, d_head]]",,,"[[B, n_h, T, d_head/2]]",[527],7,self_attention,,1,transformer.h.7.self_attention,aten.slice.Tensor,[],prefill,True
537,self_attention,,neg,"[[B, n_h, T, d_head/2]]",,,"[[B, n_h, T, d_head/2]]",[536],7,self_attention,,1,transformer.h.7.self_attention,aten.neg.default,[],prefill,False
538,self_attention,,concat,"[[B, n_h, T, d_head/2], [B, n_h, T, d_head/2]]",,,"[[B, n_h, T, d_head]]","[535, 537]",7,self_attention,,1,transformer.h.7.self_attention,aten.cat.default,[],prefill,False
539,self_attention,,elementwise_mul,"[[B, n_h, T, d_head], [B, 1, T, d_head]]",,,"[[B, n_h, T, d_head]]","[533, 538]",7,self_attention,,1,transformer.h.7.self_attention,aten.mul.Tensor,[],prefill,False
540,self_attention,,elementwise_add,"[[B, n_h, T, d_head], [B, n_h, T, d_head]]",,,"[[B, n_h, T, d_head]]","[534, 539]",7,self_attention,,1,transformer.h.7.self_attention,aten.add.Tensor,[],prefill,False
541,self_attention,,elementwise_mul,"[[B, 1, T, d_head], [B, 1, T, d_head]]",,,"[[B, 1, T, d_head]]","[529, 532]",7,self_attention,,1,transformer.h.7.self_attention,aten.mul.Tensor,[],prefill,False
542,self_attention,,slice,"[[B, 1, T, d_head]]",,,"[[B, 1, T, d_head/2]]",[529],7,self_attention,,1,transformer.h.7.self_attention,aten.slice.Tensor,[],prefill,True
543,self_attention,,slice,"[[B, 1, T, d_head]]",,,"[[B, 1, T, d_head/2]]",[529],7,self_attention,,1,transformer.h.7.self_attention,aten.slice.Tensor,[],prefill,True
544,self_attention,,neg,"[[B, 1, T, d_head/2]]",,,"[[B, 1, T, d_head/2]]",[543],7,self_attention,,1,transformer.h.7.self_attention,aten.neg.default,[],prefill,False
545,self_attention,,concat,"[[B, 1, T, d_head/2], [B, 1, T, d_head/2]]",,,"[[B, 1, T, d_head]]","[542, 544]",7,self_attention,,1,transformer.h.7.self_attention,aten.cat.default,[],prefill,False
546,self_attention,,elementwise_mul,"[[B, 1, T, d_head], [B, 1, T, d_head]]",,,"[[B, 1, T, d_head]]","[533, 545]",7,self_attention,,1,transformer.h.7.self_attention,aten.mul.Tensor,[],prefill,False
547,self_attention,,elementwise_add,"[[B, 1, T, d_head], [B, 1, T, d_head]]",,,"[[B, 1, T, d_head]]","[541, 546]",7,self_attention,,1,transformer.h.7.self_attention,aten.add.Tensor,[],prefill,False
548,self_attention,,concat,"[[0], [B, 1, T, d_head]]",,,"[[B, 1, T, d_head]]",[547],7,self_attention,,1,transformer.h.7.self_attention,aten.cat.default,[],prefill,False
549,self_attention,,concat,"[[0], [B, 1, T, d_head]]",,,"[[B, 1, T, d_head]]",[531],7,self_attention,,1,transformer.h.7.self_attention,aten.cat.default,[],prefill,False
550,self_attention,,transpose,"[[B, 1, T, d_head]]",,,"[[B, 1, d_head, T]]",[548],7,self_attention,,1,transformer.h.7.self_attention,aten.transpose.int,[],prefill,True
551,self_attention,,expand,"[[B, n_h, T, d_head]]",,,"[[B, n_h, T, d_head]]",[540],7,self_attention,,1,transformer.h.7.self_attention,aten.expand.default,[],prefill,True
552,self_attention,,view,"[[B, n_h, T, d_head]]",,,"[[n_h, T, d_head]]",[551],7,self_attention,,1,transformer.h.7.self_attention,aten.view.default,[],prefill,True
553,self_attention,,expand,"[[B, 1, d_head, T]]",,,"[[B, n_h, d_head, T]]",[550],7,self_attention,,1,transformer.h.7.self_attention,aten.expand.default,[],prefill,True
554,self_attention,,view,"[[B, n_h, d_head, T]]",,,"[[n_h, d_head, T]]",[553],7,self_attention,,1,transformer.h.7.self_attention,aten.view.default,[],prefill,True
555,self_attention,,batched_matmul,"[[n_h, T, d_head], [n_h, d_head, T]]",,,"[[n_h, T, T]]","[552, 554]",7,self_attention,,1,transformer.h.7.self_attention,aten.bmm.default,[],prefill,False
556,self_attention,,_unsafe_view,"[[n_h, T, T]]",,,"[[B, n_h, T, T]]",[555],7,self_attention,,1,transformer.h.7.self_attention,aten._unsafe_view.default,[],prefill,True
557,self_attention,,div_,"[[B, n_h, T, T]]",,,"[[B, n_h, T, T]]",[556],7,self_attention,,1,transformer.h.7.self_attention,aten.div_.Tensor,[],prefill,True
558,self_attention,,elementwise_add,"[[B, n_h, T, T], [B, 1, T, T]]",,,"[[B, n_h, T, T]]","[21, 557]",7,self_attention,,1,transformer.h.7.self_attention,aten.add.Tensor,[],prefill,False
559,self_attention,,softmax,"[[B, n_h, T, T]]",,,"[[B, n_h, T, T]]",[558],7,self_attention,,1,transformer.h.7.self_attention,aten._softmax.default,[],prefill,False
560,self_attention,,expand,"[[B, n_h, T, T]]",,,"[[B, n_h, T, T]]",[559],7,self_attention,,1,transformer.h.7.self_attention,aten.expand.default,[],prefill,True
561,self_attention,,view,"[[B, n_h, T, T]]",,,"[[n_h, T, T]]",[560],7,self_attention,,1,transformer.h.7.self_attention,aten.view.default,[],prefill,True
562,self_attention,,expand,"[[B, 1, T, d_head]]",,,"[[B, n_h, T, d_head]]",[549],7,self_attention,,1,transformer.h.7.self_attention,aten.expand.default,[],prefill,True
563,self_attention,,view,"[[B, n_h, T, d_head]]",,,"[[n_h, T, d_head]]",[562],7,self_attention,,1,transformer.h.7.self_attention,aten.view.default,[],prefill,True
564,self_attention,,batched_matmul,"[[n_h, T, T], [n_h, T, d_head]]",,,"[[n_h, T, d_head]]","[561, 563]",7,self_attention,,1,transformer.h.7.self_attention,aten.bmm.default,[],prefill,False
565,self_attention,,_unsafe_view,"[[n_h, T, d_head]]",,,"[[B, n_h, T, d_head]]",[564],7,self_attention,,1,transformer.h.7.self_attention,aten._unsafe_view.default,[],prefill,True
566,self_attention,,view,"[[B, n_h, T, d_head]]",,,"[[B, n_h, T, d_head]]",[565],7,self_attention,,1,transformer.h.7.self_attention,aten.view.default,[],prefill,True
567,self_attention,,permute,"[[B, n_h, T, d_head]]",,,"[[B, T, n_h, d_head]]",[566],7,self_attention,,1,transformer.h.7.self_attention,aten.permute.default,[],prefill,True
568,self_attention,,clone,"[[B, T, n_h, d_head]]",,,"[[B, T, n_h, d_head]]",[567],7,self_attention,,1,transformer.h.7.self_attention,aten.clone.default,[],prefill,True
569,self_attention,,_unsafe_view,"[[B, T, n_h, d_head]]",,,"[[B, T, n_h*d_head]]",[568],7,self_attention,,1,transformer.h.7.self_attention,aten._unsafe_view.default,[],prefill,True
570,self_attention,dense,permute,"[[d_model, n_h*d_head]]","[d_model, n_h*d_head]",0,"[[n_h*d_head, d_model]]",[],7,self_attention,dense,2,transformer.h.7.self_attention.dense,aten.permute.default,[transformer.h.7.self_attention.dense.weight],prefill,True
571,self_attention,dense,view,"[[B, T, n_h*d_head]]",,,"[[T, n_h*d_head]]",[569],7,self_attention,dense,2,transformer.h.7.self_attention.dense,aten.view.default,[],prefill,True
572,self_attention,dense,matmul,"[[T, n_h*d_head], [n_h*d_head, d_model]]","[d_model, n_h*d_head]",1,"[[T, d_model]]","[570, 571]",7,self_attention,dense,2,transformer.h.7.self_attention.dense,aten.mm.default,[transformer.h.7.self_attention.dense.weight],prefill,False
573,self_attention,dense,_unsafe_view,"[[T, d_model]]",,,"[[B, T, d_model]]",[572],7,self_attention,dense,2,transformer.h.7.self_attention.dense,aten._unsafe_view.default,[],prefill,True
574,mlp,dense_h_to_4h,permute,"[[d_ff, d_model]]","[d_ff, d_model]",0,"[[d_model, d_ff]]",[],7,mlp,dense_h_to_4h,2,transformer.h.7.mlp.dense_h_to_4h,aten.permute.default,[transformer.h.7.mlp.dense_h_to_4h.weight],prefill,True
575,mlp,dense_h_to_4h,view,"[[B, T, d_model]]",,,"[[T, d_model]]",[517],7,mlp,dense_h_to_4h,2,transformer.h.7.mlp.dense_h_to_4h,aten.view.default,[],prefill,True
576,mlp,dense_h_to_4h,matmul,"[[T, d_model], [d_model, d_ff]]","[d_ff, d_model]",1,"[[T, d_ff]]","[574, 575]",7,mlp,dense_h_to_4h,2,transformer.h.7.mlp.dense_h_to_4h,aten.mm.default,[transformer.h.7.mlp.dense_h_to_4h.weight],prefill,False
577,mlp,dense_h_to_4h,_unsafe_view,"[[T, d_ff]]",,,"[[B, T, d_ff]]",[576],7,mlp,dense_h_to_4h,2,transformer.h.7.mlp.dense_h_to_4h,aten._unsafe_view.default,[],prefill,True
578,mlp,act,gelu,"[[B, T, d_ff]]",,,"[[B, T, d_ff]]",[577],7,mlp,act,2,transformer.h.7.mlp.act,aten.gelu.default,[],prefill,False
579,mlp,dense_4h_to_h,permute,"[[d_model, d_ff]]","[d_model, d_ff]",0,"[[d_ff, d_model]]",[],7,mlp,dense_4h_to_h,2,transformer.h.7.mlp.dense_4h_to_h,aten.permute.default,[transformer.h.7.mlp.dense_4h_to_h.weight],prefill,True
580,mlp,dense_4h_to_h,view,"[[B, T, d_ff]]",,,"[[T, d_ff]]",[578],7,mlp,dense_4h_to_h,2,transformer.h.7.mlp.dense_4h_to_h,aten.view.default,[],prefill,True
581,mlp,dense_4h_to_h,matmul,"[[T, d_ff], [d_ff, d_model]]","[d_model, d_ff]",1,"[[T, d_model]]","[579, 580]",7,mlp,dense_4h_to_h,2,transformer.h.7.mlp.dense_4h_to_h,aten.mm.default,[transformer.h.7.mlp.dense_4h_to_h.weight],prefill,False
582,mlp,dense_4h_to_h,_unsafe_view,"[[T, d_model]]",,,"[[B, T, d_model]]",[581],7,mlp,dense_4h_to_h,2,transformer.h.7.mlp.dense_4h_to_h,aten._unsafe_view.default,[],prefill,True
583,,,add_,"[[B, T, d_model], [B, T, d_model]]",,,"[[B, T, d_model]]","[573, 582]",7,,,0,transformer.h.7,aten.add_.Tensor,[],prefill,True
584,,,elementwise_add,"[[B, T, d_model], [B, T, d_model]]",,,"[[B, T, d_model]]","[516, 583]",7,,,0,transformer.h.7,aten.add.Tensor,[],prefill,False
585,input_layernorm,,layernorm,"[[B, T, d_model], [d_model], [d_model]]",,,"[[B, T, d_model], [B, T, 1], [B, T, 1]]",[584],8,input_layernorm,,1,transformer.h.8.input_layernorm,aten.native_layer_norm.default,"[transformer.h.8.input_layernorm.bias, transformer.h.8.input_layernorm.weight]",prefill,False
586,self_attention,query_key_value,permute,"[[(n_h+2*n_kv)*d_head, d_model]]","[(n_h+2*n_kv)*d_head, d_model]",0,"[[d_model, (n_h+2*n_kv)*d_head]]",[],8,self_attention,query_key_value,2,transformer.h.8.self_attention.query_key_value,aten.permute.default,[transformer.h.8.self_attention.query_key_value.weight],prefill,True
587,self_attention,query_key_value,view,"[[B, T, d_model]]",,,"[[T, d_model]]",[585],8,self_attention,query_key_value,2,transformer.h.8.self_attention.query_key_value,aten.view.default,[],prefill,True
588,self_attention,query_key_value,matmul,"[[T, d_model], [d_model, (n_h+2*n_kv)*d_head]]","[(n_h+2*n_kv)*d_head, d_model]",1,"[[T, (n_h+2*n_kv)*d_head]]","[586, 587]",8,self_attention,query_key_value,2,transformer.h.8.self_attention.query_key_value,aten.mm.default,[transformer.h.8.self_attention.query_key_value.weight],prefill,False
589,self_attention,query_key_value,_unsafe_view,"[[T, (n_h+2*n_kv)*d_head]]",,,"[[B, T, (n_h+2*n_kv)*d_head]]",[588],8,self_attention,query_key_value,2,transformer.h.8.self_attention.query_key_value,aten._unsafe_view.default,[],prefill,True
590,self_attention,,view,"[[B, T, (n_h+2*n_kv)*d_head]]",,,"[[B, T, n_h+2*n_kv, d_head]]",[589],8,self_attention,,1,transformer.h.8.self_attention,aten.view.default,[],prefill,True
591,self_attention,,slice,"[[B, T, n_h+2*n_kv, d_head]]",,,"[[B, T, n_h, d_head]]",[590],8,self_attention,,1,transformer.h.8.self_attention,aten.slice.Tensor,[],prefill,True
592,self_attention,,index,"[[B, T, n_h+2*n_kv, d_head], [B]]",,,"[[B, T, 1, d_head]]",[590],8,self_attention,,1,transformer.h.8.self_attention,aten.index.Tensor,[],prefill,True
593,self_attention,,index,"[[B, T, n_h+2*n_kv, d_head], [B]]",,,"[[B, T, 1, d_head]]",[590],8,self_attention,,1,transformer.h.8.self_attention,aten.index.Tensor,[],prefill,True
594,self_attention,,transpose,"[[B, T, n_h, d_head]]",,,"[[B, n_h, T, d_head]]",[591],8,self_attention,,1,transformer.h.8.self_attention,aten.transpose.int,[],prefill,True
595,self_attention,,view,"[[B, n_h, T, d_head]]",,,"[[B, n_h, T, d_head]]",[594],8,self_attention,,1,transformer.h.8.self_attention,aten.view.default,[],prefill,True
596,self_attention,,transpose,"[[B, T, 1, d_head]]",,,"[[B, 1, T, d_head]]",[592],8,self_attention,,1,transformer.h.8.self_attention,aten.transpose.int,[],prefill,True
597,self_attention,,view,"[[B, 1, T, d_head]]",,,"[[B, 1, T, d_head]]",[596],8,self_attention,,1,transformer.h.8.self_attention,aten.view.default,[],prefill,True
598,self_attention,,transpose,"[[B, T, 1, d_head]]",,,"[[B, 1, T, d_head]]",[593],8,self_attention,,1,transformer.h.8.self_attention,aten.transpose.int,[],prefill,True
599,self_attention,,view,"[[B, 1, T, d_head]]",,,"[[B, 1, T, d_head]]",[598],8,self_attention,,1,transformer.h.8.self_attention,aten.view.default,[],prefill,True
600,self_attention,,unsqueeze,"[[B, T, d_head]]",,,"[[B, 1, T, d_head]]",[39],8,self_attention,,1,transformer.h.8.self_attention,aten.unsqueeze.default,[],prefill,True
601,self_attention,,unsqueeze,"[[B, T, d_head]]",,,"[[B, 1, T, d_head]]",[40],8,self_attention,,1,transformer.h.8.self_attention,aten.unsqueeze.default,[],prefill,True
602,self_attention,,elementwise_mul,"[[B, n_h, T, d_head], [B, 1, T, d_head]]",,,"[[B, n_h, T, d_head]]","[595, 600]",8,self_attention,,1,transformer.h.8.self_attention,aten.mul.Tensor,[],prefill,False
603,self_attention,,slice,"[[B, n_h, T, d_head]]",,,"[[B, n_h, T, d_head/2]]",[595],8,self_attention,,1,transformer.h.8.self_attention,aten.slice.Tensor,[],prefill,True
604,self_attention,,slice,"[[B, n_h, T, d_head]]",,,"[[B, n_h, T, d_head/2]]",[595],8,self_attention,,1,transformer.h.8.self_attention,aten.slice.Tensor,[],prefill,True
605,self_attention,,neg,"[[B, n_h, T, d_head/2]]",,,"[[B, n_h, T, d_head/2]]",[604],8,self_attention,,1,transformer.h.8.self_attention,aten.neg.default,[],prefill,False
606,self_attention,,concat,"[[B, n_h, T, d_head/2], [B, n_h, T, d_head/2]]",,,"[[B, n_h, T, d_head]]","[603, 605]",8,self_attention,,1,transformer.h.8.self_attention,aten.cat.default,[],prefill,False
607,self_attention,,elementwise_mul,"[[B, n_h, T, d_head], [B, 1, T, d_head]]",,,"[[B, n_h, T, d_head]]","[601, 606]",8,self_attention,,1,transformer.h.8.self_attention,aten.mul.Tensor,[],prefill,False
608,self_attention,,elementwise_add,"[[B, n_h, T, d_head], [B, n_h, T, d_head]]",,,"[[B, n_h, T, d_head]]","[602, 607]",8,self_attention,,1,transformer.h.8.self_attention,aten.add.Tensor,[],prefill,False
609,self_attention,,elementwise_mul,"[[B, 1, T, d_head], [B, 1, T, d_head]]",,,"[[B, 1, T, d_head]]","[597, 600]",8,self_attention,,1,transformer.h.8.self_attention,aten.mul.Tensor,[],prefill,False
610,self_attention,,slice,"[[B, 1, T, d_head]]",,,"[[B, 1, T, d_head/2]]",[597],8,self_attention,,1,transformer.h.8.self_attention,aten.slice.Tensor,[],prefill,True
611,self_attention,,slice,"[[B, 1, T, d_head]]",,,"[[B, 1, T, d_head/2]]",[597],8,self_attention,,1,transformer.h.8.self_attention,aten.slice.Tensor,[],prefill,True
612,self_attention,,neg,"[[B, 1, T, d_head/2]]",,,"[[B, 1, T, d_head/2]]",[611],8,self_attention,,1,transformer.h.8.self_attention,aten.neg.default,[],prefill,False
613,self_attention,,concat,"[[B, 1, T, d_head/2], [B, 1, T, d_head/2]]",,,"[[B, 1, T, d_head]]","[610, 612]",8,self_attention,,1,transformer.h.8.self_attention,aten.cat.default,[],prefill,False
614,self_attention,,elementwise_mul,"[[B, 1, T, d_head], [B, 1, T, d_head]]",,,"[[B, 1, T, d_head]]","[601, 613]",8,self_attention,,1,transformer.h.8.self_attention,aten.mul.Tensor,[],prefill,False
615,self_attention,,elementwise_add,"[[B, 1, T, d_head], [B, 1, T, d_head]]",,,"[[B, 1, T, d_head]]","[609, 614]",8,self_attention,,1,transformer.h.8.self_attention,aten.add.Tensor,[],prefill,False
616,self_attention,,concat,"[[0], [B, 1, T, d_head]]",,,"[[B, 1, T, d_head]]",[615],8,self_attention,,1,transformer.h.8.self_attention,aten.cat.default,[],prefill,False
617,self_attention,,concat,"[[0], [B, 1, T, d_head]]",,,"[[B, 1, T, d_head]]",[599],8,self_attention,,1,transformer.h.8.self_attention,aten.cat.default,[],prefill,False
618,self_attention,,transpose,"[[B, 1, T, d_head]]",,,"[[B, 1, d_head, T]]",[616],8,self_attention,,1,transformer.h.8.self_attention,aten.transpose.int,[],prefill,True
619,self_attention,,expand,"[[B, n_h, T, d_head]]",,,"[[B, n_h, T, d_head]]",[608],8,self_attention,,1,transformer.h.8.self_attention,aten.expand.default,[],prefill,True
620,self_attention,,view,"[[B, n_h, T, d_head]]",,,"[[n_h, T, d_head]]",[619],8,self_attention,,1,transformer.h.8.self_attention,aten.view.default,[],prefill,True
621,self_attention,,expand,"[[B, 1, d_head, T]]",,,"[[B, n_h, d_head, T]]",[618],8,self_attention,,1,transformer.h.8.self_attention,aten.expand.default,[],prefill,True
622,self_attention,,view,"[[B, n_h, d_head, T]]",,,"[[n_h, d_head, T]]",[621],8,self_attention,,1,transformer.h.8.self_attention,aten.view.default,[],prefill,True
623,self_attention,,batched_matmul,"[[n_h, T, d_head], [n_h, d_head, T]]",,,"[[n_h, T, T]]","[620, 622]",8,self_attention,,1,transformer.h.8.self_attention,aten.bmm.default,[],prefill,False
624,self_attention,,_unsafe_view,"[[n_h, T, T]]",,,"[[B, n_h, T, T]]",[623],8,self_attention,,1,transformer.h.8.self_attention,aten._unsafe_view.default,[],prefill,True
625,self_attention,,div_,"[[B, n_h, T, T]]",,,"[[B, n_h, T, T]]",[624],8,self_attention,,1,transformer.h.8.self_attention,aten.div_.Tensor,[],prefill,True
626,self_attention,,elementwise_add,"[[B, n_h, T, T], [B, 1, T, T]]",,,"[[B, n_h, T, T]]","[21, 625]",8,self_attention,,1,transformer.h.8.self_attention,aten.add.Tensor,[],prefill,False
627,self_attention,,softmax,"[[B, n_h, T, T]]",,,"[[B, n_h, T, T]]",[626],8,self_attention,,1,transformer.h.8.self_attention,aten._softmax.default,[],prefill,False
628,self_attention,,expand,"[[B, n_h, T, T]]",,,"[[B, n_h, T, T]]",[627],8,self_attention,,1,transformer.h.8.self_attention,aten.expand.default,[],prefill,True
629,self_attention,,view,"[[B, n_h, T, T]]",,,"[[n_h, T, T]]",[628],8,self_attention,,1,transformer.h.8.self_attention,aten.view.default,[],prefill,True
630,self_attention,,expand,"[[B, 1, T, d_head]]",,,"[[B, n_h, T, d_head]]",[617],8,self_attention,,1,transformer.h.8.self_attention,aten.expand.default,[],prefill,True
631,self_attention,,view,"[[B, n_h, T, d_head]]",,,"[[n_h, T, d_head]]",[630],8,self_attention,,1,transformer.h.8.self_attention,aten.view.default,[],prefill,True
632,self_attention,,batched_matmul,"[[n_h, T, T], [n_h, T, d_head]]",,,"[[n_h, T, d_head]]","[629, 631]",8,self_attention,,1,transformer.h.8.self_attention,aten.bmm.default,[],prefill,False
633,self_attention,,_unsafe_view,"[[n_h, T, d_head]]",,,"[[B, n_h, T, d_head]]",[632],8,self_attention,,1,transformer.h.8.self_attention,aten._unsafe_view.default,[],prefill,True
634,self_attention,,view,"[[B, n_h, T, d_head]]",,,"[[B, n_h, T, d_head]]",[633],8,self_attention,,1,transformer.h.8.self_attention,aten.view.default,[],prefill,True
635,self_attention,,permute,"[[B, n_h, T, d_head]]",,,"[[B, T, n_h, d_head]]",[634],8,self_attention,,1,transformer.h.8.self_attention,aten.permute.default,[],prefill,True
636,self_attention,,clone,"[[B, T, n_h, d_head]]",,,"[[B, T, n_h, d_head]]",[635],8,self_attention,,1,transformer.h.8.self_attention,aten.clone.default,[],prefill,True
637,self_attention,,_unsafe_view,"[[B, T, n_h, d_head]]",,,"[[B, T, n_h*d_head]]",[636],8,self_attention,,1,transformer.h.8.self_attention,aten._unsafe_view.default,[],prefill,True
638,self_attention,dense,permute,"[[d_model, n_h*d_head]]","[d_model, n_h*d_head]",0,"[[n_h*d_head, d_model]]",[],8,self_attention,dense,2,transformer.h.8.self_attention.dense,aten.permute.default,[transformer.h.8.self_attention.dense.weight],prefill,True
639,self_attention,dense,view,"[[B, T, n_h*d_head]]",,,"[[T, n_h*d_head]]",[637],8,self_attention,dense,2,transformer.h.8.self_attention.dense,aten.view.default,[],prefill,True
640,self_attention,dense,matmul,"[[T, n_h*d_head], [n_h*d_head, d_model]]","[d_model, n_h*d_head]",1,"[[T, d_model]]","[638, 639]",8,self_attention,dense,2,transformer.h.8.self_attention.dense,aten.mm.default,[transformer.h.8.self_attention.dense.weight],prefill,False
641,self_attention,dense,_unsafe_view,"[[T, d_model]]",,,"[[B, T, d_model]]",[640],8,self_attention,dense,2,transformer.h.8.self_attention.dense,aten._unsafe_view.default,[],prefill,True
642,mlp,dense_h_to_4h,permute,"[[d_ff, d_model]]","[d_ff, d_model]",0,"[[d_model, d_ff]]",[],8,mlp,dense_h_to_4h,2,transformer.h.8.mlp.dense_h_to_4h,aten.permute.default,[transformer.h.8.mlp.dense_h_to_4h.weight],prefill,True
643,mlp,dense_h_to_4h,view,"[[B, T, d_model]]",,,"[[T, d_model]]",[585],8,mlp,dense_h_to_4h,2,transformer.h.8.mlp.dense_h_to_4h,aten.view.default,[],prefill,True
644,mlp,dense_h_to_4h,matmul,"[[T, d_model], [d_model, d_ff]]","[d_ff, d_model]",1,"[[T, d_ff]]","[642, 643]",8,mlp,dense_h_to_4h,2,transformer.h.8.mlp.dense_h_to_4h,aten.mm.default,[transformer.h.8.mlp.dense_h_to_4h.weight],prefill,False
645,mlp,dense_h_to_4h,_unsafe_view,"[[T, d_ff]]",,,"[[B, T, d_ff]]",[644],8,mlp,dense_h_to_4h,2,transformer.h.8.mlp.dense_h_to_4h,aten._unsafe_view.default,[],prefill,True
646,mlp,act,gelu,"[[B, T, d_ff]]",,,"[[B, T, d_ff]]",[645],8,mlp,act,2,transformer.h.8.mlp.act,aten.gelu.default,[],prefill,False
647,mlp,dense_4h_to_h,permute,"[[d_model, d_ff]]","[d_model, d_ff]",0,"[[d_ff, d_model]]",[],8,mlp,dense_4h_to_h,2,transformer.h.8.mlp.dense_4h_to_h,aten.permute.default,[transformer.h.8.mlp.dense_4h_to_h.weight],prefill,True
648,mlp,dense_4h_to_h,view,"[[B, T, d_ff]]",,,"[[T, d_ff]]",[646],8,mlp,dense_4h_to_h,2,transformer.h.8.mlp.dense_4h_to_h,aten.view.default,[],prefill,True
649,mlp,dense_4h_to_h,matmul,"[[T, d_ff], [d_ff, d_model]]","[d_model, d_ff]",1,"[[T, d_model]]","[647, 648]",8,mlp,dense_4h_to_h,2,transformer.h.8.mlp.dense_4h_to_h,aten.mm.default,[transformer.h.8.mlp.dense_4h_to_h.weight],prefill,False
650,mlp,dense_4h_to_h,_unsafe_view,"[[T, d_model]]",,,"[[B, T, d_model]]",[649],8,mlp,dense_4h_to_h,2,transformer.h.8.mlp.dense_4h_to_h,aten._unsafe_view.default,[],prefill,True
651,,,add_,"[[B, T, d_model], [B, T, d_model]]",,,"[[B, T, d_model]]","[641, 650]",8,,,0,transformer.h.8,aten.add_.Tensor,[],prefill,True
652,,,elementwise_add,"[[B, T, d_model], [B, T, d_model]]",,,"[[B, T, d_model]]","[584, 651]",8,,,0,transformer.h.8,aten.add.Tensor,[],prefill,False
653,input_layernorm,,layernorm,"[[B, T, d_model], [d_model], [d_model]]",,,"[[B, T, d_model], [B, T, 1], [B, T, 1]]",[652],9,input_layernorm,,1,transformer.h.9.input_layernorm,aten.native_layer_norm.default,"[transformer.h.9.input_layernorm.bias, transformer.h.9.input_layernorm.weight]",prefill,False
654,self_attention,query_key_value,permute,"[[(n_h+2*n_kv)*d_head, d_model]]","[(n_h+2*n_kv)*d_head, d_model]",0,"[[d_model, (n_h+2*n_kv)*d_head]]",[],9,self_attention,query_key_value,2,transformer.h.9.self_attention.query_key_value,aten.permute.default,[transformer.h.9.self_attention.query_key_value.weight],prefill,True
655,self_attention,query_key_value,view,"[[B, T, d_model]]",,,"[[T, d_model]]",[653],9,self_attention,query_key_value,2,transformer.h.9.self_attention.query_key_value,aten.view.default,[],prefill,True
656,self_attention,query_key_value,matmul,"[[T, d_model], [d_model, (n_h+2*n_kv)*d_head]]","[(n_h+2*n_kv)*d_head, d_model]",1,"[[T, (n_h+2*n_kv)*d_head]]","[654, 655]",9,self_attention,query_key_value,2,transformer.h.9.self_attention.query_key_value,aten.mm.default,[transformer.h.9.self_attention.query_key_value.weight],prefill,False
657,self_attention,query_key_value,_unsafe_view,"[[T, (n_h+2*n_kv)*d_head]]",,,"[[B, T, (n_h+2*n_kv)*d_head]]",[656],9,self_attention,query_key_value,2,transformer.h.9.self_attention.query_key_value,aten._unsafe_view.default,[],prefill,True
658,self_attention,,view,"[[B, T, (n_h+2*n_kv)*d_head]]",,,"[[B, T, n_h+2*n_kv, d_head]]",[657],9,self_attention,,1,transformer.h.9.self_attention,aten.view.default,[],prefill,True
659,self_attention,,slice,"[[B, T, n_h+2*n_kv, d_head]]",,,"[[B, T, n_h, d_head]]",[658],9,self_attention,,1,transformer.h.9.self_attention,aten.slice.Tensor,[],prefill,True
660,self_attention,,index,"[[B, T, n_h+2*n_kv, d_head], [B]]",,,"[[B, T, 1, d_head]]",[658],9,self_attention,,1,transformer.h.9.self_attention,aten.index.Tensor,[],prefill,True
661,self_attention,,index,"[[B, T, n_h+2*n_kv, d_head], [B]]",,,"[[B, T, 1, d_head]]",[658],9,self_attention,,1,transformer.h.9.self_attention,aten.index.Tensor,[],prefill,True
662,self_attention,,transpose,"[[B, T, n_h, d_head]]",,,"[[B, n_h, T, d_head]]",[659],9,self_attention,,1,transformer.h.9.self_attention,aten.transpose.int,[],prefill,True
663,self_attention,,view,"[[B, n_h, T, d_head]]",,,"[[B, n_h, T, d_head]]",[662],9,self_attention,,1,transformer.h.9.self_attention,aten.view.default,[],prefill,True
664,self_attention,,transpose,"[[B, T, 1, d_head]]",,,"[[B, 1, T, d_head]]",[660],9,self_attention,,1,transformer.h.9.self_attention,aten.transpose.int,[],prefill,True
665,self_attention,,view,"[[B, 1, T, d_head]]",,,"[[B, 1, T, d_head]]",[664],9,self_attention,,1,transformer.h.9.self_attention,aten.view.default,[],prefill,True
666,self_attention,,transpose,"[[B, T, 1, d_head]]",,,"[[B, 1, T, d_head]]",[661],9,self_attention,,1,transformer.h.9.self_attention,aten.transpose.int,[],prefill,True
667,self_attention,,view,"[[B, 1, T, d_head]]",,,"[[B, 1, T, d_head]]",[666],9,self_attention,,1,transformer.h.9.self_attention,aten.view.default,[],prefill,True
668,self_attention,,unsqueeze,"[[B, T, d_head]]",,,"[[B, 1, T, d_head]]",[39],9,self_attention,,1,transformer.h.9.self_attention,aten.unsqueeze.default,[],prefill,True
669,self_attention,,unsqueeze,"[[B, T, d_head]]",,,"[[B, 1, T, d_head]]",[40],9,self_attention,,1,transformer.h.9.self_attention,aten.unsqueeze.default,[],prefill,True
670,self_attention,,elementwise_mul,"[[B, n_h, T, d_head], [B, 1, T, d_head]]",,,"[[B, n_h, T, d_head]]","[663, 668]",9,self_attention,,1,transformer.h.9.self_attention,aten.mul.Tensor,[],prefill,False
671,self_attention,,slice,"[[B, n_h, T, d_head]]",,,"[[B, n_h, T, d_head/2]]",[663],9,self_attention,,1,transformer.h.9.self_attention,aten.slice.Tensor,[],prefill,True
672,self_attention,,slice,"[[B, n_h, T, d_head]]",,,"[[B, n_h, T, d_head/2]]",[663],9,self_attention,,1,transformer.h.9.self_attention,aten.slice.Tensor,[],prefill,True
673,self_attention,,neg,"[[B, n_h, T, d_head/2]]",,,"[[B, n_h, T, d_head/2]]",[672],9,self_attention,,1,transformer.h.9.self_attention,aten.neg.default,[],prefill,False
674,self_attention,,concat,"[[B, n_h, T, d_head/2], [B, n_h, T, d_head/2]]",,,"[[B, n_h, T, d_head]]","[671, 673]",9,self_attention,,1,transformer.h.9.self_attention,aten.cat.default,[],prefill,False
675,self_attention,,elementwise_mul,"[[B, n_h, T, d_head], [B, 1, T, d_head]]",,,"[[B, n_h, T, d_head]]","[669, 674]",9,self_attention,,1,transformer.h.9.self_attention,aten.mul.Tensor,[],prefill,False
676,self_attention,,elementwise_add,"[[B, n_h, T, d_head], [B, n_h, T, d_head]]",,,"[[B, n_h, T, d_head]]","[670, 675]",9,self_attention,,1,transformer.h.9.self_attention,aten.add.Tensor,[],prefill,False
677,self_attention,,elementwise_mul,"[[B, 1, T, d_head], [B, 1, T, d_head]]",,,"[[B, 1, T, d_head]]","[665, 668]",9,self_attention,,1,transformer.h.9.self_attention,aten.mul.Tensor,[],prefill,False
678,self_attention,,slice,"[[B, 1, T, d_head]]",,,"[[B, 1, T, d_head/2]]",[665],9,self_attention,,1,transformer.h.9.self_attention,aten.slice.Tensor,[],prefill,True
679,self_attention,,slice,"[[B, 1, T, d_head]]",,,"[[B, 1, T, d_head/2]]",[665],9,self_attention,,1,transformer.h.9.self_attention,aten.slice.Tensor,[],prefill,True
680,self_attention,,neg,"[[B, 1, T, d_head/2]]",,,"[[B, 1, T, d_head/2]]",[679],9,self_attention,,1,transformer.h.9.self_attention,aten.neg.default,[],prefill,False
681,self_attention,,concat,"[[B, 1, T, d_head/2], [B, 1, T, d_head/2]]",,,"[[B, 1, T, d_head]]","[678, 680]",9,self_attention,,1,transformer.h.9.self_attention,aten.cat.default,[],prefill,False
682,self_attention,,elementwise_mul,"[[B, 1, T, d_head], [B, 1, T, d_head]]",,,"[[B, 1, T, d_head]]","[669, 681]",9,self_attention,,1,transformer.h.9.self_attention,aten.mul.Tensor,[],prefill,False
683,self_attention,,elementwise_add,"[[B, 1, T, d_head], [B, 1, T, d_head]]",,,"[[B, 1, T, d_head]]","[677, 682]",9,self_attention,,1,transformer.h.9.self_attention,aten.add.Tensor,[],prefill,False
684,self_attention,,concat,"[[0], [B, 1, T, d_head]]",,,"[[B, 1, T, d_head]]",[683],9,self_attention,,1,transformer.h.9.self_attention,aten.cat.default,[],prefill,False
685,self_attention,,concat,"[[0], [B, 1, T, d_head]]",,,"[[B, 1, T, d_head]]",[667],9,self_attention,,1,transformer.h.9.self_attention,aten.cat.default,[],prefill,False
686,self_attention,,transpose,"[[B, 1, T, d_head]]",,,"[[B, 1, d_head, T]]",[684],9,self_attention,,1,transformer.h.9.self_attention,aten.transpose.int,[],prefill,True
687,self_attention,,expand,"[[B, n_h, T, d_head]]",,,"[[B, n_h, T, d_head]]",[676],9,self_attention,,1,transformer.h.9.self_attention,aten.expand.default,[],prefill,True
688,self_attention,,view,"[[B, n_h, T, d_head]]",,,"[[n_h, T, d_head]]",[687],9,self_attention,,1,transformer.h.9.self_attention,aten.view.default,[],prefill,True
689,self_attention,,expand,"[[B, 1, d_head, T]]",,,"[[B, n_h, d_head, T]]",[686],9,self_attention,,1,transformer.h.9.self_attention,aten.expand.default,[],prefill,True
690,self_attention,,view,"[[B, n_h, d_head, T]]",,,"[[n_h, d_head, T]]",[689],9,self_attention,,1,transformer.h.9.self_attention,aten.view.default,[],prefill,True
691,self_attention,,batched_matmul,"[[n_h, T, d_head], [n_h, d_head, T]]",,,"[[n_h, T, T]]","[688, 690]",9,self_attention,,1,transformer.h.9.self_attention,aten.bmm.default,[],prefill,False
692,self_attention,,_unsafe_view,"[[n_h, T, T]]",,,"[[B, n_h, T, T]]",[691],9,self_attention,,1,transformer.h.9.self_attention,aten._unsafe_view.default,[],prefill,True
693,self_attention,,div_,"[[B, n_h, T, T]]",,,"[[B, n_h, T, T]]",[692],9,self_attention,,1,transformer.h.9.self_attention,aten.div_.Tensor,[],prefill,True
694,self_attention,,elementwise_add,"[[B, n_h, T, T], [B, 1, T, T]]",,,"[[B, n_h, T, T]]","[21, 693]",9,self_attention,,1,transformer.h.9.self_attention,aten.add.Tensor,[],prefill,False
695,self_attention,,softmax,"[[B, n_h, T, T]]",,,"[[B, n_h, T, T]]",[694],9,self_attention,,1,transformer.h.9.self_attention,aten._softmax.default,[],prefill,False
696,self_attention,,expand,"[[B, n_h, T, T]]",,,"[[B, n_h, T, T]]",[695],9,self_attention,,1,transformer.h.9.self_attention,aten.expand.default,[],prefill,True
697,self_attention,,view,"[[B, n_h, T, T]]",,,"[[n_h, T, T]]",[696],9,self_attention,,1,transformer.h.9.self_attention,aten.view.default,[],prefill,True
698,self_attention,,expand,"[[B, 1, T, d_head]]",,,"[[B, n_h, T, d_head]]",[685],9,self_attention,,1,transformer.h.9.self_attention,aten.expand.default,[],prefill,True
699,self_attention,,view,"[[B, n_h, T, d_head]]",,,"[[n_h, T, d_head]]",[698],9,self_attention,,1,transformer.h.9.self_attention,aten.view.default,[],prefill,True
700,self_attention,,batched_matmul,"[[n_h, T, T], [n_h, T, d_head]]",,,"[[n_h, T, d_head]]","[697, 699]",9,self_attention,,1,transformer.h.9.self_attention,aten.bmm.default,[],prefill,False
701,self_attention,,_unsafe_view,"[[n_h, T, d_head]]",,,"[[B, n_h, T, d_head]]",[700],9,self_attention,,1,transformer.h.9.self_attention,aten._unsafe_view.default,[],prefill,True
702,self_attention,,view,"[[B, n_h, T, d_head]]",,,"[[B, n_h, T, d_head]]",[701],9,self_attention,,1,transformer.h.9.self_attention,aten.view.default,[],prefill,True
703,self_attention,,permute,"[[B, n_h, T, d_head]]",,,"[[B, T, n_h, d_head]]",[702],9,self_attention,,1,transformer.h.9.self_attention,aten.permute.default,[],prefill,True
704,self_attention,,clone,"[[B, T, n_h, d_head]]",,,"[[B, T, n_h, d_head]]",[703],9,self_attention,,1,transformer.h.9.self_attention,aten.clone.default,[],prefill,True
705,self_attention,,_unsafe_view,"[[B, T, n_h, d_head]]",,,"[[B, T, n_h*d_head]]",[704],9,self_attention,,1,transformer.h.9.self_attention,aten._unsafe_view.default,[],prefill,True
706,self_attention,dense,permute,"[[d_model, n_h*d_head]]","[d_model, n_h*d_head]",0,"[[n_h*d_head, d_model]]",[],9,self_attention,dense,2,transformer.h.9.self_attention.dense,aten.permute.default,[transformer.h.9.self_attention.dense.weight],prefill,True
707,self_attention,dense,view,"[[B, T, n_h*d_head]]",,,"[[T, n_h*d_head]]",[705],9,self_attention,dense,2,transformer.h.9.self_attention.dense,aten.view.default,[],prefill,True
708,self_attention,dense,matmul,"[[T, n_h*d_head], [n_h*d_head, d_model]]","[d_model, n_h*d_head]",1,"[[T, d_model]]","[706, 707]",9,self_attention,dense,2,transformer.h.9.self_attention.dense,aten.mm.default,[transformer.h.9.self_attention.dense.weight],prefill,False
709,self_attention,dense,_unsafe_view,"[[T, d_model]]",,,"[[B, T, d_model]]",[708],9,self_attention,dense,2,transformer.h.9.self_attention.dense,aten._unsafe_view.default,[],prefill,True
710,mlp,dense_h_to_4h,permute,"[[d_ff, d_model]]","[d_ff, d_model]",0,"[[d_model, d_ff]]",[],9,mlp,dense_h_to_4h,2,transformer.h.9.mlp.dense_h_to_4h,aten.permute.default,[transformer.h.9.mlp.dense_h_to_4h.weight],prefill,True
711,mlp,dense_h_to_4h,view,"[[B, T, d_model]]",,,"[[T, d_model]]",[653],9,mlp,dense_h_to_4h,2,transformer.h.9.mlp.dense_h_to_4h,aten.view.default,[],prefill,True
712,mlp,dense_h_to_4h,matmul,"[[T, d_model], [d_model, d_ff]]","[d_ff, d_model]",1,"[[T, d_ff]]","[710, 711]",9,mlp,dense_h_to_4h,2,transformer.h.9.mlp.dense_h_to_4h,aten.mm.default,[transformer.h.9.mlp.dense_h_to_4h.weight],prefill,False
713,mlp,dense_h_to_4h,_unsafe_view,"[[T, d_ff]]",,,"[[B, T, d_ff]]",[712],9,mlp,dense_h_to_4h,2,transformer.h.9.mlp.dense_h_to_4h,aten._unsafe_view.default,[],prefill,True
714,mlp,act,gelu,"[[B, T, d_ff]]",,,"[[B, T, d_ff]]",[713],9,mlp,act,2,transformer.h.9.mlp.act,aten.gelu.default,[],prefill,False
715,mlp,dense_4h_to_h,permute,"[[d_model, d_ff]]","[d_model, d_ff]",0,"[[d_ff, d_model]]",[],9,mlp,dense_4h_to_h,2,transformer.h.9.mlp.dense_4h_to_h,aten.permute.default,[transformer.h.9.mlp.dense_4h_to_h.weight],prefill,True
716,mlp,dense_4h_to_h,view,"[[B, T, d_ff]]",,,"[[T, d_ff]]",[714],9,mlp,dense_4h_to_h,2,transformer.h.9.mlp.dense_4h_to_h,aten.view.default,[],prefill,True
717,mlp,dense_4h_to_h,matmul,"[[T, d_ff], [d_ff, d_model]]","[d_model, d_ff]",1,"[[T, d_model]]","[715, 716]",9,mlp,dense_4h_to_h,2,transformer.h.9.mlp.dense_4h_to_h,aten.mm.default,[transformer.h.9.mlp.dense_4h_to_h.weight],prefill,False
718,mlp,dense_4h_to_h,_unsafe_view,"[[T, d_model]]",,,"[[B, T, d_model]]",[717],9,mlp,dense_4h_to_h,2,transformer.h.9.mlp.dense_4h_to_h,aten._unsafe_view.default,[],prefill,True
719,,,add_,"[[B, T, d_model], [B, T, d_model]]",,,"[[B, T, d_model]]","[709, 718]",9,,,0,transformer.h.9,aten.add_.Tensor,[],prefill,True
720,,,elementwise_add,"[[B, T, d_model], [B, T, d_model]]",,,"[[B, T, d_model]]","[652, 719]",9,,,0,transformer.h.9,aten.add.Tensor,[],prefill,False
721,input_layernorm,,layernorm,"[[B, T, d_model], [d_model], [d_model]]",,,"[[B, T, d_model], [B, T, 1], [B, T, 1]]",[720],10,input_layernorm,,1,transformer.h.10.input_layernorm,aten.native_layer_norm.default,"[transformer.h.10.input_layernorm.bias, transformer.h.10.input_layernorm.weight]",prefill,False
722,self_attention,query_key_value,permute,"[[(n_h+2*n_kv)*d_head, d_model]]","[(n_h+2*n_kv)*d_head, d_model]",0,"[[d_model, (n_h+2*n_kv)*d_head]]",[],10,self_attention,query_key_value,2,transformer.h.10.self_attention.query_key_value,aten.permute.default,[transformer.h.10.self_attention.query_key_value.weight],prefill,True
723,self_attention,query_key_value,view,"[[B, T, d_model]]",,,"[[T, d_model]]",[721],10,self_attention,query_key_value,2,transformer.h.10.self_attention.query_key_value,aten.view.default,[],prefill,True
724,self_attention,query_key_value,matmul,"[[T, d_model], [d_model, (n_h+2*n_kv)*d_head]]","[(n_h+2*n_kv)*d_head, d_model]",1,"[[T, (n_h+2*n_kv)*d_head]]","[722, 723]",10,self_attention,query_key_value,2,transformer.h.10.self_attention.query_key_value,aten.mm.default,[transformer.h.10.self_attention.query_key_value.weight],prefill,False
725,self_attention,query_key_value,_unsafe_view,"[[T, (n_h+2*n_kv)*d_head]]",,,"[[B, T, (n_h+2*n_kv)*d_head]]",[724],10,self_attention,query_key_value,2,transformer.h.10.self_attention.query_key_value,aten._unsafe_view.default,[],prefill,True
726,self_attention,,view,"[[B, T, (n_h+2*n_kv)*d_head]]",,,"[[B, T, n_h+2*n_kv, d_head]]",[725],10,self_attention,,1,transformer.h.10.self_attention,aten.view.default,[],prefill,True
727,self_attention,,slice,"[[B, T, n_h+2*n_kv, d_head]]",,,"[[B, T, n_h, d_head]]",[726],10,self_attention,,1,transformer.h.10.self_attention,aten.slice.Tensor,[],prefill,True
728,self_attention,,index,"[[B, T, n_h+2*n_kv, d_head], [B]]",,,"[[B, T, 1, d_head]]",[726],10,self_attention,,1,transformer.h.10.self_attention,aten.index.Tensor,[],prefill,True
729,self_attention,,index,"[[B, T, n_h+2*n_kv, d_head], [B]]",,,"[[B, T, 1, d_head]]",[726],10,self_attention,,1,transformer.h.10.self_attention,aten.index.Tensor,[],prefill,True
730,self_attention,,transpose,"[[B, T, n_h, d_head]]",,,"[[B, n_h, T, d_head]]",[727],10,self_attention,,1,transformer.h.10.self_attention,aten.transpose.int,[],prefill,True
731,self_attention,,view,"[[B, n_h, T, d_head]]",,,"[[B, n_h, T, d_head]]",[730],10,self_attention,,1,transformer.h.10.self_attention,aten.view.default,[],prefill,True
732,self_attention,,transpose,"[[B, T, 1, d_head]]",,,"[[B, 1, T, d_head]]",[728],10,self_attention,,1,transformer.h.10.self_attention,aten.transpose.int,[],prefill,True
733,self_attention,,view,"[[B, 1, T, d_head]]",,,"[[B, 1, T, d_head]]",[732],10,self_attention,,1,transformer.h.10.self_attention,aten.view.default,[],prefill,True
734,self_attention,,transpose,"[[B, T, 1, d_head]]",,,"[[B, 1, T, d_head]]",[729],10,self_attention,,1,transformer.h.10.self_attention,aten.transpose.int,[],prefill,True
735,self_attention,,view,"[[B, 1, T, d_head]]",,,"[[B, 1, T, d_head]]",[734],10,self_attention,,1,transformer.h.10.self_attention,aten.view.default,[],prefill,True
736,self_attention,,unsqueeze,"[[B, T, d_head]]",,,"[[B, 1, T, d_head]]",[39],10,self_attention,,1,transformer.h.10.self_attention,aten.unsqueeze.default,[],prefill,True
737,self_attention,,unsqueeze,"[[B, T, d_head]]",,,"[[B, 1, T, d_head]]",[40],10,self_attention,,1,transformer.h.10.self_attention,aten.unsqueeze.default,[],prefill,True
738,self_attention,,elementwise_mul,"[[B, n_h, T, d_head], [B, 1, T, d_head]]",,,"[[B, n_h, T, d_head]]","[731, 736]",10,self_attention,,1,transformer.h.10.self_attention,aten.mul.Tensor,[],prefill,False
739,self_attention,,slice,"[[B, n_h, T, d_head]]",,,"[[B, n_h, T, d_head/2]]",[731],10,self_attention,,1,transformer.h.10.self_attention,aten.slice.Tensor,[],prefill,True
740,self_attention,,slice,"[[B, n_h, T, d_head]]",,,"[[B, n_h, T, d_head/2]]",[731],10,self_attention,,1,transformer.h.10.self_attention,aten.slice.Tensor,[],prefill,True
741,self_attention,,neg,"[[B, n_h, T, d_head/2]]",,,"[[B, n_h, T, d_head/2]]",[740],10,self_attention,,1,transformer.h.10.self_attention,aten.neg.default,[],prefill,False
742,self_attention,,concat,"[[B, n_h, T, d_head/2], [B, n_h, T, d_head/2]]",,,"[[B, n_h, T, d_head]]","[739, 741]",10,self_attention,,1,transformer.h.10.self_attention,aten.cat.default,[],prefill,False
743,self_attention,,elementwise_mul,"[[B, n_h, T, d_head], [B, 1, T, d_head]]",,,"[[B, n_h, T, d_head]]","[737, 742]",10,self_attention,,1,transformer.h.10.self_attention,aten.mul.Tensor,[],prefill,False
744,self_attention,,elementwise_add,"[[B, n_h, T, d_head], [B, n_h, T, d_head]]",,,"[[B, n_h, T, d_head]]","[738, 743]",10,self_attention,,1,transformer.h.10.self_attention,aten.add.Tensor,[],prefill,False
745,self_attention,,elementwise_mul,"[[B, 1, T, d_head], [B, 1, T, d_head]]",,,"[[B, 1, T, d_head]]","[733, 736]",10,self_attention,,1,transformer.h.10.self_attention,aten.mul.Tensor,[],prefill,False
746,self_attention,,slice,"[[B, 1, T, d_head]]",,,"[[B, 1, T, d_head/2]]",[733],10,self_attention,,1,transformer.h.10.self_attention,aten.slice.Tensor,[],prefill,True
747,self_attention,,slice,"[[B, 1, T, d_head]]",,,"[[B, 1, T, d_head/2]]",[733],10,self_attention,,1,transformer.h.10.self_attention,aten.slice.Tensor,[],prefill,True
748,self_attention,,neg,"[[B, 1, T, d_head/2]]",,,"[[B, 1, T, d_head/2]]",[747],10,self_attention,,1,transformer.h.10.self_attention,aten.neg.default,[],prefill,False
749,self_attention,,concat,"[[B, 1, T, d_head/2], [B, 1, T, d_head/2]]",,,"[[B, 1, T, d_head]]","[746, 748]",10,self_attention,,1,transformer.h.10.self_attention,aten.cat.default,[],prefill,False
750,self_attention,,elementwise_mul,"[[B, 1, T, d_head], [B, 1, T, d_head]]",,,"[[B, 1, T, d_head]]","[737, 749]",10,self_attention,,1,transformer.h.10.self_attention,aten.mul.Tensor,[],prefill,False
751,self_attention,,elementwise_add,"[[B, 1, T, d_head], [B, 1, T, d_head]]",,,"[[B, 1, T, d_head]]","[745, 750]",10,self_attention,,1,transformer.h.10.self_attention,aten.add.Tensor,[],prefill,False
752,self_attention,,concat,"[[0], [B, 1, T, d_head]]",,,"[[B, 1, T, d_head]]",[751],10,self_attention,,1,transformer.h.10.self_attention,aten.cat.default,[],prefill,False
753,self_attention,,concat,"[[0], [B, 1, T, d_head]]",,,"[[B, 1, T, d_head]]",[735],10,self_attention,,1,transformer.h.10.self_attention,aten.cat.default,[],prefill,False
754,self_attention,,transpose,"[[B, 1, T, d_head]]",,,"[[B, 1, d_head, T]]",[752],10,self_attention,,1,transformer.h.10.self_attention,aten.transpose.int,[],prefill,True
755,self_attention,,expand,"[[B, n_h, T, d_head]]",,,"[[B, n_h, T, d_head]]",[744],10,self_attention,,1,transformer.h.10.self_attention,aten.expand.default,[],prefill,True
756,self_attention,,view,"[[B, n_h, T, d_head]]",,,"[[n_h, T, d_head]]",[755],10,self_attention,,1,transformer.h.10.self_attention,aten.view.default,[],prefill,True
757,self_attention,,expand,"[[B, 1, d_head, T]]",,,"[[B, n_h, d_head, T]]",[754],10,self_attention,,1,transformer.h.10.self_attention,aten.expand.default,[],prefill,True
758,self_attention,,view,"[[B, n_h, d_head, T]]",,,"[[n_h, d_head, T]]",[757],10,self_attention,,1,transformer.h.10.self_attention,aten.view.default,[],prefill,True
759,self_attention,,batched_matmul,"[[n_h, T, d_head], [n_h, d_head, T]]",,,"[[n_h, T, T]]","[756, 758]",10,self_attention,,1,transformer.h.10.self_attention,aten.bmm.default,[],prefill,False
760,self_attention,,_unsafe_view,"[[n_h, T, T]]",,,"[[B, n_h, T, T]]",[759],10,self_attention,,1,transformer.h.10.self_attention,aten._unsafe_view.default,[],prefill,True
761,self_attention,,div_,"[[B, n_h, T, T]]",,,"[[B, n_h, T, T]]",[760],10,self_attention,,1,transformer.h.10.self_attention,aten.div_.Tensor,[],prefill,True
762,self_attention,,elementwise_add,"[[B, n_h, T, T], [B, 1, T, T]]",,,"[[B, n_h, T, T]]","[21, 761]",10,self_attention,,1,transformer.h.10.self_attention,aten.add.Tensor,[],prefill,False
763,self_attention,,softmax,"[[B, n_h, T, T]]",,,"[[B, n_h, T, T]]",[762],10,self_attention,,1,transformer.h.10.self_attention,aten._softmax.default,[],prefill,False
764,self_attention,,expand,"[[B, n_h, T, T]]",,,"[[B, n_h, T, T]]",[763],10,self_attention,,1,transformer.h.10.self_attention,aten.expand.default,[],prefill,True
765,self_attention,,view,"[[B, n_h, T, T]]",,,"[[n_h, T, T]]",[764],10,self_attention,,1,transformer.h.10.self_attention,aten.view.default,[],prefill,True
766,self_attention,,expand,"[[B, 1, T, d_head]]",,,"[[B, n_h, T, d_head]]",[753],10,self_attention,,1,transformer.h.10.self_attention,aten.expand.default,[],prefill,True
767,self_attention,,view,"[[B, n_h, T, d_head]]",,,"[[n_h, T, d_head]]",[766],10,self_attention,,1,transformer.h.10.self_attention,aten.view.default,[],prefill,True
768,self_attention,,batched_matmul,"[[n_h, T, T], [n_h, T, d_head]]",,,"[[n_h, T, d_head]]","[765, 767]",10,self_attention,,1,transformer.h.10.self_attention,aten.bmm.default,[],prefill,False
769,self_attention,,_unsafe_view,"[[n_h, T, d_head]]",,,"[[B, n_h, T, d_head]]",[768],10,self_attention,,1,transformer.h.10.self_attention,aten._unsafe_view.default,[],prefill,True
770,self_attention,,view,"[[B, n_h, T, d_head]]",,,"[[B, n_h, T, d_head]]",[769],10,self_attention,,1,transformer.h.10.self_attention,aten.view.default,[],prefill,True
771,self_attention,,permute,"[[B, n_h, T, d_head]]",,,"[[B, T, n_h, d_head]]",[770],10,self_attention,,1,transformer.h.10.self_attention,aten.permute.default,[],prefill,True
772,self_attention,,clone,"[[B, T, n_h, d_head]]",,,"[[B, T, n_h, d_head]]",[771],10,self_attention,,1,transformer.h.10.self_attention,aten.clone.default,[],prefill,True
773,self_attention,,_unsafe_view,"[[B, T, n_h, d_head]]",,,"[[B, T, n_h*d_head]]",[772],10,self_attention,,1,transformer.h.10.self_attention,aten._unsafe_view.default,[],prefill,True
774,self_attention,dense,permute,"[[d_model, n_h*d_head]]","[d_model, n_h*d_head]",0,"[[n_h*d_head, d_model]]",[],10,self_attention,dense,2,transformer.h.10.self_attention.dense,aten.permute.default,[transformer.h.10.self_attention.dense.weight],prefill,True
775,self_attention,dense,view,"[[B, T, n_h*d_head]]",,,"[[T, n_h*d_head]]",[773],10,self_attention,dense,2,transformer.h.10.self_attention.dense,aten.view.default,[],prefill,True
776,self_attention,dense,matmul,"[[T, n_h*d_head], [n_h*d_head, d_model]]","[d_model, n_h*d_head]",1,"[[T, d_model]]","[774, 775]",10,self_attention,dense,2,transformer.h.10.self_attention.dense,aten.mm.default,[transformer.h.10.self_attention.dense.weight],prefill,False
777,self_attention,dense,_unsafe_view,"[[T, d_model]]",,,"[[B, T, d_model]]",[776],10,self_attention,dense,2,transformer.h.10.self_attention.dense,aten._unsafe_view.default,[],prefill,True
778,mlp,dense_h_to_4h,permute,"[[d_ff, d_model]]","[d_ff, d_model]",0,"[[d_model, d_ff]]",[],10,mlp,dense_h_to_4h,2,transformer.h.10.mlp.dense_h_to_4h,aten.permute.default,[transformer.h.10.mlp.dense_h_to_4h.weight],prefill,True
779,mlp,dense_h_to_4h,view,"[[B, T, d_model]]",,,"[[T, d_model]]",[721],10,mlp,dense_h_to_4h,2,transformer.h.10.mlp.dense_h_to_4h,aten.view.default,[],prefill,True
780,mlp,dense_h_to_4h,matmul,"[[T, d_model], [d_model, d_ff]]","[d_ff, d_model]",1,"[[T, d_ff]]","[778, 779]",10,mlp,dense_h_to_4h,2,transformer.h.10.mlp.dense_h_to_4h,aten.mm.default,[transformer.h.10.mlp.dense_h_to_4h.weight],prefill,False
781,mlp,dense_h_to_4h,_unsafe_view,"[[T, d_ff]]",,,"[[B, T, d_ff]]",[780],10,mlp,dense_h_to_4h,2,transformer.h.10.mlp.dense_h_to_4h,aten._unsafe_view.default,[],prefill,True
782,mlp,act,gelu,"[[B, T, d_ff]]",,,"[[B, T, d_ff]]",[781],10,mlp,act,2,transformer.h.10.mlp.act,aten.gelu.default,[],prefill,False
783,mlp,dense_4h_to_h,permute,"[[d_model, d_ff]]","[d_model, d_ff]",0,"[[d_ff, d_model]]",[],10,mlp,dense_4h_to_h,2,transformer.h.10.mlp.dense_4h_to_h,aten.permute.default,[transformer.h.10.mlp.dense_4h_to_h.weight],prefill,True
784,mlp,dense_4h_to_h,view,"[[B, T, d_ff]]",,,"[[T, d_ff]]",[782],10,mlp,dense_4h_to_h,2,transformer.h.10.mlp.dense_4h_to_h,aten.view.default,[],prefill,True
785,mlp,dense_4h_to_h,matmul,"[[T, d_ff], [d_ff, d_model]]","[d_model, d_ff]",1,"[[T, d_model]]","[783, 784]",10,mlp,dense_4h_to_h,2,transformer.h.10.mlp.dense_4h_to_h,aten.mm.default,[transformer.h.10.mlp.dense_4h_to_h.weight],prefill,False
786,mlp,dense_4h_to_h,_unsafe_view,"[[T, d_model]]",,,"[[B, T, d_model]]",[785],10,mlp,dense_4h_to_h,2,transformer.h.10.mlp.dense_4h_to_h,aten._unsafe_view.default,[],prefill,True
787,,,add_,"[[B, T, d_model], [B, T, d_model]]",,,"[[B, T, d_model]]","[777, 786]",10,,,0,transformer.h.10,aten.add_.Tensor,[],prefill,True
788,,,elementwise_add,"[[B, T, d_model], [B, T, d_model]]",,,"[[B, T, d_model]]","[720, 787]",10,,,0,transformer.h.10,aten.add.Tensor,[],prefill,False
789,input_layernorm,,layernorm,"[[B, T, d_model], [d_model], [d_model]]",,,"[[B, T, d_model], [B, T, 1], [B, T, 1]]",[788],11,input_layernorm,,1,transformer.h.11.input_layernorm,aten.native_layer_norm.default,"[transformer.h.11.input_layernorm.bias, transformer.h.11.input_layernorm.weight]",prefill,False
790,self_attention,query_key_value,permute,"[[(n_h+2*n_kv)*d_head, d_model]]","[(n_h+2*n_kv)*d_head, d_model]",0,"[[d_model, (n_h+2*n_kv)*d_head]]",[],11,self_attention,query_key_value,2,transformer.h.11.self_attention.query_key_value,aten.permute.default,[transformer.h.11.self_attention.query_key_value.weight],prefill,True
791,self_attention,query_key_value,view,"[[B, T, d_model]]",,,"[[T, d_model]]",[789],11,self_attention,query_key_value,2,transformer.h.11.self_attention.query_key_value,aten.view.default,[],prefill,True
792,self_attention,query_key_value,matmul,"[[T, d_model], [d_model, (n_h+2*n_kv)*d_head]]","[(n_h+2*n_kv)*d_head, d_model]",1,"[[T, (n_h+2*n_kv)*d_head]]","[790, 791]",11,self_attention,query_key_value,2,transformer.h.11.self_attention.query_key_value,aten.mm.default,[transformer.h.11.self_attention.query_key_value.weight],prefill,False
793,self_attention,query_key_value,_unsafe_view,"[[T, (n_h+2*n_kv)*d_head]]",,,"[[B, T, (n_h+2*n_kv)*d_head]]",[792],11,self_attention,query_key_value,2,transformer.h.11.self_attention.query_key_value,aten._unsafe_view.default,[],prefill,True
794,self_attention,,view,"[[B, T, (n_h+2*n_kv)*d_head]]",,,"[[B, T, n_h+2*n_kv, d_head]]",[793],11,self_attention,,1,transformer.h.11.self_attention,aten.view.default,[],prefill,True
795,self_attention,,slice,"[[B, T, n_h+2*n_kv, d_head]]",,,"[[B, T, n_h, d_head]]",[794],11,self_attention,,1,transformer.h.11.self_attention,aten.slice.Tensor,[],prefill,True
796,self_attention,,index,"[[B, T, n_h+2*n_kv, d_head], [B]]",,,"[[B, T, 1, d_head]]",[794],11,self_attention,,1,transformer.h.11.self_attention,aten.index.Tensor,[],prefill,True
797,self_attention,,index,"[[B, T, n_h+2*n_kv, d_head], [B]]",,,"[[B, T, 1, d_head]]",[794],11,self_attention,,1,transformer.h.11.self_attention,aten.index.Tensor,[],prefill,True
798,self_attention,,transpose,"[[B, T, n_h, d_head]]",,,"[[B, n_h, T, d_head]]",[795],11,self_attention,,1,transformer.h.11.self_attention,aten.transpose.int,[],prefill,True
799,self_attention,,view,"[[B, n_h, T, d_head]]",,,"[[B, n_h, T, d_head]]",[798],11,self_attention,,1,transformer.h.11.self_attention,aten.view.default,[],prefill,True
800,self_attention,,transpose,"[[B, T, 1, d_head]]",,,"[[B, 1, T, d_head]]",[796],11,self_attention,,1,transformer.h.11.self_attention,aten.transpose.int,[],prefill,True
801,self_attention,,view,"[[B, 1, T, d_head]]",,,"[[B, 1, T, d_head]]",[800],11,self_attention,,1,transformer.h.11.self_attention,aten.view.default,[],prefill,True
802,self_attention,,transpose,"[[B, T, 1, d_head]]",,,"[[B, 1, T, d_head]]",[797],11,self_attention,,1,transformer.h.11.self_attention,aten.transpose.int,[],prefill,True
803,self_attention,,view,"[[B, 1, T, d_head]]",,,"[[B, 1, T, d_head]]",[802],11,self_attention,,1,transformer.h.11.self_attention,aten.view.default,[],prefill,True
804,self_attention,,unsqueeze,"[[B, T, d_head]]",,,"[[B, 1, T, d_head]]",[39],11,self_attention,,1,transformer.h.11.self_attention,aten.unsqueeze.default,[],prefill,True
805,self_attention,,unsqueeze,"[[B, T, d_head]]",,,"[[B, 1, T, d_head]]",[40],11,self_attention,,1,transformer.h.11.self_attention,aten.unsqueeze.default,[],prefill,True
806,self_attention,,elementwise_mul,"[[B, n_h, T, d_head], [B, 1, T, d_head]]",,,"[[B, n_h, T, d_head]]","[799, 804]",11,self_attention,,1,transformer.h.11.self_attention,aten.mul.Tensor,[],prefill,False
807,self_attention,,slice,"[[B, n_h, T, d_head]]",,,"[[B, n_h, T, d_head/2]]",[799],11,self_attention,,1,transformer.h.11.self_attention,aten.slice.Tensor,[],prefill,True
808,self_attention,,slice,"[[B, n_h, T, d_head]]",,,"[[B, n_h, T, d_head/2]]",[799],11,self_attention,,1,transformer.h.11.self_attention,aten.slice.Tensor,[],prefill,True
809,self_attention,,neg,"[[B, n_h, T, d_head/2]]",,,"[[B, n_h, T, d_head/2]]",[808],11,self_attention,,1,transformer.h.11.self_attention,aten.neg.default,[],prefill,False
810,self_attention,,concat,"[[B, n_h, T, d_head/2], [B, n_h, T, d_head/2]]",,,"[[B, n_h, T, d_head]]","[807, 809]",11,self_attention,,1,transformer.h.11.self_attention,aten.cat.default,[],prefill,False
811,self_attention,,elementwise_mul,"[[B, n_h, T, d_head], [B, 1, T, d_head]]",,,"[[B, n_h, T, d_head]]","[805, 810]",11,self_attention,,1,transformer.h.11.self_attention,aten.mul.Tensor,[],prefill,False
812,self_attention,,elementwise_add,"[[B, n_h, T, d_head], [B, n_h, T, d_head]]",,,"[[B, n_h, T, d_head]]","[806, 811]",11,self_attention,,1,transformer.h.11.self_attention,aten.add.Tensor,[],prefill,False
813,self_attention,,elementwise_mul,"[[B, 1, T, d_head], [B, 1, T, d_head]]",,,"[[B, 1, T, d_head]]","[801, 804]",11,self_attention,,1,transformer.h.11.self_attention,aten.mul.Tensor,[],prefill,False
814,self_attention,,slice,"[[B, 1, T, d_head]]",,,"[[B, 1, T, d_head/2]]",[801],11,self_attention,,1,transformer.h.11.self_attention,aten.slice.Tensor,[],prefill,True
815,self_attention,,slice,"[[B, 1, T, d_head]]",,,"[[B, 1, T, d_head/2]]",[801],11,self_attention,,1,transformer.h.11.self_attention,aten.slice.Tensor,[],prefill,True
816,self_attention,,neg,"[[B, 1, T, d_head/2]]",,,"[[B, 1, T, d_head/2]]",[815],11,self_attention,,1,transformer.h.11.self_attention,aten.neg.default,[],prefill,False
817,self_attention,,concat,"[[B, 1, T, d_head/2], [B, 1, T, d_head/2]]",,,"[[B, 1, T, d_head]]","[814, 816]",11,self_attention,,1,transformer.h.11.self_attention,aten.cat.default,[],prefill,False
818,self_attention,,elementwise_mul,"[[B, 1, T, d_head], [B, 1, T, d_head]]",,,"[[B, 1, T, d_head]]","[805, 817]",11,self_attention,,1,transformer.h.11.self_attention,aten.mul.Tensor,[],prefill,False
819,self_attention,,elementwise_add,"[[B, 1, T, d_head], [B, 1, T, d_head]]",,,"[[B, 1, T, d_head]]","[813, 818]",11,self_attention,,1,transformer.h.11.self_attention,aten.add.Tensor,[],prefill,False
820,self_attention,,concat,"[[0], [B, 1, T, d_head]]",,,"[[B, 1, T, d_head]]",[819],11,self_attention,,1,transformer.h.11.self_attention,aten.cat.default,[],prefill,False
821,self_attention,,concat,"[[0], [B, 1, T, d_head]]",,,"[[B, 1, T, d_head]]",[803],11,self_attention,,1,transformer.h.11.self_attention,aten.cat.default,[],prefill,False
822,self_attention,,transpose,"[[B, 1, T, d_head]]",,,"[[B, 1, d_head, T]]",[820],11,self_attention,,1,transformer.h.11.self_attention,aten.transpose.int,[],prefill,True
823,self_attention,,expand,"[[B, n_h, T, d_head]]",,,"[[B, n_h, T, d_head]]",[812],11,self_attention,,1,transformer.h.11.self_attention,aten.expand.default,[],prefill,True
824,self_attention,,view,"[[B, n_h, T, d_head]]",,,"[[n_h, T, d_head]]",[823],11,self_attention,,1,transformer.h.11.self_attention,aten.view.default,[],prefill,True
825,self_attention,,expand,"[[B, 1, d_head, T]]",,,"[[B, n_h, d_head, T]]",[822],11,self_attention,,1,transformer.h.11.self_attention,aten.expand.default,[],prefill,True
826,self_attention,,view,"[[B, n_h, d_head, T]]",,,"[[n_h, d_head, T]]",[825],11,self_attention,,1,transformer.h.11.self_attention,aten.view.default,[],prefill,True
827,self_attention,,batched_matmul,"[[n_h, T, d_head], [n_h, d_head, T]]",,,"[[n_h, T, T]]","[824, 826]",11,self_attention,,1,transformer.h.11.self_attention,aten.bmm.default,[],prefill,False
828,self_attention,,_unsafe_view,"[[n_h, T, T]]",,,"[[B, n_h, T, T]]",[827],11,self_attention,,1,transformer.h.11.self_attention,aten._unsafe_view.default,[],prefill,True
829,self_attention,,div_,"[[B, n_h, T, T]]",,,"[[B, n_h, T, T]]",[828],11,self_attention,,1,transformer.h.11.self_attention,aten.div_.Tensor,[],prefill,True
830,self_attention,,elementwise_add,"[[B, n_h, T, T], [B, 1, T, T]]",,,"[[B, n_h, T, T]]","[21, 829]",11,self_attention,,1,transformer.h.11.self_attention,aten.add.Tensor,[],prefill,False
831,self_attention,,softmax,"[[B, n_h, T, T]]",,,"[[B, n_h, T, T]]",[830],11,self_attention,,1,transformer.h.11.self_attention,aten._softmax.default,[],prefill,False
832,self_attention,,expand,"[[B, n_h, T, T]]",,,"[[B, n_h, T, T]]",[831],11,self_attention,,1,transformer.h.11.self_attention,aten.expand.default,[],prefill,True
833,self_attention,,view,"[[B, n_h, T, T]]",,,"[[n_h, T, T]]",[832],11,self_attention,,1,transformer.h.11.self_attention,aten.view.default,[],prefill,True
834,self_attention,,expand,"[[B, 1, T, d_head]]",,,"[[B, n_h, T, d_head]]",[821],11,self_attention,,1,transformer.h.11.self_attention,aten.expand.default,[],prefill,True
835,self_attention,,view,"[[B, n_h, T, d_head]]",,,"[[n_h, T, d_head]]",[834],11,self_attention,,1,transformer.h.11.self_attention,aten.view.default,[],prefill,True
836,self_attention,,batched_matmul,"[[n_h, T, T], [n_h, T, d_head]]",,,"[[n_h, T, d_head]]","[833, 835]",11,self_attention,,1,transformer.h.11.self_attention,aten.bmm.default,[],prefill,False
837,self_attention,,_unsafe_view,"[[n_h, T, d_head]]",,,"[[B, n_h, T, d_head]]",[836],11,self_attention,,1,transformer.h.11.self_attention,aten._unsafe_view.default,[],prefill,True
838,self_attention,,view,"[[B, n_h, T, d_head]]",,,"[[B, n_h, T, d_head]]",[837],11,self_attention,,1,transformer.h.11.self_attention,aten.view.default,[],prefill,True
839,self_attention,,permute,"[[B, n_h, T, d_head]]",,,"[[B, T, n_h, d_head]]",[838],11,self_attention,,1,transformer.h.11.self_attention,aten.permute.default,[],prefill,True
840,self_attention,,clone,"[[B, T, n_h, d_head]]",,,"[[B, T, n_h, d_head]]",[839],11,self_attention,,1,transformer.h.11.self_attention,aten.clone.default,[],prefill,True
841,self_attention,,_unsafe_view,"[[B, T, n_h, d_head]]",,,"[[B, T, n_h*d_head]]",[840],11,self_attention,,1,transformer.h.11.self_attention,aten._unsafe_view.default,[],prefill,True
842,self_attention,dense,permute,"[[d_model, n_h*d_head]]","[d_model, n_h*d_head]",0,"[[n_h*d_head, d_model]]",[],11,self_attention,dense,2,transformer.h.11.self_attention.dense,aten.permute.default,[transformer.h.11.self_attention.dense.weight],prefill,True
843,self_attention,dense,view,"[[B, T, n_h*d_head]]",,,"[[T, n_h*d_head]]",[841],11,self_attention,dense,2,transformer.h.11.self_attention.dense,aten.view.default,[],prefill,True
844,self_attention,dense,matmul,"[[T, n_h*d_head], [n_h*d_head, d_model]]","[d_model, n_h*d_head]",1,"[[T, d_model]]","[842, 843]",11,self_attention,dense,2,transformer.h.11.self_attention.dense,aten.mm.default,[transformer.h.11.self_attention.dense.weight],prefill,False
845,self_attention,dense,_unsafe_view,"[[T, d_model]]",,,"[[B, T, d_model]]",[844],11,self_attention,dense,2,transformer.h.11.self_attention.dense,aten._unsafe_view.default,[],prefill,True
846,mlp,dense_h_to_4h,permute,"[[d_ff, d_model]]","[d_ff, d_model]",0,"[[d_model, d_ff]]",[],11,mlp,dense_h_to_4h,2,transformer.h.11.mlp.dense_h_to_4h,aten.permute.default,[transformer.h.11.mlp.dense_h_to_4h.weight],prefill,True
847,mlp,dense_h_to_4h,view,"[[B, T, d_model]]",,,"[[T, d_model]]",[789],11,mlp,dense_h_to_4h,2,transformer.h.11.mlp.dense_h_to_4h,aten.view.default,[],prefill,True
848,mlp,dense_h_to_4h,matmul,"[[T, d_model], [d_model, d_ff]]","[d_ff, d_model]",1,"[[T, d_ff]]","[846, 847]",11,mlp,dense_h_to_4h,2,transformer.h.11.mlp.dense_h_to_4h,aten.mm.default,[transformer.h.11.mlp.dense_h_to_4h.weight],prefill,False
849,mlp,dense_h_to_4h,_unsafe_view,"[[T, d_ff]]",,,"[[B, T, d_ff]]",[848],11,mlp,dense_h_to_4h,2,transformer.h.11.mlp.dense_h_to_4h,aten._unsafe_view.default,[],prefill,True
850,mlp,act,gelu,"[[B, T, d_ff]]",,,"[[B, T, d_ff]]",[849],11,mlp,act,2,transformer.h.11.mlp.act,aten.gelu.default,[],prefill,False
851,mlp,dense_4h_to_h,permute,"[[d_model, d_ff]]","[d_model, d_ff]",0,"[[d_ff, d_model]]",[],11,mlp,dense_4h_to_h,2,transformer.h.11.mlp.dense_4h_to_h,aten.permute.default,[transformer.h.11.mlp.dense_4h_to_h.weight],prefill,True
852,mlp,dense_4h_to_h,view,"[[B, T, d_ff]]",,,"[[T, d_ff]]",[850],11,mlp,dense_4h_to_h,2,transformer.h.11.mlp.dense_4h_to_h,aten.view.default,[],prefill,True
853,mlp,dense_4h_to_h,matmul,"[[T, d_ff], [d_ff, d_model]]","[d_model, d_ff]",1,"[[T, d_model]]","[851, 852]",11,mlp,dense_4h_to_h,2,transformer.h.11.mlp.dense_4h_to_h,aten.mm.default,[transformer.h.11.mlp.dense_4h_to_h.weight],prefill,False
854,mlp,dense_4h_to_h,_unsafe_view,"[[T, d_model]]",,,"[[B, T, d_model]]",[853],11,mlp,dense_4h_to_h,2,transformer.h.11.mlp.dense_4h_to_h,aten._unsafe_view.default,[],prefill,True
855,,,add_,"[[B, T, d_model], [B, T, d_model]]",,,"[[B, T, d_model]]","[845, 854]",11,,,0,transformer.h.11,aten.add_.Tensor,[],prefill,True
856,,,elementwise_add,"[[B, T, d_model], [B, T, d_model]]",,,"[[B, T, d_model]]","[788, 855]",11,,,0,transformer.h.11,aten.add.Tensor,[],prefill,False
857,input_layernorm,,layernorm,"[[B, T, d_model], [d_model], [d_model]]",,,"[[B, T, d_model], [B, T, 1], [B, T, 1]]",[856],12,input_layernorm,,1,transformer.h.12.input_layernorm,aten.native_layer_norm.default,"[transformer.h.12.input_layernorm.bias, transformer.h.12.input_layernorm.weight]",prefill,False
858,self_attention,query_key_value,permute,"[[(n_h+2*n_kv)*d_head, d_model]]","[(n_h+2*n_kv)*d_head, d_model]",0,"[[d_model, (n_h+2*n_kv)*d_head]]",[],12,self_attention,query_key_value,2,transformer.h.12.self_attention.query_key_value,aten.permute.default,[transformer.h.12.self_attention.query_key_value.weight],prefill,True
859,self_attention,query_key_value,view,"[[B, T, d_model]]",,,"[[T, d_model]]",[857],12,self_attention,query_key_value,2,transformer.h.12.self_attention.query_key_value,aten.view.default,[],prefill,True
860,self_attention,query_key_value,matmul,"[[T, d_model], [d_model, (n_h+2*n_kv)*d_head]]","[(n_h+2*n_kv)*d_head, d_model]",1,"[[T, (n_h+2*n_kv)*d_head]]","[858, 859]",12,self_attention,query_key_value,2,transformer.h.12.self_attention.query_key_value,aten.mm.default,[transformer.h.12.self_attention.query_key_value.weight],prefill,False
861,self_attention,query_key_value,_unsafe_view,"[[T, (n_h+2*n_kv)*d_head]]",,,"[[B, T, (n_h+2*n_kv)*d_head]]",[860],12,self_attention,query_key_value,2,transformer.h.12.self_attention.query_key_value,aten._unsafe_view.default,[],prefill,True
862,self_attention,,view,"[[B, T, (n_h+2*n_kv)*d_head]]",,,"[[B, T, n_h+2*n_kv, d_head]]",[861],12,self_attention,,1,transformer.h.12.self_attention,aten.view.default,[],prefill,True
863,self_attention,,slice,"[[B, T, n_h+2*n_kv, d_head]]",,,"[[B, T, n_h, d_head]]",[862],12,self_attention,,1,transformer.h.12.self_attention,aten.slice.Tensor,[],prefill,True
864,self_attention,,index,"[[B, T, n_h+2*n_kv, d_head], [B]]",,,"[[B, T, 1, d_head]]",[862],12,self_attention,,1,transformer.h.12.self_attention,aten.index.Tensor,[],prefill,True
865,self_attention,,index,"[[B, T, n_h+2*n_kv, d_head], [B]]",,,"[[B, T, 1, d_head]]",[862],12,self_attention,,1,transformer.h.12.self_attention,aten.index.Tensor,[],prefill,True
866,self_attention,,transpose,"[[B, T, n_h, d_head]]",,,"[[B, n_h, T, d_head]]",[863],12,self_attention,,1,transformer.h.12.self_attention,aten.transpose.int,[],prefill,True
867,self_attention,,view,"[[B, n_h, T, d_head]]",,,"[[B, n_h, T, d_head]]",[866],12,self_attention,,1,transformer.h.12.self_attention,aten.view.default,[],prefill,True
868,self_attention,,transpose,"[[B, T, 1, d_head]]",,,"[[B, 1, T, d_head]]",[864],12,self_attention,,1,transformer.h.12.self_attention,aten.transpose.int,[],prefill,True
869,self_attention,,view,"[[B, 1, T, d_head]]",,,"[[B, 1, T, d_head]]",[868],12,self_attention,,1,transformer.h.12.self_attention,aten.view.default,[],prefill,True
870,self_attention,,transpose,"[[B, T, 1, d_head]]",,,"[[B, 1, T, d_head]]",[865],12,self_attention,,1,transformer.h.12.self_attention,aten.transpose.int,[],prefill,True
871,self_attention,,view,"[[B, 1, T, d_head]]",,,"[[B, 1, T, d_head]]",[870],12,self_attention,,1,transformer.h.12.self_attention,aten.view.default,[],prefill,True
872,self_attention,,unsqueeze,"[[B, T, d_head]]",,,"[[B, 1, T, d_head]]",[39],12,self_attention,,1,transformer.h.12.self_attention,aten.unsqueeze.default,[],prefill,True
873,self_attention,,unsqueeze,"[[B, T, d_head]]",,,"[[B, 1, T, d_head]]",[40],12,self_attention,,1,transformer.h.12.self_attention,aten.unsqueeze.default,[],prefill,True
874,self_attention,,elementwise_mul,"[[B, n_h, T, d_head], [B, 1, T, d_head]]",,,"[[B, n_h, T, d_head]]","[867, 872]",12,self_attention,,1,transformer.h.12.self_attention,aten.mul.Tensor,[],prefill,False
875,self_attention,,slice,"[[B, n_h, T, d_head]]",,,"[[B, n_h, T, d_head/2]]",[867],12,self_attention,,1,transformer.h.12.self_attention,aten.slice.Tensor,[],prefill,True
876,self_attention,,slice,"[[B, n_h, T, d_head]]",,,"[[B, n_h, T, d_head/2]]",[867],12,self_attention,,1,transformer.h.12.self_attention,aten.slice.Tensor,[],prefill,True
877,self_attention,,neg,"[[B, n_h, T, d_head/2]]",,,"[[B, n_h, T, d_head/2]]",[876],12,self_attention,,1,transformer.h.12.self_attention,aten.neg.default,[],prefill,False
878,self_attention,,concat,"[[B, n_h, T, d_head/2], [B, n_h, T, d_head/2]]",,,"[[B, n_h, T, d_head]]","[875, 877]",12,self_attention,,1,transformer.h.12.self_attention,aten.cat.default,[],prefill,False
879,self_attention,,elementwise_mul,"[[B, n_h, T, d_head], [B, 1, T, d_head]]",,,"[[B, n_h, T, d_head]]","[873, 878]",12,self_attention,,1,transformer.h.12.self_attention,aten.mul.Tensor,[],prefill,False
880,self_attention,,elementwise_add,"[[B, n_h, T, d_head], [B, n_h, T, d_head]]",,,"[[B, n_h, T, d_head]]","[874, 879]",12,self_attention,,1,transformer.h.12.self_attention,aten.add.Tensor,[],prefill,False
881,self_attention,,elementwise_mul,"[[B, 1, T, d_head], [B, 1, T, d_head]]",,,"[[B, 1, T, d_head]]","[869, 872]",12,self_attention,,1,transformer.h.12.self_attention,aten.mul.Tensor,[],prefill,False
882,self_attention,,slice,"[[B, 1, T, d_head]]",,,"[[B, 1, T, d_head/2]]",[869],12,self_attention,,1,transformer.h.12.self_attention,aten.slice.Tensor,[],prefill,True
883,self_attention,,slice,"[[B, 1, T, d_head]]",,,"[[B, 1, T, d_head/2]]",[869],12,self_attention,,1,transformer.h.12.self_attention,aten.slice.Tensor,[],prefill,True
884,self_attention,,neg,"[[B, 1, T, d_head/2]]",,,"[[B, 1, T, d_head/2]]",[883],12,self_attention,,1,transformer.h.12.self_attention,aten.neg.default,[],prefill,False
885,self_attention,,concat,"[[B, 1, T, d_head/2], [B, 1, T, d_head/2]]",,,"[[B, 1, T, d_head]]","[882, 884]",12,self_attention,,1,transformer.h.12.self_attention,aten.cat.default,[],prefill,False
886,self_attention,,elementwise_mul,"[[B, 1, T, d_head], [B, 1, T, d_head]]",,,"[[B, 1, T, d_head]]","[873, 885]",12,self_attention,,1,transformer.h.12.self_attention,aten.mul.Tensor,[],prefill,False
887,self_attention,,elementwise_add,"[[B, 1, T, d_head], [B, 1, T, d_head]]",,,"[[B, 1, T, d_head]]","[881, 886]",12,self_attention,,1,transformer.h.12.self_attention,aten.add.Tensor,[],prefill,False
888,self_attention,,concat,"[[0], [B, 1, T, d_head]]",,,"[[B, 1, T, d_head]]",[887],12,self_attention,,1,transformer.h.12.self_attention,aten.cat.default,[],prefill,False
889,self_attention,,concat,"[[0], [B, 1, T, d_head]]",,,"[[B, 1, T, d_head]]",[871],12,self_attention,,1,transformer.h.12.self_attention,aten.cat.default,[],prefill,False
890,self_attention,,transpose,"[[B, 1, T, d_head]]",,,"[[B, 1, d_head, T]]",[888],12,self_attention,,1,transformer.h.12.self_attention,aten.transpose.int,[],prefill,True
891,self_attention,,expand,"[[B, n_h, T, d_head]]",,,"[[B, n_h, T, d_head]]",[880],12,self_attention,,1,transformer.h.12.self_attention,aten.expand.default,[],prefill,True
892,self_attention,,view,"[[B, n_h, T, d_head]]",,,"[[n_h, T, d_head]]",[891],12,self_attention,,1,transformer.h.12.self_attention,aten.view.default,[],prefill,True
893,self_attention,,expand,"[[B, 1, d_head, T]]",,,"[[B, n_h, d_head, T]]",[890],12,self_attention,,1,transformer.h.12.self_attention,aten.expand.default,[],prefill,True
894,self_attention,,view,"[[B, n_h, d_head, T]]",,,"[[n_h, d_head, T]]",[893],12,self_attention,,1,transformer.h.12.self_attention,aten.view.default,[],prefill,True
895,self_attention,,batched_matmul,"[[n_h, T, d_head], [n_h, d_head, T]]",,,"[[n_h, T, T]]","[892, 894]",12,self_attention,,1,transformer.h.12.self_attention,aten.bmm.default,[],prefill,False
896,self_attention,,_unsafe_view,"[[n_h, T, T]]",,,"[[B, n_h, T, T]]",[895],12,self_attention,,1,transformer.h.12.self_attention,aten._unsafe_view.default,[],prefill,True
897,self_attention,,div_,"[[B, n_h, T, T]]",,,"[[B, n_h, T, T]]",[896],12,self_attention,,1,transformer.h.12.self_attention,aten.div_.Tensor,[],prefill,True
898,self_attention,,elementwise_add,"[[B, n_h, T, T], [B, 1, T, T]]",,,"[[B, n_h, T, T]]","[21, 897]",12,self_attention,,1,transformer.h.12.self_attention,aten.add.Tensor,[],prefill,False
899,self_attention,,softmax,"[[B, n_h, T, T]]",,,"[[B, n_h, T, T]]",[898],12,self_attention,,1,transformer.h.12.self_attention,aten._softmax.default,[],prefill,False
900,self_attention,,expand,"[[B, n_h, T, T]]",,,"[[B, n_h, T, T]]",[899],12,self_attention,,1,transformer.h.12.self_attention,aten.expand.default,[],prefill,True
901,self_attention,,view,"[[B, n_h, T, T]]",,,"[[n_h, T, T]]",[900],12,self_attention,,1,transformer.h.12.self_attention,aten.view.default,[],prefill,True
902,self_attention,,expand,"[[B, 1, T, d_head]]",,,"[[B, n_h, T, d_head]]",[889],12,self_attention,,1,transformer.h.12.self_attention,aten.expand.default,[],prefill,True
903,self_attention,,view,"[[B, n_h, T, d_head]]",,,"[[n_h, T, d_head]]",[902],12,self_attention,,1,transformer.h.12.self_attention,aten.view.default,[],prefill,True
904,self_attention,,batched_matmul,"[[n_h, T, T], [n_h, T, d_head]]",,,"[[n_h, T, d_head]]","[901, 903]",12,self_attention,,1,transformer.h.12.self_attention,aten.bmm.default,[],prefill,False
905,self_attention,,_unsafe_view,"[[n_h, T, d_head]]",,,"[[B, n_h, T, d_head]]",[904],12,self_attention,,1,transformer.h.12.self_attention,aten._unsafe_view.default,[],prefill,True
906,self_attention,,view,"[[B, n_h, T, d_head]]",,,"[[B, n_h, T, d_head]]",[905],12,self_attention,,1,transformer.h.12.self_attention,aten.view.default,[],prefill,True
907,self_attention,,permute,"[[B, n_h, T, d_head]]",,,"[[B, T, n_h, d_head]]",[906],12,self_attention,,1,transformer.h.12.self_attention,aten.permute.default,[],prefill,True
908,self_attention,,clone,"[[B, T, n_h, d_head]]",,,"[[B, T, n_h, d_head]]",[907],12,self_attention,,1,transformer.h.12.self_attention,aten.clone.default,[],prefill,True
909,self_attention,,_unsafe_view,"[[B, T, n_h, d_head]]",,,"[[B, T, n_h*d_head]]",[908],12,self_attention,,1,transformer.h.12.self_attention,aten._unsafe_view.default,[],prefill,True
910,self_attention,dense,permute,"[[d_model, n_h*d_head]]","[d_model, n_h*d_head]",0,"[[n_h*d_head, d_model]]",[],12,self_attention,dense,2,transformer.h.12.self_attention.dense,aten.permute.default,[transformer.h.12.self_attention.dense.weight],prefill,True
911,self_attention,dense,view,"[[B, T, n_h*d_head]]",,,"[[T, n_h*d_head]]",[909],12,self_attention,dense,2,transformer.h.12.self_attention.dense,aten.view.default,[],prefill,True
912,self_attention,dense,matmul,"[[T, n_h*d_head], [n_h*d_head, d_model]]","[d_model, n_h*d_head]",1,"[[T, d_model]]","[910, 911]",12,self_attention,dense,2,transformer.h.12.self_attention.dense,aten.mm.default,[transformer.h.12.self_attention.dense.weight],prefill,False
913,self_attention,dense,_unsafe_view,"[[T, d_model]]",,,"[[B, T, d_model]]",[912],12,self_attention,dense,2,transformer.h.12.self_attention.dense,aten._unsafe_view.default,[],prefill,True
914,mlp,dense_h_to_4h,permute,"[[d_ff, d_model]]","[d_ff, d_model]",0,"[[d_model, d_ff]]",[],12,mlp,dense_h_to_4h,2,transformer.h.12.mlp.dense_h_to_4h,aten.permute.default,[transformer.h.12.mlp.dense_h_to_4h.weight],prefill,True
915,mlp,dense_h_to_4h,view,"[[B, T, d_model]]",,,"[[T, d_model]]",[857],12,mlp,dense_h_to_4h,2,transformer.h.12.mlp.dense_h_to_4h,aten.view.default,[],prefill,True
916,mlp,dense_h_to_4h,matmul,"[[T, d_model], [d_model, d_ff]]","[d_ff, d_model]",1,"[[T, d_ff]]","[914, 915]",12,mlp,dense_h_to_4h,2,transformer.h.12.mlp.dense_h_to_4h,aten.mm.default,[transformer.h.12.mlp.dense_h_to_4h.weight],prefill,False
917,mlp,dense_h_to_4h,_unsafe_view,"[[T, d_ff]]",,,"[[B, T, d_ff]]",[916],12,mlp,dense_h_to_4h,2,transformer.h.12.mlp.dense_h_to_4h,aten._unsafe_view.default,[],prefill,True
918,mlp,act,gelu,"[[B, T, d_ff]]",,,"[[B, T, d_ff]]",[917],12,mlp,act,2,transformer.h.12.mlp.act,aten.gelu.default,[],prefill,False
919,mlp,dense_4h_to_h,permute,"[[d_model, d_ff]]","[d_model, d_ff]",0,"[[d_ff, d_model]]",[],12,mlp,dense_4h_to_h,2,transformer.h.12.mlp.dense_4h_to_h,aten.permute.default,[transformer.h.12.mlp.dense_4h_to_h.weight],prefill,True
920,mlp,dense_4h_to_h,view,"[[B, T, d_ff]]",,,"[[T, d_ff]]",[918],12,mlp,dense_4h_to_h,2,transformer.h.12.mlp.dense_4h_to_h,aten.view.default,[],prefill,True
921,mlp,dense_4h_to_h,matmul,"[[T, d_ff], [d_ff, d_model]]","[d_model, d_ff]",1,"[[T, d_model]]","[919, 920]",12,mlp,dense_4h_to_h,2,transformer.h.12.mlp.dense_4h_to_h,aten.mm.default,[transformer.h.12.mlp.dense_4h_to_h.weight],prefill,False
922,mlp,dense_4h_to_h,_unsafe_view,"[[T, d_model]]",,,"[[B, T, d_model]]",[921],12,mlp,dense_4h_to_h,2,transformer.h.12.mlp.dense_4h_to_h,aten._unsafe_view.default,[],prefill,True
923,,,add_,"[[B, T, d_model], [B, T, d_model]]",,,"[[B, T, d_model]]","[913, 922]",12,,,0,transformer.h.12,aten.add_.Tensor,[],prefill,True
924,,,elementwise_add,"[[B, T, d_model], [B, T, d_model]]",,,"[[B, T, d_model]]","[856, 923]",12,,,0,transformer.h.12,aten.add.Tensor,[],prefill,False
925,input_layernorm,,layernorm,"[[B, T, d_model], [d_model], [d_model]]",,,"[[B, T, d_model], [B, T, 1], [B, T, 1]]",[924],13,input_layernorm,,1,transformer.h.13.input_layernorm,aten.native_layer_norm.default,"[transformer.h.13.input_layernorm.bias, transformer.h.13.input_layernorm.weight]",prefill,False
926,self_attention,query_key_value,permute,"[[(n_h+2*n_kv)*d_head, d_model]]","[(n_h+2*n_kv)*d_head, d_model]",0,"[[d_model, (n_h+2*n_kv)*d_head]]",[],13,self_attention,query_key_value,2,transformer.h.13.self_attention.query_key_value,aten.permute.default,[transformer.h.13.self_attention.query_key_value.weight],prefill,True
927,self_attention,query_key_value,view,"[[B, T, d_model]]",,,"[[T, d_model]]",[925],13,self_attention,query_key_value,2,transformer.h.13.self_attention.query_key_value,aten.view.default,[],prefill,True
928,self_attention,query_key_value,matmul,"[[T, d_model], [d_model, (n_h+2*n_kv)*d_head]]","[(n_h+2*n_kv)*d_head, d_model]",1,"[[T, (n_h+2*n_kv)*d_head]]","[926, 927]",13,self_attention,query_key_value,2,transformer.h.13.self_attention.query_key_value,aten.mm.default,[transformer.h.13.self_attention.query_key_value.weight],prefill,False
929,self_attention,query_key_value,_unsafe_view,"[[T, (n_h+2*n_kv)*d_head]]",,,"[[B, T, (n_h+2*n_kv)*d_head]]",[928],13,self_attention,query_key_value,2,transformer.h.13.self_attention.query_key_value,aten._unsafe_view.default,[],prefill,True
930,self_attention,,view,"[[B, T, (n_h+2*n_kv)*d_head]]",,,"[[B, T, n_h+2*n_kv, d_head]]",[929],13,self_attention,,1,transformer.h.13.self_attention,aten.view.default,[],prefill,True
931,self_attention,,slice,"[[B, T, n_h+2*n_kv, d_head]]",,,"[[B, T, n_h, d_head]]",[930],13,self_attention,,1,transformer.h.13.self_attention,aten.slice.Tensor,[],prefill,True
932,self_attention,,index,"[[B, T, n_h+2*n_kv, d_head], [B]]",,,"[[B, T, 1, d_head]]",[930],13,self_attention,,1,transformer.h.13.self_attention,aten.index.Tensor,[],prefill,True
933,self_attention,,index,"[[B, T, n_h+2*n_kv, d_head], [B]]",,,"[[B, T, 1, d_head]]",[930],13,self_attention,,1,transformer.h.13.self_attention,aten.index.Tensor,[],prefill,True
934,self_attention,,transpose,"[[B, T, n_h, d_head]]",,,"[[B, n_h, T, d_head]]",[931],13,self_attention,,1,transformer.h.13.self_attention,aten.transpose.int,[],prefill,True
935,self_attention,,view,"[[B, n_h, T, d_head]]",,,"[[B, n_h, T, d_head]]",[934],13,self_attention,,1,transformer.h.13.self_attention,aten.view.default,[],prefill,True
936,self_attention,,transpose,"[[B, T, 1, d_head]]",,,"[[B, 1, T, d_head]]",[932],13,self_attention,,1,transformer.h.13.self_attention,aten.transpose.int,[],prefill,True
937,self_attention,,view,"[[B, 1, T, d_head]]",,,"[[B, 1, T, d_head]]",[936],13,self_attention,,1,transformer.h.13.self_attention,aten.view.default,[],prefill,True
938,self_attention,,transpose,"[[B, T, 1, d_head]]",,,"[[B, 1, T, d_head]]",[933],13,self_attention,,1,transformer.h.13.self_attention,aten.transpose.int,[],prefill,True
939,self_attention,,view,"[[B, 1, T, d_head]]",,,"[[B, 1, T, d_head]]",[938],13,self_attention,,1,transformer.h.13.self_attention,aten.view.default,[],prefill,True
940,self_attention,,unsqueeze,"[[B, T, d_head]]",,,"[[B, 1, T, d_head]]",[39],13,self_attention,,1,transformer.h.13.self_attention,aten.unsqueeze.default,[],prefill,True
941,self_attention,,unsqueeze,"[[B, T, d_head]]",,,"[[B, 1, T, d_head]]",[40],13,self_attention,,1,transformer.h.13.self_attention,aten.unsqueeze.default,[],prefill,True
942,self_attention,,elementwise_mul,"[[B, n_h, T, d_head], [B, 1, T, d_head]]",,,"[[B, n_h, T, d_head]]","[935, 940]",13,self_attention,,1,transformer.h.13.self_attention,aten.mul.Tensor,[],prefill,False
943,self_attention,,slice,"[[B, n_h, T, d_head]]",,,"[[B, n_h, T, d_head/2]]",[935],13,self_attention,,1,transformer.h.13.self_attention,aten.slice.Tensor,[],prefill,True
944,self_attention,,slice,"[[B, n_h, T, d_head]]",,,"[[B, n_h, T, d_head/2]]",[935],13,self_attention,,1,transformer.h.13.self_attention,aten.slice.Tensor,[],prefill,True
945,self_attention,,neg,"[[B, n_h, T, d_head/2]]",,,"[[B, n_h, T, d_head/2]]",[944],13,self_attention,,1,transformer.h.13.self_attention,aten.neg.default,[],prefill,False
946,self_attention,,concat,"[[B, n_h, T, d_head/2], [B, n_h, T, d_head/2]]",,,"[[B, n_h, T, d_head]]","[943, 945]",13,self_attention,,1,transformer.h.13.self_attention,aten.cat.default,[],prefill,False
947,self_attention,,elementwise_mul,"[[B, n_h, T, d_head], [B, 1, T, d_head]]",,,"[[B, n_h, T, d_head]]","[941, 946]",13,self_attention,,1,transformer.h.13.self_attention,aten.mul.Tensor,[],prefill,False
948,self_attention,,elementwise_add,"[[B, n_h, T, d_head], [B, n_h, T, d_head]]",,,"[[B, n_h, T, d_head]]","[942, 947]",13,self_attention,,1,transformer.h.13.self_attention,aten.add.Tensor,[],prefill,False
949,self_attention,,elementwise_mul,"[[B, 1, T, d_head], [B, 1, T, d_head]]",,,"[[B, 1, T, d_head]]","[937, 940]",13,self_attention,,1,transformer.h.13.self_attention,aten.mul.Tensor,[],prefill,False
950,self_attention,,slice,"[[B, 1, T, d_head]]",,,"[[B, 1, T, d_head/2]]",[937],13,self_attention,,1,transformer.h.13.self_attention,aten.slice.Tensor,[],prefill,True
951,self_attention,,slice,"[[B, 1, T, d_head]]",,,"[[B, 1, T, d_head/2]]",[937],13,self_attention,,1,transformer.h.13.self_attention,aten.slice.Tensor,[],prefill,True
952,self_attention,,neg,"[[B, 1, T, d_head/2]]",,,"[[B, 1, T, d_head/2]]",[951],13,self_attention,,1,transformer.h.13.self_attention,aten.neg.default,[],prefill,False
953,self_attention,,concat,"[[B, 1, T, d_head/2], [B, 1, T, d_head/2]]",,,"[[B, 1, T, d_head]]","[950, 952]",13,self_attention,,1,transformer.h.13.self_attention,aten.cat.default,[],prefill,False
954,self_attention,,elementwise_mul,"[[B, 1, T, d_head], [B, 1, T, d_head]]",,,"[[B, 1, T, d_head]]","[941, 953]",13,self_attention,,1,transformer.h.13.self_attention,aten.mul.Tensor,[],prefill,False
955,self_attention,,elementwise_add,"[[B, 1, T, d_head], [B, 1, T, d_head]]",,,"[[B, 1, T, d_head]]","[949, 954]",13,self_attention,,1,transformer.h.13.self_attention,aten.add.Tensor,[],prefill,False
956,self_attention,,concat,"[[0], [B, 1, T, d_head]]",,,"[[B, 1, T, d_head]]",[955],13,self_attention,,1,transformer.h.13.self_attention,aten.cat.default,[],prefill,False
957,self_attention,,concat,"[[0], [B, 1, T, d_head]]",,,"[[B, 1, T, d_head]]",[939],13,self_attention,,1,transformer.h.13.self_attention,aten.cat.default,[],prefill,False
958,self_attention,,transpose,"[[B, 1, T, d_head]]",,,"[[B, 1, d_head, T]]",[956],13,self_attention,,1,transformer.h.13.self_attention,aten.transpose.int,[],prefill,True
959,self_attention,,expand,"[[B, n_h, T, d_head]]",,,"[[B, n_h, T, d_head]]",[948],13,self_attention,,1,transformer.h.13.self_attention,aten.expand.default,[],prefill,True
960,self_attention,,view,"[[B, n_h, T, d_head]]",,,"[[n_h, T, d_head]]",[959],13,self_attention,,1,transformer.h.13.self_attention,aten.view.default,[],prefill,True
961,self_attention,,expand,"[[B, 1, d_head, T]]",,,"[[B, n_h, d_head, T]]",[958],13,self_attention,,1,transformer.h.13.self_attention,aten.expand.default,[],prefill,True
962,self_attention,,view,"[[B, n_h, d_head, T]]",,,"[[n_h, d_head, T]]",[961],13,self_attention,,1,transformer.h.13.self_attention,aten.view.default,[],prefill,True
963,self_attention,,batched_matmul,"[[n_h, T, d_head], [n_h, d_head, T]]",,,"[[n_h, T, T]]","[960, 962]",13,self_attention,,1,transformer.h.13.self_attention,aten.bmm.default,[],prefill,False
964,self_attention,,_unsafe_view,"[[n_h, T, T]]",,,"[[B, n_h, T, T]]",[963],13,self_attention,,1,transformer.h.13.self_attention,aten._unsafe_view.default,[],prefill,True
965,self_attention,,div_,"[[B, n_h, T, T]]",,,"[[B, n_h, T, T]]",[964],13,self_attention,,1,transformer.h.13.self_attention,aten.div_.Tensor,[],prefill,True
966,self_attention,,elementwise_add,"[[B, n_h, T, T], [B, 1, T, T]]",,,"[[B, n_h, T, T]]","[21, 965]",13,self_attention,,1,transformer.h.13.self_attention,aten.add.Tensor,[],prefill,False
967,self_attention,,softmax,"[[B, n_h, T, T]]",,,"[[B, n_h, T, T]]",[966],13,self_attention,,1,transformer.h.13.self_attention,aten._softmax.default,[],prefill,False
968,self_attention,,expand,"[[B, n_h, T, T]]",,,"[[B, n_h, T, T]]",[967],13,self_attention,,1,transformer.h.13.self_attention,aten.expand.default,[],prefill,True
969,self_attention,,view,"[[B, n_h, T, T]]",,,"[[n_h, T, T]]",[968],13,self_attention,,1,transformer.h.13.self_attention,aten.view.default,[],prefill,True
970,self_attention,,expand,"[[B, 1, T, d_head]]",,,"[[B, n_h, T, d_head]]",[957],13,self_attention,,1,transformer.h.13.self_attention,aten.expand.default,[],prefill,True
971,self_attention,,view,"[[B, n_h, T, d_head]]",,,"[[n_h, T, d_head]]",[970],13,self_attention,,1,transformer.h.13.self_attention,aten.view.default,[],prefill,True
972,self_attention,,batched_matmul,"[[n_h, T, T], [n_h, T, d_head]]",,,"[[n_h, T, d_head]]","[969, 971]",13,self_attention,,1,transformer.h.13.self_attention,aten.bmm.default,[],prefill,False
973,self_attention,,_unsafe_view,"[[n_h, T, d_head]]",,,"[[B, n_h, T, d_head]]",[972],13,self_attention,,1,transformer.h.13.self_attention,aten._unsafe_view.default,[],prefill,True
974,self_attention,,view,"[[B, n_h, T, d_head]]",,,"[[B, n_h, T, d_head]]",[973],13,self_attention,,1,transformer.h.13.self_attention,aten.view.default,[],prefill,True
975,self_attention,,permute,"[[B, n_h, T, d_head]]",,,"[[B, T, n_h, d_head]]",[974],13,self_attention,,1,transformer.h.13.self_attention,aten.permute.default,[],prefill,True
976,self_attention,,clone,"[[B, T, n_h, d_head]]",,,"[[B, T, n_h, d_head]]",[975],13,self_attention,,1,transformer.h.13.self_attention,aten.clone.default,[],prefill,True
977,self_attention,,_unsafe_view,"[[B, T, n_h, d_head]]",,,"[[B, T, n_h*d_head]]",[976],13,self_attention,,1,transformer.h.13.self_attention,aten._unsafe_view.default,[],prefill,True
978,self_attention,dense,permute,"[[d_model, n_h*d_head]]","[d_model, n_h*d_head]",0,"[[n_h*d_head, d_model]]",[],13,self_attention,dense,2,transformer.h.13.self_attention.dense,aten.permute.default,[transformer.h.13.self_attention.dense.weight],prefill,True
979,self_attention,dense,view,"[[B, T, n_h*d_head]]",,,"[[T, n_h*d_head]]",[977],13,self_attention,dense,2,transformer.h.13.self_attention.dense,aten.view.default,[],prefill,True
980,self_attention,dense,matmul,"[[T, n_h*d_head], [n_h*d_head, d_model]]","[d_model, n_h*d_head]",1,"[[T, d_model]]","[978, 979]",13,self_attention,dense,2,transformer.h.13.self_attention.dense,aten.mm.default,[transformer.h.13.self_attention.dense.weight],prefill,False
981,self_attention,dense,_unsafe_view,"[[T, d_model]]",,,"[[B, T, d_model]]",[980],13,self_attention,dense,2,transformer.h.13.self_attention.dense,aten._unsafe_view.default,[],prefill,True
982,mlp,dense_h_to_4h,permute,"[[d_ff, d_model]]","[d_ff, d_model]",0,"[[d_model, d_ff]]",[],13,mlp,dense_h_to_4h,2,transformer.h.13.mlp.dense_h_to_4h,aten.permute.default,[transformer.h.13.mlp.dense_h_to_4h.weight],prefill,True
983,mlp,dense_h_to_4h,view,"[[B, T, d_model]]",,,"[[T, d_model]]",[925],13,mlp,dense_h_to_4h,2,transformer.h.13.mlp.dense_h_to_4h,aten.view.default,[],prefill,True
984,mlp,dense_h_to_4h,matmul,"[[T, d_model], [d_model, d_ff]]","[d_ff, d_model]",1,"[[T, d_ff]]","[982, 983]",13,mlp,dense_h_to_4h,2,transformer.h.13.mlp.dense_h_to_4h,aten.mm.default,[transformer.h.13.mlp.dense_h_to_4h.weight],prefill,False
985,mlp,dense_h_to_4h,_unsafe_view,"[[T, d_ff]]",,,"[[B, T, d_ff]]",[984],13,mlp,dense_h_to_4h,2,transformer.h.13.mlp.dense_h_to_4h,aten._unsafe_view.default,[],prefill,True
986,mlp,act,gelu,"[[B, T, d_ff]]",,,"[[B, T, d_ff]]",[985],13,mlp,act,2,transformer.h.13.mlp.act,aten.gelu.default,[],prefill,False
987,mlp,dense_4h_to_h,permute,"[[d_model, d_ff]]","[d_model, d_ff]",0,"[[d_ff, d_model]]",[],13,mlp,dense_4h_to_h,2,transformer.h.13.mlp.dense_4h_to_h,aten.permute.default,[transformer.h.13.mlp.dense_4h_to_h.weight],prefill,True
988,mlp,dense_4h_to_h,view,"[[B, T, d_ff]]",,,"[[T, d_ff]]",[986],13,mlp,dense_4h_to_h,2,transformer.h.13.mlp.dense_4h_to_h,aten.view.default,[],prefill,True
989,mlp,dense_4h_to_h,matmul,"[[T, d_ff], [d_ff, d_model]]","[d_model, d_ff]",1,"[[T, d_model]]","[987, 988]",13,mlp,dense_4h_to_h,2,transformer.h.13.mlp.dense_4h_to_h,aten.mm.default,[transformer.h.13.mlp.dense_4h_to_h.weight],prefill,False
990,mlp,dense_4h_to_h,_unsafe_view,"[[T, d_model]]",,,"[[B, T, d_model]]",[989],13,mlp,dense_4h_to_h,2,transformer.h.13.mlp.dense_4h_to_h,aten._unsafe_view.default,[],prefill,True
991,,,add_,"[[B, T, d_model], [B, T, d_model]]",,,"[[B, T, d_model]]","[981, 990]",13,,,0,transformer.h.13,aten.add_.Tensor,[],prefill,True
992,,,elementwise_add,"[[B, T, d_model], [B, T, d_model]]",,,"[[B, T, d_model]]","[924, 991]",13,,,0,transformer.h.13,aten.add.Tensor,[],prefill,False
993,input_layernorm,,layernorm,"[[B, T, d_model], [d_model], [d_model]]",,,"[[B, T, d_model], [B, T, 1], [B, T, 1]]",[992],14,input_layernorm,,1,transformer.h.14.input_layernorm,aten.native_layer_norm.default,"[transformer.h.14.input_layernorm.bias, transformer.h.14.input_layernorm.weight]",prefill,False
994,self_attention,query_key_value,permute,"[[(n_h+2*n_kv)*d_head, d_model]]","[(n_h+2*n_kv)*d_head, d_model]",0,"[[d_model, (n_h+2*n_kv)*d_head]]",[],14,self_attention,query_key_value,2,transformer.h.14.self_attention.query_key_value,aten.permute.default,[transformer.h.14.self_attention.query_key_value.weight],prefill,True
995,self_attention,query_key_value,view,"[[B, T, d_model]]",,,"[[T, d_model]]",[993],14,self_attention,query_key_value,2,transformer.h.14.self_attention.query_key_value,aten.view.default,[],prefill,True
996,self_attention,query_key_value,matmul,"[[T, d_model], [d_model, (n_h+2*n_kv)*d_head]]","[(n_h+2*n_kv)*d_head, d_model]",1,"[[T, (n_h+2*n_kv)*d_head]]","[994, 995]",14,self_attention,query_key_value,2,transformer.h.14.self_attention.query_key_value,aten.mm.default,[transformer.h.14.self_attention.query_key_value.weight],prefill,False
997,self_attention,query_key_value,_unsafe_view,"[[T, (n_h+2*n_kv)*d_head]]",,,"[[B, T, (n_h+2*n_kv)*d_head]]",[996],14,self_attention,query_key_value,2,transformer.h.14.self_attention.query_key_value,aten._unsafe_view.default,[],prefill,True
998,self_attention,,view,"[[B, T, (n_h+2*n_kv)*d_head]]",,,"[[B, T, n_h+2*n_kv, d_head]]",[997],14,self_attention,,1,transformer.h.14.self_attention,aten.view.default,[],prefill,True
999,self_attention,,slice,"[[B, T, n_h+2*n_kv, d_head]]",,,"[[B, T, n_h, d_head]]",[998],14,self_attention,,1,transformer.h.14.self_attention,aten.slice.Tensor,[],prefill,True
1000,self_attention,,index,"[[B, T, n_h+2*n_kv, d_head], [B]]",,,"[[B, T, 1, d_head]]",[998],14,self_attention,,1,transformer.h.14.self_attention,aten.index.Tensor,[],prefill,True
1001,self_attention,,index,"[[B, T, n_h+2*n_kv, d_head], [B]]",,,"[[B, T, 1, d_head]]",[998],14,self_attention,,1,transformer.h.14.self_attention,aten.index.Tensor,[],prefill,True
1002,self_attention,,transpose,"[[B, T, n_h, d_head]]",,,"[[B, n_h, T, d_head]]",[999],14,self_attention,,1,transformer.h.14.self_attention,aten.transpose.int,[],prefill,True
1003,self_attention,,view,"[[B, n_h, T, d_head]]",,,"[[B, n_h, T, d_head]]",[1002],14,self_attention,,1,transformer.h.14.self_attention,aten.view.default,[],prefill,True
1004,self_attention,,transpose,"[[B, T, 1, d_head]]",,,"[[B, 1, T, d_head]]",[1000],14,self_attention,,1,transformer.h.14.self_attention,aten.transpose.int,[],prefill,True
1005,self_attention,,view,"[[B, 1, T, d_head]]",,,"[[B, 1, T, d_head]]",[1004],14,self_attention,,1,transformer.h.14.self_attention,aten.view.default,[],prefill,True
1006,self_attention,,transpose,"[[B, T, 1, d_head]]",,,"[[B, 1, T, d_head]]",[1001],14,self_attention,,1,transformer.h.14.self_attention,aten.transpose.int,[],prefill,True
1007,self_attention,,view,"[[B, 1, T, d_head]]",,,"[[B, 1, T, d_head]]",[1006],14,self_attention,,1,transformer.h.14.self_attention,aten.view.default,[],prefill,True
1008,self_attention,,unsqueeze,"[[B, T, d_head]]",,,"[[B, 1, T, d_head]]",[39],14,self_attention,,1,transformer.h.14.self_attention,aten.unsqueeze.default,[],prefill,True
1009,self_attention,,unsqueeze,"[[B, T, d_head]]",,,"[[B, 1, T, d_head]]",[40],14,self_attention,,1,transformer.h.14.self_attention,aten.unsqueeze.default,[],prefill,True
1010,self_attention,,elementwise_mul,"[[B, n_h, T, d_head], [B, 1, T, d_head]]",,,"[[B, n_h, T, d_head]]","[1003, 1008]",14,self_attention,,1,transformer.h.14.self_attention,aten.mul.Tensor,[],prefill,False
1011,self_attention,,slice,"[[B, n_h, T, d_head]]",,,"[[B, n_h, T, d_head/2]]",[1003],14,self_attention,,1,transformer.h.14.self_attention,aten.slice.Tensor,[],prefill,True
1012,self_attention,,slice,"[[B, n_h, T, d_head]]",,,"[[B, n_h, T, d_head/2]]",[1003],14,self_attention,,1,transformer.h.14.self_attention,aten.slice.Tensor,[],prefill,True
1013,self_attention,,neg,"[[B, n_h, T, d_head/2]]",,,"[[B, n_h, T, d_head/2]]",[1012],14,self_attention,,1,transformer.h.14.self_attention,aten.neg.default,[],prefill,False
1014,self_attention,,concat,"[[B, n_h, T, d_head/2], [B, n_h, T, d_head/2]]",,,"[[B, n_h, T, d_head]]","[1011, 1013]",14,self_attention,,1,transformer.h.14.self_attention,aten.cat.default,[],prefill,False
1015,self_attention,,elementwise_mul,"[[B, n_h, T, d_head], [B, 1, T, d_head]]",,,"[[B, n_h, T, d_head]]","[1009, 1014]",14,self_attention,,1,transformer.h.14.self_attention,aten.mul.Tensor,[],prefill,False
1016,self_attention,,elementwise_add,"[[B, n_h, T, d_head], [B, n_h, T, d_head]]",,,"[[B, n_h, T, d_head]]","[1010, 1015]",14,self_attention,,1,transformer.h.14.self_attention,aten.add.Tensor,[],prefill,False
1017,self_attention,,elementwise_mul,"[[B, 1, T, d_head], [B, 1, T, d_head]]",,,"[[B, 1, T, d_head]]","[1005, 1008]",14,self_attention,,1,transformer.h.14.self_attention,aten.mul.Tensor,[],prefill,False
1018,self_attention,,slice,"[[B, 1, T, d_head]]",,,"[[B, 1, T, d_head/2]]",[1005],14,self_attention,,1,transformer.h.14.self_attention,aten.slice.Tensor,[],prefill,True
1019,self_attention,,slice,"[[B, 1, T, d_head]]",,,"[[B, 1, T, d_head/2]]",[1005],14,self_attention,,1,transformer.h.14.self_attention,aten.slice.Tensor,[],prefill,True
1020,self_attention,,neg,"[[B, 1, T, d_head/2]]",,,"[[B, 1, T, d_head/2]]",[1019],14,self_attention,,1,transformer.h.14.self_attention,aten.neg.default,[],prefill,False
1021,self_attention,,concat,"[[B, 1, T, d_head/2], [B, 1, T, d_head/2]]",,,"[[B, 1, T, d_head]]","[1018, 1020]",14,self_attention,,1,transformer.h.14.self_attention,aten.cat.default,[],prefill,False
1022,self_attention,,elementwise_mul,"[[B, 1, T, d_head], [B, 1, T, d_head]]",,,"[[B, 1, T, d_head]]","[1009, 1021]",14,self_attention,,1,transformer.h.14.self_attention,aten.mul.Tensor,[],prefill,False
1023,self_attention,,elementwise_add,"[[B, 1, T, d_head], [B, 1, T, d_head]]",,,"[[B, 1, T, d_head]]","[1017, 1022]",14,self_attention,,1,transformer.h.14.self_attention,aten.add.Tensor,[],prefill,False
1024,self_attention,,concat,"[[0], [B, 1, T, d_head]]",,,"[[B, 1, T, d_head]]",[1023],14,self_attention,,1,transformer.h.14.self_attention,aten.cat.default,[],prefill,False
1025,self_attention,,concat,"[[0], [B, 1, T, d_head]]",,,"[[B, 1, T, d_head]]",[1007],14,self_attention,,1,transformer.h.14.self_attention,aten.cat.default,[],prefill,False
1026,self_attention,,transpose,"[[B, 1, T, d_head]]",,,"[[B, 1, d_head, T]]",[1024],14,self_attention,,1,transformer.h.14.self_attention,aten.transpose.int,[],prefill,True
1027,self_attention,,expand,"[[B, n_h, T, d_head]]",,,"[[B, n_h, T, d_head]]",[1016],14,self_attention,,1,transformer.h.14.self_attention,aten.expand.default,[],prefill,True
1028,self_attention,,view,"[[B, n_h, T, d_head]]",,,"[[n_h, T, d_head]]",[1027],14,self_attention,,1,transformer.h.14.self_attention,aten.view.default,[],prefill,True
1029,self_attention,,expand,"[[B, 1, d_head, T]]",,,"[[B, n_h, d_head, T]]",[1026],14,self_attention,,1,transformer.h.14.self_attention,aten.expand.default,[],prefill,True
1030,self_attention,,view,"[[B, n_h, d_head, T]]",,,"[[n_h, d_head, T]]",[1029],14,self_attention,,1,transformer.h.14.self_attention,aten.view.default,[],prefill,True
1031,self_attention,,batched_matmul,"[[n_h, T, d_head], [n_h, d_head, T]]",,,"[[n_h, T, T]]","[1028, 1030]",14,self_attention,,1,transformer.h.14.self_attention,aten.bmm.default,[],prefill,False
1032,self_attention,,_unsafe_view,"[[n_h, T, T]]",,,"[[B, n_h, T, T]]",[1031],14,self_attention,,1,transformer.h.14.self_attention,aten._unsafe_view.default,[],prefill,True
1033,self_attention,,div_,"[[B, n_h, T, T]]",,,"[[B, n_h, T, T]]",[1032],14,self_attention,,1,transformer.h.14.self_attention,aten.div_.Tensor,[],prefill,True
1034,self_attention,,elementwise_add,"[[B, n_h, T, T], [B, 1, T, T]]",,,"[[B, n_h, T, T]]","[21, 1033]",14,self_attention,,1,transformer.h.14.self_attention,aten.add.Tensor,[],prefill,False
1035,self_attention,,softmax,"[[B, n_h, T, T]]",,,"[[B, n_h, T, T]]",[1034],14,self_attention,,1,transformer.h.14.self_attention,aten._softmax.default,[],prefill,False
1036,self_attention,,expand,"[[B, n_h, T, T]]",,,"[[B, n_h, T, T]]",[1035],14,self_attention,,1,transformer.h.14.self_attention,aten.expand.default,[],prefill,True
1037,self_attention,,view,"[[B, n_h, T, T]]",,,"[[n_h, T, T]]",[1036],14,self_attention,,1,transformer.h.14.self_attention,aten.view.default,[],prefill,True
1038,self_attention,,expand,"[[B, 1, T, d_head]]",,,"[[B, n_h, T, d_head]]",[1025],14,self_attention,,1,transformer.h.14.self_attention,aten.expand.default,[],prefill,True
1039,self_attention,,view,"[[B, n_h, T, d_head]]",,,"[[n_h, T, d_head]]",[1038],14,self_attention,,1,transformer.h.14.self_attention,aten.view.default,[],prefill,True
1040,self_attention,,batched_matmul,"[[n_h, T, T], [n_h, T, d_head]]",,,"[[n_h, T, d_head]]","[1037, 1039]",14,self_attention,,1,transformer.h.14.self_attention,aten.bmm.default,[],prefill,False
1041,self_attention,,_unsafe_view,"[[n_h, T, d_head]]",,,"[[B, n_h, T, d_head]]",[1040],14,self_attention,,1,transformer.h.14.self_attention,aten._unsafe_view.default,[],prefill,True
1042,self_attention,,view,"[[B, n_h, T, d_head]]",,,"[[B, n_h, T, d_head]]",[1041],14,self_attention,,1,transformer.h.14.self_attention,aten.view.default,[],prefill,True
1043,self_attention,,permute,"[[B, n_h, T, d_head]]",,,"[[B, T, n_h, d_head]]",[1042],14,self_attention,,1,transformer.h.14.self_attention,aten.permute.default,[],prefill,True
1044,self_attention,,clone,"[[B, T, n_h, d_head]]",,,"[[B, T, n_h, d_head]]",[1043],14,self_attention,,1,transformer.h.14.self_attention,aten.clone.default,[],prefill,True
1045,self_attention,,_unsafe_view,"[[B, T, n_h, d_head]]",,,"[[B, T, n_h*d_head]]",[1044],14,self_attention,,1,transformer.h.14.self_attention,aten._unsafe_view.default,[],prefill,True
1046,self_attention,dense,permute,"[[d_model, n_h*d_head]]","[d_model, n_h*d_head]",0,"[[n_h*d_head, d_model]]",[],14,self_attention,dense,2,transformer.h.14.self_attention.dense,aten.permute.default,[transformer.h.14.self_attention.dense.weight],prefill,True
1047,self_attention,dense,view,"[[B, T, n_h*d_head]]",,,"[[T, n_h*d_head]]",[1045],14,self_attention,dense,2,transformer.h.14.self_attention.dense,aten.view.default,[],prefill,True
1048,self_attention,dense,matmul,"[[T, n_h*d_head], [n_h*d_head, d_model]]","[d_model, n_h*d_head]",1,"[[T, d_model]]","[1046, 1047]",14,self_attention,dense,2,transformer.h.14.self_attention.dense,aten.mm.default,[transformer.h.14.self_attention.dense.weight],prefill,False
1049,self_attention,dense,_unsafe_view,"[[T, d_model]]",,,"[[B, T, d_model]]",[1048],14,self_attention,dense,2,transformer.h.14.self_attention.dense,aten._unsafe_view.default,[],prefill,True
1050,mlp,dense_h_to_4h,permute,"[[d_ff, d_model]]","[d_ff, d_model]",0,"[[d_model, d_ff]]",[],14,mlp,dense_h_to_4h,2,transformer.h.14.mlp.dense_h_to_4h,aten.permute.default,[transformer.h.14.mlp.dense_h_to_4h.weight],prefill,True
1051,mlp,dense_h_to_4h,view,"[[B, T, d_model]]",,,"[[T, d_model]]",[993],14,mlp,dense_h_to_4h,2,transformer.h.14.mlp.dense_h_to_4h,aten.view.default,[],prefill,True
1052,mlp,dense_h_to_4h,matmul,"[[T, d_model], [d_model, d_ff]]","[d_ff, d_model]",1,"[[T, d_ff]]","[1050, 1051]",14,mlp,dense_h_to_4h,2,transformer.h.14.mlp.dense_h_to_4h,aten.mm.default,[transformer.h.14.mlp.dense_h_to_4h.weight],prefill,False
1053,mlp,dense_h_to_4h,_unsafe_view,"[[T, d_ff]]",,,"[[B, T, d_ff]]",[1052],14,mlp,dense_h_to_4h,2,transformer.h.14.mlp.dense_h_to_4h,aten._unsafe_view.default,[],prefill,True
1054,mlp,act,gelu,"[[B, T, d_ff]]",,,"[[B, T, d_ff]]",[1053],14,mlp,act,2,transformer.h.14.mlp.act,aten.gelu.default,[],prefill,False
1055,mlp,dense_4h_to_h,permute,"[[d_model, d_ff]]","[d_model, d_ff]",0,"[[d_ff, d_model]]",[],14,mlp,dense_4h_to_h,2,transformer.h.14.mlp.dense_4h_to_h,aten.permute.default,[transformer.h.14.mlp.dense_4h_to_h.weight],prefill,True
1056,mlp,dense_4h_to_h,view,"[[B, T, d_ff]]",,,"[[T, d_ff]]",[1054],14,mlp,dense_4h_to_h,2,transformer.h.14.mlp.dense_4h_to_h,aten.view.default,[],prefill,True
1057,mlp,dense_4h_to_h,matmul,"[[T, d_ff], [d_ff, d_model]]","[d_model, d_ff]",1,"[[T, d_model]]","[1055, 1056]",14,mlp,dense_4h_to_h,2,transformer.h.14.mlp.dense_4h_to_h,aten.mm.default,[transformer.h.14.mlp.dense_4h_to_h.weight],prefill,False
1058,mlp,dense_4h_to_h,_unsafe_view,"[[T, d_model]]",,,"[[B, T, d_model]]",[1057],14,mlp,dense_4h_to_h,2,transformer.h.14.mlp.dense_4h_to_h,aten._unsafe_view.default,[],prefill,True
1059,,,add_,"[[B, T, d_model], [B, T, d_model]]",,,"[[B, T, d_model]]","[1049, 1058]",14,,,0,transformer.h.14,aten.add_.Tensor,[],prefill,True
1060,,,elementwise_add,"[[B, T, d_model], [B, T, d_model]]",,,"[[B, T, d_model]]","[992, 1059]",14,,,0,transformer.h.14,aten.add.Tensor,[],prefill,False
1061,input_layernorm,,layernorm,"[[B, T, d_model], [d_model], [d_model]]",,,"[[B, T, d_model], [B, T, 1], [B, T, 1]]",[1060],15,input_layernorm,,1,transformer.h.15.input_layernorm,aten.native_layer_norm.default,"[transformer.h.15.input_layernorm.bias, transformer.h.15.input_layernorm.weight]",prefill,False
1062,self_attention,query_key_value,permute,"[[(n_h+2*n_kv)*d_head, d_model]]","[(n_h+2*n_kv)*d_head, d_model]",0,"[[d_model, (n_h+2*n_kv)*d_head]]",[],15,self_attention,query_key_value,2,transformer.h.15.self_attention.query_key_value,aten.permute.default,[transformer.h.15.self_attention.query_key_value.weight],prefill,True
1063,self_attention,query_key_value,view,"[[B, T, d_model]]",,,"[[T, d_model]]",[1061],15,self_attention,query_key_value,2,transformer.h.15.self_attention.query_key_value,aten.view.default,[],prefill,True
1064,self_attention,query_key_value,matmul,"[[T, d_model], [d_model, (n_h+2*n_kv)*d_head]]","[(n_h+2*n_kv)*d_head, d_model]",1,"[[T, (n_h+2*n_kv)*d_head]]","[1062, 1063]",15,self_attention,query_key_value,2,transformer.h.15.self_attention.query_key_value,aten.mm.default,[transformer.h.15.self_attention.query_key_value.weight],prefill,False
1065,self_attention,query_key_value,_unsafe_view,"[[T, (n_h+2*n_kv)*d_head]]",,,"[[B, T, (n_h+2*n_kv)*d_head]]",[1064],15,self_attention,query_key_value,2,transformer.h.15.self_attention.query_key_value,aten._unsafe_view.default,[],prefill,True
1066,self_attention,,view,"[[B, T, (n_h+2*n_kv)*d_head]]",,,"[[B, T, n_h+2*n_kv, d_head]]",[1065],15,self_attention,,1,transformer.h.15.self_attention,aten.view.default,[],prefill,True
1067,self_attention,,slice,"[[B, T, n_h+2*n_kv, d_head]]",,,"[[B, T, n_h, d_head]]",[1066],15,self_attention,,1,transformer.h.15.self_attention,aten.slice.Tensor,[],prefill,True
1068,self_attention,,index,"[[B, T, n_h+2*n_kv, d_head], [B]]",,,"[[B, T, 1, d_head]]",[1066],15,self_attention,,1,transformer.h.15.self_attention,aten.index.Tensor,[],prefill,True
1069,self_attention,,index,"[[B, T, n_h+2*n_kv, d_head], [B]]",,,"[[B, T, 1, d_head]]",[1066],15,self_attention,,1,transformer.h.15.self_attention,aten.index.Tensor,[],prefill,True
1070,self_attention,,transpose,"[[B, T, n_h, d_head]]",,,"[[B, n_h, T, d_head]]",[1067],15,self_attention,,1,transformer.h.15.self_attention,aten.transpose.int,[],prefill,True
1071,self_attention,,view,"[[B, n_h, T, d_head]]",,,"[[B, n_h, T, d_head]]",[1070],15,self_attention,,1,transformer.h.15.self_attention,aten.view.default,[],prefill,True
1072,self_attention,,transpose,"[[B, T, 1, d_head]]",,,"[[B, 1, T, d_head]]",[1068],15,self_attention,,1,transformer.h.15.self_attention,aten.transpose.int,[],prefill,True
1073,self_attention,,view,"[[B, 1, T, d_head]]",,,"[[B, 1, T, d_head]]",[1072],15,self_attention,,1,transformer.h.15.self_attention,aten.view.default,[],prefill,True
1074,self_attention,,transpose,"[[B, T, 1, d_head]]",,,"[[B, 1, T, d_head]]",[1069],15,self_attention,,1,transformer.h.15.self_attention,aten.transpose.int,[],prefill,True
1075,self_attention,,view,"[[B, 1, T, d_head]]",,,"[[B, 1, T, d_head]]",[1074],15,self_attention,,1,transformer.h.15.self_attention,aten.view.default,[],prefill,True
1076,self_attention,,unsqueeze,"[[B, T, d_head]]",,,"[[B, 1, T, d_head]]",[39],15,self_attention,,1,transformer.h.15.self_attention,aten.unsqueeze.default,[],prefill,True
1077,self_attention,,unsqueeze,"[[B, T, d_head]]",,,"[[B, 1, T, d_head]]",[40],15,self_attention,,1,transformer.h.15.self_attention,aten.unsqueeze.default,[],prefill,True
1078,self_attention,,elementwise_mul,"[[B, n_h, T, d_head], [B, 1, T, d_head]]",,,"[[B, n_h, T, d_head]]","[1071, 1076]",15,self_attention,,1,transformer.h.15.self_attention,aten.mul.Tensor,[],prefill,False
1079,self_attention,,slice,"[[B, n_h, T, d_head]]",,,"[[B, n_h, T, d_head/2]]",[1071],15,self_attention,,1,transformer.h.15.self_attention,aten.slice.Tensor,[],prefill,True
1080,self_attention,,slice,"[[B, n_h, T, d_head]]",,,"[[B, n_h, T, d_head/2]]",[1071],15,self_attention,,1,transformer.h.15.self_attention,aten.slice.Tensor,[],prefill,True
1081,self_attention,,neg,"[[B, n_h, T, d_head/2]]",,,"[[B, n_h, T, d_head/2]]",[1080],15,self_attention,,1,transformer.h.15.self_attention,aten.neg.default,[],prefill,False
1082,self_attention,,concat,"[[B, n_h, T, d_head/2], [B, n_h, T, d_head/2]]",,,"[[B, n_h, T, d_head]]","[1079, 1081]",15,self_attention,,1,transformer.h.15.self_attention,aten.cat.default,[],prefill,False
1083,self_attention,,elementwise_mul,"[[B, n_h, T, d_head], [B, 1, T, d_head]]",,,"[[B, n_h, T, d_head]]","[1077, 1082]",15,self_attention,,1,transformer.h.15.self_attention,aten.mul.Tensor,[],prefill,False
1084,self_attention,,elementwise_add,"[[B, n_h, T, d_head], [B, n_h, T, d_head]]",,,"[[B, n_h, T, d_head]]","[1078, 1083]",15,self_attention,,1,transformer.h.15.self_attention,aten.add.Tensor,[],prefill,False
1085,self_attention,,elementwise_mul,"[[B, 1, T, d_head], [B, 1, T, d_head]]",,,"[[B, 1, T, d_head]]","[1073, 1076]",15,self_attention,,1,transformer.h.15.self_attention,aten.mul.Tensor,[],prefill,False
1086,self_attention,,slice,"[[B, 1, T, d_head]]",,,"[[B, 1, T, d_head/2]]",[1073],15,self_attention,,1,transformer.h.15.self_attention,aten.slice.Tensor,[],prefill,True
1087,self_attention,,slice,"[[B, 1, T, d_head]]",,,"[[B, 1, T, d_head/2]]",[1073],15,self_attention,,1,transformer.h.15.self_attention,aten.slice.Tensor,[],prefill,True
1088,self_attention,,neg,"[[B, 1, T, d_head/2]]",,,"[[B, 1, T, d_head/2]]",[1087],15,self_attention,,1,transformer.h.15.self_attention,aten.neg.default,[],prefill,False
1089,self_attention,,concat,"[[B, 1, T, d_head/2], [B, 1, T, d_head/2]]",,,"[[B, 1, T, d_head]]","[1086, 1088]",15,self_attention,,1,transformer.h.15.self_attention,aten.cat.default,[],prefill,False
1090,self_attention,,elementwise_mul,"[[B, 1, T, d_head], [B, 1, T, d_head]]",,,"[[B, 1, T, d_head]]","[1077, 1089]",15,self_attention,,1,transformer.h.15.self_attention,aten.mul.Tensor,[],prefill,False
1091,self_attention,,elementwise_add,"[[B, 1, T, d_head], [B, 1, T, d_head]]",,,"[[B, 1, T, d_head]]","[1085, 1090]",15,self_attention,,1,transformer.h.15.self_attention,aten.add.Tensor,[],prefill,False
1092,self_attention,,concat,"[[0], [B, 1, T, d_head]]",,,"[[B, 1, T, d_head]]",[1091],15,self_attention,,1,transformer.h.15.self_attention,aten.cat.default,[],prefill,False
1093,self_attention,,concat,"[[0], [B, 1, T, d_head]]",,,"[[B, 1, T, d_head]]",[1075],15,self_attention,,1,transformer.h.15.self_attention,aten.cat.default,[],prefill,False
1094,self_attention,,transpose,"[[B, 1, T, d_head]]",,,"[[B, 1, d_head, T]]",[1092],15,self_attention,,1,transformer.h.15.self_attention,aten.transpose.int,[],prefill,True
1095,self_attention,,expand,"[[B, n_h, T, d_head]]",,,"[[B, n_h, T, d_head]]",[1084],15,self_attention,,1,transformer.h.15.self_attention,aten.expand.default,[],prefill,True
1096,self_attention,,view,"[[B, n_h, T, d_head]]",,,"[[n_h, T, d_head]]",[1095],15,self_attention,,1,transformer.h.15.self_attention,aten.view.default,[],prefill,True
1097,self_attention,,expand,"[[B, 1, d_head, T]]",,,"[[B, n_h, d_head, T]]",[1094],15,self_attention,,1,transformer.h.15.self_attention,aten.expand.default,[],prefill,True
1098,self_attention,,view,"[[B, n_h, d_head, T]]",,,"[[n_h, d_head, T]]",[1097],15,self_attention,,1,transformer.h.15.self_attention,aten.view.default,[],prefill,True
1099,self_attention,,batched_matmul,"[[n_h, T, d_head], [n_h, d_head, T]]",,,"[[n_h, T, T]]","[1096, 1098]",15,self_attention,,1,transformer.h.15.self_attention,aten.bmm.default,[],prefill,False
1100,self_attention,,_unsafe_view,"[[n_h, T, T]]",,,"[[B, n_h, T, T]]",[1099],15,self_attention,,1,transformer.h.15.self_attention,aten._unsafe_view.default,[],prefill,True
1101,self_attention,,div_,"[[B, n_h, T, T]]",,,"[[B, n_h, T, T]]",[1100],15,self_attention,,1,transformer.h.15.self_attention,aten.div_.Tensor,[],prefill,True
1102,self_attention,,elementwise_add,"[[B, n_h, T, T], [B, 1, T, T]]",,,"[[B, n_h, T, T]]","[21, 1101]",15,self_attention,,1,transformer.h.15.self_attention,aten.add.Tensor,[],prefill,False
1103,self_attention,,softmax,"[[B, n_h, T, T]]",,,"[[B, n_h, T, T]]",[1102],15,self_attention,,1,transformer.h.15.self_attention,aten._softmax.default,[],prefill,False
1104,self_attention,,expand,"[[B, n_h, T, T]]",,,"[[B, n_h, T, T]]",[1103],15,self_attention,,1,transformer.h.15.self_attention,aten.expand.default,[],prefill,True
1105,self_attention,,view,"[[B, n_h, T, T]]",,,"[[n_h, T, T]]",[1104],15,self_attention,,1,transformer.h.15.self_attention,aten.view.default,[],prefill,True
1106,self_attention,,expand,"[[B, 1, T, d_head]]",,,"[[B, n_h, T, d_head]]",[1093],15,self_attention,,1,transformer.h.15.self_attention,aten.expand.default,[],prefill,True
1107,self_attention,,view,"[[B, n_h, T, d_head]]",,,"[[n_h, T, d_head]]",[1106],15,self_attention,,1,transformer.h.15.self_attention,aten.view.default,[],prefill,True
1108,self_attention,,batched_matmul,"[[n_h, T, T], [n_h, T, d_head]]",,,"[[n_h, T, d_head]]","[1105, 1107]",15,self_attention,,1,transformer.h.15.self_attention,aten.bmm.default,[],prefill,False
1109,self_attention,,_unsafe_view,"[[n_h, T, d_head]]",,,"[[B, n_h, T, d_head]]",[1108],15,self_attention,,1,transformer.h.15.self_attention,aten._unsafe_view.default,[],prefill,True
1110,self_attention,,view,"[[B, n_h, T, d_head]]",,,"[[B, n_h, T, d_head]]",[1109],15,self_attention,,1,transformer.h.15.self_attention,aten.view.default,[],prefill,True
1111,self_attention,,permute,"[[B, n_h, T, d_head]]",,,"[[B, T, n_h, d_head]]",[1110],15,self_attention,,1,transformer.h.15.self_attention,aten.permute.default,[],prefill,True
1112,self_attention,,clone,"[[B, T, n_h, d_head]]",,,"[[B, T, n_h, d_head]]",[1111],15,self_attention,,1,transformer.h.15.self_attention,aten.clone.default,[],prefill,True
1113,self_attention,,_unsafe_view,"[[B, T, n_h, d_head]]",,,"[[B, T, n_h*d_head]]",[1112],15,self_attention,,1,transformer.h.15.self_attention,aten._unsafe_view.default,[],prefill,True
1114,self_attention,dense,permute,"[[d_model, n_h*d_head]]","[d_model, n_h*d_head]",0,"[[n_h*d_head, d_model]]",[],15,self_attention,dense,2,transformer.h.15.self_attention.dense,aten.permute.default,[transformer.h.15.self_attention.dense.weight],prefill,True
1115,self_attention,dense,view,"[[B, T, n_h*d_head]]",,,"[[T, n_h*d_head]]",[1113],15,self_attention,dense,2,transformer.h.15.self_attention.dense,aten.view.default,[],prefill,True
1116,self_attention,dense,matmul,"[[T, n_h*d_head], [n_h*d_head, d_model]]","[d_model, n_h*d_head]",1,"[[T, d_model]]","[1114, 1115]",15,self_attention,dense,2,transformer.h.15.self_attention.dense,aten.mm.default,[transformer.h.15.self_attention.dense.weight],prefill,False
1117,self_attention,dense,_unsafe_view,"[[T, d_model]]",,,"[[B, T, d_model]]",[1116],15,self_attention,dense,2,transformer.h.15.self_attention.dense,aten._unsafe_view.default,[],prefill,True
1118,mlp,dense_h_to_4h,permute,"[[d_ff, d_model]]","[d_ff, d_model]",0,"[[d_model, d_ff]]",[],15,mlp,dense_h_to_4h,2,transformer.h.15.mlp.dense_h_to_4h,aten.permute.default,[transformer.h.15.mlp.dense_h_to_4h.weight],prefill,True
1119,mlp,dense_h_to_4h,view,"[[B, T, d_model]]",,,"[[T, d_model]]",[1061],15,mlp,dense_h_to_4h,2,transformer.h.15.mlp.dense_h_to_4h,aten.view.default,[],prefill,True
1120,mlp,dense_h_to_4h,matmul,"[[T, d_model], [d_model, d_ff]]","[d_ff, d_model]",1,"[[T, d_ff]]","[1118, 1119]",15,mlp,dense_h_to_4h,2,transformer.h.15.mlp.dense_h_to_4h,aten.mm.default,[transformer.h.15.mlp.dense_h_to_4h.weight],prefill,False
1121,mlp,dense_h_to_4h,_unsafe_view,"[[T, d_ff]]",,,"[[B, T, d_ff]]",[1120],15,mlp,dense_h_to_4h,2,transformer.h.15.mlp.dense_h_to_4h,aten._unsafe_view.default,[],prefill,True
1122,mlp,act,gelu,"[[B, T, d_ff]]",,,"[[B, T, d_ff]]",[1121],15,mlp,act,2,transformer.h.15.mlp.act,aten.gelu.default,[],prefill,False
1123,mlp,dense_4h_to_h,permute,"[[d_model, d_ff]]","[d_model, d_ff]",0,"[[d_ff, d_model]]",[],15,mlp,dense_4h_to_h,2,transformer.h.15.mlp.dense_4h_to_h,aten.permute.default,[transformer.h.15.mlp.dense_4h_to_h.weight],prefill,True
1124,mlp,dense_4h_to_h,view,"[[B, T, d_ff]]",,,"[[T, d_ff]]",[1122],15,mlp,dense_4h_to_h,2,transformer.h.15.mlp.dense_4h_to_h,aten.view.default,[],prefill,True
1125,mlp,dense_4h_to_h,matmul,"[[T, d_ff], [d_ff, d_model]]","[d_model, d_ff]",1,"[[T, d_model]]","[1123, 1124]",15,mlp,dense_4h_to_h,2,transformer.h.15.mlp.dense_4h_to_h,aten.mm.default,[transformer.h.15.mlp.dense_4h_to_h.weight],prefill,False
1126,mlp,dense_4h_to_h,_unsafe_view,"[[T, d_model]]",,,"[[B, T, d_model]]",[1125],15,mlp,dense_4h_to_h,2,transformer.h.15.mlp.dense_4h_to_h,aten._unsafe_view.default,[],prefill,True
1127,,,add_,"[[B, T, d_model], [B, T, d_model]]",,,"[[B, T, d_model]]","[1117, 1126]",15,,,0,transformer.h.15,aten.add_.Tensor,[],prefill,True
1128,,,elementwise_add,"[[B, T, d_model], [B, T, d_model]]",,,"[[B, T, d_model]]","[1060, 1127]",15,,,0,transformer.h.15,aten.add.Tensor,[],prefill,False
1129,input_layernorm,,layernorm,"[[B, T, d_model], [d_model], [d_model]]",,,"[[B, T, d_model], [B, T, 1], [B, T, 1]]",[1128],16,input_layernorm,,1,transformer.h.16.input_layernorm,aten.native_layer_norm.default,"[transformer.h.16.input_layernorm.bias, transformer.h.16.input_layernorm.weight]",prefill,False
1130,self_attention,query_key_value,permute,"[[(n_h+2*n_kv)*d_head, d_model]]","[(n_h+2*n_kv)*d_head, d_model]",0,"[[d_model, (n_h+2*n_kv)*d_head]]",[],16,self_attention,query_key_value,2,transformer.h.16.self_attention.query_key_value,aten.permute.default,[transformer.h.16.self_attention.query_key_value.weight],prefill,True
1131,self_attention,query_key_value,view,"[[B, T, d_model]]",,,"[[T, d_model]]",[1129],16,self_attention,query_key_value,2,transformer.h.16.self_attention.query_key_value,aten.view.default,[],prefill,True
1132,self_attention,query_key_value,matmul,"[[T, d_model], [d_model, (n_h+2*n_kv)*d_head]]","[(n_h+2*n_kv)*d_head, d_model]",1,"[[T, (n_h+2*n_kv)*d_head]]","[1130, 1131]",16,self_attention,query_key_value,2,transformer.h.16.self_attention.query_key_value,aten.mm.default,[transformer.h.16.self_attention.query_key_value.weight],prefill,False
1133,self_attention,query_key_value,_unsafe_view,"[[T, (n_h+2*n_kv)*d_head]]",,,"[[B, T, (n_h+2*n_kv)*d_head]]",[1132],16,self_attention,query_key_value,2,transformer.h.16.self_attention.query_key_value,aten._unsafe_view.default,[],prefill,True
1134,self_attention,,view,"[[B, T, (n_h+2*n_kv)*d_head]]",,,"[[B, T, n_h+2*n_kv, d_head]]",[1133],16,self_attention,,1,transformer.h.16.self_attention,aten.view.default,[],prefill,True
1135,self_attention,,slice,"[[B, T, n_h+2*n_kv, d_head]]",,,"[[B, T, n_h, d_head]]",[1134],16,self_attention,,1,transformer.h.16.self_attention,aten.slice.Tensor,[],prefill,True
1136,self_attention,,index,"[[B, T, n_h+2*n_kv, d_head], [B]]",,,"[[B, T, 1, d_head]]",[1134],16,self_attention,,1,transformer.h.16.self_attention,aten.index.Tensor,[],prefill,True
1137,self_attention,,index,"[[B, T, n_h+2*n_kv, d_head], [B]]",,,"[[B, T, 1, d_head]]",[1134],16,self_attention,,1,transformer.h.16.self_attention,aten.index.Tensor,[],prefill,True
1138,self_attention,,transpose,"[[B, T, n_h, d_head]]",,,"[[B, n_h, T, d_head]]",[1135],16,self_attention,,1,transformer.h.16.self_attention,aten.transpose.int,[],prefill,True
1139,self_attention,,view,"[[B, n_h, T, d_head]]",,,"[[B, n_h, T, d_head]]",[1138],16,self_attention,,1,transformer.h.16.self_attention,aten.view.default,[],prefill,True
1140,self_attention,,transpose,"[[B, T, 1, d_head]]",,,"[[B, 1, T, d_head]]",[1136],16,self_attention,,1,transformer.h.16.self_attention,aten.transpose.int,[],prefill,True
1141,self_attention,,view,"[[B, 1, T, d_head]]",,,"[[B, 1, T, d_head]]",[1140],16,self_attention,,1,transformer.h.16.self_attention,aten.view.default,[],prefill,True
1142,self_attention,,transpose,"[[B, T, 1, d_head]]",,,"[[B, 1, T, d_head]]",[1137],16,self_attention,,1,transformer.h.16.self_attention,aten.transpose.int,[],prefill,True
1143,self_attention,,view,"[[B, 1, T, d_head]]",,,"[[B, 1, T, d_head]]",[1142],16,self_attention,,1,transformer.h.16.self_attention,aten.view.default,[],prefill,True
1144,self_attention,,unsqueeze,"[[B, T, d_head]]",,,"[[B, 1, T, d_head]]",[39],16,self_attention,,1,transformer.h.16.self_attention,aten.unsqueeze.default,[],prefill,True
1145,self_attention,,unsqueeze,"[[B, T, d_head]]",,,"[[B, 1, T, d_head]]",[40],16,self_attention,,1,transformer.h.16.self_attention,aten.unsqueeze.default,[],prefill,True
1146,self_attention,,elementwise_mul,"[[B, n_h, T, d_head], [B, 1, T, d_head]]",,,"[[B, n_h, T, d_head]]","[1139, 1144]",16,self_attention,,1,transformer.h.16.self_attention,aten.mul.Tensor,[],prefill,False
1147,self_attention,,slice,"[[B, n_h, T, d_head]]",,,"[[B, n_h, T, d_head/2]]",[1139],16,self_attention,,1,transformer.h.16.self_attention,aten.slice.Tensor,[],prefill,True
1148,self_attention,,slice,"[[B, n_h, T, d_head]]",,,"[[B, n_h, T, d_head/2]]",[1139],16,self_attention,,1,transformer.h.16.self_attention,aten.slice.Tensor,[],prefill,True
1149,self_attention,,neg,"[[B, n_h, T, d_head/2]]",,,"[[B, n_h, T, d_head/2]]",[1148],16,self_attention,,1,transformer.h.16.self_attention,aten.neg.default,[],prefill,False
1150,self_attention,,concat,"[[B, n_h, T, d_head/2], [B, n_h, T, d_head/2]]",,,"[[B, n_h, T, d_head]]","[1147, 1149]",16,self_attention,,1,transformer.h.16.self_attention,aten.cat.default,[],prefill,False
1151,self_attention,,elementwise_mul,"[[B, n_h, T, d_head], [B, 1, T, d_head]]",,,"[[B, n_h, T, d_head]]","[1145, 1150]",16,self_attention,,1,transformer.h.16.self_attention,aten.mul.Tensor,[],prefill,False
1152,self_attention,,elementwise_add,"[[B, n_h, T, d_head], [B, n_h, T, d_head]]",,,"[[B, n_h, T, d_head]]","[1146, 1151]",16,self_attention,,1,transformer.h.16.self_attention,aten.add.Tensor,[],prefill,False
1153,self_attention,,elementwise_mul,"[[B, 1, T, d_head], [B, 1, T, d_head]]",,,"[[B, 1, T, d_head]]","[1141, 1144]",16,self_attention,,1,transformer.h.16.self_attention,aten.mul.Tensor,[],prefill,False
1154,self_attention,,slice,"[[B, 1, T, d_head]]",,,"[[B, 1, T, d_head/2]]",[1141],16,self_attention,,1,transformer.h.16.self_attention,aten.slice.Tensor,[],prefill,True
1155,self_attention,,slice,"[[B, 1, T, d_head]]",,,"[[B, 1, T, d_head/2]]",[1141],16,self_attention,,1,transformer.h.16.self_attention,aten.slice.Tensor,[],prefill,True
1156,self_attention,,neg,"[[B, 1, T, d_head/2]]",,,"[[B, 1, T, d_head/2]]",[1155],16,self_attention,,1,transformer.h.16.self_attention,aten.neg.default,[],prefill,False
1157,self_attention,,concat,"[[B, 1, T, d_head/2], [B, 1, T, d_head/2]]",,,"[[B, 1, T, d_head]]","[1154, 1156]",16,self_attention,,1,transformer.h.16.self_attention,aten.cat.default,[],prefill,False
1158,self_attention,,elementwise_mul,"[[B, 1, T, d_head], [B, 1, T, d_head]]",,,"[[B, 1, T, d_head]]","[1145, 1157]",16,self_attention,,1,transformer.h.16.self_attention,aten.mul.Tensor,[],prefill,False
1159,self_attention,,elementwise_add,"[[B, 1, T, d_head], [B, 1, T, d_head]]",,,"[[B, 1, T, d_head]]","[1153, 1158]",16,self_attention,,1,transformer.h.16.self_attention,aten.add.Tensor,[],prefill,False
1160,self_attention,,concat,"[[0], [B, 1, T, d_head]]",,,"[[B, 1, T, d_head]]",[1159],16,self_attention,,1,transformer.h.16.self_attention,aten.cat.default,[],prefill,False
1161,self_attention,,concat,"[[0], [B, 1, T, d_head]]",,,"[[B, 1, T, d_head]]",[1143],16,self_attention,,1,transformer.h.16.self_attention,aten.cat.default,[],prefill,False
1162,self_attention,,transpose,"[[B, 1, T, d_head]]",,,"[[B, 1, d_head, T]]",[1160],16,self_attention,,1,transformer.h.16.self_attention,aten.transpose.int,[],prefill,True
1163,self_attention,,expand,"[[B, n_h, T, d_head]]",,,"[[B, n_h, T, d_head]]",[1152],16,self_attention,,1,transformer.h.16.self_attention,aten.expand.default,[],prefill,True
1164,self_attention,,view,"[[B, n_h, T, d_head]]",,,"[[n_h, T, d_head]]",[1163],16,self_attention,,1,transformer.h.16.self_attention,aten.view.default,[],prefill,True
1165,self_attention,,expand,"[[B, 1, d_head, T]]",,,"[[B, n_h, d_head, T]]",[1162],16,self_attention,,1,transformer.h.16.self_attention,aten.expand.default,[],prefill,True
1166,self_attention,,view,"[[B, n_h, d_head, T]]",,,"[[n_h, d_head, T]]",[1165],16,self_attention,,1,transformer.h.16.self_attention,aten.view.default,[],prefill,True
1167,self_attention,,batched_matmul,"[[n_h, T, d_head], [n_h, d_head, T]]",,,"[[n_h, T, T]]","[1164, 1166]",16,self_attention,,1,transformer.h.16.self_attention,aten.bmm.default,[],prefill,False
1168,self_attention,,_unsafe_view,"[[n_h, T, T]]",,,"[[B, n_h, T, T]]",[1167],16,self_attention,,1,transformer.h.16.self_attention,aten._unsafe_view.default,[],prefill,True
1169,self_attention,,div_,"[[B, n_h, T, T]]",,,"[[B, n_h, T, T]]",[1168],16,self_attention,,1,transformer.h.16.self_attention,aten.div_.Tensor,[],prefill,True
1170,self_attention,,elementwise_add,"[[B, n_h, T, T], [B, 1, T, T]]",,,"[[B, n_h, T, T]]","[21, 1169]",16,self_attention,,1,transformer.h.16.self_attention,aten.add.Tensor,[],prefill,False
1171,self_attention,,softmax,"[[B, n_h, T, T]]",,,"[[B, n_h, T, T]]",[1170],16,self_attention,,1,transformer.h.16.self_attention,aten._softmax.default,[],prefill,False
1172,self_attention,,expand,"[[B, n_h, T, T]]",,,"[[B, n_h, T, T]]",[1171],16,self_attention,,1,transformer.h.16.self_attention,aten.expand.default,[],prefill,True
1173,self_attention,,view,"[[B, n_h, T, T]]",,,"[[n_h, T, T]]",[1172],16,self_attention,,1,transformer.h.16.self_attention,aten.view.default,[],prefill,True
1174,self_attention,,expand,"[[B, 1, T, d_head]]",,,"[[B, n_h, T, d_head]]",[1161],16,self_attention,,1,transformer.h.16.self_attention,aten.expand.default,[],prefill,True
1175,self_attention,,view,"[[B, n_h, T, d_head]]",,,"[[n_h, T, d_head]]",[1174],16,self_attention,,1,transformer.h.16.self_attention,aten.view.default,[],prefill,True
1176,self_attention,,batched_matmul,"[[n_h, T, T], [n_h, T, d_head]]",,,"[[n_h, T, d_head]]","[1173, 1175]",16,self_attention,,1,transformer.h.16.self_attention,aten.bmm.default,[],prefill,False
1177,self_attention,,_unsafe_view,"[[n_h, T, d_head]]",,,"[[B, n_h, T, d_head]]",[1176],16,self_attention,,1,transformer.h.16.self_attention,aten._unsafe_view.default,[],prefill,True
1178,self_attention,,view,"[[B, n_h, T, d_head]]",,,"[[B, n_h, T, d_head]]",[1177],16,self_attention,,1,transformer.h.16.self_attention,aten.view.default,[],prefill,True
1179,self_attention,,permute,"[[B, n_h, T, d_head]]",,,"[[B, T, n_h, d_head]]",[1178],16,self_attention,,1,transformer.h.16.self_attention,aten.permute.default,[],prefill,True
1180,self_attention,,clone,"[[B, T, n_h, d_head]]",,,"[[B, T, n_h, d_head]]",[1179],16,self_attention,,1,transformer.h.16.self_attention,aten.clone.default,[],prefill,True
1181,self_attention,,_unsafe_view,"[[B, T, n_h, d_head]]",,,"[[B, T, n_h*d_head]]",[1180],16,self_attention,,1,transformer.h.16.self_attention,aten._unsafe_view.default,[],prefill,True
1182,self_attention,dense,permute,"[[d_model, n_h*d_head]]","[d_model, n_h*d_head]",0,"[[n_h*d_head, d_model]]",[],16,self_attention,dense,2,transformer.h.16.self_attention.dense,aten.permute.default,[transformer.h.16.self_attention.dense.weight],prefill,True
1183,self_attention,dense,view,"[[B, T, n_h*d_head]]",,,"[[T, n_h*d_head]]",[1181],16,self_attention,dense,2,transformer.h.16.self_attention.dense,aten.view.default,[],prefill,True
1184,self_attention,dense,matmul,"[[T, n_h*d_head], [n_h*d_head, d_model]]","[d_model, n_h*d_head]",1,"[[T, d_model]]","[1182, 1183]",16,self_attention,dense,2,transformer.h.16.self_attention.dense,aten.mm.default,[transformer.h.16.self_attention.dense.weight],prefill,False
1185,self_attention,dense,_unsafe_view,"[[T, d_model]]",,,"[[B, T, d_model]]",[1184],16,self_attention,dense,2,transformer.h.16.self_attention.dense,aten._unsafe_view.default,[],prefill,True
1186,mlp,dense_h_to_4h,permute,"[[d_ff, d_model]]","[d_ff, d_model]",0,"[[d_model, d_ff]]",[],16,mlp,dense_h_to_4h,2,transformer.h.16.mlp.dense_h_to_4h,aten.permute.default,[transformer.h.16.mlp.dense_h_to_4h.weight],prefill,True
1187,mlp,dense_h_to_4h,view,"[[B, T, d_model]]",,,"[[T, d_model]]",[1129],16,mlp,dense_h_to_4h,2,transformer.h.16.mlp.dense_h_to_4h,aten.view.default,[],prefill,True
1188,mlp,dense_h_to_4h,matmul,"[[T, d_model], [d_model, d_ff]]","[d_ff, d_model]",1,"[[T, d_ff]]","[1186, 1187]",16,mlp,dense_h_to_4h,2,transformer.h.16.mlp.dense_h_to_4h,aten.mm.default,[transformer.h.16.mlp.dense_h_to_4h.weight],prefill,False
1189,mlp,dense_h_to_4h,_unsafe_view,"[[T, d_ff]]",,,"[[B, T, d_ff]]",[1188],16,mlp,dense_h_to_4h,2,transformer.h.16.mlp.dense_h_to_4h,aten._unsafe_view.default,[],prefill,True
1190,mlp,act,gelu,"[[B, T, d_ff]]",,,"[[B, T, d_ff]]",[1189],16,mlp,act,2,transformer.h.16.mlp.act,aten.gelu.default,[],prefill,False
1191,mlp,dense_4h_to_h,permute,"[[d_model, d_ff]]","[d_model, d_ff]",0,"[[d_ff, d_model]]",[],16,mlp,dense_4h_to_h,2,transformer.h.16.mlp.dense_4h_to_h,aten.permute.default,[transformer.h.16.mlp.dense_4h_to_h.weight],prefill,True
1192,mlp,dense_4h_to_h,view,"[[B, T, d_ff]]",,,"[[T, d_ff]]",[1190],16,mlp,dense_4h_to_h,2,transformer.h.16.mlp.dense_4h_to_h,aten.view.default,[],prefill,True
1193,mlp,dense_4h_to_h,matmul,"[[T, d_ff], [d_ff, d_model]]","[d_model, d_ff]",1,"[[T, d_model]]","[1191, 1192]",16,mlp,dense_4h_to_h,2,transformer.h.16.mlp.dense_4h_to_h,aten.mm.default,[transformer.h.16.mlp.dense_4h_to_h.weight],prefill,False
1194,mlp,dense_4h_to_h,_unsafe_view,"[[T, d_model]]",,,"[[B, T, d_model]]",[1193],16,mlp,dense_4h_to_h,2,transformer.h.16.mlp.dense_4h_to_h,aten._unsafe_view.default,[],prefill,True
1195,,,add_,"[[B, T, d_model], [B, T, d_model]]",,,"[[B, T, d_model]]","[1185, 1194]",16,,,0,transformer.h.16,aten.add_.Tensor,[],prefill,True
1196,,,elementwise_add,"[[B, T, d_model], [B, T, d_model]]",,,"[[B, T, d_model]]","[1128, 1195]",16,,,0,transformer.h.16,aten.add.Tensor,[],prefill,False
1197,input_layernorm,,layernorm,"[[B, T, d_model], [d_model], [d_model]]",,,"[[B, T, d_model], [B, T, 1], [B, T, 1]]",[1196],17,input_layernorm,,1,transformer.h.17.input_layernorm,aten.native_layer_norm.default,"[transformer.h.17.input_layernorm.bias, transformer.h.17.input_layernorm.weight]",prefill,False
1198,self_attention,query_key_value,permute,"[[(n_h+2*n_kv)*d_head, d_model]]","[(n_h+2*n_kv)*d_head, d_model]",0,"[[d_model, (n_h+2*n_kv)*d_head]]",[],17,self_attention,query_key_value,2,transformer.h.17.self_attention.query_key_value,aten.permute.default,[transformer.h.17.self_attention.query_key_value.weight],prefill,True
1199,self_attention,query_key_value,view,"[[B, T, d_model]]",,,"[[T, d_model]]",[1197],17,self_attention,query_key_value,2,transformer.h.17.self_attention.query_key_value,aten.view.default,[],prefill,True
1200,self_attention,query_key_value,matmul,"[[T, d_model], [d_model, (n_h+2*n_kv)*d_head]]","[(n_h+2*n_kv)*d_head, d_model]",1,"[[T, (n_h+2*n_kv)*d_head]]","[1198, 1199]",17,self_attention,query_key_value,2,transformer.h.17.self_attention.query_key_value,aten.mm.default,[transformer.h.17.self_attention.query_key_value.weight],prefill,False
1201,self_attention,query_key_value,_unsafe_view,"[[T, (n_h+2*n_kv)*d_head]]",,,"[[B, T, (n_h+2*n_kv)*d_head]]",[1200],17,self_attention,query_key_value,2,transformer.h.17.self_attention.query_key_value,aten._unsafe_view.default,[],prefill,True
1202,self_attention,,view,"[[B, T, (n_h+2*n_kv)*d_head]]",,,"[[B, T, n_h+2*n_kv, d_head]]",[1201],17,self_attention,,1,transformer.h.17.self_attention,aten.view.default,[],prefill,True
1203,self_attention,,slice,"[[B, T, n_h+2*n_kv, d_head]]",,,"[[B, T, n_h, d_head]]",[1202],17,self_attention,,1,transformer.h.17.self_attention,aten.slice.Tensor,[],prefill,True
1204,self_attention,,index,"[[B, T, n_h+2*n_kv, d_head], [B]]",,,"[[B, T, 1, d_head]]",[1202],17,self_attention,,1,transformer.h.17.self_attention,aten.index.Tensor,[],prefill,True
1205,self_attention,,index,"[[B, T, n_h+2*n_kv, d_head], [B]]",,,"[[B, T, 1, d_head]]",[1202],17,self_attention,,1,transformer.h.17.self_attention,aten.index.Tensor,[],prefill,True
1206,self_attention,,transpose,"[[B, T, n_h, d_head]]",,,"[[B, n_h, T, d_head]]",[1203],17,self_attention,,1,transformer.h.17.self_attention,aten.transpose.int,[],prefill,True
1207,self_attention,,view,"[[B, n_h, T, d_head]]",,,"[[B, n_h, T, d_head]]",[1206],17,self_attention,,1,transformer.h.17.self_attention,aten.view.default,[],prefill,True
1208,self_attention,,transpose,"[[B, T, 1, d_head]]",,,"[[B, 1, T, d_head]]",[1204],17,self_attention,,1,transformer.h.17.self_attention,aten.transpose.int,[],prefill,True
1209,self_attention,,view,"[[B, 1, T, d_head]]",,,"[[B, 1, T, d_head]]",[1208],17,self_attention,,1,transformer.h.17.self_attention,aten.view.default,[],prefill,True
1210,self_attention,,transpose,"[[B, T, 1, d_head]]",,,"[[B, 1, T, d_head]]",[1205],17,self_attention,,1,transformer.h.17.self_attention,aten.transpose.int,[],prefill,True
1211,self_attention,,view,"[[B, 1, T, d_head]]",,,"[[B, 1, T, d_head]]",[1210],17,self_attention,,1,transformer.h.17.self_attention,aten.view.default,[],prefill,True
1212,self_attention,,unsqueeze,"[[B, T, d_head]]",,,"[[B, 1, T, d_head]]",[39],17,self_attention,,1,transformer.h.17.self_attention,aten.unsqueeze.default,[],prefill,True
1213,self_attention,,unsqueeze,"[[B, T, d_head]]",,,"[[B, 1, T, d_head]]",[40],17,self_attention,,1,transformer.h.17.self_attention,aten.unsqueeze.default,[],prefill,True
1214,self_attention,,elementwise_mul,"[[B, n_h, T, d_head], [B, 1, T, d_head]]",,,"[[B, n_h, T, d_head]]","[1207, 1212]",17,self_attention,,1,transformer.h.17.self_attention,aten.mul.Tensor,[],prefill,False
1215,self_attention,,slice,"[[B, n_h, T, d_head]]",,,"[[B, n_h, T, d_head/2]]",[1207],17,self_attention,,1,transformer.h.17.self_attention,aten.slice.Tensor,[],prefill,True
1216,self_attention,,slice,"[[B, n_h, T, d_head]]",,,"[[B, n_h, T, d_head/2]]",[1207],17,self_attention,,1,transformer.h.17.self_attention,aten.slice.Tensor,[],prefill,True
1217,self_attention,,neg,"[[B, n_h, T, d_head/2]]",,,"[[B, n_h, T, d_head/2]]",[1216],17,self_attention,,1,transformer.h.17.self_attention,aten.neg.default,[],prefill,False
1218,self_attention,,concat,"[[B, n_h, T, d_head/2], [B, n_h, T, d_head/2]]",,,"[[B, n_h, T, d_head]]","[1215, 1217]",17,self_attention,,1,transformer.h.17.self_attention,aten.cat.default,[],prefill,False
1219,self_attention,,elementwise_mul,"[[B, n_h, T, d_head], [B, 1, T, d_head]]",,,"[[B, n_h, T, d_head]]","[1213, 1218]",17,self_attention,,1,transformer.h.17.self_attention,aten.mul.Tensor,[],prefill,False
1220,self_attention,,elementwise_add,"[[B, n_h, T, d_head], [B, n_h, T, d_head]]",,,"[[B, n_h, T, d_head]]","[1214, 1219]",17,self_attention,,1,transformer.h.17.self_attention,aten.add.Tensor,[],prefill,False
1221,self_attention,,elementwise_mul,"[[B, 1, T, d_head], [B, 1, T, d_head]]",,,"[[B, 1, T, d_head]]","[1209, 1212]",17,self_attention,,1,transformer.h.17.self_attention,aten.mul.Tensor,[],prefill,False
1222,self_attention,,slice,"[[B, 1, T, d_head]]",,,"[[B, 1, T, d_head/2]]",[1209],17,self_attention,,1,transformer.h.17.self_attention,aten.slice.Tensor,[],prefill,True
1223,self_attention,,slice,"[[B, 1, T, d_head]]",,,"[[B, 1, T, d_head/2]]",[1209],17,self_attention,,1,transformer.h.17.self_attention,aten.slice.Tensor,[],prefill,True
1224,self_attention,,neg,"[[B, 1, T, d_head/2]]",,,"[[B, 1, T, d_head/2]]",[1223],17,self_attention,,1,transformer.h.17.self_attention,aten.neg.default,[],prefill,False
1225,self_attention,,concat,"[[B, 1, T, d_head/2], [B, 1, T, d_head/2]]",,,"[[B, 1, T, d_head]]","[1222, 1224]",17,self_attention,,1,transformer.h.17.self_attention,aten.cat.default,[],prefill,False
1226,self_attention,,elementwise_mul,"[[B, 1, T, d_head], [B, 1, T, d_head]]",,,"[[B, 1, T, d_head]]","[1213, 1225]",17,self_attention,,1,transformer.h.17.self_attention,aten.mul.Tensor,[],prefill,False
1227,self_attention,,elementwise_add,"[[B, 1, T, d_head], [B, 1, T, d_head]]",,,"[[B, 1, T, d_head]]","[1221, 1226]",17,self_attention,,1,transformer.h.17.self_attention,aten.add.Tensor,[],prefill,False
1228,self_attention,,concat,"[[0], [B, 1, T, d_head]]",,,"[[B, 1, T, d_head]]",[1227],17,self_attention,,1,transformer.h.17.self_attention,aten.cat.default,[],prefill,False
1229,self_attention,,concat,"[[0], [B, 1, T, d_head]]",,,"[[B, 1, T, d_head]]",[1211],17,self_attention,,1,transformer.h.17.self_attention,aten.cat.default,[],prefill,False
1230,self_attention,,transpose,"[[B, 1, T, d_head]]",,,"[[B, 1, d_head, T]]",[1228],17,self_attention,,1,transformer.h.17.self_attention,aten.transpose.int,[],prefill,True
1231,self_attention,,expand,"[[B, n_h, T, d_head]]",,,"[[B, n_h, T, d_head]]",[1220],17,self_attention,,1,transformer.h.17.self_attention,aten.expand.default,[],prefill,True
1232,self_attention,,view,"[[B, n_h, T, d_head]]",,,"[[n_h, T, d_head]]",[1231],17,self_attention,,1,transformer.h.17.self_attention,aten.view.default,[],prefill,True
1233,self_attention,,expand,"[[B, 1, d_head, T]]",,,"[[B, n_h, d_head, T]]",[1230],17,self_attention,,1,transformer.h.17.self_attention,aten.expand.default,[],prefill,True
1234,self_attention,,view,"[[B, n_h, d_head, T]]",,,"[[n_h, d_head, T]]",[1233],17,self_attention,,1,transformer.h.17.self_attention,aten.view.default,[],prefill,True
1235,self_attention,,batched_matmul,"[[n_h, T, d_head], [n_h, d_head, T]]",,,"[[n_h, T, T]]","[1232, 1234]",17,self_attention,,1,transformer.h.17.self_attention,aten.bmm.default,[],prefill,False
1236,self_attention,,_unsafe_view,"[[n_h, T, T]]",,,"[[B, n_h, T, T]]",[1235],17,self_attention,,1,transformer.h.17.self_attention,aten._unsafe_view.default,[],prefill,True
1237,self_attention,,div_,"[[B, n_h, T, T]]",,,"[[B, n_h, T, T]]",[1236],17,self_attention,,1,transformer.h.17.self_attention,aten.div_.Tensor,[],prefill,True
1238,self_attention,,elementwise_add,"[[B, n_h, T, T], [B, 1, T, T]]",,,"[[B, n_h, T, T]]","[21, 1237]",17,self_attention,,1,transformer.h.17.self_attention,aten.add.Tensor,[],prefill,False
1239,self_attention,,softmax,"[[B, n_h, T, T]]",,,"[[B, n_h, T, T]]",[1238],17,self_attention,,1,transformer.h.17.self_attention,aten._softmax.default,[],prefill,False
1240,self_attention,,expand,"[[B, n_h, T, T]]",,,"[[B, n_h, T, T]]",[1239],17,self_attention,,1,transformer.h.17.self_attention,aten.expand.default,[],prefill,True
1241,self_attention,,view,"[[B, n_h, T, T]]",,,"[[n_h, T, T]]",[1240],17,self_attention,,1,transformer.h.17.self_attention,aten.view.default,[],prefill,True
1242,self_attention,,expand,"[[B, 1, T, d_head]]",,,"[[B, n_h, T, d_head]]",[1229],17,self_attention,,1,transformer.h.17.self_attention,aten.expand.default,[],prefill,True
1243,self_attention,,view,"[[B, n_h, T, d_head]]",,,"[[n_h, T, d_head]]",[1242],17,self_attention,,1,transformer.h.17.self_attention,aten.view.default,[],prefill,True
1244,self_attention,,batched_matmul,"[[n_h, T, T], [n_h, T, d_head]]",,,"[[n_h, T, d_head]]","[1241, 1243]",17,self_attention,,1,transformer.h.17.self_attention,aten.bmm.default,[],prefill,False
1245,self_attention,,_unsafe_view,"[[n_h, T, d_head]]",,,"[[B, n_h, T, d_head]]",[1244],17,self_attention,,1,transformer.h.17.self_attention,aten._unsafe_view.default,[],prefill,True
1246,self_attention,,view,"[[B, n_h, T, d_head]]",,,"[[B, n_h, T, d_head]]",[1245],17,self_attention,,1,transformer.h.17.self_attention,aten.view.default,[],prefill,True
1247,self_attention,,permute,"[[B, n_h, T, d_head]]",,,"[[B, T, n_h, d_head]]",[1246],17,self_attention,,1,transformer.h.17.self_attention,aten.permute.default,[],prefill,True
1248,self_attention,,clone,"[[B, T, n_h, d_head]]",,,"[[B, T, n_h, d_head]]",[1247],17,self_attention,,1,transformer.h.17.self_attention,aten.clone.default,[],prefill,True
1249,self_attention,,_unsafe_view,"[[B, T, n_h, d_head]]",,,"[[B, T, n_h*d_head]]",[1248],17,self_attention,,1,transformer.h.17.self_attention,aten._unsafe_view.default,[],prefill,True
1250,self_attention,dense,permute,"[[d_model, n_h*d_head]]","[d_model, n_h*d_head]",0,"[[n_h*d_head, d_model]]",[],17,self_attention,dense,2,transformer.h.17.self_attention.dense,aten.permute.default,[transformer.h.17.self_attention.dense.weight],prefill,True
1251,self_attention,dense,view,"[[B, T, n_h*d_head]]",,,"[[T, n_h*d_head]]",[1249],17,self_attention,dense,2,transformer.h.17.self_attention.dense,aten.view.default,[],prefill,True
1252,self_attention,dense,matmul,"[[T, n_h*d_head], [n_h*d_head, d_model]]","[d_model, n_h*d_head]",1,"[[T, d_model]]","[1250, 1251]",17,self_attention,dense,2,transformer.h.17.self_attention.dense,aten.mm.default,[transformer.h.17.self_attention.dense.weight],prefill,False
1253,self_attention,dense,_unsafe_view,"[[T, d_model]]",,,"[[B, T, d_model]]",[1252],17,self_attention,dense,2,transformer.h.17.self_attention.dense,aten._unsafe_view.default,[],prefill,True
1254,mlp,dense_h_to_4h,permute,"[[d_ff, d_model]]","[d_ff, d_model]",0,"[[d_model, d_ff]]",[],17,mlp,dense_h_to_4h,2,transformer.h.17.mlp.dense_h_to_4h,aten.permute.default,[transformer.h.17.mlp.dense_h_to_4h.weight],prefill,True
1255,mlp,dense_h_to_4h,view,"[[B, T, d_model]]",,,"[[T, d_model]]",[1197],17,mlp,dense_h_to_4h,2,transformer.h.17.mlp.dense_h_to_4h,aten.view.default,[],prefill,True
1256,mlp,dense_h_to_4h,matmul,"[[T, d_model], [d_model, d_ff]]","[d_ff, d_model]",1,"[[T, d_ff]]","[1254, 1255]",17,mlp,dense_h_to_4h,2,transformer.h.17.mlp.dense_h_to_4h,aten.mm.default,[transformer.h.17.mlp.dense_h_to_4h.weight],prefill,False
1257,mlp,dense_h_to_4h,_unsafe_view,"[[T, d_ff]]",,,"[[B, T, d_ff]]",[1256],17,mlp,dense_h_to_4h,2,transformer.h.17.mlp.dense_h_to_4h,aten._unsafe_view.default,[],prefill,True
1258,mlp,act,gelu,"[[B, T, d_ff]]",,,"[[B, T, d_ff]]",[1257],17,mlp,act,2,transformer.h.17.mlp.act,aten.gelu.default,[],prefill,False
1259,mlp,dense_4h_to_h,permute,"[[d_model, d_ff]]","[d_model, d_ff]",0,"[[d_ff, d_model]]",[],17,mlp,dense_4h_to_h,2,transformer.h.17.mlp.dense_4h_to_h,aten.permute.default,[transformer.h.17.mlp.dense_4h_to_h.weight],prefill,True
1260,mlp,dense_4h_to_h,view,"[[B, T, d_ff]]",,,"[[T, d_ff]]",[1258],17,mlp,dense_4h_to_h,2,transformer.h.17.mlp.dense_4h_to_h,aten.view.default,[],prefill,True
1261,mlp,dense_4h_to_h,matmul,"[[T, d_ff], [d_ff, d_model]]","[d_model, d_ff]",1,"[[T, d_model]]","[1259, 1260]",17,mlp,dense_4h_to_h,2,transformer.h.17.mlp.dense_4h_to_h,aten.mm.default,[transformer.h.17.mlp.dense_4h_to_h.weight],prefill,False
1262,mlp,dense_4h_to_h,_unsafe_view,"[[T, d_model]]",,,"[[B, T, d_model]]",[1261],17,mlp,dense_4h_to_h,2,transformer.h.17.mlp.dense_4h_to_h,aten._unsafe_view.default,[],prefill,True
1263,,,add_,"[[B, T, d_model], [B, T, d_model]]",,,"[[B, T, d_model]]","[1253, 1262]",17,,,0,transformer.h.17,aten.add_.Tensor,[],prefill,True
1264,,,elementwise_add,"[[B, T, d_model], [B, T, d_model]]",,,"[[B, T, d_model]]","[1196, 1263]",17,,,0,transformer.h.17,aten.add.Tensor,[],prefill,False
1265,input_layernorm,,layernorm,"[[B, T, d_model], [d_model], [d_model]]",,,"[[B, T, d_model], [B, T, 1], [B, T, 1]]",[1264],18,input_layernorm,,1,transformer.h.18.input_layernorm,aten.native_layer_norm.default,"[transformer.h.18.input_layernorm.bias, transformer.h.18.input_layernorm.weight]",prefill,False
1266,self_attention,query_key_value,permute,"[[(n_h+2*n_kv)*d_head, d_model]]","[(n_h+2*n_kv)*d_head, d_model]",0,"[[d_model, (n_h+2*n_kv)*d_head]]",[],18,self_attention,query_key_value,2,transformer.h.18.self_attention.query_key_value,aten.permute.default,[transformer.h.18.self_attention.query_key_value.weight],prefill,True
1267,self_attention,query_key_value,view,"[[B, T, d_model]]",,,"[[T, d_model]]",[1265],18,self_attention,query_key_value,2,transformer.h.18.self_attention.query_key_value,aten.view.default,[],prefill,True
1268,self_attention,query_key_value,matmul,"[[T, d_model], [d_model, (n_h+2*n_kv)*d_head]]","[(n_h+2*n_kv)*d_head, d_model]",1,"[[T, (n_h+2*n_kv)*d_head]]","[1266, 1267]",18,self_attention,query_key_value,2,transformer.h.18.self_attention.query_key_value,aten.mm.default,[transformer.h.18.self_attention.query_key_value.weight],prefill,False
1269,self_attention,query_key_value,_unsafe_view,"[[T, (n_h+2*n_kv)*d_head]]",,,"[[B, T, (n_h+2*n_kv)*d_head]]",[1268],18,self_attention,query_key_value,2,transformer.h.18.self_attention.query_key_value,aten._unsafe_view.default,[],prefill,True
1270,self_attention,,view,"[[B, T, (n_h+2*n_kv)*d_head]]",,,"[[B, T, n_h+2*n_kv, d_head]]",[1269],18,self_attention,,1,transformer.h.18.self_attention,aten.view.default,[],prefill,True
1271,self_attention,,slice,"[[B, T, n_h+2*n_kv, d_head]]",,,"[[B, T, n_h, d_head]]",[1270],18,self_attention,,1,transformer.h.18.self_attention,aten.slice.Tensor,[],prefill,True
1272,self_attention,,index,"[[B, T, n_h+2*n_kv, d_head], [B]]",,,"[[B, T, 1, d_head]]",[1270],18,self_attention,,1,transformer.h.18.self_attention,aten.index.Tensor,[],prefill,True
1273,self_attention,,index,"[[B, T, n_h+2*n_kv, d_head], [B]]",,,"[[B, T, 1, d_head]]",[1270],18,self_attention,,1,transformer.h.18.self_attention,aten.index.Tensor,[],prefill,True
1274,self_attention,,transpose,"[[B, T, n_h, d_head]]",,,"[[B, n_h, T, d_head]]",[1271],18,self_attention,,1,transformer.h.18.self_attention,aten.transpose.int,[],prefill,True
1275,self_attention,,view,"[[B, n_h, T, d_head]]",,,"[[B, n_h, T, d_head]]",[1274],18,self_attention,,1,transformer.h.18.self_attention,aten.view.default,[],prefill,True
1276,self_attention,,transpose,"[[B, T, 1, d_head]]",,,"[[B, 1, T, d_head]]",[1272],18,self_attention,,1,transformer.h.18.self_attention,aten.transpose.int,[],prefill,True
1277,self_attention,,view,"[[B, 1, T, d_head]]",,,"[[B, 1, T, d_head]]",[1276],18,self_attention,,1,transformer.h.18.self_attention,aten.view.default,[],prefill,True
1278,self_attention,,transpose,"[[B, T, 1, d_head]]",,,"[[B, 1, T, d_head]]",[1273],18,self_attention,,1,transformer.h.18.self_attention,aten.transpose.int,[],prefill,True
1279,self_attention,,view,"[[B, 1, T, d_head]]",,,"[[B, 1, T, d_head]]",[1278],18,self_attention,,1,transformer.h.18.self_attention,aten.view.default,[],prefill,True
1280,self_attention,,unsqueeze,"[[B, T, d_head]]",,,"[[B, 1, T, d_head]]",[39],18,self_attention,,1,transformer.h.18.self_attention,aten.unsqueeze.default,[],prefill,True
1281,self_attention,,unsqueeze,"[[B, T, d_head]]",,,"[[B, 1, T, d_head]]",[40],18,self_attention,,1,transformer.h.18.self_attention,aten.unsqueeze.default,[],prefill,True
1282,self_attention,,elementwise_mul,"[[B, n_h, T, d_head], [B, 1, T, d_head]]",,,"[[B, n_h, T, d_head]]","[1275, 1280]",18,self_attention,,1,transformer.h.18.self_attention,aten.mul.Tensor,[],prefill,False
1283,self_attention,,slice,"[[B, n_h, T, d_head]]",,,"[[B, n_h, T, d_head/2]]",[1275],18,self_attention,,1,transformer.h.18.self_attention,aten.slice.Tensor,[],prefill,True
1284,self_attention,,slice,"[[B, n_h, T, d_head]]",,,"[[B, n_h, T, d_head/2]]",[1275],18,self_attention,,1,transformer.h.18.self_attention,aten.slice.Tensor,[],prefill,True
1285,self_attention,,neg,"[[B, n_h, T, d_head/2]]",,,"[[B, n_h, T, d_head/2]]",[1284],18,self_attention,,1,transformer.h.18.self_attention,aten.neg.default,[],prefill,False
1286,self_attention,,concat,"[[B, n_h, T, d_head/2], [B, n_h, T, d_head/2]]",,,"[[B, n_h, T, d_head]]","[1283, 1285]",18,self_attention,,1,transformer.h.18.self_attention,aten.cat.default,[],prefill,False
1287,self_attention,,elementwise_mul,"[[B, n_h, T, d_head], [B, 1, T, d_head]]",,,"[[B, n_h, T, d_head]]","[1281, 1286]",18,self_attention,,1,transformer.h.18.self_attention,aten.mul.Tensor,[],prefill,False
1288,self_attention,,elementwise_add,"[[B, n_h, T, d_head], [B, n_h, T, d_head]]",,,"[[B, n_h, T, d_head]]","[1282, 1287]",18,self_attention,,1,transformer.h.18.self_attention,aten.add.Tensor,[],prefill,False
1289,self_attention,,elementwise_mul,"[[B, 1, T, d_head], [B, 1, T, d_head]]",,,"[[B, 1, T, d_head]]","[1277, 1280]",18,self_attention,,1,transformer.h.18.self_attention,aten.mul.Tensor,[],prefill,False
1290,self_attention,,slice,"[[B, 1, T, d_head]]",,,"[[B, 1, T, d_head/2]]",[1277],18,self_attention,,1,transformer.h.18.self_attention,aten.slice.Tensor,[],prefill,True
1291,self_attention,,slice,"[[B, 1, T, d_head]]",,,"[[B, 1, T, d_head/2]]",[1277],18,self_attention,,1,transformer.h.18.self_attention,aten.slice.Tensor,[],prefill,True
1292,self_attention,,neg,"[[B, 1, T, d_head/2]]",,,"[[B, 1, T, d_head/2]]",[1291],18,self_attention,,1,transformer.h.18.self_attention,aten.neg.default,[],prefill,False
1293,self_attention,,concat,"[[B, 1, T, d_head/2], [B, 1, T, d_head/2]]",,,"[[B, 1, T, d_head]]","[1290, 1292]",18,self_attention,,1,transformer.h.18.self_attention,aten.cat.default,[],prefill,False
1294,self_attention,,elementwise_mul,"[[B, 1, T, d_head], [B, 1, T, d_head]]",,,"[[B, 1, T, d_head]]","[1281, 1293]",18,self_attention,,1,transformer.h.18.self_attention,aten.mul.Tensor,[],prefill,False
1295,self_attention,,elementwise_add,"[[B, 1, T, d_head], [B, 1, T, d_head]]",,,"[[B, 1, T, d_head]]","[1289, 1294]",18,self_attention,,1,transformer.h.18.self_attention,aten.add.Tensor,[],prefill,False
1296,self_attention,,concat,"[[0], [B, 1, T, d_head]]",,,"[[B, 1, T, d_head]]",[1295],18,self_attention,,1,transformer.h.18.self_attention,aten.cat.default,[],prefill,False
1297,self_attention,,concat,"[[0], [B, 1, T, d_head]]",,,"[[B, 1, T, d_head]]",[1279],18,self_attention,,1,transformer.h.18.self_attention,aten.cat.default,[],prefill,False
1298,self_attention,,transpose,"[[B, 1, T, d_head]]",,,"[[B, 1, d_head, T]]",[1296],18,self_attention,,1,transformer.h.18.self_attention,aten.transpose.int,[],prefill,True
1299,self_attention,,expand,"[[B, n_h, T, d_head]]",,,"[[B, n_h, T, d_head]]",[1288],18,self_attention,,1,transformer.h.18.self_attention,aten.expand.default,[],prefill,True
1300,self_attention,,view,"[[B, n_h, T, d_head]]",,,"[[n_h, T, d_head]]",[1299],18,self_attention,,1,transformer.h.18.self_attention,aten.view.default,[],prefill,True
1301,self_attention,,expand,"[[B, 1, d_head, T]]",,,"[[B, n_h, d_head, T]]",[1298],18,self_attention,,1,transformer.h.18.self_attention,aten.expand.default,[],prefill,True
1302,self_attention,,view,"[[B, n_h, d_head, T]]",,,"[[n_h, d_head, T]]",[1301],18,self_attention,,1,transformer.h.18.self_attention,aten.view.default,[],prefill,True
1303,self_attention,,batched_matmul,"[[n_h, T, d_head], [n_h, d_head, T]]",,,"[[n_h, T, T]]","[1300, 1302]",18,self_attention,,1,transformer.h.18.self_attention,aten.bmm.default,[],prefill,False
1304,self_attention,,_unsafe_view,"[[n_h, T, T]]",,,"[[B, n_h, T, T]]",[1303],18,self_attention,,1,transformer.h.18.self_attention,aten._unsafe_view.default,[],prefill,True
1305,self_attention,,div_,"[[B, n_h, T, T]]",,,"[[B, n_h, T, T]]",[1304],18,self_attention,,1,transformer.h.18.self_attention,aten.div_.Tensor,[],prefill,True
1306,self_attention,,elementwise_add,"[[B, n_h, T, T], [B, 1, T, T]]",,,"[[B, n_h, T, T]]","[21, 1305]",18,self_attention,,1,transformer.h.18.self_attention,aten.add.Tensor,[],prefill,False
1307,self_attention,,softmax,"[[B, n_h, T, T]]",,,"[[B, n_h, T, T]]",[1306],18,self_attention,,1,transformer.h.18.self_attention,aten._softmax.default,[],prefill,False
1308,self_attention,,expand,"[[B, n_h, T, T]]",,,"[[B, n_h, T, T]]",[1307],18,self_attention,,1,transformer.h.18.self_attention,aten.expand.default,[],prefill,True
1309,self_attention,,view,"[[B, n_h, T, T]]",,,"[[n_h, T, T]]",[1308],18,self_attention,,1,transformer.h.18.self_attention,aten.view.default,[],prefill,True
1310,self_attention,,expand,"[[B, 1, T, d_head]]",,,"[[B, n_h, T, d_head]]",[1297],18,self_attention,,1,transformer.h.18.self_attention,aten.expand.default,[],prefill,True
1311,self_attention,,view,"[[B, n_h, T, d_head]]",,,"[[n_h, T, d_head]]",[1310],18,self_attention,,1,transformer.h.18.self_attention,aten.view.default,[],prefill,True
1312,self_attention,,batched_matmul,"[[n_h, T, T], [n_h, T, d_head]]",,,"[[n_h, T, d_head]]","[1309, 1311]",18,self_attention,,1,transformer.h.18.self_attention,aten.bmm.default,[],prefill,False
1313,self_attention,,_unsafe_view,"[[n_h, T, d_head]]",,,"[[B, n_h, T, d_head]]",[1312],18,self_attention,,1,transformer.h.18.self_attention,aten._unsafe_view.default,[],prefill,True
1314,self_attention,,view,"[[B, n_h, T, d_head]]",,,"[[B, n_h, T, d_head]]",[1313],18,self_attention,,1,transformer.h.18.self_attention,aten.view.default,[],prefill,True
1315,self_attention,,permute,"[[B, n_h, T, d_head]]",,,"[[B, T, n_h, d_head]]",[1314],18,self_attention,,1,transformer.h.18.self_attention,aten.permute.default,[],prefill,True
1316,self_attention,,clone,"[[B, T, n_h, d_head]]",,,"[[B, T, n_h, d_head]]",[1315],18,self_attention,,1,transformer.h.18.self_attention,aten.clone.default,[],prefill,True
1317,self_attention,,_unsafe_view,"[[B, T, n_h, d_head]]",,,"[[B, T, n_h*d_head]]",[1316],18,self_attention,,1,transformer.h.18.self_attention,aten._unsafe_view.default,[],prefill,True
1318,self_attention,dense,permute,"[[d_model, n_h*d_head]]","[d_model, n_h*d_head]",0,"[[n_h*d_head, d_model]]",[],18,self_attention,dense,2,transformer.h.18.self_attention.dense,aten.permute.default,[transformer.h.18.self_attention.dense.weight],prefill,True
1319,self_attention,dense,view,"[[B, T, n_h*d_head]]",,,"[[T, n_h*d_head]]",[1317],18,self_attention,dense,2,transformer.h.18.self_attention.dense,aten.view.default,[],prefill,True
1320,self_attention,dense,matmul,"[[T, n_h*d_head], [n_h*d_head, d_model]]","[d_model, n_h*d_head]",1,"[[T, d_model]]","[1318, 1319]",18,self_attention,dense,2,transformer.h.18.self_attention.dense,aten.mm.default,[transformer.h.18.self_attention.dense.weight],prefill,False
1321,self_attention,dense,_unsafe_view,"[[T, d_model]]",,,"[[B, T, d_model]]",[1320],18,self_attention,dense,2,transformer.h.18.self_attention.dense,aten._unsafe_view.default,[],prefill,True
1322,mlp,dense_h_to_4h,permute,"[[d_ff, d_model]]","[d_ff, d_model]",0,"[[d_model, d_ff]]",[],18,mlp,dense_h_to_4h,2,transformer.h.18.mlp.dense_h_to_4h,aten.permute.default,[transformer.h.18.mlp.dense_h_to_4h.weight],prefill,True
1323,mlp,dense_h_to_4h,view,"[[B, T, d_model]]",,,"[[T, d_model]]",[1265],18,mlp,dense_h_to_4h,2,transformer.h.18.mlp.dense_h_to_4h,aten.view.default,[],prefill,True
1324,mlp,dense_h_to_4h,matmul,"[[T, d_model], [d_model, d_ff]]","[d_ff, d_model]",1,"[[T, d_ff]]","[1322, 1323]",18,mlp,dense_h_to_4h,2,transformer.h.18.mlp.dense_h_to_4h,aten.mm.default,[transformer.h.18.mlp.dense_h_to_4h.weight],prefill,False
1325,mlp,dense_h_to_4h,_unsafe_view,"[[T, d_ff]]",,,"[[B, T, d_ff]]",[1324],18,mlp,dense_h_to_4h,2,transformer.h.18.mlp.dense_h_to_4h,aten._unsafe_view.default,[],prefill,True
1326,mlp,act,gelu,"[[B, T, d_ff]]",,,"[[B, T, d_ff]]",[1325],18,mlp,act,2,transformer.h.18.mlp.act,aten.gelu.default,[],prefill,False
1327,mlp,dense_4h_to_h,permute,"[[d_model, d_ff]]","[d_model, d_ff]",0,"[[d_ff, d_model]]",[],18,mlp,dense_4h_to_h,2,transformer.h.18.mlp.dense_4h_to_h,aten.permute.default,[transformer.h.18.mlp.dense_4h_to_h.weight],prefill,True
1328,mlp,dense_4h_to_h,view,"[[B, T, d_ff]]",,,"[[T, d_ff]]",[1326],18,mlp,dense_4h_to_h,2,transformer.h.18.mlp.dense_4h_to_h,aten.view.default,[],prefill,True
1329,mlp,dense_4h_to_h,matmul,"[[T, d_ff], [d_ff, d_model]]","[d_model, d_ff]",1,"[[T, d_model]]","[1327, 1328]",18,mlp,dense_4h_to_h,2,transformer.h.18.mlp.dense_4h_to_h,aten.mm.default,[transformer.h.18.mlp.dense_4h_to_h.weight],prefill,False
1330,mlp,dense_4h_to_h,_unsafe_view,"[[T, d_model]]",,,"[[B, T, d_model]]",[1329],18,mlp,dense_4h_to_h,2,transformer.h.18.mlp.dense_4h_to_h,aten._unsafe_view.default,[],prefill,True
1331,,,add_,"[[B, T, d_model], [B, T, d_model]]",,,"[[B, T, d_model]]","[1321, 1330]",18,,,0,transformer.h.18,aten.add_.Tensor,[],prefill,True
1332,,,elementwise_add,"[[B, T, d_model], [B, T, d_model]]",,,"[[B, T, d_model]]","[1264, 1331]",18,,,0,transformer.h.18,aten.add.Tensor,[],prefill,False
1333,input_layernorm,,layernorm,"[[B, T, d_model], [d_model], [d_model]]",,,"[[B, T, d_model], [B, T, 1], [B, T, 1]]",[1332],19,input_layernorm,,1,transformer.h.19.input_layernorm,aten.native_layer_norm.default,"[transformer.h.19.input_layernorm.bias, transformer.h.19.input_layernorm.weight]",prefill,False
1334,self_attention,query_key_value,permute,"[[(n_h+2*n_kv)*d_head, d_model]]","[(n_h+2*n_kv)*d_head, d_model]",0,"[[d_model, (n_h+2*n_kv)*d_head]]",[],19,self_attention,query_key_value,2,transformer.h.19.self_attention.query_key_value,aten.permute.default,[transformer.h.19.self_attention.query_key_value.weight],prefill,True
1335,self_attention,query_key_value,view,"[[B, T, d_model]]",,,"[[T, d_model]]",[1333],19,self_attention,query_key_value,2,transformer.h.19.self_attention.query_key_value,aten.view.default,[],prefill,True
1336,self_attention,query_key_value,matmul,"[[T, d_model], [d_model, (n_h+2*n_kv)*d_head]]","[(n_h+2*n_kv)*d_head, d_model]",1,"[[T, (n_h+2*n_kv)*d_head]]","[1334, 1335]",19,self_attention,query_key_value,2,transformer.h.19.self_attention.query_key_value,aten.mm.default,[transformer.h.19.self_attention.query_key_value.weight],prefill,False
1337,self_attention,query_key_value,_unsafe_view,"[[T, (n_h+2*n_kv)*d_head]]",,,"[[B, T, (n_h+2*n_kv)*d_head]]",[1336],19,self_attention,query_key_value,2,transformer.h.19.self_attention.query_key_value,aten._unsafe_view.default,[],prefill,True
1338,self_attention,,view,"[[B, T, (n_h+2*n_kv)*d_head]]",,,"[[B, T, n_h+2*n_kv, d_head]]",[1337],19,self_attention,,1,transformer.h.19.self_attention,aten.view.default,[],prefill,True
1339,self_attention,,slice,"[[B, T, n_h+2*n_kv, d_head]]",,,"[[B, T, n_h, d_head]]",[1338],19,self_attention,,1,transformer.h.19.self_attention,aten.slice.Tensor,[],prefill,True
1340,self_attention,,index,"[[B, T, n_h+2*n_kv, d_head], [B]]",,,"[[B, T, 1, d_head]]",[1338],19,self_attention,,1,transformer.h.19.self_attention,aten.index.Tensor,[],prefill,True
1341,self_attention,,index,"[[B, T, n_h+2*n_kv, d_head], [B]]",,,"[[B, T, 1, d_head]]",[1338],19,self_attention,,1,transformer.h.19.self_attention,aten.index.Tensor,[],prefill,True
1342,self_attention,,transpose,"[[B, T, n_h, d_head]]",,,"[[B, n_h, T, d_head]]",[1339],19,self_attention,,1,transformer.h.19.self_attention,aten.transpose.int,[],prefill,True
1343,self_attention,,view,"[[B, n_h, T, d_head]]",,,"[[B, n_h, T, d_head]]",[1342],19,self_attention,,1,transformer.h.19.self_attention,aten.view.default,[],prefill,True
1344,self_attention,,transpose,"[[B, T, 1, d_head]]",,,"[[B, 1, T, d_head]]",[1340],19,self_attention,,1,transformer.h.19.self_attention,aten.transpose.int,[],prefill,True
1345,self_attention,,view,"[[B, 1, T, d_head]]",,,"[[B, 1, T, d_head]]",[1344],19,self_attention,,1,transformer.h.19.self_attention,aten.view.default,[],prefill,True
1346,self_attention,,transpose,"[[B, T, 1, d_head]]",,,"[[B, 1, T, d_head]]",[1341],19,self_attention,,1,transformer.h.19.self_attention,aten.transpose.int,[],prefill,True
1347,self_attention,,view,"[[B, 1, T, d_head]]",,,"[[B, 1, T, d_head]]",[1346],19,self_attention,,1,transformer.h.19.self_attention,aten.view.default,[],prefill,True
1348,self_attention,,unsqueeze,"[[B, T, d_head]]",,,"[[B, 1, T, d_head]]",[39],19,self_attention,,1,transformer.h.19.self_attention,aten.unsqueeze.default,[],prefill,True
1349,self_attention,,unsqueeze,"[[B, T, d_head]]",,,"[[B, 1, T, d_head]]",[40],19,self_attention,,1,transformer.h.19.self_attention,aten.unsqueeze.default,[],prefill,True
1350,self_attention,,elementwise_mul,"[[B, n_h, T, d_head], [B, 1, T, d_head]]",,,"[[B, n_h, T, d_head]]","[1343, 1348]",19,self_attention,,1,transformer.h.19.self_attention,aten.mul.Tensor,[],prefill,False
1351,self_attention,,slice,"[[B, n_h, T, d_head]]",,,"[[B, n_h, T, d_head/2]]",[1343],19,self_attention,,1,transformer.h.19.self_attention,aten.slice.Tensor,[],prefill,True
1352,self_attention,,slice,"[[B, n_h, T, d_head]]",,,"[[B, n_h, T, d_head/2]]",[1343],19,self_attention,,1,transformer.h.19.self_attention,aten.slice.Tensor,[],prefill,True
1353,self_attention,,neg,"[[B, n_h, T, d_head/2]]",,,"[[B, n_h, T, d_head/2]]",[1352],19,self_attention,,1,transformer.h.19.self_attention,aten.neg.default,[],prefill,False
1354,self_attention,,concat,"[[B, n_h, T, d_head/2], [B, n_h, T, d_head/2]]",,,"[[B, n_h, T, d_head]]","[1351, 1353]",19,self_attention,,1,transformer.h.19.self_attention,aten.cat.default,[],prefill,False
1355,self_attention,,elementwise_mul,"[[B, n_h, T, d_head], [B, 1, T, d_head]]",,,"[[B, n_h, T, d_head]]","[1349, 1354]",19,self_attention,,1,transformer.h.19.self_attention,aten.mul.Tensor,[],prefill,False
1356,self_attention,,elementwise_add,"[[B, n_h, T, d_head], [B, n_h, T, d_head]]",,,"[[B, n_h, T, d_head]]","[1350, 1355]",19,self_attention,,1,transformer.h.19.self_attention,aten.add.Tensor,[],prefill,False
1357,self_attention,,elementwise_mul,"[[B, 1, T, d_head], [B, 1, T, d_head]]",,,"[[B, 1, T, d_head]]","[1345, 1348]",19,self_attention,,1,transformer.h.19.self_attention,aten.mul.Tensor,[],prefill,False
1358,self_attention,,slice,"[[B, 1, T, d_head]]",,,"[[B, 1, T, d_head/2]]",[1345],19,self_attention,,1,transformer.h.19.self_attention,aten.slice.Tensor,[],prefill,True
1359,self_attention,,slice,"[[B, 1, T, d_head]]",,,"[[B, 1, T, d_head/2]]",[1345],19,self_attention,,1,transformer.h.19.self_attention,aten.slice.Tensor,[],prefill,True
1360,self_attention,,neg,"[[B, 1, T, d_head/2]]",,,"[[B, 1, T, d_head/2]]",[1359],19,self_attention,,1,transformer.h.19.self_attention,aten.neg.default,[],prefill,False
1361,self_attention,,concat,"[[B, 1, T, d_head/2], [B, 1, T, d_head/2]]",,,"[[B, 1, T, d_head]]","[1358, 1360]",19,self_attention,,1,transformer.h.19.self_attention,aten.cat.default,[],prefill,False
1362,self_attention,,elementwise_mul,"[[B, 1, T, d_head], [B, 1, T, d_head]]",,,"[[B, 1, T, d_head]]","[1349, 1361]",19,self_attention,,1,transformer.h.19.self_attention,aten.mul.Tensor,[],prefill,False
1363,self_attention,,elementwise_add,"[[B, 1, T, d_head], [B, 1, T, d_head]]",,,"[[B, 1, T, d_head]]","[1357, 1362]",19,self_attention,,1,transformer.h.19.self_attention,aten.add.Tensor,[],prefill,False
1364,self_attention,,concat,"[[0], [B, 1, T, d_head]]",,,"[[B, 1, T, d_head]]",[1363],19,self_attention,,1,transformer.h.19.self_attention,aten.cat.default,[],prefill,False
1365,self_attention,,concat,"[[0], [B, 1, T, d_head]]",,,"[[B, 1, T, d_head]]",[1347],19,self_attention,,1,transformer.h.19.self_attention,aten.cat.default,[],prefill,False
1366,self_attention,,transpose,"[[B, 1, T, d_head]]",,,"[[B, 1, d_head, T]]",[1364],19,self_attention,,1,transformer.h.19.self_attention,aten.transpose.int,[],prefill,True
1367,self_attention,,expand,"[[B, n_h, T, d_head]]",,,"[[B, n_h, T, d_head]]",[1356],19,self_attention,,1,transformer.h.19.self_attention,aten.expand.default,[],prefill,True
1368,self_attention,,view,"[[B, n_h, T, d_head]]",,,"[[n_h, T, d_head]]",[1367],19,self_attention,,1,transformer.h.19.self_attention,aten.view.default,[],prefill,True
1369,self_attention,,expand,"[[B, 1, d_head, T]]",,,"[[B, n_h, d_head, T]]",[1366],19,self_attention,,1,transformer.h.19.self_attention,aten.expand.default,[],prefill,True
1370,self_attention,,view,"[[B, n_h, d_head, T]]",,,"[[n_h, d_head, T]]",[1369],19,self_attention,,1,transformer.h.19.self_attention,aten.view.default,[],prefill,True
1371,self_attention,,batched_matmul,"[[n_h, T, d_head], [n_h, d_head, T]]",,,"[[n_h, T, T]]","[1368, 1370]",19,self_attention,,1,transformer.h.19.self_attention,aten.bmm.default,[],prefill,False
1372,self_attention,,_unsafe_view,"[[n_h, T, T]]",,,"[[B, n_h, T, T]]",[1371],19,self_attention,,1,transformer.h.19.self_attention,aten._unsafe_view.default,[],prefill,True
1373,self_attention,,div_,"[[B, n_h, T, T]]",,,"[[B, n_h, T, T]]",[1372],19,self_attention,,1,transformer.h.19.self_attention,aten.div_.Tensor,[],prefill,True
1374,self_attention,,elementwise_add,"[[B, n_h, T, T], [B, 1, T, T]]",,,"[[B, n_h, T, T]]","[21, 1373]",19,self_attention,,1,transformer.h.19.self_attention,aten.add.Tensor,[],prefill,False
1375,self_attention,,softmax,"[[B, n_h, T, T]]",,,"[[B, n_h, T, T]]",[1374],19,self_attention,,1,transformer.h.19.self_attention,aten._softmax.default,[],prefill,False
1376,self_attention,,expand,"[[B, n_h, T, T]]",,,"[[B, n_h, T, T]]",[1375],19,self_attention,,1,transformer.h.19.self_attention,aten.expand.default,[],prefill,True
1377,self_attention,,view,"[[B, n_h, T, T]]",,,"[[n_h, T, T]]",[1376],19,self_attention,,1,transformer.h.19.self_attention,aten.view.default,[],prefill,True
1378,self_attention,,expand,"[[B, 1, T, d_head]]",,,"[[B, n_h, T, d_head]]",[1365],19,self_attention,,1,transformer.h.19.self_attention,aten.expand.default,[],prefill,True
1379,self_attention,,view,"[[B, n_h, T, d_head]]",,,"[[n_h, T, d_head]]",[1378],19,self_attention,,1,transformer.h.19.self_attention,aten.view.default,[],prefill,True
1380,self_attention,,batched_matmul,"[[n_h, T, T], [n_h, T, d_head]]",,,"[[n_h, T, d_head]]","[1377, 1379]",19,self_attention,,1,transformer.h.19.self_attention,aten.bmm.default,[],prefill,False
1381,self_attention,,_unsafe_view,"[[n_h, T, d_head]]",,,"[[B, n_h, T, d_head]]",[1380],19,self_attention,,1,transformer.h.19.self_attention,aten._unsafe_view.default,[],prefill,True
1382,self_attention,,view,"[[B, n_h, T, d_head]]",,,"[[B, n_h, T, d_head]]",[1381],19,self_attention,,1,transformer.h.19.self_attention,aten.view.default,[],prefill,True
1383,self_attention,,permute,"[[B, n_h, T, d_head]]",,,"[[B, T, n_h, d_head]]",[1382],19,self_attention,,1,transformer.h.19.self_attention,aten.permute.default,[],prefill,True
1384,self_attention,,clone,"[[B, T, n_h, d_head]]",,,"[[B, T, n_h, d_head]]",[1383],19,self_attention,,1,transformer.h.19.self_attention,aten.clone.default,[],prefill,True
1385,self_attention,,_unsafe_view,"[[B, T, n_h, d_head]]",,,"[[B, T, n_h*d_head]]",[1384],19,self_attention,,1,transformer.h.19.self_attention,aten._unsafe_view.default,[],prefill,True
1386,self_attention,dense,permute,"[[d_model, n_h*d_head]]","[d_model, n_h*d_head]",0,"[[n_h*d_head, d_model]]",[],19,self_attention,dense,2,transformer.h.19.self_attention.dense,aten.permute.default,[transformer.h.19.self_attention.dense.weight],prefill,True
1387,self_attention,dense,view,"[[B, T, n_h*d_head]]",,,"[[T, n_h*d_head]]",[1385],19,self_attention,dense,2,transformer.h.19.self_attention.dense,aten.view.default,[],prefill,True
1388,self_attention,dense,matmul,"[[T, n_h*d_head], [n_h*d_head, d_model]]","[d_model, n_h*d_head]",1,"[[T, d_model]]","[1386, 1387]",19,self_attention,dense,2,transformer.h.19.self_attention.dense,aten.mm.default,[transformer.h.19.self_attention.dense.weight],prefill,False
1389,self_attention,dense,_unsafe_view,"[[T, d_model]]",,,"[[B, T, d_model]]",[1388],19,self_attention,dense,2,transformer.h.19.self_attention.dense,aten._unsafe_view.default,[],prefill,True
1390,mlp,dense_h_to_4h,permute,"[[d_ff, d_model]]","[d_ff, d_model]",0,"[[d_model, d_ff]]",[],19,mlp,dense_h_to_4h,2,transformer.h.19.mlp.dense_h_to_4h,aten.permute.default,[transformer.h.19.mlp.dense_h_to_4h.weight],prefill,True
1391,mlp,dense_h_to_4h,view,"[[B, T, d_model]]",,,"[[T, d_model]]",[1333],19,mlp,dense_h_to_4h,2,transformer.h.19.mlp.dense_h_to_4h,aten.view.default,[],prefill,True
1392,mlp,dense_h_to_4h,matmul,"[[T, d_model], [d_model, d_ff]]","[d_ff, d_model]",1,"[[T, d_ff]]","[1390, 1391]",19,mlp,dense_h_to_4h,2,transformer.h.19.mlp.dense_h_to_4h,aten.mm.default,[transformer.h.19.mlp.dense_h_to_4h.weight],prefill,False
1393,mlp,dense_h_to_4h,_unsafe_view,"[[T, d_ff]]",,,"[[B, T, d_ff]]",[1392],19,mlp,dense_h_to_4h,2,transformer.h.19.mlp.dense_h_to_4h,aten._unsafe_view.default,[],prefill,True
1394,mlp,act,gelu,"[[B, T, d_ff]]",,,"[[B, T, d_ff]]",[1393],19,mlp,act,2,transformer.h.19.mlp.act,aten.gelu.default,[],prefill,False
1395,mlp,dense_4h_to_h,permute,"[[d_model, d_ff]]","[d_model, d_ff]",0,"[[d_ff, d_model]]",[],19,mlp,dense_4h_to_h,2,transformer.h.19.mlp.dense_4h_to_h,aten.permute.default,[transformer.h.19.mlp.dense_4h_to_h.weight],prefill,True
1396,mlp,dense_4h_to_h,view,"[[B, T, d_ff]]",,,"[[T, d_ff]]",[1394],19,mlp,dense_4h_to_h,2,transformer.h.19.mlp.dense_4h_to_h,aten.view.default,[],prefill,True
1397,mlp,dense_4h_to_h,matmul,"[[T, d_ff], [d_ff, d_model]]","[d_model, d_ff]",1,"[[T, d_model]]","[1395, 1396]",19,mlp,dense_4h_to_h,2,transformer.h.19.mlp.dense_4h_to_h,aten.mm.default,[transformer.h.19.mlp.dense_4h_to_h.weight],prefill,False
1398,mlp,dense_4h_to_h,_unsafe_view,"[[T, d_model]]",,,"[[B, T, d_model]]",[1397],19,mlp,dense_4h_to_h,2,transformer.h.19.mlp.dense_4h_to_h,aten._unsafe_view.default,[],prefill,True
1399,,,add_,"[[B, T, d_model], [B, T, d_model]]",,,"[[B, T, d_model]]","[1389, 1398]",19,,,0,transformer.h.19,aten.add_.Tensor,[],prefill,True
1400,,,elementwise_add,"[[B, T, d_model], [B, T, d_model]]",,,"[[B, T, d_model]]","[1332, 1399]",19,,,0,transformer.h.19,aten.add.Tensor,[],prefill,False
1401,input_layernorm,,layernorm,"[[B, T, d_model], [d_model], [d_model]]",,,"[[B, T, d_model], [B, T, 1], [B, T, 1]]",[1400],20,input_layernorm,,1,transformer.h.20.input_layernorm,aten.native_layer_norm.default,"[transformer.h.20.input_layernorm.bias, transformer.h.20.input_layernorm.weight]",prefill,False
1402,self_attention,query_key_value,permute,"[[(n_h+2*n_kv)*d_head, d_model]]","[(n_h+2*n_kv)*d_head, d_model]",0,"[[d_model, (n_h+2*n_kv)*d_head]]",[],20,self_attention,query_key_value,2,transformer.h.20.self_attention.query_key_value,aten.permute.default,[transformer.h.20.self_attention.query_key_value.weight],prefill,True
1403,self_attention,query_key_value,view,"[[B, T, d_model]]",,,"[[T, d_model]]",[1401],20,self_attention,query_key_value,2,transformer.h.20.self_attention.query_key_value,aten.view.default,[],prefill,True
1404,self_attention,query_key_value,matmul,"[[T, d_model], [d_model, (n_h+2*n_kv)*d_head]]","[(n_h+2*n_kv)*d_head, d_model]",1,"[[T, (n_h+2*n_kv)*d_head]]","[1402, 1403]",20,self_attention,query_key_value,2,transformer.h.20.self_attention.query_key_value,aten.mm.default,[transformer.h.20.self_attention.query_key_value.weight],prefill,False
1405,self_attention,query_key_value,_unsafe_view,"[[T, (n_h+2*n_kv)*d_head]]",,,"[[B, T, (n_h+2*n_kv)*d_head]]",[1404],20,self_attention,query_key_value,2,transformer.h.20.self_attention.query_key_value,aten._unsafe_view.default,[],prefill,True
1406,self_attention,,view,"[[B, T, (n_h+2*n_kv)*d_head]]",,,"[[B, T, n_h+2*n_kv, d_head]]",[1405],20,self_attention,,1,transformer.h.20.self_attention,aten.view.default,[],prefill,True
1407,self_attention,,slice,"[[B, T, n_h+2*n_kv, d_head]]",,,"[[B, T, n_h, d_head]]",[1406],20,self_attention,,1,transformer.h.20.self_attention,aten.slice.Tensor,[],prefill,True
1408,self_attention,,index,"[[B, T, n_h+2*n_kv, d_head], [B]]",,,"[[B, T, 1, d_head]]",[1406],20,self_attention,,1,transformer.h.20.self_attention,aten.index.Tensor,[],prefill,True
1409,self_attention,,index,"[[B, T, n_h+2*n_kv, d_head], [B]]",,,"[[B, T, 1, d_head]]",[1406],20,self_attention,,1,transformer.h.20.self_attention,aten.index.Tensor,[],prefill,True
1410,self_attention,,transpose,"[[B, T, n_h, d_head]]",,,"[[B, n_h, T, d_head]]",[1407],20,self_attention,,1,transformer.h.20.self_attention,aten.transpose.int,[],prefill,True
1411,self_attention,,view,"[[B, n_h, T, d_head]]",,,"[[B, n_h, T, d_head]]",[1410],20,self_attention,,1,transformer.h.20.self_attention,aten.view.default,[],prefill,True
1412,self_attention,,transpose,"[[B, T, 1, d_head]]",,,"[[B, 1, T, d_head]]",[1408],20,self_attention,,1,transformer.h.20.self_attention,aten.transpose.int,[],prefill,True
1413,self_attention,,view,"[[B, 1, T, d_head]]",,,"[[B, 1, T, d_head]]",[1412],20,self_attention,,1,transformer.h.20.self_attention,aten.view.default,[],prefill,True
1414,self_attention,,transpose,"[[B, T, 1, d_head]]",,,"[[B, 1, T, d_head]]",[1409],20,self_attention,,1,transformer.h.20.self_attention,aten.transpose.int,[],prefill,True
1415,self_attention,,view,"[[B, 1, T, d_head]]",,,"[[B, 1, T, d_head]]",[1414],20,self_attention,,1,transformer.h.20.self_attention,aten.view.default,[],prefill,True
1416,self_attention,,unsqueeze,"[[B, T, d_head]]",,,"[[B, 1, T, d_head]]",[39],20,self_attention,,1,transformer.h.20.self_attention,aten.unsqueeze.default,[],prefill,True
1417,self_attention,,unsqueeze,"[[B, T, d_head]]",,,"[[B, 1, T, d_head]]",[40],20,self_attention,,1,transformer.h.20.self_attention,aten.unsqueeze.default,[],prefill,True
1418,self_attention,,elementwise_mul,"[[B, n_h, T, d_head], [B, 1, T, d_head]]",,,"[[B, n_h, T, d_head]]","[1411, 1416]",20,self_attention,,1,transformer.h.20.self_attention,aten.mul.Tensor,[],prefill,False
1419,self_attention,,slice,"[[B, n_h, T, d_head]]",,,"[[B, n_h, T, d_head/2]]",[1411],20,self_attention,,1,transformer.h.20.self_attention,aten.slice.Tensor,[],prefill,True
1420,self_attention,,slice,"[[B, n_h, T, d_head]]",,,"[[B, n_h, T, d_head/2]]",[1411],20,self_attention,,1,transformer.h.20.self_attention,aten.slice.Tensor,[],prefill,True
1421,self_attention,,neg,"[[B, n_h, T, d_head/2]]",,,"[[B, n_h, T, d_head/2]]",[1420],20,self_attention,,1,transformer.h.20.self_attention,aten.neg.default,[],prefill,False
1422,self_attention,,concat,"[[B, n_h, T, d_head/2], [B, n_h, T, d_head/2]]",,,"[[B, n_h, T, d_head]]","[1419, 1421]",20,self_attention,,1,transformer.h.20.self_attention,aten.cat.default,[],prefill,False
1423,self_attention,,elementwise_mul,"[[B, n_h, T, d_head], [B, 1, T, d_head]]",,,"[[B, n_h, T, d_head]]","[1417, 1422]",20,self_attention,,1,transformer.h.20.self_attention,aten.mul.Tensor,[],prefill,False
1424,self_attention,,elementwise_add,"[[B, n_h, T, d_head], [B, n_h, T, d_head]]",,,"[[B, n_h, T, d_head]]","[1418, 1423]",20,self_attention,,1,transformer.h.20.self_attention,aten.add.Tensor,[],prefill,False
1425,self_attention,,elementwise_mul,"[[B, 1, T, d_head], [B, 1, T, d_head]]",,,"[[B, 1, T, d_head]]","[1413, 1416]",20,self_attention,,1,transformer.h.20.self_attention,aten.mul.Tensor,[],prefill,False
1426,self_attention,,slice,"[[B, 1, T, d_head]]",,,"[[B, 1, T, d_head/2]]",[1413],20,self_attention,,1,transformer.h.20.self_attention,aten.slice.Tensor,[],prefill,True
1427,self_attention,,slice,"[[B, 1, T, d_head]]",,,"[[B, 1, T, d_head/2]]",[1413],20,self_attention,,1,transformer.h.20.self_attention,aten.slice.Tensor,[],prefill,True
1428,self_attention,,neg,"[[B, 1, T, d_head/2]]",,,"[[B, 1, T, d_head/2]]",[1427],20,self_attention,,1,transformer.h.20.self_attention,aten.neg.default,[],prefill,False
1429,self_attention,,concat,"[[B, 1, T, d_head/2], [B, 1, T, d_head/2]]",,,"[[B, 1, T, d_head]]","[1426, 1428]",20,self_attention,,1,transformer.h.20.self_attention,aten.cat.default,[],prefill,False
1430,self_attention,,elementwise_mul,"[[B, 1, T, d_head], [B, 1, T, d_head]]",,,"[[B, 1, T, d_head]]","[1417, 1429]",20,self_attention,,1,transformer.h.20.self_attention,aten.mul.Tensor,[],prefill,False
1431,self_attention,,elementwise_add,"[[B, 1, T, d_head], [B, 1, T, d_head]]",,,"[[B, 1, T, d_head]]","[1425, 1430]",20,self_attention,,1,transformer.h.20.self_attention,aten.add.Tensor,[],prefill,False
1432,self_attention,,concat,"[[0], [B, 1, T, d_head]]",,,"[[B, 1, T, d_head]]",[1431],20,self_attention,,1,transformer.h.20.self_attention,aten.cat.default,[],prefill,False
1433,self_attention,,concat,"[[0], [B, 1, T, d_head]]",,,"[[B, 1, T, d_head]]",[1415],20,self_attention,,1,transformer.h.20.self_attention,aten.cat.default,[],prefill,False
1434,self_attention,,transpose,"[[B, 1, T, d_head]]",,,"[[B, 1, d_head, T]]",[1432],20,self_attention,,1,transformer.h.20.self_attention,aten.transpose.int,[],prefill,True
1435,self_attention,,expand,"[[B, n_h, T, d_head]]",,,"[[B, n_h, T, d_head]]",[1424],20,self_attention,,1,transformer.h.20.self_attention,aten.expand.default,[],prefill,True
1436,self_attention,,view,"[[B, n_h, T, d_head]]",,,"[[n_h, T, d_head]]",[1435],20,self_attention,,1,transformer.h.20.self_attention,aten.view.default,[],prefill,True
1437,self_attention,,expand,"[[B, 1, d_head, T]]",,,"[[B, n_h, d_head, T]]",[1434],20,self_attention,,1,transformer.h.20.self_attention,aten.expand.default,[],prefill,True
1438,self_attention,,view,"[[B, n_h, d_head, T]]",,,"[[n_h, d_head, T]]",[1437],20,self_attention,,1,transformer.h.20.self_attention,aten.view.default,[],prefill,True
1439,self_attention,,batched_matmul,"[[n_h, T, d_head], [n_h, d_head, T]]",,,"[[n_h, T, T]]","[1436, 1438]",20,self_attention,,1,transformer.h.20.self_attention,aten.bmm.default,[],prefill,False
1440,self_attention,,_unsafe_view,"[[n_h, T, T]]",,,"[[B, n_h, T, T]]",[1439],20,self_attention,,1,transformer.h.20.self_attention,aten._unsafe_view.default,[],prefill,True
1441,self_attention,,div_,"[[B, n_h, T, T]]",,,"[[B, n_h, T, T]]",[1440],20,self_attention,,1,transformer.h.20.self_attention,aten.div_.Tensor,[],prefill,True
1442,self_attention,,elementwise_add,"[[B, n_h, T, T], [B, 1, T, T]]",,,"[[B, n_h, T, T]]","[21, 1441]",20,self_attention,,1,transformer.h.20.self_attention,aten.add.Tensor,[],prefill,False
1443,self_attention,,softmax,"[[B, n_h, T, T]]",,,"[[B, n_h, T, T]]",[1442],20,self_attention,,1,transformer.h.20.self_attention,aten._softmax.default,[],prefill,False
1444,self_attention,,expand,"[[B, n_h, T, T]]",,,"[[B, n_h, T, T]]",[1443],20,self_attention,,1,transformer.h.20.self_attention,aten.expand.default,[],prefill,True
1445,self_attention,,view,"[[B, n_h, T, T]]",,,"[[n_h, T, T]]",[1444],20,self_attention,,1,transformer.h.20.self_attention,aten.view.default,[],prefill,True
1446,self_attention,,expand,"[[B, 1, T, d_head]]",,,"[[B, n_h, T, d_head]]",[1433],20,self_attention,,1,transformer.h.20.self_attention,aten.expand.default,[],prefill,True
1447,self_attention,,view,"[[B, n_h, T, d_head]]",,,"[[n_h, T, d_head]]",[1446],20,self_attention,,1,transformer.h.20.self_attention,aten.view.default,[],prefill,True
1448,self_attention,,batched_matmul,"[[n_h, T, T], [n_h, T, d_head]]",,,"[[n_h, T, d_head]]","[1445, 1447]",20,self_attention,,1,transformer.h.20.self_attention,aten.bmm.default,[],prefill,False
1449,self_attention,,_unsafe_view,"[[n_h, T, d_head]]",,,"[[B, n_h, T, d_head]]",[1448],20,self_attention,,1,transformer.h.20.self_attention,aten._unsafe_view.default,[],prefill,True
1450,self_attention,,view,"[[B, n_h, T, d_head]]",,,"[[B, n_h, T, d_head]]",[1449],20,self_attention,,1,transformer.h.20.self_attention,aten.view.default,[],prefill,True
1451,self_attention,,permute,"[[B, n_h, T, d_head]]",,,"[[B, T, n_h, d_head]]",[1450],20,self_attention,,1,transformer.h.20.self_attention,aten.permute.default,[],prefill,True
1452,self_attention,,clone,"[[B, T, n_h, d_head]]",,,"[[B, T, n_h, d_head]]",[1451],20,self_attention,,1,transformer.h.20.self_attention,aten.clone.default,[],prefill,True
1453,self_attention,,_unsafe_view,"[[B, T, n_h, d_head]]",,,"[[B, T, n_h*d_head]]",[1452],20,self_attention,,1,transformer.h.20.self_attention,aten._unsafe_view.default,[],prefill,True
1454,self_attention,dense,permute,"[[d_model, n_h*d_head]]","[d_model, n_h*d_head]",0,"[[n_h*d_head, d_model]]",[],20,self_attention,dense,2,transformer.h.20.self_attention.dense,aten.permute.default,[transformer.h.20.self_attention.dense.weight],prefill,True
1455,self_attention,dense,view,"[[B, T, n_h*d_head]]",,,"[[T, n_h*d_head]]",[1453],20,self_attention,dense,2,transformer.h.20.self_attention.dense,aten.view.default,[],prefill,True
1456,self_attention,dense,matmul,"[[T, n_h*d_head], [n_h*d_head, d_model]]","[d_model, n_h*d_head]",1,"[[T, d_model]]","[1454, 1455]",20,self_attention,dense,2,transformer.h.20.self_attention.dense,aten.mm.default,[transformer.h.20.self_attention.dense.weight],prefill,False
1457,self_attention,dense,_unsafe_view,"[[T, d_model]]",,,"[[B, T, d_model]]",[1456],20,self_attention,dense,2,transformer.h.20.self_attention.dense,aten._unsafe_view.default,[],prefill,True
1458,mlp,dense_h_to_4h,permute,"[[d_ff, d_model]]","[d_ff, d_model]",0,"[[d_model, d_ff]]",[],20,mlp,dense_h_to_4h,2,transformer.h.20.mlp.dense_h_to_4h,aten.permute.default,[transformer.h.20.mlp.dense_h_to_4h.weight],prefill,True
1459,mlp,dense_h_to_4h,view,"[[B, T, d_model]]",,,"[[T, d_model]]",[1401],20,mlp,dense_h_to_4h,2,transformer.h.20.mlp.dense_h_to_4h,aten.view.default,[],prefill,True
1460,mlp,dense_h_to_4h,matmul,"[[T, d_model], [d_model, d_ff]]","[d_ff, d_model]",1,"[[T, d_ff]]","[1458, 1459]",20,mlp,dense_h_to_4h,2,transformer.h.20.mlp.dense_h_to_4h,aten.mm.default,[transformer.h.20.mlp.dense_h_to_4h.weight],prefill,False
1461,mlp,dense_h_to_4h,_unsafe_view,"[[T, d_ff]]",,,"[[B, T, d_ff]]",[1460],20,mlp,dense_h_to_4h,2,transformer.h.20.mlp.dense_h_to_4h,aten._unsafe_view.default,[],prefill,True
1462,mlp,act,gelu,"[[B, T, d_ff]]",,,"[[B, T, d_ff]]",[1461],20,mlp,act,2,transformer.h.20.mlp.act,aten.gelu.default,[],prefill,False
1463,mlp,dense_4h_to_h,permute,"[[d_model, d_ff]]","[d_model, d_ff]",0,"[[d_ff, d_model]]",[],20,mlp,dense_4h_to_h,2,transformer.h.20.mlp.dense_4h_to_h,aten.permute.default,[transformer.h.20.mlp.dense_4h_to_h.weight],prefill,True
1464,mlp,dense_4h_to_h,view,"[[B, T, d_ff]]",,,"[[T, d_ff]]",[1462],20,mlp,dense_4h_to_h,2,transformer.h.20.mlp.dense_4h_to_h,aten.view.default,[],prefill,True
1465,mlp,dense_4h_to_h,matmul,"[[T, d_ff], [d_ff, d_model]]","[d_model, d_ff]",1,"[[T, d_model]]","[1463, 1464]",20,mlp,dense_4h_to_h,2,transformer.h.20.mlp.dense_4h_to_h,aten.mm.default,[transformer.h.20.mlp.dense_4h_to_h.weight],prefill,False
1466,mlp,dense_4h_to_h,_unsafe_view,"[[T, d_model]]",,,"[[B, T, d_model]]",[1465],20,mlp,dense_4h_to_h,2,transformer.h.20.mlp.dense_4h_to_h,aten._unsafe_view.default,[],prefill,True
1467,,,add_,"[[B, T, d_model], [B, T, d_model]]",,,"[[B, T, d_model]]","[1457, 1466]",20,,,0,transformer.h.20,aten.add_.Tensor,[],prefill,True
1468,,,elementwise_add,"[[B, T, d_model], [B, T, d_model]]",,,"[[B, T, d_model]]","[1400, 1467]",20,,,0,transformer.h.20,aten.add.Tensor,[],prefill,False
1469,input_layernorm,,layernorm,"[[B, T, d_model], [d_model], [d_model]]",,,"[[B, T, d_model], [B, T, 1], [B, T, 1]]",[1468],21,input_layernorm,,1,transformer.h.21.input_layernorm,aten.native_layer_norm.default,"[transformer.h.21.input_layernorm.bias, transformer.h.21.input_layernorm.weight]",prefill,False
1470,self_attention,query_key_value,permute,"[[(n_h+2*n_kv)*d_head, d_model]]","[(n_h+2*n_kv)*d_head, d_model]",0,"[[d_model, (n_h+2*n_kv)*d_head]]",[],21,self_attention,query_key_value,2,transformer.h.21.self_attention.query_key_value,aten.permute.default,[transformer.h.21.self_attention.query_key_value.weight],prefill,True
1471,self_attention,query_key_value,view,"[[B, T, d_model]]",,,"[[T, d_model]]",[1469],21,self_attention,query_key_value,2,transformer.h.21.self_attention.query_key_value,aten.view.default,[],prefill,True
1472,self_attention,query_key_value,matmul,"[[T, d_model], [d_model, (n_h+2*n_kv)*d_head]]","[(n_h+2*n_kv)*d_head, d_model]",1,"[[T, (n_h+2*n_kv)*d_head]]","[1470, 1471]",21,self_attention,query_key_value,2,transformer.h.21.self_attention.query_key_value,aten.mm.default,[transformer.h.21.self_attention.query_key_value.weight],prefill,False
1473,self_attention,query_key_value,_unsafe_view,"[[T, (n_h+2*n_kv)*d_head]]",,,"[[B, T, (n_h+2*n_kv)*d_head]]",[1472],21,self_attention,query_key_value,2,transformer.h.21.self_attention.query_key_value,aten._unsafe_view.default,[],prefill,True
1474,self_attention,,view,"[[B, T, (n_h+2*n_kv)*d_head]]",,,"[[B, T, n_h+2*n_kv, d_head]]",[1473],21,self_attention,,1,transformer.h.21.self_attention,aten.view.default,[],prefill,True
1475,self_attention,,slice,"[[B, T, n_h+2*n_kv, d_head]]",,,"[[B, T, n_h, d_head]]",[1474],21,self_attention,,1,transformer.h.21.self_attention,aten.slice.Tensor,[],prefill,True
1476,self_attention,,index,"[[B, T, n_h+2*n_kv, d_head], [B]]",,,"[[B, T, 1, d_head]]",[1474],21,self_attention,,1,transformer.h.21.self_attention,aten.index.Tensor,[],prefill,True
1477,self_attention,,index,"[[B, T, n_h+2*n_kv, d_head], [B]]",,,"[[B, T, 1, d_head]]",[1474],21,self_attention,,1,transformer.h.21.self_attention,aten.index.Tensor,[],prefill,True
1478,self_attention,,transpose,"[[B, T, n_h, d_head]]",,,"[[B, n_h, T, d_head]]",[1475],21,self_attention,,1,transformer.h.21.self_attention,aten.transpose.int,[],prefill,True
1479,self_attention,,view,"[[B, n_h, T, d_head]]",,,"[[B, n_h, T, d_head]]",[1478],21,self_attention,,1,transformer.h.21.self_attention,aten.view.default,[],prefill,True
1480,self_attention,,transpose,"[[B, T, 1, d_head]]",,,"[[B, 1, T, d_head]]",[1476],21,self_attention,,1,transformer.h.21.self_attention,aten.transpose.int,[],prefill,True
1481,self_attention,,view,"[[B, 1, T, d_head]]",,,"[[B, 1, T, d_head]]",[1480],21,self_attention,,1,transformer.h.21.self_attention,aten.view.default,[],prefill,True
1482,self_attention,,transpose,"[[B, T, 1, d_head]]",,,"[[B, 1, T, d_head]]",[1477],21,self_attention,,1,transformer.h.21.self_attention,aten.transpose.int,[],prefill,True
1483,self_attention,,view,"[[B, 1, T, d_head]]",,,"[[B, 1, T, d_head]]",[1482],21,self_attention,,1,transformer.h.21.self_attention,aten.view.default,[],prefill,True
1484,self_attention,,unsqueeze,"[[B, T, d_head]]",,,"[[B, 1, T, d_head]]",[39],21,self_attention,,1,transformer.h.21.self_attention,aten.unsqueeze.default,[],prefill,True
1485,self_attention,,unsqueeze,"[[B, T, d_head]]",,,"[[B, 1, T, d_head]]",[40],21,self_attention,,1,transformer.h.21.self_attention,aten.unsqueeze.default,[],prefill,True
1486,self_attention,,elementwise_mul,"[[B, n_h, T, d_head], [B, 1, T, d_head]]",,,"[[B, n_h, T, d_head]]","[1479, 1484]",21,self_attention,,1,transformer.h.21.self_attention,aten.mul.Tensor,[],prefill,False
1487,self_attention,,slice,"[[B, n_h, T, d_head]]",,,"[[B, n_h, T, d_head/2]]",[1479],21,self_attention,,1,transformer.h.21.self_attention,aten.slice.Tensor,[],prefill,True
1488,self_attention,,slice,"[[B, n_h, T, d_head]]",,,"[[B, n_h, T, d_head/2]]",[1479],21,self_attention,,1,transformer.h.21.self_attention,aten.slice.Tensor,[],prefill,True
1489,self_attention,,neg,"[[B, n_h, T, d_head/2]]",,,"[[B, n_h, T, d_head/2]]",[1488],21,self_attention,,1,transformer.h.21.self_attention,aten.neg.default,[],prefill,False
1490,self_attention,,concat,"[[B, n_h, T, d_head/2], [B, n_h, T, d_head/2]]",,,"[[B, n_h, T, d_head]]","[1487, 1489]",21,self_attention,,1,transformer.h.21.self_attention,aten.cat.default,[],prefill,False
1491,self_attention,,elementwise_mul,"[[B, n_h, T, d_head], [B, 1, T, d_head]]",,,"[[B, n_h, T, d_head]]","[1485, 1490]",21,self_attention,,1,transformer.h.21.self_attention,aten.mul.Tensor,[],prefill,False
1492,self_attention,,elementwise_add,"[[B, n_h, T, d_head], [B, n_h, T, d_head]]",,,"[[B, n_h, T, d_head]]","[1486, 1491]",21,self_attention,,1,transformer.h.21.self_attention,aten.add.Tensor,[],prefill,False
1493,self_attention,,elementwise_mul,"[[B, 1, T, d_head], [B, 1, T, d_head]]",,,"[[B, 1, T, d_head]]","[1481, 1484]",21,self_attention,,1,transformer.h.21.self_attention,aten.mul.Tensor,[],prefill,False
1494,self_attention,,slice,"[[B, 1, T, d_head]]",,,"[[B, 1, T, d_head/2]]",[1481],21,self_attention,,1,transformer.h.21.self_attention,aten.slice.Tensor,[],prefill,True
1495,self_attention,,slice,"[[B, 1, T, d_head]]",,,"[[B, 1, T, d_head/2]]",[1481],21,self_attention,,1,transformer.h.21.self_attention,aten.slice.Tensor,[],prefill,True
1496,self_attention,,neg,"[[B, 1, T, d_head/2]]",,,"[[B, 1, T, d_head/2]]",[1495],21,self_attention,,1,transformer.h.21.self_attention,aten.neg.default,[],prefill,False
1497,self_attention,,concat,"[[B, 1, T, d_head/2], [B, 1, T, d_head/2]]",,,"[[B, 1, T, d_head]]","[1494, 1496]",21,self_attention,,1,transformer.h.21.self_attention,aten.cat.default,[],prefill,False
1498,self_attention,,elementwise_mul,"[[B, 1, T, d_head], [B, 1, T, d_head]]",,,"[[B, 1, T, d_head]]","[1485, 1497]",21,self_attention,,1,transformer.h.21.self_attention,aten.mul.Tensor,[],prefill,False
1499,self_attention,,elementwise_add,"[[B, 1, T, d_head], [B, 1, T, d_head]]",,,"[[B, 1, T, d_head]]","[1493, 1498]",21,self_attention,,1,transformer.h.21.self_attention,aten.add.Tensor,[],prefill,False
1500,self_attention,,concat,"[[0], [B, 1, T, d_head]]",,,"[[B, 1, T, d_head]]",[1499],21,self_attention,,1,transformer.h.21.self_attention,aten.cat.default,[],prefill,False
1501,self_attention,,concat,"[[0], [B, 1, T, d_head]]",,,"[[B, 1, T, d_head]]",[1483],21,self_attention,,1,transformer.h.21.self_attention,aten.cat.default,[],prefill,False
1502,self_attention,,transpose,"[[B, 1, T, d_head]]",,,"[[B, 1, d_head, T]]",[1500],21,self_attention,,1,transformer.h.21.self_attention,aten.transpose.int,[],prefill,True
1503,self_attention,,expand,"[[B, n_h, T, d_head]]",,,"[[B, n_h, T, d_head]]",[1492],21,self_attention,,1,transformer.h.21.self_attention,aten.expand.default,[],prefill,True
1504,self_attention,,view,"[[B, n_h, T, d_head]]",,,"[[n_h, T, d_head]]",[1503],21,self_attention,,1,transformer.h.21.self_attention,aten.view.default,[],prefill,True
1505,self_attention,,expand,"[[B, 1, d_head, T]]",,,"[[B, n_h, d_head, T]]",[1502],21,self_attention,,1,transformer.h.21.self_attention,aten.expand.default,[],prefill,True
1506,self_attention,,view,"[[B, n_h, d_head, T]]",,,"[[n_h, d_head, T]]",[1505],21,self_attention,,1,transformer.h.21.self_attention,aten.view.default,[],prefill,True
1507,self_attention,,batched_matmul,"[[n_h, T, d_head], [n_h, d_head, T]]",,,"[[n_h, T, T]]","[1504, 1506]",21,self_attention,,1,transformer.h.21.self_attention,aten.bmm.default,[],prefill,False
1508,self_attention,,_unsafe_view,"[[n_h, T, T]]",,,"[[B, n_h, T, T]]",[1507],21,self_attention,,1,transformer.h.21.self_attention,aten._unsafe_view.default,[],prefill,True
1509,self_attention,,div_,"[[B, n_h, T, T]]",,,"[[B, n_h, T, T]]",[1508],21,self_attention,,1,transformer.h.21.self_attention,aten.div_.Tensor,[],prefill,True
1510,self_attention,,elementwise_add,"[[B, n_h, T, T], [B, 1, T, T]]",,,"[[B, n_h, T, T]]","[21, 1509]",21,self_attention,,1,transformer.h.21.self_attention,aten.add.Tensor,[],prefill,False
1511,self_attention,,softmax,"[[B, n_h, T, T]]",,,"[[B, n_h, T, T]]",[1510],21,self_attention,,1,transformer.h.21.self_attention,aten._softmax.default,[],prefill,False
1512,self_attention,,expand,"[[B, n_h, T, T]]",,,"[[B, n_h, T, T]]",[1511],21,self_attention,,1,transformer.h.21.self_attention,aten.expand.default,[],prefill,True
1513,self_attention,,view,"[[B, n_h, T, T]]",,,"[[n_h, T, T]]",[1512],21,self_attention,,1,transformer.h.21.self_attention,aten.view.default,[],prefill,True
1514,self_attention,,expand,"[[B, 1, T, d_head]]",,,"[[B, n_h, T, d_head]]",[1501],21,self_attention,,1,transformer.h.21.self_attention,aten.expand.default,[],prefill,True
1515,self_attention,,view,"[[B, n_h, T, d_head]]",,,"[[n_h, T, d_head]]",[1514],21,self_attention,,1,transformer.h.21.self_attention,aten.view.default,[],prefill,True
1516,self_attention,,batched_matmul,"[[n_h, T, T], [n_h, T, d_head]]",,,"[[n_h, T, d_head]]","[1513, 1515]",21,self_attention,,1,transformer.h.21.self_attention,aten.bmm.default,[],prefill,False
1517,self_attention,,_unsafe_view,"[[n_h, T, d_head]]",,,"[[B, n_h, T, d_head]]",[1516],21,self_attention,,1,transformer.h.21.self_attention,aten._unsafe_view.default,[],prefill,True
1518,self_attention,,view,"[[B, n_h, T, d_head]]",,,"[[B, n_h, T, d_head]]",[1517],21,self_attention,,1,transformer.h.21.self_attention,aten.view.default,[],prefill,True
1519,self_attention,,permute,"[[B, n_h, T, d_head]]",,,"[[B, T, n_h, d_head]]",[1518],21,self_attention,,1,transformer.h.21.self_attention,aten.permute.default,[],prefill,True
1520,self_attention,,clone,"[[B, T, n_h, d_head]]",,,"[[B, T, n_h, d_head]]",[1519],21,self_attention,,1,transformer.h.21.self_attention,aten.clone.default,[],prefill,True
1521,self_attention,,_unsafe_view,"[[B, T, n_h, d_head]]",,,"[[B, T, n_h*d_head]]",[1520],21,self_attention,,1,transformer.h.21.self_attention,aten._unsafe_view.default,[],prefill,True
1522,self_attention,dense,permute,"[[d_model, n_h*d_head]]","[d_model, n_h*d_head]",0,"[[n_h*d_head, d_model]]",[],21,self_attention,dense,2,transformer.h.21.self_attention.dense,aten.permute.default,[transformer.h.21.self_attention.dense.weight],prefill,True
1523,self_attention,dense,view,"[[B, T, n_h*d_head]]",,,"[[T, n_h*d_head]]",[1521],21,self_attention,dense,2,transformer.h.21.self_attention.dense,aten.view.default,[],prefill,True
1524,self_attention,dense,matmul,"[[T, n_h*d_head], [n_h*d_head, d_model]]","[d_model, n_h*d_head]",1,"[[T, d_model]]","[1522, 1523]",21,self_attention,dense,2,transformer.h.21.self_attention.dense,aten.mm.default,[transformer.h.21.self_attention.dense.weight],prefill,False
1525,self_attention,dense,_unsafe_view,"[[T, d_model]]",,,"[[B, T, d_model]]",[1524],21,self_attention,dense,2,transformer.h.21.self_attention.dense,aten._unsafe_view.default,[],prefill,True
1526,mlp,dense_h_to_4h,permute,"[[d_ff, d_model]]","[d_ff, d_model]",0,"[[d_model, d_ff]]",[],21,mlp,dense_h_to_4h,2,transformer.h.21.mlp.dense_h_to_4h,aten.permute.default,[transformer.h.21.mlp.dense_h_to_4h.weight],prefill,True
1527,mlp,dense_h_to_4h,view,"[[B, T, d_model]]",,,"[[T, d_model]]",[1469],21,mlp,dense_h_to_4h,2,transformer.h.21.mlp.dense_h_to_4h,aten.view.default,[],prefill,True
1528,mlp,dense_h_to_4h,matmul,"[[T, d_model], [d_model, d_ff]]","[d_ff, d_model]",1,"[[T, d_ff]]","[1526, 1527]",21,mlp,dense_h_to_4h,2,transformer.h.21.mlp.dense_h_to_4h,aten.mm.default,[transformer.h.21.mlp.dense_h_to_4h.weight],prefill,False
1529,mlp,dense_h_to_4h,_unsafe_view,"[[T, d_ff]]",,,"[[B, T, d_ff]]",[1528],21,mlp,dense_h_to_4h,2,transformer.h.21.mlp.dense_h_to_4h,aten._unsafe_view.default,[],prefill,True
1530,mlp,act,gelu,"[[B, T, d_ff]]",,,"[[B, T, d_ff]]",[1529],21,mlp,act,2,transformer.h.21.mlp.act,aten.gelu.default,[],prefill,False
1531,mlp,dense_4h_to_h,permute,"[[d_model, d_ff]]","[d_model, d_ff]",0,"[[d_ff, d_model]]",[],21,mlp,dense_4h_to_h,2,transformer.h.21.mlp.dense_4h_to_h,aten.permute.default,[transformer.h.21.mlp.dense_4h_to_h.weight],prefill,True
1532,mlp,dense_4h_to_h,view,"[[B, T, d_ff]]",,,"[[T, d_ff]]",[1530],21,mlp,dense_4h_to_h,2,transformer.h.21.mlp.dense_4h_to_h,aten.view.default,[],prefill,True
1533,mlp,dense_4h_to_h,matmul,"[[T, d_ff], [d_ff, d_model]]","[d_model, d_ff]",1,"[[T, d_model]]","[1531, 1532]",21,mlp,dense_4h_to_h,2,transformer.h.21.mlp.dense_4h_to_h,aten.mm.default,[transformer.h.21.mlp.dense_4h_to_h.weight],prefill,False
1534,mlp,dense_4h_to_h,_unsafe_view,"[[T, d_model]]",,,"[[B, T, d_model]]",[1533],21,mlp,dense_4h_to_h,2,transformer.h.21.mlp.dense_4h_to_h,aten._unsafe_view.default,[],prefill,True
1535,,,add_,"[[B, T, d_model], [B, T, d_model]]",,,"[[B, T, d_model]]","[1525, 1534]",21,,,0,transformer.h.21,aten.add_.Tensor,[],prefill,True
1536,,,elementwise_add,"[[B, T, d_model], [B, T, d_model]]",,,"[[B, T, d_model]]","[1468, 1535]",21,,,0,transformer.h.21,aten.add.Tensor,[],prefill,False
1537,input_layernorm,,layernorm,"[[B, T, d_model], [d_model], [d_model]]",,,"[[B, T, d_model], [B, T, 1], [B, T, 1]]",[1536],22,input_layernorm,,1,transformer.h.22.input_layernorm,aten.native_layer_norm.default,"[transformer.h.22.input_layernorm.bias, transformer.h.22.input_layernorm.weight]",prefill,False
1538,self_attention,query_key_value,permute,"[[(n_h+2*n_kv)*d_head, d_model]]","[(n_h+2*n_kv)*d_head, d_model]",0,"[[d_model, (n_h+2*n_kv)*d_head]]",[],22,self_attention,query_key_value,2,transformer.h.22.self_attention.query_key_value,aten.permute.default,[transformer.h.22.self_attention.query_key_value.weight],prefill,True
1539,self_attention,query_key_value,view,"[[B, T, d_model]]",,,"[[T, d_model]]",[1537],22,self_attention,query_key_value,2,transformer.h.22.self_attention.query_key_value,aten.view.default,[],prefill,True
1540,self_attention,query_key_value,matmul,"[[T, d_model], [d_model, (n_h+2*n_kv)*d_head]]","[(n_h+2*n_kv)*d_head, d_model]",1,"[[T, (n_h+2*n_kv)*d_head]]","[1538, 1539]",22,self_attention,query_key_value,2,transformer.h.22.self_attention.query_key_value,aten.mm.default,[transformer.h.22.self_attention.query_key_value.weight],prefill,False
1541,self_attention,query_key_value,_unsafe_view,"[[T, (n_h+2*n_kv)*d_head]]",,,"[[B, T, (n_h+2*n_kv)*d_head]]",[1540],22,self_attention,query_key_value,2,transformer.h.22.self_attention.query_key_value,aten._unsafe_view.default,[],prefill,True
1542,self_attention,,view,"[[B, T, (n_h+2*n_kv)*d_head]]",,,"[[B, T, n_h+2*n_kv, d_head]]",[1541],22,self_attention,,1,transformer.h.22.self_attention,aten.view.default,[],prefill,True
1543,self_attention,,slice,"[[B, T, n_h+2*n_kv, d_head]]",,,"[[B, T, n_h, d_head]]",[1542],22,self_attention,,1,transformer.h.22.self_attention,aten.slice.Tensor,[],prefill,True
1544,self_attention,,index,"[[B, T, n_h+2*n_kv, d_head], [B]]",,,"[[B, T, 1, d_head]]",[1542],22,self_attention,,1,transformer.h.22.self_attention,aten.index.Tensor,[],prefill,True
1545,self_attention,,index,"[[B, T, n_h+2*n_kv, d_head], [B]]",,,"[[B, T, 1, d_head]]",[1542],22,self_attention,,1,transformer.h.22.self_attention,aten.index.Tensor,[],prefill,True
1546,self_attention,,transpose,"[[B, T, n_h, d_head]]",,,"[[B, n_h, T, d_head]]",[1543],22,self_attention,,1,transformer.h.22.self_attention,aten.transpose.int,[],prefill,True
1547,self_attention,,view,"[[B, n_h, T, d_head]]",,,"[[B, n_h, T, d_head]]",[1546],22,self_attention,,1,transformer.h.22.self_attention,aten.view.default,[],prefill,True
1548,self_attention,,transpose,"[[B, T, 1, d_head]]",,,"[[B, 1, T, d_head]]",[1544],22,self_attention,,1,transformer.h.22.self_attention,aten.transpose.int,[],prefill,True
1549,self_attention,,view,"[[B, 1, T, d_head]]",,,"[[B, 1, T, d_head]]",[1548],22,self_attention,,1,transformer.h.22.self_attention,aten.view.default,[],prefill,True
1550,self_attention,,transpose,"[[B, T, 1, d_head]]",,,"[[B, 1, T, d_head]]",[1545],22,self_attention,,1,transformer.h.22.self_attention,aten.transpose.int,[],prefill,True
1551,self_attention,,view,"[[B, 1, T, d_head]]",,,"[[B, 1, T, d_head]]",[1550],22,self_attention,,1,transformer.h.22.self_attention,aten.view.default,[],prefill,True
1552,self_attention,,unsqueeze,"[[B, T, d_head]]",,,"[[B, 1, T, d_head]]",[39],22,self_attention,,1,transformer.h.22.self_attention,aten.unsqueeze.default,[],prefill,True
1553,self_attention,,unsqueeze,"[[B, T, d_head]]",,,"[[B, 1, T, d_head]]",[40],22,self_attention,,1,transformer.h.22.self_attention,aten.unsqueeze.default,[],prefill,True
1554,self_attention,,elementwise_mul,"[[B, n_h, T, d_head], [B, 1, T, d_head]]",,,"[[B, n_h, T, d_head]]","[1547, 1552]",22,self_attention,,1,transformer.h.22.self_attention,aten.mul.Tensor,[],prefill,False
1555,self_attention,,slice,"[[B, n_h, T, d_head]]",,,"[[B, n_h, T, d_head/2]]",[1547],22,self_attention,,1,transformer.h.22.self_attention,aten.slice.Tensor,[],prefill,True
1556,self_attention,,slice,"[[B, n_h, T, d_head]]",,,"[[B, n_h, T, d_head/2]]",[1547],22,self_attention,,1,transformer.h.22.self_attention,aten.slice.Tensor,[],prefill,True
1557,self_attention,,neg,"[[B, n_h, T, d_head/2]]",,,"[[B, n_h, T, d_head/2]]",[1556],22,self_attention,,1,transformer.h.22.self_attention,aten.neg.default,[],prefill,False
1558,self_attention,,concat,"[[B, n_h, T, d_head/2], [B, n_h, T, d_head/2]]",,,"[[B, n_h, T, d_head]]","[1555, 1557]",22,self_attention,,1,transformer.h.22.self_attention,aten.cat.default,[],prefill,False
1559,self_attention,,elementwise_mul,"[[B, n_h, T, d_head], [B, 1, T, d_head]]",,,"[[B, n_h, T, d_head]]","[1553, 1558]",22,self_attention,,1,transformer.h.22.self_attention,aten.mul.Tensor,[],prefill,False
1560,self_attention,,elementwise_add,"[[B, n_h, T, d_head], [B, n_h, T, d_head]]",,,"[[B, n_h, T, d_head]]","[1554, 1559]",22,self_attention,,1,transformer.h.22.self_attention,aten.add.Tensor,[],prefill,False
1561,self_attention,,elementwise_mul,"[[B, 1, T, d_head], [B, 1, T, d_head]]",,,"[[B, 1, T, d_head]]","[1549, 1552]",22,self_attention,,1,transformer.h.22.self_attention,aten.mul.Tensor,[],prefill,False
1562,self_attention,,slice,"[[B, 1, T, d_head]]",,,"[[B, 1, T, d_head/2]]",[1549],22,self_attention,,1,transformer.h.22.self_attention,aten.slice.Tensor,[],prefill,True
1563,self_attention,,slice,"[[B, 1, T, d_head]]",,,"[[B, 1, T, d_head/2]]",[1549],22,self_attention,,1,transformer.h.22.self_attention,aten.slice.Tensor,[],prefill,True
1564,self_attention,,neg,"[[B, 1, T, d_head/2]]",,,"[[B, 1, T, d_head/2]]",[1563],22,self_attention,,1,transformer.h.22.self_attention,aten.neg.default,[],prefill,False
1565,self_attention,,concat,"[[B, 1, T, d_head/2], [B, 1, T, d_head/2]]",,,"[[B, 1, T, d_head]]","[1562, 1564]",22,self_attention,,1,transformer.h.22.self_attention,aten.cat.default,[],prefill,False
1566,self_attention,,elementwise_mul,"[[B, 1, T, d_head], [B, 1, T, d_head]]",,,"[[B, 1, T, d_head]]","[1553, 1565]",22,self_attention,,1,transformer.h.22.self_attention,aten.mul.Tensor,[],prefill,False
1567,self_attention,,elementwise_add,"[[B, 1, T, d_head], [B, 1, T, d_head]]",,,"[[B, 1, T, d_head]]","[1561, 1566]",22,self_attention,,1,transformer.h.22.self_attention,aten.add.Tensor,[],prefill,False
1568,self_attention,,concat,"[[0], [B, 1, T, d_head]]",,,"[[B, 1, T, d_head]]",[1567],22,self_attention,,1,transformer.h.22.self_attention,aten.cat.default,[],prefill,False
1569,self_attention,,concat,"[[0], [B, 1, T, d_head]]",,,"[[B, 1, T, d_head]]",[1551],22,self_attention,,1,transformer.h.22.self_attention,aten.cat.default,[],prefill,False
1570,self_attention,,transpose,"[[B, 1, T, d_head]]",,,"[[B, 1, d_head, T]]",[1568],22,self_attention,,1,transformer.h.22.self_attention,aten.transpose.int,[],prefill,True
1571,self_attention,,expand,"[[B, n_h, T, d_head]]",,,"[[B, n_h, T, d_head]]",[1560],22,self_attention,,1,transformer.h.22.self_attention,aten.expand.default,[],prefill,True
1572,self_attention,,view,"[[B, n_h, T, d_head]]",,,"[[n_h, T, d_head]]",[1571],22,self_attention,,1,transformer.h.22.self_attention,aten.view.default,[],prefill,True
1573,self_attention,,expand,"[[B, 1, d_head, T]]",,,"[[B, n_h, d_head, T]]",[1570],22,self_attention,,1,transformer.h.22.self_attention,aten.expand.default,[],prefill,True
1574,self_attention,,view,"[[B, n_h, d_head, T]]",,,"[[n_h, d_head, T]]",[1573],22,self_attention,,1,transformer.h.22.self_attention,aten.view.default,[],prefill,True
1575,self_attention,,batched_matmul,"[[n_h, T, d_head], [n_h, d_head, T]]",,,"[[n_h, T, T]]","[1572, 1574]",22,self_attention,,1,transformer.h.22.self_attention,aten.bmm.default,[],prefill,False
1576,self_attention,,_unsafe_view,"[[n_h, T, T]]",,,"[[B, n_h, T, T]]",[1575],22,self_attention,,1,transformer.h.22.self_attention,aten._unsafe_view.default,[],prefill,True
1577,self_attention,,div_,"[[B, n_h, T, T]]",,,"[[B, n_h, T, T]]",[1576],22,self_attention,,1,transformer.h.22.self_attention,aten.div_.Tensor,[],prefill,True
1578,self_attention,,elementwise_add,"[[B, n_h, T, T], [B, 1, T, T]]",,,"[[B, n_h, T, T]]","[21, 1577]",22,self_attention,,1,transformer.h.22.self_attention,aten.add.Tensor,[],prefill,False
1579,self_attention,,softmax,"[[B, n_h, T, T]]",,,"[[B, n_h, T, T]]",[1578],22,self_attention,,1,transformer.h.22.self_attention,aten._softmax.default,[],prefill,False
1580,self_attention,,expand,"[[B, n_h, T, T]]",,,"[[B, n_h, T, T]]",[1579],22,self_attention,,1,transformer.h.22.self_attention,aten.expand.default,[],prefill,True
1581,self_attention,,view,"[[B, n_h, T, T]]",,,"[[n_h, T, T]]",[1580],22,self_attention,,1,transformer.h.22.self_attention,aten.view.default,[],prefill,True
1582,self_attention,,expand,"[[B, 1, T, d_head]]",,,"[[B, n_h, T, d_head]]",[1569],22,self_attention,,1,transformer.h.22.self_attention,aten.expand.default,[],prefill,True
1583,self_attention,,view,"[[B, n_h, T, d_head]]",,,"[[n_h, T, d_head]]",[1582],22,self_attention,,1,transformer.h.22.self_attention,aten.view.default,[],prefill,True
1584,self_attention,,batched_matmul,"[[n_h, T, T], [n_h, T, d_head]]",,,"[[n_h, T, d_head]]","[1581, 1583]",22,self_attention,,1,transformer.h.22.self_attention,aten.bmm.default,[],prefill,False
1585,self_attention,,_unsafe_view,"[[n_h, T, d_head]]",,,"[[B, n_h, T, d_head]]",[1584],22,self_attention,,1,transformer.h.22.self_attention,aten._unsafe_view.default,[],prefill,True
1586,self_attention,,view,"[[B, n_h, T, d_head]]",,,"[[B, n_h, T, d_head]]",[1585],22,self_attention,,1,transformer.h.22.self_attention,aten.view.default,[],prefill,True
1587,self_attention,,permute,"[[B, n_h, T, d_head]]",,,"[[B, T, n_h, d_head]]",[1586],22,self_attention,,1,transformer.h.22.self_attention,aten.permute.default,[],prefill,True
1588,self_attention,,clone,"[[B, T, n_h, d_head]]",,,"[[B, T, n_h, d_head]]",[1587],22,self_attention,,1,transformer.h.22.self_attention,aten.clone.default,[],prefill,True
1589,self_attention,,_unsafe_view,"[[B, T, n_h, d_head]]",,,"[[B, T, n_h*d_head]]",[1588],22,self_attention,,1,transformer.h.22.self_attention,aten._unsafe_view.default,[],prefill,True
1590,self_attention,dense,permute,"[[d_model, n_h*d_head]]","[d_model, n_h*d_head]",0,"[[n_h*d_head, d_model]]",[],22,self_attention,dense,2,transformer.h.22.self_attention.dense,aten.permute.default,[transformer.h.22.self_attention.dense.weight],prefill,True
1591,self_attention,dense,view,"[[B, T, n_h*d_head]]",,,"[[T, n_h*d_head]]",[1589],22,self_attention,dense,2,transformer.h.22.self_attention.dense,aten.view.default,[],prefill,True
1592,self_attention,dense,matmul,"[[T, n_h*d_head], [n_h*d_head, d_model]]","[d_model, n_h*d_head]",1,"[[T, d_model]]","[1590, 1591]",22,self_attention,dense,2,transformer.h.22.self_attention.dense,aten.mm.default,[transformer.h.22.self_attention.dense.weight],prefill,False
1593,self_attention,dense,_unsafe_view,"[[T, d_model]]",,,"[[B, T, d_model]]",[1592],22,self_attention,dense,2,transformer.h.22.self_attention.dense,aten._unsafe_view.default,[],prefill,True
1594,mlp,dense_h_to_4h,permute,"[[d_ff, d_model]]","[d_ff, d_model]",0,"[[d_model, d_ff]]",[],22,mlp,dense_h_to_4h,2,transformer.h.22.mlp.dense_h_to_4h,aten.permute.default,[transformer.h.22.mlp.dense_h_to_4h.weight],prefill,True
1595,mlp,dense_h_to_4h,view,"[[B, T, d_model]]",,,"[[T, d_model]]",[1537],22,mlp,dense_h_to_4h,2,transformer.h.22.mlp.dense_h_to_4h,aten.view.default,[],prefill,True
1596,mlp,dense_h_to_4h,matmul,"[[T, d_model], [d_model, d_ff]]","[d_ff, d_model]",1,"[[T, d_ff]]","[1594, 1595]",22,mlp,dense_h_to_4h,2,transformer.h.22.mlp.dense_h_to_4h,aten.mm.default,[transformer.h.22.mlp.dense_h_to_4h.weight],prefill,False
1597,mlp,dense_h_to_4h,_unsafe_view,"[[T, d_ff]]",,,"[[B, T, d_ff]]",[1596],22,mlp,dense_h_to_4h,2,transformer.h.22.mlp.dense_h_to_4h,aten._unsafe_view.default,[],prefill,True
1598,mlp,act,gelu,"[[B, T, d_ff]]",,,"[[B, T, d_ff]]",[1597],22,mlp,act,2,transformer.h.22.mlp.act,aten.gelu.default,[],prefill,False
1599,mlp,dense_4h_to_h,permute,"[[d_model, d_ff]]","[d_model, d_ff]",0,"[[d_ff, d_model]]",[],22,mlp,dense_4h_to_h,2,transformer.h.22.mlp.dense_4h_to_h,aten.permute.default,[transformer.h.22.mlp.dense_4h_to_h.weight],prefill,True
1600,mlp,dense_4h_to_h,view,"[[B, T, d_ff]]",,,"[[T, d_ff]]",[1598],22,mlp,dense_4h_to_h,2,transformer.h.22.mlp.dense_4h_to_h,aten.view.default,[],prefill,True
1601,mlp,dense_4h_to_h,matmul,"[[T, d_ff], [d_ff, d_model]]","[d_model, d_ff]",1,"[[T, d_model]]","[1599, 1600]",22,mlp,dense_4h_to_h,2,transformer.h.22.mlp.dense_4h_to_h,aten.mm.default,[transformer.h.22.mlp.dense_4h_to_h.weight],prefill,False
1602,mlp,dense_4h_to_h,_unsafe_view,"[[T, d_model]]",,,"[[B, T, d_model]]",[1601],22,mlp,dense_4h_to_h,2,transformer.h.22.mlp.dense_4h_to_h,aten._unsafe_view.default,[],prefill,True
1603,,,add_,"[[B, T, d_model], [B, T, d_model]]",,,"[[B, T, d_model]]","[1593, 1602]",22,,,0,transformer.h.22,aten.add_.Tensor,[],prefill,True
1604,,,elementwise_add,"[[B, T, d_model], [B, T, d_model]]",,,"[[B, T, d_model]]","[1536, 1603]",22,,,0,transformer.h.22,aten.add.Tensor,[],prefill,False
1605,input_layernorm,,layernorm,"[[B, T, d_model], [d_model], [d_model]]",,,"[[B, T, d_model], [B, T, 1], [B, T, 1]]",[1604],23,input_layernorm,,1,transformer.h.23.input_layernorm,aten.native_layer_norm.default,"[transformer.h.23.input_layernorm.bias, transformer.h.23.input_layernorm.weight]",prefill,False
1606,self_attention,query_key_value,permute,"[[(n_h+2*n_kv)*d_head, d_model]]","[(n_h+2*n_kv)*d_head, d_model]",0,"[[d_model, (n_h+2*n_kv)*d_head]]",[],23,self_attention,query_key_value,2,transformer.h.23.self_attention.query_key_value,aten.permute.default,[transformer.h.23.self_attention.query_key_value.weight],prefill,True
1607,self_attention,query_key_value,view,"[[B, T, d_model]]",,,"[[T, d_model]]",[1605],23,self_attention,query_key_value,2,transformer.h.23.self_attention.query_key_value,aten.view.default,[],prefill,True
1608,self_attention,query_key_value,matmul,"[[T, d_model], [d_model, (n_h+2*n_kv)*d_head]]","[(n_h+2*n_kv)*d_head, d_model]",1,"[[T, (n_h+2*n_kv)*d_head]]","[1606, 1607]",23,self_attention,query_key_value,2,transformer.h.23.self_attention.query_key_value,aten.mm.default,[transformer.h.23.self_attention.query_key_value.weight],prefill,False
1609,self_attention,query_key_value,_unsafe_view,"[[T, (n_h+2*n_kv)*d_head]]",,,"[[B, T, (n_h+2*n_kv)*d_head]]",[1608],23,self_attention,query_key_value,2,transformer.h.23.self_attention.query_key_value,aten._unsafe_view.default,[],prefill,True
1610,self_attention,,view,"[[B, T, (n_h+2*n_kv)*d_head]]",,,"[[B, T, n_h+2*n_kv, d_head]]",[1609],23,self_attention,,1,transformer.h.23.self_attention,aten.view.default,[],prefill,True
1611,self_attention,,slice,"[[B, T, n_h+2*n_kv, d_head]]",,,"[[B, T, n_h, d_head]]",[1610],23,self_attention,,1,transformer.h.23.self_attention,aten.slice.Tensor,[],prefill,True
1612,self_attention,,index,"[[B, T, n_h+2*n_kv, d_head], [B]]",,,"[[B, T, 1, d_head]]",[1610],23,self_attention,,1,transformer.h.23.self_attention,aten.index.Tensor,[],prefill,True
1613,self_attention,,index,"[[B, T, n_h+2*n_kv, d_head], [B]]",,,"[[B, T, 1, d_head]]",[1610],23,self_attention,,1,transformer.h.23.self_attention,aten.index.Tensor,[],prefill,True
1614,self_attention,,transpose,"[[B, T, n_h, d_head]]",,,"[[B, n_h, T, d_head]]",[1611],23,self_attention,,1,transformer.h.23.self_attention,aten.transpose.int,[],prefill,True
1615,self_attention,,view,"[[B, n_h, T, d_head]]",,,"[[B, n_h, T, d_head]]",[1614],23,self_attention,,1,transformer.h.23.self_attention,aten.view.default,[],prefill,True
1616,self_attention,,transpose,"[[B, T, 1, d_head]]",,,"[[B, 1, T, d_head]]",[1612],23,self_attention,,1,transformer.h.23.self_attention,aten.transpose.int,[],prefill,True
1617,self_attention,,view,"[[B, 1, T, d_head]]",,,"[[B, 1, T, d_head]]",[1616],23,self_attention,,1,transformer.h.23.self_attention,aten.view.default,[],prefill,True
1618,self_attention,,transpose,"[[B, T, 1, d_head]]",,,"[[B, 1, T, d_head]]",[1613],23,self_attention,,1,transformer.h.23.self_attention,aten.transpose.int,[],prefill,True
1619,self_attention,,view,"[[B, 1, T, d_head]]",,,"[[B, 1, T, d_head]]",[1618],23,self_attention,,1,transformer.h.23.self_attention,aten.view.default,[],prefill,True
1620,self_attention,,unsqueeze,"[[B, T, d_head]]",,,"[[B, 1, T, d_head]]",[39],23,self_attention,,1,transformer.h.23.self_attention,aten.unsqueeze.default,[],prefill,True
1621,self_attention,,unsqueeze,"[[B, T, d_head]]",,,"[[B, 1, T, d_head]]",[40],23,self_attention,,1,transformer.h.23.self_attention,aten.unsqueeze.default,[],prefill,True
1622,self_attention,,elementwise_mul,"[[B, n_h, T, d_head], [B, 1, T, d_head]]",,,"[[B, n_h, T, d_head]]","[1615, 1620]",23,self_attention,,1,transformer.h.23.self_attention,aten.mul.Tensor,[],prefill,False
1623,self_attention,,slice,"[[B, n_h, T, d_head]]",,,"[[B, n_h, T, d_head/2]]",[1615],23,self_attention,,1,transformer.h.23.self_attention,aten.slice.Tensor,[],prefill,True
1624,self_attention,,slice,"[[B, n_h, T, d_head]]",,,"[[B, n_h, T, d_head/2]]",[1615],23,self_attention,,1,transformer.h.23.self_attention,aten.slice.Tensor,[],prefill,True
1625,self_attention,,neg,"[[B, n_h, T, d_head/2]]",,,"[[B, n_h, T, d_head/2]]",[1624],23,self_attention,,1,transformer.h.23.self_attention,aten.neg.default,[],prefill,False
1626,self_attention,,concat,"[[B, n_h, T, d_head/2], [B, n_h, T, d_head/2]]",,,"[[B, n_h, T, d_head]]","[1623, 1625]",23,self_attention,,1,transformer.h.23.self_attention,aten.cat.default,[],prefill,False
1627,self_attention,,elementwise_mul,"[[B, n_h, T, d_head], [B, 1, T, d_head]]",,,"[[B, n_h, T, d_head]]","[1621, 1626]",23,self_attention,,1,transformer.h.23.self_attention,aten.mul.Tensor,[],prefill,False
1628,self_attention,,elementwise_add,"[[B, n_h, T, d_head], [B, n_h, T, d_head]]",,,"[[B, n_h, T, d_head]]","[1622, 1627]",23,self_attention,,1,transformer.h.23.self_attention,aten.add.Tensor,[],prefill,False
1629,self_attention,,elementwise_mul,"[[B, 1, T, d_head], [B, 1, T, d_head]]",,,"[[B, 1, T, d_head]]","[1617, 1620]",23,self_attention,,1,transformer.h.23.self_attention,aten.mul.Tensor,[],prefill,False
1630,self_attention,,slice,"[[B, 1, T, d_head]]",,,"[[B, 1, T, d_head/2]]",[1617],23,self_attention,,1,transformer.h.23.self_attention,aten.slice.Tensor,[],prefill,True
1631,self_attention,,slice,"[[B, 1, T, d_head]]",,,"[[B, 1, T, d_head/2]]",[1617],23,self_attention,,1,transformer.h.23.self_attention,aten.slice.Tensor,[],prefill,True
1632,self_attention,,neg,"[[B, 1, T, d_head/2]]",,,"[[B, 1, T, d_head/2]]",[1631],23,self_attention,,1,transformer.h.23.self_attention,aten.neg.default,[],prefill,False
1633,self_attention,,concat,"[[B, 1, T, d_head/2], [B, 1, T, d_head/2]]",,,"[[B, 1, T, d_head]]","[1630, 1632]",23,self_attention,,1,transformer.h.23.self_attention,aten.cat.default,[],prefill,False
1634,self_attention,,elementwise_mul,"[[B, 1, T, d_head], [B, 1, T, d_head]]",,,"[[B, 1, T, d_head]]","[1621, 1633]",23,self_attention,,1,transformer.h.23.self_attention,aten.mul.Tensor,[],prefill,False
1635,self_attention,,elementwise_add,"[[B, 1, T, d_head], [B, 1, T, d_head]]",,,"[[B, 1, T, d_head]]","[1629, 1634]",23,self_attention,,1,transformer.h.23.self_attention,aten.add.Tensor,[],prefill,False
1636,self_attention,,concat,"[[0], [B, 1, T, d_head]]",,,"[[B, 1, T, d_head]]",[1635],23,self_attention,,1,transformer.h.23.self_attention,aten.cat.default,[],prefill,False
1637,self_attention,,concat,"[[0], [B, 1, T, d_head]]",,,"[[B, 1, T, d_head]]",[1619],23,self_attention,,1,transformer.h.23.self_attention,aten.cat.default,[],prefill,False
1638,self_attention,,transpose,"[[B, 1, T, d_head]]",,,"[[B, 1, d_head, T]]",[1636],23,self_attention,,1,transformer.h.23.self_attention,aten.transpose.int,[],prefill,True
1639,self_attention,,expand,"[[B, n_h, T, d_head]]",,,"[[B, n_h, T, d_head]]",[1628],23,self_attention,,1,transformer.h.23.self_attention,aten.expand.default,[],prefill,True
1640,self_attention,,view,"[[B, n_h, T, d_head]]",,,"[[n_h, T, d_head]]",[1639],23,self_attention,,1,transformer.h.23.self_attention,aten.view.default,[],prefill,True
1641,self_attention,,expand,"[[B, 1, d_head, T]]",,,"[[B, n_h, d_head, T]]",[1638],23,self_attention,,1,transformer.h.23.self_attention,aten.expand.default,[],prefill,True
1642,self_attention,,view,"[[B, n_h, d_head, T]]",,,"[[n_h, d_head, T]]",[1641],23,self_attention,,1,transformer.h.23.self_attention,aten.view.default,[],prefill,True
1643,self_attention,,batched_matmul,"[[n_h, T, d_head], [n_h, d_head, T]]",,,"[[n_h, T, T]]","[1640, 1642]",23,self_attention,,1,transformer.h.23.self_attention,aten.bmm.default,[],prefill,False
1644,self_attention,,_unsafe_view,"[[n_h, T, T]]",,,"[[B, n_h, T, T]]",[1643],23,self_attention,,1,transformer.h.23.self_attention,aten._unsafe_view.default,[],prefill,True
1645,self_attention,,div_,"[[B, n_h, T, T]]",,,"[[B, n_h, T, T]]",[1644],23,self_attention,,1,transformer.h.23.self_attention,aten.div_.Tensor,[],prefill,True
1646,self_attention,,elementwise_add,"[[B, n_h, T, T], [B, 1, T, T]]",,,"[[B, n_h, T, T]]","[21, 1645]",23,self_attention,,1,transformer.h.23.self_attention,aten.add.Tensor,[],prefill,False
1647,self_attention,,softmax,"[[B, n_h, T, T]]",,,"[[B, n_h, T, T]]",[1646],23,self_attention,,1,transformer.h.23.self_attention,aten._softmax.default,[],prefill,False
1648,self_attention,,expand,"[[B, n_h, T, T]]",,,"[[B, n_h, T, T]]",[1647],23,self_attention,,1,transformer.h.23.self_attention,aten.expand.default,[],prefill,True
1649,self_attention,,view,"[[B, n_h, T, T]]",,,"[[n_h, T, T]]",[1648],23,self_attention,,1,transformer.h.23.self_attention,aten.view.default,[],prefill,True
1650,self_attention,,expand,"[[B, 1, T, d_head]]",,,"[[B, n_h, T, d_head]]",[1637],23,self_attention,,1,transformer.h.23.self_attention,aten.expand.default,[],prefill,True
1651,self_attention,,view,"[[B, n_h, T, d_head]]",,,"[[n_h, T, d_head]]",[1650],23,self_attention,,1,transformer.h.23.self_attention,aten.view.default,[],prefill,True
1652,self_attention,,batched_matmul,"[[n_h, T, T], [n_h, T, d_head]]",,,"[[n_h, T, d_head]]","[1649, 1651]",23,self_attention,,1,transformer.h.23.self_attention,aten.bmm.default,[],prefill,False
1653,self_attention,,_unsafe_view,"[[n_h, T, d_head]]",,,"[[B, n_h, T, d_head]]",[1652],23,self_attention,,1,transformer.h.23.self_attention,aten._unsafe_view.default,[],prefill,True
1654,self_attention,,view,"[[B, n_h, T, d_head]]",,,"[[B, n_h, T, d_head]]",[1653],23,self_attention,,1,transformer.h.23.self_attention,aten.view.default,[],prefill,True
1655,self_attention,,permute,"[[B, n_h, T, d_head]]",,,"[[B, T, n_h, d_head]]",[1654],23,self_attention,,1,transformer.h.23.self_attention,aten.permute.default,[],prefill,True
1656,self_attention,,clone,"[[B, T, n_h, d_head]]",,,"[[B, T, n_h, d_head]]",[1655],23,self_attention,,1,transformer.h.23.self_attention,aten.clone.default,[],prefill,True
1657,self_attention,,_unsafe_view,"[[B, T, n_h, d_head]]",,,"[[B, T, n_h*d_head]]",[1656],23,self_attention,,1,transformer.h.23.self_attention,aten._unsafe_view.default,[],prefill,True
1658,self_attention,dense,permute,"[[d_model, n_h*d_head]]","[d_model, n_h*d_head]",0,"[[n_h*d_head, d_model]]",[],23,self_attention,dense,2,transformer.h.23.self_attention.dense,aten.permute.default,[transformer.h.23.self_attention.dense.weight],prefill,True
1659,self_attention,dense,view,"[[B, T, n_h*d_head]]",,,"[[T, n_h*d_head]]",[1657],23,self_attention,dense,2,transformer.h.23.self_attention.dense,aten.view.default,[],prefill,True
1660,self_attention,dense,matmul,"[[T, n_h*d_head], [n_h*d_head, d_model]]","[d_model, n_h*d_head]",1,"[[T, d_model]]","[1658, 1659]",23,self_attention,dense,2,transformer.h.23.self_attention.dense,aten.mm.default,[transformer.h.23.self_attention.dense.weight],prefill,False
1661,self_attention,dense,_unsafe_view,"[[T, d_model]]",,,"[[B, T, d_model]]",[1660],23,self_attention,dense,2,transformer.h.23.self_attention.dense,aten._unsafe_view.default,[],prefill,True
1662,mlp,dense_h_to_4h,permute,"[[d_ff, d_model]]","[d_ff, d_model]",0,"[[d_model, d_ff]]",[],23,mlp,dense_h_to_4h,2,transformer.h.23.mlp.dense_h_to_4h,aten.permute.default,[transformer.h.23.mlp.dense_h_to_4h.weight],prefill,True
1663,mlp,dense_h_to_4h,view,"[[B, T, d_model]]",,,"[[T, d_model]]",[1605],23,mlp,dense_h_to_4h,2,transformer.h.23.mlp.dense_h_to_4h,aten.view.default,[],prefill,True
1664,mlp,dense_h_to_4h,matmul,"[[T, d_model], [d_model, d_ff]]","[d_ff, d_model]",1,"[[T, d_ff]]","[1662, 1663]",23,mlp,dense_h_to_4h,2,transformer.h.23.mlp.dense_h_to_4h,aten.mm.default,[transformer.h.23.mlp.dense_h_to_4h.weight],prefill,False
1665,mlp,dense_h_to_4h,_unsafe_view,"[[T, d_ff]]",,,"[[B, T, d_ff]]",[1664],23,mlp,dense_h_to_4h,2,transformer.h.23.mlp.dense_h_to_4h,aten._unsafe_view.default,[],prefill,True
1666,mlp,act,gelu,"[[B, T, d_ff]]",,,"[[B, T, d_ff]]",[1665],23,mlp,act,2,transformer.h.23.mlp.act,aten.gelu.default,[],prefill,False
1667,mlp,dense_4h_to_h,permute,"[[d_model, d_ff]]","[d_model, d_ff]",0,"[[d_ff, d_model]]",[],23,mlp,dense_4h_to_h,2,transformer.h.23.mlp.dense_4h_to_h,aten.permute.default,[transformer.h.23.mlp.dense_4h_to_h.weight],prefill,True
1668,mlp,dense_4h_to_h,view,"[[B, T, d_ff]]",,,"[[T, d_ff]]",[1666],23,mlp,dense_4h_to_h,2,transformer.h.23.mlp.dense_4h_to_h,aten.view.default,[],prefill,True
1669,mlp,dense_4h_to_h,matmul,"[[T, d_ff], [d_ff, d_model]]","[d_model, d_ff]",1,"[[T, d_model]]","[1667, 1668]",23,mlp,dense_4h_to_h,2,transformer.h.23.mlp.dense_4h_to_h,aten.mm.default,[transformer.h.23.mlp.dense_4h_to_h.weight],prefill,False
1670,mlp,dense_4h_to_h,_unsafe_view,"[[T, d_model]]",,,"[[B, T, d_model]]",[1669],23,mlp,dense_4h_to_h,2,transformer.h.23.mlp.dense_4h_to_h,aten._unsafe_view.default,[],prefill,True
1671,,,add_,"[[B, T, d_model], [B, T, d_model]]",,,"[[B, T, d_model]]","[1661, 1670]",23,,,0,transformer.h.23,aten.add_.Tensor,[],prefill,True
1672,,,elementwise_add,"[[B, T, d_model], [B, T, d_model]]",,,"[[B, T, d_model]]","[1604, 1671]",23,,,0,transformer.h.23,aten.add.Tensor,[],prefill,False
1673,input_layernorm,,layernorm,"[[B, T, d_model], [d_model], [d_model]]",,,"[[B, T, d_model], [B, T, 1], [B, T, 1]]",[1672],24,input_layernorm,,1,transformer.h.24.input_layernorm,aten.native_layer_norm.default,"[transformer.h.24.input_layernorm.bias, transformer.h.24.input_layernorm.weight]",prefill,False
1674,self_attention,query_key_value,permute,"[[(n_h+2*n_kv)*d_head, d_model]]","[(n_h+2*n_kv)*d_head, d_model]",0,"[[d_model, (n_h+2*n_kv)*d_head]]",[],24,self_attention,query_key_value,2,transformer.h.24.self_attention.query_key_value,aten.permute.default,[transformer.h.24.self_attention.query_key_value.weight],prefill,True
1675,self_attention,query_key_value,view,"[[B, T, d_model]]",,,"[[T, d_model]]",[1673],24,self_attention,query_key_value,2,transformer.h.24.self_attention.query_key_value,aten.view.default,[],prefill,True
1676,self_attention,query_key_value,matmul,"[[T, d_model], [d_model, (n_h+2*n_kv)*d_head]]","[(n_h+2*n_kv)*d_head, d_model]",1,"[[T, (n_h+2*n_kv)*d_head]]","[1674, 1675]",24,self_attention,query_key_value,2,transformer.h.24.self_attention.query_key_value,aten.mm.default,[transformer.h.24.self_attention.query_key_value.weight],prefill,False
1677,self_attention,query_key_value,_unsafe_view,"[[T, (n_h+2*n_kv)*d_head]]",,,"[[B, T, (n_h+2*n_kv)*d_head]]",[1676],24,self_attention,query_key_value,2,transformer.h.24.self_attention.query_key_value,aten._unsafe_view.default,[],prefill,True
1678,self_attention,,view,"[[B, T, (n_h+2*n_kv)*d_head]]",,,"[[B, T, n_h+2*n_kv, d_head]]",[1677],24,self_attention,,1,transformer.h.24.self_attention,aten.view.default,[],prefill,True
1679,self_attention,,slice,"[[B, T, n_h+2*n_kv, d_head]]",,,"[[B, T, n_h, d_head]]",[1678],24,self_attention,,1,transformer.h.24.self_attention,aten.slice.Tensor,[],prefill,True
1680,self_attention,,index,"[[B, T, n_h+2*n_kv, d_head], [B]]",,,"[[B, T, 1, d_head]]",[1678],24,self_attention,,1,transformer.h.24.self_attention,aten.index.Tensor,[],prefill,True
1681,self_attention,,index,"[[B, T, n_h+2*n_kv, d_head], [B]]",,,"[[B, T, 1, d_head]]",[1678],24,self_attention,,1,transformer.h.24.self_attention,aten.index.Tensor,[],prefill,True
1682,self_attention,,transpose,"[[B, T, n_h, d_head]]",,,"[[B, n_h, T, d_head]]",[1679],24,self_attention,,1,transformer.h.24.self_attention,aten.transpose.int,[],prefill,True
1683,self_attention,,view,"[[B, n_h, T, d_head]]",,,"[[B, n_h, T, d_head]]",[1682],24,self_attention,,1,transformer.h.24.self_attention,aten.view.default,[],prefill,True
1684,self_attention,,transpose,"[[B, T, 1, d_head]]",,,"[[B, 1, T, d_head]]",[1680],24,self_attention,,1,transformer.h.24.self_attention,aten.transpose.int,[],prefill,True
1685,self_attention,,view,"[[B, 1, T, d_head]]",,,"[[B, 1, T, d_head]]",[1684],24,self_attention,,1,transformer.h.24.self_attention,aten.view.default,[],prefill,True
1686,self_attention,,transpose,"[[B, T, 1, d_head]]",,,"[[B, 1, T, d_head]]",[1681],24,self_attention,,1,transformer.h.24.self_attention,aten.transpose.int,[],prefill,True
1687,self_attention,,view,"[[B, 1, T, d_head]]",,,"[[B, 1, T, d_head]]",[1686],24,self_attention,,1,transformer.h.24.self_attention,aten.view.default,[],prefill,True
1688,self_attention,,unsqueeze,"[[B, T, d_head]]",,,"[[B, 1, T, d_head]]",[39],24,self_attention,,1,transformer.h.24.self_attention,aten.unsqueeze.default,[],prefill,True
1689,self_attention,,unsqueeze,"[[B, T, d_head]]",,,"[[B, 1, T, d_head]]",[40],24,self_attention,,1,transformer.h.24.self_attention,aten.unsqueeze.default,[],prefill,True
1690,self_attention,,elementwise_mul,"[[B, n_h, T, d_head], [B, 1, T, d_head]]",,,"[[B, n_h, T, d_head]]","[1683, 1688]",24,self_attention,,1,transformer.h.24.self_attention,aten.mul.Tensor,[],prefill,False
1691,self_attention,,slice,"[[B, n_h, T, d_head]]",,,"[[B, n_h, T, d_head/2]]",[1683],24,self_attention,,1,transformer.h.24.self_attention,aten.slice.Tensor,[],prefill,True
1692,self_attention,,slice,"[[B, n_h, T, d_head]]",,,"[[B, n_h, T, d_head/2]]",[1683],24,self_attention,,1,transformer.h.24.self_attention,aten.slice.Tensor,[],prefill,True
1693,self_attention,,neg,"[[B, n_h, T, d_head/2]]",,,"[[B, n_h, T, d_head/2]]",[1692],24,self_attention,,1,transformer.h.24.self_attention,aten.neg.default,[],prefill,False
1694,self_attention,,concat,"[[B, n_h, T, d_head/2], [B, n_h, T, d_head/2]]",,,"[[B, n_h, T, d_head]]","[1691, 1693]",24,self_attention,,1,transformer.h.24.self_attention,aten.cat.default,[],prefill,False
1695,self_attention,,elementwise_mul,"[[B, n_h, T, d_head], [B, 1, T, d_head]]",,,"[[B, n_h, T, d_head]]","[1689, 1694]",24,self_attention,,1,transformer.h.24.self_attention,aten.mul.Tensor,[],prefill,False
1696,self_attention,,elementwise_add,"[[B, n_h, T, d_head], [B, n_h, T, d_head]]",,,"[[B, n_h, T, d_head]]","[1690, 1695]",24,self_attention,,1,transformer.h.24.self_attention,aten.add.Tensor,[],prefill,False
1697,self_attention,,elementwise_mul,"[[B, 1, T, d_head], [B, 1, T, d_head]]",,,"[[B, 1, T, d_head]]","[1685, 1688]",24,self_attention,,1,transformer.h.24.self_attention,aten.mul.Tensor,[],prefill,False
1698,self_attention,,slice,"[[B, 1, T, d_head]]",,,"[[B, 1, T, d_head/2]]",[1685],24,self_attention,,1,transformer.h.24.self_attention,aten.slice.Tensor,[],prefill,True
1699,self_attention,,slice,"[[B, 1, T, d_head]]",,,"[[B, 1, T, d_head/2]]",[1685],24,self_attention,,1,transformer.h.24.self_attention,aten.slice.Tensor,[],prefill,True
1700,self_attention,,neg,"[[B, 1, T, d_head/2]]",,,"[[B, 1, T, d_head/2]]",[1699],24,self_attention,,1,transformer.h.24.self_attention,aten.neg.default,[],prefill,False
1701,self_attention,,concat,"[[B, 1, T, d_head/2], [B, 1, T, d_head/2]]",,,"[[B, 1, T, d_head]]","[1698, 1700]",24,self_attention,,1,transformer.h.24.self_attention,aten.cat.default,[],prefill,False
1702,self_attention,,elementwise_mul,"[[B, 1, T, d_head], [B, 1, T, d_head]]",,,"[[B, 1, T, d_head]]","[1689, 1701]",24,self_attention,,1,transformer.h.24.self_attention,aten.mul.Tensor,[],prefill,False
1703,self_attention,,elementwise_add,"[[B, 1, T, d_head], [B, 1, T, d_head]]",,,"[[B, 1, T, d_head]]","[1697, 1702]",24,self_attention,,1,transformer.h.24.self_attention,aten.add.Tensor,[],prefill,False
1704,self_attention,,concat,"[[0], [B, 1, T, d_head]]",,,"[[B, 1, T, d_head]]",[1703],24,self_attention,,1,transformer.h.24.self_attention,aten.cat.default,[],prefill,False
1705,self_attention,,concat,"[[0], [B, 1, T, d_head]]",,,"[[B, 1, T, d_head]]",[1687],24,self_attention,,1,transformer.h.24.self_attention,aten.cat.default,[],prefill,False
1706,self_attention,,transpose,"[[B, 1, T, d_head]]",,,"[[B, 1, d_head, T]]",[1704],24,self_attention,,1,transformer.h.24.self_attention,aten.transpose.int,[],prefill,True
1707,self_attention,,expand,"[[B, n_h, T, d_head]]",,,"[[B, n_h, T, d_head]]",[1696],24,self_attention,,1,transformer.h.24.self_attention,aten.expand.default,[],prefill,True
1708,self_attention,,view,"[[B, n_h, T, d_head]]",,,"[[n_h, T, d_head]]",[1707],24,self_attention,,1,transformer.h.24.self_attention,aten.view.default,[],prefill,True
1709,self_attention,,expand,"[[B, 1, d_head, T]]",,,"[[B, n_h, d_head, T]]",[1706],24,self_attention,,1,transformer.h.24.self_attention,aten.expand.default,[],prefill,True
1710,self_attention,,view,"[[B, n_h, d_head, T]]",,,"[[n_h, d_head, T]]",[1709],24,self_attention,,1,transformer.h.24.self_attention,aten.view.default,[],prefill,True
1711,self_attention,,batched_matmul,"[[n_h, T, d_head], [n_h, d_head, T]]",,,"[[n_h, T, T]]","[1708, 1710]",24,self_attention,,1,transformer.h.24.self_attention,aten.bmm.default,[],prefill,False
1712,self_attention,,_unsafe_view,"[[n_h, T, T]]",,,"[[B, n_h, T, T]]",[1711],24,self_attention,,1,transformer.h.24.self_attention,aten._unsafe_view.default,[],prefill,True
1713,self_attention,,div_,"[[B, n_h, T, T]]",,,"[[B, n_h, T, T]]",[1712],24,self_attention,,1,transformer.h.24.self_attention,aten.div_.Tensor,[],prefill,True
1714,self_attention,,elementwise_add,"[[B, n_h, T, T], [B, 1, T, T]]",,,"[[B, n_h, T, T]]","[21, 1713]",24,self_attention,,1,transformer.h.24.self_attention,aten.add.Tensor,[],prefill,False
1715,self_attention,,softmax,"[[B, n_h, T, T]]",,,"[[B, n_h, T, T]]",[1714],24,self_attention,,1,transformer.h.24.self_attention,aten._softmax.default,[],prefill,False
1716,self_attention,,expand,"[[B, n_h, T, T]]",,,"[[B, n_h, T, T]]",[1715],24,self_attention,,1,transformer.h.24.self_attention,aten.expand.default,[],prefill,True
1717,self_attention,,view,"[[B, n_h, T, T]]",,,"[[n_h, T, T]]",[1716],24,self_attention,,1,transformer.h.24.self_attention,aten.view.default,[],prefill,True
1718,self_attention,,expand,"[[B, 1, T, d_head]]",,,"[[B, n_h, T, d_head]]",[1705],24,self_attention,,1,transformer.h.24.self_attention,aten.expand.default,[],prefill,True
1719,self_attention,,view,"[[B, n_h, T, d_head]]",,,"[[n_h, T, d_head]]",[1718],24,self_attention,,1,transformer.h.24.self_attention,aten.view.default,[],prefill,True
1720,self_attention,,batched_matmul,"[[n_h, T, T], [n_h, T, d_head]]",,,"[[n_h, T, d_head]]","[1717, 1719]",24,self_attention,,1,transformer.h.24.self_attention,aten.bmm.default,[],prefill,False
1721,self_attention,,_unsafe_view,"[[n_h, T, d_head]]",,,"[[B, n_h, T, d_head]]",[1720],24,self_attention,,1,transformer.h.24.self_attention,aten._unsafe_view.default,[],prefill,True
1722,self_attention,,view,"[[B, n_h, T, d_head]]",,,"[[B, n_h, T, d_head]]",[1721],24,self_attention,,1,transformer.h.24.self_attention,aten.view.default,[],prefill,True
1723,self_attention,,permute,"[[B, n_h, T, d_head]]",,,"[[B, T, n_h, d_head]]",[1722],24,self_attention,,1,transformer.h.24.self_attention,aten.permute.default,[],prefill,True
1724,self_attention,,clone,"[[B, T, n_h, d_head]]",,,"[[B, T, n_h, d_head]]",[1723],24,self_attention,,1,transformer.h.24.self_attention,aten.clone.default,[],prefill,True
1725,self_attention,,_unsafe_view,"[[B, T, n_h, d_head]]",,,"[[B, T, n_h*d_head]]",[1724],24,self_attention,,1,transformer.h.24.self_attention,aten._unsafe_view.default,[],prefill,True
1726,self_attention,dense,permute,"[[d_model, n_h*d_head]]","[d_model, n_h*d_head]",0,"[[n_h*d_head, d_model]]",[],24,self_attention,dense,2,transformer.h.24.self_attention.dense,aten.permute.default,[transformer.h.24.self_attention.dense.weight],prefill,True
1727,self_attention,dense,view,"[[B, T, n_h*d_head]]",,,"[[T, n_h*d_head]]",[1725],24,self_attention,dense,2,transformer.h.24.self_attention.dense,aten.view.default,[],prefill,True
1728,self_attention,dense,matmul,"[[T, n_h*d_head], [n_h*d_head, d_model]]","[d_model, n_h*d_head]",1,"[[T, d_model]]","[1726, 1727]",24,self_attention,dense,2,transformer.h.24.self_attention.dense,aten.mm.default,[transformer.h.24.self_attention.dense.weight],prefill,False
1729,self_attention,dense,_unsafe_view,"[[T, d_model]]",,,"[[B, T, d_model]]",[1728],24,self_attention,dense,2,transformer.h.24.self_attention.dense,aten._unsafe_view.default,[],prefill,True
1730,mlp,dense_h_to_4h,permute,"[[d_ff, d_model]]","[d_ff, d_model]",0,"[[d_model, d_ff]]",[],24,mlp,dense_h_to_4h,2,transformer.h.24.mlp.dense_h_to_4h,aten.permute.default,[transformer.h.24.mlp.dense_h_to_4h.weight],prefill,True
1731,mlp,dense_h_to_4h,view,"[[B, T, d_model]]",,,"[[T, d_model]]",[1673],24,mlp,dense_h_to_4h,2,transformer.h.24.mlp.dense_h_to_4h,aten.view.default,[],prefill,True
1732,mlp,dense_h_to_4h,matmul,"[[T, d_model], [d_model, d_ff]]","[d_ff, d_model]",1,"[[T, d_ff]]","[1730, 1731]",24,mlp,dense_h_to_4h,2,transformer.h.24.mlp.dense_h_to_4h,aten.mm.default,[transformer.h.24.mlp.dense_h_to_4h.weight],prefill,False
1733,mlp,dense_h_to_4h,_unsafe_view,"[[T, d_ff]]",,,"[[B, T, d_ff]]",[1732],24,mlp,dense_h_to_4h,2,transformer.h.24.mlp.dense_h_to_4h,aten._unsafe_view.default,[],prefill,True
1734,mlp,act,gelu,"[[B, T, d_ff]]",,,"[[B, T, d_ff]]",[1733],24,mlp,act,2,transformer.h.24.mlp.act,aten.gelu.default,[],prefill,False
1735,mlp,dense_4h_to_h,permute,"[[d_model, d_ff]]","[d_model, d_ff]",0,"[[d_ff, d_model]]",[],24,mlp,dense_4h_to_h,2,transformer.h.24.mlp.dense_4h_to_h,aten.permute.default,[transformer.h.24.mlp.dense_4h_to_h.weight],prefill,True
1736,mlp,dense_4h_to_h,view,"[[B, T, d_ff]]",,,"[[T, d_ff]]",[1734],24,mlp,dense_4h_to_h,2,transformer.h.24.mlp.dense_4h_to_h,aten.view.default,[],prefill,True
1737,mlp,dense_4h_to_h,matmul,"[[T, d_ff], [d_ff, d_model]]","[d_model, d_ff]",1,"[[T, d_model]]","[1735, 1736]",24,mlp,dense_4h_to_h,2,transformer.h.24.mlp.dense_4h_to_h,aten.mm.default,[transformer.h.24.mlp.dense_4h_to_h.weight],prefill,False
1738,mlp,dense_4h_to_h,_unsafe_view,"[[T, d_model]]",,,"[[B, T, d_model]]",[1737],24,mlp,dense_4h_to_h,2,transformer.h.24.mlp.dense_4h_to_h,aten._unsafe_view.default,[],prefill,True
1739,,,add_,"[[B, T, d_model], [B, T, d_model]]",,,"[[B, T, d_model]]","[1729, 1738]",24,,,0,transformer.h.24,aten.add_.Tensor,[],prefill,True
1740,,,elementwise_add,"[[B, T, d_model], [B, T, d_model]]",,,"[[B, T, d_model]]","[1672, 1739]",24,,,0,transformer.h.24,aten.add.Tensor,[],prefill,False
1741,input_layernorm,,layernorm,"[[B, T, d_model], [d_model], [d_model]]",,,"[[B, T, d_model], [B, T, 1], [B, T, 1]]",[1740],25,input_layernorm,,1,transformer.h.25.input_layernorm,aten.native_layer_norm.default,"[transformer.h.25.input_layernorm.bias, transformer.h.25.input_layernorm.weight]",prefill,False
1742,self_attention,query_key_value,permute,"[[(n_h+2*n_kv)*d_head, d_model]]","[(n_h+2*n_kv)*d_head, d_model]",0,"[[d_model, (n_h+2*n_kv)*d_head]]",[],25,self_attention,query_key_value,2,transformer.h.25.self_attention.query_key_value,aten.permute.default,[transformer.h.25.self_attention.query_key_value.weight],prefill,True
1743,self_attention,query_key_value,view,"[[B, T, d_model]]",,,"[[T, d_model]]",[1741],25,self_attention,query_key_value,2,transformer.h.25.self_attention.query_key_value,aten.view.default,[],prefill,True
1744,self_attention,query_key_value,matmul,"[[T, d_model], [d_model, (n_h+2*n_kv)*d_head]]","[(n_h+2*n_kv)*d_head, d_model]",1,"[[T, (n_h+2*n_kv)*d_head]]","[1742, 1743]",25,self_attention,query_key_value,2,transformer.h.25.self_attention.query_key_value,aten.mm.default,[transformer.h.25.self_attention.query_key_value.weight],prefill,False
1745,self_attention,query_key_value,_unsafe_view,"[[T, (n_h+2*n_kv)*d_head]]",,,"[[B, T, (n_h+2*n_kv)*d_head]]",[1744],25,self_attention,query_key_value,2,transformer.h.25.self_attention.query_key_value,aten._unsafe_view.default,[],prefill,True
1746,self_attention,,view,"[[B, T, (n_h+2*n_kv)*d_head]]",,,"[[B, T, n_h+2*n_kv, d_head]]",[1745],25,self_attention,,1,transformer.h.25.self_attention,aten.view.default,[],prefill,True
1747,self_attention,,slice,"[[B, T, n_h+2*n_kv, d_head]]",,,"[[B, T, n_h, d_head]]",[1746],25,self_attention,,1,transformer.h.25.self_attention,aten.slice.Tensor,[],prefill,True
1748,self_attention,,index,"[[B, T, n_h+2*n_kv, d_head], [B]]",,,"[[B, T, 1, d_head]]",[1746],25,self_attention,,1,transformer.h.25.self_attention,aten.index.Tensor,[],prefill,True
1749,self_attention,,index,"[[B, T, n_h+2*n_kv, d_head], [B]]",,,"[[B, T, 1, d_head]]",[1746],25,self_attention,,1,transformer.h.25.self_attention,aten.index.Tensor,[],prefill,True
1750,self_attention,,transpose,"[[B, T, n_h, d_head]]",,,"[[B, n_h, T, d_head]]",[1747],25,self_attention,,1,transformer.h.25.self_attention,aten.transpose.int,[],prefill,True
1751,self_attention,,view,"[[B, n_h, T, d_head]]",,,"[[B, n_h, T, d_head]]",[1750],25,self_attention,,1,transformer.h.25.self_attention,aten.view.default,[],prefill,True
1752,self_attention,,transpose,"[[B, T, 1, d_head]]",,,"[[B, 1, T, d_head]]",[1748],25,self_attention,,1,transformer.h.25.self_attention,aten.transpose.int,[],prefill,True
1753,self_attention,,view,"[[B, 1, T, d_head]]",,,"[[B, 1, T, d_head]]",[1752],25,self_attention,,1,transformer.h.25.self_attention,aten.view.default,[],prefill,True
1754,self_attention,,transpose,"[[B, T, 1, d_head]]",,,"[[B, 1, T, d_head]]",[1749],25,self_attention,,1,transformer.h.25.self_attention,aten.transpose.int,[],prefill,True
1755,self_attention,,view,"[[B, 1, T, d_head]]",,,"[[B, 1, T, d_head]]",[1754],25,self_attention,,1,transformer.h.25.self_attention,aten.view.default,[],prefill,True
1756,self_attention,,unsqueeze,"[[B, T, d_head]]",,,"[[B, 1, T, d_head]]",[39],25,self_attention,,1,transformer.h.25.self_attention,aten.unsqueeze.default,[],prefill,True
1757,self_attention,,unsqueeze,"[[B, T, d_head]]",,,"[[B, 1, T, d_head]]",[40],25,self_attention,,1,transformer.h.25.self_attention,aten.unsqueeze.default,[],prefill,True
1758,self_attention,,elementwise_mul,"[[B, n_h, T, d_head], [B, 1, T, d_head]]",,,"[[B, n_h, T, d_head]]","[1751, 1756]",25,self_attention,,1,transformer.h.25.self_attention,aten.mul.Tensor,[],prefill,False
1759,self_attention,,slice,"[[B, n_h, T, d_head]]",,,"[[B, n_h, T, d_head/2]]",[1751],25,self_attention,,1,transformer.h.25.self_attention,aten.slice.Tensor,[],prefill,True
1760,self_attention,,slice,"[[B, n_h, T, d_head]]",,,"[[B, n_h, T, d_head/2]]",[1751],25,self_attention,,1,transformer.h.25.self_attention,aten.slice.Tensor,[],prefill,True
1761,self_attention,,neg,"[[B, n_h, T, d_head/2]]",,,"[[B, n_h, T, d_head/2]]",[1760],25,self_attention,,1,transformer.h.25.self_attention,aten.neg.default,[],prefill,False
1762,self_attention,,concat,"[[B, n_h, T, d_head/2], [B, n_h, T, d_head/2]]",,,"[[B, n_h, T, d_head]]","[1759, 1761]",25,self_attention,,1,transformer.h.25.self_attention,aten.cat.default,[],prefill,False
1763,self_attention,,elementwise_mul,"[[B, n_h, T, d_head], [B, 1, T, d_head]]",,,"[[B, n_h, T, d_head]]","[1757, 1762]",25,self_attention,,1,transformer.h.25.self_attention,aten.mul.Tensor,[],prefill,False
1764,self_attention,,elementwise_add,"[[B, n_h, T, d_head], [B, n_h, T, d_head]]",,,"[[B, n_h, T, d_head]]","[1758, 1763]",25,self_attention,,1,transformer.h.25.self_attention,aten.add.Tensor,[],prefill,False
1765,self_attention,,elementwise_mul,"[[B, 1, T, d_head], [B, 1, T, d_head]]",,,"[[B, 1, T, d_head]]","[1753, 1756]",25,self_attention,,1,transformer.h.25.self_attention,aten.mul.Tensor,[],prefill,False
1766,self_attention,,slice,"[[B, 1, T, d_head]]",,,"[[B, 1, T, d_head/2]]",[1753],25,self_attention,,1,transformer.h.25.self_attention,aten.slice.Tensor,[],prefill,True
1767,self_attention,,slice,"[[B, 1, T, d_head]]",,,"[[B, 1, T, d_head/2]]",[1753],25,self_attention,,1,transformer.h.25.self_attention,aten.slice.Tensor,[],prefill,True
1768,self_attention,,neg,"[[B, 1, T, d_head/2]]",,,"[[B, 1, T, d_head/2]]",[1767],25,self_attention,,1,transformer.h.25.self_attention,aten.neg.default,[],prefill,False
1769,self_attention,,concat,"[[B, 1, T, d_head/2], [B, 1, T, d_head/2]]",,,"[[B, 1, T, d_head]]","[1766, 1768]",25,self_attention,,1,transformer.h.25.self_attention,aten.cat.default,[],prefill,False
1770,self_attention,,elementwise_mul,"[[B, 1, T, d_head], [B, 1, T, d_head]]",,,"[[B, 1, T, d_head]]","[1757, 1769]",25,self_attention,,1,transformer.h.25.self_attention,aten.mul.Tensor,[],prefill,False
1771,self_attention,,elementwise_add,"[[B, 1, T, d_head], [B, 1, T, d_head]]",,,"[[B, 1, T, d_head]]","[1765, 1770]",25,self_attention,,1,transformer.h.25.self_attention,aten.add.Tensor,[],prefill,False
1772,self_attention,,concat,"[[0], [B, 1, T, d_head]]",,,"[[B, 1, T, d_head]]",[1771],25,self_attention,,1,transformer.h.25.self_attention,aten.cat.default,[],prefill,False
1773,self_attention,,concat,"[[0], [B, 1, T, d_head]]",,,"[[B, 1, T, d_head]]",[1755],25,self_attention,,1,transformer.h.25.self_attention,aten.cat.default,[],prefill,False
1774,self_attention,,transpose,"[[B, 1, T, d_head]]",,,"[[B, 1, d_head, T]]",[1772],25,self_attention,,1,transformer.h.25.self_attention,aten.transpose.int,[],prefill,True
1775,self_attention,,expand,"[[B, n_h, T, d_head]]",,,"[[B, n_h, T, d_head]]",[1764],25,self_attention,,1,transformer.h.25.self_attention,aten.expand.default,[],prefill,True
1776,self_attention,,view,"[[B, n_h, T, d_head]]",,,"[[n_h, T, d_head]]",[1775],25,self_attention,,1,transformer.h.25.self_attention,aten.view.default,[],prefill,True
1777,self_attention,,expand,"[[B, 1, d_head, T]]",,,"[[B, n_h, d_head, T]]",[1774],25,self_attention,,1,transformer.h.25.self_attention,aten.expand.default,[],prefill,True
1778,self_attention,,view,"[[B, n_h, d_head, T]]",,,"[[n_h, d_head, T]]",[1777],25,self_attention,,1,transformer.h.25.self_attention,aten.view.default,[],prefill,True
1779,self_attention,,batched_matmul,"[[n_h, T, d_head], [n_h, d_head, T]]",,,"[[n_h, T, T]]","[1776, 1778]",25,self_attention,,1,transformer.h.25.self_attention,aten.bmm.default,[],prefill,False
1780,self_attention,,_unsafe_view,"[[n_h, T, T]]",,,"[[B, n_h, T, T]]",[1779],25,self_attention,,1,transformer.h.25.self_attention,aten._unsafe_view.default,[],prefill,True
1781,self_attention,,div_,"[[B, n_h, T, T]]",,,"[[B, n_h, T, T]]",[1780],25,self_attention,,1,transformer.h.25.self_attention,aten.div_.Tensor,[],prefill,True
1782,self_attention,,elementwise_add,"[[B, n_h, T, T], [B, 1, T, T]]",,,"[[B, n_h, T, T]]","[21, 1781]",25,self_attention,,1,transformer.h.25.self_attention,aten.add.Tensor,[],prefill,False
1783,self_attention,,softmax,"[[B, n_h, T, T]]",,,"[[B, n_h, T, T]]",[1782],25,self_attention,,1,transformer.h.25.self_attention,aten._softmax.default,[],prefill,False
1784,self_attention,,expand,"[[B, n_h, T, T]]",,,"[[B, n_h, T, T]]",[1783],25,self_attention,,1,transformer.h.25.self_attention,aten.expand.default,[],prefill,True
1785,self_attention,,view,"[[B, n_h, T, T]]",,,"[[n_h, T, T]]",[1784],25,self_attention,,1,transformer.h.25.self_attention,aten.view.default,[],prefill,True
1786,self_attention,,expand,"[[B, 1, T, d_head]]",,,"[[B, n_h, T, d_head]]",[1773],25,self_attention,,1,transformer.h.25.self_attention,aten.expand.default,[],prefill,True
1787,self_attention,,view,"[[B, n_h, T, d_head]]",,,"[[n_h, T, d_head]]",[1786],25,self_attention,,1,transformer.h.25.self_attention,aten.view.default,[],prefill,True
1788,self_attention,,batched_matmul,"[[n_h, T, T], [n_h, T, d_head]]",,,"[[n_h, T, d_head]]","[1785, 1787]",25,self_attention,,1,transformer.h.25.self_attention,aten.bmm.default,[],prefill,False
1789,self_attention,,_unsafe_view,"[[n_h, T, d_head]]",,,"[[B, n_h, T, d_head]]",[1788],25,self_attention,,1,transformer.h.25.self_attention,aten._unsafe_view.default,[],prefill,True
1790,self_attention,,view,"[[B, n_h, T, d_head]]",,,"[[B, n_h, T, d_head]]",[1789],25,self_attention,,1,transformer.h.25.self_attention,aten.view.default,[],prefill,True
1791,self_attention,,permute,"[[B, n_h, T, d_head]]",,,"[[B, T, n_h, d_head]]",[1790],25,self_attention,,1,transformer.h.25.self_attention,aten.permute.default,[],prefill,True
1792,self_attention,,clone,"[[B, T, n_h, d_head]]",,,"[[B, T, n_h, d_head]]",[1791],25,self_attention,,1,transformer.h.25.self_attention,aten.clone.default,[],prefill,True
1793,self_attention,,_unsafe_view,"[[B, T, n_h, d_head]]",,,"[[B, T, n_h*d_head]]",[1792],25,self_attention,,1,transformer.h.25.self_attention,aten._unsafe_view.default,[],prefill,True
1794,self_attention,dense,permute,"[[d_model, n_h*d_head]]","[d_model, n_h*d_head]",0,"[[n_h*d_head, d_model]]",[],25,self_attention,dense,2,transformer.h.25.self_attention.dense,aten.permute.default,[transformer.h.25.self_attention.dense.weight],prefill,True
1795,self_attention,dense,view,"[[B, T, n_h*d_head]]",,,"[[T, n_h*d_head]]",[1793],25,self_attention,dense,2,transformer.h.25.self_attention.dense,aten.view.default,[],prefill,True
1796,self_attention,dense,matmul,"[[T, n_h*d_head], [n_h*d_head, d_model]]","[d_model, n_h*d_head]",1,"[[T, d_model]]","[1794, 1795]",25,self_attention,dense,2,transformer.h.25.self_attention.dense,aten.mm.default,[transformer.h.25.self_attention.dense.weight],prefill,False
1797,self_attention,dense,_unsafe_view,"[[T, d_model]]",,,"[[B, T, d_model]]",[1796],25,self_attention,dense,2,transformer.h.25.self_attention.dense,aten._unsafe_view.default,[],prefill,True
1798,mlp,dense_h_to_4h,permute,"[[d_ff, d_model]]","[d_ff, d_model]",0,"[[d_model, d_ff]]",[],25,mlp,dense_h_to_4h,2,transformer.h.25.mlp.dense_h_to_4h,aten.permute.default,[transformer.h.25.mlp.dense_h_to_4h.weight],prefill,True
1799,mlp,dense_h_to_4h,view,"[[B, T, d_model]]",,,"[[T, d_model]]",[1741],25,mlp,dense_h_to_4h,2,transformer.h.25.mlp.dense_h_to_4h,aten.view.default,[],prefill,True
1800,mlp,dense_h_to_4h,matmul,"[[T, d_model], [d_model, d_ff]]","[d_ff, d_model]",1,"[[T, d_ff]]","[1798, 1799]",25,mlp,dense_h_to_4h,2,transformer.h.25.mlp.dense_h_to_4h,aten.mm.default,[transformer.h.25.mlp.dense_h_to_4h.weight],prefill,False
1801,mlp,dense_h_to_4h,_unsafe_view,"[[T, d_ff]]",,,"[[B, T, d_ff]]",[1800],25,mlp,dense_h_to_4h,2,transformer.h.25.mlp.dense_h_to_4h,aten._unsafe_view.default,[],prefill,True
1802,mlp,act,gelu,"[[B, T, d_ff]]",,,"[[B, T, d_ff]]",[1801],25,mlp,act,2,transformer.h.25.mlp.act,aten.gelu.default,[],prefill,False
1803,mlp,dense_4h_to_h,permute,"[[d_model, d_ff]]","[d_model, d_ff]",0,"[[d_ff, d_model]]",[],25,mlp,dense_4h_to_h,2,transformer.h.25.mlp.dense_4h_to_h,aten.permute.default,[transformer.h.25.mlp.dense_4h_to_h.weight],prefill,True
1804,mlp,dense_4h_to_h,view,"[[B, T, d_ff]]",,,"[[T, d_ff]]",[1802],25,mlp,dense_4h_to_h,2,transformer.h.25.mlp.dense_4h_to_h,aten.view.default,[],prefill,True
1805,mlp,dense_4h_to_h,matmul,"[[T, d_ff], [d_ff, d_model]]","[d_model, d_ff]",1,"[[T, d_model]]","[1803, 1804]",25,mlp,dense_4h_to_h,2,transformer.h.25.mlp.dense_4h_to_h,aten.mm.default,[transformer.h.25.mlp.dense_4h_to_h.weight],prefill,False
1806,mlp,dense_4h_to_h,_unsafe_view,"[[T, d_model]]",,,"[[B, T, d_model]]",[1805],25,mlp,dense_4h_to_h,2,transformer.h.25.mlp.dense_4h_to_h,aten._unsafe_view.default,[],prefill,True
1807,,,add_,"[[B, T, d_model], [B, T, d_model]]",,,"[[B, T, d_model]]","[1797, 1806]",25,,,0,transformer.h.25,aten.add_.Tensor,[],prefill,True
1808,,,elementwise_add,"[[B, T, d_model], [B, T, d_model]]",,,"[[B, T, d_model]]","[1740, 1807]",25,,,0,transformer.h.25,aten.add.Tensor,[],prefill,False
1809,input_layernorm,,layernorm,"[[B, T, d_model], [d_model], [d_model]]",,,"[[B, T, d_model], [B, T, 1], [B, T, 1]]",[1808],26,input_layernorm,,1,transformer.h.26.input_layernorm,aten.native_layer_norm.default,"[transformer.h.26.input_layernorm.bias, transformer.h.26.input_layernorm.weight]",prefill,False
1810,self_attention,query_key_value,permute,"[[(n_h+2*n_kv)*d_head, d_model]]","[(n_h+2*n_kv)*d_head, d_model]",0,"[[d_model, (n_h+2*n_kv)*d_head]]",[],26,self_attention,query_key_value,2,transformer.h.26.self_attention.query_key_value,aten.permute.default,[transformer.h.26.self_attention.query_key_value.weight],prefill,True
1811,self_attention,query_key_value,view,"[[B, T, d_model]]",,,"[[T, d_model]]",[1809],26,self_attention,query_key_value,2,transformer.h.26.self_attention.query_key_value,aten.view.default,[],prefill,True
1812,self_attention,query_key_value,matmul,"[[T, d_model], [d_model, (n_h+2*n_kv)*d_head]]","[(n_h+2*n_kv)*d_head, d_model]",1,"[[T, (n_h+2*n_kv)*d_head]]","[1810, 1811]",26,self_attention,query_key_value,2,transformer.h.26.self_attention.query_key_value,aten.mm.default,[transformer.h.26.self_attention.query_key_value.weight],prefill,False
1813,self_attention,query_key_value,_unsafe_view,"[[T, (n_h+2*n_kv)*d_head]]",,,"[[B, T, (n_h+2*n_kv)*d_head]]",[1812],26,self_attention,query_key_value,2,transformer.h.26.self_attention.query_key_value,aten._unsafe_view.default,[],prefill,True
1814,self_attention,,view,"[[B, T, (n_h+2*n_kv)*d_head]]",,,"[[B, T, n_h+2*n_kv, d_head]]",[1813],26,self_attention,,1,transformer.h.26.self_attention,aten.view.default,[],prefill,True
1815,self_attention,,slice,"[[B, T, n_h+2*n_kv, d_head]]",,,"[[B, T, n_h, d_head]]",[1814],26,self_attention,,1,transformer.h.26.self_attention,aten.slice.Tensor,[],prefill,True
1816,self_attention,,index,"[[B, T, n_h+2*n_kv, d_head], [B]]",,,"[[B, T, 1, d_head]]",[1814],26,self_attention,,1,transformer.h.26.self_attention,aten.index.Tensor,[],prefill,True
1817,self_attention,,index,"[[B, T, n_h+2*n_kv, d_head], [B]]",,,"[[B, T, 1, d_head]]",[1814],26,self_attention,,1,transformer.h.26.self_attention,aten.index.Tensor,[],prefill,True
1818,self_attention,,transpose,"[[B, T, n_h, d_head]]",,,"[[B, n_h, T, d_head]]",[1815],26,self_attention,,1,transformer.h.26.self_attention,aten.transpose.int,[],prefill,True
1819,self_attention,,view,"[[B, n_h, T, d_head]]",,,"[[B, n_h, T, d_head]]",[1818],26,self_attention,,1,transformer.h.26.self_attention,aten.view.default,[],prefill,True
1820,self_attention,,transpose,"[[B, T, 1, d_head]]",,,"[[B, 1, T, d_head]]",[1816],26,self_attention,,1,transformer.h.26.self_attention,aten.transpose.int,[],prefill,True
1821,self_attention,,view,"[[B, 1, T, d_head]]",,,"[[B, 1, T, d_head]]",[1820],26,self_attention,,1,transformer.h.26.self_attention,aten.view.default,[],prefill,True
1822,self_attention,,transpose,"[[B, T, 1, d_head]]",,,"[[B, 1, T, d_head]]",[1817],26,self_attention,,1,transformer.h.26.self_attention,aten.transpose.int,[],prefill,True
1823,self_attention,,view,"[[B, 1, T, d_head]]",,,"[[B, 1, T, d_head]]",[1822],26,self_attention,,1,transformer.h.26.self_attention,aten.view.default,[],prefill,True
1824,self_attention,,unsqueeze,"[[B, T, d_head]]",,,"[[B, 1, T, d_head]]",[39],26,self_attention,,1,transformer.h.26.self_attention,aten.unsqueeze.default,[],prefill,True
1825,self_attention,,unsqueeze,"[[B, T, d_head]]",,,"[[B, 1, T, d_head]]",[40],26,self_attention,,1,transformer.h.26.self_attention,aten.unsqueeze.default,[],prefill,True
1826,self_attention,,elementwise_mul,"[[B, n_h, T, d_head], [B, 1, T, d_head]]",,,"[[B, n_h, T, d_head]]","[1819, 1824]",26,self_attention,,1,transformer.h.26.self_attention,aten.mul.Tensor,[],prefill,False
1827,self_attention,,slice,"[[B, n_h, T, d_head]]",,,"[[B, n_h, T, d_head/2]]",[1819],26,self_attention,,1,transformer.h.26.self_attention,aten.slice.Tensor,[],prefill,True
1828,self_attention,,slice,"[[B, n_h, T, d_head]]",,,"[[B, n_h, T, d_head/2]]",[1819],26,self_attention,,1,transformer.h.26.self_attention,aten.slice.Tensor,[],prefill,True
1829,self_attention,,neg,"[[B, n_h, T, d_head/2]]",,,"[[B, n_h, T, d_head/2]]",[1828],26,self_attention,,1,transformer.h.26.self_attention,aten.neg.default,[],prefill,False
1830,self_attention,,concat,"[[B, n_h, T, d_head/2], [B, n_h, T, d_head/2]]",,,"[[B, n_h, T, d_head]]","[1827, 1829]",26,self_attention,,1,transformer.h.26.self_attention,aten.cat.default,[],prefill,False
1831,self_attention,,elementwise_mul,"[[B, n_h, T, d_head], [B, 1, T, d_head]]",,,"[[B, n_h, T, d_head]]","[1825, 1830]",26,self_attention,,1,transformer.h.26.self_attention,aten.mul.Tensor,[],prefill,False
1832,self_attention,,elementwise_add,"[[B, n_h, T, d_head], [B, n_h, T, d_head]]",,,"[[B, n_h, T, d_head]]","[1826, 1831]",26,self_attention,,1,transformer.h.26.self_attention,aten.add.Tensor,[],prefill,False
1833,self_attention,,elementwise_mul,"[[B, 1, T, d_head], [B, 1, T, d_head]]",,,"[[B, 1, T, d_head]]","[1821, 1824]",26,self_attention,,1,transformer.h.26.self_attention,aten.mul.Tensor,[],prefill,False
1834,self_attention,,slice,"[[B, 1, T, d_head]]",,,"[[B, 1, T, d_head/2]]",[1821],26,self_attention,,1,transformer.h.26.self_attention,aten.slice.Tensor,[],prefill,True
1835,self_attention,,slice,"[[B, 1, T, d_head]]",,,"[[B, 1, T, d_head/2]]",[1821],26,self_attention,,1,transformer.h.26.self_attention,aten.slice.Tensor,[],prefill,True
1836,self_attention,,neg,"[[B, 1, T, d_head/2]]",,,"[[B, 1, T, d_head/2]]",[1835],26,self_attention,,1,transformer.h.26.self_attention,aten.neg.default,[],prefill,False
1837,self_attention,,concat,"[[B, 1, T, d_head/2], [B, 1, T, d_head/2]]",,,"[[B, 1, T, d_head]]","[1834, 1836]",26,self_attention,,1,transformer.h.26.self_attention,aten.cat.default,[],prefill,False
1838,self_attention,,elementwise_mul,"[[B, 1, T, d_head], [B, 1, T, d_head]]",,,"[[B, 1, T, d_head]]","[1825, 1837]",26,self_attention,,1,transformer.h.26.self_attention,aten.mul.Tensor,[],prefill,False
1839,self_attention,,elementwise_add,"[[B, 1, T, d_head], [B, 1, T, d_head]]",,,"[[B, 1, T, d_head]]","[1833, 1838]",26,self_attention,,1,transformer.h.26.self_attention,aten.add.Tensor,[],prefill,False
1840,self_attention,,concat,"[[0], [B, 1, T, d_head]]",,,"[[B, 1, T, d_head]]",[1839],26,self_attention,,1,transformer.h.26.self_attention,aten.cat.default,[],prefill,False
1841,self_attention,,concat,"[[0], [B, 1, T, d_head]]",,,"[[B, 1, T, d_head]]",[1823],26,self_attention,,1,transformer.h.26.self_attention,aten.cat.default,[],prefill,False
1842,self_attention,,transpose,"[[B, 1, T, d_head]]",,,"[[B, 1, d_head, T]]",[1840],26,self_attention,,1,transformer.h.26.self_attention,aten.transpose.int,[],prefill,True
1843,self_attention,,expand,"[[B, n_h, T, d_head]]",,,"[[B, n_h, T, d_head]]",[1832],26,self_attention,,1,transformer.h.26.self_attention,aten.expand.default,[],prefill,True
1844,self_attention,,view,"[[B, n_h, T, d_head]]",,,"[[n_h, T, d_head]]",[1843],26,self_attention,,1,transformer.h.26.self_attention,aten.view.default,[],prefill,True
1845,self_attention,,expand,"[[B, 1, d_head, T]]",,,"[[B, n_h, d_head, T]]",[1842],26,self_attention,,1,transformer.h.26.self_attention,aten.expand.default,[],prefill,True
1846,self_attention,,view,"[[B, n_h, d_head, T]]",,,"[[n_h, d_head, T]]",[1845],26,self_attention,,1,transformer.h.26.self_attention,aten.view.default,[],prefill,True
1847,self_attention,,batched_matmul,"[[n_h, T, d_head], [n_h, d_head, T]]",,,"[[n_h, T, T]]","[1844, 1846]",26,self_attention,,1,transformer.h.26.self_attention,aten.bmm.default,[],prefill,False
1848,self_attention,,_unsafe_view,"[[n_h, T, T]]",,,"[[B, n_h, T, T]]",[1847],26,self_attention,,1,transformer.h.26.self_attention,aten._unsafe_view.default,[],prefill,True
1849,self_attention,,div_,"[[B, n_h, T, T]]",,,"[[B, n_h, T, T]]",[1848],26,self_attention,,1,transformer.h.26.self_attention,aten.div_.Tensor,[],prefill,True
1850,self_attention,,elementwise_add,"[[B, n_h, T, T], [B, 1, T, T]]",,,"[[B, n_h, T, T]]","[21, 1849]",26,self_attention,,1,transformer.h.26.self_attention,aten.add.Tensor,[],prefill,False
1851,self_attention,,softmax,"[[B, n_h, T, T]]",,,"[[B, n_h, T, T]]",[1850],26,self_attention,,1,transformer.h.26.self_attention,aten._softmax.default,[],prefill,False
1852,self_attention,,expand,"[[B, n_h, T, T]]",,,"[[B, n_h, T, T]]",[1851],26,self_attention,,1,transformer.h.26.self_attention,aten.expand.default,[],prefill,True
1853,self_attention,,view,"[[B, n_h, T, T]]",,,"[[n_h, T, T]]",[1852],26,self_attention,,1,transformer.h.26.self_attention,aten.view.default,[],prefill,True
1854,self_attention,,expand,"[[B, 1, T, d_head]]",,,"[[B, n_h, T, d_head]]",[1841],26,self_attention,,1,transformer.h.26.self_attention,aten.expand.default,[],prefill,True
1855,self_attention,,view,"[[B, n_h, T, d_head]]",,,"[[n_h, T, d_head]]",[1854],26,self_attention,,1,transformer.h.26.self_attention,aten.view.default,[],prefill,True
1856,self_attention,,batched_matmul,"[[n_h, T, T], [n_h, T, d_head]]",,,"[[n_h, T, d_head]]","[1853, 1855]",26,self_attention,,1,transformer.h.26.self_attention,aten.bmm.default,[],prefill,False
1857,self_attention,,_unsafe_view,"[[n_h, T, d_head]]",,,"[[B, n_h, T, d_head]]",[1856],26,self_attention,,1,transformer.h.26.self_attention,aten._unsafe_view.default,[],prefill,True
1858,self_attention,,view,"[[B, n_h, T, d_head]]",,,"[[B, n_h, T, d_head]]",[1857],26,self_attention,,1,transformer.h.26.self_attention,aten.view.default,[],prefill,True
1859,self_attention,,permute,"[[B, n_h, T, d_head]]",,,"[[B, T, n_h, d_head]]",[1858],26,self_attention,,1,transformer.h.26.self_attention,aten.permute.default,[],prefill,True
1860,self_attention,,clone,"[[B, T, n_h, d_head]]",,,"[[B, T, n_h, d_head]]",[1859],26,self_attention,,1,transformer.h.26.self_attention,aten.clone.default,[],prefill,True
1861,self_attention,,_unsafe_view,"[[B, T, n_h, d_head]]",,,"[[B, T, n_h*d_head]]",[1860],26,self_attention,,1,transformer.h.26.self_attention,aten._unsafe_view.default,[],prefill,True
1862,self_attention,dense,permute,"[[d_model, n_h*d_head]]","[d_model, n_h*d_head]",0,"[[n_h*d_head, d_model]]",[],26,self_attention,dense,2,transformer.h.26.self_attention.dense,aten.permute.default,[transformer.h.26.self_attention.dense.weight],prefill,True
1863,self_attention,dense,view,"[[B, T, n_h*d_head]]",,,"[[T, n_h*d_head]]",[1861],26,self_attention,dense,2,transformer.h.26.self_attention.dense,aten.view.default,[],prefill,True
1864,self_attention,dense,matmul,"[[T, n_h*d_head], [n_h*d_head, d_model]]","[d_model, n_h*d_head]",1,"[[T, d_model]]","[1862, 1863]",26,self_attention,dense,2,transformer.h.26.self_attention.dense,aten.mm.default,[transformer.h.26.self_attention.dense.weight],prefill,False
1865,self_attention,dense,_unsafe_view,"[[T, d_model]]",,,"[[B, T, d_model]]",[1864],26,self_attention,dense,2,transformer.h.26.self_attention.dense,aten._unsafe_view.default,[],prefill,True
1866,mlp,dense_h_to_4h,permute,"[[d_ff, d_model]]","[d_ff, d_model]",0,"[[d_model, d_ff]]",[],26,mlp,dense_h_to_4h,2,transformer.h.26.mlp.dense_h_to_4h,aten.permute.default,[transformer.h.26.mlp.dense_h_to_4h.weight],prefill,True
1867,mlp,dense_h_to_4h,view,"[[B, T, d_model]]",,,"[[T, d_model]]",[1809],26,mlp,dense_h_to_4h,2,transformer.h.26.mlp.dense_h_to_4h,aten.view.default,[],prefill,True
1868,mlp,dense_h_to_4h,matmul,"[[T, d_model], [d_model, d_ff]]","[d_ff, d_model]",1,"[[T, d_ff]]","[1866, 1867]",26,mlp,dense_h_to_4h,2,transformer.h.26.mlp.dense_h_to_4h,aten.mm.default,[transformer.h.26.mlp.dense_h_to_4h.weight],prefill,False
1869,mlp,dense_h_to_4h,_unsafe_view,"[[T, d_ff]]",,,"[[B, T, d_ff]]",[1868],26,mlp,dense_h_to_4h,2,transformer.h.26.mlp.dense_h_to_4h,aten._unsafe_view.default,[],prefill,True
1870,mlp,act,gelu,"[[B, T, d_ff]]",,,"[[B, T, d_ff]]",[1869],26,mlp,act,2,transformer.h.26.mlp.act,aten.gelu.default,[],prefill,False
1871,mlp,dense_4h_to_h,permute,"[[d_model, d_ff]]","[d_model, d_ff]",0,"[[d_ff, d_model]]",[],26,mlp,dense_4h_to_h,2,transformer.h.26.mlp.dense_4h_to_h,aten.permute.default,[transformer.h.26.mlp.dense_4h_to_h.weight],prefill,True
1872,mlp,dense_4h_to_h,view,"[[B, T, d_ff]]",,,"[[T, d_ff]]",[1870],26,mlp,dense_4h_to_h,2,transformer.h.26.mlp.dense_4h_to_h,aten.view.default,[],prefill,True
1873,mlp,dense_4h_to_h,matmul,"[[T, d_ff], [d_ff, d_model]]","[d_model, d_ff]",1,"[[T, d_model]]","[1871, 1872]",26,mlp,dense_4h_to_h,2,transformer.h.26.mlp.dense_4h_to_h,aten.mm.default,[transformer.h.26.mlp.dense_4h_to_h.weight],prefill,False
1874,mlp,dense_4h_to_h,_unsafe_view,"[[T, d_model]]",,,"[[B, T, d_model]]",[1873],26,mlp,dense_4h_to_h,2,transformer.h.26.mlp.dense_4h_to_h,aten._unsafe_view.default,[],prefill,True
1875,,,add_,"[[B, T, d_model], [B, T, d_model]]",,,"[[B, T, d_model]]","[1865, 1874]",26,,,0,transformer.h.26,aten.add_.Tensor,[],prefill,True
1876,,,elementwise_add,"[[B, T, d_model], [B, T, d_model]]",,,"[[B, T, d_model]]","[1808, 1875]",26,,,0,transformer.h.26,aten.add.Tensor,[],prefill,False
1877,input_layernorm,,layernorm,"[[B, T, d_model], [d_model], [d_model]]",,,"[[B, T, d_model], [B, T, 1], [B, T, 1]]",[1876],27,input_layernorm,,1,transformer.h.27.input_layernorm,aten.native_layer_norm.default,"[transformer.h.27.input_layernorm.bias, transformer.h.27.input_layernorm.weight]",prefill,False
1878,self_attention,query_key_value,permute,"[[(n_h+2*n_kv)*d_head, d_model]]","[(n_h+2*n_kv)*d_head, d_model]",0,"[[d_model, (n_h+2*n_kv)*d_head]]",[],27,self_attention,query_key_value,2,transformer.h.27.self_attention.query_key_value,aten.permute.default,[transformer.h.27.self_attention.query_key_value.weight],prefill,True
1879,self_attention,query_key_value,view,"[[B, T, d_model]]",,,"[[T, d_model]]",[1877],27,self_attention,query_key_value,2,transformer.h.27.self_attention.query_key_value,aten.view.default,[],prefill,True
1880,self_attention,query_key_value,matmul,"[[T, d_model], [d_model, (n_h+2*n_kv)*d_head]]","[(n_h+2*n_kv)*d_head, d_model]",1,"[[T, (n_h+2*n_kv)*d_head]]","[1878, 1879]",27,self_attention,query_key_value,2,transformer.h.27.self_attention.query_key_value,aten.mm.default,[transformer.h.27.self_attention.query_key_value.weight],prefill,False
1881,self_attention,query_key_value,_unsafe_view,"[[T, (n_h+2*n_kv)*d_head]]",,,"[[B, T, (n_h+2*n_kv)*d_head]]",[1880],27,self_attention,query_key_value,2,transformer.h.27.self_attention.query_key_value,aten._unsafe_view.default,[],prefill,True
1882,self_attention,,view,"[[B, T, (n_h+2*n_kv)*d_head]]",,,"[[B, T, n_h+2*n_kv, d_head]]",[1881],27,self_attention,,1,transformer.h.27.self_attention,aten.view.default,[],prefill,True
1883,self_attention,,slice,"[[B, T, n_h+2*n_kv, d_head]]",,,"[[B, T, n_h, d_head]]",[1882],27,self_attention,,1,transformer.h.27.self_attention,aten.slice.Tensor,[],prefill,True
1884,self_attention,,index,"[[B, T, n_h+2*n_kv, d_head], [B]]",,,"[[B, T, 1, d_head]]",[1882],27,self_attention,,1,transformer.h.27.self_attention,aten.index.Tensor,[],prefill,True
1885,self_attention,,index,"[[B, T, n_h+2*n_kv, d_head], [B]]",,,"[[B, T, 1, d_head]]",[1882],27,self_attention,,1,transformer.h.27.self_attention,aten.index.Tensor,[],prefill,True
1886,self_attention,,transpose,"[[B, T, n_h, d_head]]",,,"[[B, n_h, T, d_head]]",[1883],27,self_attention,,1,transformer.h.27.self_attention,aten.transpose.int,[],prefill,True
1887,self_attention,,view,"[[B, n_h, T, d_head]]",,,"[[B, n_h, T, d_head]]",[1886],27,self_attention,,1,transformer.h.27.self_attention,aten.view.default,[],prefill,True
1888,self_attention,,transpose,"[[B, T, 1, d_head]]",,,"[[B, 1, T, d_head]]",[1884],27,self_attention,,1,transformer.h.27.self_attention,aten.transpose.int,[],prefill,True
1889,self_attention,,view,"[[B, 1, T, d_head]]",,,"[[B, 1, T, d_head]]",[1888],27,self_attention,,1,transformer.h.27.self_attention,aten.view.default,[],prefill,True
1890,self_attention,,transpose,"[[B, T, 1, d_head]]",,,"[[B, 1, T, d_head]]",[1885],27,self_attention,,1,transformer.h.27.self_attention,aten.transpose.int,[],prefill,True
1891,self_attention,,view,"[[B, 1, T, d_head]]",,,"[[B, 1, T, d_head]]",[1890],27,self_attention,,1,transformer.h.27.self_attention,aten.view.default,[],prefill,True
1892,self_attention,,unsqueeze,"[[B, T, d_head]]",,,"[[B, 1, T, d_head]]",[39],27,self_attention,,1,transformer.h.27.self_attention,aten.unsqueeze.default,[],prefill,True
1893,self_attention,,unsqueeze,"[[B, T, d_head]]",,,"[[B, 1, T, d_head]]",[40],27,self_attention,,1,transformer.h.27.self_attention,aten.unsqueeze.default,[],prefill,True
1894,self_attention,,elementwise_mul,"[[B, n_h, T, d_head], [B, 1, T, d_head]]",,,"[[B, n_h, T, d_head]]","[1887, 1892]",27,self_attention,,1,transformer.h.27.self_attention,aten.mul.Tensor,[],prefill,False
1895,self_attention,,slice,"[[B, n_h, T, d_head]]",,,"[[B, n_h, T, d_head/2]]",[1887],27,self_attention,,1,transformer.h.27.self_attention,aten.slice.Tensor,[],prefill,True
1896,self_attention,,slice,"[[B, n_h, T, d_head]]",,,"[[B, n_h, T, d_head/2]]",[1887],27,self_attention,,1,transformer.h.27.self_attention,aten.slice.Tensor,[],prefill,True
1897,self_attention,,neg,"[[B, n_h, T, d_head/2]]",,,"[[B, n_h, T, d_head/2]]",[1896],27,self_attention,,1,transformer.h.27.self_attention,aten.neg.default,[],prefill,False
1898,self_attention,,concat,"[[B, n_h, T, d_head/2], [B, n_h, T, d_head/2]]",,,"[[B, n_h, T, d_head]]","[1895, 1897]",27,self_attention,,1,transformer.h.27.self_attention,aten.cat.default,[],prefill,False
1899,self_attention,,elementwise_mul,"[[B, n_h, T, d_head], [B, 1, T, d_head]]",,,"[[B, n_h, T, d_head]]","[1893, 1898]",27,self_attention,,1,transformer.h.27.self_attention,aten.mul.Tensor,[],prefill,False
1900,self_attention,,elementwise_add,"[[B, n_h, T, d_head], [B, n_h, T, d_head]]",,,"[[B, n_h, T, d_head]]","[1894, 1899]",27,self_attention,,1,transformer.h.27.self_attention,aten.add.Tensor,[],prefill,False
1901,self_attention,,elementwise_mul,"[[B, 1, T, d_head], [B, 1, T, d_head]]",,,"[[B, 1, T, d_head]]","[1889, 1892]",27,self_attention,,1,transformer.h.27.self_attention,aten.mul.Tensor,[],prefill,False
1902,self_attention,,slice,"[[B, 1, T, d_head]]",,,"[[B, 1, T, d_head/2]]",[1889],27,self_attention,,1,transformer.h.27.self_attention,aten.slice.Tensor,[],prefill,True
1903,self_attention,,slice,"[[B, 1, T, d_head]]",,,"[[B, 1, T, d_head/2]]",[1889],27,self_attention,,1,transformer.h.27.self_attention,aten.slice.Tensor,[],prefill,True
1904,self_attention,,neg,"[[B, 1, T, d_head/2]]",,,"[[B, 1, T, d_head/2]]",[1903],27,self_attention,,1,transformer.h.27.self_attention,aten.neg.default,[],prefill,False
1905,self_attention,,concat,"[[B, 1, T, d_head/2], [B, 1, T, d_head/2]]",,,"[[B, 1, T, d_head]]","[1902, 1904]",27,self_attention,,1,transformer.h.27.self_attention,aten.cat.default,[],prefill,False
1906,self_attention,,elementwise_mul,"[[B, 1, T, d_head], [B, 1, T, d_head]]",,,"[[B, 1, T, d_head]]","[1893, 1905]",27,self_attention,,1,transformer.h.27.self_attention,aten.mul.Tensor,[],prefill,False
1907,self_attention,,elementwise_add,"[[B, 1, T, d_head], [B, 1, T, d_head]]",,,"[[B, 1, T, d_head]]","[1901, 1906]",27,self_attention,,1,transformer.h.27.self_attention,aten.add.Tensor,[],prefill,False
1908,self_attention,,concat,"[[0], [B, 1, T, d_head]]",,,"[[B, 1, T, d_head]]",[1907],27,self_attention,,1,transformer.h.27.self_attention,aten.cat.default,[],prefill,False
1909,self_attention,,concat,"[[0], [B, 1, T, d_head]]",,,"[[B, 1, T, d_head]]",[1891],27,self_attention,,1,transformer.h.27.self_attention,aten.cat.default,[],prefill,False
1910,self_attention,,transpose,"[[B, 1, T, d_head]]",,,"[[B, 1, d_head, T]]",[1908],27,self_attention,,1,transformer.h.27.self_attention,aten.transpose.int,[],prefill,True
1911,self_attention,,expand,"[[B, n_h, T, d_head]]",,,"[[B, n_h, T, d_head]]",[1900],27,self_attention,,1,transformer.h.27.self_attention,aten.expand.default,[],prefill,True
1912,self_attention,,view,"[[B, n_h, T, d_head]]",,,"[[n_h, T, d_head]]",[1911],27,self_attention,,1,transformer.h.27.self_attention,aten.view.default,[],prefill,True
1913,self_attention,,expand,"[[B, 1, d_head, T]]",,,"[[B, n_h, d_head, T]]",[1910],27,self_attention,,1,transformer.h.27.self_attention,aten.expand.default,[],prefill,True
1914,self_attention,,view,"[[B, n_h, d_head, T]]",,,"[[n_h, d_head, T]]",[1913],27,self_attention,,1,transformer.h.27.self_attention,aten.view.default,[],prefill,True
1915,self_attention,,batched_matmul,"[[n_h, T, d_head], [n_h, d_head, T]]",,,"[[n_h, T, T]]","[1912, 1914]",27,self_attention,,1,transformer.h.27.self_attention,aten.bmm.default,[],prefill,False
1916,self_attention,,_unsafe_view,"[[n_h, T, T]]",,,"[[B, n_h, T, T]]",[1915],27,self_attention,,1,transformer.h.27.self_attention,aten._unsafe_view.default,[],prefill,True
1917,self_attention,,div_,"[[B, n_h, T, T]]",,,"[[B, n_h, T, T]]",[1916],27,self_attention,,1,transformer.h.27.self_attention,aten.div_.Tensor,[],prefill,True
1918,self_attention,,elementwise_add,"[[B, n_h, T, T], [B, 1, T, T]]",,,"[[B, n_h, T, T]]","[21, 1917]",27,self_attention,,1,transformer.h.27.self_attention,aten.add.Tensor,[],prefill,False
1919,self_attention,,softmax,"[[B, n_h, T, T]]",,,"[[B, n_h, T, T]]",[1918],27,self_attention,,1,transformer.h.27.self_attention,aten._softmax.default,[],prefill,False
1920,self_attention,,expand,"[[B, n_h, T, T]]",,,"[[B, n_h, T, T]]",[1919],27,self_attention,,1,transformer.h.27.self_attention,aten.expand.default,[],prefill,True
1921,self_attention,,view,"[[B, n_h, T, T]]",,,"[[n_h, T, T]]",[1920],27,self_attention,,1,transformer.h.27.self_attention,aten.view.default,[],prefill,True
1922,self_attention,,expand,"[[B, 1, T, d_head]]",,,"[[B, n_h, T, d_head]]",[1909],27,self_attention,,1,transformer.h.27.self_attention,aten.expand.default,[],prefill,True
1923,self_attention,,view,"[[B, n_h, T, d_head]]",,,"[[n_h, T, d_head]]",[1922],27,self_attention,,1,transformer.h.27.self_attention,aten.view.default,[],prefill,True
1924,self_attention,,batched_matmul,"[[n_h, T, T], [n_h, T, d_head]]",,,"[[n_h, T, d_head]]","[1921, 1923]",27,self_attention,,1,transformer.h.27.self_attention,aten.bmm.default,[],prefill,False
1925,self_attention,,_unsafe_view,"[[n_h, T, d_head]]",,,"[[B, n_h, T, d_head]]",[1924],27,self_attention,,1,transformer.h.27.self_attention,aten._unsafe_view.default,[],prefill,True
1926,self_attention,,view,"[[B, n_h, T, d_head]]",,,"[[B, n_h, T, d_head]]",[1925],27,self_attention,,1,transformer.h.27.self_attention,aten.view.default,[],prefill,True
1927,self_attention,,permute,"[[B, n_h, T, d_head]]",,,"[[B, T, n_h, d_head]]",[1926],27,self_attention,,1,transformer.h.27.self_attention,aten.permute.default,[],prefill,True
1928,self_attention,,clone,"[[B, T, n_h, d_head]]",,,"[[B, T, n_h, d_head]]",[1927],27,self_attention,,1,transformer.h.27.self_attention,aten.clone.default,[],prefill,True
1929,self_attention,,_unsafe_view,"[[B, T, n_h, d_head]]",,,"[[B, T, n_h*d_head]]",[1928],27,self_attention,,1,transformer.h.27.self_attention,aten._unsafe_view.default,[],prefill,True
1930,self_attention,dense,permute,"[[d_model, n_h*d_head]]","[d_model, n_h*d_head]",0,"[[n_h*d_head, d_model]]",[],27,self_attention,dense,2,transformer.h.27.self_attention.dense,aten.permute.default,[transformer.h.27.self_attention.dense.weight],prefill,True
1931,self_attention,dense,view,"[[B, T, n_h*d_head]]",,,"[[T, n_h*d_head]]",[1929],27,self_attention,dense,2,transformer.h.27.self_attention.dense,aten.view.default,[],prefill,True
1932,self_attention,dense,matmul,"[[T, n_h*d_head], [n_h*d_head, d_model]]","[d_model, n_h*d_head]",1,"[[T, d_model]]","[1930, 1931]",27,self_attention,dense,2,transformer.h.27.self_attention.dense,aten.mm.default,[transformer.h.27.self_attention.dense.weight],prefill,False
1933,self_attention,dense,_unsafe_view,"[[T, d_model]]",,,"[[B, T, d_model]]",[1932],27,self_attention,dense,2,transformer.h.27.self_attention.dense,aten._unsafe_view.default,[],prefill,True
1934,mlp,dense_h_to_4h,permute,"[[d_ff, d_model]]","[d_ff, d_model]",0,"[[d_model, d_ff]]",[],27,mlp,dense_h_to_4h,2,transformer.h.27.mlp.dense_h_to_4h,aten.permute.default,[transformer.h.27.mlp.dense_h_to_4h.weight],prefill,True
1935,mlp,dense_h_to_4h,view,"[[B, T, d_model]]",,,"[[T, d_model]]",[1877],27,mlp,dense_h_to_4h,2,transformer.h.27.mlp.dense_h_to_4h,aten.view.default,[],prefill,True
1936,mlp,dense_h_to_4h,matmul,"[[T, d_model], [d_model, d_ff]]","[d_ff, d_model]",1,"[[T, d_ff]]","[1934, 1935]",27,mlp,dense_h_to_4h,2,transformer.h.27.mlp.dense_h_to_4h,aten.mm.default,[transformer.h.27.mlp.dense_h_to_4h.weight],prefill,False
1937,mlp,dense_h_to_4h,_unsafe_view,"[[T, d_ff]]",,,"[[B, T, d_ff]]",[1936],27,mlp,dense_h_to_4h,2,transformer.h.27.mlp.dense_h_to_4h,aten._unsafe_view.default,[],prefill,True
1938,mlp,act,gelu,"[[B, T, d_ff]]",,,"[[B, T, d_ff]]",[1937],27,mlp,act,2,transformer.h.27.mlp.act,aten.gelu.default,[],prefill,False
1939,mlp,dense_4h_to_h,permute,"[[d_model, d_ff]]","[d_model, d_ff]",0,"[[d_ff, d_model]]",[],27,mlp,dense_4h_to_h,2,transformer.h.27.mlp.dense_4h_to_h,aten.permute.default,[transformer.h.27.mlp.dense_4h_to_h.weight],prefill,True
1940,mlp,dense_4h_to_h,view,"[[B, T, d_ff]]",,,"[[T, d_ff]]",[1938],27,mlp,dense_4h_to_h,2,transformer.h.27.mlp.dense_4h_to_h,aten.view.default,[],prefill,True
1941,mlp,dense_4h_to_h,matmul,"[[T, d_ff], [d_ff, d_model]]","[d_model, d_ff]",1,"[[T, d_model]]","[1939, 1940]",27,mlp,dense_4h_to_h,2,transformer.h.27.mlp.dense_4h_to_h,aten.mm.default,[transformer.h.27.mlp.dense_4h_to_h.weight],prefill,False
1942,mlp,dense_4h_to_h,_unsafe_view,"[[T, d_model]]",,,"[[B, T, d_model]]",[1941],27,mlp,dense_4h_to_h,2,transformer.h.27.mlp.dense_4h_to_h,aten._unsafe_view.default,[],prefill,True
1943,,,add_,"[[B, T, d_model], [B, T, d_model]]",,,"[[B, T, d_model]]","[1933, 1942]",27,,,0,transformer.h.27,aten.add_.Tensor,[],prefill,True
1944,,,elementwise_add,"[[B, T, d_model], [B, T, d_model]]",,,"[[B, T, d_model]]","[1876, 1943]",27,,,0,transformer.h.27,aten.add.Tensor,[],prefill,False
1945,input_layernorm,,layernorm,"[[B, T, d_model], [d_model], [d_model]]",,,"[[B, T, d_model], [B, T, 1], [B, T, 1]]",[1944],28,input_layernorm,,1,transformer.h.28.input_layernorm,aten.native_layer_norm.default,"[transformer.h.28.input_layernorm.bias, transformer.h.28.input_layernorm.weight]",prefill,False
1946,self_attention,query_key_value,permute,"[[(n_h+2*n_kv)*d_head, d_model]]","[(n_h+2*n_kv)*d_head, d_model]",0,"[[d_model, (n_h+2*n_kv)*d_head]]",[],28,self_attention,query_key_value,2,transformer.h.28.self_attention.query_key_value,aten.permute.default,[transformer.h.28.self_attention.query_key_value.weight],prefill,True
1947,self_attention,query_key_value,view,"[[B, T, d_model]]",,,"[[T, d_model]]",[1945],28,self_attention,query_key_value,2,transformer.h.28.self_attention.query_key_value,aten.view.default,[],prefill,True
1948,self_attention,query_key_value,matmul,"[[T, d_model], [d_model, (n_h+2*n_kv)*d_head]]","[(n_h+2*n_kv)*d_head, d_model]",1,"[[T, (n_h+2*n_kv)*d_head]]","[1946, 1947]",28,self_attention,query_key_value,2,transformer.h.28.self_attention.query_key_value,aten.mm.default,[transformer.h.28.self_attention.query_key_value.weight],prefill,False
1949,self_attention,query_key_value,_unsafe_view,"[[T, (n_h+2*n_kv)*d_head]]",,,"[[B, T, (n_h+2*n_kv)*d_head]]",[1948],28,self_attention,query_key_value,2,transformer.h.28.self_attention.query_key_value,aten._unsafe_view.default,[],prefill,True
1950,self_attention,,view,"[[B, T, (n_h+2*n_kv)*d_head]]",,,"[[B, T, n_h+2*n_kv, d_head]]",[1949],28,self_attention,,1,transformer.h.28.self_attention,aten.view.default,[],prefill,True
1951,self_attention,,slice,"[[B, T, n_h+2*n_kv, d_head]]",,,"[[B, T, n_h, d_head]]",[1950],28,self_attention,,1,transformer.h.28.self_attention,aten.slice.Tensor,[],prefill,True
1952,self_attention,,index,"[[B, T, n_h+2*n_kv, d_head], [B]]",,,"[[B, T, 1, d_head]]",[1950],28,self_attention,,1,transformer.h.28.self_attention,aten.index.Tensor,[],prefill,True
1953,self_attention,,index,"[[B, T, n_h+2*n_kv, d_head], [B]]",,,"[[B, T, 1, d_head]]",[1950],28,self_attention,,1,transformer.h.28.self_attention,aten.index.Tensor,[],prefill,True
1954,self_attention,,transpose,"[[B, T, n_h, d_head]]",,,"[[B, n_h, T, d_head]]",[1951],28,self_attention,,1,transformer.h.28.self_attention,aten.transpose.int,[],prefill,True
1955,self_attention,,view,"[[B, n_h, T, d_head]]",,,"[[B, n_h, T, d_head]]",[1954],28,self_attention,,1,transformer.h.28.self_attention,aten.view.default,[],prefill,True
1956,self_attention,,transpose,"[[B, T, 1, d_head]]",,,"[[B, 1, T, d_head]]",[1952],28,self_attention,,1,transformer.h.28.self_attention,aten.transpose.int,[],prefill,True
1957,self_attention,,view,"[[B, 1, T, d_head]]",,,"[[B, 1, T, d_head]]",[1956],28,self_attention,,1,transformer.h.28.self_attention,aten.view.default,[],prefill,True
1958,self_attention,,transpose,"[[B, T, 1, d_head]]",,,"[[B, 1, T, d_head]]",[1953],28,self_attention,,1,transformer.h.28.self_attention,aten.transpose.int,[],prefill,True
1959,self_attention,,view,"[[B, 1, T, d_head]]",,,"[[B, 1, T, d_head]]",[1958],28,self_attention,,1,transformer.h.28.self_attention,aten.view.default,[],prefill,True
1960,self_attention,,unsqueeze,"[[B, T, d_head]]",,,"[[B, 1, T, d_head]]",[39],28,self_attention,,1,transformer.h.28.self_attention,aten.unsqueeze.default,[],prefill,True
1961,self_attention,,unsqueeze,"[[B, T, d_head]]",,,"[[B, 1, T, d_head]]",[40],28,self_attention,,1,transformer.h.28.self_attention,aten.unsqueeze.default,[],prefill,True
1962,self_attention,,elementwise_mul,"[[B, n_h, T, d_head], [B, 1, T, d_head]]",,,"[[B, n_h, T, d_head]]","[1955, 1960]",28,self_attention,,1,transformer.h.28.self_attention,aten.mul.Tensor,[],prefill,False
1963,self_attention,,slice,"[[B, n_h, T, d_head]]",,,"[[B, n_h, T, d_head/2]]",[1955],28,self_attention,,1,transformer.h.28.self_attention,aten.slice.Tensor,[],prefill,True
1964,self_attention,,slice,"[[B, n_h, T, d_head]]",,,"[[B, n_h, T, d_head/2]]",[1955],28,self_attention,,1,transformer.h.28.self_attention,aten.slice.Tensor,[],prefill,True
1965,self_attention,,neg,"[[B, n_h, T, d_head/2]]",,,"[[B, n_h, T, d_head/2]]",[1964],28,self_attention,,1,transformer.h.28.self_attention,aten.neg.default,[],prefill,False
1966,self_attention,,concat,"[[B, n_h, T, d_head/2], [B, n_h, T, d_head/2]]",,,"[[B, n_h, T, d_head]]","[1963, 1965]",28,self_attention,,1,transformer.h.28.self_attention,aten.cat.default,[],prefill,False
1967,self_attention,,elementwise_mul,"[[B, n_h, T, d_head], [B, 1, T, d_head]]",,,"[[B, n_h, T, d_head]]","[1961, 1966]",28,self_attention,,1,transformer.h.28.self_attention,aten.mul.Tensor,[],prefill,False
1968,self_attention,,elementwise_add,"[[B, n_h, T, d_head], [B, n_h, T, d_head]]",,,"[[B, n_h, T, d_head]]","[1962, 1967]",28,self_attention,,1,transformer.h.28.self_attention,aten.add.Tensor,[],prefill,False
1969,self_attention,,elementwise_mul,"[[B, 1, T, d_head], [B, 1, T, d_head]]",,,"[[B, 1, T, d_head]]","[1957, 1960]",28,self_attention,,1,transformer.h.28.self_attention,aten.mul.Tensor,[],prefill,False
1970,self_attention,,slice,"[[B, 1, T, d_head]]",,,"[[B, 1, T, d_head/2]]",[1957],28,self_attention,,1,transformer.h.28.self_attention,aten.slice.Tensor,[],prefill,True
1971,self_attention,,slice,"[[B, 1, T, d_head]]",,,"[[B, 1, T, d_head/2]]",[1957],28,self_attention,,1,transformer.h.28.self_attention,aten.slice.Tensor,[],prefill,True
1972,self_attention,,neg,"[[B, 1, T, d_head/2]]",,,"[[B, 1, T, d_head/2]]",[1971],28,self_attention,,1,transformer.h.28.self_attention,aten.neg.default,[],prefill,False
1973,self_attention,,concat,"[[B, 1, T, d_head/2], [B, 1, T, d_head/2]]",,,"[[B, 1, T, d_head]]","[1970, 1972]",28,self_attention,,1,transformer.h.28.self_attention,aten.cat.default,[],prefill,False
1974,self_attention,,elementwise_mul,"[[B, 1, T, d_head], [B, 1, T, d_head]]",,,"[[B, 1, T, d_head]]","[1961, 1973]",28,self_attention,,1,transformer.h.28.self_attention,aten.mul.Tensor,[],prefill,False
1975,self_attention,,elementwise_add,"[[B, 1, T, d_head], [B, 1, T, d_head]]",,,"[[B, 1, T, d_head]]","[1969, 1974]",28,self_attention,,1,transformer.h.28.self_attention,aten.add.Tensor,[],prefill,False
1976,self_attention,,concat,"[[0], [B, 1, T, d_head]]",,,"[[B, 1, T, d_head]]",[1975],28,self_attention,,1,transformer.h.28.self_attention,aten.cat.default,[],prefill,False
1977,self_attention,,concat,"[[0], [B, 1, T, d_head]]",,,"[[B, 1, T, d_head]]",[1959],28,self_attention,,1,transformer.h.28.self_attention,aten.cat.default,[],prefill,False
1978,self_attention,,transpose,"[[B, 1, T, d_head]]",,,"[[B, 1, d_head, T]]",[1976],28,self_attention,,1,transformer.h.28.self_attention,aten.transpose.int,[],prefill,True
1979,self_attention,,expand,"[[B, n_h, T, d_head]]",,,"[[B, n_h, T, d_head]]",[1968],28,self_attention,,1,transformer.h.28.self_attention,aten.expand.default,[],prefill,True
1980,self_attention,,view,"[[B, n_h, T, d_head]]",,,"[[n_h, T, d_head]]",[1979],28,self_attention,,1,transformer.h.28.self_attention,aten.view.default,[],prefill,True
1981,self_attention,,expand,"[[B, 1, d_head, T]]",,,"[[B, n_h, d_head, T]]",[1978],28,self_attention,,1,transformer.h.28.self_attention,aten.expand.default,[],prefill,True
1982,self_attention,,view,"[[B, n_h, d_head, T]]",,,"[[n_h, d_head, T]]",[1981],28,self_attention,,1,transformer.h.28.self_attention,aten.view.default,[],prefill,True
1983,self_attention,,batched_matmul,"[[n_h, T, d_head], [n_h, d_head, T]]",,,"[[n_h, T, T]]","[1980, 1982]",28,self_attention,,1,transformer.h.28.self_attention,aten.bmm.default,[],prefill,False
1984,self_attention,,_unsafe_view,"[[n_h, T, T]]",,,"[[B, n_h, T, T]]",[1983],28,self_attention,,1,transformer.h.28.self_attention,aten._unsafe_view.default,[],prefill,True
1985,self_attention,,div_,"[[B, n_h, T, T]]",,,"[[B, n_h, T, T]]",[1984],28,self_attention,,1,transformer.h.28.self_attention,aten.div_.Tensor,[],prefill,True
1986,self_attention,,elementwise_add,"[[B, n_h, T, T], [B, 1, T, T]]",,,"[[B, n_h, T, T]]","[21, 1985]",28,self_attention,,1,transformer.h.28.self_attention,aten.add.Tensor,[],prefill,False
1987,self_attention,,softmax,"[[B, n_h, T, T]]",,,"[[B, n_h, T, T]]",[1986],28,self_attention,,1,transformer.h.28.self_attention,aten._softmax.default,[],prefill,False
1988,self_attention,,expand,"[[B, n_h, T, T]]",,,"[[B, n_h, T, T]]",[1987],28,self_attention,,1,transformer.h.28.self_attention,aten.expand.default,[],prefill,True
1989,self_attention,,view,"[[B, n_h, T, T]]",,,"[[n_h, T, T]]",[1988],28,self_attention,,1,transformer.h.28.self_attention,aten.view.default,[],prefill,True
1990,self_attention,,expand,"[[B, 1, T, d_head]]",,,"[[B, n_h, T, d_head]]",[1977],28,self_attention,,1,transformer.h.28.self_attention,aten.expand.default,[],prefill,True
1991,self_attention,,view,"[[B, n_h, T, d_head]]",,,"[[n_h, T, d_head]]",[1990],28,self_attention,,1,transformer.h.28.self_attention,aten.view.default,[],prefill,True
1992,self_attention,,batched_matmul,"[[n_h, T, T], [n_h, T, d_head]]",,,"[[n_h, T, d_head]]","[1989, 1991]",28,self_attention,,1,transformer.h.28.self_attention,aten.bmm.default,[],prefill,False
1993,self_attention,,_unsafe_view,"[[n_h, T, d_head]]",,,"[[B, n_h, T, d_head]]",[1992],28,self_attention,,1,transformer.h.28.self_attention,aten._unsafe_view.default,[],prefill,True
1994,self_attention,,view,"[[B, n_h, T, d_head]]",,,"[[B, n_h, T, d_head]]",[1993],28,self_attention,,1,transformer.h.28.self_attention,aten.view.default,[],prefill,True
1995,self_attention,,permute,"[[B, n_h, T, d_head]]",,,"[[B, T, n_h, d_head]]",[1994],28,self_attention,,1,transformer.h.28.self_attention,aten.permute.default,[],prefill,True
1996,self_attention,,clone,"[[B, T, n_h, d_head]]",,,"[[B, T, n_h, d_head]]",[1995],28,self_attention,,1,transformer.h.28.self_attention,aten.clone.default,[],prefill,True
1997,self_attention,,_unsafe_view,"[[B, T, n_h, d_head]]",,,"[[B, T, n_h*d_head]]",[1996],28,self_attention,,1,transformer.h.28.self_attention,aten._unsafe_view.default,[],prefill,True
1998,self_attention,dense,permute,"[[d_model, n_h*d_head]]","[d_model, n_h*d_head]",0,"[[n_h*d_head, d_model]]",[],28,self_attention,dense,2,transformer.h.28.self_attention.dense,aten.permute.default,[transformer.h.28.self_attention.dense.weight],prefill,True
1999,self_attention,dense,view,"[[B, T, n_h*d_head]]",,,"[[T, n_h*d_head]]",[1997],28,self_attention,dense,2,transformer.h.28.self_attention.dense,aten.view.default,[],prefill,True
2000,self_attention,dense,matmul,"[[T, n_h*d_head], [n_h*d_head, d_model]]","[d_model, n_h*d_head]",1,"[[T, d_model]]","[1998, 1999]",28,self_attention,dense,2,transformer.h.28.self_attention.dense,aten.mm.default,[transformer.h.28.self_attention.dense.weight],prefill,False
2001,self_attention,dense,_unsafe_view,"[[T, d_model]]",,,"[[B, T, d_model]]",[2000],28,self_attention,dense,2,transformer.h.28.self_attention.dense,aten._unsafe_view.default,[],prefill,True
2002,mlp,dense_h_to_4h,permute,"[[d_ff, d_model]]","[d_ff, d_model]",0,"[[d_model, d_ff]]",[],28,mlp,dense_h_to_4h,2,transformer.h.28.mlp.dense_h_to_4h,aten.permute.default,[transformer.h.28.mlp.dense_h_to_4h.weight],prefill,True
2003,mlp,dense_h_to_4h,view,"[[B, T, d_model]]",,,"[[T, d_model]]",[1945],28,mlp,dense_h_to_4h,2,transformer.h.28.mlp.dense_h_to_4h,aten.view.default,[],prefill,True
2004,mlp,dense_h_to_4h,matmul,"[[T, d_model], [d_model, d_ff]]","[d_ff, d_model]",1,"[[T, d_ff]]","[2002, 2003]",28,mlp,dense_h_to_4h,2,transformer.h.28.mlp.dense_h_to_4h,aten.mm.default,[transformer.h.28.mlp.dense_h_to_4h.weight],prefill,False
2005,mlp,dense_h_to_4h,_unsafe_view,"[[T, d_ff]]",,,"[[B, T, d_ff]]",[2004],28,mlp,dense_h_to_4h,2,transformer.h.28.mlp.dense_h_to_4h,aten._unsafe_view.default,[],prefill,True
2006,mlp,act,gelu,"[[B, T, d_ff]]",,,"[[B, T, d_ff]]",[2005],28,mlp,act,2,transformer.h.28.mlp.act,aten.gelu.default,[],prefill,False
2007,mlp,dense_4h_to_h,permute,"[[d_model, d_ff]]","[d_model, d_ff]",0,"[[d_ff, d_model]]",[],28,mlp,dense_4h_to_h,2,transformer.h.28.mlp.dense_4h_to_h,aten.permute.default,[transformer.h.28.mlp.dense_4h_to_h.weight],prefill,True
2008,mlp,dense_4h_to_h,view,"[[B, T, d_ff]]",,,"[[T, d_ff]]",[2006],28,mlp,dense_4h_to_h,2,transformer.h.28.mlp.dense_4h_to_h,aten.view.default,[],prefill,True
2009,mlp,dense_4h_to_h,matmul,"[[T, d_ff], [d_ff, d_model]]","[d_model, d_ff]",1,"[[T, d_model]]","[2007, 2008]",28,mlp,dense_4h_to_h,2,transformer.h.28.mlp.dense_4h_to_h,aten.mm.default,[transformer.h.28.mlp.dense_4h_to_h.weight],prefill,False
2010,mlp,dense_4h_to_h,_unsafe_view,"[[T, d_model]]",,,"[[B, T, d_model]]",[2009],28,mlp,dense_4h_to_h,2,transformer.h.28.mlp.dense_4h_to_h,aten._unsafe_view.default,[],prefill,True
2011,,,add_,"[[B, T, d_model], [B, T, d_model]]",,,"[[B, T, d_model]]","[2001, 2010]",28,,,0,transformer.h.28,aten.add_.Tensor,[],prefill,True
2012,,,elementwise_add,"[[B, T, d_model], [B, T, d_model]]",,,"[[B, T, d_model]]","[1944, 2011]",28,,,0,transformer.h.28,aten.add.Tensor,[],prefill,False
2013,input_layernorm,,layernorm,"[[B, T, d_model], [d_model], [d_model]]",,,"[[B, T, d_model], [B, T, 1], [B, T, 1]]",[2012],29,input_layernorm,,1,transformer.h.29.input_layernorm,aten.native_layer_norm.default,"[transformer.h.29.input_layernorm.bias, transformer.h.29.input_layernorm.weight]",prefill,False
2014,self_attention,query_key_value,permute,"[[(n_h+2*n_kv)*d_head, d_model]]","[(n_h+2*n_kv)*d_head, d_model]",0,"[[d_model, (n_h+2*n_kv)*d_head]]",[],29,self_attention,query_key_value,2,transformer.h.29.self_attention.query_key_value,aten.permute.default,[transformer.h.29.self_attention.query_key_value.weight],prefill,True
2015,self_attention,query_key_value,view,"[[B, T, d_model]]",,,"[[T, d_model]]",[2013],29,self_attention,query_key_value,2,transformer.h.29.self_attention.query_key_value,aten.view.default,[],prefill,True
2016,self_attention,query_key_value,matmul,"[[T, d_model], [d_model, (n_h+2*n_kv)*d_head]]","[(n_h+2*n_kv)*d_head, d_model]",1,"[[T, (n_h+2*n_kv)*d_head]]","[2014, 2015]",29,self_attention,query_key_value,2,transformer.h.29.self_attention.query_key_value,aten.mm.default,[transformer.h.29.self_attention.query_key_value.weight],prefill,False
2017,self_attention,query_key_value,_unsafe_view,"[[T, (n_h+2*n_kv)*d_head]]",,,"[[B, T, (n_h+2*n_kv)*d_head]]",[2016],29,self_attention,query_key_value,2,transformer.h.29.self_attention.query_key_value,aten._unsafe_view.default,[],prefill,True
2018,self_attention,,view,"[[B, T, (n_h+2*n_kv)*d_head]]",,,"[[B, T, n_h+2*n_kv, d_head]]",[2017],29,self_attention,,1,transformer.h.29.self_attention,aten.view.default,[],prefill,True
2019,self_attention,,slice,"[[B, T, n_h+2*n_kv, d_head]]",,,"[[B, T, n_h, d_head]]",[2018],29,self_attention,,1,transformer.h.29.self_attention,aten.slice.Tensor,[],prefill,True
2020,self_attention,,index,"[[B, T, n_h+2*n_kv, d_head], [B]]",,,"[[B, T, 1, d_head]]",[2018],29,self_attention,,1,transformer.h.29.self_attention,aten.index.Tensor,[],prefill,True
2021,self_attention,,index,"[[B, T, n_h+2*n_kv, d_head], [B]]",,,"[[B, T, 1, d_head]]",[2018],29,self_attention,,1,transformer.h.29.self_attention,aten.index.Tensor,[],prefill,True
2022,self_attention,,transpose,"[[B, T, n_h, d_head]]",,,"[[B, n_h, T, d_head]]",[2019],29,self_attention,,1,transformer.h.29.self_attention,aten.transpose.int,[],prefill,True
2023,self_attention,,view,"[[B, n_h, T, d_head]]",,,"[[B, n_h, T, d_head]]",[2022],29,self_attention,,1,transformer.h.29.self_attention,aten.view.default,[],prefill,True
2024,self_attention,,transpose,"[[B, T, 1, d_head]]",,,"[[B, 1, T, d_head]]",[2020],29,self_attention,,1,transformer.h.29.self_attention,aten.transpose.int,[],prefill,True
2025,self_attention,,view,"[[B, 1, T, d_head]]",,,"[[B, 1, T, d_head]]",[2024],29,self_attention,,1,transformer.h.29.self_attention,aten.view.default,[],prefill,True
2026,self_attention,,transpose,"[[B, T, 1, d_head]]",,,"[[B, 1, T, d_head]]",[2021],29,self_attention,,1,transformer.h.29.self_attention,aten.transpose.int,[],prefill,True
2027,self_attention,,view,"[[B, 1, T, d_head]]",,,"[[B, 1, T, d_head]]",[2026],29,self_attention,,1,transformer.h.29.self_attention,aten.view.default,[],prefill,True
2028,self_attention,,unsqueeze,"[[B, T, d_head]]",,,"[[B, 1, T, d_head]]",[39],29,self_attention,,1,transformer.h.29.self_attention,aten.unsqueeze.default,[],prefill,True
2029,self_attention,,unsqueeze,"[[B, T, d_head]]",,,"[[B, 1, T, d_head]]",[40],29,self_attention,,1,transformer.h.29.self_attention,aten.unsqueeze.default,[],prefill,True
2030,self_attention,,elementwise_mul,"[[B, n_h, T, d_head], [B, 1, T, d_head]]",,,"[[B, n_h, T, d_head]]","[2023, 2028]",29,self_attention,,1,transformer.h.29.self_attention,aten.mul.Tensor,[],prefill,False
2031,self_attention,,slice,"[[B, n_h, T, d_head]]",,,"[[B, n_h, T, d_head/2]]",[2023],29,self_attention,,1,transformer.h.29.self_attention,aten.slice.Tensor,[],prefill,True
2032,self_attention,,slice,"[[B, n_h, T, d_head]]",,,"[[B, n_h, T, d_head/2]]",[2023],29,self_attention,,1,transformer.h.29.self_attention,aten.slice.Tensor,[],prefill,True
2033,self_attention,,neg,"[[B, n_h, T, d_head/2]]",,,"[[B, n_h, T, d_head/2]]",[2032],29,self_attention,,1,transformer.h.29.self_attention,aten.neg.default,[],prefill,False
2034,self_attention,,concat,"[[B, n_h, T, d_head/2], [B, n_h, T, d_head/2]]",,,"[[B, n_h, T, d_head]]","[2031, 2033]",29,self_attention,,1,transformer.h.29.self_attention,aten.cat.default,[],prefill,False
2035,self_attention,,elementwise_mul,"[[B, n_h, T, d_head], [B, 1, T, d_head]]",,,"[[B, n_h, T, d_head]]","[2029, 2034]",29,self_attention,,1,transformer.h.29.self_attention,aten.mul.Tensor,[],prefill,False
2036,self_attention,,elementwise_add,"[[B, n_h, T, d_head], [B, n_h, T, d_head]]",,,"[[B, n_h, T, d_head]]","[2030, 2035]",29,self_attention,,1,transformer.h.29.self_attention,aten.add.Tensor,[],prefill,False
2037,self_attention,,elementwise_mul,"[[B, 1, T, d_head], [B, 1, T, d_head]]",,,"[[B, 1, T, d_head]]","[2025, 2028]",29,self_attention,,1,transformer.h.29.self_attention,aten.mul.Tensor,[],prefill,False
2038,self_attention,,slice,"[[B, 1, T, d_head]]",,,"[[B, 1, T, d_head/2]]",[2025],29,self_attention,,1,transformer.h.29.self_attention,aten.slice.Tensor,[],prefill,True
2039,self_attention,,slice,"[[B, 1, T, d_head]]",,,"[[B, 1, T, d_head/2]]",[2025],29,self_attention,,1,transformer.h.29.self_attention,aten.slice.Tensor,[],prefill,True
2040,self_attention,,neg,"[[B, 1, T, d_head/2]]",,,"[[B, 1, T, d_head/2]]",[2039],29,self_attention,,1,transformer.h.29.self_attention,aten.neg.default,[],prefill,False
2041,self_attention,,concat,"[[B, 1, T, d_head/2], [B, 1, T, d_head/2]]",,,"[[B, 1, T, d_head]]","[2038, 2040]",29,self_attention,,1,transformer.h.29.self_attention,aten.cat.default,[],prefill,False
2042,self_attention,,elementwise_mul,"[[B, 1, T, d_head], [B, 1, T, d_head]]",,,"[[B, 1, T, d_head]]","[2029, 2041]",29,self_attention,,1,transformer.h.29.self_attention,aten.mul.Tensor,[],prefill,False
2043,self_attention,,elementwise_add,"[[B, 1, T, d_head], [B, 1, T, d_head]]",,,"[[B, 1, T, d_head]]","[2037, 2042]",29,self_attention,,1,transformer.h.29.self_attention,aten.add.Tensor,[],prefill,False
2044,self_attention,,concat,"[[0], [B, 1, T, d_head]]",,,"[[B, 1, T, d_head]]",[2043],29,self_attention,,1,transformer.h.29.self_attention,aten.cat.default,[],prefill,False
2045,self_attention,,concat,"[[0], [B, 1, T, d_head]]",,,"[[B, 1, T, d_head]]",[2027],29,self_attention,,1,transformer.h.29.self_attention,aten.cat.default,[],prefill,False
2046,self_attention,,transpose,"[[B, 1, T, d_head]]",,,"[[B, 1, d_head, T]]",[2044],29,self_attention,,1,transformer.h.29.self_attention,aten.transpose.int,[],prefill,True
2047,self_attention,,expand,"[[B, n_h, T, d_head]]",,,"[[B, n_h, T, d_head]]",[2036],29,self_attention,,1,transformer.h.29.self_attention,aten.expand.default,[],prefill,True
2048,self_attention,,view,"[[B, n_h, T, d_head]]",,,"[[n_h, T, d_head]]",[2047],29,self_attention,,1,transformer.h.29.self_attention,aten.view.default,[],prefill,True
2049,self_attention,,expand,"[[B, 1, d_head, T]]",,,"[[B, n_h, d_head, T]]",[2046],29,self_attention,,1,transformer.h.29.self_attention,aten.expand.default,[],prefill,True
2050,self_attention,,view,"[[B, n_h, d_head, T]]",,,"[[n_h, d_head, T]]",[2049],29,self_attention,,1,transformer.h.29.self_attention,aten.view.default,[],prefill,True
2051,self_attention,,batched_matmul,"[[n_h, T, d_head], [n_h, d_head, T]]",,,"[[n_h, T, T]]","[2048, 2050]",29,self_attention,,1,transformer.h.29.self_attention,aten.bmm.default,[],prefill,False
2052,self_attention,,_unsafe_view,"[[n_h, T, T]]",,,"[[B, n_h, T, T]]",[2051],29,self_attention,,1,transformer.h.29.self_attention,aten._unsafe_view.default,[],prefill,True
2053,self_attention,,div_,"[[B, n_h, T, T]]",,,"[[B, n_h, T, T]]",[2052],29,self_attention,,1,transformer.h.29.self_attention,aten.div_.Tensor,[],prefill,True
2054,self_attention,,elementwise_add,"[[B, n_h, T, T], [B, 1, T, T]]",,,"[[B, n_h, T, T]]","[21, 2053]",29,self_attention,,1,transformer.h.29.self_attention,aten.add.Tensor,[],prefill,False
2055,self_attention,,softmax,"[[B, n_h, T, T]]",,,"[[B, n_h, T, T]]",[2054],29,self_attention,,1,transformer.h.29.self_attention,aten._softmax.default,[],prefill,False
2056,self_attention,,expand,"[[B, n_h, T, T]]",,,"[[B, n_h, T, T]]",[2055],29,self_attention,,1,transformer.h.29.self_attention,aten.expand.default,[],prefill,True
2057,self_attention,,view,"[[B, n_h, T, T]]",,,"[[n_h, T, T]]",[2056],29,self_attention,,1,transformer.h.29.self_attention,aten.view.default,[],prefill,True
2058,self_attention,,expand,"[[B, 1, T, d_head]]",,,"[[B, n_h, T, d_head]]",[2045],29,self_attention,,1,transformer.h.29.self_attention,aten.expand.default,[],prefill,True
2059,self_attention,,view,"[[B, n_h, T, d_head]]",,,"[[n_h, T, d_head]]",[2058],29,self_attention,,1,transformer.h.29.self_attention,aten.view.default,[],prefill,True
2060,self_attention,,batched_matmul,"[[n_h, T, T], [n_h, T, d_head]]",,,"[[n_h, T, d_head]]","[2057, 2059]",29,self_attention,,1,transformer.h.29.self_attention,aten.bmm.default,[],prefill,False
2061,self_attention,,_unsafe_view,"[[n_h, T, d_head]]",,,"[[B, n_h, T, d_head]]",[2060],29,self_attention,,1,transformer.h.29.self_attention,aten._unsafe_view.default,[],prefill,True
2062,self_attention,,view,"[[B, n_h, T, d_head]]",,,"[[B, n_h, T, d_head]]",[2061],29,self_attention,,1,transformer.h.29.self_attention,aten.view.default,[],prefill,True
2063,self_attention,,permute,"[[B, n_h, T, d_head]]",,,"[[B, T, n_h, d_head]]",[2062],29,self_attention,,1,transformer.h.29.self_attention,aten.permute.default,[],prefill,True
2064,self_attention,,clone,"[[B, T, n_h, d_head]]",,,"[[B, T, n_h, d_head]]",[2063],29,self_attention,,1,transformer.h.29.self_attention,aten.clone.default,[],prefill,True
2065,self_attention,,_unsafe_view,"[[B, T, n_h, d_head]]",,,"[[B, T, n_h*d_head]]",[2064],29,self_attention,,1,transformer.h.29.self_attention,aten._unsafe_view.default,[],prefill,True
2066,self_attention,dense,permute,"[[d_model, n_h*d_head]]","[d_model, n_h*d_head]",0,"[[n_h*d_head, d_model]]",[],29,self_attention,dense,2,transformer.h.29.self_attention.dense,aten.permute.default,[transformer.h.29.self_attention.dense.weight],prefill,True
2067,self_attention,dense,view,"[[B, T, n_h*d_head]]",,,"[[T, n_h*d_head]]",[2065],29,self_attention,dense,2,transformer.h.29.self_attention.dense,aten.view.default,[],prefill,True
2068,self_attention,dense,matmul,"[[T, n_h*d_head], [n_h*d_head, d_model]]","[d_model, n_h*d_head]",1,"[[T, d_model]]","[2066, 2067]",29,self_attention,dense,2,transformer.h.29.self_attention.dense,aten.mm.default,[transformer.h.29.self_attention.dense.weight],prefill,False
2069,self_attention,dense,_unsafe_view,"[[T, d_model]]",,,"[[B, T, d_model]]",[2068],29,self_attention,dense,2,transformer.h.29.self_attention.dense,aten._unsafe_view.default,[],prefill,True
2070,mlp,dense_h_to_4h,permute,"[[d_ff, d_model]]","[d_ff, d_model]",0,"[[d_model, d_ff]]",[],29,mlp,dense_h_to_4h,2,transformer.h.29.mlp.dense_h_to_4h,aten.permute.default,[transformer.h.29.mlp.dense_h_to_4h.weight],prefill,True
2071,mlp,dense_h_to_4h,view,"[[B, T, d_model]]",,,"[[T, d_model]]",[2013],29,mlp,dense_h_to_4h,2,transformer.h.29.mlp.dense_h_to_4h,aten.view.default,[],prefill,True
2072,mlp,dense_h_to_4h,matmul,"[[T, d_model], [d_model, d_ff]]","[d_ff, d_model]",1,"[[T, d_ff]]","[2070, 2071]",29,mlp,dense_h_to_4h,2,transformer.h.29.mlp.dense_h_to_4h,aten.mm.default,[transformer.h.29.mlp.dense_h_to_4h.weight],prefill,False
2073,mlp,dense_h_to_4h,_unsafe_view,"[[T, d_ff]]",,,"[[B, T, d_ff]]",[2072],29,mlp,dense_h_to_4h,2,transformer.h.29.mlp.dense_h_to_4h,aten._unsafe_view.default,[],prefill,True
2074,mlp,act,gelu,"[[B, T, d_ff]]",,,"[[B, T, d_ff]]",[2073],29,mlp,act,2,transformer.h.29.mlp.act,aten.gelu.default,[],prefill,False
2075,mlp,dense_4h_to_h,permute,"[[d_model, d_ff]]","[d_model, d_ff]",0,"[[d_ff, d_model]]",[],29,mlp,dense_4h_to_h,2,transformer.h.29.mlp.dense_4h_to_h,aten.permute.default,[transformer.h.29.mlp.dense_4h_to_h.weight],prefill,True
2076,mlp,dense_4h_to_h,view,"[[B, T, d_ff]]",,,"[[T, d_ff]]",[2074],29,mlp,dense_4h_to_h,2,transformer.h.29.mlp.dense_4h_to_h,aten.view.default,[],prefill,True
2077,mlp,dense_4h_to_h,matmul,"[[T, d_ff], [d_ff, d_model]]","[d_model, d_ff]",1,"[[T, d_model]]","[2075, 2076]",29,mlp,dense_4h_to_h,2,transformer.h.29.mlp.dense_4h_to_h,aten.mm.default,[transformer.h.29.mlp.dense_4h_to_h.weight],prefill,False
2078,mlp,dense_4h_to_h,_unsafe_view,"[[T, d_model]]",,,"[[B, T, d_model]]",[2077],29,mlp,dense_4h_to_h,2,transformer.h.29.mlp.dense_4h_to_h,aten._unsafe_view.default,[],prefill,True
2079,,,add_,"[[B, T, d_model], [B, T, d_model]]",,,"[[B, T, d_model]]","[2069, 2078]",29,,,0,transformer.h.29,aten.add_.Tensor,[],prefill,True
2080,,,elementwise_add,"[[B, T, d_model], [B, T, d_model]]",,,"[[B, T, d_model]]","[2012, 2079]",29,,,0,transformer.h.29,aten.add.Tensor,[],prefill,False
2081,input_layernorm,,layernorm,"[[B, T, d_model], [d_model], [d_model]]",,,"[[B, T, d_model], [B, T, 1], [B, T, 1]]",[2080],30,input_layernorm,,1,transformer.h.30.input_layernorm,aten.native_layer_norm.default,"[transformer.h.30.input_layernorm.bias, transformer.h.30.input_layernorm.weight]",prefill,False
2082,self_attention,query_key_value,permute,"[[(n_h+2*n_kv)*d_head, d_model]]","[(n_h+2*n_kv)*d_head, d_model]",0,"[[d_model, (n_h+2*n_kv)*d_head]]",[],30,self_attention,query_key_value,2,transformer.h.30.self_attention.query_key_value,aten.permute.default,[transformer.h.30.self_attention.query_key_value.weight],prefill,True
2083,self_attention,query_key_value,view,"[[B, T, d_model]]",,,"[[T, d_model]]",[2081],30,self_attention,query_key_value,2,transformer.h.30.self_attention.query_key_value,aten.view.default,[],prefill,True
2084,self_attention,query_key_value,matmul,"[[T, d_model], [d_model, (n_h+2*n_kv)*d_head]]","[(n_h+2*n_kv)*d_head, d_model]",1,"[[T, (n_h+2*n_kv)*d_head]]","[2082, 2083]",30,self_attention,query_key_value,2,transformer.h.30.self_attention.query_key_value,aten.mm.default,[transformer.h.30.self_attention.query_key_value.weight],prefill,False
2085,self_attention,query_key_value,_unsafe_view,"[[T, (n_h+2*n_kv)*d_head]]",,,"[[B, T, (n_h+2*n_kv)*d_head]]",[2084],30,self_attention,query_key_value,2,transformer.h.30.self_attention.query_key_value,aten._unsafe_view.default,[],prefill,True
2086,self_attention,,view,"[[B, T, (n_h+2*n_kv)*d_head]]",,,"[[B, T, n_h+2*n_kv, d_head]]",[2085],30,self_attention,,1,transformer.h.30.self_attention,aten.view.default,[],prefill,True
2087,self_attention,,slice,"[[B, T, n_h+2*n_kv, d_head]]",,,"[[B, T, n_h, d_head]]",[2086],30,self_attention,,1,transformer.h.30.self_attention,aten.slice.Tensor,[],prefill,True
2088,self_attention,,index,"[[B, T, n_h+2*n_kv, d_head], [B]]",,,"[[B, T, 1, d_head]]",[2086],30,self_attention,,1,transformer.h.30.self_attention,aten.index.Tensor,[],prefill,True
2089,self_attention,,index,"[[B, T, n_h+2*n_kv, d_head], [B]]",,,"[[B, T, 1, d_head]]",[2086],30,self_attention,,1,transformer.h.30.self_attention,aten.index.Tensor,[],prefill,True
2090,self_attention,,transpose,"[[B, T, n_h, d_head]]",,,"[[B, n_h, T, d_head]]",[2087],30,self_attention,,1,transformer.h.30.self_attention,aten.transpose.int,[],prefill,True
2091,self_attention,,view,"[[B, n_h, T, d_head]]",,,"[[B, n_h, T, d_head]]",[2090],30,self_attention,,1,transformer.h.30.self_attention,aten.view.default,[],prefill,True
2092,self_attention,,transpose,"[[B, T, 1, d_head]]",,,"[[B, 1, T, d_head]]",[2088],30,self_attention,,1,transformer.h.30.self_attention,aten.transpose.int,[],prefill,True
2093,self_attention,,view,"[[B, 1, T, d_head]]",,,"[[B, 1, T, d_head]]",[2092],30,self_attention,,1,transformer.h.30.self_attention,aten.view.default,[],prefill,True
2094,self_attention,,transpose,"[[B, T, 1, d_head]]",,,"[[B, 1, T, d_head]]",[2089],30,self_attention,,1,transformer.h.30.self_attention,aten.transpose.int,[],prefill,True
2095,self_attention,,view,"[[B, 1, T, d_head]]",,,"[[B, 1, T, d_head]]",[2094],30,self_attention,,1,transformer.h.30.self_attention,aten.view.default,[],prefill,True
2096,self_attention,,unsqueeze,"[[B, T, d_head]]",,,"[[B, 1, T, d_head]]",[39],30,self_attention,,1,transformer.h.30.self_attention,aten.unsqueeze.default,[],prefill,True
2097,self_attention,,unsqueeze,"[[B, T, d_head]]",,,"[[B, 1, T, d_head]]",[40],30,self_attention,,1,transformer.h.30.self_attention,aten.unsqueeze.default,[],prefill,True
2098,self_attention,,elementwise_mul,"[[B, n_h, T, d_head], [B, 1, T, d_head]]",,,"[[B, n_h, T, d_head]]","[2091, 2096]",30,self_attention,,1,transformer.h.30.self_attention,aten.mul.Tensor,[],prefill,False
2099,self_attention,,slice,"[[B, n_h, T, d_head]]",,,"[[B, n_h, T, d_head/2]]",[2091],30,self_attention,,1,transformer.h.30.self_attention,aten.slice.Tensor,[],prefill,True
2100,self_attention,,slice,"[[B, n_h, T, d_head]]",,,"[[B, n_h, T, d_head/2]]",[2091],30,self_attention,,1,transformer.h.30.self_attention,aten.slice.Tensor,[],prefill,True
2101,self_attention,,neg,"[[B, n_h, T, d_head/2]]",,,"[[B, n_h, T, d_head/2]]",[2100],30,self_attention,,1,transformer.h.30.self_attention,aten.neg.default,[],prefill,False
2102,self_attention,,concat,"[[B, n_h, T, d_head/2], [B, n_h, T, d_head/2]]",,,"[[B, n_h, T, d_head]]","[2099, 2101]",30,self_attention,,1,transformer.h.30.self_attention,aten.cat.default,[],prefill,False
2103,self_attention,,elementwise_mul,"[[B, n_h, T, d_head], [B, 1, T, d_head]]",,,"[[B, n_h, T, d_head]]","[2097, 2102]",30,self_attention,,1,transformer.h.30.self_attention,aten.mul.Tensor,[],prefill,False
2104,self_attention,,elementwise_add,"[[B, n_h, T, d_head], [B, n_h, T, d_head]]",,,"[[B, n_h, T, d_head]]","[2098, 2103]",30,self_attention,,1,transformer.h.30.self_attention,aten.add.Tensor,[],prefill,False
2105,self_attention,,elementwise_mul,"[[B, 1, T, d_head], [B, 1, T, d_head]]",,,"[[B, 1, T, d_head]]","[2093, 2096]",30,self_attention,,1,transformer.h.30.self_attention,aten.mul.Tensor,[],prefill,False
2106,self_attention,,slice,"[[B, 1, T, d_head]]",,,"[[B, 1, T, d_head/2]]",[2093],30,self_attention,,1,transformer.h.30.self_attention,aten.slice.Tensor,[],prefill,True
2107,self_attention,,slice,"[[B, 1, T, d_head]]",,,"[[B, 1, T, d_head/2]]",[2093],30,self_attention,,1,transformer.h.30.self_attention,aten.slice.Tensor,[],prefill,True
2108,self_attention,,neg,"[[B, 1, T, d_head/2]]",,,"[[B, 1, T, d_head/2]]",[2107],30,self_attention,,1,transformer.h.30.self_attention,aten.neg.default,[],prefill,False
2109,self_attention,,concat,"[[B, 1, T, d_head/2], [B, 1, T, d_head/2]]",,,"[[B, 1, T, d_head]]","[2106, 2108]",30,self_attention,,1,transformer.h.30.self_attention,aten.cat.default,[],prefill,False
2110,self_attention,,elementwise_mul,"[[B, 1, T, d_head], [B, 1, T, d_head]]",,,"[[B, 1, T, d_head]]","[2097, 2109]",30,self_attention,,1,transformer.h.30.self_attention,aten.mul.Tensor,[],prefill,False
2111,self_attention,,elementwise_add,"[[B, 1, T, d_head], [B, 1, T, d_head]]",,,"[[B, 1, T, d_head]]","[2105, 2110]",30,self_attention,,1,transformer.h.30.self_attention,aten.add.Tensor,[],prefill,False
2112,self_attention,,concat,"[[0], [B, 1, T, d_head]]",,,"[[B, 1, T, d_head]]",[2111],30,self_attention,,1,transformer.h.30.self_attention,aten.cat.default,[],prefill,False
2113,self_attention,,concat,"[[0], [B, 1, T, d_head]]",,,"[[B, 1, T, d_head]]",[2095],30,self_attention,,1,transformer.h.30.self_attention,aten.cat.default,[],prefill,False
2114,self_attention,,transpose,"[[B, 1, T, d_head]]",,,"[[B, 1, d_head, T]]",[2112],30,self_attention,,1,transformer.h.30.self_attention,aten.transpose.int,[],prefill,True
2115,self_attention,,expand,"[[B, n_h, T, d_head]]",,,"[[B, n_h, T, d_head]]",[2104],30,self_attention,,1,transformer.h.30.self_attention,aten.expand.default,[],prefill,True
2116,self_attention,,view,"[[B, n_h, T, d_head]]",,,"[[n_h, T, d_head]]",[2115],30,self_attention,,1,transformer.h.30.self_attention,aten.view.default,[],prefill,True
2117,self_attention,,expand,"[[B, 1, d_head, T]]",,,"[[B, n_h, d_head, T]]",[2114],30,self_attention,,1,transformer.h.30.self_attention,aten.expand.default,[],prefill,True
2118,self_attention,,view,"[[B, n_h, d_head, T]]",,,"[[n_h, d_head, T]]",[2117],30,self_attention,,1,transformer.h.30.self_attention,aten.view.default,[],prefill,True
2119,self_attention,,batched_matmul,"[[n_h, T, d_head], [n_h, d_head, T]]",,,"[[n_h, T, T]]","[2116, 2118]",30,self_attention,,1,transformer.h.30.self_attention,aten.bmm.default,[],prefill,False
2120,self_attention,,_unsafe_view,"[[n_h, T, T]]",,,"[[B, n_h, T, T]]",[2119],30,self_attention,,1,transformer.h.30.self_attention,aten._unsafe_view.default,[],prefill,True
2121,self_attention,,div_,"[[B, n_h, T, T]]",,,"[[B, n_h, T, T]]",[2120],30,self_attention,,1,transformer.h.30.self_attention,aten.div_.Tensor,[],prefill,True
2122,self_attention,,elementwise_add,"[[B, n_h, T, T], [B, 1, T, T]]",,,"[[B, n_h, T, T]]","[21, 2121]",30,self_attention,,1,transformer.h.30.self_attention,aten.add.Tensor,[],prefill,False
2123,self_attention,,softmax,"[[B, n_h, T, T]]",,,"[[B, n_h, T, T]]",[2122],30,self_attention,,1,transformer.h.30.self_attention,aten._softmax.default,[],prefill,False
2124,self_attention,,expand,"[[B, n_h, T, T]]",,,"[[B, n_h, T, T]]",[2123],30,self_attention,,1,transformer.h.30.self_attention,aten.expand.default,[],prefill,True
2125,self_attention,,view,"[[B, n_h, T, T]]",,,"[[n_h, T, T]]",[2124],30,self_attention,,1,transformer.h.30.self_attention,aten.view.default,[],prefill,True
2126,self_attention,,expand,"[[B, 1, T, d_head]]",,,"[[B, n_h, T, d_head]]",[2113],30,self_attention,,1,transformer.h.30.self_attention,aten.expand.default,[],prefill,True
2127,self_attention,,view,"[[B, n_h, T, d_head]]",,,"[[n_h, T, d_head]]",[2126],30,self_attention,,1,transformer.h.30.self_attention,aten.view.default,[],prefill,True
2128,self_attention,,batched_matmul,"[[n_h, T, T], [n_h, T, d_head]]",,,"[[n_h, T, d_head]]","[2125, 2127]",30,self_attention,,1,transformer.h.30.self_attention,aten.bmm.default,[],prefill,False
2129,self_attention,,_unsafe_view,"[[n_h, T, d_head]]",,,"[[B, n_h, T, d_head]]",[2128],30,self_attention,,1,transformer.h.30.self_attention,aten._unsafe_view.default,[],prefill,True
2130,self_attention,,view,"[[B, n_h, T, d_head]]",,,"[[B, n_h, T, d_head]]",[2129],30,self_attention,,1,transformer.h.30.self_attention,aten.view.default,[],prefill,True
2131,self_attention,,permute,"[[B, n_h, T, d_head]]",,,"[[B, T, n_h, d_head]]",[2130],30,self_attention,,1,transformer.h.30.self_attention,aten.permute.default,[],prefill,True
2132,self_attention,,clone,"[[B, T, n_h, d_head]]",,,"[[B, T, n_h, d_head]]",[2131],30,self_attention,,1,transformer.h.30.self_attention,aten.clone.default,[],prefill,True
2133,self_attention,,_unsafe_view,"[[B, T, n_h, d_head]]",,,"[[B, T, n_h*d_head]]",[2132],30,self_attention,,1,transformer.h.30.self_attention,aten._unsafe_view.default,[],prefill,True
2134,self_attention,dense,permute,"[[d_model, n_h*d_head]]","[d_model, n_h*d_head]",0,"[[n_h*d_head, d_model]]",[],30,self_attention,dense,2,transformer.h.30.self_attention.dense,aten.permute.default,[transformer.h.30.self_attention.dense.weight],prefill,True
2135,self_attention,dense,view,"[[B, T, n_h*d_head]]",,,"[[T, n_h*d_head]]",[2133],30,self_attention,dense,2,transformer.h.30.self_attention.dense,aten.view.default,[],prefill,True
2136,self_attention,dense,matmul,"[[T, n_h*d_head], [n_h*d_head, d_model]]","[d_model, n_h*d_head]",1,"[[T, d_model]]","[2134, 2135]",30,self_attention,dense,2,transformer.h.30.self_attention.dense,aten.mm.default,[transformer.h.30.self_attention.dense.weight],prefill,False
2137,self_attention,dense,_unsafe_view,"[[T, d_model]]",,,"[[B, T, d_model]]",[2136],30,self_attention,dense,2,transformer.h.30.self_attention.dense,aten._unsafe_view.default,[],prefill,True
2138,mlp,dense_h_to_4h,permute,"[[d_ff, d_model]]","[d_ff, d_model]",0,"[[d_model, d_ff]]",[],30,mlp,dense_h_to_4h,2,transformer.h.30.mlp.dense_h_to_4h,aten.permute.default,[transformer.h.30.mlp.dense_h_to_4h.weight],prefill,True
2139,mlp,dense_h_to_4h,view,"[[B, T, d_model]]",,,"[[T, d_model]]",[2081],30,mlp,dense_h_to_4h,2,transformer.h.30.mlp.dense_h_to_4h,aten.view.default,[],prefill,True
2140,mlp,dense_h_to_4h,matmul,"[[T, d_model], [d_model, d_ff]]","[d_ff, d_model]",1,"[[T, d_ff]]","[2138, 2139]",30,mlp,dense_h_to_4h,2,transformer.h.30.mlp.dense_h_to_4h,aten.mm.default,[transformer.h.30.mlp.dense_h_to_4h.weight],prefill,False
2141,mlp,dense_h_to_4h,_unsafe_view,"[[T, d_ff]]",,,"[[B, T, d_ff]]",[2140],30,mlp,dense_h_to_4h,2,transformer.h.30.mlp.dense_h_to_4h,aten._unsafe_view.default,[],prefill,True
2142,mlp,act,gelu,"[[B, T, d_ff]]",,,"[[B, T, d_ff]]",[2141],30,mlp,act,2,transformer.h.30.mlp.act,aten.gelu.default,[],prefill,False
2143,mlp,dense_4h_to_h,permute,"[[d_model, d_ff]]","[d_model, d_ff]",0,"[[d_ff, d_model]]",[],30,mlp,dense_4h_to_h,2,transformer.h.30.mlp.dense_4h_to_h,aten.permute.default,[transformer.h.30.mlp.dense_4h_to_h.weight],prefill,True
2144,mlp,dense_4h_to_h,view,"[[B, T, d_ff]]",,,"[[T, d_ff]]",[2142],30,mlp,dense_4h_to_h,2,transformer.h.30.mlp.dense_4h_to_h,aten.view.default,[],prefill,True
2145,mlp,dense_4h_to_h,matmul,"[[T, d_ff], [d_ff, d_model]]","[d_model, d_ff]",1,"[[T, d_model]]","[2143, 2144]",30,mlp,dense_4h_to_h,2,transformer.h.30.mlp.dense_4h_to_h,aten.mm.default,[transformer.h.30.mlp.dense_4h_to_h.weight],prefill,False
2146,mlp,dense_4h_to_h,_unsafe_view,"[[T, d_model]]",,,"[[B, T, d_model]]",[2145],30,mlp,dense_4h_to_h,2,transformer.h.30.mlp.dense_4h_to_h,aten._unsafe_view.default,[],prefill,True
2147,,,add_,"[[B, T, d_model], [B, T, d_model]]",,,"[[B, T, d_model]]","[2137, 2146]",30,,,0,transformer.h.30,aten.add_.Tensor,[],prefill,True
2148,,,elementwise_add,"[[B, T, d_model], [B, T, d_model]]",,,"[[B, T, d_model]]","[2080, 2147]",30,,,0,transformer.h.30,aten.add.Tensor,[],prefill,False
2149,input_layernorm,,layernorm,"[[B, T, d_model], [d_model], [d_model]]",,,"[[B, T, d_model], [B, T, 1], [B, T, 1]]",[2148],31,input_layernorm,,1,transformer.h.31.input_layernorm,aten.native_layer_norm.default,"[transformer.h.31.input_layernorm.bias, transformer.h.31.input_layernorm.weight]",prefill,False
2150,self_attention,query_key_value,permute,"[[(n_h+2*n_kv)*d_head, d_model]]","[(n_h+2*n_kv)*d_head, d_model]",0,"[[d_model, (n_h+2*n_kv)*d_head]]",[],31,self_attention,query_key_value,2,transformer.h.31.self_attention.query_key_value,aten.permute.default,[transformer.h.31.self_attention.query_key_value.weight],prefill,True
2151,self_attention,query_key_value,view,"[[B, T, d_model]]",,,"[[T, d_model]]",[2149],31,self_attention,query_key_value,2,transformer.h.31.self_attention.query_key_value,aten.view.default,[],prefill,True
2152,self_attention,query_key_value,matmul,"[[T, d_model], [d_model, (n_h+2*n_kv)*d_head]]","[(n_h+2*n_kv)*d_head, d_model]",1,"[[T, (n_h+2*n_kv)*d_head]]","[2150, 2151]",31,self_attention,query_key_value,2,transformer.h.31.self_attention.query_key_value,aten.mm.default,[transformer.h.31.self_attention.query_key_value.weight],prefill,False
2153,self_attention,query_key_value,_unsafe_view,"[[T, (n_h+2*n_kv)*d_head]]",,,"[[B, T, (n_h+2*n_kv)*d_head]]",[2152],31,self_attention,query_key_value,2,transformer.h.31.self_attention.query_key_value,aten._unsafe_view.default,[],prefill,True
2154,self_attention,,view,"[[B, T, (n_h+2*n_kv)*d_head]]",,,"[[B, T, n_h+2*n_kv, d_head]]",[2153],31,self_attention,,1,transformer.h.31.self_attention,aten.view.default,[],prefill,True
2155,self_attention,,slice,"[[B, T, n_h+2*n_kv, d_head]]",,,"[[B, T, n_h, d_head]]",[2154],31,self_attention,,1,transformer.h.31.self_attention,aten.slice.Tensor,[],prefill,True
2156,self_attention,,index,"[[B, T, n_h+2*n_kv, d_head], [B]]",,,"[[B, T, 1, d_head]]",[2154],31,self_attention,,1,transformer.h.31.self_attention,aten.index.Tensor,[],prefill,True
2157,self_attention,,index,"[[B, T, n_h+2*n_kv, d_head], [B]]",,,"[[B, T, 1, d_head]]",[2154],31,self_attention,,1,transformer.h.31.self_attention,aten.index.Tensor,[],prefill,True
2158,self_attention,,transpose,"[[B, T, n_h, d_head]]",,,"[[B, n_h, T, d_head]]",[2155],31,self_attention,,1,transformer.h.31.self_attention,aten.transpose.int,[],prefill,True
2159,self_attention,,view,"[[B, n_h, T, d_head]]",,,"[[B, n_h, T, d_head]]",[2158],31,self_attention,,1,transformer.h.31.self_attention,aten.view.default,[],prefill,True
2160,self_attention,,transpose,"[[B, T, 1, d_head]]",,,"[[B, 1, T, d_head]]",[2156],31,self_attention,,1,transformer.h.31.self_attention,aten.transpose.int,[],prefill,True
2161,self_attention,,view,"[[B, 1, T, d_head]]",,,"[[B, 1, T, d_head]]",[2160],31,self_attention,,1,transformer.h.31.self_attention,aten.view.default,[],prefill,True
2162,self_attention,,transpose,"[[B, T, 1, d_head]]",,,"[[B, 1, T, d_head]]",[2157],31,self_attention,,1,transformer.h.31.self_attention,aten.transpose.int,[],prefill,True
2163,self_attention,,view,"[[B, 1, T, d_head]]",,,"[[B, 1, T, d_head]]",[2162],31,self_attention,,1,transformer.h.31.self_attention,aten.view.default,[],prefill,True
2164,self_attention,,unsqueeze,"[[B, T, d_head]]",,,"[[B, 1, T, d_head]]",[39],31,self_attention,,1,transformer.h.31.self_attention,aten.unsqueeze.default,[],prefill,True
2165,self_attention,,unsqueeze,"[[B, T, d_head]]",,,"[[B, 1, T, d_head]]",[40],31,self_attention,,1,transformer.h.31.self_attention,aten.unsqueeze.default,[],prefill,True
2166,self_attention,,elementwise_mul,"[[B, n_h, T, d_head], [B, 1, T, d_head]]",,,"[[B, n_h, T, d_head]]","[2159, 2164]",31,self_attention,,1,transformer.h.31.self_attention,aten.mul.Tensor,[],prefill,False
2167,self_attention,,slice,"[[B, n_h, T, d_head]]",,,"[[B, n_h, T, d_head/2]]",[2159],31,self_attention,,1,transformer.h.31.self_attention,aten.slice.Tensor,[],prefill,True
2168,self_attention,,slice,"[[B, n_h, T, d_head]]",,,"[[B, n_h, T, d_head/2]]",[2159],31,self_attention,,1,transformer.h.31.self_attention,aten.slice.Tensor,[],prefill,True
2169,self_attention,,neg,"[[B, n_h, T, d_head/2]]",,,"[[B, n_h, T, d_head/2]]",[2168],31,self_attention,,1,transformer.h.31.self_attention,aten.neg.default,[],prefill,False
2170,self_attention,,concat,"[[B, n_h, T, d_head/2], [B, n_h, T, d_head/2]]",,,"[[B, n_h, T, d_head]]","[2167, 2169]",31,self_attention,,1,transformer.h.31.self_attention,aten.cat.default,[],prefill,False
2171,self_attention,,elementwise_mul,"[[B, n_h, T, d_head], [B, 1, T, d_head]]",,,"[[B, n_h, T, d_head]]","[2165, 2170]",31,self_attention,,1,transformer.h.31.self_attention,aten.mul.Tensor,[],prefill,False
2172,self_attention,,elementwise_add,"[[B, n_h, T, d_head], [B, n_h, T, d_head]]",,,"[[B, n_h, T, d_head]]","[2166, 2171]",31,self_attention,,1,transformer.h.31.self_attention,aten.add.Tensor,[],prefill,False
2173,self_attention,,elementwise_mul,"[[B, 1, T, d_head], [B, 1, T, d_head]]",,,"[[B, 1, T, d_head]]","[2161, 2164]",31,self_attention,,1,transformer.h.31.self_attention,aten.mul.Tensor,[],prefill,False
2174,self_attention,,slice,"[[B, 1, T, d_head]]",,,"[[B, 1, T, d_head/2]]",[2161],31,self_attention,,1,transformer.h.31.self_attention,aten.slice.Tensor,[],prefill,True
2175,self_attention,,slice,"[[B, 1, T, d_head]]",,,"[[B, 1, T, d_head/2]]",[2161],31,self_attention,,1,transformer.h.31.self_attention,aten.slice.Tensor,[],prefill,True
2176,self_attention,,neg,"[[B, 1, T, d_head/2]]",,,"[[B, 1, T, d_head/2]]",[2175],31,self_attention,,1,transformer.h.31.self_attention,aten.neg.default,[],prefill,False
2177,self_attention,,concat,"[[B, 1, T, d_head/2], [B, 1, T, d_head/2]]",,,"[[B, 1, T, d_head]]","[2174, 2176]",31,self_attention,,1,transformer.h.31.self_attention,aten.cat.default,[],prefill,False
2178,self_attention,,elementwise_mul,"[[B, 1, T, d_head], [B, 1, T, d_head]]",,,"[[B, 1, T, d_head]]","[2165, 2177]",31,self_attention,,1,transformer.h.31.self_attention,aten.mul.Tensor,[],prefill,False
2179,self_attention,,elementwise_add,"[[B, 1, T, d_head], [B, 1, T, d_head]]",,,"[[B, 1, T, d_head]]","[2173, 2178]",31,self_attention,,1,transformer.h.31.self_attention,aten.add.Tensor,[],prefill,False
2180,self_attention,,concat,"[[0], [B, 1, T, d_head]]",,,"[[B, 1, T, d_head]]",[2179],31,self_attention,,1,transformer.h.31.self_attention,aten.cat.default,[],prefill,False
2181,self_attention,,concat,"[[0], [B, 1, T, d_head]]",,,"[[B, 1, T, d_head]]",[2163],31,self_attention,,1,transformer.h.31.self_attention,aten.cat.default,[],prefill,False
2182,self_attention,,transpose,"[[B, 1, T, d_head]]",,,"[[B, 1, d_head, T]]",[2180],31,self_attention,,1,transformer.h.31.self_attention,aten.transpose.int,[],prefill,True
2183,self_attention,,expand,"[[B, n_h, T, d_head]]",,,"[[B, n_h, T, d_head]]",[2172],31,self_attention,,1,transformer.h.31.self_attention,aten.expand.default,[],prefill,True
2184,self_attention,,view,"[[B, n_h, T, d_head]]",,,"[[n_h, T, d_head]]",[2183],31,self_attention,,1,transformer.h.31.self_attention,aten.view.default,[],prefill,True
2185,self_attention,,expand,"[[B, 1, d_head, T]]",,,"[[B, n_h, d_head, T]]",[2182],31,self_attention,,1,transformer.h.31.self_attention,aten.expand.default,[],prefill,True
2186,self_attention,,view,"[[B, n_h, d_head, T]]",,,"[[n_h, d_head, T]]",[2185],31,self_attention,,1,transformer.h.31.self_attention,aten.view.default,[],prefill,True
2187,self_attention,,batched_matmul,"[[n_h, T, d_head], [n_h, d_head, T]]",,,"[[n_h, T, T]]","[2184, 2186]",31,self_attention,,1,transformer.h.31.self_attention,aten.bmm.default,[],prefill,False
2188,self_attention,,_unsafe_view,"[[n_h, T, T]]",,,"[[B, n_h, T, T]]",[2187],31,self_attention,,1,transformer.h.31.self_attention,aten._unsafe_view.default,[],prefill,True
2189,self_attention,,div_,"[[B, n_h, T, T]]",,,"[[B, n_h, T, T]]",[2188],31,self_attention,,1,transformer.h.31.self_attention,aten.div_.Tensor,[],prefill,True
2190,self_attention,,elementwise_add,"[[B, n_h, T, T], [B, 1, T, T]]",,,"[[B, n_h, T, T]]","[21, 2189]",31,self_attention,,1,transformer.h.31.self_attention,aten.add.Tensor,[],prefill,False
2191,self_attention,,softmax,"[[B, n_h, T, T]]",,,"[[B, n_h, T, T]]",[2190],31,self_attention,,1,transformer.h.31.self_attention,aten._softmax.default,[],prefill,False
2192,self_attention,,expand,"[[B, n_h, T, T]]",,,"[[B, n_h, T, T]]",[2191],31,self_attention,,1,transformer.h.31.self_attention,aten.expand.default,[],prefill,True
2193,self_attention,,view,"[[B, n_h, T, T]]",,,"[[n_h, T, T]]",[2192],31,self_attention,,1,transformer.h.31.self_attention,aten.view.default,[],prefill,True
2194,self_attention,,expand,"[[B, 1, T, d_head]]",,,"[[B, n_h, T, d_head]]",[2181],31,self_attention,,1,transformer.h.31.self_attention,aten.expand.default,[],prefill,True
2195,self_attention,,view,"[[B, n_h, T, d_head]]",,,"[[n_h, T, d_head]]",[2194],31,self_attention,,1,transformer.h.31.self_attention,aten.view.default,[],prefill,True
2196,self_attention,,batched_matmul,"[[n_h, T, T], [n_h, T, d_head]]",,,"[[n_h, T, d_head]]","[2193, 2195]",31,self_attention,,1,transformer.h.31.self_attention,aten.bmm.default,[],prefill,False
2197,self_attention,,_unsafe_view,"[[n_h, T, d_head]]",,,"[[B, n_h, T, d_head]]",[2196],31,self_attention,,1,transformer.h.31.self_attention,aten._unsafe_view.default,[],prefill,True
2198,self_attention,,view,"[[B, n_h, T, d_head]]",,,"[[B, n_h, T, d_head]]",[2197],31,self_attention,,1,transformer.h.31.self_attention,aten.view.default,[],prefill,True
2199,self_attention,,permute,"[[B, n_h, T, d_head]]",,,"[[B, T, n_h, d_head]]",[2198],31,self_attention,,1,transformer.h.31.self_attention,aten.permute.default,[],prefill,True
2200,self_attention,,clone,"[[B, T, n_h, d_head]]",,,"[[B, T, n_h, d_head]]",[2199],31,self_attention,,1,transformer.h.31.self_attention,aten.clone.default,[],prefill,True
2201,self_attention,,_unsafe_view,"[[B, T, n_h, d_head]]",,,"[[B, T, n_h*d_head]]",[2200],31,self_attention,,1,transformer.h.31.self_attention,aten._unsafe_view.default,[],prefill,True
2202,self_attention,dense,permute,"[[d_model, n_h*d_head]]","[d_model, n_h*d_head]",0,"[[n_h*d_head, d_model]]",[],31,self_attention,dense,2,transformer.h.31.self_attention.dense,aten.permute.default,[transformer.h.31.self_attention.dense.weight],prefill,True
2203,self_attention,dense,view,"[[B, T, n_h*d_head]]",,,"[[T, n_h*d_head]]",[2201],31,self_attention,dense,2,transformer.h.31.self_attention.dense,aten.view.default,[],prefill,True
2204,self_attention,dense,matmul,"[[T, n_h*d_head], [n_h*d_head, d_model]]","[d_model, n_h*d_head]",1,"[[T, d_model]]","[2202, 2203]",31,self_attention,dense,2,transformer.h.31.self_attention.dense,aten.mm.default,[transformer.h.31.self_attention.dense.weight],prefill,False
2205,self_attention,dense,_unsafe_view,"[[T, d_model]]",,,"[[B, T, d_model]]",[2204],31,self_attention,dense,2,transformer.h.31.self_attention.dense,aten._unsafe_view.default,[],prefill,True
2206,mlp,dense_h_to_4h,permute,"[[d_ff, d_model]]","[d_ff, d_model]",0,"[[d_model, d_ff]]",[],31,mlp,dense_h_to_4h,2,transformer.h.31.mlp.dense_h_to_4h,aten.permute.default,[transformer.h.31.mlp.dense_h_to_4h.weight],prefill,True
2207,mlp,dense_h_to_4h,view,"[[B, T, d_model]]",,,"[[T, d_model]]",[2149],31,mlp,dense_h_to_4h,2,transformer.h.31.mlp.dense_h_to_4h,aten.view.default,[],prefill,True
2208,mlp,dense_h_to_4h,matmul,"[[T, d_model], [d_model, d_ff]]","[d_ff, d_model]",1,"[[T, d_ff]]","[2206, 2207]",31,mlp,dense_h_to_4h,2,transformer.h.31.mlp.dense_h_to_4h,aten.mm.default,[transformer.h.31.mlp.dense_h_to_4h.weight],prefill,False
2209,mlp,dense_h_to_4h,_unsafe_view,"[[T, d_ff]]",,,"[[B, T, d_ff]]",[2208],31,mlp,dense_h_to_4h,2,transformer.h.31.mlp.dense_h_to_4h,aten._unsafe_view.default,[],prefill,True
2210,mlp,act,gelu,"[[B, T, d_ff]]",,,"[[B, T, d_ff]]",[2209],31,mlp,act,2,transformer.h.31.mlp.act,aten.gelu.default,[],prefill,False
2211,mlp,dense_4h_to_h,permute,"[[d_model, d_ff]]","[d_model, d_ff]",0,"[[d_ff, d_model]]",[],31,mlp,dense_4h_to_h,2,transformer.h.31.mlp.dense_4h_to_h,aten.permute.default,[transformer.h.31.mlp.dense_4h_to_h.weight],prefill,True
2212,mlp,dense_4h_to_h,view,"[[B, T, d_ff]]",,,"[[T, d_ff]]",[2210],31,mlp,dense_4h_to_h,2,transformer.h.31.mlp.dense_4h_to_h,aten.view.default,[],prefill,True
2213,mlp,dense_4h_to_h,matmul,"[[T, d_ff], [d_ff, d_model]]","[d_model, d_ff]",1,"[[T, d_model]]","[2211, 2212]",31,mlp,dense_4h_to_h,2,transformer.h.31.mlp.dense_4h_to_h,aten.mm.default,[transformer.h.31.mlp.dense_4h_to_h.weight],prefill,False
2214,mlp,dense_4h_to_h,_unsafe_view,"[[T, d_model]]",,,"[[B, T, d_model]]",[2213],31,mlp,dense_4h_to_h,2,transformer.h.31.mlp.dense_4h_to_h,aten._unsafe_view.default,[],prefill,True
2215,,,add_,"[[B, T, d_model], [B, T, d_model]]",,,"[[B, T, d_model]]","[2205, 2214]",31,,,0,transformer.h.31,aten.add_.Tensor,[],prefill,True
2216,,,elementwise_add,"[[B, T, d_model], [B, T, d_model]]",,,"[[B, T, d_model]]","[2148, 2215]",31,,,0,transformer.h.31,aten.add.Tensor,[],prefill,False
2217,transformer,ln_f,layernorm,"[[B, T, d_model], [d_model], [d_model]]",,,"[[B, T, d_model], [B, T, 1], [B, T, 1]]",[2216],,other,,2,transformer.ln_f,aten.native_layer_norm.default,"[transformer.ln_f.bias, transformer.ln_f.weight]",prefill,False
2218,,,alias,"[[B, T, d_model]]",,,"[[B, T, d_model]]",[2217],,other,,0,,aten.alias.default,[],prefill,True
2219,lm_head,,t,"[[V, d_model]]","[V, d_model]",0,"[[d_model, V]]",[],,other,,1,lm_head,aten.t.default,[transformer.word_embeddings.weight],prefill,True
2220,lm_head,,view,"[[B, T, d_model]]",,,"[[T, d_model]]",[2218],,other,,1,lm_head,aten.view.default,[],prefill,True
2221,lm_head,,matmul,"[[T, d_model], [d_model, V]]","[V, d_model]",1,"[[T, V]]","[2219, 2220]",,other,,1,lm_head,aten.mm.default,[transformer.word_embeddings.weight],prefill,False
2222,lm_head,,_unsafe_view,"[[T, V]]",,,"[[B, T, V]]",[2221],,other,,1,lm_head,aten._unsafe_view.default,[],prefill,True
